outer_fold,method,rank,ridge_lambda,temperature,mean_balanced_accuracy,fold_scores
0,LRCM,1,1.0000000000000001e-05,0.050000000000000003,0.33211039891893218,0.38322280927544089|0.33321893432574551|0.31293284911705965|0.32250020109395106|0.30867720078246391
0,LRCM,1,1.0000000000000001e-05,0.10000000000000001,0.33211039891893218,0.38322280927544089|0.33321893432574551|0.31293284911705965|0.32250020109395106|0.30867720078246391
0,LRCM,1,1.0000000000000001e-05,0.20000000000000001,0.33211039891893218,0.38322280927544089|0.33321893432574551|0.31293284911705965|0.32250020109395106|0.30867720078246391
0,LRCM,1,1.0000000000000001e-05,0.5,0.33211039891893218,0.38322280927544089|0.33321893432574551|0.31293284911705965|0.32250020109395106|0.30867720078246391
0,LRCM,1,1.0000000000000001e-05,1,0.33211039891893218,0.38322280927544089|0.33321893432574551|0.31293284911705965|0.32250020109395106|0.30867720078246391
0,LRCM,1,1.0000000000000001e-05,2,0.33211039891893218,0.38322280927544089|0.33321893432574551|0.31293284911705965|0.32250020109395106|0.30867720078246391
0,LRCM,1,1.0000000000000001e-05,5,0.33211039891893218,0.38322280927544089|0.33321893432574551|0.31293284911705965|0.32250020109395106|0.30867720078246391
0,LRCM,1,0.0001,0.050000000000000003,0.33211039891893218,0.38322280927544089|0.33321893432574551|0.31293284911705965|0.32250020109395106|0.30867720078246391
0,LRCM,1,0.0001,0.10000000000000001,0.33211039891893218,0.38322280927544089|0.33321893432574551|0.31293284911705965|0.32250020109395106|0.30867720078246391
0,LRCM,1,0.0001,0.20000000000000001,0.33211039891893218,0.38322280927544089|0.33321893432574551|0.31293284911705965|0.32250020109395106|0.30867720078246391
0,LRCM,1,0.0001,0.5,0.33211039891893218,0.38322280927544089|0.33321893432574551|0.31293284911705965|0.32250020109395106|0.30867720078246391
0,LRCM,1,0.0001,1,0.33211039891893218,0.38322280927544089|0.33321893432574551|0.31293284911705965|0.32250020109395106|0.30867720078246391
0,LRCM,1,0.0001,2,0.33211039891893218,0.38322280927544089|0.33321893432574551|0.31293284911705965|0.32250020109395106|0.30867720078246391
0,LRCM,1,0.0001,5,0.33211039891893218,0.38322280927544089|0.33321893432574551|0.31293284911705965|0.32250020109395106|0.30867720078246391
0,LRCM,1,0.001,0.050000000000000003,0.3320903918989252,0.38185062882431303|0.33387682906258759|0.31416135034556086|0.32250020109395106|0.30806295016821328
0,LRCM,1,0.001,0.10000000000000001,0.3320903918989252,0.38185062882431303|0.33387682906258759|0.31416135034556086|0.32250020109395106|0.30806295016821328
0,LRCM,1,0.001,0.20000000000000001,0.3320903918989252,0.38185062882431303|0.33387682906258759|0.31416135034556086|0.32250020109395106|0.30806295016821328
0,LRCM,1,0.001,0.5,0.3320903918989252,0.38185062882431303|0.33387682906258759|0.31416135034556086|0.32250020109395106|0.30806295016821328
0,LRCM,1,0.001,1,0.3320903918989252,0.38185062882431303|0.33387682906258759|0.31416135034556086|0.32250020109395106|0.30806295016821328
0,LRCM,1,0.001,2,0.3320903918989252,0.38185062882431303|0.33387682906258759|0.31416135034556086|0.32250020109395106|0.30806295016821328
0,LRCM,1,0.001,5,0.3320903918989252,0.38185062882431303|0.33387682906258759|0.31416135034556086|0.32250020109395106|0.30806295016821328
0,LRCM,1,0.01,0.050000000000000003,0.33143835229951712,0.37987694461378674|0.33451694286059608|0.31474506803454178|0.32120219255910043|0.30685061342956077
0,LRCM,1,0.01,0.10000000000000001,0.33143835229951712,0.37987694461378674|0.33451694286059608|0.31474506803454178|0.32120219255910043|0.30685061342956077
0,LRCM,1,0.01,0.20000000000000001,0.33143835229951712,0.37987694461378674|0.33451694286059608|0.31474506803454178|0.32120219255910043|0.30685061342956077
0,LRCM,1,0.01,0.5,0.33143835229951712,0.37987694461378674|0.33451694286059608|0.31474506803454178|0.32120219255910043|0.30685061342956077
0,LRCM,1,0.01,1,0.33143835229951712,0.37987694461378674|0.33451694286059608|0.31474506803454178|0.32120219255910043|0.30685061342956077
0,LRCM,1,0.01,2,0.33143835229951712,0.37987694461378674|0.33451694286059608|0.31474506803454178|0.32120219255910043|0.30685061342956077
0,LRCM,1,0.01,5,0.33143835229951712,0.37987694461378674|0.33451694286059608|0.31474506803454178|0.32120219255910043|0.30685061342956077
0,LRCM,1,0.10000000000000001,0.050000000000000003,0.32899539498813873,0.37269138499401661|0.32779780831251421|0.30933355604408236|0.32532934602835917|0.30982487956172161
0,LRCM,1,0.10000000000000001,0.10000000000000001,0.32899539498813873,0.37269138499401661|0.32779780831251421|0.30933355604408236|0.32532934602835917|0.30982487956172161
0,LRCM,1,0.10000000000000001,0.20000000000000001,0.32899539498813873,0.37269138499401661|0.32779780831251421|0.30933355604408236|0.32532934602835917|0.30982487956172161
0,LRCM,1,0.10000000000000001,0.5,0.32899539498813873,0.37269138499401661|0.32779780831251421|0.30933355604408236|0.32532934602835917|0.30982487956172161
0,LRCM,1,0.10000000000000001,1,0.32899539498813873,0.37269138499401661|0.32779780831251421|0.30933355604408236|0.32532934602835917|0.30982487956172161
0,LRCM,1,0.10000000000000001,2,0.32899539498813873,0.37269138499401661|0.32779780831251421|0.30933355604408236|0.32532934602835917|0.30982487956172161
0,LRCM,1,0.10000000000000001,5,0.32899539498813873,0.37269138499401661|0.32779780831251421|0.30933355604408236|0.32532934602835917|0.30982487956172161
0,LRCM,1,1,0.050000000000000003,0.33053340565772837,0.38687176838492632|0.31846290009602707|0.30647154331364851|0.32347716489986222|0.31738365159417792
0,LRCM,1,1,0.10000000000000001,0.33053340565772837,0.38687176838492632|0.31846290009602707|0.30647154331364851|0.32347716489986222|0.31738365159417792
0,LRCM,1,1,0.20000000000000001,0.33053340565772837,0.38687176838492632|0.31846290009602707|0.30647154331364851|0.32347716489986222|0.31738365159417792
0,LRCM,1,1,0.5,0.33053340565772837,0.38687176838492632|0.31846290009602707|0.30647154331364851|0.32347716489986222|0.31738365159417792
0,LRCM,1,1,1,0.33053340565772837,0.38687176838492632|0.31846290009602707|0.30647154331364851|0.32347716489986222|0.31738365159417792
0,LRCM,1,1,2,0.33053340565772837,0.38687176838492632|0.31846290009602707|0.30647154331364851|0.32347716489986222|0.31738365159417792
0,LRCM,1,1,5,0.33053340565772837,0.38687176838492632|0.31846290009602707|0.30647154331364851|0.32347716489986222|0.31738365159417792
0,LRCM,1,10,0.050000000000000003,0.32606367789852697,0.38355915125651968|0.3157592095633891|0.30028593186487923|0.32123577877689719|0.30947831803094966
0,LRCM,1,10,0.10000000000000001,0.32606367789852697,0.38355915125651968|0.3157592095633891|0.30028593186487923|0.32123577877689719|0.30947831803094966
0,LRCM,1,10,0.20000000000000001,0.32606367789852697,0.38355915125651968|0.3157592095633891|0.30028593186487923|0.32123577877689719|0.30947831803094966
0,LRCM,1,10,0.5,0.32606367789852697,0.38355915125651968|0.3157592095633891|0.30028593186487923|0.32123577877689719|0.30947831803094966
0,LRCM,1,10,1,0.32606367789852697,0.38355915125651968|0.3157592095633891|0.30028593186487923|0.32123577877689719|0.30947831803094966
0,LRCM,1,10,2,0.32606367789852697,0.38355915125651968|0.3157592095633891|0.30028593186487923|0.32123577877689719|0.30947831803094966
0,LRCM,1,10,5,0.32606367789852697,0.38355915125651968|0.3157592095633891|0.30028593186487923|0.32123577877689719|0.30947831803094966
0,LRCM,1,100,0.050000000000000003,0.32755363077005872,0.38725462304409669|0.31709080431603653|0.29900714111240428|0.32320946298742348|0.31120612239033291
0,LRCM,1,100,0.10000000000000001,0.32755363077005872,0.38725462304409669|0.31709080431603653|0.29900714111240428|0.32320946298742348|0.31120612239033291
0,LRCM,1,100,0.20000000000000001,0.32755363077005872,0.38725462304409669|0.31709080431603653|0.29900714111240428|0.32320946298742348|0.31120612239033291
0,LRCM,1,100,0.5,0.32755363077005872,0.38725462304409669|0.31709080431603653|0.29900714111240428|0.32320946298742348|0.31120612239033291
0,LRCM,1,100,1,0.32755363077005872,0.38725462304409669|0.31709080431603653|0.29900714111240428|0.32320946298742348|0.31120612239033291
0,LRCM,1,100,2,0.32755363077005872,0.38725462304409669|0.31709080431603653|0.29900714111240428|0.32320946298742348|0.31120612239033291
0,LRCM,1,100,5,0.32755363077005872,0.38725462304409669|0.31709080431603653|0.29900714111240428|0.32320946298742348|0.31120612239033291
0,LRCM,2,1.0000000000000001e-05,0.050000000000000003,0.31719851630735918,0.32856936824042088|0.32752019157591911|0.32243307901202639|0.29454148109575745|0.31292846161267218
0,LRCM,2,1.0000000000000001e-05,0.10000000000000001,0.31719851630735918,0.32856936824042088|0.32752019157591911|0.32243307901202639|0.29454148109575745|0.31292846161267218
0,LRCM,2,1.0000000000000001e-05,0.20000000000000001,0.31719851630735918,0.32856936824042088|0.32752019157591911|0.32243307901202639|0.29454148109575745|0.31292846161267218
0,LRCM,2,1.0000000000000001e-05,0.5,0.31719851630735918,0.32856936824042088|0.32752019157591911|0.32243307901202639|0.29454148109575745|0.31292846161267218
0,LRCM,2,1.0000000000000001e-05,1,0.31719851630735918,0.32856936824042088|0.32752019157591911|0.32243307901202639|0.29454148109575745|0.31292846161267218
0,LRCM,2,1.0000000000000001e-05,2,0.31719851630735918,0.32856936824042088|0.32752019157591911|0.32243307901202639|0.29454148109575745|0.31292846161267218
0,LRCM,2,1.0000000000000001e-05,5,0.31719851630735918,0.32856936824042088|0.32752019157591911|0.32243307901202639|0.29454148109575745|0.31292846161267218
0,LRCM,2,0.0001,0.050000000000000003,0.31733009525472761,0.32856936824042088|0.32752019157591911|0.32243307901202639|0.29519937583259953|0.31292846161267218
0,LRCM,2,0.0001,0.10000000000000001,0.31733009525472761,0.32856936824042088|0.32752019157591911|0.32243307901202639|0.29519937583259953|0.31292846161267218
0,LRCM,2,0.0001,0.20000000000000001,0.31733009525472761,0.32856936824042088|0.32752019157591911|0.32243307901202639|0.29519937583259953|0.31292846161267218
0,LRCM,2,0.0001,0.5,0.31733009525472761,0.32856936824042088|0.32752019157591911|0.32243307901202639|0.29519937583259953|0.31292846161267218
0,LRCM,2,0.0001,1,0.31733009525472761,0.32856936824042088|0.32752019157591911|0.32243307901202639|0.29519937583259953|0.31292846161267218
0,LRCM,2,0.0001,2,0.31733009525472761,0.32856936824042088|0.32752019157591911|0.32243307901202639|0.29519937583259953|0.31292846161267218
0,LRCM,2,0.0001,5,0.31733009525472761,0.32856936824042088|0.32752019157591911|0.32243307901202639|0.29519937583259953|0.31292846161267218
0,LRCM,2,0.001,0.050000000000000003,0.31706693735999075,0.32791147350357874|0.32686229683907703|0.32243307901202639|0.29519937583259953|0.31292846161267218
0,LRCM,2,0.001,0.10000000000000001,0.31706693735999075,0.32791147350357874|0.32686229683907703|0.32243307901202639|0.29519937583259953|0.31292846161267218
0,LRCM,2,0.001,0.20000000000000001,0.31706693735999075,0.32791147350357874|0.32686229683907703|0.32243307901202639|0.29519937583259953|0.31292846161267218
0,LRCM,2,0.001,0.5,0.31706693735999075,0.32791147350357874|0.32686229683907703|0.32243307901202639|0.29519937583259953|0.31292846161267218
0,LRCM,2,0.001,1,0.31706693735999075,0.32791147350357874|0.32686229683907703|0.32243307901202639|0.29519937583259953|0.31292846161267218
0,LRCM,2,0.001,2,0.31706693735999075,0.32791147350357874|0.32686229683907703|0.32243307901202639|0.29519937583259953|0.31292846161267218
0,LRCM,2,0.001,5,0.31706693735999075,0.32791147350357874|0.32686229683907703|0.32243307901202639|0.29519937583259953|0.31292846161267218
0,LRCM,2,0.01,0.050000000000000003,0.31772939202244543,0.32856838041048564|0.32626384124062147|0.32306439214333954|0.29845229980920773|0.31229804650857279
0,LRCM,2,0.01,0.10000000000000001,0.31772939202244543,0.32856838041048564|0.32626384124062147|0.32306439214333954|0.29845229980920773|0.31229804650857279
0,LRCM,2,0.01,0.20000000000000001,0.31772939202244543,0.32856838041048564|0.32626384124062147|0.32306439214333954|0.29845229980920773|0.31229804650857279
0,LRCM,2,0.01,0.5,0.31772939202244543,0.32856838041048564|0.32626384124062147|0.32306439214333954|0.29845229980920773|0.31229804650857279
0,LRCM,2,0.01,1,0.31772939202244543,0.32856838041048564|0.32626384124062147|0.32306439214333954|0.29845229980920773|0.31229804650857279
0,LRCM,2,0.01,2,0.31772939202244543,0.32856838041048564|0.32626384124062147|0.32306439214333954|0.29845229980920773|0.31229804650857279
0,LRCM,2,0.01,5,0.31772939202244543,0.32856838041048564|0.32626384124062147|0.32306439214333954|0.29845229980920773|0.31229804650857279
0,LRCM,2,0.10000000000000001,0.050000000000000003,0.31801805594268828,0.33168975366343789|0.32551506614974113|0.31632469790364526|0.30367989582627741|0.31288086617033989
0,LRCM,2,0.10000000000000001,0.10000000000000001,0.31801805594268828,0.33168975366343789|0.32551506614974113|0.31632469790364526|0.30367989582627741|0.31288086617033989
0,LRCM,2,0.10000000000000001,0.20000000000000001,0.31801805594268828,0.33168975366343789|0.32551506614974113|0.31632469790364526|0.30367989582627741|0.31288086617033989
0,LRCM,2,0.10000000000000001,0.5,0.31801805594268828,0.33168975366343789|0.32551506614974113|0.31632469790364526|0.30367989582627741|0.31288086617033989
0,LRCM,2,0.10000000000000001,1,0.31801805594268828,0.33168975366343789|0.32551506614974113|0.31632469790364526|0.30367989582627741|0.31288086617033989
0,LRCM,2,0.10000000000000001,2,0.31801805594268828,0.33168975366343789|0.32551506614974113|0.31632469790364526|0.30367989582627741|0.31288086617033989
0,LRCM,2,0.10000000000000001,5,0.31801805594268828,0.33168975366343789|0.32551506614974113|0.31632469790364526|0.30367989582627741|0.31288086617033989
0,LRCM,2,1,0.050000000000000003,0.32403161358782484,0.34720593714014769|0.31819236751125296|0.31017051740735951|0.32114391059292374|0.32344533528744052
0,LRCM,2,1,0.10000000000000001,0.32403161358782484,0.34720593714014769|0.31819236751125296|0.31017051740735951|0.32114391059292374|0.32344533528744052
0,LRCM,2,1,0.20000000000000001,0.32403161358782484,0.34720593714014769|0.31819236751125296|0.31017051740735951|0.32114391059292374|0.32344533528744052
0,LRCM,2,1,0.5,0.32403161358782484,0.34720593714014769|0.31819236751125296|0.31017051740735951|0.32114391059292374|0.32344533528744052
0,LRCM,2,1,1,0.32403161358782484,0.34720593714014769|0.31819236751125296|0.31017051740735951|0.32114391059292374|0.32344533528744052
0,LRCM,2,1,2,0.32403161358782484,0.34720593714014769|0.31819236751125296|0.31017051740735951|0.32114391059292374|0.32344533528744052
0,LRCM,2,1,5,0.32403161358782484,0.34720593714014769|0.31819236751125296|0.31017051740735951|0.32114391059292374|0.32344533528744052
0,LRCM,2,10,0.050000000000000003,0.32487623550055822,0.36325125877757453|0.31650798465426949|0.31292746095377671|0.31922752051863895|0.31246695259853158
0,LRCM,2,10,0.10000000000000001,0.32487623550055822,0.36325125877757453|0.31650798465426949|0.31292746095377671|0.31922752051863895|0.31246695259853158
0,LRCM,2,10,0.20000000000000001,0.32487623550055822,0.36325125877757453|0.31650798465426949|0.31292746095377671|0.31922752051863895|0.31246695259853158
0,LRCM,2,10,0.5,0.32487623550055822,0.36325125877757453|0.31650798465426949|0.31292746095377671|0.31922752051863895|0.31246695259853158
0,LRCM,2,10,1,0.32487623550055822,0.36325125877757453|0.31650798465426949|0.31292746095377671|0.31922752051863895|0.31246695259853158
0,LRCM,2,10,2,0.32487623550055822,0.36325125877757453|0.31650798465426949|0.31292746095377671|0.31922752051863895|0.31246695259853158
0,LRCM,2,10,5,0.32487623550055822,0.36325125877757453|0.31650798465426949|0.31292746095377671|0.31922752051863895|0.31246695259853158
0,LRCM,2,100,0.050000000000000003,0.32764445724246416,0.38787596807333646|0.31641512864036081|0.30086695547221864|0.32185811163607214|0.31120612239033291
0,LRCM,2,100,0.10000000000000001,0.32764445724246416,0.38787596807333646|0.31641512864036081|0.30086695547221864|0.32185811163607214|0.31120612239033291
0,LRCM,2,100,0.20000000000000001,0.32764445724246416,0.38787596807333646|0.31641512864036081|0.30086695547221864|0.32185811163607214|0.31120612239033291
0,LRCM,2,100,0.5,0.32764445724246416,0.38787596807333646|0.31641512864036081|0.30086695547221864|0.32185811163607214|0.31120612239033291
0,LRCM,2,100,1,0.32764445724246416,0.38787596807333646|0.31641512864036081|0.30086695547221864|0.32185811163607214|0.31120612239033291
0,LRCM,2,100,2,0.32764445724246416,0.38787596807333646|0.31641512864036081|0.30086695547221864|0.32185811163607214|0.31120612239033291
0,LRCM,2,100,5,0.32764445724246416,0.38787596807333646|0.31641512864036081|0.30086695547221864|0.32185811163607214|0.31120612239033291
0,LRCM,3,1.0000000000000001e-05,0.050000000000000003,0.31890554481469724,0.33278345074397703|0.32570285843118663|0.31963033607770447|0.3055813837803969|0.3108296950402214
0,LRCM,3,1.0000000000000001e-05,0.10000000000000001,0.31890554481469724,0.33278345074397703|0.32570285843118663|0.31963033607770447|0.3055813837803969|0.3108296950402214
0,LRCM,3,1.0000000000000001e-05,0.20000000000000001,0.31890554481469724,0.33278345074397703|0.32570285843118663|0.31963033607770447|0.3055813837803969|0.3108296950402214
0,LRCM,3,1.0000000000000001e-05,0.5,0.31890554481469724,0.33278345074397703|0.32570285843118663|0.31963033607770447|0.3055813837803969|0.3108296950402214
0,LRCM,3,1.0000000000000001e-05,1,0.31890554481469724,0.33278345074397703|0.32570285843118663|0.31963033607770447|0.3055813837803969|0.3108296950402214
0,LRCM,3,1.0000000000000001e-05,2,0.31890554481469724,0.33278345074397703|0.32570285843118663|0.31963033607770447|0.3055813837803969|0.3108296950402214
0,LRCM,3,1.0000000000000001e-05,5,0.31890554481469724,0.33278345074397703|0.32570285843118663|0.31963033607770447|0.3055813837803969|0.3108296950402214
0,LRCM,3,0.0001,0.050000000000000003,0.31877928218843465,0.33278345074397703|0.32570285843118663|0.31963033607770447|0.3055813837803969|0.31019838190890825
0,LRCM,3,0.0001,0.10000000000000001,0.31877928218843465,0.33278345074397703|0.32570285843118663|0.31963033607770447|0.3055813837803969|0.31019838190890825
0,LRCM,3,0.0001,0.20000000000000001,0.31877928218843465,0.33278345074397703|0.32570285843118663|0.31963033607770447|0.3055813837803969|0.31019838190890825
0,LRCM,3,0.0001,0.5,0.31877928218843465,0.33278345074397703|0.32570285843118663|0.31963033607770447|0.3055813837803969|0.31019838190890825
0,LRCM,3,0.0001,1,0.31877928218843465,0.33278345074397703|0.32570285843118663|0.31963033607770447|0.3055813837803969|0.31019838190890825
0,LRCM,3,0.0001,2,0.31877928218843465,0.33278345074397703|0.32570285843118663|0.31963033607770447|0.3055813837803969|0.31019838190890825
0,LRCM,3,0.0001,5,0.31877928218843465,0.33278345074397703|0.32570285843118663|0.31963033607770447|0.3055813837803969|0.31019838190890825
0,LRCM,3,0.001,0.050000000000000003,0.31944215199604131,0.33276566980514355|0.32899134428546195|0.31840183484920331|0.30623927851723903|0.31081263252315888
0,LRCM,3,0.001,0.10000000000000001,0.31944215199604131,0.33276566980514355|0.32899134428546195|0.31840183484920331|0.30623927851723903|0.31081263252315888
0,LRCM,3,0.001,0.20000000000000001,0.31944215199604131,0.33276566980514355|0.32899134428546195|0.31840183484920331|0.30623927851723903|0.31081263252315888
0,LRCM,3,0.001,0.5,0.31944215199604131,0.33276566980514355|0.32899134428546195|0.31840183484920331|0.30623927851723903|0.31081263252315888
0,LRCM,3,0.001,1,0.31944215199604131,0.33276566980514355|0.32899134428546195|0.31840183484920331|0.30623927851723903|0.31081263252315888
0,LRCM,3,0.001,2,0.31944215199604131,0.33276566980514355|0.32899134428546195|0.31840183484920331|0.30623927851723903|0.31081263252315888
0,LRCM,3,0.001,5,0.31944215199604131,0.33276566980514355|0.32899134428546195|0.31840183484920331|0.30623927851723903|0.31081263252315888
0,LRCM,3,0.01,0.050000000000000003,0.32101489887141976,0.3340992402176613|0.33968889333827412|0.31664080348290874|0.30753728705208971|0.307108270266165
0,LRCM,3,0.01,0.10000000000000001,0.32101489887141976,0.3340992402176613|0.33968889333827412|0.31664080348290874|0.30753728705208971|0.307108270266165
0,LRCM,3,0.01,0.20000000000000001,0.32101489887141976,0.3340992402176613|0.33968889333827412|0.31664080348290874|0.30753728705208971|0.307108270266165
0,LRCM,3,0.01,0.5,0.32101489887141976,0.3340992402176613|0.33968889333827412|0.31664080348290874|0.30753728705208971|0.307108270266165
0,LRCM,3,0.01,1,0.32101489887141976,0.3340992402176613|0.33968889333827412|0.31664080348290874|0.30753728705208971|0.307108270266165
0,LRCM,3,0.01,2,0.32101489887141976,0.3340992402176613|0.33968889333827412|0.31664080348290874|0.30753728705208971|0.307108270266165
0,LRCM,3,0.01,5,0.32101489887141976,0.3340992402176613|0.33968889333827412|0.31664080348290874|0.30753728705208971|0.307108270266165
0,LRCM,3,0.10000000000000001,0.050000000000000003,0.3244864596324542,0.3414626092257671|0.34074553268438718|0.31321931979826717|0.31011255969315171|0.31689227676069781
0,LRCM,3,0.10000000000000001,0.10000000000000001,0.3244864596324542,0.3414626092257671|0.34074553268438718|0.31321931979826717|0.31011255969315171|0.31689227676069781
0,LRCM,3,0.10000000000000001,0.20000000000000001,0.3244864596324542,0.3414626092257671|0.34074553268438718|0.31321931979826717|0.31011255969315171|0.31689227676069781
0,LRCM,3,0.10000000000000001,0.5,0.3244864596324542,0.3414626092257671|0.34074553268438718|0.31321931979826717|0.31011255969315171|0.31689227676069781
0,LRCM,3,0.10000000000000001,1,0.3244864596324542,0.3414626092257671|0.34074553268438718|0.31321931979826717|0.31011255969315171|0.31689227676069781
0,LRCM,3,0.10000000000000001,2,0.3244864596324542,0.3414626092257671|0.34074553268438718|0.31321931979826717|0.31011255969315171|0.31689227676069781
0,LRCM,3,0.10000000000000001,5,0.3244864596324542,0.3414626092257671|0.34074553268438718|0.31321931979826717|0.31011255969315171|0.31689227676069781
0,LRCM,3,1,0.050000000000000003,0.32890704426356515,0.35825958477274272|0.32747025552753106|0.30739471528945211|0.32555053526270628|0.32586013046539369
0,LRCM,3,1,0.10000000000000001,0.32890704426356515,0.35825958477274272|0.32747025552753106|0.30739471528945211|0.32555053526270628|0.32586013046539369
0,LRCM,3,1,0.20000000000000001,0.32890704426356515,0.35825958477274272|0.32747025552753106|0.30739471528945211|0.32555053526270628|0.32586013046539369
0,LRCM,3,1,0.5,0.32890704426356515,0.35825958477274272|0.32747025552753106|0.30739471528945211|0.32555053526270628|0.32586013046539369
0,LRCM,3,1,1,0.32890704426356515,0.35825958477274272|0.32747025552753106|0.30739471528945211|0.32555053526270628|0.32586013046539369
0,LRCM,3,1,2,0.32890704426356515,0.35825958477274272|0.32747025552753106|0.30739471528945211|0.32555053526270628|0.32586013046539369
0,LRCM,3,1,5,0.32890704426356515,0.35825958477274272|0.32747025552753106|0.30739471528945211|0.32555053526270628|0.32586013046539369
0,LRCM,3,10,0.050000000000000003,0.32720947082063567,0.36727271444376713|0.32193520698938655|0.31425384714858401|0.31845997665898984|0.31412560886245094
0,LRCM,3,10,0.10000000000000001,0.32720947082063567,0.36727271444376713|0.32193520698938655|0.31425384714858401|0.31845997665898984|0.31412560886245094
0,LRCM,3,10,0.20000000000000001,0.32720947082063567,0.36727271444376713|0.32193520698938655|0.31425384714858401|0.31845997665898984|0.31412560886245094
0,LRCM,3,10,0.5,0.32720947082063567,0.36727271444376713|0.32193520698938655|0.31425384714858401|0.31845997665898984|0.31412560886245094
0,LRCM,3,10,1,0.32720947082063567,0.36727271444376713|0.32193520698938655|0.31425384714858401|0.31845997665898984|0.31412560886245094
0,LRCM,3,10,2,0.32720947082063567,0.36727271444376713|0.32193520698938655|0.31425384714858401|0.31845997665898984|0.31412560886245094
0,LRCM,3,10,5,0.32720947082063567,0.36727271444376713|0.32193520698938655|0.31425384714858401|0.31845997665898984|0.31412560886245094
0,LRCM,3,100,0.050000000000000003,0.32842200512527525,0.3892273194246878|0.3177664799917122|0.30212958173484494|0.32118243596039653|0.31180420851473484
0,LRCM,3,100,0.10000000000000001,0.32842200512527525,0.3892273194246878|0.3177664799917122|0.30212958173484494|0.32118243596039653|0.31180420851473484
0,LRCM,3,100,0.20000000000000001,0.32842200512527525,0.3892273194246878|0.3177664799917122|0.30212958173484494|0.32118243596039653|0.31180420851473484
0,LRCM,3,100,0.5,0.32842200512527525,0.3892273194246878|0.3177664799917122|0.30212958173484494|0.32118243596039653|0.31180420851473484
0,LRCM,3,100,1,0.32842200512527525,0.3892273194246878|0.3177664799917122|0.30212958173484494|0.32118243596039653|0.31180420851473484
0,LRCM,3,100,2,0.32842200512527525,0.3892273194246878|0.3177664799917122|0.30212958173484494|0.32118243596039653|0.31180420851473484
0,LRCM,3,100,5,0.32842200512527525,0.3892273194246878|0.3177664799917122|0.30212958173484494|0.32118243596039653|0.31180420851473484
0,LRCM,5,1.0000000000000001e-05,0.050000000000000003,0.32168018604754284,0.34988304093567252|0.33728224907791471|0.30684242855295485|0.29889377511910409|0.31549943655206808
0,LRCM,5,1.0000000000000001e-05,0.10000000000000001,0.32168018604754284,0.34988304093567252|0.33728224907791471|0.30684242855295485|0.29889377511910409|0.31549943655206808
0,LRCM,5,1.0000000000000001e-05,0.20000000000000001,0.32168018604754284,0.34988304093567252|0.33728224907791471|0.30684242855295485|0.29889377511910409|0.31549943655206808
0,LRCM,5,1.0000000000000001e-05,0.5,0.32168018604754284,0.34988304093567252|0.33728224907791471|0.30684242855295485|0.29889377511910409|0.31549943655206808
0,LRCM,5,1.0000000000000001e-05,1,0.32168018604754284,0.34988304093567252|0.33728224907791471|0.30684242855295485|0.29889377511910409|0.31549943655206808
0,LRCM,5,1.0000000000000001e-05,2,0.32168018604754284,0.34988304093567252|0.33728224907791471|0.30684242855295485|0.29889377511910409|0.31549943655206808
0,LRCM,5,1.0000000000000001e-05,5,0.32168018604754284,0.34988304093567252|0.33728224907791471|0.30684242855295485|0.29889377511910409|0.31549943655206808
0,LRCM,5,0.0001,0.050000000000000003,0.32168018604754284,0.34988304093567252|0.33728224907791471|0.30684242855295485|0.29889377511910409|0.31549943655206808
0,LRCM,5,0.0001,0.10000000000000001,0.32168018604754284,0.34988304093567252|0.33728224907791471|0.30684242855295485|0.29889377511910409|0.31549943655206808
0,LRCM,5,0.0001,0.20000000000000001,0.32168018604754284,0.34988304093567252|0.33728224907791471|0.30684242855295485|0.29889377511910409|0.31549943655206808
0,LRCM,5,0.0001,0.5,0.32168018604754284,0.34988304093567252|0.33728224907791471|0.30684242855295485|0.29889377511910409|0.31549943655206808
0,LRCM,5,0.0001,1,0.32168018604754284,0.34988304093567252|0.33728224907791471|0.30684242855295485|0.29889377511910409|0.31549943655206808
0,LRCM,5,0.0001,2,0.32168018604754284,0.34988304093567252|0.33728224907791471|0.30684242855295485|0.29889377511910409|0.31549943655206808
0,LRCM,5,0.0001,5,0.32168018604754284,0.34988304093567252|0.33728224907791471|0.30684242855295485|0.29889377511910409|0.31549943655206808
0,LRCM,5,0.001,0.050000000000000003,0.32193138221979162,0.34988304093567252|0.33794014381475679|0.30744051467735672|0.29889377511910409|0.31549943655206808
0,LRCM,5,0.001,0.10000000000000001,0.32193138221979162,0.34988304093567252|0.33794014381475679|0.30744051467735672|0.29889377511910409|0.31549943655206808
0,LRCM,5,0.001,0.20000000000000001,0.32193138221979162,0.34988304093567252|0.33794014381475679|0.30744051467735672|0.29889377511910409|0.31549943655206808
0,LRCM,5,0.001,0.5,0.32193138221979162,0.34988304093567252|0.33794014381475679|0.30744051467735672|0.29889377511910409|0.31549943655206808
0,LRCM,5,0.001,1,0.32193138221979162,0.34988304093567252|0.33794014381475679|0.30744051467735672|0.29889377511910409|0.31549943655206808
0,LRCM,5,0.001,2,0.32193138221979162,0.34988304093567252|0.33794014381475679|0.30744051467735672|0.29889377511910409|0.31549943655206808
0,LRCM,5,0.001,5,0.32193138221979162,0.34988304093567252|0.33794014381475679|0.30744051467735672|0.29889377511910409|0.31549943655206808
0,LRCM,5,0.01,0.050000000000000003,0.32078515927093709,0.34924292713766397|0.33786597189847961|0.30621201344885551|0.29761453535302224|0.3129903485166643
0,LRCM,5,0.01,0.10000000000000001,0.32078515927093709,0.34924292713766397|0.33786597189847961|0.30621201344885551|0.29761453535302224|0.3129903485166643
0,LRCM,5,0.01,0.20000000000000001,0.32078515927093709,0.34924292713766397|0.33786597189847961|0.30621201344885551|0.29761453535302224|0.3129903485166643
0,LRCM,5,0.01,0.5,0.32078515927093709,0.34924292713766397|0.33786597189847961|0.30621201344885551|0.29761453535302224|0.3129903485166643
0,LRCM,5,0.01,1,0.32078515927093709,0.34924292713766397|0.33786597189847961|0.30621201344885551|0.29761453535302224|0.3129903485166643
0,LRCM,5,0.01,2,0.32078515927093709,0.34924292713766397|0.33786597189847961|0.30621201344885551|0.29761453535302224|0.3129903485166643
0,LRCM,5,0.01,5,0.32078515927093709,0.34924292713766397|0.33786597189847961|0.30621201344885551|0.29761453535302224|0.3129903485166643
0,LRCM,5,0.10000000000000001,0.050000000000000003,0.32758708782286561,0.35453967125019753|0.34097162454360597|0.31665876402718501|0.30344273197069255|0.32232264732264732
0,LRCM,5,0.10000000000000001,0.10000000000000001,0.32758708782286561,0.35453967125019753|0.34097162454360597|0.31665876402718501|0.30344273197069255|0.32232264732264732
0,LRCM,5,0.10000000000000001,0.20000000000000001,0.32758708782286561,0.35453967125019753|0.34097162454360597|0.31665876402718501|0.30344273197069255|0.32232264732264732
0,LRCM,5,0.10000000000000001,0.5,0.32758708782286561,0.35453967125019753|0.34097162454360597|0.31665876402718501|0.30344273197069255|0.32232264732264732
0,LRCM,5,0.10000000000000001,1,0.32758708782286561,0.35453967125019753|0.34097162454360597|0.31665876402718501|0.30344273197069255|0.32232264732264732
0,LRCM,5,0.10000000000000001,2,0.32758708782286561,0.35453967125019753|0.34097162454360597|0.31665876402718501|0.30344273197069255|0.32232264732264732
0,LRCM,5,0.10000000000000001,5,0.32758708782286561,0.35453967125019753|0.34097162454360597|0.31665876402718501|0.30344273197069255|0.32232264732264732
0,LRCM,5,1,0.050000000000000003,0.32925750253817204,0.35701683826683828|0.32979213733857693|0.31851319022371649|0.3142449063254984|0.32672044053623001
0,LRCM,5,1,0.10000000000000001,0.32925750253817204,0.35701683826683828|0.32979213733857693|0.31851319022371649|0.3142449063254984|0.32672044053623001
0,LRCM,5,1,0.20000000000000001,0.32925750253817204,0.35701683826683828|0.32979213733857693|0.31851319022371649|0.3142449063254984|0.32672044053623001
0,LRCM,5,1,0.5,0.32925750253817204,0.35701683826683828|0.32979213733857693|0.31851319022371649|0.3142449063254984|0.32672044053623001
0,LRCM,5,1,1,0.32925750253817204,0.35701683826683828|0.32979213733857693|0.31851319022371649|0.3142449063254984|0.32672044053623001
0,LRCM,5,1,2,0.32925750253817204,0.35701683826683828|0.32979213733857693|0.31851319022371649|0.3142449063254984|0.32672044053623001
0,LRCM,5,1,5,0.32925750253817204,0.35701683826683828|0.32979213733857693|0.31851319022371649|0.3142449063254984|0.32672044053623001
0,LRCM,5,10,0.050000000000000003,0.32746858016720637,0.36446036261825737|0.3261357819562154|0.31173128870497296|0.31910009045699839|0.31591537709958761
0,LRCM,5,10,0.10000000000000001,0.32746858016720637,0.36446036261825737|0.3261357819562154|0.31173128870497296|0.31910009045699839|0.31591537709958761
0,LRCM,5,10,0.20000000000000001,0.32746858016720637,0.36446036261825737|0.3261357819562154|0.31173128870497296|0.31910009045699839|0.31591537709958761
0,LRCM,5,10,0.5,0.32746858016720637,0.36446036261825737|0.3261357819562154|0.31173128870497296|0.31910009045699839|0.31591537709958761
0,LRCM,5,10,1,0.32746858016720637,0.36446036261825737|0.3261357819562154|0.31173128870497296|0.31910009045699839|0.31591537709958761
0,LRCM,5,10,2,0.32746858016720637,0.36446036261825737|0.3261357819562154|0.31173128870497296|0.31910009045699839|0.31591537709958761
0,LRCM,5,10,5,0.32746858016720637,0.36446036261825737|0.3261357819562154|0.31173128870497296|0.31910009045699839|0.31591537709958761
0,LRCM,5,100,0.050000000000000003,0.32800444043139476,0.38783843053579897|0.31780302969931451|0.30212958173484494|0.31984886554787872|0.31240229463913677
0,LRCM,5,100,0.10000000000000001,0.32800444043139476,0.38783843053579897|0.31780302969931451|0.30212958173484494|0.31984886554787872|0.31240229463913677
0,LRCM,5,100,0.20000000000000001,0.32800444043139476,0.38783843053579897|0.31780302969931451|0.30212958173484494|0.31984886554787872|0.31240229463913677
0,LRCM,5,100,0.5,0.32800444043139476,0.38783843053579897|0.31780302969931451|0.30212958173484494|0.31984886554787872|0.31240229463913677
0,LRCM,5,100,1,0.32800444043139476,0.38783843053579897|0.31780302969931451|0.30212958173484494|0.31984886554787872|0.31240229463913677
0,LRCM,5,100,2,0.32800444043139476,0.38783843053579897|0.31780302969931451|0.30212958173484494|0.31984886554787872|0.31240229463913677
0,LRCM,5,100,5,0.32800444043139476,0.38783843053579897|0.31780302969931451|0.30212958173484494|0.31984886554787872|0.31240229463913677
0,LRCM,8,1.0000000000000001e-05,0.050000000000000003,0.32442763326935153,0.34913327801485694|0.33880899087942434|0.31436610055031106|0.30111183081577819|0.31871796608638719
0,LRCM,8,1.0000000000000001e-05,0.10000000000000001,0.32442763326935153,0.34913327801485694|0.33880899087942434|0.31436610055031106|0.30111183081577819|0.31871796608638719
0,LRCM,8,1.0000000000000001e-05,0.20000000000000001,0.32442763326935153,0.34913327801485694|0.33880899087942434|0.31436610055031106|0.30111183081577819|0.31871796608638719
0,LRCM,8,1.0000000000000001e-05,0.5,0.32442763326935153,0.34913327801485694|0.33880899087942434|0.31436610055031106|0.30111183081577819|0.31871796608638719
0,LRCM,8,1.0000000000000001e-05,1,0.32442763326935153,0.34913327801485694|0.33880899087942434|0.31436610055031106|0.30111183081577819|0.31871796608638719
0,LRCM,8,1.0000000000000001e-05,2,0.32442763326935153,0.34913327801485694|0.33880899087942434|0.31436610055031106|0.30111183081577819|0.31871796608638719
0,LRCM,8,1.0000000000000001e-05,5,0.32442763326935153,0.34913327801485694|0.33880899087942434|0.31436610055031106|0.30111183081577819|0.31871796608638719
0,LRCM,8,0.0001,0.050000000000000003,0.32455921221672002,0.34913327801485694|0.33946688561626648|0.31436610055031106|0.30111183081577819|0.31871796608638719
0,LRCM,8,0.0001,0.10000000000000001,0.32455921221672002,0.34913327801485694|0.33946688561626648|0.31436610055031106|0.30111183081577819|0.31871796608638719
0,LRCM,8,0.0001,0.20000000000000001,0.32455921221672002,0.34913327801485694|0.33946688561626648|0.31436610055031106|0.30111183081577819|0.31871796608638719
0,LRCM,8,0.0001,0.5,0.32455921221672002,0.34913327801485694|0.33946688561626648|0.31436610055031106|0.30111183081577819|0.31871796608638719
0,LRCM,8,0.0001,1,0.32455921221672002,0.34913327801485694|0.33946688561626648|0.31436610055031106|0.30111183081577819|0.31871796608638719
0,LRCM,8,0.0001,2,0.32455921221672002,0.34913327801485694|0.33946688561626648|0.31436610055031106|0.30111183081577819|0.31871796608638719
0,LRCM,8,0.0001,5,0.32455921221672002,0.34913327801485694|0.33946688561626648|0.31436610055031106|0.30111183081577819|0.31871796608638719
0,LRCM,8,0.001,0.050000000000000003,0.32443584123808583,0.3484388335704125|0.34014256129194209|0.31436610055031106|0.30111183081577819|0.31811987996198526
0,LRCM,8,0.001,0.10000000000000001,0.32443584123808583,0.3484388335704125|0.34014256129194209|0.31436610055031106|0.30111183081577819|0.31811987996198526
0,LRCM,8,0.001,0.20000000000000001,0.32443584123808583,0.3484388335704125|0.34014256129194209|0.31436610055031106|0.30111183081577819|0.31811987996198526
0,LRCM,8,0.001,0.5,0.32443584123808583,0.3484388335704125|0.34014256129194209|0.31436610055031106|0.30111183081577819|0.31811987996198526
0,LRCM,8,0.001,1,0.32443584123808583,0.3484388335704125|0.34014256129194209|0.31436610055031106|0.30111183081577819|0.31811987996198526
0,LRCM,8,0.001,2,0.32443584123808583,0.3484388335704125|0.34014256129194209|0.31436610055031106|0.30111183081577819|0.31811987996198526
0,LRCM,8,0.001,5,0.32443584123808583,0.3484388335704125|0.34014256129194209|0.31436610055031106|0.30111183081577819|0.31811987996198526
0,LRCM,8,0.01,0.050000000000000003,0.32561611629219989,0.34979117275169908|0.34341855400291932|0.31436699857752487|0.30176972555262022|0.3187341305762359
0,LRCM,8,0.01,0.10000000000000001,0.32561611629219989,0.34979117275169908|0.34341855400291932|0.31436699857752487|0.30176972555262022|0.3187341305762359
0,LRCM,8,0.01,0.20000000000000001,0.32561611629219989,0.34979117275169908|0.34341855400291932|0.31436699857752487|0.30176972555262022|0.3187341305762359
0,LRCM,8,0.01,0.5,0.32561611629219989,0.34979117275169908|0.34341855400291932|0.31436699857752487|0.30176972555262022|0.3187341305762359
0,LRCM,8,0.01,1,0.32561611629219989,0.34979117275169908|0.34341855400291932|0.31436699857752487|0.30176972555262022|0.3187341305762359
0,LRCM,8,0.01,2,0.32561611629219989,0.34979117275169908|0.34341855400291932|0.31436699857752487|0.30176972555262022|0.3187341305762359
0,LRCM,8,0.01,5,0.32561611629219989,0.34979117275169908|0.34341855400291932|0.31436699857752487|0.30176972555262022|0.3187341305762359
0,LRCM,8,0.10000000000000001,0.050000000000000003,0.32827854934162987,0.35370207613628668|0.3466253139472954|0.31378866905182695|0.30432721725484885|0.3229494703178914
0,LRCM,8,0.10000000000000001,0.10000000000000001,0.32827854934162987,0.35370207613628668|0.3466253139472954|0.31378866905182695|0.30432721725484885|0.3229494703178914
0,LRCM,8,0.10000000000000001,0.20000000000000001,0.32827854934162987,0.35370207613628668|0.3466253139472954|0.31378866905182695|0.30432721725484885|0.3229494703178914
0,LRCM,8,0.10000000000000001,0.5,0.32827854934162987,0.35370207613628668|0.3466253139472954|0.31378866905182695|0.30432721725484885|0.3229494703178914
0,LRCM,8,0.10000000000000001,1,0.32827854934162987,0.35370207613628668|0.3466253139472954|0.31378866905182695|0.30432721725484885|0.3229494703178914
0,LRCM,8,0.10000000000000001,2,0.32827854934162987,0.35370207613628668|0.3466253139472954|0.31378866905182695|0.30432721725484885|0.3229494703178914
0,LRCM,8,0.10000000000000001,5,0.32827854934162987,0.35370207613628668|0.3466253139472954|0.31378866905182695|0.30432721725484885|0.3229494703178914
0,LRCM,8,1,0.050000000000000003,0.32962124050717317,0.35555682562261509|0.33855904334232506|0.30937306924149027|0.31367789194269458|0.33093937238674082
0,LRCM,8,1,0.10000000000000001,0.32962124050717317,0.35555682562261509|0.33855904334232506|0.30937306924149027|0.31367789194269458|0.33093937238674082
0,LRCM,8,1,0.20000000000000001,0.32962124050717317,0.35555682562261509|0.33855904334232506|0.30937306924149027|0.31367789194269458|0.33093937238674082
0,LRCM,8,1,0.5,0.32962124050717317,0.35555682562261509|0.33855904334232506|0.30937306924149027|0.31367789194269458|0.33093937238674082
0,LRCM,8,1,1,0.32962124050717317,0.35555682562261509|0.33855904334232506|0.30937306924149027|0.31367789194269458|0.33093937238674082
0,LRCM,8,1,2,0.32962124050717317,0.35555682562261509|0.33855904334232506|0.30937306924149027|0.31367789194269458|0.33093937238674082
0,LRCM,8,1,5,0.32962124050717317,0.35555682562261509|0.33855904334232506|0.30937306924149027|0.31367789194269458|0.33093937238674082
0,LRCM,8,10,0.050000000000000003,0.32798929124054899,0.36447913138702615|0.32356059398629056|0.31295978993347418|0.32178600005080271|0.3171609408451514
0,LRCM,8,10,0.10000000000000001,0.32798929124054899,0.36447913138702615|0.32356059398629056|0.31295978993347418|0.32178600005080271|0.3171609408451514
0,LRCM,8,10,0.20000000000000001,0.32798929124054899,0.36447913138702615|0.32356059398629056|0.31295978993347418|0.32178600005080271|0.3171609408451514
0,LRCM,8,10,0.5,0.32798929124054899,0.36447913138702615|0.32356059398629056|0.31295978993347418|0.32178600005080271|0.3171609408451514
0,LRCM,8,10,1,0.32798929124054899,0.36447913138702615|0.32356059398629056|0.31295978993347418|0.32178600005080271|0.3171609408451514
0,LRCM,8,10,2,0.32798929124054899,0.36447913138702615|0.32356059398629056|0.31295978993347418|0.32178600005080271|0.3171609408451514
0,LRCM,8,10,5,0.32798929124054899,0.36447913138702615|0.32356059398629056|0.31295978993347418|0.32178600005080271|0.3171609408451514
0,LRCM,8,100,0.050000000000000003,0.32815220182915616,0.38853287498024336|0.31780302969931451|0.30149826860353179|0.32052454122355439|0.31240229463913677
0,LRCM,8,100,0.10000000000000001,0.32815220182915616,0.38853287498024336|0.31780302969931451|0.30149826860353179|0.32052454122355439|0.31240229463913677
0,LRCM,8,100,0.20000000000000001,0.32815220182915616,0.38853287498024336|0.31780302969931451|0.30149826860353179|0.32052454122355439|0.31240229463913677
0,LRCM,8,100,0.5,0.32815220182915616,0.38853287498024336|0.31780302969931451|0.30149826860353179|0.32052454122355439|0.31240229463913677
0,LRCM,8,100,1,0.32815220182915616,0.38853287498024336|0.31780302969931451|0.30149826860353179|0.32052454122355439|0.31240229463913677
0,LRCM,8,100,2,0.32815220182915616,0.38853287498024336|0.31780302969931451|0.30149826860353179|0.32052454122355439|0.31240229463913677
0,LRCM,8,100,5,0.32815220182915616,0.38853287498024336|0.31780302969931451|0.30149826860353179|0.32052454122355439|0.31240229463913677
0,LRCM,13,1.0000000000000001e-05,0.050000000000000003,0.32206495022952064,0.34726619476619469|0.33348502084570197|0.30949699699699701|0.29896794703538127|0.32110859150332838
0,LRCM,13,1.0000000000000001e-05,0.10000000000000001,0.32206495022952064,0.34726619476619469|0.33348502084570197|0.30949699699699701|0.29896794703538127|0.32110859150332838
0,LRCM,13,1.0000000000000001e-05,0.20000000000000001,0.32206495022952064,0.34726619476619469|0.33348502084570197|0.30949699699699701|0.29896794703538127|0.32110859150332838
0,LRCM,13,1.0000000000000001e-05,0.5,0.32206495022952064,0.34726619476619469|0.33348502084570197|0.30949699699699701|0.29896794703538127|0.32110859150332838
0,LRCM,13,1.0000000000000001e-05,1,0.32206495022952064,0.34726619476619469|0.33348502084570197|0.30949699699699701|0.29896794703538127|0.32110859150332838
0,LRCM,13,1.0000000000000001e-05,2,0.32206495022952064,0.34726619476619469|0.33348502084570197|0.30949699699699701|0.29896794703538127|0.32110859150332838
0,LRCM,13,1.0000000000000001e-05,5,0.32206495022952064,0.34726619476619469|0.33348502084570197|0.30949699699699701|0.29896794703538127|0.32110859150332838
0,LRCM,13,0.0001,0.050000000000000003,0.32206495022952064,0.34726619476619469|0.33348502084570197|0.30949699699699701|0.29896794703538127|0.32110859150332838
0,LRCM,13,0.0001,0.10000000000000001,0.32206495022952064,0.34726619476619469|0.33348502084570197|0.30949699699699701|0.29896794703538127|0.32110859150332838
0,LRCM,13,0.0001,0.20000000000000001,0.32206495022952064,0.34726619476619469|0.33348502084570197|0.30949699699699701|0.29896794703538127|0.32110859150332838
0,LRCM,13,0.0001,0.5,0.32206495022952064,0.34726619476619469|0.33348502084570197|0.30949699699699701|0.29896794703538127|0.32110859150332838
0,LRCM,13,0.0001,1,0.32206495022952064,0.34726619476619469|0.33348502084570197|0.30949699699699701|0.29896794703538127|0.32110859150332838
0,LRCM,13,0.0001,2,0.32206495022952064,0.34726619476619469|0.33348502084570197|0.30949699699699701|0.29896794703538127|0.32110859150332838
0,LRCM,13,0.0001,5,0.32206495022952064,0.34726619476619469|0.33348502084570197|0.30949699699699701|0.29896794703538127|0.32110859150332838
0,LRCM,13,0.001,0.050000000000000003,0.32217551534008571,0.34726619476619469|0.33280934517002631|0.31011124761124759|0.29896794703538127|0.32172284211757896
0,LRCM,13,0.001,0.10000000000000001,0.32217551534008571,0.34726619476619469|0.33280934517002631|0.31011124761124759|0.29896794703538127|0.32172284211757896
0,LRCM,13,0.001,0.20000000000000001,0.32217551534008571,0.34726619476619469|0.33280934517002631|0.31011124761124759|0.29896794703538127|0.32172284211757896
0,LRCM,13,0.001,0.5,0.32217551534008571,0.34726619476619469|0.33280934517002631|0.31011124761124759|0.29896794703538127|0.32172284211757896
0,LRCM,13,0.001,1,0.32217551534008571,0.34726619476619469|0.33280934517002631|0.31011124761124759|0.29896794703538127|0.32172284211757896
0,LRCM,13,0.001,2,0.32217551534008571,0.34726619476619469|0.33280934517002631|0.31011124761124759|0.29896794703538127|0.32172284211757896
0,LRCM,13,0.001,5,0.32217551534008571,0.34726619476619469|0.33280934517002631|0.31011124761124759|0.29896794703538127|0.32172284211757896
0,LRCM,13,0.01,0.050000000000000003,0.32328905785987827,0.34730175664386193|0.33279156423119272|0.31130741986005145|0.30023249283117703|0.3248120557331084
0,LRCM,13,0.01,0.10000000000000001,0.32328905785987827,0.34730175664386193|0.33279156423119272|0.31130741986005145|0.30023249283117703|0.3248120557331084
0,LRCM,13,0.01,0.20000000000000001,0.32328905785987827,0.34730175664386193|0.33279156423119272|0.31130741986005145|0.30023249283117703|0.3248120557331084
0,LRCM,13,0.01,0.5,0.32328905785987827,0.34730175664386193|0.33279156423119272|0.31130741986005145|0.30023249283117703|0.3248120557331084
0,LRCM,13,0.01,1,0.32328905785987827,0.34730175664386193|0.33279156423119272|0.31130741986005145|0.30023249283117703|0.3248120557331084
0,LRCM,13,0.01,2,0.32328905785987827,0.34730175664386193|0.33279156423119272|0.31130741986005145|0.30023249283117703|0.3248120557331084
0,LRCM,13,0.01,5,0.32328905785987827,0.34730175664386193|0.33279156423119272|0.31130741986005145|0.30023249283117703|0.3248120557331084
0,LRCM,13,0.10000000000000001,0.050000000000000003,0.33039781704526289,0.35604035426403852|0.34476862698611926|0.31747058062847544|0.30401489365305157|0.3296946296946297
0,LRCM,13,0.10000000000000001,0.10000000000000001,0.33039781704526289,0.35604035426403852|0.34476862698611926|0.31747058062847544|0.30401489365305157|0.3296946296946297
0,LRCM,13,0.10000000000000001,0.20000000000000001,0.33039781704526289,0.35604035426403852|0.34476862698611926|0.31747058062847544|0.30401489365305157|0.3296946296946297
0,LRCM,13,0.10000000000000001,0.5,0.33039781704526289,0.35604035426403852|0.34476862698611926|0.31747058062847544|0.30401489365305157|0.3296946296946297
0,LRCM,13,0.10000000000000001,1,0.33039781704526289,0.35604035426403852|0.34476862698611926|0.31747058062847544|0.30401489365305157|0.3296946296946297
0,LRCM,13,0.10000000000000001,2,0.33039781704526289,0.35604035426403852|0.34476862698611926|0.31747058062847544|0.30401489365305157|0.3296946296946297
0,LRCM,13,0.10000000000000001,5,0.33039781704526289,0.35604035426403852|0.34476862698611926|0.31747058062847544|0.30401489365305157|0.3296946296946297
0,LRCM,13,1,0.050000000000000003,0.32998688229386758,0.35604670459933618|0.33724325386864085|0.30935510869721394|0.31822684879428298|0.32906249550986399
0,LRCM,13,1,0.10000000000000001,0.32998688229386758,0.35604670459933618|0.33724325386864085|0.30935510869721394|0.31822684879428298|0.32906249550986399
0,LRCM,13,1,0.20000000000000001,0.32998688229386758,0.35604670459933618|0.33724325386864085|0.30935510869721394|0.31822684879428298|0.32906249550986399
0,LRCM,13,1,0.5,0.32998688229386758,0.35604670459933618|0.33724325386864085|0.30935510869721394|0.31822684879428298|0.32906249550986399
0,LRCM,13,1,1,0.32998688229386758,0.35604670459933618|0.33724325386864085|0.30935510869721394|0.31822684879428298|0.32906249550986399
0,LRCM,13,1,2,0.32998688229386758,0.35604670459933618|0.33724325386864085|0.30935510869721394|0.31822684879428298|0.32906249550986399
0,LRCM,13,1,5,0.32998688229386758,0.35604670459933618|0.33724325386864085|0.30935510869721394|0.31822684879428298|0.32906249550986399
0,LRCM,13,10,0.050000000000000003,0.3290368209986051,0.36774983630246788|0.32493277443741836|0.31295978993347418|0.32174945034320035|0.31779225397646454
0,LRCM,13,10,0.10000000000000001,0.3290368209986051,0.36774983630246788|0.32493277443741836|0.31295978993347418|0.32174945034320035|0.31779225397646454
0,LRCM,13,10,0.20000000000000001,0.3290368209986051,0.36774983630246788|0.32493277443741836|0.31295978993347418|0.32174945034320035|0.31779225397646454
0,LRCM,13,10,0.5,0.3290368209986051,0.36774983630246788|0.32493277443741836|0.31295978993347418|0.32174945034320035|0.31779225397646454
0,LRCM,13,10,1,0.3290368209986051,0.36774983630246788|0.32493277443741836|0.31295978993347418|0.32174945034320035|0.31779225397646454
0,LRCM,13,10,2,0.3290368209986051,0.36774983630246788|0.32493277443741836|0.31295978993347418|0.32174945034320035|0.31779225397646454
0,LRCM,13,10,5,0.3290368209986051,0.36774983630246788|0.32493277443741836|0.31295978993347418|0.32174945034320035|0.31779225397646454
0,LRCM,13,100,0.050000000000000003,0.32802062288178779,0.38787498024340128|0.31780302969931451|0.30149826860353179|0.32052454122355439|0.31240229463913677
0,LRCM,13,100,0.10000000000000001,0.32802062288178779,0.38787498024340128|0.31780302969931451|0.30149826860353179|0.32052454122355439|0.31240229463913677
0,LRCM,13,100,0.20000000000000001,0.32802062288178779,0.38787498024340128|0.31780302969931451|0.30149826860353179|0.32052454122355439|0.31240229463913677
0,LRCM,13,100,0.5,0.32802062288178779,0.38787498024340128|0.31780302969931451|0.30149826860353179|0.32052454122355439|0.31240229463913677
0,LRCM,13,100,1,0.32802062288178779,0.38787498024340128|0.31780302969931451|0.30149826860353179|0.32052454122355439|0.31240229463913677
0,LRCM,13,100,2,0.32802062288178779,0.38787498024340128|0.31780302969931451|0.30149826860353179|0.32052454122355439|0.31240229463913677
0,LRCM,13,100,5,0.32802062288178779,0.38787498024340128|0.31780302969931451|0.30149826860353179|0.32052454122355439|0.31240229463913677
0,ENROLLMENT_PCA_TRANSFER,1,1.0000000000000001e-05,0.050000000000000003,0.32944275661738898,0.38220681207523305|0.32269455767133787|0.30550526603158185|0.32125652320553633|0.31555062410325568
0,ENROLLMENT_PCA_TRANSFER,1,1.0000000000000001e-05,0.10000000000000001,0.32944275661738898,0.38220681207523305|0.32269455767133787|0.30550526603158185|0.32125652320553633|0.31555062410325568
0,ENROLLMENT_PCA_TRANSFER,1,1.0000000000000001e-05,0.20000000000000001,0.32944275661738898,0.38220681207523305|0.32269455767133787|0.30550526603158185|0.32125652320553633|0.31555062410325568
0,ENROLLMENT_PCA_TRANSFER,1,1.0000000000000001e-05,0.5,0.32944275661738898,0.38220681207523305|0.32269455767133787|0.30550526603158185|0.32125652320553633|0.31555062410325568
0,ENROLLMENT_PCA_TRANSFER,1,1.0000000000000001e-05,1,0.32944275661738898,0.38220681207523305|0.32269455767133787|0.30550526603158185|0.32125652320553633|0.31555062410325568
0,ENROLLMENT_PCA_TRANSFER,1,1.0000000000000001e-05,2,0.32944275661738898,0.38220681207523305|0.32269455767133787|0.30550526603158185|0.32125652320553633|0.31555062410325568
0,ENROLLMENT_PCA_TRANSFER,1,1.0000000000000001e-05,5,0.32944275661738898,0.38220681207523305|0.32269455767133787|0.30550526603158185|0.32125652320553633|0.31555062410325568
0,ENROLLMENT_PCA_TRANSFER,1,0.0001,0.050000000000000003,0.32944275661738898,0.38220681207523305|0.32269455767133787|0.30550526603158185|0.32125652320553633|0.31555062410325568
0,ENROLLMENT_PCA_TRANSFER,1,0.0001,0.10000000000000001,0.32944275661738898,0.38220681207523305|0.32269455767133787|0.30550526603158185|0.32125652320553633|0.31555062410325568
0,ENROLLMENT_PCA_TRANSFER,1,0.0001,0.20000000000000001,0.32944275661738898,0.38220681207523305|0.32269455767133787|0.30550526603158185|0.32125652320553633|0.31555062410325568
0,ENROLLMENT_PCA_TRANSFER,1,0.0001,0.5,0.32944275661738898,0.38220681207523305|0.32269455767133787|0.30550526603158185|0.32125652320553633|0.31555062410325568
0,ENROLLMENT_PCA_TRANSFER,1,0.0001,1,0.32944275661738898,0.38220681207523305|0.32269455767133787|0.30550526603158185|0.32125652320553633|0.31555062410325568
0,ENROLLMENT_PCA_TRANSFER,1,0.0001,2,0.32944275661738898,0.38220681207523305|0.32269455767133787|0.30550526603158185|0.32125652320553633|0.31555062410325568
0,ENROLLMENT_PCA_TRANSFER,1,0.0001,5,0.32944275661738898,0.38220681207523305|0.32269455767133787|0.30550526603158185|0.32125652320553633|0.31555062410325568
0,ENROLLMENT_PCA_TRANSFER,1,0.001,0.050000000000000003,0.32944275661738898,0.38220681207523305|0.32269455767133787|0.30550526603158185|0.32125652320553633|0.31555062410325568
0,ENROLLMENT_PCA_TRANSFER,1,0.001,0.10000000000000001,0.32944275661738898,0.38220681207523305|0.32269455767133787|0.30550526603158185|0.32125652320553633|0.31555062410325568
0,ENROLLMENT_PCA_TRANSFER,1,0.001,0.20000000000000001,0.32944275661738898,0.38220681207523305|0.32269455767133787|0.30550526603158185|0.32125652320553633|0.31555062410325568
0,ENROLLMENT_PCA_TRANSFER,1,0.001,0.5,0.32944275661738898,0.38220681207523305|0.32269455767133787|0.30550526603158185|0.32125652320553633|0.31555062410325568
0,ENROLLMENT_PCA_TRANSFER,1,0.001,1,0.32944275661738898,0.38220681207523305|0.32269455767133787|0.30550526603158185|0.32125652320553633|0.31555062410325568
0,ENROLLMENT_PCA_TRANSFER,1,0.001,2,0.32944275661738898,0.38220681207523305|0.32269455767133787|0.30550526603158185|0.32125652320553633|0.31555062410325568
0,ENROLLMENT_PCA_TRANSFER,1,0.001,5,0.32944275661738898,0.38220681207523305|0.32269455767133787|0.30550526603158185|0.32125652320553633|0.31555062410325568
0,ENROLLMENT_PCA_TRANSFER,1,0.01,0.050000000000000003,0.32932313939250857,0.38220681207523305|0.32269455767133787|0.30490717990717991|0.32125652320553633|0.31555062410325568
0,ENROLLMENT_PCA_TRANSFER,1,0.01,0.10000000000000001,0.32932313939250857,0.38220681207523305|0.32269455767133787|0.30490717990717991|0.32125652320553633|0.31555062410325568
0,ENROLLMENT_PCA_TRANSFER,1,0.01,0.20000000000000001,0.32932313939250857,0.38220681207523305|0.32269455767133787|0.30490717990717991|0.32125652320553633|0.31555062410325568
0,ENROLLMENT_PCA_TRANSFER,1,0.01,0.5,0.32932313939250857,0.38220681207523305|0.32269455767133787|0.30490717990717991|0.32125652320553633|0.31555062410325568
0,ENROLLMENT_PCA_TRANSFER,1,0.01,1,0.32932313939250857,0.38220681207523305|0.32269455767133787|0.30490717990717991|0.32125652320553633|0.31555062410325568
0,ENROLLMENT_PCA_TRANSFER,1,0.01,2,0.32932313939250857,0.38220681207523305|0.32269455767133787|0.30490717990717991|0.32125652320553633|0.31555062410325568
0,ENROLLMENT_PCA_TRANSFER,1,0.01,5,0.32932313939250857,0.38220681207523305|0.32269455767133787|0.30490717990717991|0.32125652320553633|0.31555062410325568
0,ENROLLMENT_PCA_TRANSFER,1,0.10000000000000001,0.050000000000000003,0.32894359717086114,0.38220681207523305|0.32203666293449579|0.30432525827262674|0.32059862846869425|0.31555062410325568
0,ENROLLMENT_PCA_TRANSFER,1,0.10000000000000001,0.10000000000000001,0.32894359717086114,0.38220681207523305|0.32203666293449579|0.30432525827262674|0.32059862846869425|0.31555062410325568
0,ENROLLMENT_PCA_TRANSFER,1,0.10000000000000001,0.20000000000000001,0.32894359717086114,0.38220681207523305|0.32203666293449579|0.30432525827262674|0.32059862846869425|0.31555062410325568
0,ENROLLMENT_PCA_TRANSFER,1,0.10000000000000001,0.5,0.32894359717086114,0.38220681207523305|0.32203666293449579|0.30432525827262674|0.32059862846869425|0.31555062410325568
0,ENROLLMENT_PCA_TRANSFER,1,0.10000000000000001,1,0.32894359717086114,0.38220681207523305|0.32203666293449579|0.30432525827262674|0.32059862846869425|0.31555062410325568
0,ENROLLMENT_PCA_TRANSFER,1,0.10000000000000001,2,0.32894359717086114,0.38220681207523305|0.32203666293449579|0.30432525827262674|0.32059862846869425|0.31555062410325568
0,ENROLLMENT_PCA_TRANSFER,1,0.10000000000000001,5,0.32894359717086114,0.38220681207523305|0.32203666293449579|0.30432525827262674|0.32059862846869425|0.31555062410325568
0,ENROLLMENT_PCA_TRANSFER,1,1,0.050000000000000003,0.32679197784818909,0.37762031768610715|0.32136098725882006|0.30384032357716567|0.31864272519700149|0.31249553552185128
0,ENROLLMENT_PCA_TRANSFER,1,1,0.10000000000000001,0.32679197784818909,0.37762031768610715|0.32136098725882006|0.30384032357716567|0.31864272519700149|0.31249553552185128
0,ENROLLMENT_PCA_TRANSFER,1,1,0.20000000000000001,0.32679197784818909,0.37762031768610715|0.32136098725882006|0.30384032357716567|0.31864272519700149|0.31249553552185128
0,ENROLLMENT_PCA_TRANSFER,1,1,0.5,0.32679197784818909,0.37762031768610715|0.32136098725882006|0.30384032357716567|0.31864272519700149|0.31249553552185128
0,ENROLLMENT_PCA_TRANSFER,1,1,1,0.32679197784818909,0.37762031768610715|0.32136098725882006|0.30384032357716567|0.31864272519700149|0.31249553552185128
0,ENROLLMENT_PCA_TRANSFER,1,1,2,0.32679197784818909,0.37762031768610715|0.32136098725882006|0.30384032357716567|0.31864272519700149|0.31249553552185128
0,ENROLLMENT_PCA_TRANSFER,1,1,5,0.32679197784818909,0.37762031768610715|0.32136098725882006|0.30384032357716567|0.31864272519700149|0.31249553552185128
0,ENROLLMENT_PCA_TRANSFER,1,10,0.050000000000000003,0.32720449728934642,0.37868421052631579|0.31777051598259026|0.30266121384542444|0.32322823175619231|0.31367831433620913
0,ENROLLMENT_PCA_TRANSFER,1,10,0.10000000000000001,0.32720449728934642,0.37868421052631579|0.31777051598259026|0.30266121384542444|0.32322823175619231|0.31367831433620913
0,ENROLLMENT_PCA_TRANSFER,1,10,0.20000000000000001,0.32720449728934642,0.37868421052631579|0.31777051598259026|0.30266121384542444|0.32322823175619231|0.31367831433620913
0,ENROLLMENT_PCA_TRANSFER,1,10,0.5,0.32720449728934642,0.37868421052631579|0.31777051598259026|0.30266121384542444|0.32322823175619231|0.31367831433620913
0,ENROLLMENT_PCA_TRANSFER,1,10,1,0.32720449728934642,0.37868421052631579|0.31777051598259026|0.30266121384542444|0.32322823175619231|0.31367831433620913
0,ENROLLMENT_PCA_TRANSFER,1,10,2,0.32720449728934642,0.37868421052631579|0.31777051598259026|0.30266121384542444|0.32322823175619231|0.31367831433620913
0,ENROLLMENT_PCA_TRANSFER,1,10,5,0.32720449728934642,0.37868421052631579|0.31777051598259026|0.30266121384542444|0.32322823175619231|0.31367831433620913
0,ENROLLMENT_PCA_TRANSFER,1,100,0.050000000000000003,0.32754941004215382,0.38922830725462304|0.31639635987159209|0.30023654036811931|0.32187589257490573|0.31000995014152904
0,ENROLLMENT_PCA_TRANSFER,1,100,0.10000000000000001,0.32754941004215382,0.38922830725462304|0.31639635987159209|0.30023654036811931|0.32187589257490573|0.31000995014152904
0,ENROLLMENT_PCA_TRANSFER,1,100,0.20000000000000001,0.32754941004215382,0.38922830725462304|0.31639635987159209|0.30023654036811931|0.32187589257490573|0.31000995014152904
0,ENROLLMENT_PCA_TRANSFER,1,100,0.5,0.32754941004215382,0.38922830725462304|0.31639635987159209|0.30023654036811931|0.32187589257490573|0.31000995014152904
0,ENROLLMENT_PCA_TRANSFER,1,100,1,0.32754941004215382,0.38922830725462304|0.31639635987159209|0.30023654036811931|0.32187589257490573|0.31000995014152904
0,ENROLLMENT_PCA_TRANSFER,1,100,2,0.32754941004215382,0.38922830725462304|0.31639635987159209|0.30023654036811931|0.32187589257490573|0.31000995014152904
0,ENROLLMENT_PCA_TRANSFER,1,100,5,0.32754941004215382,0.38922830725462304|0.31639635987159209|0.30023654036811931|0.32187589257490573|0.31000995014152904
0,ENROLLMENT_PCA_TRANSFER,2,1.0000000000000001e-05,0.050000000000000003,0.32891946601747302,0.37611198604619661|0.32940870492341084|0.30914137822032561|0.31553583070852809|0.31439943018890387
0,ENROLLMENT_PCA_TRANSFER,2,1.0000000000000001e-05,0.10000000000000001,0.32891946601747302,0.37611198604619661|0.32940870492341084|0.30914137822032561|0.31553583070852809|0.31439943018890387
0,ENROLLMENT_PCA_TRANSFER,2,1.0000000000000001e-05,0.20000000000000001,0.32891946601747302,0.37611198604619661|0.32940870492341084|0.30914137822032561|0.31553583070852809|0.31439943018890387
0,ENROLLMENT_PCA_TRANSFER,2,1.0000000000000001e-05,0.5,0.32891946601747302,0.37611198604619661|0.32940870492341084|0.30914137822032561|0.31553583070852809|0.31439943018890387
0,ENROLLMENT_PCA_TRANSFER,2,1.0000000000000001e-05,1,0.32891946601747302,0.37611198604619661|0.32940870492341084|0.30914137822032561|0.31553583070852809|0.31439943018890387
0,ENROLLMENT_PCA_TRANSFER,2,1.0000000000000001e-05,2,0.32891946601747302,0.37611198604619661|0.32940870492341084|0.30914137822032561|0.31553583070852809|0.31439943018890387
0,ENROLLMENT_PCA_TRANSFER,2,1.0000000000000001e-05,5,0.32891946601747302,0.37611198604619661|0.32940870492341084|0.30914137822032561|0.31553583070852809|0.31439943018890387
0,ENROLLMENT_PCA_TRANSFER,2,0.0001,0.050000000000000003,0.32891946601747302,0.37611198604619661|0.32940870492341084|0.30914137822032561|0.31553583070852809|0.31439943018890387
0,ENROLLMENT_PCA_TRANSFER,2,0.0001,0.10000000000000001,0.32891946601747302,0.37611198604619661|0.32940870492341084|0.30914137822032561|0.31553583070852809|0.31439943018890387
0,ENROLLMENT_PCA_TRANSFER,2,0.0001,0.20000000000000001,0.32891946601747302,0.37611198604619661|0.32940870492341084|0.30914137822032561|0.31553583070852809|0.31439943018890387
0,ENROLLMENT_PCA_TRANSFER,2,0.0001,0.5,0.32891946601747302,0.37611198604619661|0.32940870492341084|0.30914137822032561|0.31553583070852809|0.31439943018890387
0,ENROLLMENT_PCA_TRANSFER,2,0.0001,1,0.32891946601747302,0.37611198604619661|0.32940870492341084|0.30914137822032561|0.31553583070852809|0.31439943018890387
0,ENROLLMENT_PCA_TRANSFER,2,0.0001,2,0.32891946601747302,0.37611198604619661|0.32940870492341084|0.30914137822032561|0.31553583070852809|0.31439943018890387
0,ENROLLMENT_PCA_TRANSFER,2,0.0001,5,0.32891946601747302,0.37611198604619661|0.32940870492341084|0.30914137822032561|0.31553583070852809|0.31439943018890387
0,ENROLLMENT_PCA_TRANSFER,2,0.001,0.050000000000000003,0.32891946601747302,0.37611198604619661|0.32940870492341084|0.30914137822032561|0.31553583070852809|0.31439943018890387
0,ENROLLMENT_PCA_TRANSFER,2,0.001,0.10000000000000001,0.32891946601747302,0.37611198604619661|0.32940870492341084|0.30914137822032561|0.31553583070852809|0.31439943018890387
0,ENROLLMENT_PCA_TRANSFER,2,0.001,0.20000000000000001,0.32891946601747302,0.37611198604619661|0.32940870492341084|0.30914137822032561|0.31553583070852809|0.31439943018890387
0,ENROLLMENT_PCA_TRANSFER,2,0.001,0.5,0.32891946601747302,0.37611198604619661|0.32940870492341084|0.30914137822032561|0.31553583070852809|0.31439943018890387
0,ENROLLMENT_PCA_TRANSFER,2,0.001,1,0.32891946601747302,0.37611198604619661|0.32940870492341084|0.30914137822032561|0.31553583070852809|0.31439943018890387
0,ENROLLMENT_PCA_TRANSFER,2,0.001,2,0.32891946601747302,0.37611198604619661|0.32940870492341084|0.30914137822032561|0.31553583070852809|0.31439943018890387
0,ENROLLMENT_PCA_TRANSFER,2,0.001,5,0.32891946601747302,0.37611198604619661|0.32940870492341084|0.30914137822032561|0.31553583070852809|0.31439943018890387
0,ENROLLMENT_PCA_TRANSFER,2,0.01,0.050000000000000003,0.32904781206687173,0.37676988078303869|0.32940870492341084|0.30912521373047691|0.31553583070852809|0.31439943018890387
0,ENROLLMENT_PCA_TRANSFER,2,0.01,0.10000000000000001,0.32904781206687173,0.37676988078303869|0.32940870492341084|0.30912521373047691|0.31553583070852809|0.31439943018890387
0,ENROLLMENT_PCA_TRANSFER,2,0.01,0.20000000000000001,0.32904781206687173,0.37676988078303869|0.32940870492341084|0.30912521373047691|0.31553583070852809|0.31439943018890387
0,ENROLLMENT_PCA_TRANSFER,2,0.01,0.5,0.32904781206687173,0.37676988078303869|0.32940870492341084|0.30912521373047691|0.31553583070852809|0.31439943018890387
0,ENROLLMENT_PCA_TRANSFER,2,0.01,1,0.32904781206687173,0.37676988078303869|0.32940870492341084|0.30912521373047691|0.31553583070852809|0.31439943018890387
0,ENROLLMENT_PCA_TRANSFER,2,0.01,2,0.32904781206687173,0.37676988078303869|0.32940870492341084|0.30912521373047691|0.31553583070852809|0.31439943018890387
0,ENROLLMENT_PCA_TRANSFER,2,0.01,5,0.32904781206687173,0.37676988078303869|0.32940870492341084|0.30912521373047691|0.31553583070852809|0.31439943018890387
0,ENROLLMENT_PCA_TRANSFER,2,0.10000000000000001,0.050000000000000003,0.32892422658802306,0.3753799193930773|0.33077882504353096|0.30854329209592368|0.31553583070852809|0.31438326569905517
0,ENROLLMENT_PCA_TRANSFER,2,0.10000000000000001,0.10000000000000001,0.32892422658802306,0.3753799193930773|0.33077882504353096|0.30854329209592368|0.31553583070852809|0.31438326569905517
0,ENROLLMENT_PCA_TRANSFER,2,0.10000000000000001,0.20000000000000001,0.32892422658802306,0.3753799193930773|0.33077882504353096|0.30854329209592368|0.31553583070852809|0.31438326569905517
0,ENROLLMENT_PCA_TRANSFER,2,0.10000000000000001,0.5,0.32892422658802306,0.3753799193930773|0.33077882504353096|0.30854329209592368|0.31553583070852809|0.31438326569905517
0,ENROLLMENT_PCA_TRANSFER,2,0.10000000000000001,1,0.32892422658802306,0.3753799193930773|0.33077882504353096|0.30854329209592368|0.31553583070852809|0.31438326569905517
0,ENROLLMENT_PCA_TRANSFER,2,0.10000000000000001,2,0.32892422658802306,0.3753799193930773|0.33077882504353096|0.30854329209592368|0.31553583070852809|0.31438326569905517
0,ENROLLMENT_PCA_TRANSFER,2,0.10000000000000001,5,0.32892422658802306,0.3753799193930773|0.33077882504353096|0.30854329209592368|0.31553583070852809|0.31438326569905517
0,ENROLLMENT_PCA_TRANSFER,2,1,0.050000000000000003,0.32934434361108123,0.38020448079658603|0.32933579477310126|0.30854329209592368|0.31423782217367746|0.31440032821611769
0,ENROLLMENT_PCA_TRANSFER,2,1,0.10000000000000001,0.32934434361108123,0.38020448079658603|0.32933579477310126|0.30854329209592368|0.31423782217367746|0.31440032821611769
0,ENROLLMENT_PCA_TRANSFER,2,1,0.20000000000000001,0.32934434361108123,0.38020448079658603|0.32933579477310126|0.30854329209592368|0.31423782217367746|0.31440032821611769
0,ENROLLMENT_PCA_TRANSFER,2,1,0.5,0.32934434361108123,0.38020448079658603|0.32933579477310126|0.30854329209592368|0.31423782217367746|0.31440032821611769
0,ENROLLMENT_PCA_TRANSFER,2,1,1,0.32934434361108123,0.38020448079658603|0.32933579477310126|0.30854329209592368|0.31423782217367746|0.31440032821611769
0,ENROLLMENT_PCA_TRANSFER,2,1,2,0.32934434361108123,0.38020448079658603|0.32933579477310126|0.30854329209592368|0.31423782217367746|0.31440032821611769
0,ENROLLMENT_PCA_TRANSFER,2,1,5,0.32934434361108123,0.38020448079658603|0.32933579477310126|0.30854329209592368|0.31423782217367746|0.31440032821611769
0,ENROLLMENT_PCA_TRANSFER,2,10,0.050000000000000003,0.33156797406071792,0.3895304985436564|0.32663036267138434|0.31106495251232097|0.31911787139583192|0.31149618518039568
0,ENROLLMENT_PCA_TRANSFER,2,10,0.10000000000000001,0.33156797406071792,0.3895304985436564|0.32663036267138434|0.31106495251232097|0.31911787139583192|0.31149618518039568
0,ENROLLMENT_PCA_TRANSFER,2,10,0.20000000000000001,0.33156797406071792,0.3895304985436564|0.32663036267138434|0.31106495251232097|0.31911787139583192|0.31149618518039568
0,ENROLLMENT_PCA_TRANSFER,2,10,0.5,0.33156797406071792,0.3895304985436564|0.32663036267138434|0.31106495251232097|0.31911787139583192|0.31149618518039568
0,ENROLLMENT_PCA_TRANSFER,2,10,1,0.33156797406071792,0.3895304985436564|0.32663036267138434|0.31106495251232097|0.31911787139583192|0.31149618518039568
0,ENROLLMENT_PCA_TRANSFER,2,10,2,0.33156797406071792,0.3895304985436564|0.32663036267138434|0.31106495251232097|0.31911787139583192|0.31149618518039568
0,ENROLLMENT_PCA_TRANSFER,2,10,5,0.33156797406071792,0.3895304985436564|0.32663036267138434|0.31106495251232097|0.31911787139583192|0.31149618518039568
0,ENROLLMENT_PCA_TRANSFER,2,100,0.050000000000000003,0.32723601650507605,0.38718251145882721|0.31643389740912958|0.30085079098236994|0.3205067602847208|0.31120612239033291
0,ENROLLMENT_PCA_TRANSFER,2,100,0.10000000000000001,0.32723601650507605,0.38718251145882721|0.31643389740912958|0.30085079098236994|0.3205067602847208|0.31120612239033291
0,ENROLLMENT_PCA_TRANSFER,2,100,0.20000000000000001,0.32723601650507605,0.38718251145882721|0.31643389740912958|0.30085079098236994|0.3205067602847208|0.31120612239033291
0,ENROLLMENT_PCA_TRANSFER,2,100,0.5,0.32723601650507605,0.38718251145882721|0.31643389740912958|0.30085079098236994|0.3205067602847208|0.31120612239033291
0,ENROLLMENT_PCA_TRANSFER,2,100,1,0.32723601650507605,0.38718251145882721|0.31643389740912958|0.30085079098236994|0.3205067602847208|0.31120612239033291
0,ENROLLMENT_PCA_TRANSFER,2,100,2,0.32723601650507605,0.38718251145882721|0.31643389740912958|0.30085079098236994|0.3205067602847208|0.31120612239033291
0,ENROLLMENT_PCA_TRANSFER,2,100,5,0.32723601650507605,0.38718251145882721|0.31643389740912958|0.30085079098236994|0.3205067602847208|0.31120612239033291
0,ENROLLMENT_PCA_TRANSFER,3,1.0000000000000001e-05,0.050000000000000003,0.3212331344867142,0.33829480796586064|0.33553995946410808|0.29847730505625242|0.31888474353112511|0.31496885641622485
0,ENROLLMENT_PCA_TRANSFER,3,1.0000000000000001e-05,0.10000000000000001,0.3212331344867142,0.33829480796586064|0.33553995946410808|0.29847730505625242|0.31888474353112511|0.31496885641622485
0,ENROLLMENT_PCA_TRANSFER,3,1.0000000000000001e-05,0.20000000000000001,0.3212331344867142,0.33829480796586064|0.33553995946410808|0.29847730505625242|0.31888474353112511|0.31496885641622485
0,ENROLLMENT_PCA_TRANSFER,3,1.0000000000000001e-05,0.5,0.3212331344867142,0.33829480796586064|0.33553995946410808|0.29847730505625242|0.31888474353112511|0.31496885641622485
0,ENROLLMENT_PCA_TRANSFER,3,1.0000000000000001e-05,1,0.3212331344867142,0.33829480796586064|0.33553995946410808|0.29847730505625242|0.31888474353112511|0.31496885641622485
0,ENROLLMENT_PCA_TRANSFER,3,1.0000000000000001e-05,2,0.3212331344867142,0.33829480796586064|0.33553995946410808|0.29847730505625242|0.31888474353112511|0.31496885641622485
0,ENROLLMENT_PCA_TRANSFER,3,1.0000000000000001e-05,5,0.3212331344867142,0.33829480796586064|0.33553995946410808|0.29847730505625242|0.31888474353112511|0.31496885641622485
0,ENROLLMENT_PCA_TRANSFER,3,0.0001,0.050000000000000003,0.3212331344867142,0.33829480796586064|0.33553995946410808|0.29847730505625242|0.31888474353112511|0.31496885641622485
0,ENROLLMENT_PCA_TRANSFER,3,0.0001,0.10000000000000001,0.3212331344867142,0.33829480796586064|0.33553995946410808|0.29847730505625242|0.31888474353112511|0.31496885641622485
0,ENROLLMENT_PCA_TRANSFER,3,0.0001,0.20000000000000001,0.3212331344867142,0.33829480796586064|0.33553995946410808|0.29847730505625242|0.31888474353112511|0.31496885641622485
0,ENROLLMENT_PCA_TRANSFER,3,0.0001,0.5,0.3212331344867142,0.33829480796586064|0.33553995946410808|0.29847730505625242|0.31888474353112511|0.31496885641622485
0,ENROLLMENT_PCA_TRANSFER,3,0.0001,1,0.3212331344867142,0.33829480796586064|0.33553995946410808|0.29847730505625242|0.31888474353112511|0.31496885641622485
0,ENROLLMENT_PCA_TRANSFER,3,0.0001,2,0.3212331344867142,0.33829480796586064|0.33553995946410808|0.29847730505625242|0.31888474353112511|0.31496885641622485
0,ENROLLMENT_PCA_TRANSFER,3,0.0001,5,0.3212331344867142,0.33829480796586064|0.33553995946410808|0.29847730505625242|0.31888474353112511|0.31496885641622485
0,ENROLLMENT_PCA_TRANSFER,3,0.001,0.050000000000000003,0.3212331344867142,0.33829480796586064|0.33553995946410808|0.29847730505625242|0.31888474353112511|0.31496885641622485
0,ENROLLMENT_PCA_TRANSFER,3,0.001,0.10000000000000001,0.3212331344867142,0.33829480796586064|0.33553995946410808|0.29847730505625242|0.31888474353112511|0.31496885641622485
0,ENROLLMENT_PCA_TRANSFER,3,0.001,0.20000000000000001,0.3212331344867142,0.33829480796586064|0.33553995946410808|0.29847730505625242|0.31888474353112511|0.31496885641622485
0,ENROLLMENT_PCA_TRANSFER,3,0.001,0.5,0.3212331344867142,0.33829480796586064|0.33553995946410808|0.29847730505625242|0.31888474353112511|0.31496885641622485
0,ENROLLMENT_PCA_TRANSFER,3,0.001,1,0.3212331344867142,0.33829480796586064|0.33553995946410808|0.29847730505625242|0.31888474353112511|0.31496885641622485
0,ENROLLMENT_PCA_TRANSFER,3,0.001,2,0.3212331344867142,0.33829480796586064|0.33553995946410808|0.29847730505625242|0.31888474353112511|0.31496885641622485
0,ENROLLMENT_PCA_TRANSFER,3,0.001,5,0.3212331344867142,0.33829480796586064|0.33553995946410808|0.29847730505625242|0.31888474353112511|0.31496885641622485
0,ENROLLMENT_PCA_TRANSFER,3,0.01,0.050000000000000003,0.32161073696957987,0.33829480796586064|0.33553995946410808|0.29968964179490493|0.31956041920680078|0.31496885641622485
0,ENROLLMENT_PCA_TRANSFER,3,0.01,0.10000000000000001,0.32161073696957987,0.33829480796586064|0.33553995946410808|0.29968964179490493|0.31956041920680078|0.31496885641622485
0,ENROLLMENT_PCA_TRANSFER,3,0.01,0.20000000000000001,0.32161073696957987,0.33829480796586064|0.33553995946410808|0.29968964179490493|0.31956041920680078|0.31496885641622485
0,ENROLLMENT_PCA_TRANSFER,3,0.01,0.5,0.32161073696957987,0.33829480796586064|0.33553995946410808|0.29968964179490493|0.31956041920680078|0.31496885641622485
0,ENROLLMENT_PCA_TRANSFER,3,0.01,1,0.32161073696957987,0.33829480796586064|0.33553995946410808|0.29968964179490493|0.31956041920680078|0.31496885641622485
0,ENROLLMENT_PCA_TRANSFER,3,0.01,2,0.32161073696957987,0.33829480796586064|0.33553995946410808|0.29968964179490493|0.31956041920680078|0.31496885641622485
0,ENROLLMENT_PCA_TRANSFER,3,0.01,5,0.32161073696957987,0.33829480796586064|0.33553995946410808|0.29968964179490493|0.31956041920680078|0.31496885641622485
0,ENROLLMENT_PCA_TRANSFER,3,0.10000000000000001,0.050000000000000003,0.32148614467393488,0.33765568199778728|0.33488206472726595|0.29970580628475363|0.32021831394364286|0.3149688564162248
0,ENROLLMENT_PCA_TRANSFER,3,0.10000000000000001,0.10000000000000001,0.32148614467393488,0.33765568199778728|0.33488206472726595|0.29970580628475363|0.32021831394364286|0.3149688564162248
0,ENROLLMENT_PCA_TRANSFER,3,0.10000000000000001,0.20000000000000001,0.32148614467393488,0.33765568199778728|0.33488206472726595|0.29970580628475363|0.32021831394364286|0.3149688564162248
0,ENROLLMENT_PCA_TRANSFER,3,0.10000000000000001,0.5,0.32148614467393488,0.33765568199778728|0.33488206472726595|0.29970580628475363|0.32021831394364286|0.3149688564162248
0,ENROLLMENT_PCA_TRANSFER,3,0.10000000000000001,1,0.32148614467393488,0.33765568199778728|0.33488206472726595|0.29970580628475363|0.32021831394364286|0.3149688564162248
0,ENROLLMENT_PCA_TRANSFER,3,0.10000000000000001,2,0.32148614467393488,0.33765568199778728|0.33488206472726595|0.29970580628475363|0.32021831394364286|0.3149688564162248
0,ENROLLMENT_PCA_TRANSFER,3,0.10000000000000001,5,0.32148614467393488,0.33765568199778728|0.33488206472726595|0.29970580628475363|0.32021831394364286|0.3149688564162248
0,ENROLLMENT_PCA_TRANSFER,3,1,0.050000000000000003,0.32273120911636777,0.34174727358937884|0.33322891721885528|0.30158088710720293|0.3202360948824764|0.31686287278392544
0,ENROLLMENT_PCA_TRANSFER,3,1,0.10000000000000001,0.32273120911636777,0.34174727358937884|0.33322891721885528|0.30158088710720293|0.3202360948824764|0.31686287278392544
0,ENROLLMENT_PCA_TRANSFER,3,1,0.20000000000000001,0.32273120911636777,0.34174727358937884|0.33322891721885528|0.30158088710720293|0.3202360948824764|0.31686287278392544
0,ENROLLMENT_PCA_TRANSFER,3,1,0.5,0.32273120911636777,0.34174727358937884|0.33322891721885528|0.30158088710720293|0.3202360948824764|0.31686287278392544
0,ENROLLMENT_PCA_TRANSFER,3,1,1,0.32273120911636777,0.34174727358937884|0.33322891721885528|0.30158088710720293|0.3202360948824764|0.31686287278392544
0,ENROLLMENT_PCA_TRANSFER,3,1,2,0.32273120911636777,0.34174727358937884|0.33322891721885528|0.30158088710720293|0.3202360948824764|0.31686287278392544
0,ENROLLMENT_PCA_TRANSFER,3,1,5,0.32273120911636777,0.34174727358937884|0.33322891721885528|0.30158088710720293|0.3202360948824764|0.31686287278392544
0,ENROLLMENT_PCA_TRANSFER,3,10,0.050000000000000003,0.33043322533386388,0.37410948542527489|0.32792532304529209|0.30990470135206977|0.32507448590507804|0.3151521309416046
0,ENROLLMENT_PCA_TRANSFER,3,10,0.10000000000000001,0.33043322533386388,0.37410948542527489|0.32792532304529209|0.30990470135206977|0.32507448590507804|0.3151521309416046
0,ENROLLMENT_PCA_TRANSFER,3,10,0.20000000000000001,0.33043322533386388,0.37410948542527489|0.32792532304529209|0.30990470135206977|0.32507448590507804|0.3151521309416046
0,ENROLLMENT_PCA_TRANSFER,3,10,0.5,0.33043322533386388,0.37410948542527489|0.32792532304529209|0.30990470135206977|0.32507448590507804|0.3151521309416046
0,ENROLLMENT_PCA_TRANSFER,3,10,1,0.33043322533386388,0.37410948542527489|0.32792532304529209|0.30990470135206977|0.32507448590507804|0.3151521309416046
0,ENROLLMENT_PCA_TRANSFER,3,10,2,0.33043322533386388,0.37410948542527489|0.32792532304529209|0.30990470135206977|0.32507448590507804|0.3151521309416046
0,ENROLLMENT_PCA_TRANSFER,3,10,5,0.33043322533386388,0.37410948542527489|0.32792532304529209|0.30990470135206977|0.32507448590507804|0.3151521309416046
0,ENROLLMENT_PCA_TRANSFER,3,100,0.050000000000000003,0.32778352573679587,0.38855164374901219|0.31710957308480531|0.30026976737503053|0.32118243596039653|0.31180420851473484
0,ENROLLMENT_PCA_TRANSFER,3,100,0.10000000000000001,0.32778352573679587,0.38855164374901219|0.31710957308480531|0.30026976737503053|0.32118243596039653|0.31180420851473484
0,ENROLLMENT_PCA_TRANSFER,3,100,0.20000000000000001,0.32778352573679587,0.38855164374901219|0.31710957308480531|0.30026976737503053|0.32118243596039653|0.31180420851473484
0,ENROLLMENT_PCA_TRANSFER,3,100,0.5,0.32778352573679587,0.38855164374901219|0.31710957308480531|0.30026976737503053|0.32118243596039653|0.31180420851473484
0,ENROLLMENT_PCA_TRANSFER,3,100,1,0.32778352573679587,0.38855164374901219|0.31710957308480531|0.30026976737503053|0.32118243596039653|0.31180420851473484
0,ENROLLMENT_PCA_TRANSFER,3,100,2,0.32778352573679587,0.38855164374901219|0.31710957308480531|0.30026976737503053|0.32118243596039653|0.31180420851473484
0,ENROLLMENT_PCA_TRANSFER,3,100,5,0.32778352573679587,0.38855164374901219|0.31710957308480531|0.30026976737503053|0.32118243596039653|0.31180420851473484
0,ENROLLMENT_PCA_TRANSFER,5,1.0000000000000001e-05,0.050000000000000003,0.32974792507039019,0.35633489692700221|0.32716347373468113|0.30851096311622628|0.3310478935232225|0.32568239805081906
0,ENROLLMENT_PCA_TRANSFER,5,1.0000000000000001e-05,0.10000000000000001,0.32974792507039019,0.35633489692700221|0.32716347373468113|0.30851096311622628|0.3310478935232225|0.32568239805081906
0,ENROLLMENT_PCA_TRANSFER,5,1.0000000000000001e-05,0.20000000000000001,0.32974792507039019,0.35633489692700221|0.32716347373468113|0.30851096311622628|0.3310478935232225|0.32568239805081906
0,ENROLLMENT_PCA_TRANSFER,5,1.0000000000000001e-05,0.5,0.32974792507039019,0.35633489692700221|0.32716347373468113|0.30851096311622628|0.3310478935232225|0.32568239805081906
0,ENROLLMENT_PCA_TRANSFER,5,1.0000000000000001e-05,1,0.32974792507039019,0.35633489692700221|0.32716347373468113|0.30851096311622628|0.3310478935232225|0.32568239805081906
0,ENROLLMENT_PCA_TRANSFER,5,1.0000000000000001e-05,2,0.32974792507039019,0.35633489692700221|0.32716347373468113|0.30851096311622628|0.3310478935232225|0.32568239805081906
0,ENROLLMENT_PCA_TRANSFER,5,1.0000000000000001e-05,5,0.32974792507039019,0.35633489692700221|0.32716347373468113|0.30851096311622628|0.3310478935232225|0.32568239805081906
0,ENROLLMENT_PCA_TRANSFER,5,0.0001,0.050000000000000003,0.32974792507039019,0.35633489692700221|0.32716347373468113|0.30851096311622628|0.3310478935232225|0.32568239805081906
0,ENROLLMENT_PCA_TRANSFER,5,0.0001,0.10000000000000001,0.32974792507039019,0.35633489692700221|0.32716347373468113|0.30851096311622628|0.3310478935232225|0.32568239805081906
0,ENROLLMENT_PCA_TRANSFER,5,0.0001,0.20000000000000001,0.32974792507039019,0.35633489692700221|0.32716347373468113|0.30851096311622628|0.3310478935232225|0.32568239805081906
0,ENROLLMENT_PCA_TRANSFER,5,0.0001,0.5,0.32974792507039019,0.35633489692700221|0.32716347373468113|0.30851096311622628|0.3310478935232225|0.32568239805081906
0,ENROLLMENT_PCA_TRANSFER,5,0.0001,1,0.32974792507039019,0.35633489692700221|0.32716347373468113|0.30851096311622628|0.3310478935232225|0.32568239805081906
0,ENROLLMENT_PCA_TRANSFER,5,0.0001,2,0.32974792507039019,0.35633489692700221|0.32716347373468113|0.30851096311622628|0.3310478935232225|0.32568239805081906
0,ENROLLMENT_PCA_TRANSFER,5,0.0001,5,0.32974792507039019,0.35633489692700221|0.32716347373468113|0.30851096311622628|0.3310478935232225|0.32568239805081906
0,ENROLLMENT_PCA_TRANSFER,5,0.001,0.050000000000000003,0.32962830784550984,0.35633489692700221|0.32716347373468113|0.3079128769918244|0.3310478935232225|0.32568239805081906
0,ENROLLMENT_PCA_TRANSFER,5,0.001,0.10000000000000001,0.32962830784550984,0.35633489692700221|0.32716347373468113|0.3079128769918244|0.3310478935232225|0.32568239805081906
0,ENROLLMENT_PCA_TRANSFER,5,0.001,0.20000000000000001,0.32962830784550984,0.35633489692700221|0.32716347373468113|0.3079128769918244|0.3310478935232225|0.32568239805081906
0,ENROLLMENT_PCA_TRANSFER,5,0.001,0.5,0.32962830784550984,0.35633489692700221|0.32716347373468113|0.3079128769918244|0.3310478935232225|0.32568239805081906
0,ENROLLMENT_PCA_TRANSFER,5,0.001,1,0.32962830784550984,0.35633489692700221|0.32716347373468113|0.3079128769918244|0.3310478935232225|0.32568239805081906
0,ENROLLMENT_PCA_TRANSFER,5,0.001,2,0.32962830784550984,0.35633489692700221|0.32716347373468113|0.3079128769918244|0.3310478935232225|0.32568239805081906
0,ENROLLMENT_PCA_TRANSFER,5,0.001,5,0.32962830784550984,0.35633489692700221|0.32716347373468113|0.3079128769918244|0.3310478935232225|0.32568239805081906
0,ENROLLMENT_PCA_TRANSFER,5,0.01,0.050000000000000003,0.32987950401775867,0.35633489692700221|0.32849704414719894|0.3079128769918244|0.33037221784754683|0.32628048417522099
0,ENROLLMENT_PCA_TRANSFER,5,0.01,0.10000000000000001,0.32987950401775867,0.35633489692700221|0.32849704414719894|0.3079128769918244|0.33037221784754683|0.32628048417522099
0,ENROLLMENT_PCA_TRANSFER,5,0.01,0.20000000000000001,0.32987950401775867,0.35633489692700221|0.32849704414719894|0.3079128769918244|0.33037221784754683|0.32628048417522099
0,ENROLLMENT_PCA_TRANSFER,5,0.01,0.5,0.32987950401775867,0.35633489692700221|0.32849704414719894|0.3079128769918244|0.33037221784754683|0.32628048417522099
0,ENROLLMENT_PCA_TRANSFER,5,0.01,1,0.32987950401775867,0.35633489692700221|0.32849704414719894|0.3079128769918244|0.33037221784754683|0.32628048417522099
0,ENROLLMENT_PCA_TRANSFER,5,0.01,2,0.32987950401775867,0.35633489692700221|0.32849704414719894|0.3079128769918244|0.33037221784754683|0.32628048417522099
0,ENROLLMENT_PCA_TRANSFER,5,0.01,5,0.32987950401775867,0.35633489692700221|0.32849704414719894|0.3079128769918244|0.33037221784754683|0.32628048417522099
0,ENROLLMENT_PCA_TRANSFER,5,0.10000000000000001,0.050000000000000003,0.33004680546137588,0.35706795141005671|0.33048850929655882|0.30731479086742242|0.32969654217187111|0.32566623356097041
0,ENROLLMENT_PCA_TRANSFER,5,0.10000000000000001,0.10000000000000001,0.33004680546137588,0.35706795141005671|0.33048850929655882|0.30731479086742242|0.32969654217187111|0.32566623356097041
0,ENROLLMENT_PCA_TRANSFER,5,0.10000000000000001,0.20000000000000001,0.33004680546137588,0.35706795141005671|0.33048850929655882|0.30731479086742242|0.32969654217187111|0.32566623356097041
0,ENROLLMENT_PCA_TRANSFER,5,0.10000000000000001,0.5,0.33004680546137588,0.35706795141005671|0.33048850929655882|0.30731479086742242|0.32969654217187111|0.32566623356097041
0,ENROLLMENT_PCA_TRANSFER,5,0.10000000000000001,1,0.33004680546137588,0.35706795141005671|0.33048850929655882|0.30731479086742242|0.32969654217187111|0.32566623356097041
0,ENROLLMENT_PCA_TRANSFER,5,0.10000000000000001,2,0.33004680546137588,0.35706795141005671|0.33048850929655882|0.30731479086742242|0.32969654217187111|0.32566623356097041
0,ENROLLMENT_PCA_TRANSFER,5,0.10000000000000001,5,0.33004680546137588,0.35706795141005671|0.33048850929655882|0.30731479086742242|0.32969654217187111|0.32566623356097041
0,ENROLLMENT_PCA_TRANSFER,5,1,0.050000000000000003,0.32602081957238693,0.35465674320937479|0.32782674093819603|0.30100255758150501|0.3237428911524306|0.32287516498042812
0,ENROLLMENT_PCA_TRANSFER,5,1,0.10000000000000001,0.32602081957238693,0.35465674320937479|0.32782674093819603|0.30100255758150501|0.3237428911524306|0.32287516498042812
0,ENROLLMENT_PCA_TRANSFER,5,1,0.20000000000000001,0.32602081957238693,0.35465674320937479|0.32782674093819603|0.30100255758150501|0.3237428911524306|0.32287516498042812
0,ENROLLMENT_PCA_TRANSFER,5,1,0.5,0.32602081957238693,0.35465674320937479|0.32782674093819603|0.30100255758150501|0.3237428911524306|0.32287516498042812
0,ENROLLMENT_PCA_TRANSFER,5,1,1,0.32602081957238693,0.35465674320937479|0.32782674093819603|0.30100255758150501|0.3237428911524306|0.32287516498042812
0,ENROLLMENT_PCA_TRANSFER,5,1,2,0.32602081957238693,0.35465674320937479|0.32782674093819603|0.30100255758150501|0.3237428911524306|0.32287516498042812
0,ENROLLMENT_PCA_TRANSFER,5,1,5,0.32602081957238693,0.35465674320937479|0.32782674093819603|0.30100255758150501|0.3237428911524306|0.32287516498042812
0,ENROLLMENT_PCA_TRANSFER,5,10,0.050000000000000003,0.32658723829902236,0.36519333243017449|0.32215285165749558|0.30932277971751659|0.32045242963828491|0.31581479805164014
0,ENROLLMENT_PCA_TRANSFER,5,10,0.10000000000000001,0.32658723829902236,0.36519333243017449|0.32215285165749558|0.30932277971751659|0.32045242963828491|0.31581479805164014
0,ENROLLMENT_PCA_TRANSFER,5,10,0.20000000000000001,0.32658723829902236,0.36519333243017449|0.32215285165749558|0.30932277971751659|0.32045242963828491|0.31581479805164014
0,ENROLLMENT_PCA_TRANSFER,5,10,0.5,0.32658723829902236,0.36519333243017449|0.32215285165749558|0.30932277971751659|0.32045242963828491|0.31581479805164014
0,ENROLLMENT_PCA_TRANSFER,5,10,1,0.32658723829902236,0.36519333243017449|0.32215285165749558|0.30932277971751659|0.32045242963828491|0.31581479805164014
0,ENROLLMENT_PCA_TRANSFER,5,10,2,0.32658723829902236,0.36519333243017449|0.32215285165749558|0.30932277971751659|0.32045242963828491|0.31581479805164014
0,ENROLLMENT_PCA_TRANSFER,5,10,5,0.32658723829902236,0.36519333243017449|0.32215285165749558|0.30932277971751659|0.32045242963828491|0.31581479805164014
0,ENROLLMENT_PCA_TRANSFER,5,100,0.050000000000000003,0.32828753453027837,0.3892273194246878|0.31846092443615664|0.30149826860353179|0.31984886554787872|0.31240229463913677
0,ENROLLMENT_PCA_TRANSFER,5,100,0.10000000000000001,0.32828753453027837,0.3892273194246878|0.31846092443615664|0.30149826860353179|0.31984886554787872|0.31240229463913677
0,ENROLLMENT_PCA_TRANSFER,5,100,0.20000000000000001,0.32828753453027837,0.3892273194246878|0.31846092443615664|0.30149826860353179|0.31984886554787872|0.31240229463913677
0,ENROLLMENT_PCA_TRANSFER,5,100,0.5,0.32828753453027837,0.3892273194246878|0.31846092443615664|0.30149826860353179|0.31984886554787872|0.31240229463913677
0,ENROLLMENT_PCA_TRANSFER,5,100,1,0.32828753453027837,0.3892273194246878|0.31846092443615664|0.30149826860353179|0.31984886554787872|0.31240229463913677
0,ENROLLMENT_PCA_TRANSFER,5,100,2,0.32828753453027837,0.3892273194246878|0.31846092443615664|0.30149826860353179|0.31984886554787872|0.31240229463913677
0,ENROLLMENT_PCA_TRANSFER,5,100,5,0.32828753453027837,0.3892273194246878|0.31846092443615664|0.30149826860353179|0.31984886554787872|0.31240229463913677
0,ENROLLMENT_PCA_TRANSFER,8,1.0000000000000001e-05,0.050000000000000003,0.33465785544626492,0.37495557587662848|0.33961361239612009|0.30101872207135372|0.31899241699406172|0.33870894989316047
0,ENROLLMENT_PCA_TRANSFER,8,1.0000000000000001e-05,0.10000000000000001,0.33465785544626492,0.37495557587662848|0.33961361239612009|0.30101872207135372|0.31899241699406172|0.33870894989316047
0,ENROLLMENT_PCA_TRANSFER,8,1.0000000000000001e-05,0.20000000000000001,0.33465785544626492,0.37495557587662848|0.33961361239612009|0.30101872207135372|0.31899241699406172|0.33870894989316047
0,ENROLLMENT_PCA_TRANSFER,8,1.0000000000000001e-05,0.5,0.33465785544626492,0.37495557587662848|0.33961361239612009|0.30101872207135372|0.31899241699406172|0.33870894989316047
0,ENROLLMENT_PCA_TRANSFER,8,1.0000000000000001e-05,1,0.33465785544626492,0.37495557587662848|0.33961361239612009|0.30101872207135372|0.31899241699406172|0.33870894989316047
0,ENROLLMENT_PCA_TRANSFER,8,1.0000000000000001e-05,2,0.33465785544626492,0.37495557587662848|0.33961361239612009|0.30101872207135372|0.31899241699406172|0.33870894989316047
0,ENROLLMENT_PCA_TRANSFER,8,1.0000000000000001e-05,5,0.33465785544626492,0.37495557587662848|0.33961361239612009|0.30101872207135372|0.31899241699406172|0.33870894989316047
0,ENROLLMENT_PCA_TRANSFER,8,0.0001,0.050000000000000003,0.33465785544626492,0.37495557587662848|0.33961361239612009|0.30101872207135372|0.31899241699406172|0.33870894989316047
0,ENROLLMENT_PCA_TRANSFER,8,0.0001,0.10000000000000001,0.33465785544626492,0.37495557587662848|0.33961361239612009|0.30101872207135372|0.31899241699406172|0.33870894989316047
0,ENROLLMENT_PCA_TRANSFER,8,0.0001,0.20000000000000001,0.33465785544626492,0.37495557587662848|0.33961361239612009|0.30101872207135372|0.31899241699406172|0.33870894989316047
0,ENROLLMENT_PCA_TRANSFER,8,0.0001,0.5,0.33465785544626492,0.37495557587662848|0.33961361239612009|0.30101872207135372|0.31899241699406172|0.33870894989316047
0,ENROLLMENT_PCA_TRANSFER,8,0.0001,1,0.33465785544626492,0.37495557587662848|0.33961361239612009|0.30101872207135372|0.31899241699406172|0.33870894989316047
0,ENROLLMENT_PCA_TRANSFER,8,0.0001,2,0.33465785544626492,0.37495557587662848|0.33961361239612009|0.30101872207135372|0.31899241699406172|0.33870894989316047
0,ENROLLMENT_PCA_TRANSFER,8,0.0001,5,0.33465785544626492,0.37495557587662848|0.33961361239612009|0.30101872207135372|0.31899241699406172|0.33870894989316047
0,ENROLLMENT_PCA_TRANSFER,8,0.001,0.050000000000000003,0.33465785544626492,0.37495557587662848|0.33961361239612009|0.30101872207135372|0.31899241699406172|0.33870894989316047
0,ENROLLMENT_PCA_TRANSFER,8,0.001,0.10000000000000001,0.33465785544626492,0.37495557587662848|0.33961361239612009|0.30101872207135372|0.31899241699406172|0.33870894989316047
0,ENROLLMENT_PCA_TRANSFER,8,0.001,0.20000000000000001,0.33465785544626492,0.37495557587662848|0.33961361239612009|0.30101872207135372|0.31899241699406172|0.33870894989316047
0,ENROLLMENT_PCA_TRANSFER,8,0.001,0.5,0.33465785544626492,0.37495557587662848|0.33961361239612009|0.30101872207135372|0.31899241699406172|0.33870894989316047
0,ENROLLMENT_PCA_TRANSFER,8,0.001,1,0.33465785544626492,0.37495557587662848|0.33961361239612009|0.30101872207135372|0.31899241699406172|0.33870894989316047
0,ENROLLMENT_PCA_TRANSFER,8,0.001,2,0.33465785544626492,0.37495557587662848|0.33961361239612009|0.30101872207135372|0.31899241699406172|0.33870894989316047
0,ENROLLMENT_PCA_TRANSFER,8,0.001,5,0.33465785544626492,0.37495557587662848|0.33961361239612009|0.30101872207135372|0.31899241699406172|0.33870894989316047
0,ENROLLMENT_PCA_TRANSFER,8,0.01,0.050000000000000003,0.3343963140005129,0.37561347061347061|0.33826226104476881|0.30101872207135372|0.31899241699406172|0.33809469927890984
0,ENROLLMENT_PCA_TRANSFER,8,0.01,0.10000000000000001,0.3343963140005129,0.37561347061347061|0.33826226104476881|0.30101872207135372|0.31899241699406172|0.33809469927890984
0,ENROLLMENT_PCA_TRANSFER,8,0.01,0.20000000000000001,0.3343963140005129,0.37561347061347061|0.33826226104476881|0.30101872207135372|0.31899241699406172|0.33809469927890984
0,ENROLLMENT_PCA_TRANSFER,8,0.01,0.5,0.3343963140005129,0.37561347061347061|0.33826226104476881|0.30101872207135372|0.31899241699406172|0.33809469927890984
0,ENROLLMENT_PCA_TRANSFER,8,0.01,1,0.3343963140005129,0.37561347061347061|0.33826226104476881|0.30101872207135372|0.31899241699406172|0.33809469927890984
0,ENROLLMENT_PCA_TRANSFER,8,0.01,2,0.3343963140005129,0.37561347061347061|0.33826226104476881|0.30101872207135372|0.31899241699406172|0.33809469927890984
0,ENROLLMENT_PCA_TRANSFER,8,0.01,5,0.3343963140005129,0.37561347061347061|0.33826226104476881|0.30101872207135372|0.31899241699406172|0.33809469927890984
0,ENROLLMENT_PCA_TRANSFER,8,0.10000000000000001,0.050000000000000003,0.33373622602463549,0.37362307796518324|0.33625507528758308|0.29975699383594123|0.32100067525232007|0.33804530778214992
0,ENROLLMENT_PCA_TRANSFER,8,0.10000000000000001,0.10000000000000001,0.33373622602463549,0.37362307796518324|0.33625507528758308|0.29975699383594123|0.32100067525232007|0.33804530778214992
0,ENROLLMENT_PCA_TRANSFER,8,0.10000000000000001,0.20000000000000001,0.33373622602463549,0.37362307796518324|0.33625507528758308|0.29975699383594123|0.32100067525232007|0.33804530778214992
0,ENROLLMENT_PCA_TRANSFER,8,0.10000000000000001,0.5,0.33373622602463549,0.37362307796518324|0.33625507528758308|0.29975699383594123|0.32100067525232007|0.33804530778214992
0,ENROLLMENT_PCA_TRANSFER,8,0.10000000000000001,1,0.33373622602463549,0.37362307796518324|0.33625507528758308|0.29975699383594123|0.32100067525232007|0.33804530778214992
0,ENROLLMENT_PCA_TRANSFER,8,0.10000000000000001,2,0.33373622602463549,0.37362307796518324|0.33625507528758308|0.29975699383594123|0.32100067525232007|0.33804530778214992
0,ENROLLMENT_PCA_TRANSFER,8,0.10000000000000001,5,0.33373622602463549,0.37362307796518324|0.33625507528758308|0.29975699383594123|0.32100067525232007|0.33804530778214992
0,ENROLLMENT_PCA_TRANSFER,8,1,0.050000000000000003,0.33007045841149946,0.36671625572941363|0.33042284267903466|0.30701574780522151|0.32302967793921733|0.32316776790461005
0,ENROLLMENT_PCA_TRANSFER,8,1,0.10000000000000001,0.33007045841149946,0.36671625572941363|0.33042284267903466|0.30701574780522151|0.32302967793921733|0.32316776790461005
0,ENROLLMENT_PCA_TRANSFER,8,1,0.20000000000000001,0.33007045841149946,0.36671625572941363|0.33042284267903466|0.30701574780522151|0.32302967793921733|0.32316776790461005
0,ENROLLMENT_PCA_TRANSFER,8,1,0.5,0.33007045841149946,0.36671625572941363|0.33042284267903466|0.30701574780522151|0.32302967793921733|0.32316776790461005
0,ENROLLMENT_PCA_TRANSFER,8,1,1,0.33007045841149946,0.36671625572941363|0.33042284267903466|0.30701574780522151|0.32302967793921733|0.32316776790461005
0,ENROLLMENT_PCA_TRANSFER,8,1,2,0.33007045841149946,0.36671625572941363|0.33042284267903466|0.30701574780522151|0.32302967793921733|0.32316776790461005
0,ENROLLMENT_PCA_TRANSFER,8,1,5,0.33007045841149946,0.36671625572941363|0.33042284267903466|0.30701574780522151|0.32302967793921733|0.32316776790461005
0,ENROLLMENT_PCA_TRANSFER,8,10,0.050000000000000003,0.32754959915612003,0.37131392670866359|0.32155134789809708|0.31292746095377677|0.31979453490144277|0.31216072531862005
0,ENROLLMENT_PCA_TRANSFER,8,10,0.10000000000000001,0.32754959915612003,0.37131392670866359|0.32155134789809708|0.31292746095377677|0.31979453490144277|0.31216072531862005
0,ENROLLMENT_PCA_TRANSFER,8,10,0.20000000000000001,0.32754959915612003,0.37131392670866359|0.32155134789809708|0.31292746095377677|0.31979453490144277|0.31216072531862005
0,ENROLLMENT_PCA_TRANSFER,8,10,0.5,0.32754959915612003,0.37131392670866359|0.32155134789809708|0.31292746095377677|0.31979453490144277|0.31216072531862005
0,ENROLLMENT_PCA_TRANSFER,8,10,1,0.32754959915612003,0.37131392670866359|0.32155134789809708|0.31292746095377677|0.31979453490144277|0.31216072531862005
0,ENROLLMENT_PCA_TRANSFER,8,10,2,0.32754959915612003,0.37131392670866359|0.32155134789809708|0.31292746095377677|0.31979453490144277|0.31216072531862005
0,ENROLLMENT_PCA_TRANSFER,8,10,5,0.32754959915612003,0.37131392670866359|0.32155134789809708|0.31292746095377677|0.31979453490144277|0.31216072531862005
0,ENROLLMENT_PCA_TRANSFER,8,100,0.050000000000000003,0.32815272268494022,0.38856942468784572|0.31780302969931451|0.30148210411368309|0.3205067602847208|0.31240229463913677
0,ENROLLMENT_PCA_TRANSFER,8,100,0.10000000000000001,0.32815272268494022,0.38856942468784572|0.31780302969931451|0.30148210411368309|0.3205067602847208|0.31240229463913677
0,ENROLLMENT_PCA_TRANSFER,8,100,0.20000000000000001,0.32815272268494022,0.38856942468784572|0.31780302969931451|0.30148210411368309|0.3205067602847208|0.31240229463913677
0,ENROLLMENT_PCA_TRANSFER,8,100,0.5,0.32815272268494022,0.38856942468784572|0.31780302969931451|0.30148210411368309|0.3205067602847208|0.31240229463913677
0,ENROLLMENT_PCA_TRANSFER,8,100,1,0.32815272268494022,0.38856942468784572|0.31780302969931451|0.30148210411368309|0.3205067602847208|0.31240229463913677
0,ENROLLMENT_PCA_TRANSFER,8,100,2,0.32815272268494022,0.38856942468784572|0.31780302969931451|0.30148210411368309|0.3205067602847208|0.31240229463913677
0,ENROLLMENT_PCA_TRANSFER,8,100,5,0.32815272268494022,0.38856942468784572|0.31780302969931451|0.30148210411368309|0.3205067602847208|0.31240229463913677
0,ENROLLMENT_PCA_TRANSFER,13,1.0000000000000001e-05,0.050000000000000003,0.33069413587399266,0.36025782361308678|0.35206916004903621|0.29645315171630965|0.31198482904897384|0.33270571494255702
0,ENROLLMENT_PCA_TRANSFER,13,1.0000000000000001e-05,0.10000000000000001,0.33069413587399266,0.36025782361308678|0.35206916004903621|0.29645315171630965|0.31198482904897384|0.33270571494255702
0,ENROLLMENT_PCA_TRANSFER,13,1.0000000000000001e-05,0.20000000000000001,0.33069413587399266,0.36025782361308678|0.35206916004903621|0.29645315171630965|0.31198482904897384|0.33270571494255702
0,ENROLLMENT_PCA_TRANSFER,13,1.0000000000000001e-05,0.5,0.33069413587399266,0.36025782361308678|0.35206916004903621|0.29645315171630965|0.31198482904897384|0.33270571494255702
0,ENROLLMENT_PCA_TRANSFER,13,1.0000000000000001e-05,1,0.33069413587399266,0.36025782361308678|0.35206916004903621|0.29645315171630965|0.31198482904897384|0.33270571494255702
0,ENROLLMENT_PCA_TRANSFER,13,1.0000000000000001e-05,2,0.33069413587399266,0.36025782361308678|0.35206916004903621|0.29645315171630965|0.31198482904897384|0.33270571494255702
0,ENROLLMENT_PCA_TRANSFER,13,1.0000000000000001e-05,5,0.33069413587399266,0.36025782361308678|0.35206916004903621|0.29645315171630965|0.31198482904897384|0.33270571494255702
0,ENROLLMENT_PCA_TRANSFER,13,0.0001,0.050000000000000003,0.33069413587399266,0.36025782361308678|0.35206916004903621|0.29645315171630965|0.31198482904897384|0.33270571494255702
0,ENROLLMENT_PCA_TRANSFER,13,0.0001,0.10000000000000001,0.33069413587399266,0.36025782361308678|0.35206916004903621|0.29645315171630965|0.31198482904897384|0.33270571494255702
0,ENROLLMENT_PCA_TRANSFER,13,0.0001,0.20000000000000001,0.33069413587399266,0.36025782361308678|0.35206916004903621|0.29645315171630965|0.31198482904897384|0.33270571494255702
0,ENROLLMENT_PCA_TRANSFER,13,0.0001,0.5,0.33069413587399266,0.36025782361308678|0.35206916004903621|0.29645315171630965|0.31198482904897384|0.33270571494255702
0,ENROLLMENT_PCA_TRANSFER,13,0.0001,1,0.33069413587399266,0.36025782361308678|0.35206916004903621|0.29645315171630965|0.31198482904897384|0.33270571494255702
0,ENROLLMENT_PCA_TRANSFER,13,0.0001,2,0.33069413587399266,0.36025782361308678|0.35206916004903621|0.29645315171630965|0.31198482904897384|0.33270571494255702
0,ENROLLMENT_PCA_TRANSFER,13,0.0001,5,0.33069413587399266,0.36025782361308678|0.35206916004903621|0.29645315171630965|0.31198482904897384|0.33270571494255702
0,ENROLLMENT_PCA_TRANSFER,13,0.001,0.050000000000000003,0.33069413587399266,0.36025782361308678|0.35206916004903621|0.29645315171630965|0.31198482904897384|0.33270571494255702
0,ENROLLMENT_PCA_TRANSFER,13,0.001,0.10000000000000001,0.33069413587399266,0.36025782361308678|0.35206916004903621|0.29645315171630965|0.31198482904897384|0.33270571494255702
0,ENROLLMENT_PCA_TRANSFER,13,0.001,0.20000000000000001,0.33069413587399266,0.36025782361308678|0.35206916004903621|0.29645315171630965|0.31198482904897384|0.33270571494255702
0,ENROLLMENT_PCA_TRANSFER,13,0.001,0.5,0.33069413587399266,0.36025782361308678|0.35206916004903621|0.29645315171630965|0.31198482904897384|0.33270571494255702
0,ENROLLMENT_PCA_TRANSFER,13,0.001,1,0.33069413587399266,0.36025782361308678|0.35206916004903621|0.29645315171630965|0.31198482904897384|0.33270571494255702
0,ENROLLMENT_PCA_TRANSFER,13,0.001,2,0.33069413587399266,0.36025782361308678|0.35206916004903621|0.29645315171630965|0.31198482904897384|0.33270571494255702
0,ENROLLMENT_PCA_TRANSFER,13,0.001,5,0.33069413587399266,0.36025782361308678|0.35206916004903621|0.29645315171630965|0.31198482904897384|0.33270571494255702
0,ENROLLMENT_PCA_TRANSFER,13,0.01,0.050000000000000003,0.33016582646410431,0.3595999288762447|0.350753370575352|0.29645315171630965|0.31194827934137137|0.33207440181124387
0,ENROLLMENT_PCA_TRANSFER,13,0.01,0.10000000000000001,0.33016582646410431,0.3595999288762447|0.350753370575352|0.29645315171630965|0.31194827934137137|0.33207440181124387
0,ENROLLMENT_PCA_TRANSFER,13,0.01,0.20000000000000001,0.33016582646410431,0.3595999288762447|0.350753370575352|0.29645315171630965|0.31194827934137137|0.33207440181124387
0,ENROLLMENT_PCA_TRANSFER,13,0.01,0.5,0.33016582646410431,0.3595999288762447|0.350753370575352|0.29645315171630965|0.31194827934137137|0.33207440181124387
0,ENROLLMENT_PCA_TRANSFER,13,0.01,1,0.33016582646410431,0.3595999288762447|0.350753370575352|0.29645315171630965|0.31194827934137137|0.33207440181124387
0,ENROLLMENT_PCA_TRANSFER,13,0.01,2,0.33016582646410431,0.3595999288762447|0.350753370575352|0.29645315171630965|0.31194827934137137|0.33207440181124387
0,ENROLLMENT_PCA_TRANSFER,13,0.01,5,0.33016582646410431,0.3595999288762447|0.350753370575352|0.29645315171630965|0.31194827934137137|0.33207440181124387
0,ENROLLMENT_PCA_TRANSFER,13,0.10000000000000001,0.050000000000000003,0.32909437326107221,0.35899331662489553|0.34806746098154767|0.29711858988174777|0.30931867605387342|0.33197382276329651
0,ENROLLMENT_PCA_TRANSFER,13,0.10000000000000001,0.10000000000000001,0.32909437326107221,0.35899331662489553|0.34806746098154767|0.29711858988174777|0.30931867605387342|0.33197382276329651
0,ENROLLMENT_PCA_TRANSFER,13,0.10000000000000001,0.20000000000000001,0.32909437326107221,0.35899331662489553|0.34806746098154767|0.29711858988174777|0.30931867605387342|0.33197382276329651
0,ENROLLMENT_PCA_TRANSFER,13,0.10000000000000001,0.5,0.32909437326107221,0.35899331662489553|0.34806746098154767|0.29711858988174777|0.30931867605387342|0.33197382276329651
0,ENROLLMENT_PCA_TRANSFER,13,0.10000000000000001,1,0.32909437326107221,0.35899331662489553|0.34806746098154767|0.29711858988174777|0.30931867605387342|0.33197382276329651
0,ENROLLMENT_PCA_TRANSFER,13,0.10000000000000001,2,0.32909437326107221,0.35899331662489553|0.34806746098154767|0.29711858988174777|0.30931867605387342|0.33197382276329651
0,ENROLLMENT_PCA_TRANSFER,13,0.10000000000000001,5,0.32909437326107221,0.35899331662489553|0.34806746098154767|0.29711858988174777|0.30931867605387342|0.33197382276329651
0,ENROLLMENT_PCA_TRANSFER,13,1,0.050000000000000003,0.33047817399568558,0.36205962541488851|0.33975143874524683|0.30192034139402557|0.32235301443360653|0.32630644999066055
0,ENROLLMENT_PCA_TRANSFER,13,1,0.10000000000000001,0.33047817399568558,0.36205962541488851|0.33975143874524683|0.30192034139402557|0.32235301443360653|0.32630644999066055
0,ENROLLMENT_PCA_TRANSFER,13,1,0.20000000000000001,0.33047817399568558,0.36205962541488851|0.33975143874524683|0.30192034139402557|0.32235301443360653|0.32630644999066055
0,ENROLLMENT_PCA_TRANSFER,13,1,0.5,0.33047817399568558,0.36205962541488851|0.33975143874524683|0.30192034139402557|0.32235301443360653|0.32630644999066055
0,ENROLLMENT_PCA_TRANSFER,13,1,1,0.33047817399568558,0.36205962541488851|0.33975143874524683|0.30192034139402557|0.32235301443360653|0.32630644999066055
0,ENROLLMENT_PCA_TRANSFER,13,1,2,0.33047817399568558,0.36205962541488851|0.33975143874524683|0.30192034139402557|0.32235301443360653|0.32630644999066055
0,ENROLLMENT_PCA_TRANSFER,13,1,5,0.33047817399568558,0.36205962541488851|0.33975143874524683|0.30192034139402557|0.32235301443360653|0.32630644999066055
0,ENROLLMENT_PCA_TRANSFER,13,10,0.050000000000000003,0.32838108255339288,0.36705637968795862|0.32487638345997472|0.31111703809072228|0.32041587993068255|0.3184397315976264
0,ENROLLMENT_PCA_TRANSFER,13,10,0.10000000000000001,0.32838108255339288,0.36705637968795862|0.32487638345997472|0.31111703809072228|0.32041587993068255|0.3184397315976264
0,ENROLLMENT_PCA_TRANSFER,13,10,0.20000000000000001,0.32838108255339288,0.36705637968795862|0.32487638345997472|0.31111703809072228|0.32041587993068255|0.3184397315976264
0,ENROLLMENT_PCA_TRANSFER,13,10,0.5,0.32838108255339288,0.36705637968795862|0.32487638345997472|0.31111703809072228|0.32041587993068255|0.3184397315976264
0,ENROLLMENT_PCA_TRANSFER,13,10,1,0.32838108255339288,0.36705637968795862|0.32487638345997472|0.31111703809072228|0.32041587993068255|0.3184397315976264
0,ENROLLMENT_PCA_TRANSFER,13,10,2,0.32838108255339288,0.36705637968795862|0.32487638345997472|0.31111703809072228|0.32041587993068255|0.3184397315976264
0,ENROLLMENT_PCA_TRANSFER,13,10,5,0.32838108255339288,0.36705637968795862|0.32487638345997472|0.31111703809072228|0.32041587993068255|0.3184397315976264
0,ENROLLMENT_PCA_TRANSFER,13,100,0.050000000000000003,0.32828378077652454,0.38853287498024336|0.31780302969931451|0.30149826860353179|0.32118243596039653|0.31240229463913677
0,ENROLLMENT_PCA_TRANSFER,13,100,0.10000000000000001,0.32828378077652454,0.38853287498024336|0.31780302969931451|0.30149826860353179|0.32118243596039653|0.31240229463913677
0,ENROLLMENT_PCA_TRANSFER,13,100,0.20000000000000001,0.32828378077652454,0.38853287498024336|0.31780302969931451|0.30149826860353179|0.32118243596039653|0.31240229463913677
0,ENROLLMENT_PCA_TRANSFER,13,100,0.5,0.32828378077652454,0.38853287498024336|0.31780302969931451|0.30149826860353179|0.32118243596039653|0.31240229463913677
0,ENROLLMENT_PCA_TRANSFER,13,100,1,0.32828378077652454,0.38853287498024336|0.31780302969931451|0.30149826860353179|0.32118243596039653|0.31240229463913677
0,ENROLLMENT_PCA_TRANSFER,13,100,2,0.32828378077652454,0.38853287498024336|0.31780302969931451|0.30149826860353179|0.32118243596039653|0.31240229463913677
0,ENROLLMENT_PCA_TRANSFER,13,100,5,0.32828378077652454,0.38853287498024336|0.31780302969931451|0.30149826860353179|0.32118243596039653|0.31240229463913677
0,FULL_RIDGE_TRANSFER,51,1.0000000000000001e-05,0.050000000000000003,0.32279338320795364,0.34777484251168467|0.3384350366509809|0.30546395677974625|0.29762935280205011|0.32466372729530629
0,FULL_RIDGE_TRANSFER,51,1.0000000000000001e-05,0.10000000000000001,0.32279338320795364,0.34777484251168467|0.3384350366509809|0.30546395677974625|0.29762935280205011|0.32466372729530629
0,FULL_RIDGE_TRANSFER,51,1.0000000000000001e-05,0.20000000000000001,0.32279338320795364,0.34777484251168467|0.3384350366509809|0.30546395677974625|0.29762935280205011|0.32466372729530629
0,FULL_RIDGE_TRANSFER,51,1.0000000000000001e-05,0.5,0.32279338320795364,0.34777484251168467|0.3384350366509809|0.30546395677974625|0.29762935280205011|0.32466372729530629
0,FULL_RIDGE_TRANSFER,51,1.0000000000000001e-05,1,0.32279338320795364,0.34777484251168467|0.3384350366509809|0.30546395677974625|0.29762935280205011|0.32466372729530629
0,FULL_RIDGE_TRANSFER,51,1.0000000000000001e-05,2,0.32279338320795364,0.34777484251168467|0.3384350366509809|0.30546395677974625|0.29762935280205011|0.32466372729530629
0,FULL_RIDGE_TRANSFER,51,1.0000000000000001e-05,5,0.32279338320795364,0.34777484251168467|0.3384350366509809|0.30546395677974625|0.29762935280205011|0.32466372729530629
0,FULL_RIDGE_TRANSFER,51,0.0001,0.050000000000000003,0.32279338320795364,0.34777484251168467|0.3384350366509809|0.30546395677974625|0.29762935280205011|0.32466372729530629
0,FULL_RIDGE_TRANSFER,51,0.0001,0.10000000000000001,0.32279338320795364,0.34777484251168467|0.3384350366509809|0.30546395677974625|0.29762935280205011|0.32466372729530629
0,FULL_RIDGE_TRANSFER,51,0.0001,0.20000000000000001,0.32279338320795364,0.34777484251168467|0.3384350366509809|0.30546395677974625|0.29762935280205011|0.32466372729530629
0,FULL_RIDGE_TRANSFER,51,0.0001,0.5,0.32279338320795364,0.34777484251168467|0.3384350366509809|0.30546395677974625|0.29762935280205011|0.32466372729530629
0,FULL_RIDGE_TRANSFER,51,0.0001,1,0.32279338320795364,0.34777484251168467|0.3384350366509809|0.30546395677974625|0.29762935280205011|0.32466372729530629
0,FULL_RIDGE_TRANSFER,51,0.0001,2,0.32279338320795364,0.34777484251168467|0.3384350366509809|0.30546395677974625|0.29762935280205011|0.32466372729530629
0,FULL_RIDGE_TRANSFER,51,0.0001,5,0.32279338320795364,0.34777484251168467|0.3384350366509809|0.30546395677974625|0.29762935280205011|0.32466372729530629
0,FULL_RIDGE_TRANSFER,51,0.001,0.050000000000000003,0.32317098569081926,0.34777484251168467|0.33911071232665657|0.30606204290414818|0.29762935280205011|0.32527797790955687
0,FULL_RIDGE_TRANSFER,51,0.001,0.10000000000000001,0.32317098569081926,0.34777484251168467|0.33911071232665657|0.30606204290414818|0.29762935280205011|0.32527797790955687
0,FULL_RIDGE_TRANSFER,51,0.001,0.20000000000000001,0.32317098569081926,0.34777484251168467|0.33911071232665657|0.30606204290414818|0.29762935280205011|0.32527797790955687
0,FULL_RIDGE_TRANSFER,51,0.001,0.5,0.32317098569081926,0.34777484251168467|0.33911071232665657|0.30606204290414818|0.29762935280205011|0.32527797790955687
0,FULL_RIDGE_TRANSFER,51,0.001,1,0.32317098569081926,0.34777484251168467|0.33911071232665657|0.30606204290414818|0.29762935280205011|0.32527797790955687
0,FULL_RIDGE_TRANSFER,51,0.001,2,0.32317098569081926,0.34777484251168467|0.33911071232665657|0.30606204290414818|0.29762935280205011|0.32527797790955687
0,FULL_RIDGE_TRANSFER,51,0.001,5,0.32317098569081926,0.34777484251168467|0.33911071232665657|0.30606204290414818|0.29762935280205011|0.32527797790955687
0,FULL_RIDGE_TRANSFER,51,0.01,0.050000000000000003,0.32489145958234583,0.34845051818736028|0.34572522157274477|0.30423635357845885|0.29761058403328144|0.32843462053988376
0,FULL_RIDGE_TRANSFER,51,0.01,0.10000000000000001,0.32489145958234583,0.34845051818736028|0.34572522157274477|0.30423635357845885|0.29761058403328144|0.32843462053988376
0,FULL_RIDGE_TRANSFER,51,0.01,0.20000000000000001,0.32489145958234583,0.34845051818736028|0.34572522157274477|0.30423635357845885|0.29761058403328144|0.32843462053988376
0,FULL_RIDGE_TRANSFER,51,0.01,0.5,0.32489145958234583,0.34845051818736028|0.34572522157274477|0.30423635357845885|0.29761058403328144|0.32843462053988376
0,FULL_RIDGE_TRANSFER,51,0.01,1,0.32489145958234583,0.34845051818736028|0.34572522157274477|0.30423635357845885|0.29761058403328144|0.32843462053988376
0,FULL_RIDGE_TRANSFER,51,0.01,2,0.32489145958234583,0.34845051818736028|0.34572522157274477|0.30423635357845885|0.29761058403328144|0.32843462053988376
0,FULL_RIDGE_TRANSFER,51,0.01,5,0.32489145958234583,0.34845051818736028|0.34572522157274477|0.30423635357845885|0.29761058403328144|0.32843462053988376
0,FULL_RIDGE_TRANSFER,51,0.10000000000000001,0.050000000000000003,0.33110198224565485,0.34976325950010156|0.34949603241011912|0.31267511530669423|0.31087615223306014|0.33269935177829918
0,FULL_RIDGE_TRANSFER,51,0.10000000000000001,0.10000000000000001,0.33110198224565485,0.34976325950010156|0.34949603241011912|0.31267511530669423|0.31087615223306014|0.33269935177829918
0,FULL_RIDGE_TRANSFER,51,0.10000000000000001,0.20000000000000001,0.33110198224565485,0.34976325950010156|0.34949603241011912|0.31267511530669423|0.31087615223306014|0.33269935177829918
0,FULL_RIDGE_TRANSFER,51,0.10000000000000001,0.5,0.33110198224565485,0.34976325950010156|0.34949603241011912|0.31267511530669423|0.31087615223306014|0.33269935177829918
0,FULL_RIDGE_TRANSFER,51,0.10000000000000001,1,0.33110198224565485,0.34976325950010156|0.34949603241011912|0.31267511530669423|0.31087615223306014|0.33269935177829918
0,FULL_RIDGE_TRANSFER,51,0.10000000000000001,2,0.33110198224565485,0.34976325950010156|0.34949603241011912|0.31267511530669423|0.31087615223306014|0.33269935177829918
0,FULL_RIDGE_TRANSFER,51,0.10000000000000001,5,0.33110198224565485,0.34976325950010156|0.34949603241011912|0.31267511530669423|0.31087615223306014|0.33269935177829918
0,FULL_RIDGE_TRANSFER,51,1,0.050000000000000003,0.3308261476780246,0.35455547652916075|0.34002533161201887|0.31496957483799587|0.31490181323240535|0.3296785421785422
0,FULL_RIDGE_TRANSFER,51,1,0.10000000000000001,0.3308261476780246,0.35455547652916075|0.34002533161201887|0.31496957483799587|0.31490181323240535|0.3296785421785422
0,FULL_RIDGE_TRANSFER,51,1,0.20000000000000001,0.3308261476780246,0.35455547652916075|0.34002533161201887|0.31496957483799587|0.31490181323240535|0.3296785421785422
0,FULL_RIDGE_TRANSFER,51,1,0.5,0.3308261476780246,0.35455547652916075|0.34002533161201887|0.31496957483799587|0.31490181323240535|0.3296785421785422
0,FULL_RIDGE_TRANSFER,51,1,1,0.3308261476780246,0.35455547652916075|0.34002533161201887|0.31496957483799587|0.31490181323240535|0.3296785421785422
0,FULL_RIDGE_TRANSFER,51,1,2,0.3308261476780246,0.35455547652916075|0.34002533161201887|0.31496957483799587|0.31490181323240535|0.3296785421785422
0,FULL_RIDGE_TRANSFER,51,1,5,0.3308261476780246,0.35455547652916075|0.34002533161201887|0.31496957483799587|0.31490181323240535|0.3296785421785422
0,FULL_RIDGE_TRANSFER,51,10,0.050000000000000003,0.32812431758610161,0.36645182776761726|0.32425709876174269|0.31294272741641166|0.319775766132674|0.31719416785206261
0,FULL_RIDGE_TRANSFER,51,10,0.10000000000000001,0.32812431758610161,0.36645182776761726|0.32425709876174269|0.31294272741641166|0.319775766132674|0.31719416785206261
0,FULL_RIDGE_TRANSFER,51,10,0.20000000000000001,0.32812431758610161,0.36645182776761726|0.32425709876174269|0.31294272741641166|0.319775766132674|0.31719416785206261
0,FULL_RIDGE_TRANSFER,51,10,0.5,0.32812431758610161,0.36645182776761726|0.32425709876174269|0.31294272741641166|0.319775766132674|0.31719416785206261
0,FULL_RIDGE_TRANSFER,51,10,1,0.32812431758610161,0.36645182776761726|0.32425709876174269|0.31294272741641166|0.319775766132674|0.31719416785206261
0,FULL_RIDGE_TRANSFER,51,10,2,0.32812431758610161,0.36645182776761726|0.32425709876174269|0.31294272741641166|0.319775766132674|0.31719416785206261
0,FULL_RIDGE_TRANSFER,51,10,5,0.32812431758610161,0.36645182776761726|0.32425709876174269|0.31294272741641166|0.319775766132674|0.31719416785206261
0,FULL_RIDGE_TRANSFER,51,100,0.050000000000000003,0.32828378077652459,0.38853287498024336|0.31846092443615664|0.30149826860353179|0.32052454122355439|0.31240229463913677
0,FULL_RIDGE_TRANSFER,51,100,0.10000000000000001,0.32828378077652459,0.38853287498024336|0.31846092443615664|0.30149826860353179|0.32052454122355439|0.31240229463913677
0,FULL_RIDGE_TRANSFER,51,100,0.20000000000000001,0.32828378077652459,0.38853287498024336|0.31846092443615664|0.30149826860353179|0.32052454122355439|0.31240229463913677
0,FULL_RIDGE_TRANSFER,51,100,0.5,0.32828378077652459,0.38853287498024336|0.31846092443615664|0.30149826860353179|0.32052454122355439|0.31240229463913677
0,FULL_RIDGE_TRANSFER,51,100,1,0.32828378077652459,0.38853287498024336|0.31846092443615664|0.30149826860353179|0.32052454122355439|0.31240229463913677
0,FULL_RIDGE_TRANSFER,51,100,2,0.32828378077652459,0.38853287498024336|0.31846092443615664|0.30149826860353179|0.32052454122355439|0.31240229463913677
0,FULL_RIDGE_TRANSFER,51,100,5,0.32828378077652459,0.38853287498024336|0.31846092443615664|0.30149826860353179|0.32052454122355439|0.31240229463913677
1,LRCM,1,1.0000000000000001e-05,0.050000000000000003,0.32658590064220872,0.32439299261667687|0.30565775361827996|0.33221702381435353|0.34896080290817133|0.32170093025356189
1,LRCM,1,1.0000000000000001e-05,0.10000000000000001,0.32658590064220872,0.32439299261667687|0.30565775361827996|0.33221702381435353|0.34896080290817133|0.32170093025356189
1,LRCM,1,1.0000000000000001e-05,0.20000000000000001,0.32658590064220872,0.32439299261667687|0.30565775361827996|0.33221702381435353|0.34896080290817133|0.32170093025356189
1,LRCM,1,1.0000000000000001e-05,0.5,0.32658590064220872,0.32439299261667687|0.30565775361827996|0.33221702381435353|0.34896080290817133|0.32170093025356189
1,LRCM,1,1.0000000000000001e-05,1,0.32658590064220872,0.32439299261667687|0.30565775361827996|0.33221702381435353|0.34896080290817133|0.32170093025356189
1,LRCM,1,1.0000000000000001e-05,2,0.32658590064220872,0.32439299261667687|0.30565775361827996|0.33221702381435353|0.34896080290817133|0.32170093025356189
1,LRCM,1,1.0000000000000001e-05,5,0.32658590064220872,0.32439299261667687|0.30565775361827996|0.33221702381435353|0.34896080290817133|0.32170093025356189
1,LRCM,1,0.0001,0.050000000000000003,0.32646628341732831,0.32439299261667687|0.30565775361827996|0.3316189376899516|0.34896080290817133|0.32170093025356189
1,LRCM,1,0.0001,0.10000000000000001,0.32646628341732831,0.32439299261667687|0.30565775361827996|0.3316189376899516|0.34896080290817133|0.32170093025356189
1,LRCM,1,0.0001,0.20000000000000001,0.32646628341732831,0.32439299261667687|0.30565775361827996|0.3316189376899516|0.34896080290817133|0.32170093025356189
1,LRCM,1,0.0001,0.5,0.32646628341732831,0.32439299261667687|0.30565775361827996|0.3316189376899516|0.34896080290817133|0.32170093025356189
1,LRCM,1,0.0001,1,0.32646628341732831,0.32439299261667687|0.30565775361827996|0.3316189376899516|0.34896080290817133|0.32170093025356189
1,LRCM,1,0.0001,2,0.32646628341732831,0.32439299261667687|0.30565775361827996|0.3316189376899516|0.34896080290817133|0.32170093025356189
1,LRCM,1,0.0001,5,0.32646628341732831,0.32439299261667687|0.30565775361827996|0.3316189376899516|0.34896080290817133|0.32170093025356189
1,LRCM,1,0.001,0.050000000000000003,0.32661645050170601,0.32510727833096259|0.30565775361827996|0.3316189376899516|0.34896080290817133|0.3217374799611642
1,LRCM,1,0.001,0.10000000000000001,0.32661645050170601,0.32510727833096259|0.30565775361827996|0.3316189376899516|0.34896080290817133|0.3217374799611642
1,LRCM,1,0.001,0.20000000000000001,0.32661645050170601,0.32510727833096259|0.30565775361827996|0.3316189376899516|0.34896080290817133|0.3217374799611642
1,LRCM,1,0.001,0.5,0.32661645050170601,0.32510727833096259|0.30565775361827996|0.3316189376899516|0.34896080290817133|0.3217374799611642
1,LRCM,1,0.001,1,0.32661645050170601,0.32510727833096259|0.30565775361827996|0.3316189376899516|0.34896080290817133|0.3217374799611642
1,LRCM,1,0.001,2,0.32661645050170601,0.32510727833096259|0.30565775361827996|0.3316189376899516|0.34896080290817133|0.3217374799611642
1,LRCM,1,0.001,5,0.32661645050170601,0.32510727833096259|0.30565775361827996|0.3316189376899516|0.34896080290817133|0.3217374799611642
1,LRCM,1,0.01,0.050000000000000003,0.32756537584536816,0.32582156404524831|0.30501763982027141|0.33286360340830157|0.34832948977685818|0.32579458217616114
1,LRCM,1,0.01,0.10000000000000001,0.32756537584536816,0.32582156404524831|0.30501763982027141|0.33286360340830157|0.34832948977685818|0.32579458217616114
1,LRCM,1,0.01,0.20000000000000001,0.32756537584536816,0.32582156404524831|0.30501763982027141|0.33286360340830157|0.34832948977685818|0.32579458217616114
1,LRCM,1,0.01,0.5,0.32756537584536816,0.32582156404524831|0.30501763982027141|0.33286360340830157|0.34832948977685818|0.32579458217616114
1,LRCM,1,0.01,1,0.32756537584536816,0.32582156404524831|0.30501763982027141|0.33286360340830157|0.34832948977685818|0.32579458217616114
1,LRCM,1,0.01,2,0.32756537584536816,0.32582156404524831|0.30501763982027141|0.33286360340830157|0.34832948977685818|0.32579458217616114
1,LRCM,1,0.01,5,0.32756537584536816,0.32582156404524831|0.30501763982027141|0.33286360340830157|0.34832948977685818|0.32579458217616114
1,LRCM,1,0.10000000000000001,0.050000000000000003,0.32876008661902623,0.32860041432409853|0.30657668947142624|0.33471002433366981|0.35080265672370936|0.32311064824222713
1,LRCM,1,0.10000000000000001,0.10000000000000001,0.32876008661902623,0.32860041432409853|0.30657668947142624|0.33471002433366981|0.35080265672370936|0.32311064824222713
1,LRCM,1,0.10000000000000001,0.20000000000000001,0.32876008661902623,0.32860041432409853|0.30657668947142624|0.33471002433366981|0.35080265672370936|0.32311064824222713
1,LRCM,1,0.10000000000000001,0.5,0.32876008661902623,0.32860041432409853|0.30657668947142624|0.33471002433366981|0.35080265672370936|0.32311064824222713
1,LRCM,1,0.10000000000000001,1,0.32876008661902623,0.32860041432409853|0.30657668947142624|0.33471002433366981|0.35080265672370936|0.32311064824222713
1,LRCM,1,0.10000000000000001,2,0.32876008661902623,0.32860041432409853|0.30657668947142624|0.33471002433366981|0.35080265672370936|0.32311064824222713
1,LRCM,1,0.10000000000000001,5,0.32876008661902623,0.32860041432409853|0.30657668947142624|0.33471002433366981|0.35080265672370936|0.32311064824222713
1,LRCM,1,1,0.050000000000000003,0.33145691079030859,0.33683191650296912|0.31024517938991625|0.33781073118824662|0.35555501673922724|0.3168417101311839
1,LRCM,1,1,0.10000000000000001,0.33145691079030859,0.33683191650296912|0.31024517938991625|0.33781073118824662|0.35555501673922724|0.3168417101311839
1,LRCM,1,1,0.20000000000000001,0.33145691079030859,0.33683191650296912|0.31024517938991625|0.33781073118824662|0.35555501673922724|0.3168417101311839
1,LRCM,1,1,0.5,0.33145691079030859,0.33683191650296912|0.31024517938991625|0.33781073118824662|0.35555501673922724|0.3168417101311839
1,LRCM,1,1,1,0.33145691079030859,0.33683191650296912|0.31024517938991625|0.33781073118824662|0.35555501673922724|0.3168417101311839
1,LRCM,1,1,2,0.33145691079030859,0.33683191650296912|0.31024517938991625|0.33781073118824662|0.35555501673922724|0.3168417101311839
1,LRCM,1,1,5,0.33145691079030859,0.33683191650296912|0.31024517938991625|0.33781073118824662|0.35555501673922724|0.3168417101311839
1,LRCM,1,10,0.050000000000000003,0.34108051933109984,0.33942587324166273|0.30741307096570253|0.37712064843934034|0.36038819920398873|0.32105480480480475
1,LRCM,1,10,0.10000000000000001,0.34108051933109984,0.33942587324166273|0.30741307096570253|0.37712064843934034|0.36038819920398873|0.32105480480480475
1,LRCM,1,10,0.20000000000000001,0.34108051933109984,0.33942587324166273|0.30741307096570253|0.37712064843934034|0.36038819920398873|0.32105480480480475
1,LRCM,1,10,0.5,0.34108051933109984,0.33942587324166273|0.30741307096570253|0.37712064843934034|0.36038819920398873|0.32105480480480475
1,LRCM,1,10,1,0.34108051933109984,0.33942587324166273|0.30741307096570253|0.37712064843934034|0.36038819920398873|0.32105480480480475
1,LRCM,1,10,2,0.34108051933109984,0.33942587324166273|0.30741307096570253|0.37712064843934034|0.36038819920398873|0.32105480480480475
1,LRCM,1,10,5,0.34108051933109984,0.33942587324166273|0.30741307096570253|0.37712064843934034|0.36038819920398873|0.32105480480480475
1,LRCM,1,100,0.050000000000000003,0.33993903693961747,0.34207523312786475|0.30879899636478586|0.36548221574827616|0.36226417805365174|0.32107456140350876
1,LRCM,1,100,0.10000000000000001,0.33993903693961747,0.34207523312786475|0.30879899636478586|0.36548221574827616|0.36226417805365174|0.32107456140350876
1,LRCM,1,100,0.20000000000000001,0.33993903693961747,0.34207523312786475|0.30879899636478586|0.36548221574827616|0.36226417805365174|0.32107456140350876
1,LRCM,1,100,0.5,0.33993903693961747,0.34207523312786475|0.30879899636478586|0.36548221574827616|0.36226417805365174|0.32107456140350876
1,LRCM,1,100,1,0.33993903693961747,0.34207523312786475|0.30879899636478586|0.36548221574827616|0.36226417805365174|0.32107456140350876
1,LRCM,1,100,2,0.33993903693961747,0.34207523312786475|0.30879899636478586|0.36548221574827616|0.36226417805365174|0.32107456140350876
1,LRCM,1,100,5,0.33993903693961747,0.34207523312786475|0.30879899636478586|0.36548221574827616|0.36226417805365174|0.32107456140350876
1,LRCM,2,1.0000000000000001e-05,0.050000000000000003,0.33343516651779032,0.32425534557113506|0.30750821310031834|0.32605925120921248|0.38611398479819531|0.32323903791009051
1,LRCM,2,1.0000000000000001e-05,0.10000000000000001,0.33343516651779032,0.32425534557113506|0.30750821310031834|0.32605925120921248|0.38611398479819531|0.32323903791009051
1,LRCM,2,1.0000000000000001e-05,0.20000000000000001,0.33343516651779032,0.32425534557113506|0.30750821310031834|0.32605925120921248|0.38611398479819531|0.32323903791009051
1,LRCM,2,1.0000000000000001e-05,0.5,0.33343516651779032,0.32425534557113506|0.30750821310031834|0.32605925120921248|0.38611398479819531|0.32323903791009051
1,LRCM,2,1.0000000000000001e-05,1,0.33343516651779032,0.32425534557113506|0.30750821310031834|0.32605925120921248|0.38611398479819531|0.32323903791009051
1,LRCM,2,1.0000000000000001e-05,2,0.33343516651779032,0.32425534557113506|0.30750821310031834|0.32605925120921248|0.38611398479819531|0.32323903791009051
1,LRCM,2,1.0000000000000001e-05,5,0.33343516651779032,0.32425534557113506|0.30750821310031834|0.32605925120921248|0.38611398479819531|0.32323903791009051
1,LRCM,2,0.0001,0.050000000000000003,0.33343516651779032,0.32425534557113506|0.30750821310031834|0.32605925120921248|0.38611398479819531|0.32323903791009051
1,LRCM,2,0.0001,0.10000000000000001,0.33343516651779032,0.32425534557113506|0.30750821310031834|0.32605925120921248|0.38611398479819531|0.32323903791009051
1,LRCM,2,0.0001,0.20000000000000001,0.33343516651779032,0.32425534557113506|0.30750821310031834|0.32605925120921248|0.38611398479819531|0.32323903791009051
1,LRCM,2,0.0001,0.5,0.33343516651779032,0.32425534557113506|0.30750821310031834|0.32605925120921248|0.38611398479819531|0.32323903791009051
1,LRCM,2,0.0001,1,0.33343516651779032,0.32425534557113506|0.30750821310031834|0.32605925120921248|0.38611398479819531|0.32323903791009051
1,LRCM,2,0.0001,2,0.33343516651779032,0.32425534557113506|0.30750821310031834|0.32605925120921248|0.38611398479819531|0.32323903791009051
1,LRCM,2,0.0001,5,0.33343516651779032,0.32425534557113506|0.30750821310031834|0.32605925120921248|0.38611398479819531|0.32323903791009051
1,LRCM,2,0.001,0.050000000000000003,0.33319593206802961,0.32425534557113506|0.30750821310031834|0.32486307896040872|0.38611398479819531|0.32323903791009051
1,LRCM,2,0.001,0.10000000000000001,0.33319593206802961,0.32425534557113506|0.30750821310031834|0.32486307896040872|0.38611398479819531|0.32323903791009051
1,LRCM,2,0.001,0.20000000000000001,0.33319593206802961,0.32425534557113506|0.30750821310031834|0.32486307896040872|0.38611398479819531|0.32323903791009051
1,LRCM,2,0.001,0.5,0.33319593206802961,0.32425534557113506|0.30750821310031834|0.32486307896040872|0.38611398479819531|0.32323903791009051
1,LRCM,2,0.001,1,0.33319593206802961,0.32425534557113506|0.30750821310031834|0.32486307896040872|0.38611398479819531|0.32323903791009051
1,LRCM,2,0.001,2,0.33319593206802961,0.32425534557113506|0.30750821310031834|0.32486307896040872|0.38611398479819531|0.32323903791009051
1,LRCM,2,0.001,5,0.33319593206802961,0.32425534557113506|0.30750821310031834|0.32486307896040872|0.38611398479819531|0.32323903791009051
1,LRCM,2,0.01,0.050000000000000003,0.33296689715478417,0.32233706450811717|0.3081859491070017|0.3242811573258555|0.38609782030834661|0.32393249452459977
1,LRCM,2,0.01,0.10000000000000001,0.33296689715478417,0.32233706450811717|0.3081859491070017|0.3242811573258555|0.38609782030834661|0.32393249452459977
1,LRCM,2,0.01,0.20000000000000001,0.33296689715478417,0.32233706450811717|0.3081859491070017|0.3242811573258555|0.38609782030834661|0.32393249452459977
1,LRCM,2,0.01,0.5,0.33296689715478417,0.32233706450811717|0.3081859491070017|0.3242811573258555|0.38609782030834661|0.32393249452459977
1,LRCM,2,0.01,1,0.33296689715478417,0.32233706450811717|0.3081859491070017|0.3242811573258555|0.38609782030834661|0.32393249452459977
1,LRCM,2,0.01,2,0.33296689715478417,0.32233706450811717|0.3081859491070017|0.3242811573258555|0.38609782030834661|0.32393249452459977
1,LRCM,2,0.01,5,0.33296689715478417,0.32233706450811717|0.3081859491070017|0.3242811573258555|0.38609782030834661|0.32393249452459977
1,LRCM,2,0.10000000000000001,0.050000000000000003,0.33569524724304134,0.32129614576983001|0.30678331527015734|0.33410982520405896|0.39083401583401584|0.32545293413714466
1,LRCM,2,0.10000000000000001,0.10000000000000001,0.33569524724304134,0.32129614576983001|0.30678331527015734|0.33410982520405896|0.39083401583401584|0.32545293413714466
1,LRCM,2,0.10000000000000001,0.20000000000000001,0.33569524724304134,0.32129614576983001|0.30678331527015734|0.33410982520405896|0.39083401583401584|0.32545293413714466
1,LRCM,2,0.10000000000000001,0.5,0.33569524724304134,0.32129614576983001|0.30678331527015734|0.33410982520405896|0.39083401583401584|0.32545293413714466
1,LRCM,2,0.10000000000000001,1,0.33569524724304134,0.32129614576983001|0.30678331527015734|0.33410982520405896|0.39083401583401584|0.32545293413714466
1,LRCM,2,0.10000000000000001,2,0.33569524724304134,0.32129614576983001|0.30678331527015734|0.33410982520405896|0.39083401583401584|0.32545293413714466
1,LRCM,2,0.10000000000000001,5,0.33569524724304134,0.32129614576983001|0.30678331527015734|0.33410982520405896|0.39083401583401584|0.32545293413714466
1,LRCM,2,1,0.050000000000000003,0.33874525139056877,0.34242097360518409|0.30361370769265511|0.34625237415001342|0.37615755707860976|0.3252816444263813
1,LRCM,2,1,0.10000000000000001,0.33874525139056877,0.34242097360518409|0.30361370769265511|0.34625237415001342|0.37615755707860976|0.3252816444263813
1,LRCM,2,1,0.20000000000000001,0.33874525139056877,0.34242097360518409|0.30361370769265511|0.34625237415001342|0.37615755707860976|0.3252816444263813
1,LRCM,2,1,0.5,0.33874525139056877,0.34242097360518409|0.30361370769265511|0.34625237415001342|0.37615755707860976|0.3252816444263813
1,LRCM,2,1,1,0.33874525139056877,0.34242097360518409|0.30361370769265511|0.34625237415001342|0.37615755707860976|0.3252816444263813
1,LRCM,2,1,2,0.33874525139056877,0.34242097360518409|0.30361370769265511|0.34625237415001342|0.37615755707860976|0.3252816444263813
1,LRCM,2,1,5,0.33874525139056877,0.34242097360518409|0.30361370769265511|0.34625237415001342|0.37615755707860976|0.3252816444263813
1,LRCM,2,10,0.050000000000000003,0.34161437435334491,0.34477694800063219|0.30286617444512187|0.37192042640475304|0.36021667600614971|0.32829164691006796
1,LRCM,2,10,0.10000000000000001,0.34161437435334491,0.34477694800063219|0.30286617444512187|0.37192042640475304|0.36021667600614971|0.32829164691006796
1,LRCM,2,10,0.20000000000000001,0.34161437435334491,0.34477694800063219|0.30286617444512187|0.37192042640475304|0.36021667600614971|0.32829164691006796
1,LRCM,2,10,0.5,0.34161437435334491,0.34477694800063219|0.30286617444512187|0.37192042640475304|0.36021667600614971|0.32829164691006796
1,LRCM,2,10,1,0.34161437435334491,0.34477694800063219|0.30286617444512187|0.37192042640475304|0.36021667600614971|0.32829164691006796
1,LRCM,2,10,2,0.34161437435334491,0.34477694800063219|0.30286617444512187|0.37192042640475304|0.36021667600614971|0.32829164691006796
1,LRCM,2,10,5,0.34161437435334491,0.34477694800063219|0.30286617444512187|0.37192042640475304|0.36021667600614971|0.32829164691006796
1,LRCM,2,100,0.050000000000000003,0.34116449951569922,0.3420209024814288|0.30814110162794373|0.36608136290315085|0.36654866589077123|0.32303046467520152
1,LRCM,2,100,0.10000000000000001,0.34116449951569922,0.3420209024814288|0.30814110162794373|0.36608136290315085|0.36654866589077123|0.32303046467520152
1,LRCM,2,100,0.20000000000000001,0.34116449951569922,0.3420209024814288|0.30814110162794373|0.36608136290315085|0.36654866589077123|0.32303046467520152
1,LRCM,2,100,0.5,0.34116449951569922,0.3420209024814288|0.30814110162794373|0.36608136290315085|0.36654866589077123|0.32303046467520152
1,LRCM,2,100,1,0.34116449951569922,0.3420209024814288|0.30814110162794373|0.36608136290315085|0.36654866589077123|0.32303046467520152
1,LRCM,2,100,2,0.34116449951569922,0.3420209024814288|0.30814110162794373|0.36608136290315085|0.36654866589077123|0.32303046467520152
1,LRCM,2,100,5,0.34116449951569922,0.3420209024814288|0.30814110162794373|0.36608136290315085|0.36654866589077123|0.32303046467520152
1,LRCM,3,1.0000000000000001e-05,0.050000000000000003,0.33396129261976781,0.32430671272776534|0.30687114746325267|0.33298425298715539|0.38117842723105883|0.32446592268960694
1,LRCM,3,1.0000000000000001e-05,0.10000000000000001,0.33396129261976781,0.32430671272776534|0.30687114746325267|0.33298425298715539|0.38117842723105883|0.32446592268960694
1,LRCM,3,1.0000000000000001e-05,0.20000000000000001,0.33396129261976781,0.32430671272776534|0.30687114746325267|0.33298425298715539|0.38117842723105883|0.32446592268960694
1,LRCM,3,1.0000000000000001e-05,0.5,0.33396129261976781,0.32430671272776534|0.30687114746325267|0.33298425298715539|0.38117842723105883|0.32446592268960694
1,LRCM,3,1.0000000000000001e-05,1,0.33396129261976781,0.32430671272776534|0.30687114746325267|0.33298425298715539|0.38117842723105883|0.32446592268960694
1,LRCM,3,1.0000000000000001e-05,2,0.33396129261976781,0.32430671272776534|0.30687114746325267|0.33298425298715539|0.38117842723105883|0.32446592268960694
1,LRCM,3,1.0000000000000001e-05,5,0.33396129261976781,0.32430671272776534|0.30687114746325267|0.33298425298715539|0.38117842723105883|0.32446592268960694
1,LRCM,3,0.0001,0.050000000000000003,0.33396129261976781,0.32430671272776534|0.30687114746325267|0.33298425298715539|0.38117842723105883|0.32446592268960694
1,LRCM,3,0.0001,0.10000000000000001,0.33396129261976781,0.32430671272776534|0.30687114746325267|0.33298425298715539|0.38117842723105883|0.32446592268960694
1,LRCM,3,0.0001,0.20000000000000001,0.33396129261976781,0.32430671272776534|0.30687114746325267|0.33298425298715539|0.38117842723105883|0.32446592268960694
1,LRCM,3,0.0001,0.5,0.33396129261976781,0.32430671272776534|0.30687114746325267|0.33298425298715539|0.38117842723105883|0.32446592268960694
1,LRCM,3,0.0001,1,0.33396129261976781,0.32430671272776534|0.30687114746325267|0.33298425298715539|0.38117842723105883|0.32446592268960694
1,LRCM,3,0.0001,2,0.33396129261976781,0.32430671272776534|0.30687114746325267|0.33298425298715539|0.38117842723105883|0.32446592268960694
1,LRCM,3,0.0001,5,0.33396129261976781,0.32430671272776534|0.30687114746325267|0.33298425298715539|0.38117842723105883|0.32446592268960694
1,LRCM,3,0.001,0.050000000000000003,0.33422800670227137,0.32430671272776534|0.3075290422000948|0.33298425298715539|0.38117842723105883|0.32514159836528261
1,LRCM,3,0.001,0.10000000000000001,0.33422800670227137,0.32430671272776534|0.3075290422000948|0.33298425298715539|0.38117842723105883|0.32514159836528261
1,LRCM,3,0.001,0.20000000000000001,0.33422800670227137,0.32430671272776534|0.3075290422000948|0.33298425298715539|0.38117842723105883|0.32514159836528261
1,LRCM,3,0.001,0.5,0.33422800670227137,0.32430671272776534|0.3075290422000948|0.33298425298715539|0.38117842723105883|0.32514159836528261
1,LRCM,3,0.001,1,0.33422800670227137,0.32430671272776534|0.3075290422000948|0.33298425298715539|0.38117842723105883|0.32514159836528261
1,LRCM,3,0.001,2,0.33422800670227137,0.32430671272776534|0.3075290422000948|0.33298425298715539|0.38117842723105883|0.32514159836528261
1,LRCM,3,0.001,5,0.33422800670227137,0.32430671272776534|0.3075290422000948|0.33298425298715539|0.38117842723105883|0.32514159836528261
1,LRCM,3,0.01,0.050000000000000003,0.33405097320944843,0.32233302851723905|0.30613908081013347|0.33412916071101056|0.38117842723105883|0.32647516877780036
1,LRCM,3,0.01,0.10000000000000001,0.33405097320944843,0.32233302851723905|0.30613908081013347|0.33412916071101056|0.38117842723105883|0.32647516877780036
1,LRCM,3,0.01,0.20000000000000001,0.33405097320944843,0.32233302851723905|0.30613908081013347|0.33412916071101056|0.38117842723105883|0.32647516877780036
1,LRCM,3,0.01,0.5,0.33405097320944843,0.32233302851723905|0.30613908081013347|0.33412916071101056|0.38117842723105883|0.32647516877780036
1,LRCM,3,0.01,1,0.33405097320944843,0.32233302851723905|0.30613908081013347|0.33412916071101056|0.38117842723105883|0.32647516877780036
1,LRCM,3,0.01,2,0.33405097320944843,0.32233302851723905|0.30613908081013347|0.33412916071101056|0.38117842723105883|0.32647516877780036
1,LRCM,3,0.01,5,0.33405097320944843,0.32233302851723905|0.30613908081013347|0.33412916071101056|0.38117842723105883|0.32647516877780036
1,LRCM,3,0.10000000000000001,0.050000000000000003,0.33689137608468112,0.33154818352186777|0.30749446815236292|0.33787073600831347|0.38355460723881779|0.32398888550204347
1,LRCM,3,0.10000000000000001,0.10000000000000001,0.33689137608468112,0.33154818352186777|0.30749446815236292|0.33787073600831347|0.38355460723881779|0.32398888550204347
1,LRCM,3,0.10000000000000001,0.20000000000000001,0.33689137608468112,0.33154818352186777|0.30749446815236292|0.33787073600831347|0.38355460723881779|0.32398888550204347
1,LRCM,3,0.10000000000000001,0.5,0.33689137608468112,0.33154818352186777|0.30749446815236292|0.33787073600831347|0.38355460723881779|0.32398888550204347
1,LRCM,3,0.10000000000000001,1,0.33689137608468112,0.33154818352186777|0.30749446815236292|0.33787073600831347|0.38355460723881779|0.32398888550204347
1,LRCM,3,0.10000000000000001,2,0.33689137608468112,0.33154818352186777|0.30749446815236292|0.33787073600831347|0.38355460723881779|0.32398888550204347
1,LRCM,3,0.10000000000000001,5,0.33689137608468112,0.33154818352186777|0.30749446815236292|0.33787073600831347|0.38355460723881779|0.32398888550204347
1,LRCM,3,1,0.050000000000000003,0.33954533987718971,0.34271337126600282|0.30706411298516562|0.34292248471331294|0.38114879233300286|0.32387793808846443
1,LRCM,3,1,0.10000000000000001,0.33954533987718971,0.34271337126600282|0.30706411298516562|0.34292248471331294|0.38114879233300286|0.32387793808846443
1,LRCM,3,1,0.20000000000000001,0.33954533987718971,0.34271337126600282|0.30706411298516562|0.34292248471331294|0.38114879233300286|0.32387793808846443
1,LRCM,3,1,0.5,0.33954533987718971,0.34271337126600282|0.30706411298516562|0.34292248471331294|0.38114879233300286|0.32387793808846443
1,LRCM,3,1,1,0.33954533987718971,0.34271337126600282|0.30706411298516562|0.34292248471331294|0.38114879233300286|0.32387793808846443
1,LRCM,3,1,2,0.33954533987718971,0.34271337126600282|0.30706411298516562|0.34292248471331294|0.38114879233300286|0.32387793808846443
1,LRCM,3,1,5,0.33954533987718971,0.34271337126600282|0.30706411298516562|0.34292248471331294|0.38114879233300286|0.32387793808846443
1,LRCM,3,10,0.050000000000000003,0.34676733072534149,0.3468069385174648|0.31159859107227528|0.37506758466027035|0.37406335761598919|0.32630018176070807
1,LRCM,3,10,0.10000000000000001,0.34676733072534149,0.3468069385174648|0.31159859107227528|0.37506758466027035|0.37406335761598919|0.32630018176070807
1,LRCM,3,10,0.20000000000000001,0.34676733072534149,0.3468069385174648|0.31159859107227528|0.37506758466027035|0.37406335761598919|0.32630018176070807
1,LRCM,3,10,0.5,0.34676733072534149,0.3468069385174648|0.31159859107227528|0.37506758466027035|0.37406335761598919|0.32630018176070807
1,LRCM,3,10,1,0.34676733072534149,0.3468069385174648|0.31159859107227528|0.37506758466027035|0.37406335761598919|0.32630018176070807
1,LRCM,3,10,2,0.34676733072534149,0.3468069385174648|0.31159859107227528|0.37506758466027035|0.37406335761598919|0.32630018176070807
1,LRCM,3,10,5,0.34676733072534149,0.3468069385174648|0.31159859107227528|0.37506758466027035|0.37406335761598919|0.32630018176070807
1,LRCM,3,100,0.050000000000000003,0.34157365867485834,0.34203868342026239|0.30949344080923036|0.36548327677874892|0.36714675201517299|0.32370614035087719
1,LRCM,3,100,0.10000000000000001,0.34157365867485834,0.34203868342026239|0.30949344080923036|0.36548327677874892|0.36714675201517299|0.32370614035087719
1,LRCM,3,100,0.20000000000000001,0.34157365867485834,0.34203868342026239|0.30949344080923036|0.36548327677874892|0.36714675201517299|0.32370614035087719
1,LRCM,3,100,0.5,0.34157365867485834,0.34203868342026239|0.30949344080923036|0.36548327677874892|0.36714675201517299|0.32370614035087719
1,LRCM,3,100,1,0.34157365867485834,0.34203868342026239|0.30949344080923036|0.36548327677874892|0.36714675201517299|0.32370614035087719
1,LRCM,3,100,2,0.34157365867485834,0.34203868342026239|0.30949344080923036|0.36548327677874892|0.36714675201517299|0.32370614035087719
1,LRCM,3,100,5,0.34157365867485834,0.34203868342026239|0.30949344080923036|0.36548327677874892|0.36714675201517299|0.32370614035087719
1,LRCM,5,1.0000000000000001e-05,0.050000000000000003,0.33186770943020943,0.32189668992300569|0.31044364853575379|0.324030518685124|0.37538615170194112|0.32758153830522252
1,LRCM,5,1.0000000000000001e-05,0.10000000000000001,0.33186770943020943,0.32189668992300569|0.31044364853575379|0.324030518685124|0.37538615170194112|0.32758153830522252
1,LRCM,5,1.0000000000000001e-05,0.20000000000000001,0.33186770943020943,0.32189668992300569|0.31044364853575379|0.324030518685124|0.37538615170194112|0.32758153830522252
1,LRCM,5,1.0000000000000001e-05,0.5,0.33186770943020943,0.32189668992300569|0.31044364853575379|0.324030518685124|0.37538615170194112|0.32758153830522252
1,LRCM,5,1.0000000000000001e-05,1,0.33186770943020943,0.32189668992300569|0.31044364853575379|0.324030518685124|0.37538615170194112|0.32758153830522252
1,LRCM,5,1.0000000000000001e-05,2,0.33186770943020943,0.32189668992300569|0.31044364853575379|0.324030518685124|0.37538615170194112|0.32758153830522252
1,LRCM,5,1.0000000000000001e-05,5,0.33186770943020943,0.32189668992300569|0.31044364853575379|0.324030518685124|0.37538615170194112|0.32758153830522252
1,LRCM,5,0.0001,0.050000000000000003,0.33174809220532903,0.32189668992300569|0.31044364853575379|0.32343243256072207|0.37538615170194112|0.32758153830522252
1,LRCM,5,0.0001,0.10000000000000001,0.33174809220532903,0.32189668992300569|0.31044364853575379|0.32343243256072207|0.37538615170194112|0.32758153830522252
1,LRCM,5,0.0001,0.20000000000000001,0.33174809220532903,0.32189668992300569|0.31044364853575379|0.32343243256072207|0.37538615170194112|0.32758153830522252
1,LRCM,5,0.0001,0.5,0.33174809220532903,0.32189668992300569|0.31044364853575379|0.32343243256072207|0.37538615170194112|0.32758153830522252
1,LRCM,5,0.0001,1,0.33174809220532903,0.32189668992300569|0.31044364853575379|0.32343243256072207|0.37538615170194112|0.32758153830522252
1,LRCM,5,0.0001,2,0.33174809220532903,0.32189668992300569|0.31044364853575379|0.32343243256072207|0.37538615170194112|0.32758153830522252
1,LRCM,5,0.0001,5,0.33174809220532903,0.32189668992300569|0.31044364853575379|0.32343243256072207|0.37538615170194112|0.32758153830522252
1,LRCM,5,0.001,0.050000000000000003,0.33147762436907174,0.32123879518616361|0.30974920409130935|0.32343243256072207|0.37538615170194112|0.32758153830522252
1,LRCM,5,0.001,0.10000000000000001,0.33147762436907174,0.32123879518616361|0.30974920409130935|0.32343243256072207|0.37538615170194112|0.32758153830522252
1,LRCM,5,0.001,0.20000000000000001,0.33147762436907174,0.32123879518616361|0.30974920409130935|0.32343243256072207|0.37538615170194112|0.32758153830522252
1,LRCM,5,0.001,0.5,0.33147762436907174,0.32123879518616361|0.30974920409130935|0.32343243256072207|0.37538615170194112|0.32758153830522252
1,LRCM,5,0.001,1,0.33147762436907174,0.32123879518616361|0.30974920409130935|0.32343243256072207|0.37538615170194112|0.32758153830522252
1,LRCM,5,0.001,2,0.33147762436907174,0.32123879518616361|0.30974920409130935|0.32343243256072207|0.37538615170194112|0.32758153830522252
1,LRCM,5,0.001,5,0.33147762436907174,0.32123879518616361|0.30974920409130935|0.32343243256072207|0.37538615170194112|0.32758153830522252
1,LRCM,5,0.01,0.050000000000000003,0.33333724116289909,0.32593296303822622|0.30768356702567229|0.32589033304493836|0.37420614394298607|0.33297319876267245
1,LRCM,5,0.01,0.10000000000000001,0.33333724116289909,0.32593296303822622|0.30768356702567229|0.32589033304493836|0.37420614394298607|0.33297319876267245
1,LRCM,5,0.01,0.20000000000000001,0.33333724116289909,0.32593296303822622|0.30768356702567229|0.32589033304493836|0.37420614394298607|0.33297319876267245
1,LRCM,5,0.01,0.5,0.33333724116289909,0.32593296303822622|0.30768356702567229|0.32589033304493836|0.37420614394298607|0.33297319876267245
1,LRCM,5,0.01,1,0.33333724116289909,0.32593296303822622|0.30768356702567229|0.32589033304493836|0.37420614394298607|0.33297319876267245
1,LRCM,5,0.01,2,0.33333724116289909,0.32593296303822622|0.30768356702567229|0.32589033304493836|0.37420614394298607|0.33297319876267245
1,LRCM,5,0.01,5,0.33333724116289909,0.32593296303822622|0.30768356702567229|0.32589033304493836|0.37420614394298607|0.33297319876267245
1,LRCM,5,0.10000000000000001,0.050000000000000003,0.33629171631474264,0.32821278985752667|0.30700789134999662|0.33557368351776246|0.37913900742848106|0.33152520941994629
1,LRCM,5,0.10000000000000001,0.10000000000000001,0.33629171631474264,0.32821278985752667|0.30700789134999662|0.33557368351776246|0.37913900742848106|0.33152520941994629
1,LRCM,5,0.10000000000000001,0.20000000000000001,0.33629171631474264,0.32821278985752667|0.30700789134999662|0.33557368351776246|0.37913900742848106|0.33152520941994629
1,LRCM,5,0.10000000000000001,0.5,0.33629171631474264,0.32821278985752667|0.30700789134999662|0.33557368351776246|0.37913900742848106|0.33152520941994629
1,LRCM,5,0.10000000000000001,1,0.33629171631474264,0.32821278985752667|0.30700789134999662|0.33557368351776246|0.37913900742848106|0.33152520941994629
1,LRCM,5,0.10000000000000001,2,0.33629171631474264,0.32821278985752667|0.30700789134999662|0.33557368351776246|0.37913900742848106|0.33152520941994629
1,LRCM,5,0.10000000000000001,5,0.33629171631474264,0.32821278985752667|0.30700789134999662|0.33557368351776246|0.37913900742848106|0.33152520941994629
1,LRCM,5,1,0.050000000000000003,0.33962027425630364,0.33394367111472373|0.30890937930411611|0.34432083835624855|0.38777353908932854|0.32315394341710135
1,LRCM,5,1,0.10000000000000001,0.33962027425630364,0.33394367111472373|0.30890937930411611|0.34432083835624855|0.38777353908932854|0.32315394341710135
1,LRCM,5,1,0.20000000000000001,0.33962027425630364,0.33394367111472373|0.30890937930411611|0.34432083835624855|0.38777353908932854|0.32315394341710135
1,LRCM,5,1,0.5,0.33962027425630364,0.33394367111472373|0.30890937930411611|0.34432083835624855|0.38777353908932854|0.32315394341710135
1,LRCM,5,1,1,0.33962027425630364,0.33394367111472373|0.30890937930411611|0.34432083835624855|0.38777353908932854|0.32315394341710135
1,LRCM,5,1,2,0.33962027425630364,0.33394367111472373|0.30890937930411611|0.34432083835624855|0.38777353908932854|0.32315394341710135
1,LRCM,5,1,5,0.33962027425630364,0.33394367111472373|0.30890937930411611|0.34432083835624855|0.38777353908932854|0.32315394341710135
1,LRCM,5,10,0.050000000000000003,0.34496279828690818,0.34216306532096002|0.31223368104947052|0.3674443131438101|0.37537268129373397|0.32760025062656639
1,LRCM,5,10,0.10000000000000001,0.34496279828690818,0.34216306532096002|0.31223368104947052|0.3674443131438101|0.37537268129373397|0.32760025062656639
1,LRCM,5,10,0.20000000000000001,0.34496279828690818,0.34216306532096002|0.31223368104947052|0.3674443131438101|0.37537268129373397|0.32760025062656639
1,LRCM,5,10,0.5,0.34496279828690818,0.34216306532096002|0.31223368104947052|0.3674443131438101|0.37537268129373397|0.32760025062656639
1,LRCM,5,10,1,0.34496279828690818,0.34216306532096002|0.31223368104947052|0.3674443131438101|0.37537268129373397|0.32760025062656639
1,LRCM,5,10,2,0.34496279828690818,0.34216306532096002|0.31223368104947052|0.3674443131438101|0.37537268129373397|0.32760025062656639
1,LRCM,5,10,5,0.34496279828690818,0.34216306532096002|0.31223368104947052|0.3674443131438101|0.37537268129373397|0.32760025062656639
1,LRCM,5,100,0.050000000000000003,0.34248310879483473,0.34541804962857592|0.30814110162794373|0.36613165242712448|0.36834292426397686|0.32438181602655292
1,LRCM,5,100,0.10000000000000001,0.34248310879483473,0.34541804962857592|0.30814110162794373|0.36613165242712448|0.36834292426397686|0.32438181602655292
1,LRCM,5,100,0.20000000000000001,0.34248310879483473,0.34541804962857592|0.30814110162794373|0.36613165242712448|0.36834292426397686|0.32438181602655292
1,LRCM,5,100,0.5,0.34248310879483473,0.34541804962857592|0.30814110162794373|0.36613165242712448|0.36834292426397686|0.32438181602655292
1,LRCM,5,100,1,0.34248310879483473,0.34541804962857592|0.30814110162794373|0.36613165242712448|0.36834292426397686|0.32438181602655292
1,LRCM,5,100,2,0.34248310879483473,0.34541804962857592|0.30814110162794373|0.36613165242712448|0.36834292426397686|0.32438181602655292
1,LRCM,5,100,5,0.34248310879483473,0.34541804962857592|0.30814110162794373|0.36613165242712448|0.36834292426397686|0.32438181602655292
1,LRCM,8,1.0000000000000001e-05,0.050000000000000003,0.33517122753558509,0.32296205039626091|0.31057009076745923|0.33018467503277871|0.38529947411526355|0.32683984736616317
1,LRCM,8,1.0000000000000001e-05,0.10000000000000001,0.33517122753558509,0.32296205039626091|0.31057009076745923|0.33018467503277871|0.38529947411526355|0.32683984736616317
1,LRCM,8,1.0000000000000001e-05,0.20000000000000001,0.33517122753558509,0.32296205039626091|0.31057009076745923|0.33018467503277871|0.38529947411526355|0.32683984736616317
1,LRCM,8,1.0000000000000001e-05,0.5,0.33517122753558509,0.32296205039626091|0.31057009076745923|0.33018467503277871|0.38529947411526355|0.32683984736616317
1,LRCM,8,1.0000000000000001e-05,1,0.33517122753558509,0.32296205039626091|0.31057009076745923|0.33018467503277871|0.38529947411526355|0.32683984736616317
1,LRCM,8,1.0000000000000001e-05,2,0.33517122753558509,0.32296205039626091|0.31057009076745923|0.33018467503277871|0.38529947411526355|0.32683984736616317
1,LRCM,8,1.0000000000000001e-05,5,0.33517122753558509,0.32296205039626091|0.31057009076745923|0.33018467503277871|0.38529947411526355|0.32683984736616317
1,LRCM,8,0.0001,0.050000000000000003,0.33517122753558509,0.32296205039626091|0.31057009076745923|0.33018467503277871|0.38529947411526355|0.32683984736616317
1,LRCM,8,0.0001,0.10000000000000001,0.33517122753558509,0.32296205039626091|0.31057009076745923|0.33018467503277871|0.38529947411526355|0.32683984736616317
1,LRCM,8,0.0001,0.20000000000000001,0.33517122753558509,0.32296205039626091|0.31057009076745923|0.33018467503277871|0.38529947411526355|0.32683984736616317
1,LRCM,8,0.0001,0.5,0.33517122753558509,0.32296205039626091|0.31057009076745923|0.33018467503277871|0.38529947411526355|0.32683984736616317
1,LRCM,8,0.0001,1,0.33517122753558509,0.32296205039626091|0.31057009076745923|0.33018467503277871|0.38529947411526355|0.32683984736616317
1,LRCM,8,0.0001,2,0.33517122753558509,0.32296205039626091|0.31057009076745923|0.33018467503277871|0.38529947411526355|0.32683984736616317
1,LRCM,8,0.0001,5,0.33517122753558509,0.32296205039626091|0.31057009076745923|0.33018467503277871|0.38529947411526355|0.32683984736616317
1,LRCM,8,0.001,0.050000000000000003,0.33516767134781833,0.32361994513310305|0.3098944150917835|0.33018467503277871|0.38529947411526355|0.32683984736616317
1,LRCM,8,0.001,0.10000000000000001,0.33516767134781833,0.32361994513310305|0.3098944150917835|0.33018467503277871|0.38529947411526355|0.32683984736616317
1,LRCM,8,0.001,0.20000000000000001,0.33516767134781833,0.32361994513310305|0.3098944150917835|0.33018467503277871|0.38529947411526355|0.32683984736616317
1,LRCM,8,0.001,0.5,0.33516767134781833,0.32361994513310305|0.3098944150917835|0.33018467503277871|0.38529947411526355|0.32683984736616317
1,LRCM,8,0.001,1,0.33516767134781833,0.32361994513310305|0.3098944150917835|0.33018467503277871|0.38529947411526355|0.32683984736616317
1,LRCM,8,0.001,2,0.33516767134781833,0.32361994513310305|0.3098944150917835|0.33018467503277871|0.38529947411526355|0.32683984736616317
1,LRCM,8,0.001,5,0.33516767134781833,0.32361994513310305|0.3098944150917835|0.33018467503277871|0.38529947411526355|0.32683984736616317
1,LRCM,8,0.01,0.050000000000000003,0.33471033352670349,0.32361994513310299|0.30918120187857029|0.33074562509063282|0.38526624710835233|0.32473864842285899
1,LRCM,8,0.01,0.10000000000000001,0.33471033352670349,0.32361994513310299|0.30918120187857029|0.33074562509063282|0.38526624710835233|0.32473864842285899
1,LRCM,8,0.01,0.20000000000000001,0.33471033352670349,0.32361994513310299|0.30918120187857029|0.33074562509063282|0.38526624710835233|0.32473864842285899
1,LRCM,8,0.01,0.5,0.33471033352670349,0.32361994513310299|0.30918120187857029|0.33074562509063282|0.38526624710835233|0.32473864842285899
1,LRCM,8,0.01,1,0.33471033352670349,0.32361994513310299|0.30918120187857029|0.33074562509063282|0.38526624710835233|0.32473864842285899
1,LRCM,8,0.01,2,0.33471033352670349,0.32361994513310299|0.30918120187857029|0.33074562509063282|0.38526624710835233|0.32473864842285899
1,LRCM,8,0.01,5,0.33471033352670349,0.32361994513310299|0.30918120187857029|0.33074562509063282|0.38526624710835233|0.32473864842285899
1,LRCM,8,0.10000000000000001,0.050000000000000003,0.3363710426657408,0.33653384587595114|0.30847400031610561|0.33280807664998846|0.3792530568846359|0.32478623360202308
1,LRCM,8,0.10000000000000001,0.10000000000000001,0.3363710426657408,0.33653384587595114|0.30847400031610561|0.33280807664998846|0.3792530568846359|0.32478623360202308
1,LRCM,8,0.10000000000000001,0.20000000000000001,0.3363710426657408,0.33653384587595114|0.30847400031610561|0.33280807664998846|0.3792530568846359|0.32478623360202308
1,LRCM,8,0.10000000000000001,0.5,0.3363710426657408,0.33653384587595114|0.30847400031610561|0.33280807664998846|0.3792530568846359|0.32478623360202308
1,LRCM,8,0.10000000000000001,1,0.3363710426657408,0.33653384587595114|0.30847400031610561|0.33280807664998846|0.3792530568846359|0.32478623360202308
1,LRCM,8,0.10000000000000001,2,0.3363710426657408,0.33653384587595114|0.30847400031610561|0.33280807664998846|0.3792530568846359|0.32478623360202308
1,LRCM,8,0.10000000000000001,5,0.3363710426657408,0.33653384587595114|0.30847400031610561|0.33280807664998846|0.3792530568846359|0.32478623360202308
1,LRCM,8,1,0.050000000000000003,0.34396881322790768,0.34444207365259999|0.31436253923096025|0.34926693227293071|0.37784225613172978|0.33393026485131749
1,LRCM,8,1,0.10000000000000001,0.34396881322790768,0.34444207365259999|0.31436253923096025|0.34926693227293071|0.37784225613172978|0.33393026485131749
1,LRCM,8,1,0.20000000000000001,0.34396881322790768,0.34444207365259999|0.31436253923096025|0.34926693227293071|0.37784225613172978|0.33393026485131749
1,LRCM,8,1,0.5,0.34396881322790768,0.34444207365259999|0.31436253923096025|0.34926693227293071|0.37784225613172978|0.33393026485131749
1,LRCM,8,1,1,0.34396881322790768,0.34444207365259999|0.31436253923096025|0.34926693227293071|0.37784225613172978|0.33393026485131749
1,LRCM,8,1,2,0.34396881322790768,0.34444207365259999|0.31436253923096025|0.34926693227293071|0.37784225613172978|0.33393026485131749
1,LRCM,8,1,5,0.34396881322790768,0.34444207365259999|0.31436253923096025|0.34926693227293071|0.37784225613172978|0.33393026485131749
1,LRCM,8,10,0.050000000000000003,0.34477062891517224,0.34488453679243153|0.31093764817449021|0.36438351944834141|0.37411005503110767|0.32953738512949038
1,LRCM,8,10,0.10000000000000001,0.34477062891517224,0.34488453679243153|0.31093764817449021|0.36438351944834141|0.37411005503110767|0.32953738512949038
1,LRCM,8,10,0.20000000000000001,0.34477062891517224,0.34488453679243153|0.31093764817449021|0.36438351944834141|0.37411005503110767|0.32953738512949038
1,LRCM,8,10,0.5,0.34477062891517224,0.34488453679243153|0.31093764817449021|0.36438351944834141|0.37411005503110767|0.32953738512949038
1,LRCM,8,10,1,0.34477062891517224,0.34488453679243153|0.31093764817449021|0.36438351944834141|0.37411005503110767|0.32953738512949038
1,LRCM,8,10,2,0.34477062891517224,0.34488453679243153|0.31093764817449021|0.36438351944834141|0.37411005503110767|0.32953738512949038
1,LRCM,8,10,5,0.34477062891517224,0.34488453679243153|0.31093764817449021|0.36438351944834141|0.37411005503110767|0.32953738512949038
1,LRCM,8,100,0.050000000000000003,0.34296633467279747,0.34541804962857592|0.30814110162794373|0.36678100307647515|0.37076759774128193|0.32372392128971078
1,LRCM,8,100,0.10000000000000001,0.34296633467279747,0.34541804962857592|0.30814110162794373|0.36678100307647515|0.37076759774128193|0.32372392128971078
1,LRCM,8,100,0.20000000000000001,0.34296633467279747,0.34541804962857592|0.30814110162794373|0.36678100307647515|0.37076759774128193|0.32372392128971078
1,LRCM,8,100,0.5,0.34296633467279747,0.34541804962857592|0.30814110162794373|0.36678100307647515|0.37076759774128193|0.32372392128971078
1,LRCM,8,100,1,0.34296633467279747,0.34541804962857592|0.30814110162794373|0.36678100307647515|0.37076759774128193|0.32372392128971078
1,LRCM,8,100,2,0.34296633467279747,0.34541804962857592|0.30814110162794373|0.36678100307647515|0.37076759774128193|0.32372392128971078
1,LRCM,8,100,5,0.34296633467279747,0.34541804962857592|0.30814110162794373|0.36678100307647515|0.37076759774128193|0.32372392128971078
1,LRCM,13,1.0000000000000001e-05,0.050000000000000003,0.33692970310133619,0.33632696606380819|0.30836353270563793|0.33094588515931395|0.3810967067546015|0.32791542482331953
1,LRCM,13,1.0000000000000001e-05,0.10000000000000001,0.33692970310133619,0.33632696606380819|0.30836353270563793|0.33094588515931395|0.3810967067546015|0.32791542482331953
1,LRCM,13,1.0000000000000001e-05,0.20000000000000001,0.33692970310133619,0.33632696606380819|0.30836353270563793|0.33094588515931395|0.3810967067546015|0.32791542482331953
1,LRCM,13,1.0000000000000001e-05,0.5,0.33692970310133619,0.33632696606380819|0.30836353270563793|0.33094588515931395|0.3810967067546015|0.32791542482331953
1,LRCM,13,1.0000000000000001e-05,1,0.33692970310133619,0.33632696606380819|0.30836353270563793|0.33094588515931395|0.3810967067546015|0.32791542482331953
1,LRCM,13,1.0000000000000001e-05,2,0.33692970310133619,0.33632696606380819|0.30836353270563793|0.33094588515931395|0.3810967067546015|0.32791542482331953
1,LRCM,13,1.0000000000000001e-05,5,0.33692970310133619,0.33632696606380819|0.30836353270563793|0.33094588515931395|0.3810967067546015|0.32791542482331953
1,LRCM,13,0.0001,0.050000000000000003,0.33692970310133619,0.33632696606380819|0.30836353270563793|0.33094588515931395|0.3810967067546015|0.32791542482331953
1,LRCM,13,0.0001,0.10000000000000001,0.33692970310133619,0.33632696606380819|0.30836353270563793|0.33094588515931395|0.3810967067546015|0.32791542482331953
1,LRCM,13,0.0001,0.20000000000000001,0.33692970310133619,0.33632696606380819|0.30836353270563793|0.33094588515931395|0.3810967067546015|0.32791542482331953
1,LRCM,13,0.0001,0.5,0.33692970310133619,0.33632696606380819|0.30836353270563793|0.33094588515931395|0.3810967067546015|0.32791542482331953
1,LRCM,13,0.0001,1,0.33692970310133619,0.33632696606380819|0.30836353270563793|0.33094588515931395|0.3810967067546015|0.32791542482331953
1,LRCM,13,0.0001,2,0.33692970310133619,0.33632696606380819|0.30836353270563793|0.33094588515931395|0.3810967067546015|0.32791542482331953
1,LRCM,13,0.0001,5,0.33692970310133619,0.33632696606380819|0.30836353270563793|0.33094588515931395|0.3810967067546015|0.32791542482331953
1,LRCM,13,0.001,0.050000000000000003,0.33693701304285667,0.33702141050825263|0.3077056379687958|0.33094588515931395|0.3810967067546015|0.32791542482331953
1,LRCM,13,0.001,0.10000000000000001,0.33693701304285667,0.33702141050825263|0.3077056379687958|0.33094588515931395|0.3810967067546015|0.32791542482331953
1,LRCM,13,0.001,0.20000000000000001,0.33693701304285667,0.33702141050825263|0.3077056379687958|0.33094588515931395|0.3810967067546015|0.32791542482331953
1,LRCM,13,0.001,0.5,0.33693701304285667,0.33702141050825263|0.3077056379687958|0.33094588515931395|0.3810967067546015|0.32791542482331953
1,LRCM,13,0.001,1,0.33693701304285667,0.33702141050825263|0.3077056379687958|0.33094588515931395|0.3810967067546015|0.32791542482331953
1,LRCM,13,0.001,2,0.33693701304285667,0.33702141050825263|0.3077056379687958|0.33094588515931395|0.3810967067546015|0.32791542482331953
1,LRCM,13,0.001,5,0.33693701304285667,0.33702141050825263|0.3077056379687958|0.33094588515931395|0.3810967067546015|0.32791542482331953
1,LRCM,13,0.01,0.050000000000000003,0.33755635494315833,0.34168001648264806|0.30372369550001127|0.33336754760419623|0.3811128712444502|0.32789764388448595
1,LRCM,13,0.01,0.10000000000000001,0.33755635494315833,0.34168001648264806|0.30372369550001127|0.33336754760419623|0.3811128712444502|0.32789764388448595
1,LRCM,13,0.01,0.20000000000000001,0.33755635494315833,0.34168001648264806|0.30372369550001127|0.33336754760419623|0.3811128712444502|0.32789764388448595
1,LRCM,13,0.01,0.5,0.33755635494315833,0.34168001648264806|0.30372369550001127|0.33336754760419623|0.3811128712444502|0.32789764388448595
1,LRCM,13,0.01,1,0.33755635494315833,0.34168001648264806|0.30372369550001127|0.33336754760419623|0.3811128712444502|0.32789764388448595
1,LRCM,13,0.01,2,0.33755635494315833,0.34168001648264806|0.30372369550001127|0.33336754760419623|0.3811128712444502|0.32789764388448595
1,LRCM,13,0.01,5,0.33755635494315833,0.34168001648264806|0.30372369550001127|0.33336754760419623|0.3811128712444502|0.32789764388448595
1,LRCM,13,0.10000000000000001,0.050000000000000003,0.33959625198305537,0.34475654225654229|0.30765221048115782|0.3302532662004411|0.38588049772260291|0.32943874325453271
1,LRCM,13,0.10000000000000001,0.10000000000000001,0.33959625198305537,0.34475654225654229|0.30765221048115782|0.3302532662004411|0.38588049772260291|0.32943874325453271
1,LRCM,13,0.10000000000000001,0.20000000000000001,0.33959625198305537,0.34475654225654229|0.30765221048115782|0.3302532662004411|0.38588049772260291|0.32943874325453271
1,LRCM,13,0.10000000000000001,0.5,0.33959625198305537,0.34475654225654229|0.30765221048115782|0.3302532662004411|0.38588049772260291|0.32943874325453271
1,LRCM,13,0.10000000000000001,1,0.33959625198305537,0.34475654225654229|0.30765221048115782|0.3302532662004411|0.38588049772260291|0.32943874325453271
1,LRCM,13,0.10000000000000001,2,0.33959625198305537,0.34475654225654229|0.30765221048115782|0.3302532662004411|0.38588049772260291|0.32943874325453271
1,LRCM,13,0.10000000000000001,5,0.33959625198305537,0.34475654225654229|0.30765221048115782|0.3302532662004411|0.38588049772260291|0.32943874325453271
1,LRCM,13,1,0.050000000000000003,0.34424031648954251,0.34365666418298002|0.31299044345096971|0.34544668281123392|0.37989963647858382|0.33920815552394501
1,LRCM,13,1,0.10000000000000001,0.34424031648954251,0.34365666418298002|0.31299044345096971|0.34544668281123392|0.37989963647858382|0.33920815552394501
1,LRCM,13,1,0.20000000000000001,0.34424031648954251,0.34365666418298002|0.31299044345096971|0.34544668281123392|0.37989963647858382|0.33920815552394501
1,LRCM,13,1,0.5,0.34424031648954251,0.34365666418298002|0.31299044345096971|0.34544668281123392|0.37989963647858382|0.33920815552394501
1,LRCM,13,1,1,0.34424031648954251,0.34365666418298002|0.31299044345096971|0.34544668281123392|0.37989963647858382|0.33920815552394501
1,LRCM,13,1,2,0.34424031648954251,0.34365666418298002|0.31299044345096971|0.34544668281123392|0.37989963647858382|0.33920815552394501
1,LRCM,13,1,5,0.34424031648954251,0.34365666418298002|0.31299044345096971|0.34544668281123392|0.37989963647858382|0.33920815552394501
1,LRCM,13,10,0.050000000000000003,0.34622334957841921,0.34355096637991378|0.31429824561403508|0.36920053742325415|0.37650329755592915|0.32756370091896408
1,LRCM,13,10,0.10000000000000001,0.34622334957841921,0.34355096637991378|0.31429824561403508|0.36920053742325415|0.37650329755592915|0.32756370091896408
1,LRCM,13,10,0.20000000000000001,0.34622334957841921,0.34355096637991378|0.31429824561403508|0.36920053742325415|0.37650329755592915|0.32756370091896408
1,LRCM,13,10,0.5,0.34622334957841921,0.34355096637991378|0.31429824561403508|0.36920053742325415|0.37650329755592915|0.32756370091896408
1,LRCM,13,10,1,0.34622334957841921,0.34355096637991378|0.31429824561403508|0.36920053742325415|0.37650329755592915|0.32756370091896408
1,LRCM,13,10,2,0.34622334957841921,0.34355096637991378|0.31429824561403508|0.36920053742325415|0.37650329755592915|0.32756370091896408
1,LRCM,13,10,5,0.34622334957841921,0.34355096637991378|0.31429824561403508|0.36920053742325415|0.37650329755592915|0.32756370091896408
1,LRCM,13,100,0.050000000000000003,0.34323680250905475,0.34611249407302036|0.30814110162794373|0.36678100307647515|0.37076759774128193|0.32438181602655292
1,LRCM,13,100,0.10000000000000001,0.34323680250905475,0.34611249407302036|0.30814110162794373|0.36678100307647515|0.37076759774128193|0.32438181602655292
1,LRCM,13,100,0.20000000000000001,0.34323680250905475,0.34611249407302036|0.30814110162794373|0.36678100307647515|0.37076759774128193|0.32438181602655292
1,LRCM,13,100,0.5,0.34323680250905475,0.34611249407302036|0.30814110162794373|0.36678100307647515|0.37076759774128193|0.32438181602655292
1,LRCM,13,100,1,0.34323680250905475,0.34611249407302036|0.30814110162794373|0.36678100307647515|0.37076759774128193|0.32438181602655292
1,LRCM,13,100,2,0.34323680250905475,0.34611249407302036|0.30814110162794373|0.36678100307647515|0.37076759774128193|0.32438181602655292
1,LRCM,13,100,5,0.34323680250905475,0.34611249407302036|0.30814110162794373|0.36678100307647515|0.37076759774128193|0.32438181602655292
1,ENROLLMENT_PCA_TRANSFER,1,1.0000000000000001e-05,0.050000000000000003,0.33945346544475807,0.34547040461514145|0.30549371740161219|0.35180512544579884|0.37371402502981454|0.32078405473142324
1,ENROLLMENT_PCA_TRANSFER,1,1.0000000000000001e-05,0.10000000000000001,0.33945346544475807,0.34547040461514145|0.30549371740161219|0.35180512544579884|0.37371402502981454|0.32078405473142324
1,ENROLLMENT_PCA_TRANSFER,1,1.0000000000000001e-05,0.20000000000000001,0.33945346544475807,0.34547040461514145|0.30549371740161219|0.35180512544579884|0.37371402502981454|0.32078405473142324
1,ENROLLMENT_PCA_TRANSFER,1,1.0000000000000001e-05,0.5,0.33945346544475807,0.34547040461514145|0.30549371740161219|0.35180512544579884|0.37371402502981454|0.32078405473142324
1,ENROLLMENT_PCA_TRANSFER,1,1.0000000000000001e-05,1,0.33945346544475807,0.34547040461514145|0.30549371740161219|0.35180512544579884|0.37371402502981454|0.32078405473142324
1,ENROLLMENT_PCA_TRANSFER,1,1.0000000000000001e-05,2,0.33945346544475807,0.34547040461514145|0.30549371740161219|0.35180512544579884|0.37371402502981454|0.32078405473142324
1,ENROLLMENT_PCA_TRANSFER,1,1.0000000000000001e-05,5,0.33945346544475807,0.34547040461514145|0.30549371740161219|0.35180512544579884|0.37371402502981454|0.32078405473142324
1,ENROLLMENT_PCA_TRANSFER,1,0.0001,0.050000000000000003,0.33945346544475807,0.34547040461514145|0.30549371740161219|0.35180512544579884|0.37371402502981454|0.32078405473142324
1,ENROLLMENT_PCA_TRANSFER,1,0.0001,0.10000000000000001,0.33945346544475807,0.34547040461514145|0.30549371740161219|0.35180512544579884|0.37371402502981454|0.32078405473142324
1,ENROLLMENT_PCA_TRANSFER,1,0.0001,0.20000000000000001,0.33945346544475807,0.34547040461514145|0.30549371740161219|0.35180512544579884|0.37371402502981454|0.32078405473142324
1,ENROLLMENT_PCA_TRANSFER,1,0.0001,0.5,0.33945346544475807,0.34547040461514145|0.30549371740161219|0.35180512544579884|0.37371402502981454|0.32078405473142324
1,ENROLLMENT_PCA_TRANSFER,1,0.0001,1,0.33945346544475807,0.34547040461514145|0.30549371740161219|0.35180512544579884|0.37371402502981454|0.32078405473142324
1,ENROLLMENT_PCA_TRANSFER,1,0.0001,2,0.33945346544475807,0.34547040461514145|0.30549371740161219|0.35180512544579884|0.37371402502981454|0.32078405473142324
1,ENROLLMENT_PCA_TRANSFER,1,0.0001,5,0.33945346544475807,0.34547040461514145|0.30549371740161219|0.35180512544579884|0.37371402502981454|0.32078405473142324
1,ENROLLMENT_PCA_TRANSFER,1,0.001,0.050000000000000003,0.33945346544475807,0.34547040461514145|0.30549371740161219|0.35180512544579884|0.37371402502981454|0.32078405473142324
1,ENROLLMENT_PCA_TRANSFER,1,0.001,0.10000000000000001,0.33945346544475807,0.34547040461514145|0.30549371740161219|0.35180512544579884|0.37371402502981454|0.32078405473142324
1,ENROLLMENT_PCA_TRANSFER,1,0.001,0.20000000000000001,0.33945346544475807,0.34547040461514145|0.30549371740161219|0.35180512544579884|0.37371402502981454|0.32078405473142324
1,ENROLLMENT_PCA_TRANSFER,1,0.001,0.5,0.33945346544475807,0.34547040461514145|0.30549371740161219|0.35180512544579884|0.37371402502981454|0.32078405473142324
1,ENROLLMENT_PCA_TRANSFER,1,0.001,1,0.33945346544475807,0.34547040461514145|0.30549371740161219|0.35180512544579884|0.37371402502981454|0.32078405473142324
1,ENROLLMENT_PCA_TRANSFER,1,0.001,2,0.33945346544475807,0.34547040461514145|0.30549371740161219|0.35180512544579884|0.37371402502981454|0.32078405473142324
1,ENROLLMENT_PCA_TRANSFER,1,0.001,5,0.33945346544475807,0.34547040461514145|0.30549371740161219|0.35180512544579884|0.37371402502981454|0.32078405473142324
1,ENROLLMENT_PCA_TRANSFER,1,0.01,0.050000000000000003,0.33907054664078656,0.34547040461514145|0.30483582266477005|0.35183835245271|0.37309977441556391|0.32010837905574752
1,ENROLLMENT_PCA_TRANSFER,1,0.01,0.10000000000000001,0.33907054664078656,0.34547040461514145|0.30483582266477005|0.35183835245271|0.37309977441556391|0.32010837905574752
1,ENROLLMENT_PCA_TRANSFER,1,0.01,0.20000000000000001,0.33907054664078656,0.34547040461514145|0.30483582266477005|0.35183835245271|0.37309977441556391|0.32010837905574752
1,ENROLLMENT_PCA_TRANSFER,1,0.01,0.5,0.33907054664078656,0.34547040461514145|0.30483582266477005|0.35183835245271|0.37309977441556391|0.32010837905574752
1,ENROLLMENT_PCA_TRANSFER,1,0.01,1,0.33907054664078656,0.34547040461514145|0.30483582266477005|0.35183835245271|0.37309977441556391|0.32010837905574752
1,ENROLLMENT_PCA_TRANSFER,1,0.01,2,0.33907054664078656,0.34547040461514145|0.30483582266477005|0.35183835245271|0.37309977441556391|0.32010837905574752
1,ENROLLMENT_PCA_TRANSFER,1,0.01,5,0.33907054664078656,0.34547040461514145|0.30483582266477005|0.35183835245271|0.37309977441556391|0.32010837905574752
1,ENROLLMENT_PCA_TRANSFER,1,0.10000000000000001,0.050000000000000003,0.33943893536443848,0.34614608029081712|0.30414137822032561|0.35306775170842514|0.37373108754687706|0.32010837905574752
1,ENROLLMENT_PCA_TRANSFER,1,0.10000000000000001,0.10000000000000001,0.33943893536443848,0.34614608029081712|0.30414137822032561|0.35306775170842514|0.37373108754687706|0.32010837905574752
1,ENROLLMENT_PCA_TRANSFER,1,0.10000000000000001,0.20000000000000001,0.33943893536443848,0.34614608029081712|0.30414137822032561|0.35306775170842514|0.37373108754687706|0.32010837905574752
1,ENROLLMENT_PCA_TRANSFER,1,0.10000000000000001,0.5,0.33943893536443848,0.34614608029081712|0.30414137822032561|0.35306775170842514|0.37373108754687706|0.32010837905574752
1,ENROLLMENT_PCA_TRANSFER,1,0.10000000000000001,1,0.33943893536443848,0.34614608029081712|0.30414137822032561|0.35306775170842514|0.37373108754687706|0.32010837905574752
1,ENROLLMENT_PCA_TRANSFER,1,0.10000000000000001,2,0.33943893536443848,0.34614608029081712|0.30414137822032561|0.35306775170842514|0.37373108754687706|0.32010837905574752
1,ENROLLMENT_PCA_TRANSFER,1,0.10000000000000001,5,0.33943893536443848,0.34614608029081712|0.30414137822032561|0.35306775170842514|0.37373108754687706|0.32010837905574752
1,ENROLLMENT_PCA_TRANSFER,1,1,0.050000000000000003,0.3400577761806477,0.34541706179864073|0.30688063063063065|0.3565478380832483|0.37193952325531277|0.31950382713540609
1,ENROLLMENT_PCA_TRANSFER,1,1,0.10000000000000001,0.3400577761806477,0.34541706179864073|0.30688063063063065|0.3565478380832483|0.37193952325531277|0.31950382713540609
1,ENROLLMENT_PCA_TRANSFER,1,1,0.20000000000000001,0.3400577761806477,0.34541706179864073|0.30688063063063065|0.3565478380832483|0.37193952325531277|0.31950382713540609
1,ENROLLMENT_PCA_TRANSFER,1,1,0.5,0.3400577761806477,0.34541706179864073|0.30688063063063065|0.3565478380832483|0.37193952325531277|0.31950382713540609
1,ENROLLMENT_PCA_TRANSFER,1,1,1,0.3400577761806477,0.34541706179864073|0.30688063063063065|0.3565478380832483|0.37193952325531277|0.31950382713540609
1,ENROLLMENT_PCA_TRANSFER,1,1,2,0.3400577761806477,0.34541706179864073|0.30688063063063065|0.3565478380832483|0.37193952325531277|0.31950382713540609
1,ENROLLMENT_PCA_TRANSFER,1,1,5,0.3400577761806477,0.34541706179864073|0.30688063063063065|0.3565478380832483|0.37193952325531277|0.31950382713540609
1,ENROLLMENT_PCA_TRANSFER,1,10,0.050000000000000003,0.34569014690125371,0.34470582424529794|0.30808775881144301|0.38366816485527783|0.36892394787131627|0.32306503872293352
1,ENROLLMENT_PCA_TRANSFER,1,10,0.10000000000000001,0.34569014690125371,0.34470582424529794|0.30808775881144301|0.38366816485527783|0.36892394787131627|0.32306503872293352
1,ENROLLMENT_PCA_TRANSFER,1,10,0.20000000000000001,0.34569014690125371,0.34470582424529794|0.30808775881144301|0.38366816485527783|0.36892394787131627|0.32306503872293352
1,ENROLLMENT_PCA_TRANSFER,1,10,0.5,0.34569014690125371,0.34470582424529794|0.30808775881144301|0.38366816485527783|0.36892394787131627|0.32306503872293352
1,ENROLLMENT_PCA_TRANSFER,1,10,1,0.34569014690125371,0.34470582424529794|0.30808775881144301|0.38366816485527783|0.36892394787131627|0.32306503872293352
1,ENROLLMENT_PCA_TRANSFER,1,10,2,0.34569014690125371,0.34470582424529794|0.30808775881144301|0.38366816485527783|0.36892394787131627|0.32306503872293352
1,ENROLLMENT_PCA_TRANSFER,1,10,5,0.34569014690125371,0.34470582424529794|0.30808775881144301|0.38366816485527783|0.36892394787131627|0.32306503872293352
1,ENROLLMENT_PCA_TRANSFER,1,100,0.050000000000000003,0.34006939456997509,0.34141733839102262|0.30951220957799908|0.36548221574827616|0.36287842866790238|0.32105678046467523
1,ENROLLMENT_PCA_TRANSFER,1,100,0.10000000000000001,0.34006939456997509,0.34141733839102262|0.30951220957799908|0.36548221574827616|0.36287842866790238|0.32105678046467523
1,ENROLLMENT_PCA_TRANSFER,1,100,0.20000000000000001,0.34006939456997509,0.34141733839102262|0.30951220957799908|0.36548221574827616|0.36287842866790238|0.32105678046467523
1,ENROLLMENT_PCA_TRANSFER,1,100,0.5,0.34006939456997509,0.34141733839102262|0.30951220957799908|0.36548221574827616|0.36287842866790238|0.32105678046467523
1,ENROLLMENT_PCA_TRANSFER,1,100,1,0.34006939456997509,0.34141733839102262|0.30951220957799908|0.36548221574827616|0.36287842866790238|0.32105678046467523
1,ENROLLMENT_PCA_TRANSFER,1,100,2,0.34006939456997509,0.34141733839102262|0.30951220957799908|0.36548221574827616|0.36287842866790238|0.32105678046467523
1,ENROLLMENT_PCA_TRANSFER,1,100,5,0.34006939456997509,0.34141733839102262|0.30951220957799908|0.36548221574827616|0.36287842866790238|0.32105678046467523
1,ENROLLMENT_PCA_TRANSFER,2,1.0000000000000001e-05,0.050000000000000003,0.33811920133263013,0.35276256519677573|0.31947546230440965|0.34992252987125277|0.36179720390246706|0.30663824538824536
1,ENROLLMENT_PCA_TRANSFER,2,1.0000000000000001e-05,0.10000000000000001,0.33811920133263013,0.35276256519677573|0.31947546230440965|0.34992252987125277|0.36179720390246706|0.30663824538824536
1,ENROLLMENT_PCA_TRANSFER,2,1.0000000000000001e-05,0.20000000000000001,0.33811920133263013,0.35276256519677573|0.31947546230440965|0.34992252987125277|0.36179720390246706|0.30663824538824536
1,ENROLLMENT_PCA_TRANSFER,2,1.0000000000000001e-05,0.5,0.33811920133263013,0.35276256519677573|0.31947546230440965|0.34992252987125277|0.36179720390246706|0.30663824538824536
1,ENROLLMENT_PCA_TRANSFER,2,1.0000000000000001e-05,1,0.33811920133263013,0.35276256519677573|0.31947546230440965|0.34992252987125277|0.36179720390246706|0.30663824538824536
1,ENROLLMENT_PCA_TRANSFER,2,1.0000000000000001e-05,2,0.33811920133263013,0.35276256519677573|0.31947546230440965|0.34992252987125277|0.36179720390246706|0.30663824538824536
1,ENROLLMENT_PCA_TRANSFER,2,1.0000000000000001e-05,5,0.33811920133263013,0.35276256519677573|0.31947546230440965|0.34992252987125277|0.36179720390246706|0.30663824538824536
1,ENROLLMENT_PCA_TRANSFER,2,0.0001,0.050000000000000003,0.33811920133263013,0.35276256519677573|0.31947546230440965|0.34992252987125277|0.36179720390246706|0.30663824538824536
1,ENROLLMENT_PCA_TRANSFER,2,0.0001,0.10000000000000001,0.33811920133263013,0.35276256519677573|0.31947546230440965|0.34992252987125277|0.36179720390246706|0.30663824538824536
1,ENROLLMENT_PCA_TRANSFER,2,0.0001,0.20000000000000001,0.33811920133263013,0.35276256519677573|0.31947546230440965|0.34992252987125277|0.36179720390246706|0.30663824538824536
1,ENROLLMENT_PCA_TRANSFER,2,0.0001,0.5,0.33811920133263013,0.35276256519677573|0.31947546230440965|0.34992252987125277|0.36179720390246706|0.30663824538824536
1,ENROLLMENT_PCA_TRANSFER,2,0.0001,1,0.33811920133263013,0.35276256519677573|0.31947546230440965|0.34992252987125277|0.36179720390246706|0.30663824538824536
1,ENROLLMENT_PCA_TRANSFER,2,0.0001,2,0.33811920133263013,0.35276256519677573|0.31947546230440965|0.34992252987125277|0.36179720390246706|0.30663824538824536
1,ENROLLMENT_PCA_TRANSFER,2,0.0001,5,0.33811920133263013,0.35276256519677573|0.31947546230440965|0.34992252987125277|0.36179720390246706|0.30663824538824536
1,ENROLLMENT_PCA_TRANSFER,2,0.001,0.050000000000000003,0.33811920133263013,0.35276256519677573|0.31947546230440965|0.34992252987125277|0.36179720390246706|0.30663824538824536
1,ENROLLMENT_PCA_TRANSFER,2,0.001,0.10000000000000001,0.33811920133263013,0.35276256519677573|0.31947546230440965|0.34992252987125277|0.36179720390246706|0.30663824538824536
1,ENROLLMENT_PCA_TRANSFER,2,0.001,0.20000000000000001,0.33811920133263013,0.35276256519677573|0.31947546230440965|0.34992252987125277|0.36179720390246706|0.30663824538824536
1,ENROLLMENT_PCA_TRANSFER,2,0.001,0.5,0.33811920133263013,0.35276256519677573|0.31947546230440965|0.34992252987125277|0.36179720390246706|0.30663824538824536
1,ENROLLMENT_PCA_TRANSFER,2,0.001,1,0.33811920133263013,0.35276256519677573|0.31947546230440965|0.34992252987125277|0.36179720390246706|0.30663824538824536
1,ENROLLMENT_PCA_TRANSFER,2,0.001,2,0.33811920133263013,0.35276256519677573|0.31947546230440965|0.34992252987125277|0.36179720390246706|0.30663824538824536
1,ENROLLMENT_PCA_TRANSFER,2,0.001,5,0.33811920133263013,0.35276256519677573|0.31947546230440965|0.34992252987125277|0.36179720390246706|0.30663824538824536
1,ENROLLMENT_PCA_TRANSFER,2,0.01,0.050000000000000003,0.33823881855751053,0.35276256519677573|0.31947546230440965|0.35052061599565465|0.36179720390246706|0.30663824538824536
1,ENROLLMENT_PCA_TRANSFER,2,0.01,0.10000000000000001,0.33823881855751053,0.35276256519677573|0.31947546230440965|0.35052061599565465|0.36179720390246706|0.30663824538824536
1,ENROLLMENT_PCA_TRANSFER,2,0.01,0.20000000000000001,0.33823881855751053,0.35276256519677573|0.31947546230440965|0.35052061599565465|0.36179720390246706|0.30663824538824536
1,ENROLLMENT_PCA_TRANSFER,2,0.01,0.5,0.33823881855751053,0.35276256519677573|0.31947546230440965|0.35052061599565465|0.36179720390246706|0.30663824538824536
1,ENROLLMENT_PCA_TRANSFER,2,0.01,1,0.33823881855751053,0.35276256519677573|0.31947546230440965|0.35052061599565465|0.36179720390246706|0.30663824538824536
1,ENROLLMENT_PCA_TRANSFER,2,0.01,2,0.33823881855751053,0.35276256519677573|0.31947546230440965|0.35052061599565465|0.36179720390246706|0.30663824538824536
1,ENROLLMENT_PCA_TRANSFER,2,0.01,5,0.33823881855751053,0.35276256519677573|0.31947546230440965|0.35052061599565465|0.36179720390246706|0.30663824538824536
1,ENROLLMENT_PCA_TRANSFER,2,0.10000000000000001,0.050000000000000003,0.3382682379290351,0.35278034613560932|0.31949324324324324|0.34993869436110142|0.36179720390246706|0.30733170200275467
1,ENROLLMENT_PCA_TRANSFER,2,0.10000000000000001,0.10000000000000001,0.3382682379290351,0.35278034613560932|0.31949324324324324|0.34993869436110142|0.36179720390246706|0.30733170200275467
1,ENROLLMENT_PCA_TRANSFER,2,0.10000000000000001,0.20000000000000001,0.3382682379290351,0.35278034613560932|0.31949324324324324|0.34993869436110142|0.36179720390246706|0.30733170200275467
1,ENROLLMENT_PCA_TRANSFER,2,0.10000000000000001,0.5,0.3382682379290351,0.35278034613560932|0.31949324324324324|0.34993869436110142|0.36179720390246706|0.30733170200275467
1,ENROLLMENT_PCA_TRANSFER,2,0.10000000000000001,1,0.3382682379290351,0.35278034613560932|0.31949324324324324|0.34993869436110142|0.36179720390246706|0.30733170200275467
1,ENROLLMENT_PCA_TRANSFER,2,0.10000000000000001,2,0.3382682379290351,0.35278034613560932|0.31949324324324324|0.34993869436110142|0.36179720390246706|0.30733170200275467
1,ENROLLMENT_PCA_TRANSFER,2,0.10000000000000001,5,0.3382682379290351,0.35278034613560932|0.31949324324324324|0.34993869436110142|0.36179720390246706|0.30733170200275467
1,ENROLLMENT_PCA_TRANSFER,2,1,0.050000000000000003,0.34115597966739608,0.355483048838312|0.31751955903271695|0.35911325732823407|0.36481996350417406|0.30884406963354333
1,ENROLLMENT_PCA_TRANSFER,2,1,0.10000000000000001,0.34115597966739608,0.355483048838312|0.31751955903271695|0.35911325732823407|0.36481996350417406|0.30884406963354333
1,ENROLLMENT_PCA_TRANSFER,2,1,0.20000000000000001,0.34115597966739608,0.355483048838312|0.31751955903271695|0.35911325732823407|0.36481996350417406|0.30884406963354333
1,ENROLLMENT_PCA_TRANSFER,2,1,0.5,0.34115597966739608,0.355483048838312|0.31751955903271695|0.35911325732823407|0.36481996350417406|0.30884406963354333
1,ENROLLMENT_PCA_TRANSFER,2,1,1,0.34115597966739608,0.355483048838312|0.31751955903271695|0.35911325732823407|0.36481996350417406|0.30884406963354333
1,ENROLLMENT_PCA_TRANSFER,2,1,2,0.34115597966739608,0.355483048838312|0.31751955903271695|0.35911325732823407|0.36481996350417406|0.30884406963354333
1,ENROLLMENT_PCA_TRANSFER,2,1,5,0.34115597966739608,0.355483048838312|0.31751955903271695|0.35911325732823407|0.36481996350417406|0.30884406963354333
1,ENROLLMENT_PCA_TRANSFER,2,10,0.050000000000000003,0.34659702987083019,0.34812371582108426|0.31353366524419163|0.3804521558343153|0.37113758495337446|0.31973802750118541
1,ENROLLMENT_PCA_TRANSFER,2,10,0.10000000000000001,0.34659702987083019,0.34812371582108426|0.31353366524419163|0.3804521558343153|0.37113758495337446|0.31973802750118541
1,ENROLLMENT_PCA_TRANSFER,2,10,0.20000000000000001,0.34659702987083019,0.34812371582108426|0.31353366524419163|0.3804521558343153|0.37113758495337446|0.31973802750118541
1,ENROLLMENT_PCA_TRANSFER,2,10,0.5,0.34659702987083019,0.34812371582108426|0.31353366524419163|0.3804521558343153|0.37113758495337446|0.31973802750118541
1,ENROLLMENT_PCA_TRANSFER,2,10,1,0.34659702987083019,0.34812371582108426|0.31353366524419163|0.3804521558343153|0.37113758495337446|0.31973802750118541
1,ENROLLMENT_PCA_TRANSFER,2,10,2,0.34659702987083019,0.34812371582108426|0.31353366524419163|0.3804521558343153|0.37113758495337446|0.31973802750118541
1,ENROLLMENT_PCA_TRANSFER,2,10,5,0.34659702987083019,0.34812371582108426|0.31353366524419163|0.3804521558343153|0.37113758495337446|0.31973802750118541
1,ENROLLMENT_PCA_TRANSFER,2,100,0.050000000000000003,0.34143661715623791,0.34006499920973604|0.31013256677730366|0.36553454130369772|0.36774483813957493|0.32370614035087719
1,ENROLLMENT_PCA_TRANSFER,2,100,0.10000000000000001,0.34143661715623791,0.34006499920973604|0.31013256677730366|0.36553454130369772|0.36774483813957493|0.32370614035087719
1,ENROLLMENT_PCA_TRANSFER,2,100,0.20000000000000001,0.34143661715623791,0.34006499920973604|0.31013256677730366|0.36553454130369772|0.36774483813957493|0.32370614035087719
1,ENROLLMENT_PCA_TRANSFER,2,100,0.5,0.34143661715623791,0.34006499920973604|0.31013256677730366|0.36553454130369772|0.36774483813957493|0.32370614035087719
1,ENROLLMENT_PCA_TRANSFER,2,100,1,0.34143661715623791,0.34006499920973604|0.31013256677730366|0.36553454130369772|0.36774483813957493|0.32370614035087719
1,ENROLLMENT_PCA_TRANSFER,2,100,2,0.34143661715623791,0.34006499920973604|0.31013256677730366|0.36553454130369772|0.36774483813957493|0.32370614035087719
1,ENROLLMENT_PCA_TRANSFER,2,100,5,0.34143661715623791,0.34006499920973604|0.31013256677730366|0.36553454130369772|0.36774483813957493|0.32370614035087719
1,ENROLLMENT_PCA_TRANSFER,3,1.0000000000000001e-05,0.050000000000000003,0.33126947056571671,0.33713904694167851|0.31185830567409517|0.34039771214210068|0.36855485868643761|0.2983974293842715
1,ENROLLMENT_PCA_TRANSFER,3,1.0000000000000001e-05,0.10000000000000001,0.33126947056571671,0.33713904694167851|0.31185830567409517|0.34039771214210068|0.36855485868643761|0.2983974293842715
1,ENROLLMENT_PCA_TRANSFER,3,1.0000000000000001e-05,0.20000000000000001,0.33126947056571671,0.33713904694167851|0.31185830567409517|0.34039771214210068|0.36855485868643761|0.2983974293842715
1,ENROLLMENT_PCA_TRANSFER,3,1.0000000000000001e-05,0.5,0.33126947056571671,0.33713904694167851|0.31185830567409517|0.34039771214210068|0.36855485868643761|0.2983974293842715
1,ENROLLMENT_PCA_TRANSFER,3,1.0000000000000001e-05,1,0.33126947056571671,0.33713904694167851|0.31185830567409517|0.34039771214210068|0.36855485868643761|0.2983974293842715
1,ENROLLMENT_PCA_TRANSFER,3,1.0000000000000001e-05,2,0.33126947056571671,0.33713904694167851|0.31185830567409517|0.34039771214210068|0.36855485868643761|0.2983974293842715
1,ENROLLMENT_PCA_TRANSFER,3,1.0000000000000001e-05,5,0.33126947056571671,0.33713904694167851|0.31185830567409517|0.34039771214210068|0.36855485868643761|0.2983974293842715
1,ENROLLMENT_PCA_TRANSFER,3,0.0001,0.050000000000000003,0.33126947056571671,0.33713904694167851|0.31185830567409517|0.34039771214210068|0.36855485868643761|0.2983974293842715
1,ENROLLMENT_PCA_TRANSFER,3,0.0001,0.10000000000000001,0.33126947056571671,0.33713904694167851|0.31185830567409517|0.34039771214210068|0.36855485868643761|0.2983974293842715
1,ENROLLMENT_PCA_TRANSFER,3,0.0001,0.20000000000000001,0.33126947056571671,0.33713904694167851|0.31185830567409517|0.34039771214210068|0.36855485868643761|0.2983974293842715
1,ENROLLMENT_PCA_TRANSFER,3,0.0001,0.5,0.33126947056571671,0.33713904694167851|0.31185830567409517|0.34039771214210068|0.36855485868643761|0.2983974293842715
1,ENROLLMENT_PCA_TRANSFER,3,0.0001,1,0.33126947056571671,0.33713904694167851|0.31185830567409517|0.34039771214210068|0.36855485868643761|0.2983974293842715
1,ENROLLMENT_PCA_TRANSFER,3,0.0001,2,0.33126947056571671,0.33713904694167851|0.31185830567409517|0.34039771214210068|0.36855485868643761|0.2983974293842715
1,ENROLLMENT_PCA_TRANSFER,3,0.0001,5,0.33126947056571671,0.33713904694167851|0.31185830567409517|0.34039771214210068|0.36855485868643761|0.2983974293842715
1,ENROLLMENT_PCA_TRANSFER,3,0.001,0.050000000000000003,0.33126947056571671,0.33713904694167851|0.31185830567409517|0.34039771214210068|0.36855485868643761|0.2983974293842715
1,ENROLLMENT_PCA_TRANSFER,3,0.001,0.10000000000000001,0.33126947056571671,0.33713904694167851|0.31185830567409517|0.34039771214210068|0.36855485868643761|0.2983974293842715
1,ENROLLMENT_PCA_TRANSFER,3,0.001,0.20000000000000001,0.33126947056571671,0.33713904694167851|0.31185830567409517|0.34039771214210068|0.36855485868643761|0.2983974293842715
1,ENROLLMENT_PCA_TRANSFER,3,0.001,0.5,0.33126947056571671,0.33713904694167851|0.31185830567409517|0.34039771214210068|0.36855485868643761|0.2983974293842715
1,ENROLLMENT_PCA_TRANSFER,3,0.001,1,0.33126947056571671,0.33713904694167851|0.31185830567409517|0.34039771214210068|0.36855485868643761|0.2983974293842715
1,ENROLLMENT_PCA_TRANSFER,3,0.001,2,0.33126947056571671,0.33713904694167851|0.31185830567409517|0.34039771214210068|0.36855485868643761|0.2983974293842715
1,ENROLLMENT_PCA_TRANSFER,3,0.001,5,0.33126947056571671,0.33713904694167851|0.31185830567409517|0.34039771214210068|0.36855485868643761|0.2983974293842715
1,ENROLLMENT_PCA_TRANSFER,3,0.01,0.050000000000000003,0.33126947056571671,0.33713904694167851|0.31185830567409517|0.34039771214210068|0.36855485868643761|0.2983974293842715
1,ENROLLMENT_PCA_TRANSFER,3,0.01,0.10000000000000001,0.33126947056571671,0.33713904694167851|0.31185830567409517|0.34039771214210068|0.36855485868643761|0.2983974293842715
1,ENROLLMENT_PCA_TRANSFER,3,0.01,0.20000000000000001,0.33126947056571671,0.33713904694167851|0.31185830567409517|0.34039771214210068|0.36855485868643761|0.2983974293842715
1,ENROLLMENT_PCA_TRANSFER,3,0.01,0.5,0.33126947056571671,0.33713904694167851|0.31185830567409517|0.34039771214210068|0.36855485868643761|0.2983974293842715
1,ENROLLMENT_PCA_TRANSFER,3,0.01,1,0.33126947056571671,0.33713904694167851|0.31185830567409517|0.34039771214210068|0.36855485868643761|0.2983974293842715
1,ENROLLMENT_PCA_TRANSFER,3,0.01,2,0.33126947056571671,0.33713904694167851|0.31185830567409517|0.34039771214210068|0.36855485868643761|0.2983974293842715
1,ENROLLMENT_PCA_TRANSFER,3,0.01,5,0.33126947056571671,0.33713904694167851|0.31185830567409517|0.34039771214210068|0.36855485868643761|0.2983974293842715
1,ENROLLMENT_PCA_TRANSFER,3,0.10000000000000001,0.050000000000000003,0.33179616352662017,0.33850916706179862|0.31114401995980934|0.34099579826650261|0.36920233630759947|0.29912949603739081
1,ENROLLMENT_PCA_TRANSFER,3,0.10000000000000001,0.10000000000000001,0.33179616352662017,0.33850916706179862|0.31114401995980934|0.34099579826650261|0.36920233630759947|0.29912949603739081
1,ENROLLMENT_PCA_TRANSFER,3,0.10000000000000001,0.20000000000000001,0.33179616352662017,0.33850916706179862|0.31114401995980934|0.34099579826650261|0.36920233630759947|0.29912949603739081
1,ENROLLMENT_PCA_TRANSFER,3,0.10000000000000001,0.5,0.33179616352662017,0.33850916706179862|0.31114401995980934|0.34099579826650261|0.36920233630759947|0.29912949603739081
1,ENROLLMENT_PCA_TRANSFER,3,0.10000000000000001,1,0.33179616352662017,0.33850916706179862|0.31114401995980934|0.34099579826650261|0.36920233630759947|0.29912949603739081
1,ENROLLMENT_PCA_TRANSFER,3,0.10000000000000001,2,0.33179616352662017,0.33850916706179862|0.31114401995980934|0.34099579826650261|0.36920233630759947|0.29912949603739081
1,ENROLLMENT_PCA_TRANSFER,3,0.10000000000000001,5,0.33179616352662017,0.33850916706179862|0.31114401995980934|0.34099579826650261|0.36920233630759947|0.29912949603739081
1,ENROLLMENT_PCA_TRANSFER,3,1,0.050000000000000003,0.3360163495362799,0.34053619408882563|0.31121819187608663|0.35258843156966224|0.36968457692141904|0.30605435322540581
1,ENROLLMENT_PCA_TRANSFER,3,1,0.10000000000000001,0.3360163495362799,0.34053619408882563|0.31121819187608663|0.35258843156966224|0.36968457692141904|0.30605435322540581
1,ENROLLMENT_PCA_TRANSFER,3,1,0.20000000000000001,0.3360163495362799,0.34053619408882563|0.31121819187608663|0.35258843156966224|0.36968457692141904|0.30605435322540581
1,ENROLLMENT_PCA_TRANSFER,3,1,0.5,0.3360163495362799,0.34053619408882563|0.31121819187608663|0.35258843156966224|0.36968457692141904|0.30605435322540581
1,ENROLLMENT_PCA_TRANSFER,3,1,1,0.3360163495362799,0.34053619408882563|0.31121819187608663|0.35258843156966224|0.36968457692141904|0.30605435322540581
1,ENROLLMENT_PCA_TRANSFER,3,1,2,0.3360163495362799,0.34053619408882563|0.31121819187608663|0.35258843156966224|0.36968457692141904|0.30605435322540581
1,ENROLLMENT_PCA_TRANSFER,3,1,5,0.3360163495362799,0.34053619408882563|0.31121819187608663|0.35258843156966224|0.36968457692141904|0.30605435322540581
1,ENROLLMENT_PCA_TRANSFER,3,10,0.050000000000000003,0.34611673156158451,0.34751817607080759|0.30878220325588746|0.37862459348043703|0.37469377272008852|0.32096491228070179
1,ENROLLMENT_PCA_TRANSFER,3,10,0.10000000000000001,0.34611673156158451,0.34751817607080759|0.30878220325588746|0.37862459348043703|0.37469377272008852|0.32096491228070179
1,ENROLLMENT_PCA_TRANSFER,3,10,0.20000000000000001,0.34611673156158451,0.34751817607080759|0.30878220325588746|0.37862459348043703|0.37469377272008852|0.32096491228070179
1,ENROLLMENT_PCA_TRANSFER,3,10,0.5,0.34611673156158451,0.34751817607080759|0.30878220325588746|0.37862459348043703|0.37469377272008852|0.32096491228070179
1,ENROLLMENT_PCA_TRANSFER,3,10,1,0.34611673156158451,0.34751817607080759|0.30878220325588746|0.37862459348043703|0.37469377272008852|0.32096491228070179
1,ENROLLMENT_PCA_TRANSFER,3,10,2,0.34611673156158451,0.34751817607080759|0.30878220325588746|0.37862459348043703|0.37469377272008852|0.32096491228070179
1,ENROLLMENT_PCA_TRANSFER,3,10,5,0.34611673156158451,0.34751817607080759|0.30878220325588746|0.37862459348043703|0.37469377272008852|0.32096491228070179
1,ENROLLMENT_PCA_TRANSFER,3,100,0.050000000000000003,0.34207809595561151,0.3427153469258733|0.30949344080923036|0.36553454130369772|0.3689410103883789|0.32370614035087719
1,ENROLLMENT_PCA_TRANSFER,3,100,0.10000000000000001,0.34207809595561151,0.3427153469258733|0.30949344080923036|0.36553454130369772|0.3689410103883789|0.32370614035087719
1,ENROLLMENT_PCA_TRANSFER,3,100,0.20000000000000001,0.34207809595561151,0.3427153469258733|0.30949344080923036|0.36553454130369772|0.3689410103883789|0.32370614035087719
1,ENROLLMENT_PCA_TRANSFER,3,100,0.5,0.34207809595561151,0.3427153469258733|0.30949344080923036|0.36553454130369772|0.3689410103883789|0.32370614035087719
1,ENROLLMENT_PCA_TRANSFER,3,100,1,0.34207809595561151,0.3427153469258733|0.30949344080923036|0.36553454130369772|0.3689410103883789|0.32370614035087719
1,ENROLLMENT_PCA_TRANSFER,3,100,2,0.34207809595561151,0.3427153469258733|0.30949344080923036|0.36553454130369772|0.3689410103883789|0.32370614035087719
1,ENROLLMENT_PCA_TRANSFER,3,100,5,0.34207809595561151,0.3427153469258733|0.30949344080923036|0.36553454130369772|0.3689410103883789|0.32370614035087719
1,ENROLLMENT_PCA_TRANSFER,5,1.0000000000000001e-05,0.050000000000000003,0.33937555250558349,0.35233771365350314|0.3179830206145996|0.34555996403906625|0.37170962828857568|0.30928743593217278
1,ENROLLMENT_PCA_TRANSFER,5,1.0000000000000001e-05,0.10000000000000001,0.33937555250558349,0.35233771365350314|0.3179830206145996|0.34555996403906625|0.37170962828857568|0.30928743593217278
1,ENROLLMENT_PCA_TRANSFER,5,1.0000000000000001e-05,0.20000000000000001,0.33937555250558349,0.35233771365350314|0.3179830206145996|0.34555996403906625|0.37170962828857568|0.30928743593217278
1,ENROLLMENT_PCA_TRANSFER,5,1.0000000000000001e-05,0.5,0.33937555250558349,0.35233771365350314|0.3179830206145996|0.34555996403906625|0.37170962828857568|0.30928743593217278
1,ENROLLMENT_PCA_TRANSFER,5,1.0000000000000001e-05,1,0.33937555250558349,0.35233771365350314|0.3179830206145996|0.34555996403906625|0.37170962828857568|0.30928743593217278
1,ENROLLMENT_PCA_TRANSFER,5,1.0000000000000001e-05,2,0.33937555250558349,0.35233771365350314|0.3179830206145996|0.34555996403906625|0.37170962828857568|0.30928743593217278
1,ENROLLMENT_PCA_TRANSFER,5,1.0000000000000001e-05,5,0.33937555250558349,0.35233771365350314|0.3179830206145996|0.34555996403906625|0.37170962828857568|0.30928743593217278
1,ENROLLMENT_PCA_TRANSFER,5,0.0001,0.050000000000000003,0.33937555250558349,0.35233771365350314|0.3179830206145996|0.34555996403906625|0.37170962828857568|0.30928743593217278
1,ENROLLMENT_PCA_TRANSFER,5,0.0001,0.10000000000000001,0.33937555250558349,0.35233771365350314|0.3179830206145996|0.34555996403906625|0.37170962828857568|0.30928743593217278
1,ENROLLMENT_PCA_TRANSFER,5,0.0001,0.20000000000000001,0.33937555250558349,0.35233771365350314|0.3179830206145996|0.34555996403906625|0.37170962828857568|0.30928743593217278
1,ENROLLMENT_PCA_TRANSFER,5,0.0001,0.5,0.33937555250558349,0.35233771365350314|0.3179830206145996|0.34555996403906625|0.37170962828857568|0.30928743593217278
1,ENROLLMENT_PCA_TRANSFER,5,0.0001,1,0.33937555250558349,0.35233771365350314|0.3179830206145996|0.34555996403906625|0.37170962828857568|0.30928743593217278
1,ENROLLMENT_PCA_TRANSFER,5,0.0001,2,0.33937555250558349,0.35233771365350314|0.3179830206145996|0.34555996403906625|0.37170962828857568|0.30928743593217278
1,ENROLLMENT_PCA_TRANSFER,5,0.0001,5,0.33937555250558349,0.35233771365350314|0.3179830206145996|0.34555996403906625|0.37170962828857568|0.30928743593217278
1,ENROLLMENT_PCA_TRANSFER,5,0.001,0.050000000000000003,0.33937555250558349,0.35233771365350314|0.3179830206145996|0.34555996403906625|0.37170962828857568|0.30928743593217278
1,ENROLLMENT_PCA_TRANSFER,5,0.001,0.10000000000000001,0.33937555250558349,0.35233771365350314|0.3179830206145996|0.34555996403906625|0.37170962828857568|0.30928743593217278
1,ENROLLMENT_PCA_TRANSFER,5,0.001,0.20000000000000001,0.33937555250558349,0.35233771365350314|0.3179830206145996|0.34555996403906625|0.37170962828857568|0.30928743593217278
1,ENROLLMENT_PCA_TRANSFER,5,0.001,0.5,0.33937555250558349,0.35233771365350314|0.3179830206145996|0.34555996403906625|0.37170962828857568|0.30928743593217278
1,ENROLLMENT_PCA_TRANSFER,5,0.001,1,0.33937555250558349,0.35233771365350314|0.3179830206145996|0.34555996403906625|0.37170962828857568|0.30928743593217278
1,ENROLLMENT_PCA_TRANSFER,5,0.001,2,0.33937555250558349,0.35233771365350314|0.3179830206145996|0.34555996403906625|0.37170962828857568|0.30928743593217278
1,ENROLLMENT_PCA_TRANSFER,5,0.001,5,0.33937555250558349,0.35233771365350314|0.3179830206145996|0.34555996403906625|0.37170962828857568|0.30928743593217278
1,ENROLLMENT_PCA_TRANSFER,5,0.01,0.050000000000000003,0.3394951697304639,0.35233771365350314|0.31732512587775746|0.34615805016346812|0.37170962828857568|0.30994533066901492
1,ENROLLMENT_PCA_TRANSFER,5,0.01,0.10000000000000001,0.3394951697304639,0.35233771365350314|0.31732512587775746|0.34615805016346812|0.37170962828857568|0.30994533066901492
1,ENROLLMENT_PCA_TRANSFER,5,0.01,0.20000000000000001,0.3394951697304639,0.35233771365350314|0.31732512587775746|0.34615805016346812|0.37170962828857568|0.30994533066901492
1,ENROLLMENT_PCA_TRANSFER,5,0.01,0.5,0.3394951697304639,0.35233771365350314|0.31732512587775746|0.34615805016346812|0.37170962828857568|0.30994533066901492
1,ENROLLMENT_PCA_TRANSFER,5,0.01,1,0.3394951697304639,0.35233771365350314|0.31732512587775746|0.34615805016346812|0.37170962828857568|0.30994533066901492
1,ENROLLMENT_PCA_TRANSFER,5,0.01,2,0.3394951697304639,0.35233771365350314|0.31732512587775746|0.34615805016346812|0.37170962828857568|0.30994533066901492
1,ENROLLMENT_PCA_TRANSFER,5,0.01,5,0.3394951697304639,0.35233771365350314|0.31732512587775746|0.34615805016346812|0.37170962828857568|0.30994533066901492
1,ENROLLMENT_PCA_TRANSFER,5,0.10000000000000001,0.050000000000000003,0.33924286948280757,0.35367128406602089|0.31595294542662961|0.34489151484120528|0.37109537767432504|0.310603225405857
1,ENROLLMENT_PCA_TRANSFER,5,0.10000000000000001,0.10000000000000001,0.33924286948280757,0.35367128406602089|0.31595294542662961|0.34489151484120528|0.37109537767432504|0.310603225405857
1,ENROLLMENT_PCA_TRANSFER,5,0.10000000000000001,0.20000000000000001,0.33924286948280757,0.35367128406602089|0.31595294542662961|0.34489151484120528|0.37109537767432504|0.310603225405857
1,ENROLLMENT_PCA_TRANSFER,5,0.10000000000000001,0.5,0.33924286948280757,0.35367128406602089|0.31595294542662961|0.34489151484120528|0.37109537767432504|0.310603225405857
1,ENROLLMENT_PCA_TRANSFER,5,0.10000000000000001,1,0.33924286948280757,0.35367128406602089|0.31595294542662961|0.34489151484120528|0.37109537767432504|0.310603225405857
1,ENROLLMENT_PCA_TRANSFER,5,0.10000000000000001,2,0.33924286948280757,0.35367128406602089|0.31595294542662961|0.34489151484120528|0.37109537767432504|0.310603225405857
1,ENROLLMENT_PCA_TRANSFER,5,0.10000000000000001,5,0.33924286948280757,0.35367128406602089|0.31595294542662961|0.34489151484120528|0.37109537767432504|0.310603225405857
1,ENROLLMENT_PCA_TRANSFER,5,1,0.050000000000000003,0.34210588402674319,0.35045490979701505|0.31529101469890947|0.35588228068394478|0.3699485969222811|0.31895261803156549
1,ENROLLMENT_PCA_TRANSFER,5,1,0.10000000000000001,0.34210588402674319,0.35045490979701505|0.31529101469890947|0.35588228068394478|0.3699485969222811|0.31895261803156549
1,ENROLLMENT_PCA_TRANSFER,5,1,0.20000000000000001,0.34210588402674319,0.35045490979701505|0.31529101469890947|0.35588228068394478|0.3699485969222811|0.31895261803156549
1,ENROLLMENT_PCA_TRANSFER,5,1,0.5,0.34210588402674319,0.35045490979701505|0.31529101469890947|0.35588228068394478|0.3699485969222811|0.31895261803156549
1,ENROLLMENT_PCA_TRANSFER,5,1,1,0.34210588402674319,0.35045490979701505|0.31529101469890947|0.35588228068394478|0.3699485969222811|0.31895261803156549
1,ENROLLMENT_PCA_TRANSFER,5,1,2,0.34210588402674319,0.35045490979701505|0.31529101469890947|0.35588228068394478|0.3699485969222811|0.31895261803156549
1,ENROLLMENT_PCA_TRANSFER,5,1,5,0.34210588402674319,0.35045490979701505|0.31529101469890947|0.35588228068394478|0.3699485969222811|0.31895261803156549
1,ENROLLMENT_PCA_TRANSFER,5,10,0.050000000000000003,0.34534497379601869,0.34550794215267899|0.31214280069543227|0.36977313768625686|0.37652036007299167|0.32278062837273369
1,ENROLLMENT_PCA_TRANSFER,5,10,0.10000000000000001,0.34534497379601869,0.34550794215267899|0.31214280069543227|0.36977313768625686|0.37652036007299167|0.32278062837273369
1,ENROLLMENT_PCA_TRANSFER,5,10,0.20000000000000001,0.34534497379601869,0.34550794215267899|0.31214280069543227|0.36977313768625686|0.37652036007299167|0.32278062837273369
1,ENROLLMENT_PCA_TRANSFER,5,10,0.5,0.34534497379601869,0.34550794215267899|0.31214280069543227|0.36977313768625686|0.37652036007299167|0.32278062837273369
1,ENROLLMENT_PCA_TRANSFER,5,10,1,0.34534497379601869,0.34550794215267899|0.31214280069543227|0.36977313768625686|0.37652036007299167|0.32278062837273369
1,ENROLLMENT_PCA_TRANSFER,5,10,2,0.34534497379601869,0.34550794215267899|0.31214280069543227|0.36977313768625686|0.37652036007299167|0.32278062837273369
1,ENROLLMENT_PCA_TRANSFER,5,10,5,0.34534497379601869,0.34550794215267899|0.31214280069543227|0.36977313768625686|0.37652036007299167|0.32278062837273369
1,ENROLLMENT_PCA_TRANSFER,5,100,0.050000000000000003,0.34286902444390832,0.34540026868974238|0.309456891101628|0.36737908920087708|0.36774483813957504|0.32436403508771922
1,ENROLLMENT_PCA_TRANSFER,5,100,0.10000000000000001,0.34286902444390832,0.34540026868974238|0.309456891101628|0.36737908920087708|0.36774483813957504|0.32436403508771922
1,ENROLLMENT_PCA_TRANSFER,5,100,0.20000000000000001,0.34286902444390832,0.34540026868974238|0.309456891101628|0.36737908920087708|0.36774483813957504|0.32436403508771922
1,ENROLLMENT_PCA_TRANSFER,5,100,0.5,0.34286902444390832,0.34540026868974238|0.309456891101628|0.36737908920087708|0.36774483813957504|0.32436403508771922
1,ENROLLMENT_PCA_TRANSFER,5,100,1,0.34286902444390832,0.34540026868974238|0.309456891101628|0.36737908920087708|0.36774483813957504|0.32436403508771922
1,ENROLLMENT_PCA_TRANSFER,5,100,2,0.34286902444390832,0.34540026868974238|0.309456891101628|0.36737908920087708|0.36774483813957504|0.32436403508771922
1,ENROLLMENT_PCA_TRANSFER,5,100,5,0.34286902444390832,0.34540026868974238|0.309456891101628|0.36737908920087708|0.36774483813957504|0.32436403508771922
1,ENROLLMENT_PCA_TRANSFER,8,1.0000000000000001e-05,0.050000000000000003,0.35121069275268196,0.34467678204520313|0.31720830793199212|0.36848306612722248|0.39237952066899434|0.33330578698999752
1,ENROLLMENT_PCA_TRANSFER,8,1.0000000000000001e-05,0.10000000000000001,0.35121069275268196,0.34467678204520313|0.31720830793199212|0.36848306612722248|0.39237952066899434|0.33330578698999752
1,ENROLLMENT_PCA_TRANSFER,8,1.0000000000000001e-05,0.20000000000000001,0.35121069275268196,0.34467678204520313|0.31720830793199212|0.36848306612722248|0.39237952066899434|0.33330578698999752
1,ENROLLMENT_PCA_TRANSFER,8,1.0000000000000001e-05,0.5,0.35121069275268196,0.34467678204520313|0.31720830793199212|0.36848306612722248|0.39237952066899434|0.33330578698999752
1,ENROLLMENT_PCA_TRANSFER,8,1.0000000000000001e-05,1,0.35121069275268196,0.34467678204520313|0.31720830793199212|0.36848306612722248|0.39237952066899434|0.33330578698999752
1,ENROLLMENT_PCA_TRANSFER,8,1.0000000000000001e-05,2,0.35121069275268196,0.34467678204520313|0.31720830793199212|0.36848306612722248|0.39237952066899434|0.33330578698999752
1,ENROLLMENT_PCA_TRANSFER,8,1.0000000000000001e-05,5,0.35121069275268196,0.34467678204520313|0.31720830793199212|0.36848306612722248|0.39237952066899434|0.33330578698999752
1,ENROLLMENT_PCA_TRANSFER,8,0.0001,0.050000000000000003,0.35121069275268196,0.34467678204520313|0.31720830793199212|0.36848306612722248|0.39237952066899434|0.33330578698999752
1,ENROLLMENT_PCA_TRANSFER,8,0.0001,0.10000000000000001,0.35121069275268196,0.34467678204520313|0.31720830793199212|0.36848306612722248|0.39237952066899434|0.33330578698999752
1,ENROLLMENT_PCA_TRANSFER,8,0.0001,0.20000000000000001,0.35121069275268196,0.34467678204520313|0.31720830793199212|0.36848306612722248|0.39237952066899434|0.33330578698999752
1,ENROLLMENT_PCA_TRANSFER,8,0.0001,0.5,0.35121069275268196,0.34467678204520313|0.31720830793199212|0.36848306612722248|0.39237952066899434|0.33330578698999752
1,ENROLLMENT_PCA_TRANSFER,8,0.0001,1,0.35121069275268196,0.34467678204520313|0.31720830793199212|0.36848306612722248|0.39237952066899434|0.33330578698999752
1,ENROLLMENT_PCA_TRANSFER,8,0.0001,2,0.35121069275268196,0.34467678204520313|0.31720830793199212|0.36848306612722248|0.39237952066899434|0.33330578698999752
1,ENROLLMENT_PCA_TRANSFER,8,0.0001,5,0.35121069275268196,0.34467678204520313|0.31720830793199212|0.36848306612722248|0.39237952066899434|0.33330578698999752
1,ENROLLMENT_PCA_TRANSFER,8,0.001,0.050000000000000003,0.35121069275268196,0.34467678204520313|0.31720830793199212|0.36848306612722248|0.39237952066899434|0.33330578698999752
1,ENROLLMENT_PCA_TRANSFER,8,0.001,0.10000000000000001,0.35121069275268196,0.34467678204520313|0.31720830793199212|0.36848306612722248|0.39237952066899434|0.33330578698999752
1,ENROLLMENT_PCA_TRANSFER,8,0.001,0.20000000000000001,0.35121069275268196,0.34467678204520313|0.31720830793199212|0.36848306612722248|0.39237952066899434|0.33330578698999752
1,ENROLLMENT_PCA_TRANSFER,8,0.001,0.5,0.35121069275268196,0.34467678204520313|0.31720830793199212|0.36848306612722248|0.39237952066899434|0.33330578698999752
1,ENROLLMENT_PCA_TRANSFER,8,0.001,1,0.35121069275268196,0.34467678204520313|0.31720830793199212|0.36848306612722248|0.39237952066899434|0.33330578698999752
1,ENROLLMENT_PCA_TRANSFER,8,0.001,2,0.35121069275268196,0.34467678204520313|0.31720830793199212|0.36848306612722248|0.39237952066899434|0.33330578698999752
1,ENROLLMENT_PCA_TRANSFER,8,0.001,5,0.35121069275268196,0.34467678204520313|0.31720830793199212|0.36848306612722248|0.39237952066899434|0.33330578698999752
1,ENROLLMENT_PCA_TRANSFER,8,0.01,0.050000000000000003,0.35147243176442095,0.34467678204520313|0.31790275237643656|0.36848306612722248|0.39299377128324497|0.33330578698999752
1,ENROLLMENT_PCA_TRANSFER,8,0.01,0.10000000000000001,0.35147243176442095,0.34467678204520313|0.31790275237643656|0.36848306612722248|0.39299377128324497|0.33330578698999752
1,ENROLLMENT_PCA_TRANSFER,8,0.01,0.20000000000000001,0.35147243176442095,0.34467678204520313|0.31790275237643656|0.36848306612722248|0.39299377128324497|0.33330578698999752
1,ENROLLMENT_PCA_TRANSFER,8,0.01,0.5,0.35147243176442095,0.34467678204520313|0.31790275237643656|0.36848306612722248|0.39299377128324497|0.33330578698999752
1,ENROLLMENT_PCA_TRANSFER,8,0.01,1,0.35147243176442095,0.34467678204520313|0.31790275237643656|0.36848306612722248|0.39299377128324497|0.33330578698999752
1,ENROLLMENT_PCA_TRANSFER,8,0.01,2,0.35147243176442095,0.34467678204520313|0.31790275237643656|0.36848306612722248|0.39299377128324497|0.33330578698999752
1,ENROLLMENT_PCA_TRANSFER,8,0.01,5,0.35147243176442095,0.34467678204520313|0.31790275237643656|0.36848306612722248|0.39299377128324497|0.33330578698999752
1,ENROLLMENT_PCA_TRANSFER,8,0.10000000000000001,0.050000000000000003,0.35047773641117291,0.34462039106775955|0.31921854185012072|0.36675155740558213|0.39179759903444111|0.33000059269796111
1,ENROLLMENT_PCA_TRANSFER,8,0.10000000000000001,0.10000000000000001,0.35047773641117291,0.34462039106775955|0.31921854185012072|0.36675155740558213|0.39179759903444111|0.33000059269796111
1,ENROLLMENT_PCA_TRANSFER,8,0.10000000000000001,0.20000000000000001,0.35047773641117291,0.34462039106775955|0.31921854185012072|0.36675155740558213|0.39179759903444111|0.33000059269796111
1,ENROLLMENT_PCA_TRANSFER,8,0.10000000000000001,0.5,0.35047773641117291,0.34462039106775955|0.31921854185012072|0.36675155740558213|0.39179759903444111|0.33000059269796111
1,ENROLLMENT_PCA_TRANSFER,8,0.10000000000000001,1,0.35047773641117291,0.34462039106775955|0.31921854185012072|0.36675155740558213|0.39179759903444111|0.33000059269796111
1,ENROLLMENT_PCA_TRANSFER,8,0.10000000000000001,2,0.35047773641117291,0.34462039106775955|0.31921854185012072|0.36675155740558213|0.39179759903444111|0.33000059269796111
1,ENROLLMENT_PCA_TRANSFER,8,0.10000000000000001,5,0.35047773641117291,0.34462039106775955|0.31921854185012072|0.36675155740558213|0.39179759903444111|0.33000059269796111
1,ENROLLMENT_PCA_TRANSFER,8,1,0.050000000000000003,0.34520170401342998,0.34225098218519268|0.3095201122174806|0.36391899034604142|0.38588319180424441|0.3244352435141909
1,ENROLLMENT_PCA_TRANSFER,8,1,0.10000000000000001,0.34520170401342998,0.34225098218519268|0.3095201122174806|0.36391899034604142|0.38588319180424441|0.3244352435141909
1,ENROLLMENT_PCA_TRANSFER,8,1,0.20000000000000001,0.34520170401342998,0.34225098218519268|0.3095201122174806|0.36391899034604142|0.38588319180424441|0.3244352435141909
1,ENROLLMENT_PCA_TRANSFER,8,1,0.5,0.34520170401342998,0.34225098218519268|0.3095201122174806|0.36391899034604142|0.38588319180424441|0.3244352435141909
1,ENROLLMENT_PCA_TRANSFER,8,1,1,0.34520170401342998,0.34225098218519268|0.3095201122174806|0.36391899034604142|0.38588319180424441|0.3244352435141909
1,ENROLLMENT_PCA_TRANSFER,8,1,2,0.34520170401342998,0.34225098218519268|0.3095201122174806|0.36391899034604142|0.38588319180424441|0.3244352435141909
1,ENROLLMENT_PCA_TRANSFER,8,1,5,0.34520170401342998,0.34225098218519268|0.3095201122174806|0.36391899034604142|0.38588319180424441|0.3244352435141909
1,ENROLLMENT_PCA_TRANSFER,8,10,0.050000000000000003,0.34664118368046387,0.34419108017792233|0.31093764817449027|0.3733871402940675|0.37648623503886663|0.32820381471697263
1,ENROLLMENT_PCA_TRANSFER,8,10,0.10000000000000001,0.34664118368046387,0.34419108017792233|0.31093764817449027|0.3733871402940675|0.37648623503886663|0.32820381471697263
1,ENROLLMENT_PCA_TRANSFER,8,10,0.20000000000000001,0.34664118368046387,0.34419108017792233|0.31093764817449027|0.3733871402940675|0.37648623503886663|0.32820381471697263
1,ENROLLMENT_PCA_TRANSFER,8,10,0.5,0.34664118368046387,0.34419108017792233|0.31093764817449027|0.3733871402940675|0.37648623503886663|0.32820381471697263
1,ENROLLMENT_PCA_TRANSFER,8,10,1,0.34664118368046387,0.34419108017792233|0.31093764817449027|0.3733871402940675|0.37648623503886663|0.32820381471697263
1,ENROLLMENT_PCA_TRANSFER,8,10,2,0.34664118368046387,0.34419108017792233|0.31093764817449027|0.3733871402940675|0.37648623503886663|0.32820381471697263
1,ENROLLMENT_PCA_TRANSFER,8,10,5,0.34664118368046387,0.34419108017792233|0.31093764817449027|0.3733871402940675|0.37648623503886663|0.32820381471697263
1,ENROLLMENT_PCA_TRANSFER,8,100,0.050000000000000003,0.34323680250905475,0.3467703888098625|0.30814110162794373|0.36678100307647515|0.37076759774128193|0.32372392128971078
1,ENROLLMENT_PCA_TRANSFER,8,100,0.10000000000000001,0.34323680250905475,0.3467703888098625|0.30814110162794373|0.36678100307647515|0.37076759774128193|0.32372392128971078
1,ENROLLMENT_PCA_TRANSFER,8,100,0.20000000000000001,0.34323680250905475,0.3467703888098625|0.30814110162794373|0.36678100307647515|0.37076759774128193|0.32372392128971078
1,ENROLLMENT_PCA_TRANSFER,8,100,0.5,0.34323680250905475,0.3467703888098625|0.30814110162794373|0.36678100307647515|0.37076759774128193|0.32372392128971078
1,ENROLLMENT_PCA_TRANSFER,8,100,1,0.34323680250905475,0.3467703888098625|0.30814110162794373|0.36678100307647515|0.37076759774128193|0.32372392128971078
1,ENROLLMENT_PCA_TRANSFER,8,100,2,0.34323680250905475,0.3467703888098625|0.30814110162794373|0.36678100307647515|0.37076759774128193|0.32372392128971078
1,ENROLLMENT_PCA_TRANSFER,8,100,5,0.34323680250905475,0.3467703888098625|0.30814110162794373|0.36678100307647515|0.37076759774128193|0.32372392128971078
1,ENROLLMENT_PCA_TRANSFER,13,1.0000000000000001e-05,0.050000000000000003,0.345544607622781,0.3462140994377837|0.32000880579827951|0.34727319319037586|0.38583380030748449|0.32839313937998149
1,ENROLLMENT_PCA_TRANSFER,13,1.0000000000000001e-05,0.10000000000000001,0.345544607622781,0.3462140994377837|0.32000880579827951|0.34727319319037586|0.38583380030748449|0.32839313937998149
1,ENROLLMENT_PCA_TRANSFER,13,1.0000000000000001e-05,0.20000000000000001,0.345544607622781,0.3462140994377837|0.32000880579827951|0.34727319319037586|0.38583380030748449|0.32839313937998149
1,ENROLLMENT_PCA_TRANSFER,13,1.0000000000000001e-05,0.5,0.345544607622781,0.3462140994377837|0.32000880579827951|0.34727319319037586|0.38583380030748449|0.32839313937998149
1,ENROLLMENT_PCA_TRANSFER,13,1.0000000000000001e-05,1,0.345544607622781,0.3462140994377837|0.32000880579827951|0.34727319319037586|0.38583380030748449|0.32839313937998149
1,ENROLLMENT_PCA_TRANSFER,13,1.0000000000000001e-05,2,0.345544607622781,0.3462140994377837|0.32000880579827951|0.34727319319037586|0.38583380030748449|0.32839313937998149
1,ENROLLMENT_PCA_TRANSFER,13,1.0000000000000001e-05,5,0.345544607622781,0.3462140994377837|0.32000880579827951|0.34727319319037586|0.38583380030748449|0.32839313937998149
1,ENROLLMENT_PCA_TRANSFER,13,0.0001,0.050000000000000003,0.34541302867541257,0.3462140994377837|0.32000880579827951|0.34727319319037586|0.38583380030748449|0.32773524464313936
1,ENROLLMENT_PCA_TRANSFER,13,0.0001,0.10000000000000001,0.34541302867541257,0.3462140994377837|0.32000880579827951|0.34727319319037586|0.38583380030748449|0.32773524464313936
1,ENROLLMENT_PCA_TRANSFER,13,0.0001,0.20000000000000001,0.34541302867541257,0.3462140994377837|0.32000880579827951|0.34727319319037586|0.38583380030748449|0.32773524464313936
1,ENROLLMENT_PCA_TRANSFER,13,0.0001,0.5,0.34541302867541257,0.3462140994377837|0.32000880579827951|0.34727319319037586|0.38583380030748449|0.32773524464313936
1,ENROLLMENT_PCA_TRANSFER,13,0.0001,1,0.34541302867541257,0.3462140994377837|0.32000880579827951|0.34727319319037586|0.38583380030748449|0.32773524464313936
1,ENROLLMENT_PCA_TRANSFER,13,0.0001,2,0.34541302867541257,0.3462140994377837|0.32000880579827951|0.34727319319037586|0.38583380030748449|0.32773524464313936
1,ENROLLMENT_PCA_TRANSFER,13,0.0001,5,0.34541302867541257,0.3462140994377837|0.32000880579827951|0.34727319319037586|0.38583380030748449|0.32773524464313936
1,ENROLLMENT_PCA_TRANSFER,13,0.001,0.050000000000000003,0.34541302867541257,0.3462140994377837|0.32000880579827951|0.34727319319037586|0.38583380030748449|0.32773524464313936
1,ENROLLMENT_PCA_TRANSFER,13,0.001,0.10000000000000001,0.34541302867541257,0.3462140994377837|0.32000880579827951|0.34727319319037586|0.38583380030748449|0.32773524464313936
1,ENROLLMENT_PCA_TRANSFER,13,0.001,0.20000000000000001,0.34541302867541257,0.3462140994377837|0.32000880579827951|0.34727319319037586|0.38583380030748449|0.32773524464313936
1,ENROLLMENT_PCA_TRANSFER,13,0.001,0.5,0.34541302867541257,0.3462140994377837|0.32000880579827951|0.34727319319037586|0.38583380030748449|0.32773524464313936
1,ENROLLMENT_PCA_TRANSFER,13,0.001,1,0.34541302867541257,0.3462140994377837|0.32000880579827951|0.34727319319037586|0.38583380030748449|0.32773524464313936
1,ENROLLMENT_PCA_TRANSFER,13,0.001,2,0.34541302867541257,0.3462140994377837|0.32000880579827951|0.34727319319037586|0.38583380030748449|0.32773524464313936
1,ENROLLMENT_PCA_TRANSFER,13,0.001,5,0.34541302867541257,0.3462140994377837|0.32000880579827951|0.34727319319037586|0.38583380030748449|0.32773524464313936
1,ENROLLMENT_PCA_TRANSFER,13,0.01,0.050000000000000003,0.34529905106143494,0.34621409943778364|0.32068448147395517|0.34665894257612523|0.38520248717617134|0.32773524464313936
1,ENROLLMENT_PCA_TRANSFER,13,0.01,0.10000000000000001,0.34529905106143494,0.34621409943778364|0.32068448147395517|0.34665894257612523|0.38520248717617134|0.32773524464313936
1,ENROLLMENT_PCA_TRANSFER,13,0.01,0.20000000000000001,0.34529905106143494,0.34621409943778364|0.32068448147395517|0.34665894257612523|0.38520248717617134|0.32773524464313936
1,ENROLLMENT_PCA_TRANSFER,13,0.01,0.5,0.34529905106143494,0.34621409943778364|0.32068448147395517|0.34665894257612523|0.38520248717617134|0.32773524464313936
1,ENROLLMENT_PCA_TRANSFER,13,0.01,1,0.34529905106143494,0.34621409943778364|0.32068448147395517|0.34665894257612523|0.38520248717617134|0.32773524464313936
1,ENROLLMENT_PCA_TRANSFER,13,0.01,2,0.34529905106143494,0.34621409943778364|0.32068448147395517|0.34665894257612523|0.38520248717617134|0.32773524464313936
1,ENROLLMENT_PCA_TRANSFER,13,0.01,5,0.34529905106143494,0.34621409943778364|0.32068448147395517|0.34665894257612523|0.38520248717617134|0.32773524464313936
1,ENROLLMENT_PCA_TRANSFER,13,0.10000000000000001,0.050000000000000003,0.34397343819634846,0.35017718846666213|0.32136015714963084|0.34358589345044455|0.38036930471141001|0.32437464720359455
1,ENROLLMENT_PCA_TRANSFER,13,0.10000000000000001,0.10000000000000001,0.34397343819634846,0.35017718846666213|0.32136015714963084|0.34358589345044455|0.38036930471141001|0.32437464720359455
1,ENROLLMENT_PCA_TRANSFER,13,0.10000000000000001,0.20000000000000001,0.34397343819634846,0.35017718846666213|0.32136015714963084|0.34358589345044455|0.38036930471141001|0.32437464720359455
1,ENROLLMENT_PCA_TRANSFER,13,0.10000000000000001,0.5,0.34397343819634846,0.35017718846666213|0.32136015714963084|0.34358589345044455|0.38036930471141001|0.32437464720359455
1,ENROLLMENT_PCA_TRANSFER,13,0.10000000000000001,1,0.34397343819634846,0.35017718846666213|0.32136015714963084|0.34358589345044455|0.38036930471141001|0.32437464720359455
1,ENROLLMENT_PCA_TRANSFER,13,0.10000000000000001,2,0.34397343819634846,0.35017718846666213|0.32136015714963084|0.34358589345044455|0.38036930471141001|0.32437464720359455
1,ENROLLMENT_PCA_TRANSFER,13,0.10000000000000001,5,0.34397343819634846,0.35017718846666213|0.32136015714963084|0.34358589345044455|0.38036930471141001|0.32437464720359455
1,ENROLLMENT_PCA_TRANSFER,13,1,0.050000000000000003,0.34245184089843528,0.3411013174828964|0.316353016550385|0.35031660741800064|0.37603452735031678|0.32845373569057779
1,ENROLLMENT_PCA_TRANSFER,13,1,0.10000000000000001,0.34245184089843528,0.3411013174828964|0.316353016550385|0.35031660741800064|0.37603452735031678|0.32845373569057779
1,ENROLLMENT_PCA_TRANSFER,13,1,0.20000000000000001,0.34245184089843528,0.3411013174828964|0.316353016550385|0.35031660741800064|0.37603452735031678|0.32845373569057779
1,ENROLLMENT_PCA_TRANSFER,13,1,0.5,0.34245184089843528,0.3411013174828964|0.316353016550385|0.35031660741800064|0.37603452735031678|0.32845373569057779
1,ENROLLMENT_PCA_TRANSFER,13,1,1,0.34245184089843528,0.3411013174828964|0.316353016550385|0.35031660741800064|0.37603452735031678|0.32845373569057779
1,ENROLLMENT_PCA_TRANSFER,13,1,2,0.34245184089843528,0.3411013174828964|0.316353016550385|0.35031660741800064|0.37603452735031678|0.32845373569057779
1,ENROLLMENT_PCA_TRANSFER,13,1,5,0.34245184089843528,0.3411013174828964|0.316353016550385|0.35031660741800064|0.37603452735031678|0.32845373569057779
1,ENROLLMENT_PCA_TRANSFER,13,10,0.050000000000000003,0.34585471197293954,0.34420886111675586|0.31429824561403513|0.36606095730998978|0.37651946204577785|0.32818603377813904
1,ENROLLMENT_PCA_TRANSFER,13,10,0.10000000000000001,0.34585471197293954,0.34420886111675586|0.31429824561403513|0.36606095730998978|0.37651946204577785|0.32818603377813904
1,ENROLLMENT_PCA_TRANSFER,13,10,0.20000000000000001,0.34585471197293954,0.34420886111675586|0.31429824561403513|0.36606095730998978|0.37651946204577785|0.32818603377813904
1,ENROLLMENT_PCA_TRANSFER,13,10,0.5,0.34585471197293954,0.34420886111675586|0.31429824561403513|0.36606095730998978|0.37651946204577785|0.32818603377813904
1,ENROLLMENT_PCA_TRANSFER,13,10,1,0.34585471197293954,0.34420886111675586|0.31429824561403513|0.36606095730998978|0.37651946204577785|0.32818603377813904
1,ENROLLMENT_PCA_TRANSFER,13,10,2,0.34585471197293954,0.34420886111675586|0.31429824561403513|0.36606095730998978|0.37651946204577785|0.32818603377813904
1,ENROLLMENT_PCA_TRANSFER,13,10,5,0.34585471197293954,0.34420886111675586|0.31429824561403513|0.36606095730998978|0.37651946204577785|0.32818603377813904
1,ENROLLMENT_PCA_TRANSFER,13,100,0.050000000000000003,0.34311362909640775,0.34609471313418683|0.30814110162794373|0.36678100307647515|0.37016951161688011|0.32438181602655292
1,ENROLLMENT_PCA_TRANSFER,13,100,0.10000000000000001,0.34311362909640775,0.34609471313418683|0.30814110162794373|0.36678100307647515|0.37016951161688011|0.32438181602655292
1,ENROLLMENT_PCA_TRANSFER,13,100,0.20000000000000001,0.34311362909640775,0.34609471313418683|0.30814110162794373|0.36678100307647515|0.37016951161688011|0.32438181602655292
1,ENROLLMENT_PCA_TRANSFER,13,100,0.5,0.34311362909640775,0.34609471313418683|0.30814110162794373|0.36678100307647515|0.37016951161688011|0.32438181602655292
1,ENROLLMENT_PCA_TRANSFER,13,100,1,0.34311362909640775,0.34609471313418683|0.30814110162794373|0.36678100307647515|0.37016951161688011|0.32438181602655292
1,ENROLLMENT_PCA_TRANSFER,13,100,2,0.34311362909640775,0.34609471313418683|0.30814110162794373|0.36678100307647515|0.37016951161688011|0.32438181602655292
1,ENROLLMENT_PCA_TRANSFER,13,100,5,0.34311362909640775,0.34609471313418683|0.30814110162794373|0.36678100307647515|0.37016951161688011|0.32438181602655292
1,FULL_RIDGE_TRANSFER,51,1.0000000000000001e-05,0.050000000000000003,0.33901522095001202,0.34029507891349992|0.3123285973943869|0.32728881044960773|0.38591462275672811|0.32924899523583739
1,FULL_RIDGE_TRANSFER,51,1.0000000000000001e-05,0.10000000000000001,0.33901522095001202,0.34029507891349992|0.3123285973943869|0.32728881044960773|0.38591462275672811|0.32924899523583739
1,FULL_RIDGE_TRANSFER,51,1.0000000000000001e-05,0.20000000000000001,0.33901522095001202,0.34029507891349992|0.3123285973943869|0.32728881044960773|0.38591462275672811|0.32924899523583739
1,FULL_RIDGE_TRANSFER,51,1.0000000000000001e-05,0.5,0.33901522095001202,0.34029507891349992|0.3123285973943869|0.32728881044960773|0.38591462275672811|0.32924899523583739
1,FULL_RIDGE_TRANSFER,51,1.0000000000000001e-05,1,0.33901522095001202,0.34029507891349992|0.3123285973943869|0.32728881044960773|0.38591462275672811|0.32924899523583739
1,FULL_RIDGE_TRANSFER,51,1.0000000000000001e-05,2,0.33901522095001202,0.34029507891349992|0.3123285973943869|0.32728881044960773|0.38591462275672811|0.32924899523583739
1,FULL_RIDGE_TRANSFER,51,1.0000000000000001e-05,5,0.33901522095001202,0.34029507891349992|0.3123285973943869|0.32728881044960773|0.38591462275672811|0.32924899523583739
1,FULL_RIDGE_TRANSFER,51,0.0001,0.050000000000000003,0.33889237082716184,0.34029507891349992|0.3123285973943869|0.32667455983535709|0.38591462275672811|0.32924899523583739
1,FULL_RIDGE_TRANSFER,51,0.0001,0.10000000000000001,0.33889237082716184,0.34029507891349992|0.3123285973943869|0.32667455983535709|0.38591462275672811|0.32924899523583739
1,FULL_RIDGE_TRANSFER,51,0.0001,0.20000000000000001,0.33889237082716184,0.34029507891349992|0.3123285973943869|0.32667455983535709|0.38591462275672811|0.32924899523583739
1,FULL_RIDGE_TRANSFER,51,0.0001,0.5,0.33889237082716184,0.34029507891349992|0.3123285973943869|0.32667455983535709|0.38591462275672811|0.32924899523583739
1,FULL_RIDGE_TRANSFER,51,0.0001,1,0.33889237082716184,0.34029507891349992|0.3123285973943869|0.32667455983535709|0.38591462275672811|0.32924899523583739
1,FULL_RIDGE_TRANSFER,51,0.0001,2,0.33889237082716184,0.34029507891349992|0.3123285973943869|0.32667455983535709|0.38591462275672811|0.32924899523583739
1,FULL_RIDGE_TRANSFER,51,0.0001,5,0.33889237082716184,0.34029507891349992|0.3123285973943869|0.32667455983535709|0.38591462275672811|0.32924899523583739
1,FULL_RIDGE_TRANSFER,51,0.001,0.050000000000000003,0.3388959270149286,0.34097075458917564|0.31167070265754476|0.32667455983535709|0.38591462275672811|0.32924899523583739
1,FULL_RIDGE_TRANSFER,51,0.001,0.10000000000000001,0.3388959270149286,0.34097075458917564|0.31167070265754476|0.32667455983535709|0.38591462275672811|0.32924899523583739
1,FULL_RIDGE_TRANSFER,51,0.001,0.20000000000000001,0.3388959270149286,0.34097075458917564|0.31167070265754476|0.32667455983535709|0.38591462275672811|0.32924899523583739
1,FULL_RIDGE_TRANSFER,51,0.001,0.5,0.3388959270149286,0.34097075458917564|0.31167070265754476|0.32667455983535709|0.38591462275672811|0.32924899523583739
1,FULL_RIDGE_TRANSFER,51,0.001,1,0.3388959270149286,0.34097075458917564|0.31167070265754476|0.32667455983535709|0.38591462275672811|0.32924899523583739
1,FULL_RIDGE_TRANSFER,51,0.001,2,0.3388959270149286,0.34097075458917564|0.31167070265754476|0.32667455983535709|0.38591462275672811|0.32924899523583739
1,FULL_RIDGE_TRANSFER,51,0.001,5,0.3388959270149286,0.34097075458917564|0.31167070265754476|0.32667455983535709|0.38591462275672811|0.32924899523583739
1,FULL_RIDGE_TRANSFER,51,0.01,0.050000000000000003,0.33852279516811246,0.33894372756214863|0.31228998735577684|0.32549732313180457|0.38530037214247737|0.33058256564835509
1,FULL_RIDGE_TRANSFER,51,0.01,0.10000000000000001,0.33852279516811246,0.33894372756214863|0.31228998735577684|0.32549732313180457|0.38530037214247737|0.33058256564835509
1,FULL_RIDGE_TRANSFER,51,0.01,0.20000000000000001,0.33852279516811246,0.33894372756214863|0.31228998735577684|0.32549732313180457|0.38530037214247737|0.33058256564835509
1,FULL_RIDGE_TRANSFER,51,0.01,0.5,0.33852279516811246,0.33894372756214863|0.31228998735577684|0.32549732313180457|0.38530037214247737|0.33058256564835509
1,FULL_RIDGE_TRANSFER,51,0.01,1,0.33852279516811246,0.33894372756214863|0.31228998735577684|0.32549732313180457|0.38530037214247737|0.33058256564835509
1,FULL_RIDGE_TRANSFER,51,0.01,2,0.33852279516811246,0.33894372756214863|0.31228998735577684|0.32549732313180457|0.38530037214247737|0.33058256564835509
1,FULL_RIDGE_TRANSFER,51,0.01,5,0.33852279516811246,0.33894372756214863|0.31228998735577684|0.32549732313180457|0.38530037214247737|0.33058256564835509
1,FULL_RIDGE_TRANSFER,51,0.10000000000000001,0.050000000000000003,0.3388810300263474,0.34111398992977943|0.31219803450066608|0.33035400825164757|0.38475077948762165|0.3259883379620222
1,FULL_RIDGE_TRANSFER,51,0.10000000000000001,0.10000000000000001,0.3388810300263474,0.34111398992977943|0.31219803450066608|0.33035400825164757|0.38475077948762165|0.3259883379620222
1,FULL_RIDGE_TRANSFER,51,0.10000000000000001,0.20000000000000001,0.3388810300263474,0.34111398992977943|0.31219803450066608|0.33035400825164757|0.38475077948762165|0.3259883379620222
1,FULL_RIDGE_TRANSFER,51,0.10000000000000001,0.5,0.3388810300263474,0.34111398992977943|0.31219803450066608|0.33035400825164757|0.38475077948762165|0.3259883379620222
1,FULL_RIDGE_TRANSFER,51,0.10000000000000001,1,0.3388810300263474,0.34111398992977943|0.31219803450066608|0.33035400825164757|0.38475077948762165|0.3259883379620222
1,FULL_RIDGE_TRANSFER,51,0.10000000000000001,2,0.3388810300263474,0.34111398992977943|0.31219803450066608|0.33035400825164757|0.38475077948762165|0.3259883379620222
1,FULL_RIDGE_TRANSFER,51,0.10000000000000001,5,0.3388810300263474,0.34111398992977943|0.31219803450066608|0.33035400825164757|0.38475077948762165|0.3259883379620222
1,FULL_RIDGE_TRANSFER,51,1,0.050000000000000003,0.34679069977812238,0.34445680643049065|0.32236396170606696|0.34684987014224627|0.3871745549377128|0.33310830567409516
1,FULL_RIDGE_TRANSFER,51,1,0.10000000000000001,0.34679069977812238,0.34445680643049065|0.32236396170606696|0.34684987014224627|0.3871745549377128|0.33310830567409516
1,FULL_RIDGE_TRANSFER,51,1,0.20000000000000001,0.34679069977812238,0.34445680643049065|0.32236396170606696|0.34684987014224627|0.3871745549377128|0.33310830567409516
1,FULL_RIDGE_TRANSFER,51,1,0.5,0.34679069977812238,0.34445680643049065|0.32236396170606696|0.34684987014224627|0.3871745549377128|0.33310830567409516
1,FULL_RIDGE_TRANSFER,51,1,1,0.34679069977812238,0.34445680643049065|0.32236396170606696|0.34684987014224627|0.3871745549377128|0.33310830567409516
1,FULL_RIDGE_TRANSFER,51,1,2,0.34679069977812238,0.34445680643049065|0.32236396170606696|0.34684987014224627|0.3871745549377128|0.33310830567409516
1,FULL_RIDGE_TRANSFER,51,1,5,0.34679069977812238,0.34445680643049065|0.32236396170606696|0.34684987014224627|0.3871745549377128|0.33310830567409516
1,FULL_RIDGE_TRANSFER,51,10,0.050000000000000003,0.34591960085361789,0.34490231773126512|0.31360478899952582|0.3655787936699314|0.37592137592137592|0.32959072794599109
1,FULL_RIDGE_TRANSFER,51,10,0.10000000000000001,0.34591960085361789,0.34490231773126512|0.31360478899952582|0.3655787936699314|0.37592137592137592|0.32959072794599109
1,FULL_RIDGE_TRANSFER,51,10,0.20000000000000001,0.34591960085361789,0.34490231773126512|0.31360478899952582|0.3655787936699314|0.37592137592137592|0.32959072794599109
1,FULL_RIDGE_TRANSFER,51,10,0.5,0.34591960085361789,0.34490231773126512|0.31360478899952582|0.3655787936699314|0.37592137592137592|0.32959072794599109
1,FULL_RIDGE_TRANSFER,51,10,1,0.34591960085361789,0.34490231773126512|0.31360478899952582|0.3655787936699314|0.37592137592137592|0.32959072794599109
1,FULL_RIDGE_TRANSFER,51,10,2,0.34591960085361789,0.34490231773126512|0.31360478899952582|0.3655787936699314|0.37592137592137592|0.32959072794599109
1,FULL_RIDGE_TRANSFER,51,10,5,0.34591960085361789,0.34490231773126512|0.31360478899952582|0.3655787936699314|0.37592137592137592|0.32959072794599109
1,FULL_RIDGE_TRANSFER,51,100,0.050000000000000003,0.34309811118615297,0.34476114272166902|0.30879899636478586|0.36678100307647515|0.37076759774128193|0.32438181602655292
1,FULL_RIDGE_TRANSFER,51,100,0.10000000000000001,0.34309811118615297,0.34476114272166902|0.30879899636478586|0.36678100307647515|0.37076759774128193|0.32438181602655292
1,FULL_RIDGE_TRANSFER,51,100,0.20000000000000001,0.34309811118615297,0.34476114272166902|0.30879899636478586|0.36678100307647515|0.37076759774128193|0.32438181602655292
1,FULL_RIDGE_TRANSFER,51,100,0.5,0.34309811118615297,0.34476114272166902|0.30879899636478586|0.36678100307647515|0.37076759774128193|0.32438181602655292
1,FULL_RIDGE_TRANSFER,51,100,1,0.34309811118615297,0.34476114272166902|0.30879899636478586|0.36678100307647515|0.37076759774128193|0.32438181602655292
1,FULL_RIDGE_TRANSFER,51,100,2,0.34309811118615297,0.34476114272166902|0.30879899636478586|0.36678100307647515|0.37076759774128193|0.32438181602655292
1,FULL_RIDGE_TRANSFER,51,100,5,0.34309811118615297,0.34476114272166902|0.30879899636478586|0.36678100307647515|0.37076759774128193|0.32438181602655292
2,LRCM,1,1.0000000000000001e-05,0.050000000000000003,0.33449890147123118,0.3286097326393379|0.32502855726539936|0.34016516516516515|0.34387446657183496|0.33481658571441852
2,LRCM,1,1.0000000000000001e-05,0.10000000000000001,0.33449890147123118,0.3286097326393379|0.32502855726539936|0.34016516516516515|0.34387446657183496|0.33481658571441852
2,LRCM,1,1.0000000000000001e-05,0.20000000000000001,0.33449890147123118,0.3286097326393379|0.32502855726539936|0.34016516516516515|0.34387446657183496|0.33481658571441852
2,LRCM,1,1.0000000000000001e-05,0.5,0.33449890147123118,0.3286097326393379|0.32502855726539936|0.34016516516516515|0.34387446657183496|0.33481658571441852
2,LRCM,1,1.0000000000000001e-05,1,0.33449890147123118,0.3286097326393379|0.32502855726539936|0.34016516516516515|0.34387446657183496|0.33481658571441852
2,LRCM,1,1.0000000000000001e-05,2,0.33449890147123118,0.3286097326393379|0.32502855726539936|0.34016516516516515|0.34387446657183496|0.33481658571441852
2,LRCM,1,1.0000000000000001e-05,5,0.33449890147123118,0.3286097326393379|0.32502855726539936|0.34016516516516515|0.34387446657183496|0.33481658571441852
2,LRCM,1,0.0001,0.050000000000000003,0.33449890147123118,0.3286097326393379|0.32502855726539936|0.34016516516516515|0.34387446657183496|0.33481658571441852
2,LRCM,1,0.0001,0.10000000000000001,0.33449890147123118,0.3286097326393379|0.32502855726539936|0.34016516516516515|0.34387446657183496|0.33481658571441852
2,LRCM,1,0.0001,0.20000000000000001,0.33449890147123118,0.3286097326393379|0.32502855726539936|0.34016516516516515|0.34387446657183496|0.33481658571441852
2,LRCM,1,0.0001,0.5,0.33449890147123118,0.3286097326393379|0.32502855726539936|0.34016516516516515|0.34387446657183496|0.33481658571441852
2,LRCM,1,0.0001,1,0.33449890147123118,0.3286097326393379|0.32502855726539936|0.34016516516516515|0.34387446657183496|0.33481658571441852
2,LRCM,1,0.0001,2,0.33449890147123118,0.3286097326393379|0.32502855726539936|0.34016516516516515|0.34387446657183496|0.33481658571441852
2,LRCM,1,0.0001,5,0.33449890147123118,0.3286097326393379|0.32502855726539936|0.34016516516516515|0.34387446657183496|0.33481658571441852
2,LRCM,1,0.001,0.050000000000000003,0.3346181954063146,0.3286097326393379|0.32564280787965|0.34014738422633156|0.34387446657183496|0.33481658571441852
2,LRCM,1,0.001,0.10000000000000001,0.3346181954063146,0.3286097326393379|0.32564280787965|0.34014738422633156|0.34387446657183496|0.33481658571441852
2,LRCM,1,0.001,0.20000000000000001,0.3346181954063146,0.3286097326393379|0.32564280787965|0.34014738422633156|0.34387446657183496|0.33481658571441852
2,LRCM,1,0.001,0.5,0.3346181954063146,0.3286097326393379|0.32564280787965|0.34014738422633156|0.34387446657183496|0.33481658571441852
2,LRCM,1,0.001,1,0.3346181954063146,0.3286097326393379|0.32564280787965|0.34014738422633156|0.34387446657183496|0.33481658571441852
2,LRCM,1,0.001,2,0.3346181954063146,0.3286097326393379|0.32564280787965|0.34014738422633156|0.34387446657183496|0.33481658571441852
2,LRCM,1,0.001,5,0.3346181954063146,0.3286097326393379|0.32564280787965|0.34014738422633156|0.34387446657183496|0.33481658571441852
2,LRCM,1,0.01,0.050000000000000003,0.33489250679904703,0.33103440611664298|0.32318400936821989|0.34219219219219216|0.34321657183499293|0.33483535448318735
2,LRCM,1,0.01,0.10000000000000001,0.33489250679904703,0.33103440611664298|0.32318400936821989|0.34219219219219216|0.34321657183499293|0.33483535448318735
2,LRCM,1,0.01,0.20000000000000001,0.33489250679904703,0.33103440611664298|0.32318400936821989|0.34219219219219216|0.34321657183499293|0.33483535448318735
2,LRCM,1,0.01,0.5,0.33489250679904703,0.33103440611664298|0.32318400936821989|0.34219219219219216|0.34321657183499293|0.33483535448318735
2,LRCM,1,0.01,1,0.33489250679904703,0.33103440611664298|0.32318400936821989|0.34219219219219216|0.34321657183499293|0.33483535448318735
2,LRCM,1,0.01,2,0.33489250679904703,0.33103440611664298|0.32318400936821989|0.34219219219219216|0.34321657183499293|0.33483535448318735
2,LRCM,1,0.01,5,0.33489250679904703,0.33103440611664298|0.32318400936821989|0.34219219219219216|0.34321657183499293|0.33483535448318735
2,LRCM,1,0.10000000000000001,0.050000000000000003,0.33634674750541621,0.3323427195137722|0.32247277181487705|0.34489489489489494|0.33782894736842095|0.34419440393511602
2,LRCM,1,0.10000000000000001,0.10000000000000001,0.33634674750541621,0.3323427195137722|0.32247277181487705|0.34489489489489494|0.33782894736842095|0.34419440393511602
2,LRCM,1,0.10000000000000001,0.20000000000000001,0.33634674750541621,0.3323427195137722|0.32247277181487705|0.34489489489489494|0.33782894736842095|0.34419440393511602
2,LRCM,1,0.10000000000000001,0.5,0.33634674750541621,0.3323427195137722|0.32247277181487705|0.34489489489489494|0.33782894736842095|0.34419440393511602
2,LRCM,1,0.10000000000000001,1,0.33634674750541621,0.3323427195137722|0.32247277181487705|0.34489489489489494|0.33782894736842095|0.34419440393511602
2,LRCM,1,0.10000000000000001,2,0.33634674750541621,0.3323427195137722|0.32247277181487705|0.34489489489489494|0.33782894736842095|0.34419440393511602
2,LRCM,1,0.10000000000000001,5,0.33634674750541621,0.3323427195137722|0.32247277181487705|0.34489489489489494|0.33782894736842095|0.34419440393511602
2,LRCM,1,1,0.050000000000000003,0.33707470170705467,0.33171507546507545|0.32310677902783164|0.33749604868025918|0.33781017859965223|0.35524542676245463
2,LRCM,1,1,0.10000000000000001,0.33707470170705467,0.33171507546507545|0.32310677902783164|0.33749604868025918|0.33781017859965223|0.35524542676245463
2,LRCM,1,1,0.20000000000000001,0.33707470170705467,0.33171507546507545|0.32310677902783164|0.33749604868025918|0.33781017859965223|0.35524542676245463
2,LRCM,1,1,0.5,0.33707470170705467,0.33171507546507545|0.32310677902783164|0.33749604868025918|0.33781017859965223|0.35524542676245463
2,LRCM,1,1,1,0.33707470170705467,0.33171507546507545|0.32310677902783164|0.33749604868025918|0.33781017859965223|0.35524542676245463
2,LRCM,1,1,2,0.33707470170705467,0.33171507546507545|0.32310677902783164|0.33749604868025918|0.33781017859965223|0.35524542676245463
2,LRCM,1,1,5,0.33707470170705467,0.33171507546507545|0.32310677902783164|0.33749604868025918|0.33781017859965223|0.35524542676245463
2,LRCM,1,10,0.050000000000000003,0.33609368214612023,0.32261255937242783|0.32472674314779576|0.34721925873241666|0.33867946894262679|0.34723038053533412
2,LRCM,1,10,0.10000000000000001,0.33609368214612023,0.32261255937242783|0.32472674314779576|0.34721925873241666|0.33867946894262679|0.34723038053533412
2,LRCM,1,10,0.20000000000000001,0.33609368214612023,0.32261255937242783|0.32472674314779576|0.34721925873241666|0.33867946894262679|0.34723038053533412
2,LRCM,1,10,0.5,0.33609368214612023,0.32261255937242783|0.32472674314779576|0.34721925873241666|0.33867946894262679|0.34723038053533412
2,LRCM,1,10,1,0.33609368214612023,0.32261255937242783|0.32472674314779576|0.34721925873241666|0.33867946894262679|0.34723038053533412
2,LRCM,1,10,2,0.33609368214612023,0.32261255937242783|0.32472674314779576|0.34721925873241666|0.33867946894262679|0.34723038053533412
2,LRCM,1,10,5,0.33609368214612023,0.32261255937242783|0.32472674314779576|0.34721925873241666|0.33867946894262679|0.34723038053533412
2,LRCM,1,100,0.050000000000000003,0.34272949259772018,0.32506776577500268|0.32217454980612875|0.35695135925399085|0.36830448869922555|0.34114929945425304
2,LRCM,1,100,0.10000000000000001,0.34272949259772018,0.32506776577500268|0.32217454980612875|0.35695135925399085|0.36830448869922555|0.34114929945425304
2,LRCM,1,100,0.20000000000000001,0.34272949259772018,0.32506776577500268|0.32217454980612875|0.35695135925399085|0.36830448869922555|0.34114929945425304
2,LRCM,1,100,0.5,0.34272949259772018,0.32506776577500268|0.32217454980612875|0.35695135925399085|0.36830448869922555|0.34114929945425304
2,LRCM,1,100,1,0.34272949259772018,0.32506776577500268|0.32217454980612875|0.35695135925399085|0.36830448869922555|0.34114929945425304
2,LRCM,1,100,2,0.34272949259772018,0.32506776577500268|0.32217454980612875|0.35695135925399085|0.36830448869922555|0.34114929945425304
2,LRCM,1,100,5,0.34272949259772018,0.32506776577500268|0.32217454980612875|0.35695135925399085|0.36830448869922555|0.34114929945425304
2,LRCM,2,1.0000000000000001e-05,0.050000000000000003,0.3388539718023077,0.34081751458396198|0.32656782722572197|0.35239153627311526|0.32794768452663192|0.34654529640210752
2,LRCM,2,1.0000000000000001e-05,0.10000000000000001,0.3388539718023077,0.34081751458396198|0.32656782722572197|0.35239153627311526|0.32794768452663192|0.34654529640210752
2,LRCM,2,1.0000000000000001e-05,0.20000000000000001,0.3388539718023077,0.34081751458396198|0.32656782722572197|0.35239153627311526|0.32794768452663192|0.34654529640210752
2,LRCM,2,1.0000000000000001e-05,0.5,0.3388539718023077,0.34081751458396198|0.32656782722572197|0.35239153627311526|0.32794768452663192|0.34654529640210752
2,LRCM,2,1.0000000000000001e-05,1,0.3388539718023077,0.34081751458396198|0.32656782722572197|0.35239153627311526|0.32794768452663192|0.34654529640210752
2,LRCM,2,1.0000000000000001e-05,2,0.3388539718023077,0.34081751458396198|0.32656782722572197|0.35239153627311526|0.32794768452663192|0.34654529640210752
2,LRCM,2,1.0000000000000001e-05,5,0.3388539718023077,0.34081751458396198|0.32656782722572197|0.35239153627311526|0.32794768452663192|0.34654529640210752
2,LRCM,2,0.0001,0.050000000000000003,0.3388539718023077,0.34081751458396198|0.32656782722572197|0.35239153627311526|0.32794768452663192|0.34654529640210752
2,LRCM,2,0.0001,0.10000000000000001,0.3388539718023077,0.34081751458396198|0.32656782722572197|0.35239153627311526|0.32794768452663192|0.34654529640210752
2,LRCM,2,0.0001,0.20000000000000001,0.3388539718023077,0.34081751458396198|0.32656782722572197|0.35239153627311526|0.32794768452663192|0.34654529640210752
2,LRCM,2,0.0001,0.5,0.3388539718023077,0.34081751458396198|0.32656782722572197|0.35239153627311526|0.32794768452663192|0.34654529640210752
2,LRCM,2,0.0001,1,0.3388539718023077,0.34081751458396198|0.32656782722572197|0.35239153627311526|0.32794768452663192|0.34654529640210752
2,LRCM,2,0.0001,2,0.3388539718023077,0.34081751458396198|0.32656782722572197|0.35239153627311526|0.32794768452663192|0.34654529640210752
2,LRCM,2,0.0001,5,0.3388539718023077,0.34081751458396198|0.32656782722572197|0.35239153627311526|0.32794768452663192|0.34654529640210752
2,LRCM,2,0.001,0.050000000000000003,0.33870687494468454,0.34081751458396198|0.3271659133501239|0.35171586059743953|0.32794768452663192|0.34588740166526544
2,LRCM,2,0.001,0.10000000000000001,0.33870687494468454,0.34081751458396198|0.3271659133501239|0.35171586059743953|0.32794768452663192|0.34588740166526544
2,LRCM,2,0.001,0.20000000000000001,0.33870687494468454,0.34081751458396198|0.3271659133501239|0.35171586059743953|0.32794768452663192|0.34588740166526544
2,LRCM,2,0.001,0.5,0.33870687494468454,0.34081751458396198|0.3271659133501239|0.35171586059743953|0.32794768452663192|0.34588740166526544
2,LRCM,2,0.001,1,0.33870687494468454,0.34081751458396198|0.3271659133501239|0.35171586059743953|0.32794768452663192|0.34588740166526544
2,LRCM,2,0.001,2,0.33870687494468454,0.34081751458396198|0.3271659133501239|0.35171586059743953|0.32794768452663192|0.34588740166526544
2,LRCM,2,0.001,5,0.33870687494468454,0.34081751458396198|0.3271659133501239|0.35171586059743953|0.32794768452663192|0.34588740166526544
2,LRCM,2,0.01,0.050000000000000003,0.3394682557718548,0.34201368683276578|0.3272171778750726|0.3530316500711238|0.32858681049470517|0.34649195358560686
2,LRCM,2,0.01,0.10000000000000001,0.3394682557718548,0.34201368683276578|0.3272171778750726|0.3530316500711238|0.32858681049470517|0.34649195358560686
2,LRCM,2,0.01,0.20000000000000001,0.3394682557718548,0.34201368683276578|0.3272171778750726|0.3530316500711238|0.32858681049470517|0.34649195358560686
2,LRCM,2,0.01,0.5,0.3394682557718548,0.34201368683276578|0.3272171778750726|0.3530316500711238|0.32858681049470517|0.34649195358560686
2,LRCM,2,0.01,1,0.3394682557718548,0.34201368683276578|0.3272171778750726|0.3530316500711238|0.32858681049470517|0.34649195358560686
2,LRCM,2,0.01,2,0.3394682557718548,0.34201368683276578|0.3272171778750726|0.3530316500711238|0.32858681049470517|0.34649195358560686
2,LRCM,2,0.01,5,0.3394682557718548,0.34201368683276578|0.3272171778750726|0.3530316500711238|0.32858681049470517|0.34649195358560686
2,LRCM,2,0.10000000000000001,0.050000000000000003,0.34013187735652906,0.33885981525784159|0.32582800674905943|0.35447289394657816|0.3351657578631263|0.34633291296603985
2,LRCM,2,0.10000000000000001,0.10000000000000001,0.34013187735652906,0.33885981525784159|0.32582800674905943|0.35447289394657816|0.3351657578631263|0.34633291296603985
2,LRCM,2,0.10000000000000001,0.20000000000000001,0.34013187735652906,0.33885981525784159|0.32582800674905943|0.35447289394657816|0.3351657578631263|0.34633291296603985
2,LRCM,2,0.10000000000000001,0.5,0.34013187735652906,0.33885981525784159|0.32582800674905943|0.35447289394657816|0.3351657578631263|0.34633291296603985
2,LRCM,2,0.10000000000000001,1,0.34013187735652906,0.33885981525784159|0.32582800674905943|0.35447289394657816|0.3351657578631263|0.34633291296603985
2,LRCM,2,0.10000000000000001,2,0.34013187735652906,0.33885981525784159|0.32582800674905943|0.35447289394657816|0.3351657578631263|0.34633291296603985
2,LRCM,2,0.10000000000000001,5,0.34013187735652906,0.33885981525784159|0.32582800674905943|0.35447289394657816|0.3351657578631263|0.34633291296603985
2,LRCM,2,1,0.050000000000000003,0.34060785680387073,0.33753530209122312|0.32240362371941322|0.34227319424687846|0.35620060850324009|0.34462655545859883
2,LRCM,2,1,0.10000000000000001,0.34060785680387073,0.33753530209122312|0.32240362371941322|0.34227319424687846|0.35620060850324009|0.34462655545859883
2,LRCM,2,1,0.20000000000000001,0.34060785680387073,0.33753530209122312|0.32240362371941322|0.34227319424687846|0.35620060850324009|0.34462655545859883
2,LRCM,2,1,0.5,0.34060785680387073,0.33753530209122312|0.32240362371941322|0.34227319424687846|0.35620060850324009|0.34462655545859883
2,LRCM,2,1,1,0.34060785680387073,0.33753530209122312|0.32240362371941322|0.34227319424687846|0.35620060850324009|0.34462655545859883
2,LRCM,2,1,2,0.34060785680387073,0.33753530209122312|0.32240362371941322|0.34227319424687846|0.35620060850324009|0.34462655545859883
2,LRCM,2,1,5,0.34060785680387073,0.33753530209122312|0.32240362371941322|0.34227319424687846|0.35620060850324009|0.34462655545859883
2,LRCM,2,10,0.050000000000000003,0.34591839178449091,0.33234361754098596|0.31972929867666716|0.36057570728623362|0.35900900900900912|0.35793432640955863
2,LRCM,2,10,0.10000000000000001,0.34591839178449091,0.33234361754098596|0.31972929867666716|0.36057570728623362|0.35900900900900912|0.35793432640955863
2,LRCM,2,10,0.20000000000000001,0.34591839178449091,0.33234361754098596|0.31972929867666716|0.36057570728623362|0.35900900900900912|0.35793432640955863
2,LRCM,2,10,0.5,0.34591839178449091,0.33234361754098596|0.31972929867666716|0.36057570728623362|0.35900900900900912|0.35793432640955863
2,LRCM,2,10,1,0.34591839178449091,0.33234361754098596|0.31972929867666716|0.36057570728623362|0.35900900900900912|0.35793432640955863
2,LRCM,2,10,2,0.34591839178449091,0.33234361754098596|0.31972929867666716|0.36057570728623362|0.35900900900900912|0.35793432640955863
2,LRCM,2,10,5,0.34591839178449091,0.33234361754098596|0.31972929867666716|0.36057570728623362|0.35900900900900912|0.35793432640955863
2,LRCM,2,100,0.050000000000000003,0.34451561227857663,0.32755799523891621|0.32461815882868511|0.35494211316579738|0.37361703809072228|0.3418427560687623
2,LRCM,2,100,0.10000000000000001,0.34451561227857663,0.32755799523891621|0.32461815882868511|0.35494211316579738|0.37361703809072228|0.3418427560687623
2,LRCM,2,100,0.20000000000000001,0.34451561227857663,0.32755799523891621|0.32461815882868511|0.35494211316579738|0.37361703809072228|0.3418427560687623
2,LRCM,2,100,0.5,0.34451561227857663,0.32755799523891621|0.32461815882868511|0.35494211316579738|0.37361703809072228|0.3418427560687623
2,LRCM,2,100,1,0.34451561227857663,0.32755799523891621|0.32461815882868511|0.35494211316579738|0.37361703809072228|0.3418427560687623
2,LRCM,2,100,2,0.34451561227857663,0.32755799523891621|0.32461815882868511|0.35494211316579738|0.37361703809072228|0.3418427560687623
2,LRCM,2,100,5,0.34451561227857663,0.32755799523891621|0.32461815882868511|0.35494211316579738|0.37361703809072228|0.3418427560687623
2,LRCM,3,1.0000000000000001e-05,0.050000000000000003,0.34248890417950018,0.3412635262141841|0.33773397457607979|0.34299628575944369|0.33328295400663827|0.35716778034115493
2,LRCM,3,1.0000000000000001e-05,0.10000000000000001,0.34248890417950018,0.3412635262141841|0.33773397457607979|0.34299628575944369|0.33328295400663827|0.35716778034115493
2,LRCM,3,1.0000000000000001e-05,0.20000000000000001,0.34248890417950018,0.3412635262141841|0.33773397457607979|0.34299628575944369|0.33328295400663827|0.35716778034115493
2,LRCM,3,1.0000000000000001e-05,0.5,0.34248890417950018,0.3412635262141841|0.33773397457607979|0.34299628575944369|0.33328295400663827|0.35716778034115493
2,LRCM,3,1.0000000000000001e-05,1,0.34248890417950018,0.3412635262141841|0.33773397457607979|0.34299628575944369|0.33328295400663827|0.35716778034115493
2,LRCM,3,1.0000000000000001e-05,2,0.34248890417950018,0.3412635262141841|0.33773397457607979|0.34299628575944369|0.33328295400663827|0.35716778034115493
2,LRCM,3,1.0000000000000001e-05,5,0.34248890417950018,0.3412635262141841|0.33773397457607979|0.34299628575944369|0.33328295400663827|0.35716778034115493
2,LRCM,3,0.0001,0.050000000000000003,0.34248890417950018,0.3412635262141841|0.33773397457607979|0.34299628575944369|0.33328295400663827|0.35716778034115493
2,LRCM,3,0.0001,0.10000000000000001,0.34248890417950018,0.3412635262141841|0.33773397457607979|0.34299628575944369|0.33328295400663827|0.35716778034115493
2,LRCM,3,0.0001,0.20000000000000001,0.34248890417950018,0.3412635262141841|0.33773397457607979|0.34299628575944369|0.33328295400663827|0.35716778034115493
2,LRCM,3,0.0001,0.5,0.34248890417950018,0.3412635262141841|0.33773397457607979|0.34299628575944369|0.33328295400663827|0.35716778034115493
2,LRCM,3,0.0001,1,0.34248890417950018,0.3412635262141841|0.33773397457607979|0.34299628575944369|0.33328295400663827|0.35716778034115493
2,LRCM,3,0.0001,2,0.34248890417950018,0.3412635262141841|0.33773397457607979|0.34299628575944369|0.33328295400663827|0.35716778034115493
2,LRCM,3,0.0001,5,0.34248890417950018,0.3412635262141841|0.33773397457607979|0.34299628575944369|0.33328295400663827|0.35716778034115493
2,LRCM,3,0.001,0.050000000000000003,0.34288719720937211,0.3412635262141841|0.33773397457607979|0.34299628575944369|0.33395862968231393|0.35848356981483909
2,LRCM,3,0.001,0.10000000000000001,0.34288719720937211,0.3412635262141841|0.33773397457607979|0.34299628575944369|0.33395862968231393|0.35848356981483909
2,LRCM,3,0.001,0.20000000000000001,0.34288719720937211,0.3412635262141841|0.33773397457607979|0.34299628575944369|0.33395862968231393|0.35848356981483909
2,LRCM,3,0.001,0.5,0.34288719720937211,0.3412635262141841|0.33773397457607979|0.34299628575944369|0.33395862968231393|0.35848356981483909
2,LRCM,3,0.001,1,0.34288719720937211,0.3412635262141841|0.33773397457607979|0.34299628575944369|0.33395862968231393|0.35848356981483909
2,LRCM,3,0.001,2,0.34288719720937211,0.3412635262141841|0.33773397457607979|0.34299628575944369|0.33395862968231393|0.35848356981483909
2,LRCM,3,0.001,5,0.34288719720937211,0.3412635262141841|0.33773397457607979|0.34299628575944369|0.33395862968231393|0.35848356981483909
2,LRCM,3,0.01,0.050000000000000003,0.34201009402963739,0.34061604859302225|0.33527517606464979|0.34237494073020391|0.33397641062114747|0.35780789413916347
2,LRCM,3,0.01,0.10000000000000001,0.34201009402963739,0.34061604859302225|0.33527517606464979|0.34237494073020391|0.33397641062114747|0.35780789413916347
2,LRCM,3,0.01,0.20000000000000001,0.34201009402963739,0.34061604859302225|0.33527517606464979|0.34237494073020391|0.33397641062114747|0.35780789413916347
2,LRCM,3,0.01,0.5,0.34201009402963739,0.34061604859302225|0.33527517606464979|0.34237494073020391|0.33397641062114747|0.35780789413916347
2,LRCM,3,0.01,1,0.34201009402963739,0.34061604859302225|0.33527517606464979|0.34237494073020391|0.33397641062114747|0.35780789413916347
2,LRCM,3,0.01,2,0.34201009402963739,0.34061604859302225|0.33527517606464979|0.34237494073020391|0.33397641062114747|0.35780789413916347
2,LRCM,3,0.01,5,0.34201009402963739,0.34061604859302225|0.33527517606464979|0.34237494073020391|0.33397641062114747|0.35780789413916347
2,LRCM,3,0.10000000000000001,0.050000000000000003,0.3453206272821211,0.34618592126815811|0.33706853641064166|0.33972656867393713|0.34450075075075076|0.3591213593071178
2,LRCM,3,0.10000000000000001,0.10000000000000001,0.3453206272821211,0.34618592126815811|0.33706853641064166|0.33972656867393713|0.34450075075075076|0.3591213593071178
2,LRCM,3,0.10000000000000001,0.20000000000000001,0.3453206272821211,0.34618592126815811|0.33706853641064166|0.33972656867393713|0.34450075075075076|0.3591213593071178
2,LRCM,3,0.10000000000000001,0.5,0.3453206272821211,0.34618592126815811|0.33706853641064166|0.33972656867393713|0.34450075075075076|0.3591213593071178
2,LRCM,3,0.10000000000000001,1,0.3453206272821211,0.34618592126815811|0.33706853641064166|0.33972656867393713|0.34450075075075076|0.3591213593071178
2,LRCM,3,0.10000000000000001,2,0.3453206272821211,0.34618592126815811|0.33706853641064166|0.33972656867393713|0.34450075075075076|0.3591213593071178
2,LRCM,3,0.10000000000000001,5,0.3453206272821211,0.34618592126815811|0.33706853641064166|0.33972656867393713|0.34450075075075076|0.3591213593071178
2,LRCM,3,1,0.050000000000000003,0.34535091325745348,0.34429475292962136|0.33247230484072593|0.34185139086454874|0.35200430693851747|0.35613181071385408
2,LRCM,3,1,0.10000000000000001,0.34535091325745348,0.34429475292962136|0.33247230484072593|0.34185139086454874|0.35200430693851747|0.35613181071385408
2,LRCM,3,1,0.20000000000000001,0.34535091325745348,0.34429475292962136|0.33247230484072593|0.34185139086454874|0.35200430693851747|0.35613181071385408
2,LRCM,3,1,0.5,0.34535091325745348,0.34429475292962136|0.33247230484072593|0.34185139086454874|0.35200430693851747|0.35613181071385408
2,LRCM,3,1,1,0.34535091325745348,0.34429475292962136|0.33247230484072593|0.34185139086454874|0.35200430693851747|0.35613181071385408
2,LRCM,3,1,2,0.34535091325745348,0.34429475292962136|0.33247230484072593|0.34185139086454874|0.35200430693851747|0.35613181071385408
2,LRCM,3,1,5,0.34535091325745348,0.34429475292962136|0.33247230484072593|0.34185139086454874|0.35200430693851747|0.35613181071385408
2,LRCM,3,10,0.050000000000000003,0.34685514522201832,0.33534654357022775|0.33084507952929004|0.35582720878773511|0.3582987592856014|0.3539581349372371
2,LRCM,3,10,0.10000000000000001,0.34685514522201832,0.33534654357022775|0.33084507952929004|0.35582720878773511|0.3582987592856014|0.3539581349372371
2,LRCM,3,10,0.20000000000000001,0.34685514522201832,0.33534654357022775|0.33084507952929004|0.35582720878773511|0.3582987592856014|0.3539581349372371
2,LRCM,3,10,0.5,0.34685514522201832,0.33534654357022775|0.33084507952929004|0.35582720878773511|0.3582987592856014|0.3539581349372371
2,LRCM,3,10,1,0.34685514522201832,0.33534654357022775|0.33084507952929004|0.35582720878773511|0.3582987592856014|0.3539581349372371
2,LRCM,3,10,2,0.34685514522201832,0.33534654357022775|0.33084507952929004|0.35582720878773511|0.3582987592856014|0.3539581349372371
2,LRCM,3,10,5,0.34685514522201832,0.33534654357022775|0.33084507952929004|0.35582720878773511|0.3582987592856014|0.3539581349372371
2,LRCM,3,100,0.050000000000000003,0.34521318442351723,0.32690864458956559|0.32400390821443453|0.35495989410463097|0.37566382171645329|0.34452965349250181
2,LRCM,3,100,0.10000000000000001,0.34521318442351723,0.32690864458956559|0.32400390821443453|0.35495989410463097|0.37566382171645329|0.34452965349250181
2,LRCM,3,100,0.20000000000000001,0.34521318442351723,0.32690864458956559|0.32400390821443453|0.35495989410463097|0.37566382171645329|0.34452965349250181
2,LRCM,3,100,0.5,0.34521318442351723,0.32690864458956559|0.32400390821443453|0.35495989410463097|0.37566382171645329|0.34452965349250181
2,LRCM,3,100,1,0.34521318442351723,0.32690864458956559|0.32400390821443453|0.35495989410463097|0.37566382171645329|0.34452965349250181
2,LRCM,3,100,2,0.34521318442351723,0.32690864458956559|0.32400390821443453|0.35495989410463097|0.37566382171645329|0.34452965349250181
2,LRCM,3,100,5,0.34521318442351723,0.32690864458956559|0.32400390821443453|0.35495989410463097|0.37566382171645329|0.34452965349250181
2,LRCM,5,1.0000000000000001e-05,0.050000000000000003,0.33281854406273909,0.32972339863787231|0.32571926848242638|0.33499387545440179|0.33579006638217168|0.33786611135682343
2,LRCM,5,1.0000000000000001e-05,0.10000000000000001,0.33281854406273909,0.32972339863787231|0.32571926848242638|0.33499387545440179|0.33579006638217168|0.33786611135682343
2,LRCM,5,1.0000000000000001e-05,0.20000000000000001,0.33281854406273909,0.32972339863787231|0.32571926848242638|0.33499387545440179|0.33579006638217168|0.33786611135682343
2,LRCM,5,1.0000000000000001e-05,0.5,0.33281854406273909,0.32972339863787231|0.32571926848242638|0.33499387545440179|0.33579006638217168|0.33786611135682343
2,LRCM,5,1.0000000000000001e-05,1,0.33281854406273909,0.32972339863787231|0.32571926848242638|0.33499387545440179|0.33579006638217168|0.33786611135682343
2,LRCM,5,1.0000000000000001e-05,2,0.33281854406273909,0.32972339863787231|0.32571926848242638|0.33499387545440179|0.33579006638217168|0.33786611135682343
2,LRCM,5,1.0000000000000001e-05,5,0.33281854406273909,0.32972339863787231|0.32571926848242638|0.33499387545440179|0.33579006638217168|0.33786611135682343
2,LRCM,5,0.0001,0.050000000000000003,0.33281854406273909,0.32972339863787231|0.32571926848242638|0.33499387545440179|0.33579006638217168|0.33786611135682343
2,LRCM,5,0.0001,0.10000000000000001,0.33281854406273909,0.32972339863787231|0.32571926848242638|0.33499387545440179|0.33579006638217168|0.33786611135682343
2,LRCM,5,0.0001,0.20000000000000001,0.33281854406273909,0.32972339863787231|0.32571926848242638|0.33499387545440179|0.33579006638217168|0.33786611135682343
2,LRCM,5,0.0001,0.5,0.33281854406273909,0.32972339863787231|0.32571926848242638|0.33499387545440179|0.33579006638217168|0.33786611135682343
2,LRCM,5,0.0001,1,0.33281854406273909,0.32972339863787231|0.32571926848242638|0.33499387545440179|0.33579006638217168|0.33786611135682343
2,LRCM,5,0.0001,2,0.33281854406273909,0.32972339863787231|0.32571926848242638|0.33499387545440179|0.33579006638217168|0.33786611135682343
2,LRCM,5,0.0001,5,0.33281854406273909,0.32972339863787231|0.32571926848242638|0.33499387545440179|0.33579006638217168|0.33786611135682343
2,LRCM,5,0.001,0.050000000000000003,0.33253990629184127,0.33033764925212294|0.32510501786817575|0.33433598071755966|0.33579006638217168|0.33713081723917637
2,LRCM,5,0.001,0.10000000000000001,0.33253990629184127,0.33033764925212294|0.32510501786817575|0.33433598071755966|0.33579006638217168|0.33713081723917637
2,LRCM,5,0.001,0.20000000000000001,0.33253990629184127,0.33033764925212294|0.32510501786817575|0.33433598071755966|0.33579006638217168|0.33713081723917637
2,LRCM,5,0.001,0.5,0.33253990629184127,0.33033764925212294|0.32510501786817575|0.33433598071755966|0.33579006638217168|0.33713081723917637
2,LRCM,5,0.001,1,0.33253990629184127,0.33033764925212294|0.32510501786817575|0.33433598071755966|0.33579006638217168|0.33713081723917637
2,LRCM,5,0.001,2,0.33253990629184127,0.33033764925212294|0.32510501786817575|0.33433598071755966|0.33579006638217168|0.33713081723917637
2,LRCM,5,0.001,5,0.33253990629184127,0.33033764925212294|0.32510501786817575|0.33433598071755966|0.33579006638217168|0.33713081723917637
2,LRCM,5,0.01,0.050000000000000003,0.33369967046476334,0.33091957088667617|0.32688311175153284|0.33433598071755966|0.33579006638217168|0.34056962258587642
2,LRCM,5,0.01,0.10000000000000001,0.33369967046476334,0.33091957088667617|0.32688311175153284|0.33433598071755966|0.33579006638217168|0.34056962258587642
2,LRCM,5,0.01,0.20000000000000001,0.33369967046476334,0.33091957088667617|0.32688311175153284|0.33433598071755966|0.33579006638217168|0.34056962258587642
2,LRCM,5,0.01,0.5,0.33369967046476334,0.33091957088667617|0.32688311175153284|0.33433598071755966|0.33579006638217168|0.34056962258587642
2,LRCM,5,0.01,1,0.33369967046476334,0.33091957088667617|0.32688311175153284|0.33433598071755966|0.33579006638217168|0.34056962258587642
2,LRCM,5,0.01,2,0.33369967046476334,0.33091957088667617|0.32688311175153284|0.33433598071755966|0.33579006638217168|0.34056962258587642
2,LRCM,5,0.01,5,0.33369967046476334,0.33091957088667617|0.32688311175153284|0.33433598071755966|0.33579006638217168|0.34056962258587642
2,LRCM,5,0.10000000000000001,0.050000000000000003,0.33492289102912176,0.33463549524404795|0.32916050876577202|0.33993006164058803|0.33641239924134664|0.33447599025385411
2,LRCM,5,0.10000000000000001,0.10000000000000001,0.33492289102912176,0.33463549524404795|0.32916050876577202|0.33993006164058803|0.33641239924134664|0.33447599025385411
2,LRCM,5,0.10000000000000001,0.20000000000000001,0.33492289102912176,0.33463549524404795|0.32916050876577202|0.33993006164058803|0.33641239924134664|0.33447599025385411
2,LRCM,5,0.10000000000000001,0.5,0.33492289102912176,0.33463549524404795|0.32916050876577202|0.33993006164058803|0.33641239924134664|0.33447599025385411
2,LRCM,5,0.10000000000000001,1,0.33492289102912176,0.33463549524404795|0.32916050876577202|0.33993006164058803|0.33641239924134664|0.33447599025385411
2,LRCM,5,0.10000000000000001,2,0.33492289102912176,0.33463549524404795|0.32916050876577202|0.33993006164058803|0.33641239924134664|0.33447599025385411
2,LRCM,5,0.10000000000000001,5,0.33492289102912176,0.33463549524404795|0.32916050876577202|0.33993006164058803|0.33641239924134664|0.33447599025385411
2,LRCM,5,1,0.050000000000000003,0.34301742159965853,0.33668397229252495|0.33038954881060145|0.34172988778251939|0.3525377351035246|0.35374596400912195
2,LRCM,5,1,0.10000000000000001,0.34301742159965853,0.33668397229252495|0.33038954881060145|0.34172988778251939|0.3525377351035246|0.35374596400912195
2,LRCM,5,1,0.20000000000000001,0.34301742159965853,0.33668397229252495|0.33038954881060145|0.34172988778251939|0.3525377351035246|0.35374596400912195
2,LRCM,5,1,0.5,0.34301742159965853,0.33668397229252495|0.33038954881060145|0.34172988778251939|0.3525377351035246|0.35374596400912195
2,LRCM,5,1,1,0.34301742159965853,0.33668397229252495|0.33038954881060145|0.34172988778251939|0.3525377351035246|0.35374596400912195
2,LRCM,5,1,2,0.34301742159965853,0.33668397229252495|0.33038954881060145|0.34172988778251939|0.3525377351035246|0.35374596400912195
2,LRCM,5,1,5,0.34301742159965853,0.33668397229252495|0.33038954881060145|0.34172988778251939|0.3525377351035246|0.35374596400912195
2,LRCM,5,10,0.050000000000000003,0.34598089462950143,0.33710757493652233|0.32717304625199362|0.35922435593488228|0.35627173225857434|0.35012776376553467
2,LRCM,5,10,0.10000000000000001,0.34598089462950143,0.33710757493652233|0.32717304625199362|0.35922435593488228|0.35627173225857434|0.35012776376553467
2,LRCM,5,10,0.20000000000000001,0.34598089462950143,0.33710757493652233|0.32717304625199362|0.35922435593488228|0.35627173225857434|0.35012776376553467
2,LRCM,5,10,0.5,0.34598089462950143,0.33710757493652233|0.32717304625199362|0.35922435593488228|0.35627173225857434|0.35012776376553467
2,LRCM,5,10,1,0.34598089462950143,0.33710757493652233|0.32717304625199362|0.35922435593488228|0.35627173225857434|0.35012776376553467
2,LRCM,5,10,2,0.34598089462950143,0.33710757493652233|0.32717304625199362|0.35922435593488228|0.35627173225857434|0.35012776376553467
2,LRCM,5,10,5,0.34598089462950143,0.33710757493652233|0.32717304625199362|0.35922435593488228|0.35627173225857434|0.35012776376553467
2,LRCM,5,100,0.050000000000000003,0.34466190347749948,0.32689248009971689|0.32400390821443453|0.35358977398451086|0.37491504662557296|0.34390830846326204
2,LRCM,5,100,0.10000000000000001,0.34466190347749948,0.32689248009971689|0.32400390821443453|0.35358977398451086|0.37491504662557296|0.34390830846326204
2,LRCM,5,100,0.20000000000000001,0.34466190347749948,0.32689248009971689|0.32400390821443453|0.35358977398451086|0.37491504662557296|0.34390830846326204
2,LRCM,5,100,0.5,0.34466190347749948,0.32689248009971689|0.32400390821443453|0.35358977398451086|0.37491504662557296|0.34390830846326204
2,LRCM,5,100,1,0.34466190347749948,0.32689248009971689|0.32400390821443453|0.35358977398451086|0.37491504662557296|0.34390830846326204
2,LRCM,5,100,2,0.34466190347749948,0.32689248009971689|0.32400390821443453|0.35358977398451086|0.37491504662557296|0.34390830846326204
2,LRCM,5,100,5,0.34466190347749948,0.32689248009971689|0.32400390821443453|0.35358977398451086|0.37491504662557296|0.34390830846326204
2,LRCM,8,1.0000000000000001e-05,0.050000000000000003,0.33513491929919947,0.33399258473271631|0.33156070458702042|0.33769954164691007|0.32999446815236289|0.34242729737698785
2,LRCM,8,1.0000000000000001e-05,0.10000000000000001,0.33513491929919947,0.33399258473271631|0.33156070458702042|0.33769954164691007|0.32999446815236289|0.34242729737698785
2,LRCM,8,1.0000000000000001e-05,0.20000000000000001,0.33513491929919947,0.33399258473271631|0.33156070458702042|0.33769954164691007|0.32999446815236289|0.34242729737698785
2,LRCM,8,1.0000000000000001e-05,0.5,0.33513491929919947,0.33399258473271631|0.33156070458702042|0.33769954164691007|0.32999446815236289|0.34242729737698785
2,LRCM,8,1.0000000000000001e-05,1,0.33513491929919947,0.33399258473271631|0.33156070458702042|0.33769954164691007|0.32999446815236289|0.34242729737698785
2,LRCM,8,1.0000000000000001e-05,2,0.33513491929919947,0.33399258473271631|0.33156070458702042|0.33769954164691007|0.32999446815236289|0.34242729737698785
2,LRCM,8,1.0000000000000001e-05,5,0.33513491929919947,0.33399258473271631|0.33156070458702042|0.33769954164691007|0.32999446815236289|0.34242729737698785
2,LRCM,8,0.0001,0.050000000000000003,0.33526649824656796,0.33399258473271631|0.33156070458702042|0.33769954164691007|0.33065236288920496|0.34242729737698785
2,LRCM,8,0.0001,0.10000000000000001,0.33526649824656796,0.33399258473271631|0.33156070458702042|0.33769954164691007|0.33065236288920496|0.34242729737698785
2,LRCM,8,0.0001,0.20000000000000001,0.33526649824656796,0.33399258473271631|0.33156070458702042|0.33769954164691007|0.33065236288920496|0.34242729737698785
2,LRCM,8,0.0001,0.5,0.33526649824656796,0.33399258473271631|0.33156070458702042|0.33769954164691007|0.33065236288920496|0.34242729737698785
2,LRCM,8,0.0001,1,0.33526649824656796,0.33399258473271631|0.33156070458702042|0.33769954164691007|0.33065236288920496|0.34242729737698785
2,LRCM,8,0.0001,2,0.33526649824656796,0.33399258473271631|0.33156070458702042|0.33769954164691007|0.33065236288920496|0.34242729737698785
2,LRCM,8,0.0001,5,0.33526649824656796,0.33399258473271631|0.33156070458702042|0.33769954164691007|0.33065236288920496|0.34242729737698785
2,LRCM,8,0.001,0.050000000000000003,0.33461345285668043,0.33399258473271631|0.33096261846261849|0.33636597123439227|0.33065236288920496|0.34109372696446999
2,LRCM,8,0.001,0.10000000000000001,0.33461345285668043,0.33399258473271631|0.33096261846261849|0.33636597123439227|0.33065236288920496|0.34109372696446999
2,LRCM,8,0.001,0.20000000000000001,0.33461345285668043,0.33399258473271631|0.33096261846261849|0.33636597123439227|0.33065236288920496|0.34109372696446999
2,LRCM,8,0.001,0.5,0.33461345285668043,0.33399258473271631|0.33096261846261849|0.33636597123439227|0.33065236288920496|0.34109372696446999
2,LRCM,8,0.001,1,0.33461345285668043,0.33399258473271631|0.33096261846261849|0.33636597123439227|0.33065236288920496|0.34109372696446999
2,LRCM,8,0.001,2,0.33461345285668043,0.33399258473271631|0.33096261846261849|0.33636597123439227|0.33065236288920496|0.34109372696446999
2,LRCM,8,0.001,5,0.33461345285668043,0.33399258473271631|0.33096261846261849|0.33636597123439227|0.33065236288920496|0.34109372696446999
2,LRCM,8,0.01,0.050000000000000003,0.33545195882676532,0.33337743609125192|0.32913603110971529|0.3363472024656235|0.33586217796744111|0.34253694649979477
2,LRCM,8,0.01,0.10000000000000001,0.33545195882676532,0.33337743609125192|0.32913603110971529|0.3363472024656235|0.33586217796744111|0.34253694649979477
2,LRCM,8,0.01,0.20000000000000001,0.33545195882676532,0.33337743609125192|0.32913603110971529|0.3363472024656235|0.33586217796744111|0.34253694649979477
2,LRCM,8,0.01,0.5,0.33545195882676532,0.33337743609125192|0.32913603110971529|0.3363472024656235|0.33586217796744111|0.34253694649979477
2,LRCM,8,0.01,1,0.33545195882676532,0.33337743609125192|0.32913603110971529|0.3363472024656235|0.33586217796744111|0.34253694649979477
2,LRCM,8,0.01,2,0.33545195882676532,0.33337743609125192|0.32913603110971529|0.3363472024656235|0.33586217796744111|0.34253694649979477
2,LRCM,8,0.01,5,0.33545195882676532,0.33337743609125192|0.32913603110971529|0.3363472024656235|0.33586217796744111|0.34253694649979477
2,LRCM,8,0.10000000000000001,0.050000000000000003,0.33814662872886558,0.33377795622861411|0.3407190170348065|0.3371157341552079|0.33790698593330176|0.34121345029239758
2,LRCM,8,0.10000000000000001,0.10000000000000001,0.33814662872886558,0.33377795622861411|0.3407190170348065|0.3371157341552079|0.33790698593330176|0.34121345029239758
2,LRCM,8,0.10000000000000001,0.20000000000000001,0.33814662872886558,0.33377795622861411|0.3407190170348065|0.3371157341552079|0.33790698593330176|0.34121345029239758
2,LRCM,8,0.10000000000000001,0.5,0.33814662872886558,0.33377795622861411|0.3407190170348065|0.3371157341552079|0.33790698593330176|0.34121345029239758
2,LRCM,8,0.10000000000000001,1,0.33814662872886558,0.33377795622861411|0.3407190170348065|0.3371157341552079|0.33790698593330176|0.34121345029239758
2,LRCM,8,0.10000000000000001,2,0.33814662872886558,0.33377795622861411|0.3407190170348065|0.3371157341552079|0.33790698593330176|0.34121345029239758
2,LRCM,8,0.10000000000000001,5,0.33814662872886558,0.33377795622861411|0.3407190170348065|0.3371157341552079|0.33790698593330176|0.34121345029239758
2,LRCM,8,1,0.050000000000000003,0.34091174688872056,0.33907631679013256|0.32236739473581577|0.34722814920183342|0.34459064327485378|0.35129623044096725
2,LRCM,8,1,0.10000000000000001,0.34091174688872056,0.33907631679013256|0.32236739473581577|0.34722814920183342|0.34459064327485378|0.35129623044096725
2,LRCM,8,1,0.20000000000000001,0.34091174688872056,0.33907631679013256|0.32236739473581577|0.34722814920183342|0.34459064327485378|0.35129623044096725
2,LRCM,8,1,0.5,0.34091174688872056,0.33907631679013256|0.32236739473581577|0.34722814920183342|0.34459064327485378|0.35129623044096725
2,LRCM,8,1,1,0.34091174688872056,0.33907631679013256|0.32236739473581577|0.34722814920183342|0.34459064327485378|0.35129623044096725
2,LRCM,8,1,2,0.34091174688872056,0.33907631679013256|0.32236739473581577|0.34722814920183342|0.34459064327485378|0.35129623044096725
2,LRCM,8,1,5,0.34091174688872056,0.33907631679013256|0.32236739473581577|0.34722814920183342|0.34459064327485378|0.35129623044096725
2,LRCM,8,10,0.050000000000000003,0.34554935675291715,0.33475310152941734|0.33024519735046048|0.35790955429113319|0.35422692429271374|0.35061200630086081
2,LRCM,8,10,0.10000000000000001,0.34554935675291715,0.33475310152941734|0.33024519735046048|0.35790955429113319|0.35422692429271374|0.35061200630086081
2,LRCM,8,10,0.20000000000000001,0.34554935675291715,0.33475310152941734|0.33024519735046048|0.35790955429113319|0.35422692429271374|0.35061200630086081
2,LRCM,8,10,0.5,0.34554935675291715,0.33475310152941734|0.33024519735046048|0.35790955429113319|0.35422692429271374|0.35061200630086081
2,LRCM,8,10,1,0.34554935675291715,0.33475310152941734|0.33024519735046048|0.35790955429113319|0.35422692429271374|0.35061200630086081
2,LRCM,8,10,2,0.34554935675291715,0.33475310152941734|0.33024519735046048|0.35790955429113319|0.35422692429271374|0.35061200630086081
2,LRCM,8,10,5,0.34554935675291715,0.33475310152941734|0.33024519735046048|0.35790955429113319|0.35422692429271374|0.35061200630086081
2,LRCM,8,100,0.050000000000000003,0.34506750644889184,0.32627822948546631|0.32461815882868511|0.3542842184289553|0.37559072230124857|0.34456620320010412
2,LRCM,8,100,0.10000000000000001,0.34506750644889184,0.32627822948546631|0.32461815882868511|0.3542842184289553|0.37559072230124857|0.34456620320010412
2,LRCM,8,100,0.20000000000000001,0.34506750644889184,0.32627822948546631|0.32461815882868511|0.3542842184289553|0.37559072230124857|0.34456620320010412
2,LRCM,8,100,0.5,0.34506750644889184,0.32627822948546631|0.32461815882868511|0.3542842184289553|0.37559072230124857|0.34456620320010412
2,LRCM,8,100,1,0.34506750644889184,0.32627822948546631|0.32461815882868511|0.3542842184289553|0.37559072230124857|0.34456620320010412
2,LRCM,8,100,2,0.34506750644889184,0.32627822948546631|0.32461815882868511|0.3542842184289553|0.37559072230124857|0.34456620320010412
2,LRCM,8,100,5,0.34506750644889184,0.32627822948546631|0.32461815882868511|0.3542842184289553|0.37559072230124857|0.34456620320010412
2,LRCM,13,1.0000000000000001e-05,0.050000000000000003,0.33547289684441389,0.32252900114742222|0.33142966958756437|0.33746147463252729|0.3400061245455982|0.34593821430895733
2,LRCM,13,1.0000000000000001e-05,0.10000000000000001,0.33547289684441389,0.32252900114742222|0.33142966958756437|0.33746147463252729|0.3400061245455982|0.34593821430895733
2,LRCM,13,1.0000000000000001e-05,0.20000000000000001,0.33547289684441389,0.32252900114742222|0.33142966958756437|0.33746147463252729|0.3400061245455982|0.34593821430895733
2,LRCM,13,1.0000000000000001e-05,0.5,0.33547289684441389,0.32252900114742222|0.33142966958756437|0.33746147463252729|0.3400061245455982|0.34593821430895733
2,LRCM,13,1.0000000000000001e-05,1,0.33547289684441389,0.32252900114742222|0.33142966958756437|0.33746147463252729|0.3400061245455982|0.34593821430895733
2,LRCM,13,1.0000000000000001e-05,2,0.33547289684441389,0.32252900114742222|0.33142966958756437|0.33746147463252729|0.3400061245455982|0.34593821430895733
2,LRCM,13,1.0000000000000001e-05,5,0.33547289684441389,0.32252900114742222|0.33142966958756437|0.33746147463252729|0.3400061245455982|0.34593821430895733
2,LRCM,13,0.0001,0.050000000000000003,0.33533776170927876,0.32252900114742222|0.33142966958756437|0.33746147463252729|0.33933044886992259|0.34593821430895733
2,LRCM,13,0.0001,0.10000000000000001,0.33533776170927876,0.32252900114742222|0.33142966958756437|0.33746147463252729|0.33933044886992259|0.34593821430895733
2,LRCM,13,0.0001,0.20000000000000001,0.33533776170927876,0.32252900114742222|0.33142966958756437|0.33746147463252729|0.33933044886992259|0.34593821430895733
2,LRCM,13,0.0001,0.5,0.33533776170927876,0.32252900114742222|0.33142966958756437|0.33746147463252729|0.33933044886992259|0.34593821430895733
2,LRCM,13,0.0001,1,0.33533776170927876,0.32252900114742222|0.33142966958756437|0.33746147463252729|0.33933044886992259|0.34593821430895733
2,LRCM,13,0.0001,2,0.33533776170927876,0.32252900114742222|0.33142966958756437|0.33746147463252729|0.33933044886992259|0.34593821430895733
2,LRCM,13,0.0001,5,0.33533776170927876,0.32252900114742222|0.33142966958756437|0.33746147463252729|0.33933044886992259|0.34593821430895733
2,LRCM,13,0.001,0.050000000000000003,0.33520262657414363,0.32252900114742222|0.33142966958756437|0.33746147463252729|0.33933044886992259|0.34526253863328166
2,LRCM,13,0.001,0.10000000000000001,0.33520262657414363,0.32252900114742222|0.33142966958756437|0.33746147463252729|0.33933044886992259|0.34526253863328166
2,LRCM,13,0.001,0.20000000000000001,0.33520262657414363,0.32252900114742222|0.33142966958756437|0.33746147463252729|0.33933044886992259|0.34526253863328166
2,LRCM,13,0.001,0.5,0.33520262657414363,0.32252900114742222|0.33142966958756437|0.33746147463252729|0.33933044886992259|0.34526253863328166
2,LRCM,13,0.001,1,0.33520262657414363,0.32252900114742222|0.33142966958756437|0.33746147463252729|0.33933044886992259|0.34526253863328166
2,LRCM,13,0.001,2,0.33520262657414363,0.32252900114742222|0.33142966958756437|0.33746147463252729|0.33933044886992259|0.34526253863328166
2,LRCM,13,0.001,5,0.33520262657414363,0.32252900114742222|0.33142966958756437|0.33746147463252729|0.33933044886992259|0.34526253863328166
2,LRCM,13,0.01,0.050000000000000003,0.33529352187014727,0.32376027343132607|0.33206285574706629|0.33484866445392764|0.33863699225541333|0.34715882346300303
2,LRCM,13,0.01,0.10000000000000001,0.33529352187014727,0.32376027343132607|0.33206285574706629|0.33484866445392764|0.33863699225541333|0.34715882346300303
2,LRCM,13,0.01,0.20000000000000001,0.33529352187014727,0.32376027343132607|0.33206285574706629|0.33484866445392764|0.33863699225541333|0.34715882346300303
2,LRCM,13,0.01,0.5,0.33529352187014727,0.32376027343132607|0.33206285574706629|0.33484866445392764|0.33863699225541333|0.34715882346300303
2,LRCM,13,0.01,1,0.33529352187014727,0.32376027343132607|0.33206285574706629|0.33484866445392764|0.33863699225541333|0.34715882346300303
2,LRCM,13,0.01,2,0.33529352187014727,0.32376027343132607|0.33206285574706629|0.33484866445392764|0.33863699225541333|0.34715882346300303
2,LRCM,13,0.01,5,0.33529352187014727,0.32376027343132607|0.33206285574706629|0.33484866445392764|0.33863699225541333|0.34715882346300303
2,LRCM,13,0.10000000000000001,0.050000000000000003,0.33841168640394648,0.33455545856861646|0.33807971505339923|0.33696755966492808|0.34245989410463096|0.33999580462815759
2,LRCM,13,0.10000000000000001,0.10000000000000001,0.33841168640394648,0.33455545856861646|0.33807971505339923|0.33696755966492808|0.34245989410463096|0.33999580462815759
2,LRCM,13,0.10000000000000001,0.20000000000000001,0.33841168640394648,0.33455545856861646|0.33807971505339923|0.33696755966492808|0.34245989410463096|0.33999580462815759
2,LRCM,13,0.10000000000000001,0.5,0.33841168640394648,0.33455545856861646|0.33807971505339923|0.33696755966492808|0.34245989410463096|0.33999580462815759
2,LRCM,13,0.10000000000000001,1,0.33841168640394648,0.33455545856861646|0.33807971505339923|0.33696755966492808|0.34245989410463096|0.33999580462815759
2,LRCM,13,0.10000000000000001,2,0.33841168640394648,0.33455545856861646|0.33807971505339923|0.33696755966492808|0.34245989410463096|0.33999580462815759
2,LRCM,13,0.10000000000000001,5,0.33841168640394648,0.33455545856861646|0.33807971505339923|0.33696755966492808|0.34245989410463096|0.33999580462815759
2,LRCM,13,1,0.050000000000000003,0.34012622914267648,0.33483844939437052|0.3289634046212993|0.34181978030662241|0.34459064327485384|0.35041886811623657
2,LRCM,13,1,0.10000000000000001,0.34012622914267648,0.33483844939437052|0.3289634046212993|0.34181978030662241|0.34459064327485384|0.35041886811623657
2,LRCM,13,1,0.20000000000000001,0.34012622914267648,0.33483844939437052|0.3289634046212993|0.34181978030662241|0.34459064327485384|0.35041886811623657
2,LRCM,13,1,0.5,0.34012622914267648,0.33483844939437052|0.3289634046212993|0.34181978030662241|0.34459064327485384|0.35041886811623657
2,LRCM,13,1,1,0.34012622914267648,0.33483844939437052|0.3289634046212993|0.34181978030662241|0.34459064327485384|0.35041886811623657
2,LRCM,13,1,2,0.34012622914267648,0.33483844939437052|0.3289634046212993|0.34181978030662241|0.34459064327485384|0.35041886811623657
2,LRCM,13,1,5,0.34012622914267648,0.33483844939437052|0.3289634046212993|0.34181978030662241|0.34459064327485384|0.35041886811623657
2,LRCM,13,10,0.050000000000000003,0.34515151715132369,0.3347978136629452|0.32780435938330671|0.35785522364469735|0.35420914335388021|0.35109104571178873
2,LRCM,13,10,0.10000000000000001,0.34515151715132369,0.3347978136629452|0.32780435938330671|0.35785522364469735|0.35420914335388021|0.35109104571178873
2,LRCM,13,10,0.20000000000000001,0.34515151715132369,0.3347978136629452|0.32780435938330671|0.35785522364469735|0.35420914335388021|0.35109104571178873
2,LRCM,13,10,0.5,0.34515151715132369,0.3347978136629452|0.32780435938330671|0.35785522364469735|0.35420914335388021|0.35109104571178873
2,LRCM,13,10,1,0.34515151715132369,0.3347978136629452|0.32780435938330671|0.35785522364469735|0.35420914335388021|0.35109104571178873
2,LRCM,13,10,2,0.34515151715132369,0.3347978136629452|0.32780435938330671|0.35785522364469735|0.35420914335388021|0.35109104571178873
2,LRCM,13,10,5,0.34515151715132369,0.3347978136629452|0.32780435938330671|0.35785522364469735|0.35420914335388021|0.35109104571178873
2,LRCM,13,100,0.050000000000000003,0.34531837933134368,0.32689248009971689|0.32461815882868511|0.35494211316579738|0.37624861703809065|0.34389052752442845
2,LRCM,13,100,0.10000000000000001,0.34531837933134368,0.32689248009971689|0.32461815882868511|0.35494211316579738|0.37624861703809065|0.34389052752442845
2,LRCM,13,100,0.20000000000000001,0.34531837933134368,0.32689248009971689|0.32461815882868511|0.35494211316579738|0.37624861703809065|0.34389052752442845
2,LRCM,13,100,0.5,0.34531837933134368,0.32689248009971689|0.32461815882868511|0.35494211316579738|0.37624861703809065|0.34389052752442845
2,LRCM,13,100,1,0.34531837933134368,0.32689248009971689|0.32461815882868511|0.35494211316579738|0.37624861703809065|0.34389052752442845
2,LRCM,13,100,2,0.34531837933134368,0.32689248009971689|0.32461815882868511|0.35494211316579738|0.37624861703809065|0.34389052752442845
2,LRCM,13,100,5,0.34531837933134368,0.32689248009971689|0.32461815882868511|0.35494211316579738|0.37624861703809065|0.34389052752442845
2,ENROLLMENT_PCA_TRANSFER,1,1.0000000000000001e-05,0.050000000000000003,0.33652275422109013,0.32956343754041123|0.32943330377540908|0.33674529792950852|0.33831397186660339|0.34855775999351846
2,ENROLLMENT_PCA_TRANSFER,1,1.0000000000000001e-05,0.10000000000000001,0.33652275422109013,0.32956343754041123|0.32943330377540908|0.33674529792950852|0.33831397186660339|0.34855775999351846
2,ENROLLMENT_PCA_TRANSFER,1,1.0000000000000001e-05,0.20000000000000001,0.33652275422109013,0.32956343754041123|0.32943330377540908|0.33674529792950852|0.33831397186660339|0.34855775999351846
2,ENROLLMENT_PCA_TRANSFER,1,1.0000000000000001e-05,0.5,0.33652275422109013,0.32956343754041123|0.32943330377540908|0.33674529792950852|0.33831397186660339|0.34855775999351846
2,ENROLLMENT_PCA_TRANSFER,1,1.0000000000000001e-05,1,0.33652275422109013,0.32956343754041123|0.32943330377540908|0.33674529792950852|0.33831397186660339|0.34855775999351846
2,ENROLLMENT_PCA_TRANSFER,1,1.0000000000000001e-05,2,0.33652275422109013,0.32956343754041123|0.32943330377540908|0.33674529792950852|0.33831397186660339|0.34855775999351846
2,ENROLLMENT_PCA_TRANSFER,1,1.0000000000000001e-05,5,0.33652275422109013,0.32956343754041123|0.32943330377540908|0.33674529792950852|0.33831397186660339|0.34855775999351846
2,ENROLLMENT_PCA_TRANSFER,1,0.0001,0.050000000000000003,0.33652275422109013,0.32956343754041123|0.32943330377540908|0.33674529792950852|0.33831397186660339|0.34855775999351846
2,ENROLLMENT_PCA_TRANSFER,1,0.0001,0.10000000000000001,0.33652275422109013,0.32956343754041123|0.32943330377540908|0.33674529792950852|0.33831397186660339|0.34855775999351846
2,ENROLLMENT_PCA_TRANSFER,1,0.0001,0.20000000000000001,0.33652275422109013,0.32956343754041123|0.32943330377540908|0.33674529792950852|0.33831397186660339|0.34855775999351846
2,ENROLLMENT_PCA_TRANSFER,1,0.0001,0.5,0.33652275422109013,0.32956343754041123|0.32943330377540908|0.33674529792950852|0.33831397186660339|0.34855775999351846
2,ENROLLMENT_PCA_TRANSFER,1,0.0001,1,0.33652275422109013,0.32956343754041123|0.32943330377540908|0.33674529792950852|0.33831397186660339|0.34855775999351846
2,ENROLLMENT_PCA_TRANSFER,1,0.0001,2,0.33652275422109013,0.32956343754041123|0.32943330377540908|0.33674529792950852|0.33831397186660339|0.34855775999351846
2,ENROLLMENT_PCA_TRANSFER,1,0.0001,5,0.33652275422109013,0.32956343754041123|0.32943330377540908|0.33674529792950852|0.33831397186660339|0.34855775999351846
2,ENROLLMENT_PCA_TRANSFER,1,0.001,0.050000000000000003,0.33652275422109013,0.32956343754041123|0.32943330377540908|0.33674529792950852|0.33831397186660339|0.34855775999351846
2,ENROLLMENT_PCA_TRANSFER,1,0.001,0.10000000000000001,0.33652275422109013,0.32956343754041123|0.32943330377540908|0.33674529792950852|0.33831397186660339|0.34855775999351846
2,ENROLLMENT_PCA_TRANSFER,1,0.001,0.20000000000000001,0.33652275422109013,0.32956343754041123|0.32943330377540908|0.33674529792950852|0.33831397186660339|0.34855775999351846
2,ENROLLMENT_PCA_TRANSFER,1,0.001,0.5,0.33652275422109013,0.32956343754041123|0.32943330377540908|0.33674529792950852|0.33831397186660339|0.34855775999351846
2,ENROLLMENT_PCA_TRANSFER,1,0.001,1,0.33652275422109013,0.32956343754041123|0.32943330377540908|0.33674529792950852|0.33831397186660339|0.34855775999351846
2,ENROLLMENT_PCA_TRANSFER,1,0.001,2,0.33652275422109013,0.32956343754041123|0.32943330377540908|0.33674529792950852|0.33831397186660339|0.34855775999351846
2,ENROLLMENT_PCA_TRANSFER,1,0.001,5,0.33652275422109013,0.32956343754041123|0.32943330377540908|0.33674529792950852|0.33831397186660339|0.34855775999351846
2,ENROLLMENT_PCA_TRANSFER,1,0.01,0.050000000000000003,0.33638761908595499,0.32956343754041123|0.32943330377540908|0.3360696222538328|0.33831397186660339|0.34855775999351846
2,ENROLLMENT_PCA_TRANSFER,1,0.01,0.10000000000000001,0.33638761908595499,0.32956343754041123|0.32943330377540908|0.3360696222538328|0.33831397186660339|0.34855775999351846
2,ENROLLMENT_PCA_TRANSFER,1,0.01,0.20000000000000001,0.33638761908595499,0.32956343754041123|0.32943330377540908|0.3360696222538328|0.33831397186660339|0.34855775999351846
2,ENROLLMENT_PCA_TRANSFER,1,0.01,0.5,0.33638761908595499,0.32956343754041123|0.32943330377540908|0.3360696222538328|0.33831397186660339|0.34855775999351846
2,ENROLLMENT_PCA_TRANSFER,1,0.01,1,0.33638761908595499,0.32956343754041123|0.32943330377540908|0.3360696222538328|0.33831397186660339|0.34855775999351846
2,ENROLLMENT_PCA_TRANSFER,1,0.01,2,0.33638761908595499,0.32956343754041123|0.32943330377540908|0.3360696222538328|0.33831397186660339|0.34855775999351846
2,ENROLLMENT_PCA_TRANSFER,1,0.01,5,0.33638761908595499,0.32956343754041123|0.32943330377540908|0.3360696222538328|0.33831397186660339|0.34855775999351846
2,ENROLLMENT_PCA_TRANSFER,1,0.10000000000000001,0.050000000000000003,0.33652101204829538,0.33019385264451051|0.32943330377540908|0.3360696222538328|0.33833274063537228|0.34857554093235205
2,ENROLLMENT_PCA_TRANSFER,1,0.10000000000000001,0.10000000000000001,0.33652101204829538,0.33019385264451051|0.32943330377540908|0.3360696222538328|0.33833274063537228|0.34857554093235205
2,ENROLLMENT_PCA_TRANSFER,1,0.10000000000000001,0.20000000000000001,0.33652101204829538,0.33019385264451051|0.32943330377540908|0.3360696222538328|0.33833274063537228|0.34857554093235205
2,ENROLLMENT_PCA_TRANSFER,1,0.10000000000000001,0.5,0.33652101204829538,0.33019385264451051|0.32943330377540908|0.3360696222538328|0.33833274063537228|0.34857554093235205
2,ENROLLMENT_PCA_TRANSFER,1,0.10000000000000001,1,0.33652101204829538,0.33019385264451051|0.32943330377540908|0.3360696222538328|0.33833274063537228|0.34857554093235205
2,ENROLLMENT_PCA_TRANSFER,1,0.10000000000000001,2,0.33652101204829538,0.33019385264451051|0.32943330377540908|0.3360696222538328|0.33833274063537228|0.34857554093235205
2,ENROLLMENT_PCA_TRANSFER,1,0.10000000000000001,5,0.33652101204829538,0.33019385264451051|0.32943330377540908|0.3360696222538328|0.33833274063537228|0.34857554093235205
2,ENROLLMENT_PCA_TRANSFER,1,1,0.050000000000000003,0.33692853679792539,0.32901384488555546|0.33069503201082151|0.33809763711079499|0.33968409198672356|0.34715207799573122
2,ENROLLMENT_PCA_TRANSFER,1,1,0.10000000000000001,0.33692853679792539,0.32901384488555546|0.33069503201082151|0.33809763711079499|0.33968409198672356|0.34715207799573122
2,ENROLLMENT_PCA_TRANSFER,1,1,0.20000000000000001,0.33692853679792539,0.32901384488555546|0.33069503201082151|0.33809763711079499|0.33968409198672356|0.34715207799573122
2,ENROLLMENT_PCA_TRANSFER,1,1,0.5,0.33692853679792539,0.32901384488555546|0.33069503201082151|0.33809763711079499|0.33968409198672356|0.34715207799573122
2,ENROLLMENT_PCA_TRANSFER,1,1,1,0.33692853679792539,0.32901384488555546|0.33069503201082151|0.33809763711079499|0.33968409198672356|0.34715207799573122
2,ENROLLMENT_PCA_TRANSFER,1,1,2,0.33692853679792539,0.32901384488555546|0.33069503201082151|0.33809763711079499|0.33968409198672356|0.34715207799573122
2,ENROLLMENT_PCA_TRANSFER,1,1,5,0.33692853679792539,0.32901384488555546|0.33069503201082151|0.33809763711079499|0.33968409198672356|0.34715207799573122
2,ENROLLMENT_PCA_TRANSFER,1,10,0.050000000000000003,0.3406323916695434,0.32126824791298475|0.33077944656892028|0.34675991781254945|0.35860597439544806|0.34574837165781436
2,ENROLLMENT_PCA_TRANSFER,1,10,0.10000000000000001,0.3406323916695434,0.32126824791298475|0.33077944656892028|0.34675991781254945|0.35860597439544806|0.34574837165781436
2,ENROLLMENT_PCA_TRANSFER,1,10,0.20000000000000001,0.3406323916695434,0.32126824791298475|0.33077944656892028|0.34675991781254945|0.35860597439544806|0.34574837165781436
2,ENROLLMENT_PCA_TRANSFER,1,10,0.5,0.3406323916695434,0.32126824791298475|0.33077944656892028|0.34675991781254945|0.35860597439544806|0.34574837165781436
2,ENROLLMENT_PCA_TRANSFER,1,10,1,0.3406323916695434,0.32126824791298475|0.33077944656892028|0.34675991781254945|0.35860597439544806|0.34574837165781436
2,ENROLLMENT_PCA_TRANSFER,1,10,2,0.3406323916695434,0.32126824791298475|0.33077944656892028|0.34675991781254945|0.35860597439544806|0.34574837165781436
2,ENROLLMENT_PCA_TRANSFER,1,10,5,0.3406323916695434,0.32126824791298475|0.33077944656892028|0.34675991781254945|0.35860597439544806|0.34574837165781436
2,ENROLLMENT_PCA_TRANSFER,1,100,0.050000000000000003,0.34323803001415232,0.32383739151831253|0.32335455756508386|0.35623913387071282|0.37097064169432592|0.34178842542232635
2,ENROLLMENT_PCA_TRANSFER,1,100,0.10000000000000001,0.34323803001415232,0.32383739151831253|0.32335455756508386|0.35623913387071282|0.37097064169432592|0.34178842542232635
2,ENROLLMENT_PCA_TRANSFER,1,100,0.20000000000000001,0.34323803001415232,0.32383739151831253|0.32335455756508386|0.35623913387071282|0.37097064169432592|0.34178842542232635
2,ENROLLMENT_PCA_TRANSFER,1,100,0.5,0.34323803001415232,0.32383739151831253|0.32335455756508386|0.35623913387071282|0.37097064169432592|0.34178842542232635
2,ENROLLMENT_PCA_TRANSFER,1,100,1,0.34323803001415232,0.32383739151831253|0.32335455756508386|0.35623913387071282|0.37097064169432592|0.34178842542232635
2,ENROLLMENT_PCA_TRANSFER,1,100,2,0.34323803001415232,0.32383739151831253|0.32335455756508386|0.35623913387071282|0.37097064169432592|0.34178842542232635
2,ENROLLMENT_PCA_TRANSFER,1,100,5,0.34323803001415232,0.32383739151831253|0.32335455756508386|0.35623913387071282|0.37097064169432592|0.34178842542232635
2,ENROLLMENT_PCA_TRANSFER,2,1.0000000000000001e-05,0.050000000000000003,0.33928727766053618,0.33116454308888521|0.33104967578651789|0.34812114746325273|0.33921981191718037|0.34688121004684469
2,ENROLLMENT_PCA_TRANSFER,2,1.0000000000000001e-05,0.10000000000000001,0.33928727766053618,0.33116454308888521|0.33104967578651789|0.34812114746325273|0.33921981191718037|0.34688121004684469
2,ENROLLMENT_PCA_TRANSFER,2,1.0000000000000001e-05,0.20000000000000001,0.33928727766053618,0.33116454308888521|0.33104967578651789|0.34812114746325273|0.33921981191718037|0.34688121004684469
2,ENROLLMENT_PCA_TRANSFER,2,1.0000000000000001e-05,0.5,0.33928727766053618,0.33116454308888521|0.33104967578651789|0.34812114746325273|0.33921981191718037|0.34688121004684469
2,ENROLLMENT_PCA_TRANSFER,2,1.0000000000000001e-05,1,0.33928727766053618,0.33116454308888521|0.33104967578651789|0.34812114746325273|0.33921981191718037|0.34688121004684469
2,ENROLLMENT_PCA_TRANSFER,2,1.0000000000000001e-05,2,0.33928727766053618,0.33116454308888521|0.33104967578651789|0.34812114746325273|0.33921981191718037|0.34688121004684469
2,ENROLLMENT_PCA_TRANSFER,2,1.0000000000000001e-05,5,0.33928727766053618,0.33116454308888521|0.33104967578651789|0.34812114746325273|0.33921981191718037|0.34688121004684469
2,ENROLLMENT_PCA_TRANSFER,2,0.0001,0.050000000000000003,0.33928727766053618,0.33116454308888521|0.33104967578651789|0.34812114746325273|0.33921981191718037|0.34688121004684469
2,ENROLLMENT_PCA_TRANSFER,2,0.0001,0.10000000000000001,0.33928727766053618,0.33116454308888521|0.33104967578651789|0.34812114746325273|0.33921981191718037|0.34688121004684469
2,ENROLLMENT_PCA_TRANSFER,2,0.0001,0.20000000000000001,0.33928727766053618,0.33116454308888521|0.33104967578651789|0.34812114746325273|0.33921981191718037|0.34688121004684469
2,ENROLLMENT_PCA_TRANSFER,2,0.0001,0.5,0.33928727766053618,0.33116454308888521|0.33104967578651789|0.34812114746325273|0.33921981191718037|0.34688121004684469
2,ENROLLMENT_PCA_TRANSFER,2,0.0001,1,0.33928727766053618,0.33116454308888521|0.33104967578651789|0.34812114746325273|0.33921981191718037|0.34688121004684469
2,ENROLLMENT_PCA_TRANSFER,2,0.0001,2,0.33928727766053618,0.33116454308888521|0.33104967578651789|0.34812114746325273|0.33921981191718037|0.34688121004684469
2,ENROLLMENT_PCA_TRANSFER,2,0.0001,5,0.33928727766053618,0.33116454308888521|0.33104967578651789|0.34812114746325273|0.33921981191718037|0.34688121004684469
2,ENROLLMENT_PCA_TRANSFER,2,0.001,0.050000000000000003,0.33928727766053618,0.33116454308888521|0.33104967578651789|0.34812114746325273|0.33921981191718037|0.34688121004684469
2,ENROLLMENT_PCA_TRANSFER,2,0.001,0.10000000000000001,0.33928727766053618,0.33116454308888521|0.33104967578651789|0.34812114746325273|0.33921981191718037|0.34688121004684469
2,ENROLLMENT_PCA_TRANSFER,2,0.001,0.20000000000000001,0.33928727766053618,0.33116454308888521|0.33104967578651789|0.34812114746325273|0.33921981191718037|0.34688121004684469
2,ENROLLMENT_PCA_TRANSFER,2,0.001,0.5,0.33928727766053618,0.33116454308888521|0.33104967578651789|0.34812114746325273|0.33921981191718037|0.34688121004684469
2,ENROLLMENT_PCA_TRANSFER,2,0.001,1,0.33928727766053618,0.33116454308888521|0.33104967578651789|0.34812114746325273|0.33921981191718037|0.34688121004684469
2,ENROLLMENT_PCA_TRANSFER,2,0.001,2,0.33928727766053618,0.33116454308888521|0.33104967578651789|0.34812114746325273|0.33921981191718037|0.34688121004684469
2,ENROLLMENT_PCA_TRANSFER,2,0.001,5,0.33928727766053618,0.33116454308888521|0.33104967578651789|0.34812114746325273|0.33921981191718037|0.34688121004684469
2,ENROLLMENT_PCA_TRANSFER,2,0.01,0.050000000000000003,0.33956130168456022,0.33116454308888521|0.33104967578651789|0.34881559190769718|0.33989548759285598|0.34688121004684469
2,ENROLLMENT_PCA_TRANSFER,2,0.01,0.10000000000000001,0.33956130168456022,0.33116454308888521|0.33104967578651789|0.34881559190769718|0.33989548759285598|0.34688121004684469
2,ENROLLMENT_PCA_TRANSFER,2,0.01,0.20000000000000001,0.33956130168456022,0.33116454308888521|0.33104967578651789|0.34881559190769718|0.33989548759285598|0.34688121004684469
2,ENROLLMENT_PCA_TRANSFER,2,0.01,0.5,0.33956130168456022,0.33116454308888521|0.33104967578651789|0.34881559190769718|0.33989548759285598|0.34688121004684469
2,ENROLLMENT_PCA_TRANSFER,2,0.01,1,0.33956130168456022,0.33116454308888521|0.33104967578651789|0.34881559190769718|0.33989548759285598|0.34688121004684469
2,ENROLLMENT_PCA_TRANSFER,2,0.01,2,0.33956130168456022,0.33116454308888521|0.33104967578651789|0.34881559190769718|0.33989548759285598|0.34688121004684469
2,ENROLLMENT_PCA_TRANSFER,2,0.01,5,0.33956130168456022,0.33116454308888521|0.33104967578651789|0.34881559190769718|0.33989548759285598|0.34688121004684469
2,ENROLLMENT_PCA_TRANSFER,2,0.10000000000000001,0.050000000000000003,0.33940874225568496,0.33181389373823583|0.33164776191091982|0.34749980243401296|0.33989548759285598|0.3461867656024003
2,ENROLLMENT_PCA_TRANSFER,2,0.10000000000000001,0.10000000000000001,0.33940874225568496,0.33181389373823583|0.33164776191091982|0.34749980243401296|0.33989548759285598|0.3461867656024003
2,ENROLLMENT_PCA_TRANSFER,2,0.10000000000000001,0.20000000000000001,0.33940874225568496,0.33181389373823583|0.33164776191091982|0.34749980243401296|0.33989548759285598|0.3461867656024003
2,ENROLLMENT_PCA_TRANSFER,2,0.10000000000000001,0.5,0.33940874225568496,0.33181389373823583|0.33164776191091982|0.34749980243401296|0.33989548759285598|0.3461867656024003
2,ENROLLMENT_PCA_TRANSFER,2,0.10000000000000001,1,0.33940874225568496,0.33181389373823583|0.33164776191091982|0.34749980243401296|0.33989548759285598|0.3461867656024003
2,ENROLLMENT_PCA_TRANSFER,2,0.10000000000000001,2,0.33940874225568496,0.33181389373823583|0.33164776191091982|0.34749980243401296|0.33989548759285598|0.3461867656024003
2,ENROLLMENT_PCA_TRANSFER,2,0.10000000000000001,5,0.33940874225568496,0.33181389373823583|0.33164776191091982|0.34749980243401296|0.33989548759285598|0.3461867656024003
2,ENROLLMENT_PCA_TRANSFER,2,1,0.050000000000000003,0.34026795634090529,0.33123197210368266|0.32924202397886609|0.3482653706337917|0.34786134819029557|0.34473906679789035
2,ENROLLMENT_PCA_TRANSFER,2,1,0.10000000000000001,0.34026795634090529,0.33123197210368266|0.32924202397886609|0.3482653706337917|0.34786134819029557|0.34473906679789035
2,ENROLLMENT_PCA_TRANSFER,2,1,0.20000000000000001,0.34026795634090529,0.33123197210368266|0.32924202397886609|0.3482653706337917|0.34786134819029557|0.34473906679789035
2,ENROLLMENT_PCA_TRANSFER,2,1,0.5,0.34026795634090529,0.33123197210368266|0.32924202397886609|0.3482653706337917|0.34786134819029557|0.34473906679789035
2,ENROLLMENT_PCA_TRANSFER,2,1,1,0.34026795634090529,0.33123197210368266|0.32924202397886609|0.3482653706337917|0.34786134819029557|0.34473906679789035
2,ENROLLMENT_PCA_TRANSFER,2,1,2,0.34026795634090529,0.33123197210368266|0.32924202397886609|0.3482653706337917|0.34786134819029557|0.34473906679789035
2,ENROLLMENT_PCA_TRANSFER,2,1,5,0.34026795634090529,0.33123197210368266|0.32924202397886609|0.3482653706337917|0.34786134819029557|0.34473906679789035
2,ENROLLMENT_PCA_TRANSFER,2,10,0.050000000000000003,0.34065257560845796,0.33112858672069195|0.32793636938373782|0.34462620515252096|0.35772581792318631|0.34184589886215272
2,ENROLLMENT_PCA_TRANSFER,2,10,0.10000000000000001,0.34065257560845796,0.33112858672069195|0.32793636938373782|0.34462620515252096|0.35772581792318631|0.34184589886215272
2,ENROLLMENT_PCA_TRANSFER,2,10,0.20000000000000001,0.34065257560845796,0.33112858672069195|0.32793636938373782|0.34462620515252096|0.35772581792318631|0.34184589886215272
2,ENROLLMENT_PCA_TRANSFER,2,10,0.5,0.34065257560845796,0.33112858672069195|0.32793636938373782|0.34462620515252096|0.35772581792318631|0.34184589886215272
2,ENROLLMENT_PCA_TRANSFER,2,10,1,0.34065257560845796,0.33112858672069195|0.32793636938373782|0.34462620515252096|0.35772581792318631|0.34184589886215272
2,ENROLLMENT_PCA_TRANSFER,2,10,2,0.34065257560845796,0.33112858672069195|0.32793636938373782|0.34462620515252096|0.35772581792318631|0.34184589886215272
2,ENROLLMENT_PCA_TRANSFER,2,10,5,0.34065257560845796,0.33112858672069195|0.32793636938373782|0.34462620515252096|0.35772581792318631|0.34184589886215272
2,ENROLLMENT_PCA_TRANSFER,2,100,0.050000000000000003,0.34441509224384614,0.32631055846516366|0.32393558117242321|0.35293187924766872|0.37772937411095303|0.34116806822302181
2,ENROLLMENT_PCA_TRANSFER,2,100,0.10000000000000001,0.34441509224384614,0.32631055846516366|0.32393558117242321|0.35293187924766872|0.37772937411095303|0.34116806822302181
2,ENROLLMENT_PCA_TRANSFER,2,100,0.20000000000000001,0.34441509224384614,0.32631055846516366|0.32393558117242321|0.35293187924766872|0.37772937411095303|0.34116806822302181
2,ENROLLMENT_PCA_TRANSFER,2,100,0.5,0.34441509224384614,0.32631055846516366|0.32393558117242321|0.35293187924766872|0.37772937411095303|0.34116806822302181
2,ENROLLMENT_PCA_TRANSFER,2,100,1,0.34441509224384614,0.32631055846516366|0.32393558117242321|0.35293187924766872|0.37772937411095303|0.34116806822302181
2,ENROLLMENT_PCA_TRANSFER,2,100,2,0.34441509224384614,0.32631055846516366|0.32393558117242321|0.35293187924766872|0.37772937411095303|0.34116806822302181
2,ENROLLMENT_PCA_TRANSFER,2,100,5,0.34441509224384614,0.32631055846516366|0.32393558117242321|0.35293187924766872|0.37772937411095303|0.34116806822302181
2,ENROLLMENT_PCA_TRANSFER,3,1.0000000000000001e-05,0.050000000000000003,0.3303197329375735,0.33174646472343838|0.31597007978586922|0.33941243875454402|0.32607871028923657|0.33839097113477923
2,ENROLLMENT_PCA_TRANSFER,3,1.0000000000000001e-05,0.10000000000000001,0.3303197329375735,0.33174646472343838|0.31597007978586922|0.33941243875454402|0.32607871028923657|0.33839097113477923
2,ENROLLMENT_PCA_TRANSFER,3,1.0000000000000001e-05,0.20000000000000001,0.3303197329375735,0.33174646472343838|0.31597007978586922|0.33941243875454402|0.32607871028923657|0.33839097113477923
2,ENROLLMENT_PCA_TRANSFER,3,1.0000000000000001e-05,0.5,0.3303197329375735,0.33174646472343838|0.31597007978586922|0.33941243875454402|0.32607871028923657|0.33839097113477923
2,ENROLLMENT_PCA_TRANSFER,3,1.0000000000000001e-05,1,0.3303197329375735,0.33174646472343838|0.31597007978586922|0.33941243875454402|0.32607871028923657|0.33839097113477923
2,ENROLLMENT_PCA_TRANSFER,3,1.0000000000000001e-05,2,0.3303197329375735,0.33174646472343838|0.31597007978586922|0.33941243875454402|0.32607871028923657|0.33839097113477923
2,ENROLLMENT_PCA_TRANSFER,3,1.0000000000000001e-05,5,0.3303197329375735,0.33174646472343838|0.31597007978586922|0.33941243875454402|0.32607871028923657|0.33839097113477923
2,ENROLLMENT_PCA_TRANSFER,3,0.0001,0.050000000000000003,0.3303197329375735,0.33174646472343838|0.31597007978586922|0.33941243875454402|0.32607871028923657|0.33839097113477923
2,ENROLLMENT_PCA_TRANSFER,3,0.0001,0.10000000000000001,0.3303197329375735,0.33174646472343838|0.31597007978586922|0.33941243875454402|0.32607871028923657|0.33839097113477923
2,ENROLLMENT_PCA_TRANSFER,3,0.0001,0.20000000000000001,0.3303197329375735,0.33174646472343838|0.31597007978586922|0.33941243875454402|0.32607871028923657|0.33839097113477923
2,ENROLLMENT_PCA_TRANSFER,3,0.0001,0.5,0.3303197329375735,0.33174646472343838|0.31597007978586922|0.33941243875454402|0.32607871028923657|0.33839097113477923
2,ENROLLMENT_PCA_TRANSFER,3,0.0001,1,0.3303197329375735,0.33174646472343838|0.31597007978586922|0.33941243875454402|0.32607871028923657|0.33839097113477923
2,ENROLLMENT_PCA_TRANSFER,3,0.0001,2,0.3303197329375735,0.33174646472343838|0.31597007978586922|0.33941243875454402|0.32607871028923657|0.33839097113477923
2,ENROLLMENT_PCA_TRANSFER,3,0.0001,5,0.3303197329375735,0.33174646472343838|0.31597007978586922|0.33941243875454402|0.32607871028923657|0.33839097113477923
2,ENROLLMENT_PCA_TRANSFER,3,0.001,0.050000000000000003,0.3303197329375735,0.33174646472343838|0.31597007978586922|0.33941243875454402|0.32607871028923657|0.33839097113477923
2,ENROLLMENT_PCA_TRANSFER,3,0.001,0.10000000000000001,0.3303197329375735,0.33174646472343838|0.31597007978586922|0.33941243875454402|0.32607871028923657|0.33839097113477923
2,ENROLLMENT_PCA_TRANSFER,3,0.001,0.20000000000000001,0.3303197329375735,0.33174646472343838|0.31597007978586922|0.33941243875454402|0.32607871028923657|0.33839097113477923
2,ENROLLMENT_PCA_TRANSFER,3,0.001,0.5,0.3303197329375735,0.33174646472343838|0.31597007978586922|0.33941243875454402|0.32607871028923657|0.33839097113477923
2,ENROLLMENT_PCA_TRANSFER,3,0.001,1,0.3303197329375735,0.33174646472343838|0.31597007978586922|0.33941243875454402|0.32607871028923657|0.33839097113477923
2,ENROLLMENT_PCA_TRANSFER,3,0.001,2,0.3303197329375735,0.33174646472343838|0.31597007978586922|0.33941243875454402|0.32607871028923657|0.33839097113477923
2,ENROLLMENT_PCA_TRANSFER,3,0.001,5,0.3303197329375735,0.33174646472343838|0.31597007978586922|0.33941243875454402|0.32607871028923657|0.33839097113477923
2,ENROLLMENT_PCA_TRANSFER,3,0.01,0.050000000000000003,0.33070962043272412,0.33174646472343838|0.31656816591027115|0.33941243875454402|0.3267543859649123|0.3390666468104549
2,ENROLLMENT_PCA_TRANSFER,3,0.01,0.10000000000000001,0.33070962043272412,0.33174646472343838|0.31656816591027115|0.33941243875454402|0.3267543859649123|0.3390666468104549
2,ENROLLMENT_PCA_TRANSFER,3,0.01,0.20000000000000001,0.33070962043272412,0.33174646472343838|0.31656816591027115|0.33941243875454402|0.3267543859649123|0.3390666468104549
2,ENROLLMENT_PCA_TRANSFER,3,0.01,0.5,0.33070962043272412,0.33174646472343838|0.31656816591027115|0.33941243875454402|0.3267543859649123|0.3390666468104549
2,ENROLLMENT_PCA_TRANSFER,3,0.01,1,0.33070962043272412,0.33174646472343838|0.31656816591027115|0.33941243875454402|0.3267543859649123|0.3390666468104549
2,ENROLLMENT_PCA_TRANSFER,3,0.01,2,0.33070962043272412,0.33174646472343838|0.31656816591027115|0.33941243875454402|0.3267543859649123|0.3390666468104549
2,ENROLLMENT_PCA_TRANSFER,3,0.01,5,0.33070962043272412,0.33174646472343838|0.31656816591027115|0.33941243875454402|0.3267543859649123|0.3390666468104549
2,ENROLLMENT_PCA_TRANSFER,3,0.10000000000000001,0.050000000000000003,0.33136945490834807,0.33236071533768896|0.31656816591027115|0.3421151414572467|0.32741228070175438|0.33839097113477923
2,ENROLLMENT_PCA_TRANSFER,3,0.10000000000000001,0.10000000000000001,0.33136945490834807,0.33236071533768896|0.31656816591027115|0.3421151414572467|0.32741228070175438|0.33839097113477923
2,ENROLLMENT_PCA_TRANSFER,3,0.10000000000000001,0.20000000000000001,0.33136945490834807,0.33236071533768896|0.31656816591027115|0.3421151414572467|0.32741228070175438|0.33839097113477923
2,ENROLLMENT_PCA_TRANSFER,3,0.10000000000000001,0.5,0.33136945490834807,0.33236071533768896|0.31656816591027115|0.3421151414572467|0.32741228070175438|0.33839097113477923
2,ENROLLMENT_PCA_TRANSFER,3,0.10000000000000001,1,0.33136945490834807,0.33236071533768896|0.31656816591027115|0.3421151414572467|0.32741228070175438|0.33839097113477923
2,ENROLLMENT_PCA_TRANSFER,3,0.10000000000000001,2,0.33136945490834807,0.33236071533768896|0.31656816591027115|0.3421151414572467|0.32741228070175438|0.33839097113477923
2,ENROLLMENT_PCA_TRANSFER,3,0.10000000000000001,5,0.33136945490834807,0.33236071533768896|0.31656816591027115|0.3421151414572467|0.32741228070175438|0.33839097113477923
2,ENROLLMENT_PCA_TRANSFER,3,1,0.050000000000000003,0.33686338527069953,0.33363860806295015|0.32291639725850257|0.34613462146356883|0.33928994784257943|0.34233735172589658
2,ENROLLMENT_PCA_TRANSFER,3,1,0.10000000000000001,0.33686338527069953,0.33363860806295015|0.32291639725850257|0.34613462146356883|0.33928994784257943|0.34233735172589658
2,ENROLLMENT_PCA_TRANSFER,3,1,0.20000000000000001,0.33686338527069953,0.33363860806295015|0.32291639725850257|0.34613462146356883|0.33928994784257943|0.34233735172589658
2,ENROLLMENT_PCA_TRANSFER,3,1,0.5,0.33686338527069953,0.33363860806295015|0.32291639725850257|0.34613462146356883|0.33928994784257943|0.34233735172589658
2,ENROLLMENT_PCA_TRANSFER,3,1,1,0.33686338527069953,0.33363860806295015|0.32291639725850257|0.34613462146356883|0.33928994784257943|0.34233735172589658
2,ENROLLMENT_PCA_TRANSFER,3,1,2,0.33686338527069953,0.33363860806295015|0.32291639725850257|0.34613462146356883|0.33928994784257943|0.34233735172589658
2,ENROLLMENT_PCA_TRANSFER,3,1,5,0.33686338527069953,0.33363860806295015|0.32291639725850257|0.34613462146356883|0.33928994784257943|0.34233735172589658
2,ENROLLMENT_PCA_TRANSFER,3,10,0.050000000000000003,0.34387485910783122,0.33287158056894894|0.3271721482247798|0.35451141931405089|0.35008396554449184|0.35473518188688469
2,ENROLLMENT_PCA_TRANSFER,3,10,0.10000000000000001,0.34387485910783122,0.33287158056894894|0.3271721482247798|0.35451141931405089|0.35008396554449184|0.35473518188688469
2,ENROLLMENT_PCA_TRANSFER,3,10,0.20000000000000001,0.34387485910783122,0.33287158056894894|0.3271721482247798|0.35451141931405089|0.35008396554449184|0.35473518188688469
2,ENROLLMENT_PCA_TRANSFER,3,10,0.5,0.34387485910783122,0.33287158056894894|0.3271721482247798|0.35451141931405089|0.35008396554449184|0.35473518188688469
2,ENROLLMENT_PCA_TRANSFER,3,10,1,0.34387485910783122,0.33287158056894894|0.3271721482247798|0.35451141931405089|0.35008396554449184|0.35473518188688469
2,ENROLLMENT_PCA_TRANSFER,3,10,2,0.34387485910783122,0.33287158056894894|0.3271721482247798|0.35451141931405089|0.35008396554449184|0.35473518188688469
2,ENROLLMENT_PCA_TRANSFER,3,10,5,0.34387485910783122,0.33287158056894894|0.3271721482247798|0.35451141931405089|0.35008396554449184|0.35473518188688469
2,ENROLLMENT_PCA_TRANSFER,3,100,0.050000000000000003,0.3451989596724504,0.32631055846516366|0.32460199433883646|0.3535532242769085|0.3783507191401928|0.34317830214115047
2,ENROLLMENT_PCA_TRANSFER,3,100,0.10000000000000001,0.3451989596724504,0.32631055846516366|0.32460199433883646|0.3535532242769085|0.3783507191401928|0.34317830214115047
2,ENROLLMENT_PCA_TRANSFER,3,100,0.20000000000000001,0.3451989596724504,0.32631055846516366|0.32460199433883646|0.3535532242769085|0.3783507191401928|0.34317830214115047
2,ENROLLMENT_PCA_TRANSFER,3,100,0.5,0.3451989596724504,0.32631055846516366|0.32460199433883646|0.3535532242769085|0.3783507191401928|0.34317830214115047
2,ENROLLMENT_PCA_TRANSFER,3,100,1,0.3451989596724504,0.32631055846516366|0.32460199433883646|0.3535532242769085|0.3783507191401928|0.34317830214115047
2,ENROLLMENT_PCA_TRANSFER,3,100,2,0.3451989596724504,0.32631055846516366|0.32460199433883646|0.3535532242769085|0.3783507191401928|0.34317830214115047
2,ENROLLMENT_PCA_TRANSFER,3,100,5,0.3451989596724504,0.32631055846516366|0.32460199433883646|0.3535532242769085|0.3783507191401928|0.34317830214115047
2,ENROLLMENT_PCA_TRANSFER,5,1.0000000000000001e-05,0.050000000000000003,0.33299694922798634,0.3332877456232719|0.31874872993294046|0.32137960328749798|0.34087343922870239|0.35069522806751907
2,ENROLLMENT_PCA_TRANSFER,5,1.0000000000000001e-05,0.10000000000000001,0.33299694922798634,0.3332877456232719|0.31874872993294046|0.32137960328749798|0.34087343922870239|0.35069522806751907
2,ENROLLMENT_PCA_TRANSFER,5,1.0000000000000001e-05,0.20000000000000001,0.33299694922798634,0.3332877456232719|0.31874872993294046|0.32137960328749798|0.34087343922870239|0.35069522806751907
2,ENROLLMENT_PCA_TRANSFER,5,1.0000000000000001e-05,0.5,0.33299694922798634,0.3332877456232719|0.31874872993294046|0.32137960328749798|0.34087343922870239|0.35069522806751907
2,ENROLLMENT_PCA_TRANSFER,5,1.0000000000000001e-05,1,0.33299694922798634,0.3332877456232719|0.31874872993294046|0.32137960328749798|0.34087343922870239|0.35069522806751907
2,ENROLLMENT_PCA_TRANSFER,5,1.0000000000000001e-05,2,0.33299694922798634,0.3332877456232719|0.31874872993294046|0.32137960328749798|0.34087343922870239|0.35069522806751907
2,ENROLLMENT_PCA_TRANSFER,5,1.0000000000000001e-05,5,0.33299694922798634,0.3332877456232719|0.31874872993294046|0.32137960328749798|0.34087343922870239|0.35069522806751907
2,ENROLLMENT_PCA_TRANSFER,5,0.0001,0.050000000000000003,0.33299694922798634,0.3332877456232719|0.31874872993294046|0.32137960328749798|0.34087343922870239|0.35069522806751907
2,ENROLLMENT_PCA_TRANSFER,5,0.0001,0.10000000000000001,0.33299694922798634,0.3332877456232719|0.31874872993294046|0.32137960328749798|0.34087343922870239|0.35069522806751907
2,ENROLLMENT_PCA_TRANSFER,5,0.0001,0.20000000000000001,0.33299694922798634,0.3332877456232719|0.31874872993294046|0.32137960328749798|0.34087343922870239|0.35069522806751907
2,ENROLLMENT_PCA_TRANSFER,5,0.0001,0.5,0.33299694922798634,0.3332877456232719|0.31874872993294046|0.32137960328749798|0.34087343922870239|0.35069522806751907
2,ENROLLMENT_PCA_TRANSFER,5,0.0001,1,0.33299694922798634,0.3332877456232719|0.31874872993294046|0.32137960328749798|0.34087343922870239|0.35069522806751907
2,ENROLLMENT_PCA_TRANSFER,5,0.0001,2,0.33299694922798634,0.3332877456232719|0.31874872993294046|0.32137960328749798|0.34087343922870239|0.35069522806751907
2,ENROLLMENT_PCA_TRANSFER,5,0.0001,5,0.33299694922798634,0.3332877456232719|0.31874872993294046|0.32137960328749798|0.34087343922870239|0.35069522806751907
2,ENROLLMENT_PCA_TRANSFER,5,0.001,0.050000000000000003,0.33287409910513627,0.3332877456232719|0.31813447931868982|0.32137960328749798|0.34087343922870239|0.35069522806751907
2,ENROLLMENT_PCA_TRANSFER,5,0.001,0.10000000000000001,0.33287409910513627,0.3332877456232719|0.31813447931868982|0.32137960328749798|0.34087343922870239|0.35069522806751907
2,ENROLLMENT_PCA_TRANSFER,5,0.001,0.20000000000000001,0.33287409910513627,0.3332877456232719|0.31813447931868982|0.32137960328749798|0.34087343922870239|0.35069522806751907
2,ENROLLMENT_PCA_TRANSFER,5,0.001,0.5,0.33287409910513627,0.3332877456232719|0.31813447931868982|0.32137960328749798|0.34087343922870239|0.35069522806751907
2,ENROLLMENT_PCA_TRANSFER,5,0.001,1,0.33287409910513627,0.3332877456232719|0.31813447931868982|0.32137960328749798|0.34087343922870239|0.35069522806751907
2,ENROLLMENT_PCA_TRANSFER,5,0.001,2,0.33287409910513627,0.3332877456232719|0.31813447931868982|0.32137960328749798|0.34087343922870239|0.35069522806751907
2,ENROLLMENT_PCA_TRANSFER,5,0.001,5,0.33287409910513627,0.3332877456232719|0.31813447931868982|0.32137960328749798|0.34087343922870239|0.35069522806751907
2,ENROLLMENT_PCA_TRANSFER,5,0.01,0.050000000000000003,0.33287409910513627,0.3332877456232719|0.31813447931868982|0.32137960328749798|0.34087343922870239|0.35069522806751907
2,ENROLLMENT_PCA_TRANSFER,5,0.01,0.10000000000000001,0.33287409910513627,0.3332877456232719|0.31813447931868982|0.32137960328749798|0.34087343922870239|0.35069522806751907
2,ENROLLMENT_PCA_TRANSFER,5,0.01,0.20000000000000001,0.33287409910513627,0.3332877456232719|0.31813447931868982|0.32137960328749798|0.34087343922870239|0.35069522806751907
2,ENROLLMENT_PCA_TRANSFER,5,0.01,0.5,0.33287409910513627,0.3332877456232719|0.31813447931868982|0.32137960328749798|0.34087343922870239|0.35069522806751907
2,ENROLLMENT_PCA_TRANSFER,5,0.01,1,0.33287409910513627,0.3332877456232719|0.31813447931868982|0.32137960328749798|0.34087343922870239|0.35069522806751907
2,ENROLLMENT_PCA_TRANSFER,5,0.01,2,0.33287409910513627,0.3332877456232719|0.31813447931868982|0.32137960328749798|0.34087343922870239|0.35069522806751907
2,ENROLLMENT_PCA_TRANSFER,5,0.01,5,0.33287409910513627,0.3332877456232719|0.31813447931868982|0.32137960328749798|0.34087343922870239|0.35069522806751907
2,ENROLLMENT_PCA_TRANSFER,5,0.10000000000000001,0.050000000000000003,0.33331747207482498,0.3332877456232719|0.31698769856664594|0.32205527896317371|0.34218922870238661|0.35206740851864693
2,ENROLLMENT_PCA_TRANSFER,5,0.10000000000000001,0.10000000000000001,0.33331747207482498,0.3332877456232719|0.31698769856664594|0.32205527896317371|0.34218922870238661|0.35206740851864693
2,ENROLLMENT_PCA_TRANSFER,5,0.10000000000000001,0.20000000000000001,0.33331747207482498,0.3332877456232719|0.31698769856664594|0.32205527896317371|0.34218922870238661|0.35206740851864693
2,ENROLLMENT_PCA_TRANSFER,5,0.10000000000000001,0.5,0.33331747207482498,0.3332877456232719|0.31698769856664594|0.32205527896317371|0.34218922870238661|0.35206740851864693
2,ENROLLMENT_PCA_TRANSFER,5,0.10000000000000001,1,0.33331747207482498,0.3332877456232719|0.31698769856664594|0.32205527896317371|0.34218922870238661|0.35206740851864693
2,ENROLLMENT_PCA_TRANSFER,5,0.10000000000000001,2,0.33331747207482498,0.3332877456232719|0.31698769856664594|0.32205527896317371|0.34218922870238661|0.35206740851864693
2,ENROLLMENT_PCA_TRANSFER,5,0.10000000000000001,5,0.33331747207482498,0.3332877456232719|0.31698769856664594|0.32205527896317371|0.34218922870238661|0.35206740851864693
2,ENROLLMENT_PCA_TRANSFER,5,1,0.050000000000000003,0.33556103309141239,0.33706735293906348|0.31029013463223998|0.33615753911806545|0.34423403666824715|0.35005610209944577
2,ENROLLMENT_PCA_TRANSFER,5,1,0.10000000000000001,0.33556103309141239,0.33706735293906348|0.31029013463223998|0.33615753911806545|0.34423403666824715|0.35005610209944577
2,ENROLLMENT_PCA_TRANSFER,5,1,0.20000000000000001,0.33556103309141239,0.33706735293906348|0.31029013463223998|0.33615753911806545|0.34423403666824715|0.35005610209944577
2,ENROLLMENT_PCA_TRANSFER,5,1,0.5,0.33556103309141239,0.33706735293906348|0.31029013463223998|0.33615753911806545|0.34423403666824715|0.35005610209944577
2,ENROLLMENT_PCA_TRANSFER,5,1,1,0.33556103309141239,0.33706735293906348|0.31029013463223998|0.33615753911806545|0.34423403666824715|0.35005610209944577
2,ENROLLMENT_PCA_TRANSFER,5,1,2,0.33556103309141239,0.33706735293906348|0.31029013463223998|0.33615753911806545|0.34423403666824715|0.35005610209944577
2,ENROLLMENT_PCA_TRANSFER,5,1,5,0.33556103309141239,0.33706735293906348|0.31029013463223998|0.33615753911806545|0.34423403666824715|0.35005610209944577
2,ENROLLMENT_PCA_TRANSFER,5,10,0.050000000000000003,0.34333471901196361,0.33164307934044773|0.32306636780320991|0.35858424213687368|0.35472380275011856|0.34865610302916805
2,ENROLLMENT_PCA_TRANSFER,5,10,0.10000000000000001,0.34333471901196361,0.33164307934044773|0.32306636780320991|0.35858424213687368|0.35472380275011856|0.34865610302916805
2,ENROLLMENT_PCA_TRANSFER,5,10,0.20000000000000001,0.34333471901196361,0.33164307934044773|0.32306636780320991|0.35858424213687368|0.35472380275011856|0.34865610302916805
2,ENROLLMENT_PCA_TRANSFER,5,10,0.5,0.34333471901196361,0.33164307934044773|0.32306636780320991|0.35858424213687368|0.35472380275011856|0.34865610302916805
2,ENROLLMENT_PCA_TRANSFER,5,10,1,0.34333471901196361,0.33164307934044773|0.32306636780320991|0.35858424213687368|0.35472380275011856|0.34865610302916805
2,ENROLLMENT_PCA_TRANSFER,5,10,2,0.34333471901196361,0.33164307934044773|0.32306636780320991|0.35858424213687368|0.35472380275011856|0.34865610302916805
2,ENROLLMENT_PCA_TRANSFER,5,10,5,0.34333471901196361,0.33164307934044773|0.32306636780320991|0.35858424213687368|0.35472380275011856|0.34865610302916805
2,ENROLLMENT_PCA_TRANSFER,5,100,0.050000000000000003,0.34519766651326245,0.32627822948546631|0.32523240944293574|0.35358977398451086|0.37697961119013745|0.34390830846326204
2,ENROLLMENT_PCA_TRANSFER,5,100,0.10000000000000001,0.34519766651326245,0.32627822948546631|0.32523240944293574|0.35358977398451086|0.37697961119013745|0.34390830846326204
2,ENROLLMENT_PCA_TRANSFER,5,100,0.20000000000000001,0.34519766651326245,0.32627822948546631|0.32523240944293574|0.35358977398451086|0.37697961119013745|0.34390830846326204
2,ENROLLMENT_PCA_TRANSFER,5,100,0.5,0.34519766651326245,0.32627822948546631|0.32523240944293574|0.35358977398451086|0.37697961119013745|0.34390830846326204
2,ENROLLMENT_PCA_TRANSFER,5,100,1,0.34519766651326245,0.32627822948546631|0.32523240944293574|0.35358977398451086|0.37697961119013745|0.34390830846326204
2,ENROLLMENT_PCA_TRANSFER,5,100,2,0.34519766651326245,0.32627822948546631|0.32523240944293574|0.35358977398451086|0.37697961119013745|0.34390830846326204
2,ENROLLMENT_PCA_TRANSFER,5,100,5,0.34519766651326245,0.32627822948546631|0.32523240944293574|0.35358977398451086|0.37697961119013745|0.34390830846326204
2,ENROLLMENT_PCA_TRANSFER,8,1.0000000000000001e-05,0.050000000000000003,0.3388218996659399,0.33191278898515741|0.33410535450009138|0.33420163584637275|0.34331041567883674|0.35057930331924142
2,ENROLLMENT_PCA_TRANSFER,8,1.0000000000000001e-05,0.10000000000000001,0.3388218996659399,0.33191278898515741|0.33410535450009138|0.33420163584637275|0.34331041567883674|0.35057930331924142
2,ENROLLMENT_PCA_TRANSFER,8,1.0000000000000001e-05,0.20000000000000001,0.3388218996659399,0.33191278898515741|0.33410535450009138|0.33420163584637275|0.34331041567883674|0.35057930331924142
2,ENROLLMENT_PCA_TRANSFER,8,1.0000000000000001e-05,0.5,0.3388218996659399,0.33191278898515741|0.33410535450009138|0.33420163584637275|0.34331041567883674|0.35057930331924142
2,ENROLLMENT_PCA_TRANSFER,8,1.0000000000000001e-05,1,0.3388218996659399,0.33191278898515741|0.33410535450009138|0.33420163584637275|0.34331041567883674|0.35057930331924142
2,ENROLLMENT_PCA_TRANSFER,8,1.0000000000000001e-05,2,0.3388218996659399,0.33191278898515741|0.33410535450009138|0.33420163584637275|0.34331041567883674|0.35057930331924142
2,ENROLLMENT_PCA_TRANSFER,8,1.0000000000000001e-05,5,0.3388218996659399,0.33191278898515741|0.33410535450009138|0.33420163584637275|0.34331041567883674|0.35057930331924142
2,ENROLLMENT_PCA_TRANSFER,8,0.0001,0.050000000000000003,0.3388218996659399,0.33191278898515741|0.33410535450009138|0.33420163584637275|0.34331041567883674|0.35057930331924142
2,ENROLLMENT_PCA_TRANSFER,8,0.0001,0.10000000000000001,0.3388218996659399,0.33191278898515741|0.33410535450009138|0.33420163584637275|0.34331041567883674|0.35057930331924142
2,ENROLLMENT_PCA_TRANSFER,8,0.0001,0.20000000000000001,0.3388218996659399,0.33191278898515741|0.33410535450009138|0.33420163584637275|0.34331041567883674|0.35057930331924142
2,ENROLLMENT_PCA_TRANSFER,8,0.0001,0.5,0.3388218996659399,0.33191278898515741|0.33410535450009138|0.33420163584637275|0.34331041567883674|0.35057930331924142
2,ENROLLMENT_PCA_TRANSFER,8,0.0001,1,0.3388218996659399,0.33191278898515741|0.33410535450009138|0.33420163584637275|0.34331041567883674|0.35057930331924142
2,ENROLLMENT_PCA_TRANSFER,8,0.0001,2,0.3388218996659399,0.33191278898515741|0.33410535450009138|0.33420163584637275|0.34331041567883674|0.35057930331924142
2,ENROLLMENT_PCA_TRANSFER,8,0.0001,5,0.3388218996659399,0.33191278898515741|0.33410535450009138|0.33420163584637275|0.34331041567883674|0.35057930331924142
2,ENROLLMENT_PCA_TRANSFER,8,0.001,0.050000000000000003,0.3388218996659399,0.33191278898515741|0.33410535450009138|0.33420163584637275|0.34331041567883674|0.35057930331924142
2,ENROLLMENT_PCA_TRANSFER,8,0.001,0.10000000000000001,0.3388218996659399,0.33191278898515741|0.33410535450009138|0.33420163584637275|0.34331041567883674|0.35057930331924142
2,ENROLLMENT_PCA_TRANSFER,8,0.001,0.20000000000000001,0.3388218996659399,0.33191278898515741|0.33410535450009138|0.33420163584637275|0.34331041567883674|0.35057930331924142
2,ENROLLMENT_PCA_TRANSFER,8,0.001,0.5,0.3388218996659399,0.33191278898515741|0.33410535450009138|0.33420163584637275|0.34331041567883674|0.35057930331924142
2,ENROLLMENT_PCA_TRANSFER,8,0.001,1,0.3388218996659399,0.33191278898515741|0.33410535450009138|0.33420163584637275|0.34331041567883674|0.35057930331924142
2,ENROLLMENT_PCA_TRANSFER,8,0.001,2,0.3388218996659399,0.33191278898515741|0.33410535450009138|0.33420163584637275|0.34331041567883674|0.35057930331924142
2,ENROLLMENT_PCA_TRANSFER,8,0.001,5,0.3388218996659399,0.33191278898515741|0.33410535450009138|0.33420163584637275|0.34331041567883674|0.35057930331924142
2,ENROLLMENT_PCA_TRANSFER,8,0.01,0.050000000000000003,0.33896899652356305,0.33131470286075548|0.33410535450009138|0.33485953058321477|0.34331041567883674|0.35125497899491709
2,ENROLLMENT_PCA_TRANSFER,8,0.01,0.10000000000000001,0.33896899652356305,0.33131470286075548|0.33410535450009138|0.33485953058321477|0.34331041567883674|0.35125497899491709
2,ENROLLMENT_PCA_TRANSFER,8,0.01,0.20000000000000001,0.33896899652356305,0.33131470286075548|0.33410535450009138|0.33485953058321477|0.34331041567883674|0.35125497899491709
2,ENROLLMENT_PCA_TRANSFER,8,0.01,0.5,0.33896899652356305,0.33131470286075548|0.33410535450009138|0.33485953058321477|0.34331041567883674|0.35125497899491709
2,ENROLLMENT_PCA_TRANSFER,8,0.01,1,0.33896899652356305,0.33131470286075548|0.33410535450009138|0.33485953058321477|0.34331041567883674|0.35125497899491709
2,ENROLLMENT_PCA_TRANSFER,8,0.01,2,0.33896899652356305,0.33131470286075548|0.33410535450009138|0.33485953058321477|0.34331041567883674|0.35125497899491709
2,ENROLLMENT_PCA_TRANSFER,8,0.01,5,0.33896899652356305,0.33131470286075548|0.33410535450009138|0.33485953058321477|0.34331041567883674|0.35125497899491709
2,ENROLLMENT_PCA_TRANSFER,8,0.10000000000000001,0.050000000000000003,0.34040120265313767,0.33315932773169615|0.33467021361758209|0.33557175596649286|0.34592421368737158|0.35268050226254555
2,ENROLLMENT_PCA_TRANSFER,8,0.10000000000000001,0.10000000000000001,0.34040120265313767,0.33315932773169615|0.33467021361758209|0.33557175596649286|0.34592421368737158|0.35268050226254555
2,ENROLLMENT_PCA_TRANSFER,8,0.10000000000000001,0.20000000000000001,0.34040120265313767,0.33315932773169615|0.33467021361758209|0.33557175596649286|0.34592421368737158|0.35268050226254555
2,ENROLLMENT_PCA_TRANSFER,8,0.10000000000000001,0.5,0.34040120265313767,0.33315932773169615|0.33467021361758209|0.33557175596649286|0.34592421368737158|0.35268050226254555
2,ENROLLMENT_PCA_TRANSFER,8,0.10000000000000001,1,0.34040120265313767,0.33315932773169615|0.33467021361758209|0.33557175596649286|0.34592421368737158|0.35268050226254555
2,ENROLLMENT_PCA_TRANSFER,8,0.10000000000000001,2,0.34040120265313767,0.33315932773169615|0.33467021361758209|0.33557175596649286|0.34592421368737158|0.35268050226254555
2,ENROLLMENT_PCA_TRANSFER,8,0.10000000000000001,5,0.34040120265313767,0.33315932773169615|0.33467021361758209|0.33557175596649286|0.34592421368737158|0.35268050226254555
2,ENROLLMENT_PCA_TRANSFER,8,1,0.050000000000000003,0.34225828154659421,0.33676131488631483|0.33102370997107838|0.34326596333175274|0.35107969811917178|0.34916072142465332
2,ENROLLMENT_PCA_TRANSFER,8,1,0.10000000000000001,0.34225828154659421,0.33676131488631483|0.33102370997107838|0.34326596333175274|0.35107969811917178|0.34916072142465332
2,ENROLLMENT_PCA_TRANSFER,8,1,0.20000000000000001,0.34225828154659421,0.33676131488631483|0.33102370997107838|0.34326596333175274|0.35107969811917178|0.34916072142465332
2,ENROLLMENT_PCA_TRANSFER,8,1,0.5,0.34225828154659421,0.33676131488631483|0.33102370997107838|0.34326596333175274|0.35107969811917178|0.34916072142465332
2,ENROLLMENT_PCA_TRANSFER,8,1,1,0.34225828154659421,0.33676131488631483|0.33102370997107838|0.34326596333175274|0.35107969811917178|0.34916072142465332
2,ENROLLMENT_PCA_TRANSFER,8,1,2,0.34225828154659421,0.33676131488631483|0.33102370997107838|0.34326596333175274|0.35107969811917178|0.34916072142465332
2,ENROLLMENT_PCA_TRANSFER,8,1,5,0.34225828154659421,0.33676131488631483|0.33102370997107838|0.34326596333175274|0.35107969811917178|0.34916072142465332
2,ENROLLMENT_PCA_TRANSFER,8,10,0.050000000000000003,0.34316838339284156,0.33536825017088173|0.32717214822477986|0.35725165955429111|0.34882151888730839|0.34722834012694692
2,ENROLLMENT_PCA_TRANSFER,8,10,0.10000000000000001,0.34316838339284156,0.33536825017088173|0.32717214822477986|0.35725165955429111|0.34882151888730839|0.34722834012694692
2,ENROLLMENT_PCA_TRANSFER,8,10,0.20000000000000001,0.34316838339284156,0.33536825017088173|0.32717214822477986|0.35725165955429111|0.34882151888730839|0.34722834012694692
2,ENROLLMENT_PCA_TRANSFER,8,10,0.5,0.34316838339284156,0.33536825017088173|0.32717214822477986|0.35725165955429111|0.34882151888730839|0.34722834012694692
2,ENROLLMENT_PCA_TRANSFER,8,10,1,0.34316838339284156,0.33536825017088173|0.32717214822477986|0.35725165955429111|0.34882151888730839|0.34722834012694692
2,ENROLLMENT_PCA_TRANSFER,8,10,2,0.34316838339284156,0.33536825017088173|0.32717214822477986|0.35725165955429111|0.34882151888730839|0.34722834012694692
2,ENROLLMENT_PCA_TRANSFER,8,10,5,0.34316838339284156,0.33536825017088173|0.32717214822477986|0.35725165955429111|0.34882151888730839|0.34722834012694692
2,ENROLLMENT_PCA_TRANSFER,8,100,0.050000000000000003,0.34479258439765409,0.32627822948546631|0.32521624495308704|0.35362632369211322|0.3756094910700174|0.34323263278758642
2,ENROLLMENT_PCA_TRANSFER,8,100,0.10000000000000001,0.34479258439765409,0.32627822948546631|0.32521624495308704|0.35362632369211322|0.3756094910700174|0.34323263278758642
2,ENROLLMENT_PCA_TRANSFER,8,100,0.20000000000000001,0.34479258439765409,0.32627822948546631|0.32521624495308704|0.35362632369211322|0.3756094910700174|0.34323263278758642
2,ENROLLMENT_PCA_TRANSFER,8,100,0.5,0.34479258439765409,0.32627822948546631|0.32521624495308704|0.35362632369211322|0.3756094910700174|0.34323263278758642
2,ENROLLMENT_PCA_TRANSFER,8,100,1,0.34479258439765409,0.32627822948546631|0.32521624495308704|0.35362632369211322|0.3756094910700174|0.34323263278758642
2,ENROLLMENT_PCA_TRANSFER,8,100,2,0.34479258439765409,0.32627822948546631|0.32521624495308704|0.35362632369211322|0.3756094910700174|0.34323263278758642
2,ENROLLMENT_PCA_TRANSFER,8,100,5,0.34479258439765409,0.32627822948546631|0.32521624495308704|0.35362632369211322|0.3756094910700174|0.34323263278758642
2,ENROLLMENT_PCA_TRANSFER,13,1.0000000000000001e-05,0.050000000000000003,0.34124382702885026,0.33069495182982023|0.33393023919339709|0.33036688003793263|0.35602279911490431|0.3552042649681969
2,ENROLLMENT_PCA_TRANSFER,13,1.0000000000000001e-05,0.10000000000000001,0.34124382702885026,0.33069495182982023|0.33393023919339709|0.33036688003793263|0.35602279911490431|0.3552042649681969
2,ENROLLMENT_PCA_TRANSFER,13,1.0000000000000001e-05,0.20000000000000001,0.34124382702885026,0.33069495182982023|0.33393023919339709|0.33036688003793263|0.35602279911490431|0.3552042649681969
2,ENROLLMENT_PCA_TRANSFER,13,1.0000000000000001e-05,0.5,0.34124382702885026,0.33069495182982023|0.33393023919339709|0.33036688003793263|0.35602279911490431|0.3552042649681969
2,ENROLLMENT_PCA_TRANSFER,13,1.0000000000000001e-05,1,0.34124382702885026,0.33069495182982023|0.33393023919339709|0.33036688003793263|0.35602279911490431|0.3552042649681969
2,ENROLLMENT_PCA_TRANSFER,13,1.0000000000000001e-05,2,0.34124382702885026,0.33069495182982023|0.33393023919339709|0.33036688003793263|0.35602279911490431|0.3552042649681969
2,ENROLLMENT_PCA_TRANSFER,13,1.0000000000000001e-05,5,0.34124382702885026,0.33069495182982023|0.33393023919339709|0.33036688003793263|0.35602279911490431|0.3552042649681969
2,ENROLLMENT_PCA_TRANSFER,13,0.0001,0.050000000000000003,0.34124382702885026,0.33069495182982023|0.33393023919339709|0.33036688003793263|0.35602279911490431|0.3552042649681969
2,ENROLLMENT_PCA_TRANSFER,13,0.0001,0.10000000000000001,0.34124382702885026,0.33069495182982023|0.33393023919339709|0.33036688003793263|0.35602279911490431|0.3552042649681969
2,ENROLLMENT_PCA_TRANSFER,13,0.0001,0.20000000000000001,0.34124382702885026,0.33069495182982023|0.33393023919339709|0.33036688003793263|0.35602279911490431|0.3552042649681969
2,ENROLLMENT_PCA_TRANSFER,13,0.0001,0.5,0.34124382702885026,0.33069495182982023|0.33393023919339709|0.33036688003793263|0.35602279911490431|0.3552042649681969
2,ENROLLMENT_PCA_TRANSFER,13,0.0001,1,0.34124382702885026,0.33069495182982023|0.33393023919339709|0.33036688003793263|0.35602279911490431|0.3552042649681969
2,ENROLLMENT_PCA_TRANSFER,13,0.0001,2,0.34124382702885026,0.33069495182982023|0.33393023919339709|0.33036688003793263|0.35602279911490431|0.3552042649681969
2,ENROLLMENT_PCA_TRANSFER,13,0.0001,5,0.34124382702885026,0.33069495182982023|0.33393023919339709|0.33036688003793263|0.35602279911490431|0.3552042649681969
2,ENROLLMENT_PCA_TRANSFER,13,0.001,0.050000000000000003,0.34124382702885026,0.33069495182982023|0.33393023919339709|0.33036688003793263|0.35602279911490431|0.3552042649681969
2,ENROLLMENT_PCA_TRANSFER,13,0.001,0.10000000000000001,0.34124382702885026,0.33069495182982023|0.33393023919339709|0.33036688003793263|0.35602279911490431|0.3552042649681969
2,ENROLLMENT_PCA_TRANSFER,13,0.001,0.20000000000000001,0.34124382702885026,0.33069495182982023|0.33393023919339709|0.33036688003793263|0.35602279911490431|0.3552042649681969
2,ENROLLMENT_PCA_TRANSFER,13,0.001,0.5,0.34124382702885026,0.33069495182982023|0.33393023919339709|0.33036688003793263|0.35602279911490431|0.3552042649681969
2,ENROLLMENT_PCA_TRANSFER,13,0.001,1,0.34124382702885026,0.33069495182982023|0.33393023919339709|0.33036688003793263|0.35602279911490431|0.3552042649681969
2,ENROLLMENT_PCA_TRANSFER,13,0.001,2,0.34124382702885026,0.33069495182982023|0.33393023919339709|0.33036688003793263|0.35602279911490431|0.3552042649681969
2,ENROLLMENT_PCA_TRANSFER,13,0.001,5,0.34124382702885026,0.33069495182982023|0.33393023919339709|0.33036688003793263|0.35602279911490431|0.3552042649681969
2,ENROLLMENT_PCA_TRANSFER,13,0.01,0.050000000000000003,0.34101231561312828,0.32885130195985462|0.33328276157223519|0.3316826695116169|0.35669847479058003|0.35454637023135477
2,ENROLLMENT_PCA_TRANSFER,13,0.01,0.10000000000000001,0.34101231561312828,0.32885130195985462|0.33328276157223519|0.3316826695116169|0.35669847479058003|0.35454637023135477
2,ENROLLMENT_PCA_TRANSFER,13,0.01,0.20000000000000001,0.34101231561312828,0.32885130195985462|0.33328276157223519|0.3316826695116169|0.35669847479058003|0.35454637023135477
2,ENROLLMENT_PCA_TRANSFER,13,0.01,0.5,0.34101231561312828,0.32885130195985462|0.33328276157223519|0.3316826695116169|0.35669847479058003|0.35454637023135477
2,ENROLLMENT_PCA_TRANSFER,13,0.01,1,0.34101231561312828,0.32885130195985462|0.33328276157223519|0.3316826695116169|0.35669847479058003|0.35454637023135477
2,ENROLLMENT_PCA_TRANSFER,13,0.01,2,0.34101231561312828,0.32885130195985462|0.33328276157223519|0.3316826695116169|0.35669847479058003|0.35454637023135477
2,ENROLLMENT_PCA_TRANSFER,13,0.01,5,0.34101231561312828,0.32885130195985462|0.33328276157223519|0.3316826695116169|0.35669847479058003|0.35454637023135477
2,ENROLLMENT_PCA_TRANSFER,13,0.10000000000000001,0.050000000000000003,0.3414980401197506,0.32812030780780782|0.33386745426219111|0.33230500237079186|0.35733858858858858|0.35585884756937392
2,ENROLLMENT_PCA_TRANSFER,13,0.10000000000000001,0.10000000000000001,0.3414980401197506,0.32812030780780782|0.33386745426219111|0.33230500237079186|0.35733858858858858|0.35585884756937392
2,ENROLLMENT_PCA_TRANSFER,13,0.10000000000000001,0.20000000000000001,0.3414980401197506,0.32812030780780782|0.33386745426219111|0.33230500237079186|0.35733858858858858|0.35585884756937392
2,ENROLLMENT_PCA_TRANSFER,13,0.10000000000000001,0.5,0.3414980401197506,0.32812030780780782|0.33386745426219111|0.33230500237079186|0.35733858858858858|0.35585884756937392
2,ENROLLMENT_PCA_TRANSFER,13,0.10000000000000001,1,0.3414980401197506,0.32812030780780782|0.33386745426219111|0.33230500237079186|0.35733858858858858|0.35585884756937392
2,ENROLLMENT_PCA_TRANSFER,13,0.10000000000000001,2,0.3414980401197506,0.32812030780780782|0.33386745426219111|0.33230500237079186|0.35733858858858858|0.35585884756937392
2,ENROLLMENT_PCA_TRANSFER,13,0.10000000000000001,5,0.3414980401197506,0.32812030780780782|0.33386745426219111|0.33230500237079186|0.35733858858858858|0.35585884756937392
2,ENROLLMENT_PCA_TRANSFER,13,1,0.050000000000000003,0.34294379978919454,0.33614246188259345|0.33514557790873584|0.33563497708234558|0.35653943417101314|0.35125654790128474
2,ENROLLMENT_PCA_TRANSFER,13,1,0.10000000000000001,0.34294379978919454,0.33614246188259345|0.33514557790873584|0.33563497708234558|0.35653943417101314|0.35125654790128474
2,ENROLLMENT_PCA_TRANSFER,13,1,0.20000000000000001,0.34294379978919454,0.33614246188259345|0.33514557790873584|0.33563497708234558|0.35653943417101314|0.35125654790128474
2,ENROLLMENT_PCA_TRANSFER,13,1,0.5,0.34294379978919454,0.33614246188259345|0.33514557790873584|0.33563497708234558|0.35653943417101314|0.35125654790128474
2,ENROLLMENT_PCA_TRANSFER,13,1,1,0.34294379978919454,0.33614246188259345|0.33514557790873584|0.33563497708234558|0.35653943417101314|0.35125654790128474
2,ENROLLMENT_PCA_TRANSFER,13,1,2,0.34294379978919454,0.33614246188259345|0.33514557790873584|0.33563497708234558|0.35653943417101314|0.35125654790128474
2,ENROLLMENT_PCA_TRANSFER,13,1,5,0.34294379978919454,0.33614246188259345|0.33514557790873584|0.33563497708234558|0.35653943417101314|0.35125654790128474
2,ENROLLMENT_PCA_TRANSFER,13,10,0.050000000000000003,0.34422953294857328,0.33350566475566479|0.32780435938330671|0.35787399241346607|0.35015508929982614|0.35180855889060225
2,ENROLLMENT_PCA_TRANSFER,13,10,0.10000000000000001,0.34422953294857328,0.33350566475566479|0.32780435938330671|0.35787399241346607|0.35015508929982614|0.35180855889060225
2,ENROLLMENT_PCA_TRANSFER,13,10,0.20000000000000001,0.34422953294857328,0.33350566475566479|0.32780435938330671|0.35787399241346607|0.35015508929982614|0.35180855889060225
2,ENROLLMENT_PCA_TRANSFER,13,10,0.5,0.34422953294857328,0.33350566475566479|0.32780435938330671|0.35787399241346607|0.35015508929982614|0.35180855889060225
2,ENROLLMENT_PCA_TRANSFER,13,10,1,0.34422953294857328,0.33350566475566479|0.32780435938330671|0.35787399241346607|0.35015508929982614|0.35180855889060225
2,ENROLLMENT_PCA_TRANSFER,13,10,2,0.34422953294857328,0.33350566475566479|0.32780435938330671|0.35787399241346607|0.35015508929982614|0.35180855889060225
2,ENROLLMENT_PCA_TRANSFER,13,10,5,0.34422953294857328,0.33350566475566479|0.32780435938330671|0.35787399241346607|0.35015508929982614|0.35180855889060225
2,ENROLLMENT_PCA_TRANSFER,13,100,0.050000000000000003,0.34492008630147175,0.32689248009971689|0.32461815882868511|0.35362632369211322|0.37557294136241504|0.34389052752442845
2,ENROLLMENT_PCA_TRANSFER,13,100,0.10000000000000001,0.34492008630147175,0.32689248009971689|0.32461815882868511|0.35362632369211322|0.37557294136241504|0.34389052752442845
2,ENROLLMENT_PCA_TRANSFER,13,100,0.20000000000000001,0.34492008630147175,0.32689248009971689|0.32461815882868511|0.35362632369211322|0.37557294136241504|0.34389052752442845
2,ENROLLMENT_PCA_TRANSFER,13,100,0.5,0.34492008630147175,0.32689248009971689|0.32461815882868511|0.35362632369211322|0.37557294136241504|0.34389052752442845
2,ENROLLMENT_PCA_TRANSFER,13,100,1,0.34492008630147175,0.32689248009971689|0.32461815882868511|0.35362632369211322|0.37557294136241504|0.34389052752442845
2,ENROLLMENT_PCA_TRANSFER,13,100,2,0.34492008630147175,0.32689248009971689|0.32461815882868511|0.35362632369211322|0.37557294136241504|0.34389052752442845
2,ENROLLMENT_PCA_TRANSFER,13,100,5,0.34492008630147175,0.32689248009971689|0.32461815882868511|0.35362632369211322|0.37557294136241504|0.34389052752442845
2,FULL_RIDGE_TRANSFER,51,1.0000000000000001e-05,0.050000000000000003,0.33664364293176213,0.32541978602833865|0.33746351443719863|0.3320758258258259|0.33906274695748378|0.3491963414099637
2,FULL_RIDGE_TRANSFER,51,1.0000000000000001e-05,0.10000000000000001,0.33664364293176213,0.32541978602833865|0.33746351443719863|0.3320758258258259|0.33906274695748378|0.3491963414099637
2,FULL_RIDGE_TRANSFER,51,1.0000000000000001e-05,0.20000000000000001,0.33664364293176213,0.32541978602833865|0.33746351443719863|0.3320758258258259|0.33906274695748378|0.3491963414099637
2,FULL_RIDGE_TRANSFER,51,1.0000000000000001e-05,0.5,0.33664364293176213,0.32541978602833865|0.33746351443719863|0.3320758258258259|0.33906274695748378|0.3491963414099637
2,FULL_RIDGE_TRANSFER,51,1.0000000000000001e-05,1,0.33664364293176213,0.32541978602833865|0.33746351443719863|0.3320758258258259|0.33906274695748378|0.3491963414099637
2,FULL_RIDGE_TRANSFER,51,1.0000000000000001e-05,2,0.33664364293176213,0.32541978602833865|0.33746351443719863|0.3320758258258259|0.33906274695748378|0.3491963414099637
2,FULL_RIDGE_TRANSFER,51,1.0000000000000001e-05,5,0.33664364293176213,0.32541978602833865|0.33746351443719863|0.3320758258258259|0.33906274695748378|0.3491963414099637
2,FULL_RIDGE_TRANSFER,51,0.0001,0.050000000000000003,0.33664364293176213,0.32541978602833865|0.33746351443719863|0.3320758258258259|0.33906274695748378|0.3491963414099637
2,FULL_RIDGE_TRANSFER,51,0.0001,0.10000000000000001,0.33664364293176213,0.32541978602833865|0.33746351443719863|0.3320758258258259|0.33906274695748378|0.3491963414099637
2,FULL_RIDGE_TRANSFER,51,0.0001,0.20000000000000001,0.33664364293176213,0.32541978602833865|0.33746351443719863|0.3320758258258259|0.33906274695748378|0.3491963414099637
2,FULL_RIDGE_TRANSFER,51,0.0001,0.5,0.33664364293176213,0.32541978602833865|0.33746351443719863|0.3320758258258259|0.33906274695748378|0.3491963414099637
2,FULL_RIDGE_TRANSFER,51,0.0001,1,0.33664364293176213,0.32541978602833865|0.33746351443719863|0.3320758258258259|0.33906274695748378|0.3491963414099637
2,FULL_RIDGE_TRANSFER,51,0.0001,2,0.33664364293176213,0.32541978602833865|0.33746351443719863|0.3320758258258259|0.33906274695748378|0.3491963414099637
2,FULL_RIDGE_TRANSFER,51,0.0001,5,0.33664364293176213,0.32541978602833865|0.33746351443719863|0.3320758258258259|0.33906274695748378|0.3491963414099637
2,FULL_RIDGE_TRANSFER,51,0.001,0.050000000000000003,0.33663168120927411,0.32541978602833865|0.33806160056160056|0.33141793108898376|0.33906274695748378|0.3491963414099637
2,FULL_RIDGE_TRANSFER,51,0.001,0.10000000000000001,0.33663168120927411,0.32541978602833865|0.33806160056160056|0.33141793108898376|0.33906274695748378|0.3491963414099637
2,FULL_RIDGE_TRANSFER,51,0.001,0.20000000000000001,0.33663168120927411,0.32541978602833865|0.33806160056160056|0.33141793108898376|0.33906274695748378|0.3491963414099637
2,FULL_RIDGE_TRANSFER,51,0.001,0.5,0.33663168120927411,0.32541978602833865|0.33806160056160056|0.33141793108898376|0.33906274695748378|0.3491963414099637
2,FULL_RIDGE_TRANSFER,51,0.001,1,0.33663168120927411,0.32541978602833865|0.33806160056160056|0.33141793108898376|0.33906274695748378|0.3491963414099637
2,FULL_RIDGE_TRANSFER,51,0.001,2,0.33663168120927411,0.32541978602833865|0.33806160056160056|0.33141793108898376|0.33906274695748378|0.3491963414099637
2,FULL_RIDGE_TRANSFER,51,0.001,5,0.33663168120927411,0.32541978602833865|0.33806160056160056|0.33141793108898376|0.33906274695748378|0.3491963414099637
2,FULL_RIDGE_TRANSFER,51,0.01,0.050000000000000003,0.33730390954713713,0.32595141813891809|0.33621795069163496|0.33410285285285285|0.33972064169432592|0.3505266843579537
2,FULL_RIDGE_TRANSFER,51,0.01,0.10000000000000001,0.33730390954713713,0.32595141813891809|0.33621795069163496|0.33410285285285285|0.33972064169432592|0.3505266843579537
2,FULL_RIDGE_TRANSFER,51,0.01,0.20000000000000001,0.33730390954713713,0.32595141813891809|0.33621795069163496|0.33410285285285285|0.33972064169432592|0.3505266843579537
2,FULL_RIDGE_TRANSFER,51,0.01,0.5,0.33730390954713713,0.32595141813891809|0.33621795069163496|0.33410285285285285|0.33972064169432592|0.3505266843579537
2,FULL_RIDGE_TRANSFER,51,0.01,1,0.33730390954713713,0.32595141813891809|0.33621795069163496|0.33410285285285285|0.33972064169432592|0.3505266843579537
2,FULL_RIDGE_TRANSFER,51,0.01,2,0.33730390954713713,0.32595141813891809|0.33621795069163496|0.33410285285285285|0.33972064169432592|0.3505266843579537
2,FULL_RIDGE_TRANSFER,51,0.01,5,0.33730390954713713,0.32595141813891809|0.33621795069163496|0.33410285285285285|0.33972064169432592|0.3505266843579537
2,FULL_RIDGE_TRANSFER,51,0.10000000000000001,0.050000000000000003,0.33871068668533838,0.32947355784526838|0.34166717982507461|0.33355460723881775|0.34162221431958273|0.34723587419794855
2,FULL_RIDGE_TRANSFER,51,0.10000000000000001,0.10000000000000001,0.33871068668533838,0.32947355784526838|0.34166717982507461|0.33355460723881775|0.34162221431958273|0.34723587419794855
2,FULL_RIDGE_TRANSFER,51,0.10000000000000001,0.20000000000000001,0.33871068668533838,0.32947355784526838|0.34166717982507461|0.33355460723881775|0.34162221431958273|0.34723587419794855
2,FULL_RIDGE_TRANSFER,51,0.10000000000000001,0.5,0.33871068668533838,0.32947355784526838|0.34166717982507461|0.33355460723881775|0.34162221431958273|0.34723587419794855
2,FULL_RIDGE_TRANSFER,51,0.10000000000000001,1,0.33871068668533838,0.32947355784526838|0.34166717982507461|0.33355460723881775|0.34162221431958273|0.34723587419794855
2,FULL_RIDGE_TRANSFER,51,0.10000000000000001,2,0.33871068668533838,0.32947355784526838|0.34166717982507461|0.33355460723881775|0.34162221431958273|0.34723587419794855
2,FULL_RIDGE_TRANSFER,51,0.10000000000000001,5,0.33871068668533838,0.32947355784526838|0.34166717982507461|0.33355460723881775|0.34162221431958273|0.34723587419794855
2,FULL_RIDGE_TRANSFER,51,1,0.050000000000000003,0.3396156262636526,0.33673336378928487|0.32720237325500484|0.34171111901375062|0.34336474632527264|0.34906652893494999
2,FULL_RIDGE_TRANSFER,51,1,0.10000000000000001,0.3396156262636526,0.33673336378928487|0.32720237325500484|0.34171111901375062|0.34336474632527264|0.34906652893494999
2,FULL_RIDGE_TRANSFER,51,1,0.20000000000000001,0.3396156262636526,0.33673336378928487|0.32720237325500484|0.34171111901375062|0.34336474632527264|0.34906652893494999
2,FULL_RIDGE_TRANSFER,51,1,0.5,0.3396156262636526,0.33673336378928487|0.32720237325500484|0.34171111901375062|0.34336474632527264|0.34906652893494999
2,FULL_RIDGE_TRANSFER,51,1,1,0.3396156262636526,0.33673336378928487|0.32720237325500484|0.34171111901375062|0.34336474632527264|0.34906652893494999
2,FULL_RIDGE_TRANSFER,51,1,2,0.3396156262636526,0.33673336378928487|0.32720237325500484|0.34171111901375062|0.34336474632527264|0.34906652893494999
2,FULL_RIDGE_TRANSFER,51,1,5,0.3396156262636526,0.33673336378928487|0.32720237325500484|0.34171111901375062|0.34336474632527264|0.34906652893494999
2,FULL_RIDGE_TRANSFER,51,10,0.050000000000000003,0.34553780997182704,0.33607757941639521|0.32841950802477116|0.3584953374427059|0.35225422791212263|0.35244239706314012
2,FULL_RIDGE_TRANSFER,51,10,0.10000000000000001,0.34553780997182704,0.33607757941639521|0.32841950802477116|0.3584953374427059|0.35225422791212263|0.35244239706314012
2,FULL_RIDGE_TRANSFER,51,10,0.20000000000000001,0.34553780997182704,0.33607757941639521|0.32841950802477116|0.3584953374427059|0.35225422791212263|0.35244239706314012
2,FULL_RIDGE_TRANSFER,51,10,0.5,0.34553780997182704,0.33607757941639521|0.32841950802477116|0.3584953374427059|0.35225422791212263|0.35244239706314012
2,FULL_RIDGE_TRANSFER,51,10,1,0.34553780997182704,0.33607757941639521|0.32841950802477116|0.3584953374427059|0.35225422791212263|0.35244239706314012
2,FULL_RIDGE_TRANSFER,51,10,2,0.34553780997182704,0.33607757941639521|0.32841950802477116|0.3584953374427059|0.35225422791212263|0.35244239706314012
2,FULL_RIDGE_TRANSFER,51,10,5,0.34553780997182704,0.33607757941639521|0.32841950802477116|0.3584953374427059|0.35225422791212263|0.35244239706314012
2,FULL_RIDGE_TRANSFER,51,100,0.050000000000000003,0.34557668787912599,0.32749056622411882|0.32461815882868511|0.35495989410463097|0.37624861703809065|0.34456620320010412
2,FULL_RIDGE_TRANSFER,51,100,0.10000000000000001,0.34557668787912599,0.32749056622411882|0.32461815882868511|0.35495989410463097|0.37624861703809065|0.34456620320010412
2,FULL_RIDGE_TRANSFER,51,100,0.20000000000000001,0.34557668787912599,0.32749056622411882|0.32461815882868511|0.35495989410463097|0.37624861703809065|0.34456620320010412
2,FULL_RIDGE_TRANSFER,51,100,0.5,0.34557668787912599,0.32749056622411882|0.32461815882868511|0.35495989410463097|0.37624861703809065|0.34456620320010412
2,FULL_RIDGE_TRANSFER,51,100,1,0.34557668787912599,0.32749056622411882|0.32461815882868511|0.35495989410463097|0.37624861703809065|0.34456620320010412
2,FULL_RIDGE_TRANSFER,51,100,2,0.34557668787912599,0.32749056622411882|0.32461815882868511|0.35495989410463097|0.37624861703809065|0.34456620320010412
2,FULL_RIDGE_TRANSFER,51,100,5,0.34557668787912599,0.32749056622411882|0.32461815882868511|0.35495989410463097|0.37624861703809065|0.34456620320010412
3,LRCM,1,1.0000000000000001e-05,0.050000000000000003,0.329040590516887,0.31700055318476367|0.3444237763858507|0.31187902187902189|0.34223727315832581|0.32966232797647271
3,LRCM,1,1.0000000000000001e-05,0.10000000000000001,0.329040590516887,0.31700055318476367|0.3444237763858507|0.31187902187902189|0.34223727315832581|0.32966232797647271
3,LRCM,1,1.0000000000000001e-05,0.20000000000000001,0.329040590516887,0.31700055318476367|0.3444237763858507|0.31187902187902189|0.34223727315832581|0.32966232797647271
3,LRCM,1,1.0000000000000001e-05,0.5,0.329040590516887,0.31700055318476367|0.3444237763858507|0.31187902187902189|0.34223727315832581|0.32966232797647271
3,LRCM,1,1.0000000000000001e-05,1,0.329040590516887,0.31700055318476367|0.3444237763858507|0.31187902187902189|0.34223727315832581|0.32966232797647271
3,LRCM,1,1.0000000000000001e-05,2,0.329040590516887,0.31700055318476367|0.3444237763858507|0.31187902187902189|0.34223727315832581|0.32966232797647271
3,LRCM,1,1.0000000000000001e-05,5,0.329040590516887,0.31700055318476367|0.3444237763858507|0.31187902187902189|0.34223727315832581|0.32966232797647271
3,LRCM,1,0.0001,0.050000000000000003,0.329040590516887,0.31700055318476367|0.3444237763858507|0.31187902187902189|0.34223727315832581|0.32966232797647271
3,LRCM,1,0.0001,0.10000000000000001,0.329040590516887,0.31700055318476367|0.3444237763858507|0.31187902187902189|0.34223727315832581|0.32966232797647271
3,LRCM,1,0.0001,0.20000000000000001,0.329040590516887,0.31700055318476367|0.3444237763858507|0.31187902187902189|0.34223727315832581|0.32966232797647271
3,LRCM,1,0.0001,0.5,0.329040590516887,0.31700055318476367|0.3444237763858507|0.31187902187902189|0.34223727315832581|0.32966232797647271
3,LRCM,1,0.0001,1,0.329040590516887,0.31700055318476367|0.3444237763858507|0.31187902187902189|0.34223727315832581|0.32966232797647271
3,LRCM,1,0.0001,2,0.329040590516887,0.31700055318476367|0.3444237763858507|0.31187902187902189|0.34223727315832581|0.32966232797647271
3,LRCM,1,0.0001,5,0.329040590516887,0.31700055318476367|0.3444237763858507|0.31187902187902189|0.34223727315832581|0.32966232797647271
3,LRCM,1,0.001,0.050000000000000003,0.32890545538175181,0.31700055318476367|0.34374810071017498|0.31187902187902189|0.34223727315832581|0.32966232797647271
3,LRCM,1,0.001,0.10000000000000001,0.32890545538175181,0.31700055318476367|0.34374810071017498|0.31187902187902189|0.34223727315832581|0.32966232797647271
3,LRCM,1,0.001,0.20000000000000001,0.32890545538175181,0.31700055318476367|0.34374810071017498|0.31187902187902189|0.34223727315832581|0.32966232797647271
3,LRCM,1,0.001,0.5,0.32890545538175181,0.31700055318476367|0.34374810071017498|0.31187902187902189|0.34223727315832581|0.32966232797647271
3,LRCM,1,0.001,1,0.32890545538175181,0.31700055318476367|0.34374810071017498|0.31187902187902189|0.34223727315832581|0.32966232797647271
3,LRCM,1,0.001,2,0.32890545538175181,0.31700055318476367|0.34374810071017498|0.31187902187902189|0.34223727315832581|0.32966232797647271
3,LRCM,1,0.001,5,0.32890545538175181,0.31700055318476367|0.34374810071017498|0.31187902187902189|0.34223727315832581|0.32966232797647271
3,LRCM,1,0.01,0.050000000000000003,0.330599636575933,0.31767622886043939|0.34506389018385919|0.31321259229153964|0.3446951736425421|0.33235029790128479
3,LRCM,1,0.01,0.10000000000000001,0.330599636575933,0.31767622886043939|0.34506389018385919|0.31321259229153964|0.3446951736425421|0.33235029790128479
3,LRCM,1,0.01,0.20000000000000001,0.330599636575933,0.31767622886043939|0.34506389018385919|0.31321259229153964|0.3446951736425421|0.33235029790128479
3,LRCM,1,0.01,0.5,0.330599636575933,0.31767622886043939|0.34506389018385919|0.31321259229153964|0.3446951736425421|0.33235029790128479
3,LRCM,1,0.01,1,0.330599636575933,0.31767622886043939|0.34506389018385919|0.31321259229153964|0.3446951736425421|0.33235029790128479
3,LRCM,1,0.01,2,0.330599636575933,0.31767622886043939|0.34506389018385919|0.31321259229153964|0.3446951736425421|0.33235029790128479
3,LRCM,1,0.01,5,0.330599636575933,0.31767622886043939|0.34506389018385919|0.31321259229153964|0.3446951736425421|0.33235029790128479
3,LRCM,1,0.10000000000000001,0.050000000000000003,0.33355255069989975,0.32978406037616564|0.34711067380959026|0.31719552259025946|0.34472750262223945|0.32894499410124406
3,LRCM,1,0.10000000000000001,0.10000000000000001,0.33355255069989975,0.32978406037616564|0.34711067380959026|0.31719552259025946|0.34472750262223945|0.32894499410124406
3,LRCM,1,0.10000000000000001,0.20000000000000001,0.33355255069989975,0.32978406037616564|0.34711067380959026|0.31719552259025946|0.34472750262223945|0.32894499410124406
3,LRCM,1,0.10000000000000001,0.5,0.33355255069989975,0.32978406037616564|0.34711067380959026|0.31719552259025946|0.34472750262223945|0.32894499410124406
3,LRCM,1,0.10000000000000001,1,0.33355255069989975,0.32978406037616564|0.34711067380959026|0.31719552259025946|0.34472750262223945|0.32894499410124406
3,LRCM,1,0.10000000000000001,2,0.33355255069989975,0.32978406037616564|0.34711067380959026|0.31719552259025946|0.34472750262223945|0.32894499410124406
3,LRCM,1,0.10000000000000001,5,0.33355255069989975,0.32978406037616564|0.34711067380959026|0.31719552259025946|0.34472750262223945|0.32894499410124406
3,LRCM,1,1,0.050000000000000003,0.33220722228878186,0.33108305674095145|0.34267128140967151|0.31328066788593106|0.34807624610256188|0.32592485930479353
3,LRCM,1,1,0.10000000000000001,0.33220722228878186,0.33108305674095145|0.34267128140967151|0.31328066788593106|0.34807624610256188|0.32592485930479353
3,LRCM,1,1,0.20000000000000001,0.33220722228878186,0.33108305674095145|0.34267128140967151|0.31328066788593106|0.34807624610256188|0.32592485930479353
3,LRCM,1,1,0.5,0.33220722228878186,0.33108305674095145|0.34267128140967151|0.31328066788593106|0.34807624610256188|0.32592485930479353
3,LRCM,1,1,1,0.33220722228878186,0.33108305674095145|0.34267128140967151|0.31328066788593106|0.34807624610256188|0.32592485930479353
3,LRCM,1,1,2,0.33220722228878186,0.33108305674095145|0.34267128140967151|0.31328066788593106|0.34807624610256188|0.32592485930479353
3,LRCM,1,1,5,0.33220722228878186,0.33108305674095145|0.34267128140967151|0.31328066788593106|0.34807624610256188|0.32592485930479353
3,LRCM,1,10,0.050000000000000003,0.33503788039904525,0.33312885253674729|0.33904388521648587|0.31109468491047437|0.34709919249392934|0.34482278683758943
3,LRCM,1,10,0.10000000000000001,0.33503788039904525,0.33312885253674729|0.33904388521648587|0.31109468491047437|0.34709919249392934|0.34482278683758943
3,LRCM,1,10,0.20000000000000001,0.33503788039904525,0.33312885253674729|0.33904388521648587|0.31109468491047437|0.34709919249392934|0.34482278683758943
3,LRCM,1,10,0.5,0.33503788039904525,0.33312885253674729|0.33904388521648587|0.31109468491047437|0.34709919249392934|0.34482278683758943
3,LRCM,1,10,1,0.33503788039904525,0.33312885253674729|0.33904388521648587|0.31109468491047437|0.34709919249392934|0.34482278683758943
3,LRCM,1,10,2,0.33503788039904525,0.33312885253674729|0.33904388521648587|0.31109468491047437|0.34709919249392934|0.34482278683758943
3,LRCM,1,10,5,0.33503788039904525,0.33312885253674729|0.33904388521648587|0.31109468491047437|0.34709919249392934|0.34482278683758943
3,LRCM,1,100,0.050000000000000003,0.33448491013554865,0.33718290659080136|0.34101666626821425|0.31235811939759311|0.34495560153454896|0.33691125688658585
3,LRCM,1,100,0.10000000000000001,0.33448491013554865,0.33718290659080136|0.34101666626821425|0.31235811939759311|0.34495560153454896|0.33691125688658585
3,LRCM,1,100,0.20000000000000001,0.33448491013554865,0.33718290659080136|0.34101666626821425|0.31235811939759311|0.34495560153454896|0.33691125688658585
3,LRCM,1,100,0.5,0.33448491013554865,0.33718290659080136|0.34101666626821425|0.31235811939759311|0.34495560153454896|0.33691125688658585
3,LRCM,1,100,1,0.33448491013554865,0.33718290659080136|0.34101666626821425|0.31235811939759311|0.34495560153454896|0.33691125688658585
3,LRCM,1,100,2,0.33448491013554865,0.33718290659080136|0.34101666626821425|0.31235811939759311|0.34495560153454896|0.33691125688658585
3,LRCM,1,100,5,0.33448491013554865,0.33718290659080136|0.34101666626821425|0.31235811939759311|0.34495560153454896|0.33691125688658585
3,LRCM,2,1.0000000000000001e-05,0.050000000000000003,0.33303724638428589,0.32094298245614039|0.34466283953126059|0.31531469439364179|0.34615267181056664|0.33811304372981998
3,LRCM,2,1.0000000000000001e-05,0.10000000000000001,0.33303724638428589,0.32094298245614039|0.34466283953126059|0.31531469439364179|0.34615267181056664|0.33811304372981998
3,LRCM,2,1.0000000000000001e-05,0.20000000000000001,0.33303724638428589,0.32094298245614039|0.34466283953126059|0.31531469439364179|0.34615267181056664|0.33811304372981998
3,LRCM,2,1.0000000000000001e-05,0.5,0.33303724638428589,0.32094298245614039|0.34466283953126059|0.31531469439364179|0.34615267181056664|0.33811304372981998
3,LRCM,2,1.0000000000000001e-05,1,0.33303724638428589,0.32094298245614039|0.34466283953126059|0.31531469439364179|0.34615267181056664|0.33811304372981998
3,LRCM,2,1.0000000000000001e-05,2,0.33303724638428589,0.32094298245614039|0.34466283953126059|0.31531469439364179|0.34615267181056664|0.33811304372981998
3,LRCM,2,1.0000000000000001e-05,5,0.33303724638428589,0.32094298245614039|0.34466283953126059|0.31531469439364179|0.34615267181056664|0.33811304372981998
3,LRCM,2,0.0001,0.050000000000000003,0.33303724638428589,0.32094298245614039|0.34466283953126059|0.31531469439364179|0.34615267181056664|0.33811304372981998
3,LRCM,2,0.0001,0.10000000000000001,0.33303724638428589,0.32094298245614039|0.34466283953126059|0.31531469439364179|0.34615267181056664|0.33811304372981998
3,LRCM,2,0.0001,0.20000000000000001,0.33303724638428589,0.32094298245614039|0.34466283953126059|0.31531469439364179|0.34615267181056664|0.33811304372981998
3,LRCM,2,0.0001,0.5,0.33303724638428589,0.32094298245614039|0.34466283953126059|0.31531469439364179|0.34615267181056664|0.33811304372981998
3,LRCM,2,0.0001,1,0.33303724638428589,0.32094298245614039|0.34466283953126059|0.31531469439364179|0.34615267181056664|0.33811304372981998
3,LRCM,2,0.0001,2,0.33303724638428589,0.32094298245614039|0.34466283953126059|0.31531469439364179|0.34615267181056664|0.33811304372981998
3,LRCM,2,0.0001,5,0.33303724638428589,0.32094298245614039|0.34466283953126059|0.31531469439364179|0.34615267181056664|0.33811304372981998
3,LRCM,2,0.001,0.050000000000000003,0.33289370571442933,0.32094298245614039|0.34400494479441845|0.31465679965679966|0.34675075793496846|0.33811304372981998
3,LRCM,2,0.001,0.10000000000000001,0.33289370571442933,0.32094298245614039|0.34400494479441845|0.31465679965679966|0.34675075793496846|0.33811304372981998
3,LRCM,2,0.001,0.20000000000000001,0.33289370571442933,0.32094298245614039|0.34400494479441845|0.31465679965679966|0.34675075793496846|0.33811304372981998
3,LRCM,2,0.001,0.5,0.33289370571442933,0.32094298245614039|0.34400494479441845|0.31465679965679966|0.34675075793496846|0.33811304372981998
3,LRCM,2,0.001,1,0.33289370571442933,0.32094298245614039|0.34400494479441845|0.31465679965679966|0.34675075793496846|0.33811304372981998
3,LRCM,2,0.001,2,0.33289370571442933,0.32094298245614039|0.34400494479441845|0.31465679965679966|0.34675075793496846|0.33811304372981998
3,LRCM,2,0.001,5,0.33289370571442933,0.32094298245614039|0.34400494479441845|0.31465679965679966|0.34675075793496846|0.33811304372981998
3,LRCM,2,0.01,0.050000000000000003,0.33237540032770296,0.32099632527264105|0.34331050034997401|0.31465679965679971|0.34615267181056664|0.33676070454853352
3,LRCM,2,0.01,0.10000000000000001,0.33237540032770296,0.32099632527264105|0.34331050034997401|0.31465679965679971|0.34615267181056664|0.33676070454853352
3,LRCM,2,0.01,0.20000000000000001,0.33237540032770296,0.32099632527264105|0.34331050034997401|0.31465679965679971|0.34615267181056664|0.33676070454853352
3,LRCM,2,0.01,0.5,0.33237540032770296,0.32099632527264105|0.34331050034997401|0.31465679965679971|0.34615267181056664|0.33676070454853352
3,LRCM,2,0.01,1,0.33237540032770296,0.32099632527264105|0.34331050034997401|0.31465679965679971|0.34615267181056664|0.33676070454853352
3,LRCM,2,0.01,2,0.33237540032770296,0.32099632527264105|0.34331050034997401|0.31465679965679971|0.34615267181056664|0.33676070454853352
3,LRCM,2,0.01,5,0.33237540032770296,0.32099632527264105|0.34331050034997401|0.31465679965679971|0.34615267181056664|0.33676070454853352
3,LRCM,2,0.10000000000000001,0.050000000000000003,0.33511749159069204,0.33438537221431958|0.34674096974019569|0.3167559382690962|0.34684774487406062|0.33085743285578811
3,LRCM,2,0.10000000000000001,0.10000000000000001,0.33511749159069204,0.33438537221431958|0.34674096974019569|0.3167559382690962|0.34684774487406062|0.33085743285578811
3,LRCM,2,0.10000000000000001,0.20000000000000001,0.33511749159069204,0.33438537221431958|0.34674096974019569|0.3167559382690962|0.34684774487406062|0.33085743285578811
3,LRCM,2,0.10000000000000001,0.5,0.33511749159069204,0.33438537221431958|0.34674096974019569|0.3167559382690962|0.34684774487406062|0.33085743285578811
3,LRCM,2,0.10000000000000001,1,0.33511749159069204,0.33438537221431958|0.34674096974019569|0.3167559382690962|0.34684774487406062|0.33085743285578811
3,LRCM,2,0.10000000000000001,2,0.33511749159069204,0.33438537221431958|0.34674096974019569|0.3167559382690962|0.34684774487406062|0.33085743285578811
3,LRCM,2,0.10000000000000001,5,0.33511749159069204,0.33438537221431958|0.34674096974019569|0.3167559382690962|0.34684774487406062|0.33085743285578811
3,LRCM,2,1,0.050000000000000003,0.33433489981351827,0.32565394341710135|0.34923666147350363|0.31886783399941299|0.34609789215052378|0.33181816802704961
3,LRCM,2,1,0.10000000000000001,0.33433489981351827,0.32565394341710135|0.34923666147350363|0.31886783399941299|0.34609789215052378|0.33181816802704961
3,LRCM,2,1,0.20000000000000001,0.33433489981351827,0.32565394341710135|0.34923666147350363|0.31886783399941299|0.34609789215052378|0.33181816802704961
3,LRCM,2,1,0.5,0.33433489981351827,0.32565394341710135|0.34923666147350363|0.31886783399941299|0.34609789215052378|0.33181816802704961
3,LRCM,2,1,1,0.33433489981351827,0.32565394341710135|0.34923666147350363|0.31886783399941299|0.34609789215052378|0.33181816802704961
3,LRCM,2,1,2,0.33433489981351827,0.32565394341710135|0.34923666147350363|0.31886783399941299|0.34609789215052378|0.33181816802704961
3,LRCM,2,1,5,0.33433489981351827,0.32565394341710135|0.34923666147350363|0.31886783399941299|0.34609789215052378|0.33181816802704961
3,LRCM,2,10,0.050000000000000003,0.33866584873366995,0.33656254939149671|0.35017202020684995|0.31329853349590192|0.34785892351681824|0.34543721705728292
3,LRCM,2,10,0.10000000000000001,0.33866584873366995,0.33656254939149671|0.35017202020684995|0.31329853349590192|0.34785892351681824|0.34543721705728292
3,LRCM,2,10,0.20000000000000001,0.33866584873366995,0.33656254939149671|0.35017202020684995|0.31329853349590192|0.34785892351681824|0.34543721705728292
3,LRCM,2,10,0.5,0.33866584873366995,0.33656254939149671|0.35017202020684995|0.31329853349590192|0.34785892351681824|0.34543721705728292
3,LRCM,2,10,1,0.33866584873366995,0.33656254939149671|0.35017202020684995|0.31329853349590192|0.34785892351681824|0.34543721705728292
3,LRCM,2,10,2,0.33866584873366995,0.33656254939149671|0.35017202020684995|0.31329853349590192|0.34785892351681824|0.34543721705728292
3,LRCM,2,10,5,0.33866584873366995,0.33656254939149671|0.35017202020684995|0.31329853349590192|0.34785892351681824|0.34543721705728292
3,LRCM,2,100,0.050000000000000003,0.33360042619843322,0.33446242294926509|0.34371829646984442|0.31043777800356753|0.3430769286032444|0.33630670496624443
3,LRCM,2,100,0.10000000000000001,0.33360042619843322,0.33446242294926509|0.34371829646984442|0.31043777800356753|0.3430769286032444|0.33630670496624443
3,LRCM,2,100,0.20000000000000001,0.33360042619843322,0.33446242294926509|0.34371829646984442|0.31043777800356753|0.3430769286032444|0.33630670496624443
3,LRCM,2,100,0.5,0.33360042619843322,0.33446242294926509|0.34371829646984442|0.31043777800356753|0.3430769286032444|0.33630670496624443
3,LRCM,2,100,1,0.33360042619843322,0.33446242294926509|0.34371829646984442|0.31043777800356753|0.3430769286032444|0.33630670496624443
3,LRCM,2,100,2,0.33360042619843322,0.33446242294926509|0.34371829646984442|0.31043777800356753|0.3430769286032444|0.33630670496624443
3,LRCM,2,100,5,0.33360042619843322,0.33446242294926509|0.34371829646984442|0.31043777800356753|0.3430769286032444|0.33630670496624443
3,LRCM,3,1.0000000000000001e-05,0.050000000000000003,0.33208625467245823,0.34151454085664612|0.35260240392980335|0.30677481993271472|0.34273567826199403|0.31680383038113302
3,LRCM,3,1.0000000000000001e-05,0.10000000000000001,0.33208625467245823,0.34151454085664612|0.35260240392980335|0.30677481993271472|0.34273567826199403|0.31680383038113302
3,LRCM,3,1.0000000000000001e-05,0.20000000000000001,0.33208625467245823,0.34151454085664612|0.35260240392980335|0.30677481993271472|0.34273567826199403|0.31680383038113302
3,LRCM,3,1.0000000000000001e-05,0.5,0.33208625467245823,0.34151454085664612|0.35260240392980335|0.30677481993271472|0.34273567826199403|0.31680383038113302
3,LRCM,3,1.0000000000000001e-05,1,0.33208625467245823,0.34151454085664612|0.35260240392980335|0.30677481993271472|0.34273567826199403|0.31680383038113302
3,LRCM,3,1.0000000000000001e-05,2,0.33208625467245823,0.34151454085664612|0.35260240392980335|0.30677481993271472|0.34273567826199403|0.31680383038113302
3,LRCM,3,1.0000000000000001e-05,5,0.33208625467245823,0.34151454085664612|0.35260240392980335|0.30677481993271472|0.34273567826199403|0.31680383038113302
3,LRCM,3,0.0001,0.050000000000000003,0.33195111953732309,0.34151454085664612|0.35260240392980335|0.30677481993271472|0.34273567826199403|0.31612815470545735
3,LRCM,3,0.0001,0.10000000000000001,0.33195111953732309,0.34151454085664612|0.35260240392980335|0.30677481993271472|0.34273567826199403|0.31612815470545735
3,LRCM,3,0.0001,0.20000000000000001,0.33195111953732309,0.34151454085664612|0.35260240392980335|0.30677481993271472|0.34273567826199403|0.31612815470545735
3,LRCM,3,0.0001,0.5,0.33195111953732309,0.34151454085664612|0.35260240392980335|0.30677481993271472|0.34273567826199403|0.31612815470545735
3,LRCM,3,0.0001,1,0.33195111953732309,0.34151454085664612|0.35260240392980335|0.30677481993271472|0.34273567826199403|0.31612815470545735
3,LRCM,3,0.0001,2,0.33195111953732309,0.34151454085664612|0.35260240392980335|0.30677481993271472|0.34273567826199403|0.31612815470545735
3,LRCM,3,0.0001,5,0.33195111953732309,0.34151454085664612|0.35260240392980335|0.30677481993271472|0.34273567826199403|0.31612815470545735
3,LRCM,3,0.001,0.050000000000000003,0.33195111953732309,0.34083886518097045|0.35327807960547902|0.30677481993271472|0.34273567826199403|0.31612815470545735
3,LRCM,3,0.001,0.10000000000000001,0.33195111953732309,0.34083886518097045|0.35327807960547902|0.30677481993271472|0.34273567826199403|0.31612815470545735
3,LRCM,3,0.001,0.20000000000000001,0.33195111953732309,0.34083886518097045|0.35327807960547902|0.30677481993271472|0.34273567826199403|0.31612815470545735
3,LRCM,3,0.001,0.5,0.33195111953732309,0.34083886518097045|0.35327807960547902|0.30677481993271472|0.34273567826199403|0.31612815470545735
3,LRCM,3,0.001,1,0.33195111953732309,0.34083886518097045|0.35327807960547902|0.30677481993271472|0.34273567826199403|0.31612815470545735
3,LRCM,3,0.001,2,0.33195111953732309,0.34083886518097045|0.35327807960547902|0.30677481993271472|0.34273567826199403|0.31612815470545735
3,LRCM,3,0.001,5,0.33195111953732309,0.34083886518097045|0.35327807960547902|0.30677481993271472|0.34273567826199403|0.31612815470545735
3,LRCM,3,0.01,0.050000000000000003,0.33212068292283076,0.34083985301090564|0.35403115466195961|0.30739715279188962|0.3421537566274408|0.31618149752195807
3,LRCM,3,0.01,0.10000000000000001,0.33212068292283076,0.34083985301090564|0.35403115466195961|0.30739715279188962|0.3421537566274408|0.31618149752195807
3,LRCM,3,0.01,0.20000000000000001,0.33212068292283076,0.34083985301090564|0.35403115466195961|0.30739715279188962|0.3421537566274408|0.31618149752195807
3,LRCM,3,0.01,0.5,0.33212068292283076,0.34083985301090564|0.35403115466195961|0.30739715279188962|0.3421537566274408|0.31618149752195807
3,LRCM,3,0.01,1,0.33212068292283076,0.34083985301090564|0.35403115466195961|0.30739715279188962|0.3421537566274408|0.31618149752195807
3,LRCM,3,0.01,2,0.33212068292283076,0.34083985301090564|0.35403115466195961|0.30739715279188962|0.3421537566274408|0.31618149752195807
3,LRCM,3,0.01,5,0.33212068292283076,0.34083985301090564|0.35403115466195961|0.30739715279188962|0.3421537566274408|0.31618149752195807
3,LRCM,3,0.10000000000000001,0.050000000000000003,0.3376914859541601,0.35688023549865655|0.36136093745226872|0.30942319198898149|0.34651906691380374|0.31427399791709004
3,LRCM,3,0.10000000000000001,0.10000000000000001,0.3376914859541601,0.35688023549865655|0.36136093745226872|0.30942319198898149|0.34651906691380374|0.31427399791709004
3,LRCM,3,0.10000000000000001,0.20000000000000001,0.3376914859541601,0.35688023549865655|0.36136093745226872|0.30942319198898149|0.34651906691380374|0.31427399791709004
3,LRCM,3,0.10000000000000001,0.5,0.3376914859541601,0.35688023549865655|0.36136093745226872|0.30942319198898149|0.34651906691380374|0.31427399791709004
3,LRCM,3,0.10000000000000001,1,0.3376914859541601,0.35688023549865655|0.36136093745226872|0.30942319198898149|0.34651906691380374|0.31427399791709004
3,LRCM,3,0.10000000000000001,2,0.3376914859541601,0.35688023549865655|0.36136093745226872|0.30942319198898149|0.34651906691380374|0.31427399791709004
3,LRCM,3,0.10000000000000001,5,0.3376914859541601,0.35688023549865655|0.36136093745226872|0.30942319198898149|0.34651906691380374|0.31427399791709004
3,LRCM,3,1,0.050000000000000003,0.34059380111963317,0.34392780938833567|0.36750196569856014|0.31605655467497573|0.35817276606750287|0.31730990976879137
3,LRCM,3,1,0.10000000000000001,0.34059380111963317,0.34392780938833567|0.36750196569856014|0.31605655467497573|0.35817276606750287|0.31730990976879137
3,LRCM,3,1,0.20000000000000001,0.34059380111963317,0.34392780938833567|0.36750196569856014|0.31605655467497573|0.35817276606750287|0.31730990976879137
3,LRCM,3,1,0.5,0.34059380111963317,0.34392780938833567|0.36750196569856014|0.31605655467497573|0.35817276606750287|0.31730990976879137
3,LRCM,3,1,1,0.34059380111963317,0.34392780938833567|0.36750196569856014|0.31605655467497573|0.35817276606750287|0.31730990976879137
3,LRCM,3,1,2,0.34059380111963317,0.34392780938833567|0.36750196569856014|0.31605655467497573|0.35817276606750287|0.31730990976879137
3,LRCM,3,1,5,0.34059380111963317,0.34392780938833567|0.36750196569856014|0.31605655467497573|0.35817276606750287|0.31730990976879137
3,LRCM,3,10,0.050000000000000003,0.34374171721201519,0.34113126284178918|0.36958648110737896|0.31269496940549574|0.34845700964122012|0.34683886306419198
3,LRCM,3,10,0.10000000000000001,0.34374171721201519,0.34113126284178918|0.36958648110737896|0.31269496940549574|0.34845700964122012|0.34683886306419198
3,LRCM,3,10,0.20000000000000001,0.34374171721201519,0.34113126284178918|0.36958648110737896|0.31269496940549574|0.34845700964122012|0.34683886306419198
3,LRCM,3,10,0.5,0.34374171721201519,0.34113126284178918|0.36958648110737896|0.31269496940549574|0.34845700964122012|0.34683886306419198
3,LRCM,3,10,1,0.34374171721201519,0.34113126284178918|0.36958648110737896|0.31269496940549574|0.34845700964122012|0.34683886306419198
3,LRCM,3,10,2,0.34374171721201519,0.34113126284178918|0.36958648110737896|0.31269496940549574|0.34845700964122012|0.34683886306419198
3,LRCM,3,10,5,0.34374171721201519,0.34113126284178918|0.36958648110737896|0.31269496940549574|0.34845700964122012|0.34683886306419198
3,LRCM,3,100,0.050000000000000003,0.33401095035895734,0.33647166903745845|0.34370051553101083|0.30913976946871685|0.34244561547193125|0.33829718228566918
3,LRCM,3,100,0.10000000000000001,0.33401095035895734,0.33647166903745845|0.34370051553101083|0.30913976946871685|0.34244561547193125|0.33829718228566918
3,LRCM,3,100,0.20000000000000001,0.33401095035895734,0.33647166903745845|0.34370051553101083|0.30913976946871685|0.34244561547193125|0.33829718228566918
3,LRCM,3,100,0.5,0.33401095035895734,0.33647166903745845|0.34370051553101083|0.30913976946871685|0.34244561547193125|0.33829718228566918
3,LRCM,3,100,1,0.33401095035895734,0.33647166903745845|0.34370051553101083|0.30913976946871685|0.34244561547193125|0.33829718228566918
3,LRCM,3,100,2,0.33401095035895734,0.33647166903745845|0.34370051553101083|0.30913976946871685|0.34244561547193125|0.33829718228566918
3,LRCM,3,100,5,0.33401095035895734,0.33647166903745845|0.34370051553101083|0.30913976946871685|0.34244561547193125|0.33829718228566918
3,LRCM,5,1.0000000000000001e-05,0.050000000000000003,0.32759048240346617,0.33222301248617042|0.35033615437640203|0.31138420375262477|0.3334060735376525|0.31060296786448099
3,LRCM,5,1.0000000000000001e-05,0.10000000000000001,0.32759048240346617,0.33222301248617042|0.35033615437640203|0.31138420375262477|0.3334060735376525|0.31060296786448099
3,LRCM,5,1.0000000000000001e-05,0.20000000000000001,0.32759048240346617,0.33222301248617042|0.35033615437640203|0.31138420375262477|0.3334060735376525|0.31060296786448099
3,LRCM,5,1.0000000000000001e-05,0.5,0.32759048240346617,0.33222301248617042|0.35033615437640203|0.31138420375262477|0.3334060735376525|0.31060296786448099
3,LRCM,5,1.0000000000000001e-05,1,0.32759048240346617,0.33222301248617042|0.35033615437640203|0.31138420375262477|0.3334060735376525|0.31060296786448099
3,LRCM,5,1.0000000000000001e-05,2,0.32759048240346617,0.33222301248617042|0.35033615437640203|0.31138420375262477|0.3334060735376525|0.31060296786448099
3,LRCM,5,1.0000000000000001e-05,5,0.32759048240346617,0.33222301248617042|0.35033615437640203|0.31138420375262477|0.3334060735376525|0.31060296786448099
3,LRCM,5,0.0001,0.050000000000000003,0.32759048240346617,0.33222301248617042|0.35033615437640203|0.31138420375262477|0.3334060735376525|0.31060296786448099
3,LRCM,5,0.0001,0.10000000000000001,0.32759048240346617,0.33222301248617042|0.35033615437640203|0.31138420375262477|0.3334060735376525|0.31060296786448099
3,LRCM,5,0.0001,0.20000000000000001,0.32759048240346617,0.33222301248617042|0.35033615437640203|0.31138420375262477|0.3334060735376525|0.31060296786448099
3,LRCM,5,0.0001,0.5,0.32759048240346617,0.33222301248617042|0.35033615437640203|0.31138420375262477|0.3334060735376525|0.31060296786448099
3,LRCM,5,0.0001,1,0.32759048240346617,0.33222301248617042|0.35033615437640203|0.31138420375262477|0.3334060735376525|0.31060296786448099
3,LRCM,5,0.0001,2,0.32759048240346617,0.33222301248617042|0.35033615437640203|0.31138420375262477|0.3334060735376525|0.31060296786448099
3,LRCM,5,0.0001,5,0.32759048240346617,0.33222301248617042|0.35033615437640203|0.31138420375262477|0.3334060735376525|0.31060296786448099
3,LRCM,5,0.001,0.050000000000000003,0.3277256175386013,0.33222301248617042|0.35033615437640203|0.31138420375262477|0.3334060735376525|0.31127864354015672
3,LRCM,5,0.001,0.10000000000000001,0.3277256175386013,0.33222301248617042|0.35033615437640203|0.31138420375262477|0.3334060735376525|0.31127864354015672
3,LRCM,5,0.001,0.20000000000000001,0.3277256175386013,0.33222301248617042|0.35033615437640203|0.31138420375262477|0.3334060735376525|0.31127864354015672
3,LRCM,5,0.001,0.5,0.3277256175386013,0.33222301248617042|0.35033615437640203|0.31138420375262477|0.3334060735376525|0.31127864354015672
3,LRCM,5,0.001,1,0.3277256175386013,0.33222301248617042|0.35033615437640203|0.31138420375262477|0.3334060735376525|0.31127864354015672
3,LRCM,5,0.001,2,0.3277256175386013,0.33222301248617042|0.35033615437640203|0.31138420375262477|0.3334060735376525|0.31127864354015672
3,LRCM,5,0.001,5,0.3277256175386013,0.33222301248617042|0.35033615437640203|0.31138420375262477|0.3334060735376525|0.31127864354015672
3,LRCM,5,0.01,0.050000000000000003,0.32767103544454551,0.33147324956535484|0.34966047870072636|0.31072630901578269|0.33521649640070694|0.31127864354015672
3,LRCM,5,0.01,0.10000000000000001,0.32767103544454551,0.33147324956535484|0.34966047870072636|0.31072630901578269|0.33521649640070694|0.31127864354015672
3,LRCM,5,0.01,0.20000000000000001,0.32767103544454551,0.33147324956535484|0.34966047870072636|0.31072630901578269|0.33521649640070694|0.31127864354015672
3,LRCM,5,0.01,0.5,0.32767103544454551,0.33147324956535484|0.34966047870072636|0.31072630901578269|0.33521649640070694|0.31127864354015672
3,LRCM,5,0.01,1,0.32767103544454551,0.33147324956535484|0.34966047870072636|0.31072630901578269|0.33521649640070694|0.31127864354015672
3,LRCM,5,0.01,2,0.32767103544454551,0.33147324956535484|0.34966047870072636|0.31072630901578269|0.33521649640070694|0.31127864354015672
3,LRCM,5,0.01,5,0.32767103544454551,0.33147324956535484|0.34966047870072636|0.31072630901578269|0.33521649640070694|0.31127864354015672
3,LRCM,5,0.10000000000000001,0.050000000000000003,0.33413595234367299,0.34683005373794851|0.35374030100423293|0.31207766036713408|0.34072948546632759|0.3173022611427217
3,LRCM,5,0.10000000000000001,0.10000000000000001,0.33413595234367299,0.34683005373794851|0.35374030100423293|0.31207766036713408|0.34072948546632759|0.3173022611427217
3,LRCM,5,0.10000000000000001,0.20000000000000001,0.33413595234367299,0.34683005373794851|0.35374030100423293|0.31207766036713408|0.34072948546632759|0.3173022611427217
3,LRCM,5,0.10000000000000001,0.5,0.33413595234367299,0.34683005373794851|0.35374030100423293|0.31207766036713408|0.34072948546632759|0.3173022611427217
3,LRCM,5,0.10000000000000001,1,0.33413595234367299,0.34683005373794851|0.35374030100423293|0.31207766036713408|0.34072948546632759|0.3173022611427217
3,LRCM,5,0.10000000000000001,2,0.33413595234367299,0.34683005373794851|0.35374030100423293|0.31207766036713408|0.34072948546632759|0.3173022611427217
3,LRCM,5,0.10000000000000001,5,0.33413595234367299,0.34683005373794851|0.35374030100423293|0.31207766036713408|0.34072948546632759|0.3173022611427217
3,LRCM,5,1,0.050000000000000003,0.33780204671797165,0.33999920973605186|0.36977503044840498|0.31616628846891998|0.34711625501099186|0.31595344992548946
3,LRCM,5,1,0.10000000000000001,0.33780204671797165,0.33999920973605186|0.36977503044840498|0.31616628846891998|0.34711625501099186|0.31595344992548946
3,LRCM,5,1,0.20000000000000001,0.33780204671797165,0.33999920973605186|0.36977503044840498|0.31616628846891998|0.34711625501099186|0.31595344992548946
3,LRCM,5,1,0.5,0.33780204671797165,0.33999920973605186|0.36977503044840498|0.31616628846891998|0.34711625501099186|0.31595344992548946
3,LRCM,5,1,1,0.33780204671797165,0.33999920973605186|0.36977503044840498|0.31616628846891998|0.34711625501099186|0.31595344992548946
3,LRCM,5,1,2,0.33780204671797165,0.33999920973605186|0.36977503044840498|0.31616628846891998|0.34711625501099186|0.31595344992548946
3,LRCM,5,1,5,0.33780204671797165,0.33999920973605186|0.36977503044840498|0.31616628846891998|0.34711625501099186|0.31595344992548946
3,LRCM,5,10,0.050000000000000003,0.34038365329590181,0.3324176149834045|0.3716706229670626|0.3113436180541444|0.34903893127577335|0.33744747919912393
3,LRCM,5,10,0.10000000000000001,0.34038365329590181,0.3324176149834045|0.3716706229670626|0.3113436180541444|0.34903893127577335|0.33744747919912393
3,LRCM,5,10,0.20000000000000001,0.34038365329590181,0.3324176149834045|0.3716706229670626|0.3113436180541444|0.34903893127577335|0.33744747919912393
3,LRCM,5,10,0.5,0.34038365329590181,0.3324176149834045|0.3716706229670626|0.3113436180541444|0.34903893127577335|0.33744747919912393
3,LRCM,5,10,1,0.34038365329590181,0.3324176149834045|0.3716706229670626|0.3113436180541444|0.34903893127577335|0.33744747919912393
3,LRCM,5,10,2,0.34038365329590181,0.3324176149834045|0.3716706229670626|0.3113436180541444|0.34903893127577335|0.33744747919912393
3,LRCM,5,10,5,0.34038365329590181,0.3324176149834045|0.3716706229670626|0.3113436180541444|0.34903893127577335|0.33744747919912393
3,LRCM,5,100,0.050000000000000003,0.33424255157740063,0.33579599336178284|0.34505186688236222|0.30972555262028945|0.34365795221058382|0.33698139281198497
3,LRCM,5,100,0.10000000000000001,0.33424255157740063,0.33579599336178284|0.34505186688236222|0.30972555262028945|0.34365795221058382|0.33698139281198497
3,LRCM,5,100,0.20000000000000001,0.33424255157740063,0.33579599336178284|0.34505186688236222|0.30972555262028945|0.34365795221058382|0.33698139281198497
3,LRCM,5,100,0.5,0.33424255157740063,0.33579599336178284|0.34505186688236222|0.30972555262028945|0.34365795221058382|0.33698139281198497
3,LRCM,5,100,1,0.33424255157740063,0.33579599336178284|0.34505186688236222|0.30972555262028945|0.34365795221058382|0.33698139281198497
3,LRCM,5,100,2,0.33424255157740063,0.33579599336178284|0.34505186688236222|0.30972555262028945|0.34365795221058382|0.33698139281198497
3,LRCM,5,100,5,0.33424255157740063,0.33579599336178284|0.34505186688236222|0.30972555262028945|0.34365795221058382|0.33698139281198497
3,LRCM,8,1.0000000000000001e-05,0.050000000000000003,0.32922374022025724,0.32935534218428952|0.34389315232968481|0.30660237304974147|0.33578135551819766|0.33048647801937275
3,LRCM,8,1.0000000000000001e-05,0.10000000000000001,0.32922374022025724,0.32935534218428952|0.34389315232968481|0.30660237304974147|0.33578135551819766|0.33048647801937275
3,LRCM,8,1.0000000000000001e-05,0.20000000000000001,0.32922374022025724,0.32935534218428952|0.34389315232968481|0.30660237304974147|0.33578135551819766|0.33048647801937275
3,LRCM,8,1.0000000000000001e-05,0.5,0.32922374022025724,0.32935534218428952|0.34389315232968481|0.30660237304974147|0.33578135551819766|0.33048647801937275
3,LRCM,8,1.0000000000000001e-05,1,0.32922374022025724,0.32935534218428952|0.34389315232968481|0.30660237304974147|0.33578135551819766|0.33048647801937275
3,LRCM,8,1.0000000000000001e-05,2,0.32922374022025724,0.32935534218428952|0.34389315232968481|0.30660237304974147|0.33578135551819766|0.33048647801937275
3,LRCM,8,1.0000000000000001e-05,5,0.32922374022025724,0.32935534218428952|0.34389315232968481|0.30660237304974147|0.33578135551819766|0.33048647801937275
3,LRCM,8,0.0001,0.050000000000000003,0.32922374022025724,0.32935534218428952|0.34389315232968481|0.30660237304974147|0.33578135551819766|0.33048647801937275
3,LRCM,8,0.0001,0.10000000000000001,0.32922374022025724,0.32935534218428952|0.34389315232968481|0.30660237304974147|0.33578135551819766|0.33048647801937275
3,LRCM,8,0.0001,0.20000000000000001,0.32922374022025724,0.32935534218428952|0.34389315232968481|0.30660237304974147|0.33578135551819766|0.33048647801937275
3,LRCM,8,0.0001,0.5,0.32922374022025724,0.32935534218428952|0.34389315232968481|0.30660237304974147|0.33578135551819766|0.33048647801937275
3,LRCM,8,0.0001,1,0.32922374022025724,0.32935534218428952|0.34389315232968481|0.30660237304974147|0.33578135551819766|0.33048647801937275
3,LRCM,8,0.0001,2,0.32922374022025724,0.32935534218428952|0.34389315232968481|0.30660237304974147|0.33578135551819766|0.33048647801937275
3,LRCM,8,0.0001,5,0.32922374022025724,0.32935534218428952|0.34389315232968481|0.30660237304974147|0.33578135551819766|0.33048647801937275
3,LRCM,8,0.001,0.050000000000000003,0.3289641385132871,0.32869744744744744|0.34389315232968481|0.30594447831289939|0.33578135551819766|0.33050425895820629
3,LRCM,8,0.001,0.10000000000000001,0.3289641385132871,0.32869744744744744|0.34389315232968481|0.30594447831289939|0.33578135551819766|0.33050425895820629
3,LRCM,8,0.001,0.20000000000000001,0.3289641385132871,0.32869744744744744|0.34389315232968481|0.30594447831289939|0.33578135551819766|0.33050425895820629
3,LRCM,8,0.001,0.5,0.3289641385132871,0.32869744744744744|0.34389315232968481|0.30594447831289939|0.33578135551819766|0.33050425895820629
3,LRCM,8,0.001,1,0.3289641385132871,0.32869744744744744|0.34389315232968481|0.30594447831289939|0.33578135551819766|0.33050425895820629
3,LRCM,8,0.001,2,0.3289641385132871,0.32869744744744744|0.34389315232968481|0.30594447831289939|0.33578135551819766|0.33050425895820629
3,LRCM,8,0.001,5,0.3289641385132871,0.32869744744744744|0.34389315232968481|0.30594447831289939|0.33578135551819766|0.33050425895820629
3,LRCM,8,0.01,0.050000000000000003,0.3295008883526685,0.33204026394815872|0.34451449735892459|0.30462868883921518|0.335813684497895|0.33050730711914922
3,LRCM,8,0.01,0.10000000000000001,0.3295008883526685,0.33204026394815872|0.34451449735892459|0.30462868883921518|0.335813684497895|0.33050730711914922
3,LRCM,8,0.01,0.20000000000000001,0.3295008883526685,0.33204026394815872|0.34451449735892459|0.30462868883921518|0.335813684497895|0.33050730711914922
3,LRCM,8,0.01,0.5,0.3295008883526685,0.33204026394815872|0.34451449735892459|0.30462868883921518|0.335813684497895|0.33050730711914922
3,LRCM,8,0.01,1,0.3295008883526685,0.33204026394815872|0.34451449735892459|0.30462868883921518|0.335813684497895|0.33050730711914922
3,LRCM,8,0.01,2,0.3295008883526685,0.33204026394815872|0.34451449735892459|0.30462868883921518|0.335813684497895|0.33050730711914922
3,LRCM,8,0.01,5,0.3295008883526685,0.33204026394815872|0.34451449735892459|0.30462868883921518|0.335813684497895|0.33050730711914922
3,LRCM,8,0.10000000000000001,0.050000000000000003,0.33714235842834916,0.34533546704599338|0.35206992873014548|0.31189598433019483|0.34308770492981017|0.3333227071056018
3,LRCM,8,0.10000000000000001,0.10000000000000001,0.33714235842834916,0.34533546704599338|0.35206992873014548|0.31189598433019483|0.34308770492981017|0.3333227071056018
3,LRCM,8,0.10000000000000001,0.20000000000000001,0.33714235842834916,0.34533546704599338|0.35206992873014548|0.31189598433019483|0.34308770492981017|0.3333227071056018
3,LRCM,8,0.10000000000000001,0.5,0.33714235842834916,0.34533546704599338|0.35206992873014548|0.31189598433019483|0.34308770492981017|0.3333227071056018
3,LRCM,8,0.10000000000000001,1,0.33714235842834916,0.34533546704599338|0.35206992873014548|0.31189598433019483|0.34308770492981017|0.3333227071056018
3,LRCM,8,0.10000000000000001,2,0.33714235842834916,0.34533546704599338|0.35206992873014548|0.31189598433019483|0.34308770492981017|0.3333227071056018
3,LRCM,8,0.10000000000000001,5,0.33714235842834916,0.34533546704599338|0.35206992873014548|0.31189598433019483|0.34308770492981017|0.3333227071056018
3,LRCM,8,1,0.050000000000000003,0.33650971045127392,0.33607061008376793|0.36363142554319028|0.31673429068165909|0.3447724039829303|0.32133982196482197
3,LRCM,8,1,0.10000000000000001,0.33650971045127392,0.33607061008376793|0.36363142554319028|0.31673429068165909|0.3447724039829303|0.32133982196482197
3,LRCM,8,1,0.20000000000000001,0.33650971045127392,0.33607061008376793|0.36363142554319028|0.31673429068165909|0.3447724039829303|0.32133982196482197
3,LRCM,8,1,0.5,0.33650971045127392,0.33607061008376793|0.36363142554319028|0.31673429068165909|0.3447724039829303|0.32133982196482197
3,LRCM,8,1,1,0.33650971045127392,0.33607061008376793|0.36363142554319028|0.31673429068165909|0.3447724039829303|0.32133982196482197
3,LRCM,8,1,2,0.33650971045127392,0.33607061008376793|0.36363142554319028|0.31673429068165909|0.3447724039829303|0.32133982196482197
3,LRCM,8,1,5,0.33650971045127392,0.33607061008376793|0.36363142554319028|0.31673429068165909|0.3447724039829303|0.32133982196482197
3,LRCM,8,10,0.050000000000000003,0.34156208372665414,0.33510253674727364|0.36817399553467667|0.31337369324211434|0.34963791542738909|0.34152227768181714
3,LRCM,8,10,0.10000000000000001,0.34156208372665414,0.33510253674727364|0.36817399553467667|0.31337369324211434|0.34963791542738909|0.34152227768181714
3,LRCM,8,10,0.20000000000000001,0.34156208372665414,0.33510253674727364|0.36817399553467667|0.31337369324211434|0.34963791542738909|0.34152227768181714
3,LRCM,8,10,0.5,0.34156208372665414,0.33510253674727364|0.36817399553467667|0.31337369324211434|0.34963791542738909|0.34152227768181714
3,LRCM,8,10,1,0.34156208372665414,0.33510253674727364|0.36817399553467667|0.31337369324211434|0.34963791542738909|0.34152227768181714
3,LRCM,8,10,2,0.34156208372665414,0.33510253674727364|0.36817399553467667|0.31337369324211434|0.34963791542738909|0.34152227768181714
3,LRCM,8,10,5,0.34156208372665414,0.33510253674727364|0.36817399553467667|0.31337369324211434|0.34963791542738909|0.34152227768181714
3,LRCM,8,100,0.050000000000000003,0.33464459836102634,0.33579599336178284|0.34574631132680667|0.30972555262028945|0.34365795221058382|0.33829718228566913
3,LRCM,8,100,0.10000000000000001,0.33464459836102634,0.33579599336178284|0.34574631132680667|0.30972555262028945|0.34365795221058382|0.33829718228566913
3,LRCM,8,100,0.20000000000000001,0.33464459836102634,0.33579599336178284|0.34574631132680667|0.30972555262028945|0.34365795221058382|0.33829718228566913
3,LRCM,8,100,0.5,0.33464459836102634,0.33579599336178284|0.34574631132680667|0.30972555262028945|0.34365795221058382|0.33829718228566913
3,LRCM,8,100,1,0.33464459836102634,0.33579599336178284|0.34574631132680667|0.30972555262028945|0.34365795221058382|0.33829718228566913
3,LRCM,8,100,2,0.33464459836102634,0.33579599336178284|0.34574631132680667|0.30972555262028945|0.34365795221058382|0.33829718228566913
3,LRCM,8,100,5,0.33464459836102634,0.33579599336178284|0.34574631132680667|0.30972555262028945|0.34365795221058382|0.33829718228566913
3,LRCM,13,1.0000000000000001e-05,0.050000000000000003,0.3301741655259457,0.32601548917338397|0.34800853651085856|0.3091785488496015|0.33699369225685016|0.33067456083903457
3,LRCM,13,1.0000000000000001e-05,0.10000000000000001,0.3301741655259457,0.32601548917338397|0.34800853651085856|0.3091785488496015|0.33699369225685016|0.33067456083903457
3,LRCM,13,1.0000000000000001e-05,0.20000000000000001,0.3301741655259457,0.32601548917338397|0.34800853651085856|0.3091785488496015|0.33699369225685016|0.33067456083903457
3,LRCM,13,1.0000000000000001e-05,0.5,0.3301741655259457,0.32601548917338397|0.34800853651085856|0.3091785488496015|0.33699369225685016|0.33067456083903457
3,LRCM,13,1.0000000000000001e-05,1,0.3301741655259457,0.32601548917338397|0.34800853651085856|0.3091785488496015|0.33699369225685016|0.33067456083903457
3,LRCM,13,1.0000000000000001e-05,2,0.3301741655259457,0.32601548917338397|0.34800853651085856|0.3091785488496015|0.33699369225685016|0.33067456083903457
3,LRCM,13,1.0000000000000001e-05,5,0.3301741655259457,0.32601548917338397|0.34800853651085856|0.3091785488496015|0.33699369225685016|0.33067456083903457
3,LRCM,13,0.0001,0.050000000000000003,0.33030574447331418,0.32601548917338397|0.34800853651085856|0.3091785488496015|0.33699369225685016|0.33133245557587665
3,LRCM,13,0.0001,0.10000000000000001,0.33030574447331418,0.32601548917338397|0.34800853651085856|0.3091785488496015|0.33699369225685016|0.33133245557587665
3,LRCM,13,0.0001,0.20000000000000001,0.33030574447331418,0.32601548917338397|0.34800853651085856|0.3091785488496015|0.33699369225685016|0.33133245557587665
3,LRCM,13,0.0001,0.5,0.33030574447331418,0.32601548917338397|0.34800853651085856|0.3091785488496015|0.33699369225685016|0.33133245557587665
3,LRCM,13,0.0001,1,0.33030574447331418,0.32601548917338397|0.34800853651085856|0.3091785488496015|0.33699369225685016|0.33133245557587665
3,LRCM,13,0.0001,2,0.33030574447331418,0.32601548917338397|0.34800853651085856|0.3091785488496015|0.33699369225685016|0.33133245557587665
3,LRCM,13,0.0001,5,0.33030574447331418,0.32601548917338397|0.34800853651085856|0.3091785488496015|0.33699369225685016|0.33133245557587665
3,LRCM,13,0.001,0.050000000000000003,0.330452157803938,0.32603327011221744|0.34800853651085856|0.30983644358644363|0.33699369225685016|0.33138884655332024
3,LRCM,13,0.001,0.10000000000000001,0.330452157803938,0.32603327011221744|0.34800853651085856|0.30983644358644363|0.33699369225685016|0.33138884655332024
3,LRCM,13,0.001,0.20000000000000001,0.330452157803938,0.32603327011221744|0.34800853651085856|0.30983644358644363|0.33699369225685016|0.33138884655332024
3,LRCM,13,0.001,0.5,0.330452157803938,0.32603327011221744|0.34800853651085856|0.30983644358644363|0.33699369225685016|0.33138884655332024
3,LRCM,13,0.001,1,0.330452157803938,0.32603327011221744|0.34800853651085856|0.30983644358644363|0.33699369225685016|0.33138884655332024
3,LRCM,13,0.001,2,0.330452157803938,0.32603327011221744|0.34800853651085856|0.30983644358644363|0.33699369225685016|0.33138884655332024
3,LRCM,13,0.001,5,0.330452157803938,0.32603327011221744|0.34800853651085856|0.30983644358644363|0.33699369225685016|0.33138884655332024
3,LRCM,13,0.01,0.050000000000000003,0.33080125792935394,0.32659830883515095|0.34936194819321764|0.30840885998780737|0.33886967110651323|0.33076750152408047
3,LRCM,13,0.01,0.10000000000000001,0.33080125792935394,0.32659830883515095|0.34936194819321764|0.30840885998780737|0.33886967110651323|0.33076750152408047
3,LRCM,13,0.01,0.20000000000000001,0.33080125792935394,0.32659830883515095|0.34936194819321764|0.30840885998780737|0.33886967110651323|0.33076750152408047
3,LRCM,13,0.01,0.5,0.33080125792935394,0.32659830883515095|0.34936194819321764|0.30840885998780737|0.33886967110651323|0.33076750152408047
3,LRCM,13,0.01,1,0.33080125792935394,0.32659830883515095|0.34936194819321764|0.30840885998780737|0.33886967110651323|0.33076750152408047
3,LRCM,13,0.01,2,0.33080125792935394,0.32659830883515095|0.34936194819321764|0.30840885998780737|0.33886967110651323|0.33076750152408047
3,LRCM,13,0.01,5,0.33080125792935394,0.32659830883515095|0.34936194819321764|0.30840885998780737|0.33886967110651323|0.33076750152408047
3,LRCM,13,0.10000000000000001,0.050000000000000003,0.33728708603360308,0.34738027501185398|0.35255427585922944|0.31249847591952856|0.34122878859720962|0.33277361478019374
3,LRCM,13,0.10000000000000001,0.10000000000000001,0.33728708603360308,0.34738027501185398|0.35255427585922944|0.31249847591952856|0.34122878859720962|0.33277361478019374
3,LRCM,13,0.10000000000000001,0.20000000000000001,0.33728708603360308,0.34738027501185398|0.35255427585922944|0.31249847591952856|0.34122878859720962|0.33277361478019374
3,LRCM,13,0.10000000000000001,0.5,0.33728708603360308,0.34738027501185398|0.35255427585922944|0.31249847591952856|0.34122878859720962|0.33277361478019374
3,LRCM,13,0.10000000000000001,1,0.33728708603360308,0.34738027501185398|0.35255427585922944|0.31249847591952856|0.34122878859720962|0.33277361478019374
3,LRCM,13,0.10000000000000001,2,0.33728708603360308,0.34738027501185398|0.35255427585922944|0.31249847591952856|0.34122878859720962|0.33277361478019374
3,LRCM,13,0.10000000000000001,5,0.33728708603360308,0.34738027501185398|0.35255427585922944|0.31249847591952856|0.34122878859720962|0.33277361478019374
3,LRCM,13,1,0.050000000000000003,0.33726395073956994,0.34131401137980089|0.36567596953432868|0.31525550926866713|0.34296198111987586|0.32111228239517714
3,LRCM,13,1,0.10000000000000001,0.33726395073956994,0.34131401137980089|0.36567596953432868|0.31525550926866713|0.34296198111987586|0.32111228239517714
3,LRCM,13,1,0.20000000000000001,0.33726395073956994,0.34131401137980089|0.36567596953432868|0.31525550926866713|0.34296198111987586|0.32111228239517714
3,LRCM,13,1,0.5,0.33726395073956994,0.34131401137980089|0.36567596953432868|0.31525550926866713|0.34296198111987586|0.32111228239517714
3,LRCM,13,1,1,0.33726395073956994,0.34131401137980089|0.36567596953432868|0.31525550926866713|0.34296198111987586|0.32111228239517714
3,LRCM,13,1,2,0.33726395073956994,0.34131401137980089|0.36567596953432868|0.31525550926866713|0.34296198111987586|0.32111228239517714
3,LRCM,13,1,5,0.33726395073956994,0.34131401137980089|0.36567596953432868|0.31525550926866713|0.34296198111987586|0.32111228239517714
3,LRCM,13,10,0.050000000000000003,0.34145661941066352,0.33709301406669828|0.36747955109023223|0.31333813136444716|0.34849023664813134|0.3408821638838086
3,LRCM,13,10,0.10000000000000001,0.34145661941066352,0.33709301406669828|0.36747955109023223|0.31333813136444716|0.34849023664813134|0.3408821638838086
3,LRCM,13,10,0.20000000000000001,0.34145661941066352,0.33709301406669828|0.36747955109023223|0.31333813136444716|0.34849023664813134|0.3408821638838086
3,LRCM,13,10,0.5,0.34145661941066352,0.33709301406669828|0.36747955109023223|0.31333813136444716|0.34849023664813134|0.3408821638838086
3,LRCM,13,10,1,0.34145661941066352,0.33709301406669828|0.36747955109023223|0.31333813136444716|0.34849023664813134|0.3408821638838086
3,LRCM,13,10,2,0.34145661941066352,0.33709301406669828|0.36747955109023223|0.31333813136444716|0.34849023664813134|0.3408821638838086
3,LRCM,13,10,5,0.34145661941066352,0.33709301406669828|0.36747955109023223|0.31333813136444716|0.34849023664813134|0.3408821638838086
3,LRCM,13,100,0.050000000000000003,0.33477973349616147,0.33579599336178284|0.34642198700248239|0.30972555262028945|0.34365795221058382|0.33829718228566913
3,LRCM,13,100,0.10000000000000001,0.33477973349616147,0.33579599336178284|0.34642198700248239|0.30972555262028945|0.34365795221058382|0.33829718228566913
3,LRCM,13,100,0.20000000000000001,0.33477973349616147,0.33579599336178284|0.34642198700248239|0.30972555262028945|0.34365795221058382|0.33829718228566913
3,LRCM,13,100,0.5,0.33477973349616147,0.33579599336178284|0.34642198700248239|0.30972555262028945|0.34365795221058382|0.33829718228566913
3,LRCM,13,100,1,0.33477973349616147,0.33579599336178284|0.34642198700248239|0.30972555262028945|0.34365795221058382|0.33829718228566913
3,LRCM,13,100,2,0.33477973349616147,0.33579599336178284|0.34642198700248239|0.30972555262028945|0.34365795221058382|0.33829718228566913
3,LRCM,13,100,5,0.33477973349616147,0.33579599336178284|0.34642198700248239|0.30972555262028945|0.34365795221058382|0.33829718228566913
3,ENROLLMENT_PCA_TRANSFER,1,1.0000000000000001e-05,0.050000000000000003,0.33376544083461657,0.33711178283546706|0.34554092073054926|0.31899139741245003|0.34442127534232803|0.32276182785228835
3,ENROLLMENT_PCA_TRANSFER,1,1.0000000000000001e-05,0.10000000000000001,0.33376544083461657,0.33711178283546706|0.34554092073054926|0.31899139741245003|0.34442127534232803|0.32276182785228835
3,ENROLLMENT_PCA_TRANSFER,1,1.0000000000000001e-05,0.20000000000000001,0.33376544083461657,0.33711178283546706|0.34554092073054926|0.31899139741245003|0.34442127534232803|0.32276182785228835
3,ENROLLMENT_PCA_TRANSFER,1,1.0000000000000001e-05,0.5,0.33376544083461657,0.33711178283546706|0.34554092073054926|0.31899139741245003|0.34442127534232803|0.32276182785228835
3,ENROLLMENT_PCA_TRANSFER,1,1.0000000000000001e-05,1,0.33376544083461657,0.33711178283546706|0.34554092073054926|0.31899139741245003|0.34442127534232803|0.32276182785228835
3,ENROLLMENT_PCA_TRANSFER,1,1.0000000000000001e-05,2,0.33376544083461657,0.33711178283546706|0.34554092073054926|0.31899139741245003|0.34442127534232803|0.32276182785228835
3,ENROLLMENT_PCA_TRANSFER,1,1.0000000000000001e-05,5,0.33376544083461657,0.33711178283546706|0.34554092073054926|0.31899139741245003|0.34442127534232803|0.32276182785228835
3,ENROLLMENT_PCA_TRANSFER,1,0.0001,0.050000000000000003,0.33376544083461657,0.33711178283546706|0.34554092073054926|0.31899139741245003|0.34442127534232803|0.32276182785228835
3,ENROLLMENT_PCA_TRANSFER,1,0.0001,0.10000000000000001,0.33376544083461657,0.33711178283546706|0.34554092073054926|0.31899139741245003|0.34442127534232803|0.32276182785228835
3,ENROLLMENT_PCA_TRANSFER,1,0.0001,0.20000000000000001,0.33376544083461657,0.33711178283546706|0.34554092073054926|0.31899139741245003|0.34442127534232803|0.32276182785228835
3,ENROLLMENT_PCA_TRANSFER,1,0.0001,0.5,0.33376544083461657,0.33711178283546706|0.34554092073054926|0.31899139741245003|0.34442127534232803|0.32276182785228835
3,ENROLLMENT_PCA_TRANSFER,1,0.0001,1,0.33376544083461657,0.33711178283546706|0.34554092073054926|0.31899139741245003|0.34442127534232803|0.32276182785228835
3,ENROLLMENT_PCA_TRANSFER,1,0.0001,2,0.33376544083461657,0.33711178283546706|0.34554092073054926|0.31899139741245003|0.34442127534232803|0.32276182785228835
3,ENROLLMENT_PCA_TRANSFER,1,0.0001,5,0.33376544083461657,0.33711178283546706|0.34554092073054926|0.31899139741245003|0.34442127534232803|0.32276182785228835
3,ENROLLMENT_PCA_TRANSFER,1,0.001,0.050000000000000003,0.33376544083461657,0.33711178283546706|0.34554092073054926|0.31899139741245003|0.34442127534232803|0.32276182785228835
3,ENROLLMENT_PCA_TRANSFER,1,0.001,0.10000000000000001,0.33376544083461657,0.33711178283546706|0.34554092073054926|0.31899139741245003|0.34442127534232803|0.32276182785228835
3,ENROLLMENT_PCA_TRANSFER,1,0.001,0.20000000000000001,0.33376544083461657,0.33711178283546706|0.34554092073054926|0.31899139741245003|0.34442127534232803|0.32276182785228835
3,ENROLLMENT_PCA_TRANSFER,1,0.001,0.5,0.33376544083461657,0.33711178283546706|0.34554092073054926|0.31899139741245003|0.34442127534232803|0.32276182785228835
3,ENROLLMENT_PCA_TRANSFER,1,0.001,1,0.33376544083461657,0.33711178283546706|0.34554092073054926|0.31899139741245003|0.34442127534232803|0.32276182785228835
3,ENROLLMENT_PCA_TRANSFER,1,0.001,2,0.33376544083461657,0.33711178283546706|0.34554092073054926|0.31899139741245003|0.34442127534232803|0.32276182785228835
3,ENROLLMENT_PCA_TRANSFER,1,0.001,5,0.33376544083461657,0.33711178283546706|0.34554092073054926|0.31899139741245003|0.34442127534232803|0.32276182785228835
3,ENROLLMENT_PCA_TRANSFER,1,0.01,0.050000000000000003,0.33376544083461657,0.33711178283546706|0.34554092073054926|0.31899139741245003|0.34442127534232803|0.32276182785228835
3,ENROLLMENT_PCA_TRANSFER,1,0.01,0.10000000000000001,0.33376544083461657,0.33711178283546706|0.34554092073054926|0.31899139741245003|0.34442127534232803|0.32276182785228835
3,ENROLLMENT_PCA_TRANSFER,1,0.01,0.20000000000000001,0.33376544083461657,0.33711178283546706|0.34554092073054926|0.31899139741245003|0.34442127534232803|0.32276182785228835
3,ENROLLMENT_PCA_TRANSFER,1,0.01,0.5,0.33376544083461657,0.33711178283546706|0.34554092073054926|0.31899139741245003|0.34442127534232803|0.32276182785228835
3,ENROLLMENT_PCA_TRANSFER,1,0.01,1,0.33376544083461657,0.33711178283546706|0.34554092073054926|0.31899139741245003|0.34442127534232803|0.32276182785228835
3,ENROLLMENT_PCA_TRANSFER,1,0.01,2,0.33376544083461657,0.33711178283546706|0.34554092073054926|0.31899139741245003|0.34442127534232803|0.32276182785228835
3,ENROLLMENT_PCA_TRANSFER,1,0.01,5,0.33376544083461657,0.33711178283546706|0.34554092073054926|0.31899139741245003|0.34442127534232803|0.32276182785228835
3,ENROLLMENT_PCA_TRANSFER,1,0.10000000000000001,0.050000000000000003,0.33374992292436179,0.33643610715979139|0.34554092073054926|0.31964929214929216|0.3450193614667299|0.32210393311544622
3,ENROLLMENT_PCA_TRANSFER,1,0.10000000000000001,0.10000000000000001,0.33374992292436179,0.33643610715979139|0.34554092073054926|0.31964929214929216|0.3450193614667299|0.32210393311544622
3,ENROLLMENT_PCA_TRANSFER,1,0.10000000000000001,0.20000000000000001,0.33374992292436179,0.33643610715979139|0.34554092073054926|0.31964929214929216|0.3450193614667299|0.32210393311544622
3,ENROLLMENT_PCA_TRANSFER,1,0.10000000000000001,0.5,0.33374992292436179,0.33643610715979139|0.34554092073054926|0.31964929214929216|0.3450193614667299|0.32210393311544622
3,ENROLLMENT_PCA_TRANSFER,1,0.10000000000000001,1,0.33374992292436179,0.33643610715979139|0.34554092073054926|0.31964929214929216|0.3450193614667299|0.32210393311544622
3,ENROLLMENT_PCA_TRANSFER,1,0.10000000000000001,2,0.33374992292436179,0.33643610715979139|0.34554092073054926|0.31964929214929216|0.3450193614667299|0.32210393311544622
3,ENROLLMENT_PCA_TRANSFER,1,0.10000000000000001,5,0.33374992292436179,0.33643610715979139|0.34554092073054926|0.31964929214929216|0.3450193614667299|0.32210393311544622
3,ENROLLMENT_PCA_TRANSFER,1,1,0.050000000000000003,0.333525334464576,0.33508376797850481|0.3449800873407684|0.31970263496579288|0.345650674598043|0.32220950743977056
3,ENROLLMENT_PCA_TRANSFER,1,1,0.10000000000000001,0.333525334464576,0.33508376797850481|0.3449800873407684|0.31970263496579288|0.345650674598043|0.32220950743977056
3,ENROLLMENT_PCA_TRANSFER,1,1,0.20000000000000001,0.333525334464576,0.33508376797850481|0.3449800873407684|0.31970263496579288|0.345650674598043|0.32220950743977056
3,ENROLLMENT_PCA_TRANSFER,1,1,0.5,0.333525334464576,0.33508376797850481|0.3449800873407684|0.31970263496579288|0.345650674598043|0.32220950743977056
3,ENROLLMENT_PCA_TRANSFER,1,1,1,0.333525334464576,0.33508376797850481|0.3449800873407684|0.31970263496579288|0.345650674598043|0.32220950743977056
3,ENROLLMENT_PCA_TRANSFER,1,1,2,0.333525334464576,0.33508376797850481|0.3449800873407684|0.31970263496579288|0.345650674598043|0.32220950743977056
3,ENROLLMENT_PCA_TRANSFER,1,1,5,0.333525334464576,0.33508376797850481|0.3449800873407684|0.31970263496579288|0.345650674598043|0.32220950743977056
3,ENROLLMENT_PCA_TRANSFER,1,10,0.050000000000000003,0.33374579884380584,0.33175873241662718|0.33513207867310035|0.31593110027320553|0.34088574220153167|0.3450213406545643
3,ENROLLMENT_PCA_TRANSFER,1,10,0.10000000000000001,0.33374579884380584,0.33175873241662718|0.33513207867310035|0.31593110027320553|0.34088574220153167|0.3450213406545643
3,ENROLLMENT_PCA_TRANSFER,1,10,0.20000000000000001,0.33374579884380584,0.33175873241662718|0.33513207867310035|0.31593110027320553|0.34088574220153167|0.3450213406545643
3,ENROLLMENT_PCA_TRANSFER,1,10,0.5,0.33374579884380584,0.33175873241662718|0.33513207867310035|0.31593110027320553|0.34088574220153167|0.3450213406545643
3,ENROLLMENT_PCA_TRANSFER,1,10,1,0.33374579884380584,0.33175873241662718|0.33513207867310035|0.31593110027320553|0.34088574220153167|0.3450213406545643
3,ENROLLMENT_PCA_TRANSFER,1,10,2,0.33374579884380584,0.33175873241662718|0.33513207867310035|0.31593110027320553|0.34088574220153167|0.3450213406545643
3,ENROLLMENT_PCA_TRANSFER,1,10,5,0.33374579884380584,0.33175873241662718|0.33513207867310035|0.31593110027320553|0.34088574220153167|0.3450213406545643
3,ENROLLMENT_PCA_TRANSFER,1,100,0.050000000000000003,0.33607752650448081,0.33718290659080136|0.34366396582340852|0.31838585766217348|0.34621732976996139|0.33493757267605956
3,ENROLLMENT_PCA_TRANSFER,1,100,0.10000000000000001,0.33607752650448081,0.33718290659080136|0.34366396582340852|0.31838585766217348|0.34621732976996139|0.33493757267605956
3,ENROLLMENT_PCA_TRANSFER,1,100,0.20000000000000001,0.33607752650448081,0.33718290659080136|0.34366396582340852|0.31838585766217348|0.34621732976996139|0.33493757267605956
3,ENROLLMENT_PCA_TRANSFER,1,100,0.5,0.33607752650448081,0.33718290659080136|0.34366396582340852|0.31838585766217348|0.34621732976996139|0.33493757267605956
3,ENROLLMENT_PCA_TRANSFER,1,100,1,0.33607752650448081,0.33718290659080136|0.34366396582340852|0.31838585766217348|0.34621732976996139|0.33493757267605956
3,ENROLLMENT_PCA_TRANSFER,1,100,2,0.33607752650448081,0.33718290659080136|0.34366396582340852|0.31838585766217348|0.34621732976996139|0.33493757267605956
3,ENROLLMENT_PCA_TRANSFER,1,100,5,0.33607752650448081,0.33718290659080136|0.34366396582340852|0.31838585766217348|0.34621732976996139|0.33493757267605956
3,ENROLLMENT_PCA_TRANSFER,2,1.0000000000000001e-05,0.050000000000000003,0.33973105964011541,0.32909653074126755|0.35992926141532955|0.32784918377023642|0.35836763797290111|0.32341268430084219
3,ENROLLMENT_PCA_TRANSFER,2,1.0000000000000001e-05,0.10000000000000001,0.33973105964011541,0.32909653074126755|0.35992926141532955|0.32784918377023642|0.35836763797290111|0.32341268430084219
3,ENROLLMENT_PCA_TRANSFER,2,1.0000000000000001e-05,0.20000000000000001,0.33973105964011541,0.32909653074126755|0.35992926141532955|0.32784918377023642|0.35836763797290111|0.32341268430084219
3,ENROLLMENT_PCA_TRANSFER,2,1.0000000000000001e-05,0.5,0.33973105964011541,0.32909653074126755|0.35992926141532955|0.32784918377023642|0.35836763797290111|0.32341268430084219
3,ENROLLMENT_PCA_TRANSFER,2,1.0000000000000001e-05,1,0.33973105964011541,0.32909653074126755|0.35992926141532955|0.32784918377023642|0.35836763797290111|0.32341268430084219
3,ENROLLMENT_PCA_TRANSFER,2,1.0000000000000001e-05,2,0.33973105964011541,0.32909653074126755|0.35992926141532955|0.32784918377023642|0.35836763797290111|0.32341268430084219
3,ENROLLMENT_PCA_TRANSFER,2,1.0000000000000001e-05,5,0.33973105964011541,0.32909653074126755|0.35992926141532955|0.32784918377023642|0.35836763797290111|0.32341268430084219
3,ENROLLMENT_PCA_TRANSFER,2,0.0001,0.050000000000000003,0.33973105964011541,0.32909653074126755|0.35992926141532955|0.32784918377023642|0.35836763797290111|0.32341268430084219
3,ENROLLMENT_PCA_TRANSFER,2,0.0001,0.10000000000000001,0.33973105964011541,0.32909653074126755|0.35992926141532955|0.32784918377023642|0.35836763797290111|0.32341268430084219
3,ENROLLMENT_PCA_TRANSFER,2,0.0001,0.20000000000000001,0.33973105964011541,0.32909653074126755|0.35992926141532955|0.32784918377023642|0.35836763797290111|0.32341268430084219
3,ENROLLMENT_PCA_TRANSFER,2,0.0001,0.5,0.33973105964011541,0.32909653074126755|0.35992926141532955|0.32784918377023642|0.35836763797290111|0.32341268430084219
3,ENROLLMENT_PCA_TRANSFER,2,0.0001,1,0.33973105964011541,0.32909653074126755|0.35992926141532955|0.32784918377023642|0.35836763797290111|0.32341268430084219
3,ENROLLMENT_PCA_TRANSFER,2,0.0001,2,0.33973105964011541,0.32909653074126755|0.35992926141532955|0.32784918377023642|0.35836763797290111|0.32341268430084219
3,ENROLLMENT_PCA_TRANSFER,2,0.0001,5,0.33973105964011541,0.32909653074126755|0.35992926141532955|0.32784918377023642|0.35836763797290111|0.32341268430084219
3,ENROLLMENT_PCA_TRANSFER,2,0.001,0.050000000000000003,0.33973105964011541,0.32909653074126755|0.35992926141532955|0.32784918377023642|0.35836763797290111|0.32341268430084219
3,ENROLLMENT_PCA_TRANSFER,2,0.001,0.10000000000000001,0.33973105964011541,0.32909653074126755|0.35992926141532955|0.32784918377023642|0.35836763797290111|0.32341268430084219
3,ENROLLMENT_PCA_TRANSFER,2,0.001,0.20000000000000001,0.33973105964011541,0.32909653074126755|0.35992926141532955|0.32784918377023642|0.35836763797290111|0.32341268430084219
3,ENROLLMENT_PCA_TRANSFER,2,0.001,0.5,0.33973105964011541,0.32909653074126755|0.35992926141532955|0.32784918377023642|0.35836763797290111|0.32341268430084219
3,ENROLLMENT_PCA_TRANSFER,2,0.001,1,0.33973105964011541,0.32909653074126755|0.35992926141532955|0.32784918377023642|0.35836763797290111|0.32341268430084219
3,ENROLLMENT_PCA_TRANSFER,2,0.001,2,0.33973105964011541,0.32909653074126755|0.35992926141532955|0.32784918377023642|0.35836763797290111|0.32341268430084219
3,ENROLLMENT_PCA_TRANSFER,2,0.001,5,0.33973105964011541,0.32909653074126755|0.35992926141532955|0.32784918377023642|0.35836763797290111|0.32341268430084219
3,ENROLLMENT_PCA_TRANSFER,2,0.01,0.050000000000000003,0.33959592450498022,0.32909653074126755|0.35992926141532955|0.32717350809456069|0.35836763797290111|0.32341268430084219
3,ENROLLMENT_PCA_TRANSFER,2,0.01,0.10000000000000001,0.33959592450498022,0.32909653074126755|0.35992926141532955|0.32717350809456069|0.35836763797290111|0.32341268430084219
3,ENROLLMENT_PCA_TRANSFER,2,0.01,0.20000000000000001,0.33959592450498022,0.32909653074126755|0.35992926141532955|0.32717350809456069|0.35836763797290111|0.32341268430084219
3,ENROLLMENT_PCA_TRANSFER,2,0.01,0.5,0.33959592450498022,0.32909653074126755|0.35992926141532955|0.32717350809456069|0.35836763797290111|0.32341268430084219
3,ENROLLMENT_PCA_TRANSFER,2,0.01,1,0.33959592450498022,0.32909653074126755|0.35992926141532955|0.32717350809456069|0.35836763797290111|0.32341268430084219
3,ENROLLMENT_PCA_TRANSFER,2,0.01,2,0.33959592450498022,0.32909653074126755|0.35992926141532955|0.32717350809456069|0.35836763797290111|0.32341268430084219
3,ENROLLMENT_PCA_TRANSFER,2,0.01,5,0.33959592450498022,0.32909653074126755|0.35992926141532955|0.32717350809456069|0.35836763797290111|0.32341268430084219
3,ENROLLMENT_PCA_TRANSFER,2,0.10000000000000001,0.050000000000000003,0.33974282379661636,0.32841986723565669|0.36193850750352302|0.32651561335771861|0.35776955184849918|0.32407057903768433
3,ENROLLMENT_PCA_TRANSFER,2,0.10000000000000001,0.10000000000000001,0.33974282379661636,0.32841986723565669|0.36193850750352302|0.32651561335771861|0.35776955184849918|0.32407057903768433
3,ENROLLMENT_PCA_TRANSFER,2,0.10000000000000001,0.20000000000000001,0.33974282379661636,0.32841986723565669|0.36193850750352302|0.32651561335771861|0.35776955184849918|0.32407057903768433
3,ENROLLMENT_PCA_TRANSFER,2,0.10000000000000001,0.5,0.33974282379661636,0.32841986723565669|0.36193850750352302|0.32651561335771861|0.35776955184849918|0.32407057903768433
3,ENROLLMENT_PCA_TRANSFER,2,0.10000000000000001,1,0.33974282379661636,0.32841986723565669|0.36193850750352302|0.32651561335771861|0.35776955184849918|0.32407057903768433
3,ENROLLMENT_PCA_TRANSFER,2,0.10000000000000001,2,0.33974282379661636,0.32841986723565669|0.36193850750352302|0.32651561335771861|0.35776955184849918|0.32407057903768433
3,ENROLLMENT_PCA_TRANSFER,2,0.10000000000000001,5,0.33974282379661636,0.32841986723565669|0.36193850750352302|0.32651561335771861|0.35776955184849918|0.32407057903768433
3,ENROLLMENT_PCA_TRANSFER,2,1,0.050000000000000003,0.33978928772465922,0.32777975343764815|0.36263492760783783|0.32666280001806319|0.35710590973748868|0.32476304782225834
3,ENROLLMENT_PCA_TRANSFER,2,1,0.10000000000000001,0.33978928772465922,0.32777975343764815|0.36263492760783783|0.32666280001806319|0.35710590973748868|0.32476304782225834
3,ENROLLMENT_PCA_TRANSFER,2,1,0.20000000000000001,0.33978928772465922,0.32777975343764815|0.36263492760783783|0.32666280001806319|0.35710590973748868|0.32476304782225834
3,ENROLLMENT_PCA_TRANSFER,2,1,0.5,0.33978928772465922,0.32777975343764815|0.36263492760783783|0.32666280001806319|0.35710590973748868|0.32476304782225834
3,ENROLLMENT_PCA_TRANSFER,2,1,1,0.33978928772465922,0.32777975343764815|0.36263492760783783|0.32666280001806319|0.35710590973748868|0.32476304782225834
3,ENROLLMENT_PCA_TRANSFER,2,1,2,0.33978928772465922,0.32777975343764815|0.36263492760783783|0.32666280001806319|0.35710590973748868|0.32476304782225834
3,ENROLLMENT_PCA_TRANSFER,2,1,5,0.33978928772465922,0.32777975343764815|0.36263492760783783|0.32666280001806319|0.35710590973748868|0.32476304782225834
3,ENROLLMENT_PCA_TRANSFER,2,10,0.050000000000000003,0.33772909333406625,0.330518018018018|0.35705204983842753|0.31116679649574391|0.34845431555957873|0.3414542867585631
3,ENROLLMENT_PCA_TRANSFER,2,10,0.10000000000000001,0.33772909333406625,0.330518018018018|0.35705204983842753|0.31116679649574391|0.34845431555957873|0.3414542867585631
3,ENROLLMENT_PCA_TRANSFER,2,10,0.20000000000000001,0.33772909333406625,0.330518018018018|0.35705204983842753|0.31116679649574391|0.34845431555957873|0.3414542867585631
3,ENROLLMENT_PCA_TRANSFER,2,10,0.5,0.33772909333406625,0.330518018018018|0.35705204983842753|0.31116679649574391|0.34845431555957873|0.3414542867585631
3,ENROLLMENT_PCA_TRANSFER,2,10,1,0.33772909333406625,0.330518018018018|0.35705204983842753|0.31116679649574391|0.34845431555957873|0.3414542867585631
3,ENROLLMENT_PCA_TRANSFER,2,10,2,0.33772909333406625,0.330518018018018|0.35705204983842753|0.31116679649574391|0.34845431555957873|0.3414542867585631
3,ENROLLMENT_PCA_TRANSFER,2,10,5,0.33772909333406625,0.330518018018018|0.35705204983842753|0.31116679649574391|0.34845431555957873|0.3414542867585631
3,ENROLLMENT_PCA_TRANSFER,2,100,0.050000000000000003,0.33384639585229758,0.33382230915125655|0.34371829646984442|0.31107690397164084|0.34427220282483439|0.33634226684391161
3,ENROLLMENT_PCA_TRANSFER,2,100,0.10000000000000001,0.33384639585229758,0.33382230915125655|0.34371829646984442|0.31107690397164084|0.34427220282483439|0.33634226684391161
3,ENROLLMENT_PCA_TRANSFER,2,100,0.20000000000000001,0.33384639585229758,0.33382230915125655|0.34371829646984442|0.31107690397164084|0.34427220282483439|0.33634226684391161
3,ENROLLMENT_PCA_TRANSFER,2,100,0.5,0.33384639585229758,0.33382230915125655|0.34371829646984442|0.31107690397164084|0.34427220282483439|0.33634226684391161
3,ENROLLMENT_PCA_TRANSFER,2,100,1,0.33384639585229758,0.33382230915125655|0.34371829646984442|0.31107690397164084|0.34427220282483439|0.33634226684391161
3,ENROLLMENT_PCA_TRANSFER,2,100,2,0.33384639585229758,0.33382230915125655|0.34371829646984442|0.31107690397164084|0.34427220282483439|0.33634226684391161
3,ENROLLMENT_PCA_TRANSFER,2,100,5,0.33384639585229758,0.33382230915125655|0.34371829646984442|0.31107690397164084|0.34427220282483439|0.33634226684391161
3,ENROLLMENT_PCA_TRANSFER,3,1.0000000000000001e-05,0.050000000000000003,0.33891090810866353,0.32223901533112065|0.37085833622211328|0.33395916593285013|0.34498254235096337|0.32251548070627017
3,ENROLLMENT_PCA_TRANSFER,3,1.0000000000000001e-05,0.10000000000000001,0.33891090810866353,0.32223901533112065|0.37085833622211328|0.33395916593285013|0.34498254235096337|0.32251548070627017
3,ENROLLMENT_PCA_TRANSFER,3,1.0000000000000001e-05,0.20000000000000001,0.33891090810866353,0.32223901533112065|0.37085833622211328|0.33395916593285013|0.34498254235096337|0.32251548070627017
3,ENROLLMENT_PCA_TRANSFER,3,1.0000000000000001e-05,0.5,0.33891090810866353,0.32223901533112065|0.37085833622211328|0.33395916593285013|0.34498254235096337|0.32251548070627017
3,ENROLLMENT_PCA_TRANSFER,3,1.0000000000000001e-05,1,0.33891090810866353,0.32223901533112065|0.37085833622211328|0.33395916593285013|0.34498254235096337|0.32251548070627017
3,ENROLLMENT_PCA_TRANSFER,3,1.0000000000000001e-05,2,0.33891090810866353,0.32223901533112065|0.37085833622211328|0.33395916593285013|0.34498254235096337|0.32251548070627017
3,ENROLLMENT_PCA_TRANSFER,3,1.0000000000000001e-05,5,0.33891090810866353,0.32223901533112065|0.37085833622211328|0.33395916593285013|0.34498254235096337|0.32251548070627017
3,ENROLLMENT_PCA_TRANSFER,3,0.0001,0.050000000000000003,0.33891090810866353,0.32223901533112065|0.37085833622211328|0.33395916593285013|0.34498254235096337|0.32251548070627017
3,ENROLLMENT_PCA_TRANSFER,3,0.0001,0.10000000000000001,0.33891090810866353,0.32223901533112065|0.37085833622211328|0.33395916593285013|0.34498254235096337|0.32251548070627017
3,ENROLLMENT_PCA_TRANSFER,3,0.0001,0.20000000000000001,0.33891090810866353,0.32223901533112065|0.37085833622211328|0.33395916593285013|0.34498254235096337|0.32251548070627017
3,ENROLLMENT_PCA_TRANSFER,3,0.0001,0.5,0.33891090810866353,0.32223901533112065|0.37085833622211328|0.33395916593285013|0.34498254235096337|0.32251548070627017
3,ENROLLMENT_PCA_TRANSFER,3,0.0001,1,0.33891090810866353,0.32223901533112065|0.37085833622211328|0.33395916593285013|0.34498254235096337|0.32251548070627017
3,ENROLLMENT_PCA_TRANSFER,3,0.0001,2,0.33891090810866353,0.32223901533112065|0.37085833622211328|0.33395916593285013|0.34498254235096337|0.32251548070627017
3,ENROLLMENT_PCA_TRANSFER,3,0.0001,5,0.33891090810866353,0.32223901533112065|0.37085833622211328|0.33395916593285013|0.34498254235096337|0.32251548070627017
3,ENROLLMENT_PCA_TRANSFER,3,0.001,0.050000000000000003,0.33891090810866353,0.32223901533112065|0.37085833622211328|0.33395916593285013|0.34498254235096337|0.32251548070627017
3,ENROLLMENT_PCA_TRANSFER,3,0.001,0.10000000000000001,0.33891090810866353,0.32223901533112065|0.37085833622211328|0.33395916593285013|0.34498254235096337|0.32251548070627017
3,ENROLLMENT_PCA_TRANSFER,3,0.001,0.20000000000000001,0.33891090810866353,0.32223901533112065|0.37085833622211328|0.33395916593285013|0.34498254235096337|0.32251548070627017
3,ENROLLMENT_PCA_TRANSFER,3,0.001,0.5,0.33891090810866353,0.32223901533112065|0.37085833622211328|0.33395916593285013|0.34498254235096337|0.32251548070627017
3,ENROLLMENT_PCA_TRANSFER,3,0.001,1,0.33891090810866353,0.32223901533112065|0.37085833622211328|0.33395916593285013|0.34498254235096337|0.32251548070627017
3,ENROLLMENT_PCA_TRANSFER,3,0.001,2,0.33891090810866353,0.32223901533112065|0.37085833622211328|0.33395916593285013|0.34498254235096337|0.32251548070627017
3,ENROLLMENT_PCA_TRANSFER,3,0.001,5,0.33891090810866353,0.32223901533112065|0.37085833622211328|0.33395916593285013|0.34498254235096337|0.32251548070627017
3,ENROLLMENT_PCA_TRANSFER,3,0.01,0.050000000000000003,0.338636472018438,0.32223901533112065|0.37085833622211328|0.33258698548172239|0.34498254235096337|0.32251548070627017
3,ENROLLMENT_PCA_TRANSFER,3,0.01,0.10000000000000001,0.338636472018438,0.32223901533112065|0.37085833622211328|0.33258698548172239|0.34498254235096337|0.32251548070627017
3,ENROLLMENT_PCA_TRANSFER,3,0.01,0.20000000000000001,0.338636472018438,0.32223901533112065|0.37085833622211328|0.33258698548172239|0.34498254235096337|0.32251548070627017
3,ENROLLMENT_PCA_TRANSFER,3,0.01,0.5,0.338636472018438,0.32223901533112065|0.37085833622211328|0.33258698548172239|0.34498254235096337|0.32251548070627017
3,ENROLLMENT_PCA_TRANSFER,3,0.01,1,0.338636472018438,0.32223901533112065|0.37085833622211328|0.33258698548172239|0.34498254235096337|0.32251548070627017
3,ENROLLMENT_PCA_TRANSFER,3,0.01,2,0.338636472018438,0.32223901533112065|0.37085833622211328|0.33258698548172239|0.34498254235096337|0.32251548070627017
3,ENROLLMENT_PCA_TRANSFER,3,0.01,5,0.338636472018438,0.32223901533112065|0.37085833622211328|0.33258698548172239|0.34498254235096337|0.32251548070627017
3,ENROLLMENT_PCA_TRANSFER,3,0.10000000000000001,0.050000000000000003,0.33902655707957569,0.32291469100679626|0.37018266054643761|0.33461500033868458|0.3455806284753653|0.32183980503059451
3,ENROLLMENT_PCA_TRANSFER,3,0.10000000000000001,0.10000000000000001,0.33902655707957569,0.32291469100679626|0.37018266054643761|0.33461500033868458|0.3455806284753653|0.32183980503059451
3,ENROLLMENT_PCA_TRANSFER,3,0.10000000000000001,0.20000000000000001,0.33902655707957569,0.32291469100679626|0.37018266054643761|0.33461500033868458|0.3455806284753653|0.32183980503059451
3,ENROLLMENT_PCA_TRANSFER,3,0.10000000000000001,0.5,0.33902655707957569,0.32291469100679626|0.37018266054643761|0.33461500033868458|0.3455806284753653|0.32183980503059451
3,ENROLLMENT_PCA_TRANSFER,3,0.10000000000000001,1,0.33902655707957569,0.32291469100679626|0.37018266054643761|0.33461500033868458|0.3455806284753653|0.32183980503059451
3,ENROLLMENT_PCA_TRANSFER,3,0.10000000000000001,2,0.33902655707957569,0.32291469100679626|0.37018266054643761|0.33461500033868458|0.3455806284753653|0.32183980503059451
3,ENROLLMENT_PCA_TRANSFER,3,0.10000000000000001,5,0.33902655707957569,0.32291469100679626|0.37018266054643761|0.33461500033868458|0.3455806284753653|0.32183980503059451
3,ENROLLMENT_PCA_TRANSFER,3,1,0.050000000000000003,0.34007558070212868,0.32635036352141611|0.37012402993440147|0.33410429226218702|0.34918530971162548|0.32061390808101337
3,ENROLLMENT_PCA_TRANSFER,3,1,0.10000000000000001,0.34007558070212868,0.32635036352141611|0.37012402993440147|0.33410429226218702|0.34918530971162548|0.32061390808101337
3,ENROLLMENT_PCA_TRANSFER,3,1,0.20000000000000001,0.34007558070212868,0.32635036352141611|0.37012402993440147|0.33410429226218702|0.34918530971162548|0.32061390808101337
3,ENROLLMENT_PCA_TRANSFER,3,1,0.5,0.34007558070212868,0.32635036352141611|0.37012402993440147|0.33410429226218702|0.34918530971162548|0.32061390808101337
3,ENROLLMENT_PCA_TRANSFER,3,1,1,0.34007558070212868,0.32635036352141611|0.37012402993440147|0.33410429226218702|0.34918530971162548|0.32061390808101337
3,ENROLLMENT_PCA_TRANSFER,3,1,2,0.34007558070212868,0.32635036352141611|0.37012402993440147|0.33410429226218702|0.34918530971162548|0.32061390808101337
3,ENROLLMENT_PCA_TRANSFER,3,1,5,0.34007558070212868,0.32635036352141611|0.37012402993440147|0.33410429226218702|0.34918530971162548|0.32061390808101337
3,ENROLLMENT_PCA_TRANSFER,3,10,0.050000000000000003,0.33856579374120005,0.33190493124703646|0.36498194180469723|0.30908642665221608|0.34541718752245071|0.34143848147959999
3,ENROLLMENT_PCA_TRANSFER,3,10,0.10000000000000001,0.33856579374120005,0.33190493124703646|0.36498194180469723|0.30908642665221608|0.34541718752245071|0.34143848147959999
3,ENROLLMENT_PCA_TRANSFER,3,10,0.20000000000000001,0.33856579374120005,0.33190493124703646|0.36498194180469723|0.30908642665221608|0.34541718752245071|0.34143848147959999
3,ENROLLMENT_PCA_TRANSFER,3,10,0.5,0.33856579374120005,0.33190493124703646|0.36498194180469723|0.30908642665221608|0.34541718752245071|0.34143848147959999
3,ENROLLMENT_PCA_TRANSFER,3,10,1,0.33856579374120005,0.33190493124703646|0.36498194180469723|0.30908642665221608|0.34541718752245071|0.34143848147959999
3,ENROLLMENT_PCA_TRANSFER,3,10,2,0.33856579374120005,0.33190493124703646|0.36498194180469723|0.30908642665221608|0.34541718752245071|0.34143848147959999
3,ENROLLMENT_PCA_TRANSFER,3,10,5,0.33856579374120005,0.33190493124703646|0.36498194180469723|0.30908642665221608|0.34541718752245071|0.34143848147959999
3,ENROLLMENT_PCA_TRANSFER,3,100,0.050000000000000003,0.33385266408225001,0.33382230915125655|0.34437619120668655|0.31105912303280731|0.34305986608618183|0.33694583093431779
3,ENROLLMENT_PCA_TRANSFER,3,100,0.10000000000000001,0.33385266408225001,0.33382230915125655|0.34437619120668655|0.31105912303280731|0.34305986608618183|0.33694583093431779
3,ENROLLMENT_PCA_TRANSFER,3,100,0.20000000000000001,0.33385266408225001,0.33382230915125655|0.34437619120668655|0.31105912303280731|0.34305986608618183|0.33694583093431779
3,ENROLLMENT_PCA_TRANSFER,3,100,0.5,0.33385266408225001,0.33382230915125655|0.34437619120668655|0.31105912303280731|0.34305986608618183|0.33694583093431779
3,ENROLLMENT_PCA_TRANSFER,3,100,1,0.33385266408225001,0.33382230915125655|0.34437619120668655|0.31105912303280731|0.34305986608618183|0.33694583093431779
3,ENROLLMENT_PCA_TRANSFER,3,100,2,0.33385266408225001,0.33382230915125655|0.34437619120668655|0.31105912303280731|0.34305986608618183|0.33694583093431779
3,ENROLLMENT_PCA_TRANSFER,3,100,5,0.33385266408225001,0.33382230915125655|0.34437619120668655|0.31105912303280731|0.34305986608618183|0.33694583093431779
3,ENROLLMENT_PCA_TRANSFER,5,1.0000000000000001e-05,0.050000000000000003,0.34020638740646481,0.34540856646119805|0.37556185442408357|0.32380715301767932|0.33937346437346433|0.31688089875589875
3,ENROLLMENT_PCA_TRANSFER,5,1.0000000000000001e-05,0.10000000000000001,0.34020638740646481,0.34540856646119805|0.37556185442408357|0.32380715301767932|0.33937346437346433|0.31688089875589875
3,ENROLLMENT_PCA_TRANSFER,5,1.0000000000000001e-05,0.20000000000000001,0.34020638740646481,0.34540856646119805|0.37556185442408357|0.32380715301767932|0.33937346437346433|0.31688089875589875
3,ENROLLMENT_PCA_TRANSFER,5,1.0000000000000001e-05,0.5,0.34020638740646481,0.34540856646119805|0.37556185442408357|0.32380715301767932|0.33937346437346433|0.31688089875589875
3,ENROLLMENT_PCA_TRANSFER,5,1.0000000000000001e-05,1,0.34020638740646481,0.34540856646119805|0.37556185442408357|0.32380715301767932|0.33937346437346433|0.31688089875589875
3,ENROLLMENT_PCA_TRANSFER,5,1.0000000000000001e-05,2,0.34020638740646481,0.34540856646119805|0.37556185442408357|0.32380715301767932|0.33937346437346433|0.31688089875589875
3,ENROLLMENT_PCA_TRANSFER,5,1.0000000000000001e-05,5,0.34020638740646481,0.34540856646119805|0.37556185442408357|0.32380715301767932|0.33937346437346433|0.31688089875589875
3,ENROLLMENT_PCA_TRANSFER,5,0.0001,0.050000000000000003,0.34020638740646481,0.34540856646119805|0.37556185442408357|0.32380715301767932|0.33937346437346433|0.31688089875589875
3,ENROLLMENT_PCA_TRANSFER,5,0.0001,0.10000000000000001,0.34020638740646481,0.34540856646119805|0.37556185442408357|0.32380715301767932|0.33937346437346433|0.31688089875589875
3,ENROLLMENT_PCA_TRANSFER,5,0.0001,0.20000000000000001,0.34020638740646481,0.34540856646119805|0.37556185442408357|0.32380715301767932|0.33937346437346433|0.31688089875589875
3,ENROLLMENT_PCA_TRANSFER,5,0.0001,0.5,0.34020638740646481,0.34540856646119805|0.37556185442408357|0.32380715301767932|0.33937346437346433|0.31688089875589875
3,ENROLLMENT_PCA_TRANSFER,5,0.0001,1,0.34020638740646481,0.34540856646119805|0.37556185442408357|0.32380715301767932|0.33937346437346433|0.31688089875589875
3,ENROLLMENT_PCA_TRANSFER,5,0.0001,2,0.34020638740646481,0.34540856646119805|0.37556185442408357|0.32380715301767932|0.33937346437346433|0.31688089875589875
3,ENROLLMENT_PCA_TRANSFER,5,0.0001,5,0.34020638740646481,0.34540856646119805|0.37556185442408357|0.32380715301767932|0.33937346437346433|0.31688089875589875
3,ENROLLMENT_PCA_TRANSFER,5,0.001,0.050000000000000003,0.34020638740646481,0.34540856646119805|0.37556185442408357|0.32380715301767932|0.33937346437346433|0.31688089875589875
3,ENROLLMENT_PCA_TRANSFER,5,0.001,0.10000000000000001,0.34020638740646481,0.34540856646119805|0.37556185442408357|0.32380715301767932|0.33937346437346433|0.31688089875589875
3,ENROLLMENT_PCA_TRANSFER,5,0.001,0.20000000000000001,0.34020638740646481,0.34540856646119805|0.37556185442408357|0.32380715301767932|0.33937346437346433|0.31688089875589875
3,ENROLLMENT_PCA_TRANSFER,5,0.001,0.5,0.34020638740646481,0.34540856646119805|0.37556185442408357|0.32380715301767932|0.33937346437346433|0.31688089875589875
3,ENROLLMENT_PCA_TRANSFER,5,0.001,1,0.34020638740646481,0.34540856646119805|0.37556185442408357|0.32380715301767932|0.33937346437346433|0.31688089875589875
3,ENROLLMENT_PCA_TRANSFER,5,0.001,2,0.34020638740646481,0.34540856646119805|0.37556185442408357|0.32380715301767932|0.33937346437346433|0.31688089875589875
3,ENROLLMENT_PCA_TRANSFER,5,0.001,5,0.34020638740646481,0.34540856646119805|0.37556185442408357|0.32380715301767932|0.33937346437346433|0.31688089875589875
3,ENROLLMENT_PCA_TRANSFER,5,0.01,0.050000000000000003,0.34032600463134521,0.34540856646119805|0.37556185442408357|0.32380715301767932|0.33997155049786626|0.31688089875589875
3,ENROLLMENT_PCA_TRANSFER,5,0.01,0.10000000000000001,0.34032600463134521,0.34540856646119805|0.37556185442408357|0.32380715301767932|0.33997155049786626|0.31688089875589875
3,ENROLLMENT_PCA_TRANSFER,5,0.01,0.20000000000000001,0.34032600463134521,0.34540856646119805|0.37556185442408357|0.32380715301767932|0.33997155049786626|0.31688089875589875
3,ENROLLMENT_PCA_TRANSFER,5,0.01,0.5,0.34032600463134521,0.34540856646119805|0.37556185442408357|0.32380715301767932|0.33997155049786626|0.31688089875589875
3,ENROLLMENT_PCA_TRANSFER,5,0.01,1,0.34032600463134521,0.34540856646119805|0.37556185442408357|0.32380715301767932|0.33997155049786626|0.31688089875589875
3,ENROLLMENT_PCA_TRANSFER,5,0.01,2,0.34032600463134521,0.34540856646119805|0.37556185442408357|0.32380715301767932|0.33997155049786626|0.31688089875589875
3,ENROLLMENT_PCA_TRANSFER,5,0.01,5,0.34032600463134521,0.34540856646119805|0.37556185442408357|0.32380715301767932|0.33997155049786626|0.31688089875589875
3,ENROLLMENT_PCA_TRANSFER,5,0.10000000000000001,0.050000000000000003,0.34137280005971954,0.34606646119804019|0.37627407980736149|0.32519505407663302|0.34115155825682142|0.31817684695974169
3,ENROLLMENT_PCA_TRANSFER,5,0.10000000000000001,0.10000000000000001,0.34137280005971954,0.34606646119804019|0.37627407980736149|0.32519505407663302|0.34115155825682142|0.31817684695974169
3,ENROLLMENT_PCA_TRANSFER,5,0.10000000000000001,0.20000000000000001,0.34137280005971954,0.34606646119804019|0.37627407980736149|0.32519505407663302|0.34115155825682142|0.31817684695974169
3,ENROLLMENT_PCA_TRANSFER,5,0.10000000000000001,0.5,0.34137280005971954,0.34606646119804019|0.37627407980736149|0.32519505407663302|0.34115155825682142|0.31817684695974169
3,ENROLLMENT_PCA_TRANSFER,5,0.10000000000000001,1,0.34137280005971954,0.34606646119804019|0.37627407980736149|0.32519505407663302|0.34115155825682142|0.31817684695974169
3,ENROLLMENT_PCA_TRANSFER,5,0.10000000000000001,2,0.34137280005971954,0.34606646119804019|0.37627407980736149|0.32519505407663302|0.34115155825682142|0.31817684695974169
3,ENROLLMENT_PCA_TRANSFER,5,0.10000000000000001,5,0.34137280005971954,0.34606646119804019|0.37627407980736149|0.32519505407663302|0.34115155825682142|0.31817684695974169
3,ENROLLMENT_PCA_TRANSFER,5,1,0.050000000000000003,0.34252886327383231,0.34876916390074281|0.37812858524158832|0.32384469055521692|0.34244471744471744|0.3194571592268961
3,ENROLLMENT_PCA_TRANSFER,5,1,0.10000000000000001,0.34252886327383231,0.34876916390074281|0.37812858524158832|0.32384469055521692|0.34244471744471744|0.3194571592268961
3,ENROLLMENT_PCA_TRANSFER,5,1,0.20000000000000001,0.34252886327383231,0.34876916390074281|0.37812858524158832|0.32384469055521692|0.34244471744471744|0.3194571592268961
3,ENROLLMENT_PCA_TRANSFER,5,1,0.5,0.34252886327383231,0.34876916390074281|0.37812858524158832|0.32384469055521692|0.34244471744471744|0.3194571592268961
3,ENROLLMENT_PCA_TRANSFER,5,1,1,0.34252886327383231,0.34876916390074281|0.37812858524158832|0.32384469055521692|0.34244471744471744|0.3194571592268961
3,ENROLLMENT_PCA_TRANSFER,5,1,2,0.34252886327383231,0.34876916390074281|0.37812858524158832|0.32384469055521692|0.34244471744471744|0.3194571592268961
3,ENROLLMENT_PCA_TRANSFER,5,1,5,0.34252886327383231,0.34876916390074281|0.37812858524158832|0.32384469055521692|0.34244471744471744|0.3194571592268961
3,ENROLLMENT_PCA_TRANSFER,5,10,0.050000000000000003,0.34162492549770029,0.33577821242294925|0.37229089549522987|0.31329952132583716|0.34726173541963018|0.33949426282485495
3,ENROLLMENT_PCA_TRANSFER,5,10,0.10000000000000001,0.34162492549770029,0.33577821242294925|0.37229089549522987|0.31329952132583716|0.34726173541963018|0.33949426282485495
3,ENROLLMENT_PCA_TRANSFER,5,10,0.20000000000000001,0.34162492549770029,0.33577821242294925|0.37229089549522987|0.31329952132583716|0.34726173541963018|0.33949426282485495
3,ENROLLMENT_PCA_TRANSFER,5,10,0.5,0.34162492549770029,0.33577821242294925|0.37229089549522987|0.31329952132583716|0.34726173541963018|0.33949426282485495
3,ENROLLMENT_PCA_TRANSFER,5,10,1,0.34162492549770029,0.33577821242294925|0.37229089549522987|0.31329952132583716|0.34726173541963018|0.33949426282485495
3,ENROLLMENT_PCA_TRANSFER,5,10,2,0.34162492549770029,0.33577821242294925|0.37229089549522987|0.31329952132583716|0.34726173541963018|0.33949426282485495
3,ENROLLMENT_PCA_TRANSFER,5,10,5,0.34162492549770029,0.33577821242294925|0.37229089549522987|0.31329952132583716|0.34726173541963018|0.33949426282485495
3,ENROLLMENT_PCA_TRANSFER,5,100,0.050000000000000003,0.33412293435252022,0.33579599336178284|0.34505186688236222|0.30972555262028945|0.34305986608618189|0.33698139281198497
3,ENROLLMENT_PCA_TRANSFER,5,100,0.10000000000000001,0.33412293435252022,0.33579599336178284|0.34505186688236222|0.30972555262028945|0.34305986608618189|0.33698139281198497
3,ENROLLMENT_PCA_TRANSFER,5,100,0.20000000000000001,0.33412293435252022,0.33579599336178284|0.34505186688236222|0.30972555262028945|0.34305986608618189|0.33698139281198497
3,ENROLLMENT_PCA_TRANSFER,5,100,0.5,0.33412293435252022,0.33579599336178284|0.34505186688236222|0.30972555262028945|0.34305986608618189|0.33698139281198497
3,ENROLLMENT_PCA_TRANSFER,5,100,1,0.33412293435252022,0.33579599336178284|0.34505186688236222|0.30972555262028945|0.34305986608618189|0.33698139281198497
3,ENROLLMENT_PCA_TRANSFER,5,100,2,0.33412293435252022,0.33579599336178284|0.34505186688236222|0.30972555262028945|0.34305986608618189|0.33698139281198497
3,ENROLLMENT_PCA_TRANSFER,5,100,5,0.33412293435252022,0.33579599336178284|0.34505186688236222|0.30972555262028945|0.34305986608618189|0.33698139281198497
3,ENROLLMENT_PCA_TRANSFER,8,1.0000000000000001e-05,0.050000000000000003,0.34049339042160248,0.33658230599020073|0.37531150013348158|0.31859939827045092|0.34764698909435748|0.32432675861952176
3,ENROLLMENT_PCA_TRANSFER,8,1.0000000000000001e-05,0.10000000000000001,0.34049339042160248,0.33658230599020073|0.37531150013348158|0.31859939827045092|0.34764698909435748|0.32432675861952176
3,ENROLLMENT_PCA_TRANSFER,8,1.0000000000000001e-05,0.20000000000000001,0.34049339042160248,0.33658230599020073|0.37531150013348158|0.31859939827045092|0.34764698909435748|0.32432675861952176
3,ENROLLMENT_PCA_TRANSFER,8,1.0000000000000001e-05,0.5,0.34049339042160248,0.33658230599020073|0.37531150013348158|0.31859939827045092|0.34764698909435748|0.32432675861952176
3,ENROLLMENT_PCA_TRANSFER,8,1.0000000000000001e-05,1,0.34049339042160248,0.33658230599020073|0.37531150013348158|0.31859939827045092|0.34764698909435748|0.32432675861952176
3,ENROLLMENT_PCA_TRANSFER,8,1.0000000000000001e-05,2,0.34049339042160248,0.33658230599020073|0.37531150013348158|0.31859939827045092|0.34764698909435748|0.32432675861952176
3,ENROLLMENT_PCA_TRANSFER,8,1.0000000000000001e-05,5,0.34049339042160248,0.33658230599020073|0.37531150013348158|0.31859939827045092|0.34764698909435748|0.32432675861952176
3,ENROLLMENT_PCA_TRANSFER,8,0.0001,0.050000000000000003,0.34049339042160248,0.33658230599020073|0.37531150013348158|0.31859939827045092|0.34764698909435748|0.32432675861952176
3,ENROLLMENT_PCA_TRANSFER,8,0.0001,0.10000000000000001,0.34049339042160248,0.33658230599020073|0.37531150013348158|0.31859939827045092|0.34764698909435748|0.32432675861952176
3,ENROLLMENT_PCA_TRANSFER,8,0.0001,0.20000000000000001,0.34049339042160248,0.33658230599020073|0.37531150013348158|0.31859939827045092|0.34764698909435748|0.32432675861952176
3,ENROLLMENT_PCA_TRANSFER,8,0.0001,0.5,0.34049339042160248,0.33658230599020073|0.37531150013348158|0.31859939827045092|0.34764698909435748|0.32432675861952176
3,ENROLLMENT_PCA_TRANSFER,8,0.0001,1,0.34049339042160248,0.33658230599020073|0.37531150013348158|0.31859939827045092|0.34764698909435748|0.32432675861952176
3,ENROLLMENT_PCA_TRANSFER,8,0.0001,2,0.34049339042160248,0.33658230599020073|0.37531150013348158|0.31859939827045092|0.34764698909435748|0.32432675861952176
3,ENROLLMENT_PCA_TRANSFER,8,0.0001,5,0.34049339042160248,0.33658230599020073|0.37531150013348158|0.31859939827045092|0.34764698909435748|0.32432675861952176
3,ENROLLMENT_PCA_TRANSFER,8,0.001,0.050000000000000003,0.34037054029875236,0.33658230599020073|0.37531150013348158|0.31859939827045092|0.34703273848010691|0.32432675861952176
3,ENROLLMENT_PCA_TRANSFER,8,0.001,0.10000000000000001,0.34037054029875236,0.33658230599020073|0.37531150013348158|0.31859939827045092|0.34703273848010691|0.32432675861952176
3,ENROLLMENT_PCA_TRANSFER,8,0.001,0.20000000000000001,0.34037054029875236,0.33658230599020073|0.37531150013348158|0.31859939827045092|0.34703273848010691|0.32432675861952176
3,ENROLLMENT_PCA_TRANSFER,8,0.001,0.5,0.34037054029875236,0.33658230599020073|0.37531150013348158|0.31859939827045092|0.34703273848010691|0.32432675861952176
3,ENROLLMENT_PCA_TRANSFER,8,0.001,1,0.34037054029875236,0.33658230599020073|0.37531150013348158|0.31859939827045092|0.34703273848010691|0.32432675861952176
3,ENROLLMENT_PCA_TRANSFER,8,0.001,2,0.34037054029875236,0.33658230599020073|0.37531150013348158|0.31859939827045092|0.34703273848010691|0.32432675861952176
3,ENROLLMENT_PCA_TRANSFER,8,0.001,5,0.34037054029875236,0.33658230599020073|0.37531150013348158|0.31859939827045092|0.34703273848010691|0.32432675861952176
3,ENROLLMENT_PCA_TRANSFER,8,0.01,0.050000000000000003,0.34049746746515319,0.33725798166587639|0.37531150013348158|0.31796027230237756|0.34763082460450878|0.32432675861952176
3,ENROLLMENT_PCA_TRANSFER,8,0.01,0.10000000000000001,0.34049746746515319,0.33725798166587639|0.37531150013348158|0.31796027230237756|0.34763082460450878|0.32432675861952176
3,ENROLLMENT_PCA_TRANSFER,8,0.01,0.20000000000000001,0.34049746746515319,0.33725798166587639|0.37531150013348158|0.31796027230237756|0.34763082460450878|0.32432675861952176
3,ENROLLMENT_PCA_TRANSFER,8,0.01,0.5,0.34049746746515319,0.33725798166587639|0.37531150013348158|0.31796027230237756|0.34763082460450878|0.32432675861952176
3,ENROLLMENT_PCA_TRANSFER,8,0.01,1,0.34049746746515319,0.33725798166587639|0.37531150013348158|0.31796027230237756|0.34763082460450878|0.32432675861952176
3,ENROLLMENT_PCA_TRANSFER,8,0.01,2,0.34049746746515319,0.33725798166587639|0.37531150013348158|0.31796027230237756|0.34763082460450878|0.32432675861952176
3,ENROLLMENT_PCA_TRANSFER,8,0.01,5,0.34049746746515319,0.33725798166587639|0.37531150013348158|0.31796027230237756|0.34763082460450878|0.32432675861952176
3,ENROLLMENT_PCA_TRANSFER,8,0.10000000000000001,0.050000000000000003,0.33976225258520149,0.33658230599020078|0.37600594457792602|0.31796126013231274|0.34459190051295319|0.32366985171261481
3,ENROLLMENT_PCA_TRANSFER,8,0.10000000000000001,0.10000000000000001,0.33976225258520149,0.33658230599020078|0.37600594457792602|0.31796126013231274|0.34459190051295319|0.32366985171261481
3,ENROLLMENT_PCA_TRANSFER,8,0.10000000000000001,0.20000000000000001,0.33976225258520149,0.33658230599020078|0.37600594457792602|0.31796126013231274|0.34459190051295319|0.32366985171261481
3,ENROLLMENT_PCA_TRANSFER,8,0.10000000000000001,0.5,0.33976225258520149,0.33658230599020078|0.37600594457792602|0.31796126013231274|0.34459190051295319|0.32366985171261481
3,ENROLLMENT_PCA_TRANSFER,8,0.10000000000000001,1,0.33976225258520149,0.33658230599020078|0.37600594457792602|0.31796126013231274|0.34459190051295319|0.32366985171261481
3,ENROLLMENT_PCA_TRANSFER,8,0.10000000000000001,2,0.33976225258520149,0.33658230599020078|0.37600594457792602|0.31796126013231274|0.34459190051295319|0.32366985171261481
3,ENROLLMENT_PCA_TRANSFER,8,0.10000000000000001,5,0.33976225258520149,0.33658230599020078|0.37600594457792602|0.31796126013231274|0.34459190051295319|0.32366985171261481
3,ENROLLMENT_PCA_TRANSFER,8,1,0.050000000000000003,0.34091118488593336,0.33798700015805283|0.38332117389392933|0.31859527760843548|0.34769727861833127|0.31695519415091783
3,ENROLLMENT_PCA_TRANSFER,8,1,0.10000000000000001,0.34091118488593336,0.33798700015805283|0.38332117389392933|0.31859527760843548|0.34769727861833127|0.31695519415091783
3,ENROLLMENT_PCA_TRANSFER,8,1,0.20000000000000001,0.34091118488593336,0.33798700015805283|0.38332117389392933|0.31859527760843548|0.34769727861833127|0.31695519415091783
3,ENROLLMENT_PCA_TRANSFER,8,1,0.5,0.34091118488593336,0.33798700015805283|0.38332117389392933|0.31859527760843548|0.34769727861833127|0.31695519415091783
3,ENROLLMENT_PCA_TRANSFER,8,1,1,0.34091118488593336,0.33798700015805283|0.38332117389392933|0.31859527760843548|0.34769727861833127|0.31695519415091783
3,ENROLLMENT_PCA_TRANSFER,8,1,2,0.34091118488593336,0.33798700015805283|0.38332117389392933|0.31859527760843548|0.34769727861833127|0.31695519415091783
3,ENROLLMENT_PCA_TRANSFER,8,1,5,0.34091118488593336,0.33798700015805283|0.38332117389392933|0.31859527760843548|0.34769727861833127|0.31695519415091783
3,ENROLLMENT_PCA_TRANSFER,8,10,0.050000000000000003,0.34240162929530193,0.33506598703967128|0.37298211247514657|0.31531181557497351|0.34844174317858528|0.34020648820813293
3,ENROLLMENT_PCA_TRANSFER,8,10,0.10000000000000001,0.34240162929530193,0.33506598703967128|0.37298211247514657|0.31531181557497351|0.34844174317858528|0.34020648820813293
3,ENROLLMENT_PCA_TRANSFER,8,10,0.20000000000000001,0.34240162929530193,0.33506598703967128|0.37298211247514657|0.31531181557497351|0.34844174317858528|0.34020648820813293
3,ENROLLMENT_PCA_TRANSFER,8,10,0.5,0.34240162929530193,0.33506598703967128|0.37298211247514657|0.31531181557497351|0.34844174317858528|0.34020648820813293
3,ENROLLMENT_PCA_TRANSFER,8,10,1,0.34240162929530193,0.33506598703967128|0.37298211247514657|0.31531181557497351|0.34844174317858528|0.34020648820813293
3,ENROLLMENT_PCA_TRANSFER,8,10,2,0.34240162929530193,0.33506598703967128|0.37298211247514657|0.31531181557497351|0.34844174317858528|0.34020648820813293
3,ENROLLMENT_PCA_TRANSFER,8,10,5,0.34240162929530193,0.33506598703967128|0.37298211247514657|0.31531181557497351|0.34844174317858528|0.34020648820813293
3,ENROLLMENT_PCA_TRANSFER,8,100,0.050000000000000003,0.33412345520830428,0.33579599336178284|0.34574631132680667|0.30904987694461383|0.34304370159633318|0.33698139281198497
3,ENROLLMENT_PCA_TRANSFER,8,100,0.10000000000000001,0.33412345520830428,0.33579599336178284|0.34574631132680667|0.30904987694461383|0.34304370159633318|0.33698139281198497
3,ENROLLMENT_PCA_TRANSFER,8,100,0.20000000000000001,0.33412345520830428,0.33579599336178284|0.34574631132680667|0.30904987694461383|0.34304370159633318|0.33698139281198497
3,ENROLLMENT_PCA_TRANSFER,8,100,0.5,0.33412345520830428,0.33579599336178284|0.34574631132680667|0.30904987694461383|0.34304370159633318|0.33698139281198497
3,ENROLLMENT_PCA_TRANSFER,8,100,1,0.33412345520830428,0.33579599336178284|0.34574631132680667|0.30904987694461383|0.34304370159633318|0.33698139281198497
3,ENROLLMENT_PCA_TRANSFER,8,100,2,0.33412345520830428,0.33579599336178284|0.34574631132680667|0.30904987694461383|0.34304370159633318|0.33698139281198497
3,ENROLLMENT_PCA_TRANSFER,8,100,5,0.33412345520830428,0.33579599336178284|0.34574631132680667|0.30904987694461383|0.34304370159633318|0.33698139281198497
3,ENROLLMENT_PCA_TRANSFER,13,1.0000000000000001e-05,0.050000000000000003,0.34249156915449486,0.34606250987829934|0.36989513396634133|0.32882944975050238|0.34356006724427779|0.32411068493305334
3,ENROLLMENT_PCA_TRANSFER,13,1.0000000000000001e-05,0.10000000000000001,0.34249156915449486,0.34606250987829934|0.36989513396634133|0.32882944975050238|0.34356006724427779|0.32411068493305334
3,ENROLLMENT_PCA_TRANSFER,13,1.0000000000000001e-05,0.20000000000000001,0.34249156915449486,0.34606250987829934|0.36989513396634133|0.32882944975050238|0.34356006724427779|0.32411068493305334
3,ENROLLMENT_PCA_TRANSFER,13,1.0000000000000001e-05,0.5,0.34249156915449486,0.34606250987829934|0.36989513396634133|0.32882944975050238|0.34356006724427779|0.32411068493305334
3,ENROLLMENT_PCA_TRANSFER,13,1.0000000000000001e-05,1,0.34249156915449486,0.34606250987829934|0.36989513396634133|0.32882944975050238|0.34356006724427779|0.32411068493305334
3,ENROLLMENT_PCA_TRANSFER,13,1.0000000000000001e-05,2,0.34249156915449486,0.34606250987829934|0.36989513396634133|0.32882944975050238|0.34356006724427779|0.32411068493305334
3,ENROLLMENT_PCA_TRANSFER,13,1.0000000000000001e-05,5,0.34249156915449486,0.34606250987829934|0.36989513396634133|0.32882944975050238|0.34356006724427779|0.32411068493305334
3,ENROLLMENT_PCA_TRANSFER,13,0.0001,0.050000000000000003,0.34249156915449486,0.34606250987829934|0.36989513396634133|0.32882944975050238|0.34356006724427779|0.32411068493305334
3,ENROLLMENT_PCA_TRANSFER,13,0.0001,0.10000000000000001,0.34249156915449486,0.34606250987829934|0.36989513396634133|0.32882944975050238|0.34356006724427779|0.32411068493305334
3,ENROLLMENT_PCA_TRANSFER,13,0.0001,0.20000000000000001,0.34249156915449486,0.34606250987829934|0.36989513396634133|0.32882944975050238|0.34356006724427779|0.32411068493305334
3,ENROLLMENT_PCA_TRANSFER,13,0.0001,0.5,0.34249156915449486,0.34606250987829934|0.36989513396634133|0.32882944975050238|0.34356006724427779|0.32411068493305334
3,ENROLLMENT_PCA_TRANSFER,13,0.0001,1,0.34249156915449486,0.34606250987829934|0.36989513396634133|0.32882944975050238|0.34356006724427779|0.32411068493305334
3,ENROLLMENT_PCA_TRANSFER,13,0.0001,2,0.34249156915449486,0.34606250987829934|0.36989513396634133|0.32882944975050238|0.34356006724427779|0.32411068493305334
3,ENROLLMENT_PCA_TRANSFER,13,0.0001,5,0.34249156915449486,0.34606250987829934|0.36989513396634133|0.32882944975050238|0.34356006724427779|0.32411068493305334
3,ENROLLMENT_PCA_TRANSFER,13,0.001,0.050000000000000003,0.34249156915449486,0.34606250987829934|0.36989513396634133|0.32882944975050238|0.34356006724427779|0.32411068493305334
3,ENROLLMENT_PCA_TRANSFER,13,0.001,0.10000000000000001,0.34249156915449486,0.34606250987829934|0.36989513396634133|0.32882944975050238|0.34356006724427779|0.32411068493305334
3,ENROLLMENT_PCA_TRANSFER,13,0.001,0.20000000000000001,0.34249156915449486,0.34606250987829934|0.36989513396634133|0.32882944975050238|0.34356006724427779|0.32411068493305334
3,ENROLLMENT_PCA_TRANSFER,13,0.001,0.5,0.34249156915449486,0.34606250987829934|0.36989513396634133|0.32882944975050238|0.34356006724427779|0.32411068493305334
3,ENROLLMENT_PCA_TRANSFER,13,0.001,1,0.34249156915449486,0.34606250987829934|0.36989513396634133|0.32882944975050238|0.34356006724427779|0.32411068493305334
3,ENROLLMENT_PCA_TRANSFER,13,0.001,2,0.34249156915449486,0.34606250987829934|0.36989513396634133|0.32882944975050238|0.34356006724427779|0.32411068493305334
3,ENROLLMENT_PCA_TRANSFER,13,0.001,5,0.34249156915449486,0.34606250987829934|0.36989513396634133|0.32882944975050238|0.34356006724427779|0.32411068493305334
3,ENROLLMENT_PCA_TRANSFER,13,0.01,0.050000000000000003,0.34223572120127843,0.34540461514145726|0.3699139027351101|0.32817155501366024|0.34356006724427779|0.32412846587188693
3,ENROLLMENT_PCA_TRANSFER,13,0.01,0.10000000000000001,0.34223572120127843,0.34540461514145726|0.3699139027351101|0.32817155501366024|0.34356006724427779|0.32412846587188693
3,ENROLLMENT_PCA_TRANSFER,13,0.01,0.20000000000000001,0.34223572120127843,0.34540461514145726|0.3699139027351101|0.32817155501366024|0.34356006724427779|0.32412846587188693
3,ENROLLMENT_PCA_TRANSFER,13,0.01,0.5,0.34223572120127843,0.34540461514145726|0.3699139027351101|0.32817155501366024|0.34356006724427779|0.32412846587188693
3,ENROLLMENT_PCA_TRANSFER,13,0.01,1,0.34223572120127843,0.34540461514145726|0.3699139027351101|0.32817155501366024|0.34356006724427779|0.32412846587188693
3,ENROLLMENT_PCA_TRANSFER,13,0.01,2,0.34223572120127843,0.34540461514145726|0.3699139027351101|0.32817155501366024|0.34356006724427779|0.32412846587188693
3,ENROLLMENT_PCA_TRANSFER,13,0.01,5,0.34223572120127843,0.34540461514145726|0.3699139027351101|0.32817155501366024|0.34356006724427779|0.32412846587188693
3,ENROLLMENT_PCA_TRANSFER,13,0.10000000000000001,0.050000000000000003,0.34138451404743975,0.3433943812233286|0.36544019030087149|0.32811722436722435|0.34779516358463725|0.32217561076113704
3,ENROLLMENT_PCA_TRANSFER,13,0.10000000000000001,0.10000000000000001,0.34138451404743975,0.3433943812233286|0.36544019030087149|0.32811722436722435|0.34779516358463725|0.32217561076113704
3,ENROLLMENT_PCA_TRANSFER,13,0.10000000000000001,0.20000000000000001,0.34138451404743975,0.3433943812233286|0.36544019030087149|0.32811722436722435|0.34779516358463725|0.32217561076113704
3,ENROLLMENT_PCA_TRANSFER,13,0.10000000000000001,0.5,0.34138451404743975,0.3433943812233286|0.36544019030087149|0.32811722436722435|0.34779516358463725|0.32217561076113704
3,ENROLLMENT_PCA_TRANSFER,13,0.10000000000000001,1,0.34138451404743975,0.3433943812233286|0.36544019030087149|0.32811722436722435|0.34779516358463725|0.32217561076113704
3,ENROLLMENT_PCA_TRANSFER,13,0.10000000000000001,2,0.34138451404743975,0.3433943812233286|0.36544019030087149|0.32811722436722435|0.34779516358463725|0.32217561076113704
3,ENROLLMENT_PCA_TRANSFER,13,0.10000000000000001,5,0.34138451404743975,0.3433943812233286|0.36544019030087149|0.32811722436722435|0.34779516358463725|0.32217561076113704
3,ENROLLMENT_PCA_TRANSFER,13,1,0.050000000000000003,0.34007994650293416,0.33263592539908327|0.37233007664896212|0.32742269525164264|0.3441249263617685|0.32388610885321406
3,ENROLLMENT_PCA_TRANSFER,13,1,0.10000000000000001,0.34007994650293416,0.33263592539908327|0.37233007664896212|0.32742269525164264|0.3441249263617685|0.32388610885321406
3,ENROLLMENT_PCA_TRANSFER,13,1,0.20000000000000001,0.34007994650293416,0.33263592539908327|0.37233007664896212|0.32742269525164264|0.3441249263617685|0.32388610885321406
3,ENROLLMENT_PCA_TRANSFER,13,1,0.5,0.34007994650293416,0.33263592539908327|0.37233007664896212|0.32742269525164264|0.3441249263617685|0.32388610885321406
3,ENROLLMENT_PCA_TRANSFER,13,1,1,0.34007994650293416,0.33263592539908327|0.37233007664896212|0.32742269525164264|0.3441249263617685|0.32388610885321406
3,ENROLLMENT_PCA_TRANSFER,13,1,2,0.34007994650293416,0.33263592539908327|0.37233007664896212|0.32742269525164264|0.3441249263617685|0.32388610885321406
3,ENROLLMENT_PCA_TRANSFER,13,1,5,0.34007994650293416,0.33263592539908327|0.37233007664896212|0.32742269525164264|0.3441249263617685|0.32388610885321406
3,ENROLLMENT_PCA_TRANSFER,13,10,0.050000000000000003,0.34240777180144433,0.33915757863126283|0.36554770438284367|0.31600527218948271|0.34849023664813139|0.34283806715550136
3,ENROLLMENT_PCA_TRANSFER,13,10,0.10000000000000001,0.34240777180144433,0.33915757863126283|0.36554770438284367|0.31600527218948271|0.34849023664813139|0.34283806715550136
3,ENROLLMENT_PCA_TRANSFER,13,10,0.20000000000000001,0.34240777180144433,0.33915757863126283|0.36554770438284367|0.31600527218948271|0.34849023664813139|0.34283806715550136
3,ENROLLMENT_PCA_TRANSFER,13,10,0.5,0.34240777180144433,0.33915757863126283|0.36554770438284367|0.31600527218948271|0.34849023664813139|0.34283806715550136
3,ENROLLMENT_PCA_TRANSFER,13,10,1,0.34240777180144433,0.33915757863126283|0.36554770438284367|0.31600527218948271|0.34849023664813139|0.34283806715550136
3,ENROLLMENT_PCA_TRANSFER,13,10,2,0.34240777180144433,0.33915757863126283|0.36554770438284367|0.31600527218948271|0.34849023664813139|0.34283806715550136
3,ENROLLMENT_PCA_TRANSFER,13,10,5,0.34240777180144433,0.33915757863126283|0.36554770438284367|0.31600527218948271|0.34849023664813139|0.34283806715550136
3,ENROLLMENT_PCA_TRANSFER,13,100,0.050000000000000003,0.33425859034343941,0.33579599336178284|0.34642198700248239|0.30904987694461383|0.34304370159633318|0.33698139281198497
3,ENROLLMENT_PCA_TRANSFER,13,100,0.10000000000000001,0.33425859034343941,0.33579599336178284|0.34642198700248239|0.30904987694461383|0.34304370159633318|0.33698139281198497
3,ENROLLMENT_PCA_TRANSFER,13,100,0.20000000000000001,0.33425859034343941,0.33579599336178284|0.34642198700248239|0.30904987694461383|0.34304370159633318|0.33698139281198497
3,ENROLLMENT_PCA_TRANSFER,13,100,0.5,0.33425859034343941,0.33579599336178284|0.34642198700248239|0.30904987694461383|0.34304370159633318|0.33698139281198497
3,ENROLLMENT_PCA_TRANSFER,13,100,1,0.33425859034343941,0.33579599336178284|0.34642198700248239|0.30904987694461383|0.34304370159633318|0.33698139281198497
3,ENROLLMENT_PCA_TRANSFER,13,100,2,0.33425859034343941,0.33579599336178284|0.34642198700248239|0.30904987694461383|0.34304370159633318|0.33698139281198497
3,ENROLLMENT_PCA_TRANSFER,13,100,5,0.33425859034343941,0.33579599336178284|0.34642198700248239|0.30904987694461383|0.34304370159633318|0.33698139281198497
3,FULL_RIDGE_TRANSFER,50,1.0000000000000001e-05,0.050000000000000003,0.33205129602381922,0.32741919551130072|0.35605775003220824|0.30927140486351007|0.34129254852939062|0.32621558118268645
3,FULL_RIDGE_TRANSFER,50,1.0000000000000001e-05,0.10000000000000001,0.33205129602381922,0.32741919551130072|0.35605775003220824|0.30927140486351007|0.34129254852939062|0.32621558118268645
3,FULL_RIDGE_TRANSFER,50,1.0000000000000001e-05,0.20000000000000001,0.33205129602381922,0.32741919551130072|0.35605775003220824|0.30927140486351007|0.34129254852939062|0.32621558118268645
3,FULL_RIDGE_TRANSFER,50,1.0000000000000001e-05,0.5,0.33205129602381922,0.32741919551130072|0.35605775003220824|0.30927140486351007|0.34129254852939062|0.32621558118268645
3,FULL_RIDGE_TRANSFER,50,1.0000000000000001e-05,1,0.33205129602381922,0.32741919551130072|0.35605775003220824|0.30927140486351007|0.34129254852939062|0.32621558118268645
3,FULL_RIDGE_TRANSFER,50,1.0000000000000001e-05,2,0.33205129602381922,0.32741919551130072|0.35605775003220824|0.30927140486351007|0.34129254852939062|0.32621558118268645
3,FULL_RIDGE_TRANSFER,50,1.0000000000000001e-05,5,0.33205129602381922,0.32741919551130072|0.35605775003220824|0.30927140486351007|0.34129254852939062|0.32621558118268645
3,FULL_RIDGE_TRANSFER,50,0.0001,0.050000000000000003,0.33218287497118765,0.32741919551130072|0.35605775003220824|0.30927140486351007|0.34129254852939062|0.32687347591952853
3,FULL_RIDGE_TRANSFER,50,0.0001,0.10000000000000001,0.33218287497118765,0.32741919551130072|0.35605775003220824|0.30927140486351007|0.34129254852939062|0.32687347591952853
3,FULL_RIDGE_TRANSFER,50,0.0001,0.20000000000000001,0.33218287497118765,0.32741919551130072|0.35605775003220824|0.30927140486351007|0.34129254852939062|0.32687347591952853
3,FULL_RIDGE_TRANSFER,50,0.0001,0.5,0.33218287497118765,0.32741919551130072|0.35605775003220824|0.30927140486351007|0.34129254852939062|0.32687347591952853
3,FULL_RIDGE_TRANSFER,50,0.0001,1,0.33218287497118765,0.32741919551130072|0.35605775003220824|0.30927140486351007|0.34129254852939062|0.32687347591952853
3,FULL_RIDGE_TRANSFER,50,0.0001,2,0.33218287497118765,0.32741919551130072|0.35605775003220824|0.30927140486351007|0.34129254852939062|0.32687347591952853
3,FULL_RIDGE_TRANSFER,50,0.0001,5,0.33218287497118765,0.32741919551130072|0.35605775003220824|0.30927140486351007|0.34129254852939062|0.32687347591952853
3,FULL_RIDGE_TRANSFER,50,0.001,0.050000000000000003,0.33230572509403783,0.32741919551130072|0.35605775003220824|0.30927140486351007|0.34190679914364125|0.32687347591952853
3,FULL_RIDGE_TRANSFER,50,0.001,0.10000000000000001,0.33230572509403783,0.32741919551130072|0.35605775003220824|0.30927140486351007|0.34190679914364125|0.32687347591952853
3,FULL_RIDGE_TRANSFER,50,0.001,0.20000000000000001,0.33230572509403783,0.32741919551130072|0.35605775003220824|0.30927140486351007|0.34190679914364125|0.32687347591952853
3,FULL_RIDGE_TRANSFER,50,0.001,0.5,0.33230572509403783,0.32741919551130072|0.35605775003220824|0.30927140486351007|0.34190679914364125|0.32687347591952853
3,FULL_RIDGE_TRANSFER,50,0.001,1,0.33230572509403783,0.32741919551130072|0.35605775003220824|0.30927140486351007|0.34190679914364125|0.32687347591952853
3,FULL_RIDGE_TRANSFER,50,0.001,2,0.33230572509403783,0.32741919551130072|0.35605775003220824|0.30927140486351007|0.34190679914364125|0.32687347591952853
3,FULL_RIDGE_TRANSFER,50,0.001,5,0.33230572509403783,0.32741919551130072|0.35605775003220824|0.30927140486351007|0.34190679914364125|0.32687347591952853
3,FULL_RIDGE_TRANSFER,50,0.01,0.050000000000000003,0.33284590431068761,0.32807709024814291|0.35613514941301316|0.31060497527602793|0.34252104975789188|0.32689125685836212
3,FULL_RIDGE_TRANSFER,50,0.01,0.10000000000000001,0.33284590431068761,0.32807709024814291|0.35613514941301316|0.31060497527602793|0.34252104975789188|0.32689125685836212
3,FULL_RIDGE_TRANSFER,50,0.01,0.20000000000000001,0.33284590431068761,0.32807709024814291|0.35613514941301316|0.31060497527602793|0.34252104975789188|0.32689125685836212
3,FULL_RIDGE_TRANSFER,50,0.01,0.5,0.33284590431068761,0.32807709024814291|0.35613514941301316|0.31060497527602793|0.34252104975789188|0.32689125685836212
3,FULL_RIDGE_TRANSFER,50,0.01,1,0.33284590431068761,0.32807709024814291|0.35613514941301316|0.31060497527602793|0.34252104975789188|0.32689125685836212
3,FULL_RIDGE_TRANSFER,50,0.01,2,0.33284590431068761,0.32807709024814291|0.35613514941301316|0.31060497527602793|0.34252104975789188|0.32689125685836212
3,FULL_RIDGE_TRANSFER,50,0.01,5,0.33284590431068761,0.32807709024814291|0.35613514941301316|0.31060497527602793|0.34252104975789188|0.32689125685836212
3,FULL_RIDGE_TRANSFER,50,0.10000000000000001,0.050000000000000003,0.33701550059870489,0.33671566303145245|0.35885563305454948|0.310601927115085|0.3486159604580657|0.33028831933437197
3,FULL_RIDGE_TRANSFER,50,0.10000000000000001,0.10000000000000001,0.33701550059870489,0.33671566303145245|0.35885563305454948|0.310601927115085|0.3486159604580657|0.33028831933437197
3,FULL_RIDGE_TRANSFER,50,0.10000000000000001,0.20000000000000001,0.33701550059870489,0.33671566303145245|0.35885563305454948|0.310601927115085|0.3486159604580657|0.33028831933437197
3,FULL_RIDGE_TRANSFER,50,0.10000000000000001,0.5,0.33701550059870489,0.33671566303145245|0.35885563305454948|0.310601927115085|0.3486159604580657|0.33028831933437197
3,FULL_RIDGE_TRANSFER,50,0.10000000000000001,1,0.33701550059870489,0.33671566303145245|0.35885563305454948|0.310601927115085|0.3486159604580657|0.33028831933437197
3,FULL_RIDGE_TRANSFER,50,0.10000000000000001,2,0.33701550059870489,0.33671566303145245|0.35885563305454948|0.310601927115085|0.3486159604580657|0.33028831933437197
3,FULL_RIDGE_TRANSFER,50,0.10000000000000001,5,0.33701550059870489,0.33671566303145245|0.35885563305454948|0.310601927115085|0.3486159604580657|0.33028831933437197
3,FULL_RIDGE_TRANSFER,50,1,0.050000000000000003,0.33857895405457328,0.33671072388177647|0.36503577106518281|0.32133856600961863|0.3502189390347285|0.3195907702815598
3,FULL_RIDGE_TRANSFER,50,1,0.10000000000000001,0.33857895405457328,0.33671072388177647|0.36503577106518281|0.32133856600961863|0.3502189390347285|0.3195907702815598
3,FULL_RIDGE_TRANSFER,50,1,0.20000000000000001,0.33857895405457328,0.33671072388177647|0.36503577106518281|0.32133856600961863|0.3502189390347285|0.3195907702815598
3,FULL_RIDGE_TRANSFER,50,1,0.5,0.33857895405457328,0.33671072388177647|0.36503577106518281|0.32133856600961863|0.3502189390347285|0.3195907702815598
3,FULL_RIDGE_TRANSFER,50,1,1,0.33857895405457328,0.33671072388177647|0.36503577106518281|0.32133856600961863|0.3502189390347285|0.3195907702815598
3,FULL_RIDGE_TRANSFER,50,1,2,0.33857895405457328,0.33671072388177647|0.36503577106518281|0.32133856600961863|0.3502189390347285|0.3195907702815598
3,FULL_RIDGE_TRANSFER,50,1,5,0.33857895405457328,0.33671072388177647|0.36503577106518281|0.32133856600961863|0.3502189390347285|0.3195907702815598
3,FULL_RIDGE_TRANSFER,50,10,0.050000000000000003,0.34104257287045597,0.33641733839102261|0.36353747046471507|0.31534737745264063|0.3496864088969352|0.34022426914696652
3,FULL_RIDGE_TRANSFER,50,10,0.10000000000000001,0.34104257287045597,0.33641733839102261|0.36353747046471507|0.31534737745264063|0.3496864088969352|0.34022426914696652
3,FULL_RIDGE_TRANSFER,50,10,0.20000000000000001,0.34104257287045597,0.33641733839102261|0.36353747046471507|0.31534737745264063|0.3496864088969352|0.34022426914696652
3,FULL_RIDGE_TRANSFER,50,10,0.5,0.34104257287045597,0.33641733839102261|0.36353747046471507|0.31534737745264063|0.3496864088969352|0.34022426914696652
3,FULL_RIDGE_TRANSFER,50,10,1,0.34104257287045597,0.33641733839102261|0.36353747046471507|0.31534737745264063|0.3496864088969352|0.34022426914696652
3,FULL_RIDGE_TRANSFER,50,10,2,0.34104257287045597,0.33641733839102261|0.36353747046471507|0.31534737745264063|0.3496864088969352|0.34022426914696652
3,FULL_RIDGE_TRANSFER,50,10,5,0.34104257287045597,0.33641733839102261|0.36353747046471507|0.31534737745264063|0.3496864088969352|0.34022426914696652
3,FULL_RIDGE_TRANSFER,50,100,0.050000000000000003,0.33477617730839482,0.33579599336178284|0.34642198700248239|0.30970777168145591|0.34365795221058382|0.33829718228566913
3,FULL_RIDGE_TRANSFER,50,100,0.10000000000000001,0.33477617730839482,0.33579599336178284|0.34642198700248239|0.30970777168145591|0.34365795221058382|0.33829718228566913
3,FULL_RIDGE_TRANSFER,50,100,0.20000000000000001,0.33477617730839482,0.33579599336178284|0.34642198700248239|0.30970777168145591|0.34365795221058382|0.33829718228566913
3,FULL_RIDGE_TRANSFER,50,100,0.5,0.33477617730839482,0.33579599336178284|0.34642198700248239|0.30970777168145591|0.34365795221058382|0.33829718228566913
3,FULL_RIDGE_TRANSFER,50,100,1,0.33477617730839482,0.33579599336178284|0.34642198700248239|0.30970777168145591|0.34365795221058382|0.33829718228566913
3,FULL_RIDGE_TRANSFER,50,100,2,0.33477617730839482,0.33579599336178284|0.34642198700248239|0.30970777168145591|0.34365795221058382|0.33829718228566913
3,FULL_RIDGE_TRANSFER,50,100,5,0.33477617730839482,0.33579599336178284|0.34642198700248239|0.30970777168145591|0.34365795221058382|0.33829718228566913
4,LRCM,1,1.0000000000000001e-05,0.050000000000000003,0.32958063559921147,0.3255697338205078|0.31772265686739376|0.32561563614195194|0.3583979091873829|0.32059724197882089
4,LRCM,1,1.0000000000000001e-05,0.10000000000000001,0.32958063559921147,0.3255697338205078|0.31772265686739376|0.32561563614195194|0.3583979091873829|0.32059724197882089
4,LRCM,1,1.0000000000000001e-05,0.20000000000000001,0.32958063559921147,0.3255697338205078|0.31772265686739376|0.32561563614195194|0.3583979091873829|0.32059724197882089
4,LRCM,1,1.0000000000000001e-05,0.5,0.32958063559921147,0.3255697338205078|0.31772265686739376|0.32561563614195194|0.3583979091873829|0.32059724197882089
4,LRCM,1,1.0000000000000001e-05,1,0.32958063559921147,0.3255697338205078|0.31772265686739376|0.32561563614195194|0.3583979091873829|0.32059724197882089
4,LRCM,1,1.0000000000000001e-05,2,0.32958063559921147,0.3255697338205078|0.31772265686739376|0.32561563614195194|0.3583979091873829|0.32059724197882089
4,LRCM,1,1.0000000000000001e-05,5,0.32958063559921147,0.3255697338205078|0.31772265686739376|0.32561563614195194|0.3583979091873829|0.32059724197882089
4,LRCM,1,0.0001,0.050000000000000003,0.32958063559921147,0.3255697338205078|0.31772265686739376|0.32561563614195194|0.3583979091873829|0.32059724197882089
4,LRCM,1,0.0001,0.10000000000000001,0.32958063559921147,0.3255697338205078|0.31772265686739376|0.32561563614195194|0.3583979091873829|0.32059724197882089
4,LRCM,1,0.0001,0.20000000000000001,0.32958063559921147,0.3255697338205078|0.31772265686739376|0.32561563614195194|0.3583979091873829|0.32059724197882089
4,LRCM,1,0.0001,0.5,0.32958063559921147,0.3255697338205078|0.31772265686739376|0.32561563614195194|0.3583979091873829|0.32059724197882089
4,LRCM,1,0.0001,1,0.32958063559921147,0.3255697338205078|0.31772265686739376|0.32561563614195194|0.3583979091873829|0.32059724197882089
4,LRCM,1,0.0001,2,0.32958063559921147,0.3255697338205078|0.31772265686739376|0.32561563614195194|0.3583979091873829|0.32059724197882089
4,LRCM,1,0.0001,5,0.32958063559921147,0.3255697338205078|0.31772265686739376|0.32561563614195194|0.3583979091873829|0.32059724197882089
4,LRCM,1,0.001,0.050000000000000003,0.32970380901185853,0.3255697338205078|0.31706476213055163|0.32621372226635387|0.35907358486305851|0.32059724197882089
4,LRCM,1,0.001,0.10000000000000001,0.32970380901185853,0.3255697338205078|0.31706476213055163|0.32621372226635387|0.35907358486305851|0.32059724197882089
4,LRCM,1,0.001,0.20000000000000001,0.32970380901185853,0.3255697338205078|0.31706476213055163|0.32621372226635387|0.35907358486305851|0.32059724197882089
4,LRCM,1,0.001,0.5,0.32970380901185853,0.3255697338205078|0.31706476213055163|0.32621372226635387|0.35907358486305851|0.32059724197882089
4,LRCM,1,0.001,1,0.32970380901185853,0.3255697338205078|0.31706476213055163|0.32621372226635387|0.35907358486305851|0.32059724197882089
4,LRCM,1,0.001,2,0.32970380901185853,0.3255697338205078|0.31706476213055163|0.32621372226635387|0.35907358486305851|0.32059724197882089
4,LRCM,1,0.001,5,0.32970380901185853,0.3255697338205078|0.31706476213055163|0.32621372226635387|0.35907358486305851|0.32059724197882089
4,LRCM,1,0.01,0.050000000000000003,0.32848344390991446,0.32286604328786994|0.31967757230915128|0.32621372226635381|0.3570643387748651|0.31659554291133241
4,LRCM,1,0.01,0.10000000000000001,0.32848344390991446,0.32286604328786994|0.31967757230915128|0.32621372226635381|0.3570643387748651|0.31659554291133241
4,LRCM,1,0.01,0.20000000000000001,0.32848344390991446,0.32286604328786994|0.31967757230915128|0.32621372226635381|0.3570643387748651|0.31659554291133241
4,LRCM,1,0.01,0.5,0.32848344390991446,0.32286604328786994|0.31967757230915128|0.32621372226635381|0.3570643387748651|0.31659554291133241
4,LRCM,1,0.01,1,0.32848344390991446,0.32286604328786994|0.31967757230915128|0.32621372226635381|0.3570643387748651|0.31659554291133241
4,LRCM,1,0.01,2,0.32848344390991446,0.32286604328786994|0.31967757230915128|0.32621372226635381|0.3570643387748651|0.31659554291133241
4,LRCM,1,0.01,5,0.32848344390991446,0.32286604328786994|0.31967757230915128|0.32621372226635381|0.3570643387748651|0.31659554291133241
4,LRCM,1,0.10000000000000001,0.050000000000000003,0.33206823820523512,0.31734390460783646|0.31949482377113958|0.3295486874434243|0.37339802208223261|0.32055575312154261
4,LRCM,1,0.10000000000000001,0.10000000000000001,0.33206823820523512,0.31734390460783646|0.31949482377113958|0.3295486874434243|0.37339802208223261|0.32055575312154261
4,LRCM,1,0.10000000000000001,0.20000000000000001,0.33206823820523512,0.31734390460783646|0.31949482377113958|0.3295486874434243|0.37339802208223261|0.32055575312154261
4,LRCM,1,0.10000000000000001,0.5,0.33206823820523512,0.31734390460783646|0.31949482377113958|0.3295486874434243|0.37339802208223261|0.32055575312154261
4,LRCM,1,0.10000000000000001,1,0.33206823820523512,0.31734390460783646|0.31949482377113958|0.3295486874434243|0.37339802208223261|0.32055575312154261
4,LRCM,1,0.10000000000000001,2,0.33206823820523512,0.31734390460783646|0.31949482377113958|0.3295486874434243|0.37339802208223261|0.32055575312154261
4,LRCM,1,0.10000000000000001,5,0.33206823820523512,0.31734390460783646|0.31949482377113958|0.3295486874434243|0.37339802208223261|0.32055575312154261
4,LRCM,1,1,0.050000000000000003,0.33299428489443972,0.29793222789352825|0.33394480006322114|0.33541280514964728|0.37784399060714852|0.31983760075865336
4,LRCM,1,1,0.10000000000000001,0.33299428489443972,0.29793222789352825|0.33394480006322114|0.33541280514964728|0.37784399060714852|0.31983760075865336
4,LRCM,1,1,0.20000000000000001,0.33299428489443972,0.29793222789352825|0.33394480006322114|0.33541280514964728|0.37784399060714852|0.31983760075865336
4,LRCM,1,1,0.5,0.33299428489443972,0.29793222789352825|0.33394480006322114|0.33541280514964728|0.37784399060714852|0.31983760075865336
4,LRCM,1,1,1,0.33299428489443972,0.29793222789352825|0.33394480006322114|0.33541280514964728|0.37784399060714852|0.31983760075865336
4,LRCM,1,1,2,0.33299428489443972,0.29793222789352825|0.33394480006322114|0.33541280514964728|0.37784399060714852|0.31983760075865336
4,LRCM,1,1,5,0.33299428489443972,0.29793222789352825|0.33394480006322114|0.33541280514964728|0.37784399060714852|0.31983760075865336
4,LRCM,1,10,0.050000000000000003,0.33432048840485379,0.2885419165295327|0.3309546388493757|0.35434501487133069|0.37410530831583466|0.32365556345819507
4,LRCM,1,10,0.10000000000000001,0.33432048840485379,0.2885419165295327|0.3309546388493757|0.35434501487133069|0.37410530831583466|0.32365556345819507
4,LRCM,1,10,0.20000000000000001,0.33432048840485379,0.2885419165295327|0.3309546388493757|0.35434501487133069|0.37410530831583466|0.32365556345819507
4,LRCM,1,10,0.5,0.33432048840485379,0.2885419165295327|0.3309546388493757|0.35434501487133069|0.37410530831583466|0.32365556345819507
4,LRCM,1,10,1,0.33432048840485379,0.2885419165295327|0.3309546388493757|0.35434501487133069|0.37410530831583466|0.32365556345819507
4,LRCM,1,10,2,0.33432048840485379,0.2885419165295327|0.3309546388493757|0.35434501487133069|0.37410530831583466|0.32365556345819507
4,LRCM,1,10,5,0.33432048840485379,0.2885419165295327|0.3309546388493757|0.35434501487133069|0.37410530831583466|0.32365556345819507
4,LRCM,1,100,0.050000000000000003,0.33240154793328169,0.29327263408919763|0.33360301090564248|0.35185478540741699|0.36080615389825915|0.32247115536589221
4,LRCM,1,100,0.10000000000000001,0.33240154793328169,0.29327263408919763|0.33360301090564248|0.35185478540741699|0.36080615389825915|0.32247115536589221
4,LRCM,1,100,0.20000000000000001,0.33240154793328169,0.29327263408919763|0.33360301090564248|0.35185478540741699|0.36080615389825915|0.32247115536589221
4,LRCM,1,100,0.5,0.33240154793328169,0.29327263408919763|0.33360301090564248|0.35185478540741699|0.36080615389825915|0.32247115536589221
4,LRCM,1,100,1,0.33240154793328169,0.29327263408919763|0.33360301090564248|0.35185478540741699|0.36080615389825915|0.32247115536589221
4,LRCM,1,100,2,0.33240154793328169,0.29327263408919763|0.33360301090564248|0.35185478540741699|0.36080615389825915|0.32247115536589221
4,LRCM,1,100,5,0.33240154793328169,0.29327263408919763|0.33360301090564248|0.35185478540741699|0.36080615389825915|0.32247115536589221
4,LRCM,2,1.0000000000000001e-05,0.050000000000000003,0.33302367296330149,0.32189689745030303|0.33195234708392601|0.34978424254740048|0.34015367811420449|0.3213311996206733
4,LRCM,2,1.0000000000000001e-05,0.10000000000000001,0.33302367296330149,0.32189689745030303|0.33195234708392601|0.34978424254740048|0.34015367811420449|0.3213311996206733
4,LRCM,2,1.0000000000000001e-05,0.20000000000000001,0.33302367296330149,0.32189689745030303|0.33195234708392601|0.34978424254740048|0.34015367811420449|0.3213311996206733
4,LRCM,2,1.0000000000000001e-05,0.5,0.33302367296330149,0.32189689745030303|0.33195234708392601|0.34978424254740048|0.34015367811420449|0.3213311996206733
4,LRCM,2,1.0000000000000001e-05,1,0.33302367296330149,0.32189689745030303|0.33195234708392601|0.34978424254740048|0.34015367811420449|0.3213311996206733
4,LRCM,2,1.0000000000000001e-05,2,0.33302367296330149,0.32189689745030303|0.33195234708392601|0.34978424254740048|0.34015367811420449|0.3213311996206733
4,LRCM,2,1.0000000000000001e-05,5,0.33302367296330149,0.32189689745030303|0.33195234708392601|0.34978424254740048|0.34015367811420449|0.3213311996206733
4,LRCM,2,0.0001,0.050000000000000003,0.33288478407441258,0.32189689745030303|0.33125790263948157|0.34978424254740048|0.34015367811420449|0.3213311996206733
4,LRCM,2,0.0001,0.10000000000000001,0.33288478407441258,0.32189689745030303|0.33125790263948157|0.34978424254740048|0.34015367811420449|0.3213311996206733
4,LRCM,2,0.0001,0.20000000000000001,0.33288478407441258,0.32189689745030303|0.33125790263948157|0.34978424254740048|0.34015367811420449|0.3213311996206733
4,LRCM,2,0.0001,0.5,0.33288478407441258,0.32189689745030303|0.33125790263948157|0.34978424254740048|0.34015367811420449|0.3213311996206733
4,LRCM,2,0.0001,1,0.33288478407441258,0.32189689745030303|0.33125790263948157|0.34978424254740048|0.34015367811420449|0.3213311996206733
4,LRCM,2,0.0001,2,0.33288478407441258,0.32189689745030303|0.33125790263948157|0.34978424254740048|0.34015367811420449|0.3213311996206733
4,LRCM,2,0.0001,5,0.33288478407441258,0.32189689745030303|0.33125790263948157|0.34978424254740048|0.34015367811420449|0.3213311996206733
4,LRCM,2,0.001,0.050000000000000003,0.33275837776379574,0.32187911651146944|0.33125790263948157|0.3491699919331499|0.34015367811420449|0.3213311996206733
4,LRCM,2,0.001,0.10000000000000001,0.33275837776379574,0.32187911651146944|0.33125790263948157|0.3491699919331499|0.34015367811420449|0.3213311996206733
4,LRCM,2,0.001,0.20000000000000001,0.33275837776379574,0.32187911651146944|0.33125790263948157|0.3491699919331499|0.34015367811420449|0.3213311996206733
4,LRCM,2,0.001,0.5,0.33275837776379574,0.32187911651146944|0.33125790263948157|0.3491699919331499|0.34015367811420449|0.3213311996206733
4,LRCM,2,0.001,1,0.33275837776379574,0.32187911651146944|0.33125790263948157|0.3491699919331499|0.34015367811420449|0.3213311996206733
4,LRCM,2,0.001,2,0.33275837776379574,0.32187911651146944|0.33125790263948157|0.3491699919331499|0.34015367811420449|0.3213311996206733
4,LRCM,2,0.001,5,0.33275837776379574,0.32187911651146944|0.33125790263948157|0.3491699919331499|0.34015367811420449|0.3213311996206733
4,LRCM,2,0.01,0.050000000000000003,0.33216187319360696,0.31910125406255441|0.32990556345819505|0.35031767071240755|0.33816221296484456|0.32332266477003319
4,LRCM,2,0.01,0.10000000000000001,0.33216187319360696,0.31910125406255441|0.32990556345819505|0.35031767071240755|0.33816221296484456|0.32332266477003319
4,LRCM,2,0.01,0.20000000000000001,0.33216187319360696,0.31910125406255441|0.32990556345819505|0.35031767071240755|0.33816221296484456|0.32332266477003319
4,LRCM,2,0.01,0.5,0.33216187319360696,0.31910125406255441|0.32990556345819505|0.35031767071240755|0.33816221296484456|0.32332266477003319
4,LRCM,2,0.01,1,0.33216187319360696,0.31910125406255441|0.32990556345819505|0.35031767071240755|0.33816221296484456|0.32332266477003319
4,LRCM,2,0.01,2,0.33216187319360696,0.31910125406255441|0.32990556345819505|0.35031767071240755|0.33816221296484456|0.32332266477003319
4,LRCM,2,0.01,5,0.33216187319360696,0.31910125406255441|0.32990556345819505|0.35031767071240755|0.33816221296484456|0.32332266477003319
4,LRCM,2,0.10000000000000001,0.050000000000000003,0.33122223755660285,0.31156024500838742|0.32729077761972503|0.34829066934330094|0.34687371582108428|0.32209577999051681
4,LRCM,2,0.10000000000000001,0.10000000000000001,0.33122223755660285,0.31156024500838742|0.32729077761972503|0.34829066934330094|0.34687371582108428|0.32209577999051681
4,LRCM,2,0.10000000000000001,0.20000000000000001,0.33122223755660285,0.31156024500838742|0.32729077761972503|0.34829066934330094|0.34687371582108428|0.32209577999051681
4,LRCM,2,0.10000000000000001,0.5,0.33122223755660285,0.31156024500838742|0.32729077761972503|0.34829066934330094|0.34687371582108428|0.32209577999051681
4,LRCM,2,0.10000000000000001,1,0.33122223755660285,0.31156024500838742|0.32729077761972503|0.34829066934330094|0.34687371582108428|0.32209577999051681
4,LRCM,2,0.10000000000000001,2,0.33122223755660285,0.31156024500838742|0.32729077761972503|0.34829066934330094|0.34687371582108428|0.32209577999051681
4,LRCM,2,0.10000000000000001,5,0.33122223755660285,0.31156024500838742|0.32729077761972503|0.34829066934330094|0.34687371582108428|0.32209577999051681
4,LRCM,2,1,0.050000000000000003,0.32649684247594468,0.28757878234271422|0.33362079184447613|0.34770589967958387|0.33982834338097501|0.32375039513197412
4,LRCM,2,1,0.10000000000000001,0.32649684247594468,0.28757878234271422|0.33362079184447613|0.34770589967958387|0.33982834338097501|0.32375039513197412
4,LRCM,2,1,0.20000000000000001,0.32649684247594468,0.28757878234271422|0.33362079184447613|0.34770589967958387|0.33982834338097501|0.32375039513197412
4,LRCM,2,1,0.5,0.32649684247594468,0.28757878234271422|0.33362079184447613|0.34770589967958387|0.33982834338097501|0.32375039513197412
4,LRCM,2,1,1,0.32649684247594468,0.28757878234271422|0.33362079184447613|0.34770589967958387|0.33982834338097501|0.32375039513197412
4,LRCM,2,1,2,0.32649684247594468,0.28757878234271422|0.33362079184447613|0.34770589967958387|0.33982834338097501|0.32375039513197412
4,LRCM,2,1,5,0.32649684247594468,0.28757878234271422|0.33362079184447613|0.34770589967958387|0.33982834338097501|0.32375039513197412
4,LRCM,2,10,0.050000000000000003,0.33181921320621005,0.29394830976487329|0.34156887150308202|0.34640735232840497|0.35199965002596578|0.32517188240872452
4,LRCM,2,10,0.10000000000000001,0.33181921320621005,0.29394830976487329|0.34156887150308202|0.34640735232840497|0.35199965002596578|0.32517188240872452
4,LRCM,2,10,0.20000000000000001,0.33181921320621005,0.29394830976487329|0.34156887150308202|0.34640735232840497|0.35199965002596578|0.32517188240872452
4,LRCM,2,10,0.5,0.33181921320621005,0.29394830976487329|0.34156887150308202|0.34640735232840497|0.35199965002596578|0.32517188240872452
4,LRCM,2,10,1,0.33181921320621005,0.29394830976487329|0.34156887150308202|0.34640735232840497|0.35199965002596578|0.32517188240872452
4,LRCM,2,10,2,0.33181921320621005,0.29394830976487329|0.34156887150308202|0.34640735232840497|0.35199965002596578|0.32517188240872452
4,LRCM,2,10,5,0.33181921320621005,0.29394830976487329|0.34156887150308202|0.34640735232840497|0.35199965002596578|0.32517188240872452
4,LRCM,2,100,0.050000000000000003,0.33284136574152051,0.29593977491423312|0.33559447605500237|0.34826716668821933|0.35934218993429518|0.32506322111585267
4,LRCM,2,100,0.10000000000000001,0.33284136574152051,0.29593977491423312|0.33559447605500237|0.34826716668821933|0.35934218993429518|0.32506322111585267
4,LRCM,2,100,0.20000000000000001,0.33284136574152051,0.29593977491423312|0.33559447605500237|0.34826716668821933|0.35934218993429518|0.32506322111585267
4,LRCM,2,100,0.5,0.33284136574152051,0.29593977491423312|0.33559447605500237|0.34826716668821933|0.35934218993429518|0.32506322111585267
4,LRCM,2,100,1,0.33284136574152051,0.29593977491423312|0.33559447605500237|0.34826716668821933|0.35934218993429518|0.32506322111585267
4,LRCM,2,100,2,0.33284136574152051,0.29593977491423312|0.33559447605500237|0.34826716668821933|0.35934218993429518|0.32506322111585267
4,LRCM,2,100,5,0.33284136574152051,0.29593977491423312|0.33559447605500237|0.34826716668821933|0.35934218993429518|0.32506322111585267
4,LRCM,3,1.0000000000000001e-05,0.050000000000000003,0.33337466305113361,0.32561706498626003|0.33735972814920179|0.34451177082756029|0.33316379349274083|0.32622095779990523
4,LRCM,3,1.0000000000000001e-05,0.10000000000000001,0.33337466305113361,0.32561706498626003|0.33735972814920179|0.34451177082756029|0.33316379349274083|0.32622095779990523
4,LRCM,3,1.0000000000000001e-05,0.20000000000000001,0.33337466305113361,0.32561706498626003|0.33735972814920179|0.34451177082756029|0.33316379349274083|0.32622095779990523
4,LRCM,3,1.0000000000000001e-05,0.5,0.33337466305113361,0.32561706498626003|0.33735972814920179|0.34451177082756029|0.33316379349274083|0.32622095779990523
4,LRCM,3,1.0000000000000001e-05,1,0.33337466305113361,0.32561706498626003|0.33735972814920179|0.34451177082756029|0.33316379349274083|0.32622095779990523
4,LRCM,3,1.0000000000000001e-05,2,0.33337466305113361,0.32561706498626003|0.33735972814920179|0.34451177082756029|0.33316379349274083|0.32622095779990523
4,LRCM,3,1.0000000000000001e-05,5,0.33337466305113361,0.32561706498626003|0.33735972814920179|0.34451177082756029|0.33316379349274083|0.32622095779990523
4,LRCM,3,0.0001,0.050000000000000003,0.33337466305113361,0.32561706498626003|0.33735972814920179|0.34451177082756029|0.33316379349274083|0.32622095779990523
4,LRCM,3,0.0001,0.10000000000000001,0.33337466305113361,0.32561706498626003|0.33735972814920179|0.34451177082756029|0.33316379349274083|0.32622095779990523
4,LRCM,3,0.0001,0.20000000000000001,0.33337466305113361,0.32561706498626003|0.33735972814920179|0.34451177082756029|0.33316379349274083|0.32622095779990523
4,LRCM,3,0.0001,0.5,0.33337466305113361,0.32561706498626003|0.33735972814920179|0.34451177082756029|0.33316379349274083|0.32622095779990523
4,LRCM,3,0.0001,1,0.33337466305113361,0.32561706498626003|0.33735972814920179|0.34451177082756029|0.33316379349274083|0.32622095779990523
4,LRCM,3,0.0001,2,0.33337466305113361,0.32561706498626003|0.33735972814920179|0.34451177082756029|0.33316379349274083|0.32622095779990523
4,LRCM,3,0.0001,5,0.33337466305113361,0.32561706498626003|0.33735972814920179|0.34451177082756029|0.33316379349274083|0.32622095779990523
4,LRCM,3,0.001,0.050000000000000003,0.3335097981862688,0.32561706498626003|0.33803540382487751|0.34451177082756029|0.33316379349274083|0.32622095779990523
4,LRCM,3,0.001,0.10000000000000001,0.3335097981862688,0.32561706498626003|0.33803540382487751|0.34451177082756029|0.33316379349274083|0.32622095779990523
4,LRCM,3,0.001,0.20000000000000001,0.3335097981862688,0.32561706498626003|0.33803540382487751|0.34451177082756029|0.33316379349274083|0.32622095779990523
4,LRCM,3,0.001,0.5,0.3335097981862688,0.32561706498626003|0.33803540382487751|0.34451177082756029|0.33316379349274083|0.32622095779990523
4,LRCM,3,0.001,1,0.3335097981862688,0.32561706498626003|0.33803540382487751|0.34451177082756029|0.33316379349274083|0.32622095779990523
4,LRCM,3,0.001,2,0.3335097981862688,0.32561706498626003|0.33803540382487751|0.34451177082756029|0.33316379349274083|0.32622095779990523
4,LRCM,3,0.001,5,0.3335097981862688,0.32561706498626003|0.33803540382487751|0.34451177082756029|0.33316379349274083|0.32622095779990523
4,LRCM,3,0.01,0.050000000000000003,0.33581634516386832,0.32492360837175072|0.34201833412359728|0.34868220920852494|0.33654315970105442|0.32691441441441438
4,LRCM,3,0.01,0.10000000000000001,0.33581634516386832,0.32492360837175072|0.34201833412359728|0.34868220920852494|0.33654315970105442|0.32691441441441438
4,LRCM,3,0.01,0.20000000000000001,0.33581634516386832,0.32492360837175072|0.34201833412359728|0.34868220920852494|0.33654315970105442|0.32691441441441438
4,LRCM,3,0.01,0.5,0.33581634516386832,0.32492360837175072|0.34201833412359728|0.34868220920852494|0.33654315970105442|0.32691441441441438
4,LRCM,3,0.01,1,0.33581634516386832,0.32492360837175072|0.34201833412359728|0.34868220920852494|0.33654315970105442|0.32691441441441438
4,LRCM,3,0.01,2,0.33581634516386832,0.32492360837175072|0.34201833412359728|0.34868220920852494|0.33654315970105442|0.32691441441441438
4,LRCM,3,0.01,5,0.33581634516386832,0.32492360837175072|0.34201833412359728|0.34868220920852494|0.33654315970105442|0.32691441441441438
4,LRCM,3,0.10000000000000001,0.050000000000000003,0.33353889882605053,0.32144185649603607|0.34477635530267114|0.3459799683483894|0.32979100340942447|0.32570531057373164
4,LRCM,3,0.10000000000000001,0.10000000000000001,0.33353889882605053,0.32144185649603607|0.34477635530267114|0.3459799683483894|0.32979100340942447|0.32570531057373164
4,LRCM,3,0.10000000000000001,0.20000000000000001,0.33353889882605053,0.32144185649603607|0.34477635530267114|0.3459799683483894|0.32979100340942447|0.32570531057373164
4,LRCM,3,0.10000000000000001,0.5,0.33353889882605053,0.32144185649603607|0.34477635530267114|0.3459799683483894|0.32979100340942447|0.32570531057373164
4,LRCM,3,0.10000000000000001,1,0.33353889882605053,0.32144185649603607|0.34477635530267114|0.3459799683483894|0.32979100340942447|0.32570531057373164
4,LRCM,3,0.10000000000000001,2,0.33353889882605053,0.32144185649603607|0.34477635530267114|0.3459799683483894|0.32979100340942447|0.32570531057373164
4,LRCM,3,0.10000000000000001,5,0.33353889882605053,0.32144185649603607|0.34477635530267114|0.3459799683483894|0.32979100340942447|0.32570531057373164
4,LRCM,3,1,0.050000000000000003,0.33074865018208677,0.29978542175523604|0.34042002528844634|0.33921864448180239|0.33929663686242628|0.33502252252252257
4,LRCM,3,1,0.10000000000000001,0.33074865018208677,0.29978542175523604|0.34042002528844634|0.33921864448180239|0.33929663686242628|0.33502252252252257
4,LRCM,3,1,0.20000000000000001,0.33074865018208677,0.29978542175523604|0.34042002528844634|0.33921864448180239|0.33929663686242628|0.33502252252252257
4,LRCM,3,1,0.5,0.33074865018208677,0.29978542175523604|0.34042002528844634|0.33921864448180239|0.33929663686242628|0.33502252252252257
4,LRCM,3,1,1,0.33074865018208677,0.29978542175523604|0.34042002528844634|0.33921864448180239|0.33929663686242628|0.33502252252252257
4,LRCM,3,1,2,0.33074865018208677,0.29978542175523604|0.34042002528844634|0.33921864448180239|0.33929663686242628|0.33502252252252257
4,LRCM,3,1,5,0.33074865018208677,0.29978542175523604|0.34042002528844634|0.33921864448180239|0.33929663686242628|0.33502252252252257
4,LRCM,3,10,0.050000000000000003,0.33689362654842531,0.3066444529447625|0.34432788051209101|0.34574460824460823|0.35201743096479943|0.33573376007586531
4,LRCM,3,10,0.10000000000000001,0.33689362654842531,0.3066444529447625|0.34432788051209101|0.34574460824460823|0.35201743096479943|0.33573376007586531
4,LRCM,3,10,0.20000000000000001,0.33689362654842531,0.3066444529447625|0.34432788051209101|0.34574460824460823|0.35201743096479943|0.33573376007586531
4,LRCM,3,10,0.5,0.33689362654842531,0.3066444529447625|0.34432788051209101|0.34574460824460823|0.35201743096479943|0.33573376007586531
4,LRCM,3,10,1,0.33689362654842531,0.3066444529447625|0.34432788051209101|0.34574460824460823|0.35201743096479943|0.33573376007586531
4,LRCM,3,10,2,0.33689362654842531,0.3066444529447625|0.34432788051209101|0.34574460824460823|0.35201743096479943|0.33573376007586531
4,LRCM,3,10,5,0.33689362654842531,0.3066444529447625|0.34432788051209101|0.34574460824460823|0.35201743096479943|0.33573376007586531
4,LRCM,3,100,0.050000000000000003,0.33230558577153008,0.29592092147432708|0.3362523707918445|0.3476529160739687|0.35736949355370407|0.32433222696380593
4,LRCM,3,100,0.10000000000000001,0.33230558577153008,0.29592092147432708|0.3362523707918445|0.3476529160739687|0.35736949355370407|0.32433222696380593
4,LRCM,3,100,0.20000000000000001,0.33230558577153008,0.29592092147432708|0.3362523707918445|0.3476529160739687|0.35736949355370407|0.32433222696380593
4,LRCM,3,100,0.5,0.33230558577153008,0.29592092147432708|0.3362523707918445|0.3476529160739687|0.35736949355370407|0.32433222696380593
4,LRCM,3,100,1,0.33230558577153008,0.29592092147432708|0.3362523707918445|0.3476529160739687|0.35736949355370407|0.32433222696380593
4,LRCM,3,100,2,0.33230558577153008,0.29592092147432708|0.3362523707918445|0.3476529160739687|0.35736949355370407|0.32433222696380593
4,LRCM,3,100,5,0.33230558577153008,0.29592092147432708|0.3362523707918445|0.3476529160739687|0.35736949355370407|0.32433222696380593
4,LRCM,5,1.0000000000000001e-05,0.050000000000000003,0.33020699554445682,0.30887823194711739|0.33766496759917813|0.33676389992179467|0.33338103140734721|0.33434684684684679
4,LRCM,5,1.0000000000000001e-05,0.10000000000000001,0.33020699554445682,0.30887823194711739|0.33766496759917813|0.33676389992179467|0.33338103140734721|0.33434684684684679
4,LRCM,5,1.0000000000000001e-05,0.20000000000000001,0.33020699554445682,0.30887823194711739|0.33766496759917813|0.33676389992179467|0.33338103140734721|0.33434684684684679
4,LRCM,5,1.0000000000000001e-05,0.5,0.33020699554445682,0.30887823194711739|0.33766496759917813|0.33676389992179467|0.33338103140734721|0.33434684684684679
4,LRCM,5,1.0000000000000001e-05,1,0.33020699554445682,0.30887823194711739|0.33766496759917813|0.33676389992179467|0.33338103140734721|0.33434684684684679
4,LRCM,5,1.0000000000000001e-05,2,0.33020699554445682,0.30887823194711739|0.33766496759917813|0.33676389992179467|0.33338103140734721|0.33434684684684679
4,LRCM,5,1.0000000000000001e-05,5,0.33020699554445682,0.30887823194711739|0.33766496759917813|0.33676389992179467|0.33338103140734721|0.33434684684684679
4,LRCM,5,0.0001,0.050000000000000003,0.33007541659708844,0.30887823194711739|0.33700707286233605|0.33676389992179467|0.33338103140734721|0.33434684684684679
4,LRCM,5,0.0001,0.10000000000000001,0.33007541659708844,0.30887823194711739|0.33700707286233605|0.33676389992179467|0.33338103140734721|0.33434684684684679
4,LRCM,5,0.0001,0.20000000000000001,0.33007541659708844,0.30887823194711739|0.33700707286233605|0.33676389992179467|0.33338103140734721|0.33434684684684679
4,LRCM,5,0.0001,0.5,0.33007541659708844,0.30887823194711739|0.33700707286233605|0.33676389992179467|0.33338103140734721|0.33434684684684679
4,LRCM,5,0.0001,1,0.33007541659708844,0.30887823194711739|0.33700707286233605|0.33676389992179467|0.33338103140734721|0.33434684684684679
4,LRCM,5,0.0001,2,0.33007541659708844,0.30887823194711739|0.33700707286233605|0.33676389992179467|0.33338103140734721|0.33434684684684679
4,LRCM,5,0.0001,5,0.33007541659708844,0.30887823194711739|0.33700707286233605|0.33676389992179467|0.33338103140734721|0.33434684684684679
4,LRCM,5,0.001,0.050000000000000003,0.33044978618198434,0.30887823194711739|0.33700707286233605|0.33796007217059848|0.33405670708302287|0.33434684684684679
4,LRCM,5,0.001,0.10000000000000001,0.33044978618198434,0.30887823194711739|0.33700707286233605|0.33796007217059848|0.33405670708302287|0.33434684684684679
4,LRCM,5,0.001,0.20000000000000001,0.33044978618198434,0.30887823194711739|0.33700707286233605|0.33796007217059848|0.33405670708302287|0.33434684684684679
4,LRCM,5,0.001,0.5,0.33044978618198434,0.30887823194711739|0.33700707286233605|0.33796007217059848|0.33405670708302287|0.33434684684684679
4,LRCM,5,0.001,1,0.33044978618198434,0.30887823194711739|0.33700707286233605|0.33796007217059848|0.33405670708302287|0.33434684684684679
4,LRCM,5,0.001,2,0.33044978618198434,0.30887823194711739|0.33700707286233605|0.33796007217059848|0.33405670708302287|0.33434684684684679
4,LRCM,5,0.001,5,0.33044978618198434,0.30887823194711739|0.33700707286233605|0.33796007217059848|0.33405670708302287|0.33434684684684679
4,LRCM,5,0.01,0.050000000000000003,0.33023205153003915,0.30951834574512593|0.33430338232969814|0.34027159421896269|0.33401809704441277|0.33304883831199616
4,LRCM,5,0.01,0.10000000000000001,0.33023205153003915,0.30951834574512593|0.33430338232969814|0.34027159421896269|0.33401809704441277|0.33304883831199616
4,LRCM,5,0.01,0.20000000000000001,0.33023205153003915,0.30951834574512593|0.33430338232969814|0.34027159421896269|0.33401809704441277|0.33304883831199616
4,LRCM,5,0.01,0.5,0.33023205153003915,0.30951834574512593|0.33430338232969814|0.34027159421896269|0.33401809704441277|0.33304883831199616
4,LRCM,5,0.01,1,0.33023205153003915,0.30951834574512593|0.33430338232969814|0.34027159421896269|0.33401809704441277|0.33304883831199616
4,LRCM,5,0.01,2,0.33023205153003915,0.30951834574512593|0.33430338232969814|0.34027159421896269|0.33401809704441277|0.33304883831199616
4,LRCM,5,0.01,5,0.33023205153003915,0.30951834574512593|0.33430338232969814|0.34027159421896269|0.33401809704441277|0.33304883831199616
4,LRCM,5,0.10000000000000001,0.050000000000000003,0.32972459989642655,0.31500823468315725|0.33623952900268689|0.33699805410331723|0.33131127367969471|0.3290659080132764
4,LRCM,5,0.10000000000000001,0.10000000000000001,0.32972459989642655,0.31500823468315725|0.33623952900268689|0.33699805410331723|0.33131127367969471|0.3290659080132764
4,LRCM,5,0.10000000000000001,0.20000000000000001,0.32972459989642655,0.31500823468315725|0.33623952900268689|0.33699805410331723|0.33131127367969471|0.3290659080132764
4,LRCM,5,0.10000000000000001,0.5,0.32972459989642655,0.31500823468315725|0.33623952900268689|0.33699805410331723|0.33131127367969471|0.3290659080132764
4,LRCM,5,0.10000000000000001,1,0.32972459989642655,0.31500823468315725|0.33623952900268689|0.33699805410331723|0.33131127367969471|0.3290659080132764
4,LRCM,5,0.10000000000000001,2,0.32972459989642655,0.31500823468315725|0.33623952900268689|0.33699805410331723|0.33131127367969471|0.3290659080132764
4,LRCM,5,0.10000000000000001,5,0.32972459989642655,0.31500823468315725|0.33623952900268689|0.33699805410331723|0.33131127367969471|0.3290659080132764
4,LRCM,5,1,0.050000000000000003,0.33141416372143928,0.30652968536869468|0.34664532954006638|0.33552857368646843|0.33211782270992796|0.33624940730203889
4,LRCM,5,1,0.10000000000000001,0.33141416372143928,0.30652968536869468|0.34664532954006638|0.33552857368646843|0.33211782270992796|0.33624940730203889
4,LRCM,5,1,0.20000000000000001,0.33141416372143928,0.30652968536869468|0.34664532954006638|0.33552857368646843|0.33211782270992796|0.33624940730203889
4,LRCM,5,1,0.5,0.33141416372143928,0.30652968536869468|0.34664532954006638|0.33552857368646843|0.33211782270992796|0.33624940730203889
4,LRCM,5,1,1,0.33141416372143928,0.30652968536869468|0.34664532954006638|0.33552857368646843|0.33211782270992796|0.33624940730203889
4,LRCM,5,1,2,0.33141416372143928,0.30652968536869468|0.34664532954006638|0.33552857368646843|0.33211782270992796|0.33624940730203889
4,LRCM,5,1,5,0.33141416372143928,0.30652968536869468|0.34664532954006638|0.33552857368646843|0.33211782270992796|0.33624940730203889
4,LRCM,5,10,0.050000000000000003,0.336147578170024,0.30985710832460056|0.3430288841473052|0.34075950523318943|0.35061183363814946|0.33648055950687533
4,LRCM,5,10,0.10000000000000001,0.336147578170024,0.30985710832460056|0.3430288841473052|0.34075950523318943|0.35061183363814946|0.33648055950687533
4,LRCM,5,10,0.20000000000000001,0.336147578170024,0.30985710832460056|0.3430288841473052|0.34075950523318943|0.35061183363814946|0.33648055950687533
4,LRCM,5,10,0.5,0.336147578170024,0.30985710832460056|0.3430288841473052|0.34075950523318943|0.35061183363814946|0.33648055950687533
4,LRCM,5,10,1,0.336147578170024,0.30985710832460056|0.3430288841473052|0.34075950523318943|0.35061183363814946|0.33648055950687533
4,LRCM,5,10,2,0.336147578170024,0.30985710832460056|0.3430288841473052|0.34075950523318943|0.35061183363814946|0.33648055950687533
4,LRCM,5,10,5,0.336147578170024,0.30985710832460056|0.3430288841473052|0.34075950523318943|0.35061183363814946|0.33648055950687533
4,LRCM,5,100,0.050000000000000003,0.33257298338103297,0.29588231143571703|0.33623458985301091|0.34705482994956682|0.35802738829054614|0.32566579737632367
4,LRCM,5,100,0.10000000000000001,0.33257298338103297,0.29588231143571703|0.33623458985301091|0.34705482994956682|0.35802738829054614|0.32566579737632367
4,LRCM,5,100,0.20000000000000001,0.33257298338103297,0.29588231143571703|0.33623458985301091|0.34705482994956682|0.35802738829054614|0.32566579737632367
4,LRCM,5,100,0.5,0.33257298338103297,0.29588231143571703|0.33623458985301091|0.34705482994956682|0.35802738829054614|0.32566579737632367
4,LRCM,5,100,1,0.33257298338103297,0.29588231143571703|0.33623458985301091|0.34705482994956682|0.35802738829054614|0.32566579737632367
4,LRCM,5,100,2,0.33257298338103297,0.29588231143571703|0.33623458985301091|0.34705482994956682|0.35802738829054614|0.32566579737632367
4,LRCM,5,100,5,0.33257298338103297,0.29588231143571703|0.33623458985301091|0.34705482994956682|0.35802738829054614|0.32566579737632367
4,LRCM,8,1.0000000000000001e-05,0.050000000000000003,0.32868928188974628,0.29844944734650619|0.34653765607712972|0.33069487806329911|0.33542682720314299|0.33233760075865343
4,LRCM,8,1.0000000000000001e-05,0.10000000000000001,0.32868928188974628,0.29844944734650619|0.34653765607712972|0.33069487806329911|0.33542682720314299|0.33233760075865343
4,LRCM,8,1.0000000000000001e-05,0.20000000000000001,0.32868928188974628,0.29844944734650619|0.34653765607712972|0.33069487806329911|0.33542682720314299|0.33233760075865343
4,LRCM,8,1.0000000000000001e-05,0.5,0.32868928188974628,0.29844944734650619|0.34653765607712972|0.33069487806329911|0.33542682720314299|0.33233760075865343
4,LRCM,8,1.0000000000000001e-05,1,0.32868928188974628,0.29844944734650619|0.34653765607712972|0.33069487806329911|0.33542682720314299|0.33233760075865343
4,LRCM,8,1.0000000000000001e-05,2,0.32868928188974628,0.29844944734650619|0.34653765607712972|0.33069487806329911|0.33542682720314299|0.33233760075865343
4,LRCM,8,1.0000000000000001e-05,5,0.32868928188974628,0.29844944734650619|0.34653765607712972|0.33069487806329911|0.33542682720314299|0.33233760075865343
4,LRCM,8,0.0001,0.050000000000000003,0.32868928188974628,0.29844944734650619|0.34653765607712972|0.33069487806329911|0.33542682720314299|0.33233760075865343
4,LRCM,8,0.0001,0.10000000000000001,0.32868928188974628,0.29844944734650619|0.34653765607712972|0.33069487806329911|0.33542682720314299|0.33233760075865343
4,LRCM,8,0.0001,0.20000000000000001,0.32868928188974628,0.29844944734650619|0.34653765607712972|0.33069487806329911|0.33542682720314299|0.33233760075865343
4,LRCM,8,0.0001,0.5,0.32868928188974628,0.29844944734650619|0.34653765607712972|0.33069487806329911|0.33542682720314299|0.33233760075865343
4,LRCM,8,0.0001,1,0.32868928188974628,0.29844944734650619|0.34653765607712972|0.33069487806329911|0.33542682720314299|0.33233760075865343
4,LRCM,8,0.0001,2,0.32868928188974628,0.29844944734650619|0.34653765607712972|0.33069487806329911|0.33542682720314299|0.33233760075865343
4,LRCM,8,0.0001,5,0.32868928188974628,0.29844944734650619|0.34653765607712972|0.33069487806329911|0.33542682720314299|0.33233760075865343
4,LRCM,8,0.001,0.050000000000000003,0.32826796344211207,0.29844944734650619|0.34584321163268533|0.33129296418770104|0.33407448802185646|0.33167970602181129
4,LRCM,8,0.001,0.10000000000000001,0.32826796344211207,0.29844944734650619|0.34584321163268533|0.33129296418770104|0.33407448802185646|0.33167970602181129
4,LRCM,8,0.001,0.20000000000000001,0.32826796344211207,0.29844944734650619|0.34584321163268533|0.33129296418770104|0.33407448802185646|0.33167970602181129
4,LRCM,8,0.001,0.5,0.32826796344211207,0.29844944734650619|0.34584321163268533|0.33129296418770104|0.33407448802185646|0.33167970602181129
4,LRCM,8,0.001,1,0.32826796344211207,0.29844944734650619|0.34584321163268533|0.33129296418770104|0.33407448802185646|0.33167970602181129
4,LRCM,8,0.001,2,0.32826796344211207,0.29844944734650619|0.34584321163268533|0.33129296418770104|0.33407448802185646|0.33167970602181129
4,LRCM,8,0.001,5,0.32826796344211207,0.29844944734650619|0.34584321163268533|0.33129296418770104|0.33407448802185646|0.33167970602181129
4,LRCM,8,0.01,0.050000000000000003,0.32955154652058677,0.29988124623960533|0.3457878931563142|0.33425106583001318|0.33548214567951412|0.33235538169748696
4,LRCM,8,0.01,0.10000000000000001,0.32955154652058677,0.29988124623960533|0.3457878931563142|0.33425106583001318|0.33548214567951412|0.33235538169748696
4,LRCM,8,0.01,0.20000000000000001,0.32955154652058677,0.29988124623960533|0.3457878931563142|0.33425106583001318|0.33548214567951412|0.33235538169748696
4,LRCM,8,0.01,0.5,0.32955154652058677,0.29988124623960533|0.3457878931563142|0.33425106583001318|0.33548214567951412|0.33235538169748696
4,LRCM,8,0.01,1,0.32955154652058677,0.29988124623960533|0.3457878931563142|0.33425106583001318|0.33548214567951412|0.33235538169748696
4,LRCM,8,0.01,2,0.32955154652058677,0.29988124623960533|0.3457878931563142|0.33425106583001318|0.33548214567951412|0.33235538169748696
4,LRCM,8,0.01,5,0.32955154652058677,0.29988124623960533|0.3457878931563142|0.33425106583001318|0.33548214567951412|0.33235538169748696
4,LRCM,8,0.10000000000000001,0.050000000000000003,0.33431504977093213,0.30951778127087726|0.35660067962699538|0.3350491811018127|0.32877057508636459|0.34163703176861071
4,LRCM,8,0.10000000000000001,0.10000000000000001,0.33431504977093213,0.30951778127087726|0.35660067962699538|0.3350491811018127|0.32877057508636459|0.34163703176861071
4,LRCM,8,0.10000000000000001,0.20000000000000001,0.33431504977093213,0.30951778127087726|0.35660067962699538|0.3350491811018127|0.32877057508636459|0.34163703176861071
4,LRCM,8,0.10000000000000001,0.5,0.33431504977093213,0.30951778127087726|0.35660067962699538|0.3350491811018127|0.32877057508636459|0.34163703176861071
4,LRCM,8,0.10000000000000001,1,0.33431504977093213,0.30951778127087726|0.35660067962699538|0.3350491811018127|0.32877057508636459|0.34163703176861071
4,LRCM,8,0.10000000000000001,2,0.33431504977093213,0.30951778127087726|0.35660067962699538|0.3350491811018127|0.32877057508636459|0.34163703176861071
4,LRCM,8,0.10000000000000001,5,0.33431504977093213,0.30951778127087726|0.35660067962699538|0.3350491811018127|0.32877057508636459|0.34163703176861071
4,LRCM,8,1,0.050000000000000003,0.33588128813748008,0.32444368572464549|0.35240339023233758|0.33423272041693103|0.33010355280092124|0.33822309151256513
4,LRCM,8,1,0.10000000000000001,0.33588128813748008,0.32444368572464549|0.35240339023233758|0.33423272041693103|0.33010355280092124|0.33822309151256513
4,LRCM,8,1,0.20000000000000001,0.33588128813748008,0.32444368572464549|0.35240339023233758|0.33423272041693103|0.33010355280092124|0.33822309151256513
4,LRCM,8,1,0.5,0.33588128813748008,0.32444368572464549|0.35240339023233758|0.33423272041693103|0.33010355280092124|0.33822309151256513
4,LRCM,8,1,1,0.33588128813748008,0.32444368572464549|0.35240339023233758|0.33423272041693103|0.33010355280092124|0.33822309151256513
4,LRCM,8,1,2,0.33588128813748008,0.32444368572464549|0.35240339023233758|0.33423272041693103|0.33010355280092124|0.33822309151256513
4,LRCM,8,1,5,0.33588128813748008,0.32444368572464549|0.35240339023233758|0.33423272041693103|0.33010355280092124|0.33822309151256513
4,LRCM,8,10,0.050000000000000003,0.33614858396050351,0.30779254376003606|0.34562490121700651|0.33763706461074877|0.35059405269931582|0.33909435751541017
4,LRCM,8,10,0.10000000000000001,0.33614858396050351,0.30779254376003606|0.34562490121700651|0.33763706461074877|0.35059405269931582|0.33909435751541017
4,LRCM,8,10,0.20000000000000001,0.33614858396050351,0.30779254376003606|0.34562490121700651|0.33763706461074877|0.35059405269931582|0.33909435751541017
4,LRCM,8,10,0.5,0.33614858396050351,0.30779254376003606|0.34562490121700651|0.33763706461074877|0.35059405269931582|0.33909435751541017
4,LRCM,8,10,1,0.33614858396050351,0.30779254376003606|0.34562490121700651|0.33763706461074877|0.35059405269931582|0.33909435751541017
4,LRCM,8,10,2,0.33614858396050351,0.30779254376003606|0.34562490121700651|0.33763706461074877|0.35059405269931582|0.33909435751541017
4,LRCM,8,10,5,0.33614858396050351,0.30779254376003606|0.34562490121700651|0.33763706461074877|0.35059405269931582|0.33909435751541017
4,LRCM,8,100,0.050000000000000003,0.33243784824589778,0.29453096008436569|0.33623458985301091|0.34705482994956682|0.35870306396622181|0.32566579737632367
4,LRCM,8,100,0.10000000000000001,0.33243784824589778,0.29453096008436569|0.33623458985301091|0.34705482994956682|0.35870306396622181|0.32566579737632367
4,LRCM,8,100,0.20000000000000001,0.33243784824589778,0.29453096008436569|0.33623458985301091|0.34705482994956682|0.35870306396622181|0.32566579737632367
4,LRCM,8,100,0.5,0.33243784824589778,0.29453096008436569|0.33623458985301091|0.34705482994956682|0.35870306396622181|0.32566579737632367
4,LRCM,8,100,1,0.33243784824589778,0.29453096008436569|0.33623458985301091|0.34705482994956682|0.35870306396622181|0.32566579737632367
4,LRCM,8,100,2,0.33243784824589778,0.29453096008436569|0.33623458985301091|0.34705482994956682|0.35870306396622181|0.32566579737632367
4,LRCM,8,100,5,0.33243784824589778,0.29453096008436569|0.33623458985301091|0.34705482994956682|0.35870306396622181|0.32566579737632367
4,LRCM,13,1.0000000000000001e-05,0.050000000000000003,0.32758728299285578,0.29498542826329205|0.35236684052473527|0.33342308473887422|0.32274309083519609|0.33441797060218115
4,LRCM,13,1.0000000000000001e-05,0.10000000000000001,0.32758728299285578,0.29498542826329205|0.35236684052473527|0.33342308473887422|0.32274309083519609|0.33441797060218115
4,LRCM,13,1.0000000000000001e-05,0.20000000000000001,0.32758728299285578,0.29498542826329205|0.35236684052473527|0.33342308473887422|0.32274309083519609|0.33441797060218115
4,LRCM,13,1.0000000000000001e-05,0.5,0.32758728299285578,0.29498542826329205|0.35236684052473527|0.33342308473887422|0.32274309083519609|0.33441797060218115
4,LRCM,13,1.0000000000000001e-05,1,0.32758728299285578,0.29498542826329205|0.35236684052473527|0.33342308473887422|0.32274309083519609|0.33441797060218115
4,LRCM,13,1.0000000000000001e-05,2,0.32758728299285578,0.29498542826329205|0.35236684052473527|0.33342308473887422|0.32274309083519609|0.33441797060218115
4,LRCM,13,1.0000000000000001e-05,5,0.32758728299285578,0.29498542826329205|0.35236684052473527|0.33342308473887422|0.32274309083519609|0.33441797060218115
4,LRCM,13,0.0001,0.050000000000000003,0.32771013311570585,0.29498542826329205|0.35236684052473527|0.3340373353531248|0.32274309083519609|0.33441797060218115
4,LRCM,13,0.0001,0.10000000000000001,0.32771013311570585,0.29498542826329205|0.35236684052473527|0.3340373353531248|0.32274309083519609|0.33441797060218115
4,LRCM,13,0.0001,0.20000000000000001,0.32771013311570585,0.29498542826329205|0.35236684052473527|0.3340373353531248|0.32274309083519609|0.33441797060218115
4,LRCM,13,0.0001,0.5,0.32771013311570585,0.29498542826329205|0.35236684052473527|0.3340373353531248|0.32274309083519609|0.33441797060218115
4,LRCM,13,0.0001,1,0.32771013311570585,0.29498542826329205|0.35236684052473527|0.3340373353531248|0.32274309083519609|0.33441797060218115
4,LRCM,13,0.0001,2,0.32771013311570585,0.29498542826329205|0.35236684052473527|0.3340373353531248|0.32274309083519609|0.33441797060218115
4,LRCM,13,0.0001,5,0.32771013311570585,0.29498542826329205|0.35236684052473527|0.3340373353531248|0.32274309083519609|0.33441797060218115
4,LRCM,13,0.001,0.050000000000000003,0.32836285521579639,0.29564332300013413|0.35302473526157735|0.33465158596737543|0.32340098557203822|0.33509364627785682
4,LRCM,13,0.001,0.10000000000000001,0.32836285521579639,0.29564332300013413|0.35302473526157735|0.33465158596737543|0.32340098557203822|0.33509364627785682
4,LRCM,13,0.001,0.20000000000000001,0.32836285521579639,0.29564332300013413|0.35302473526157735|0.33465158596737543|0.32340098557203822|0.33509364627785682
4,LRCM,13,0.001,0.5,0.32836285521579639,0.29564332300013413|0.35302473526157735|0.33465158596737543|0.32340098557203822|0.33509364627785682
4,LRCM,13,0.001,1,0.32836285521579639,0.29564332300013413|0.35302473526157735|0.33465158596737543|0.32340098557203822|0.33509364627785682
4,LRCM,13,0.001,2,0.32836285521579639,0.29564332300013413|0.35302473526157735|0.33465158596737543|0.32340098557203822|0.33509364627785682
4,LRCM,13,0.001,5,0.32836285521579639,0.29564332300013413|0.35302473526157735|0.33465158596737543|0.32340098557203822|0.33509364627785682
4,LRCM,13,0.01,0.050000000000000003,0.32888245478802752,0.29630121773697626|0.35439485538169752|0.3346012964434017|0.32336336336336335|0.3357515410146989
4,LRCM,13,0.01,0.10000000000000001,0.32888245478802752,0.29630121773697626|0.35439485538169752|0.3346012964434017|0.32336336336336335|0.3357515410146989
4,LRCM,13,0.01,0.20000000000000001,0.32888245478802752,0.29630121773697626|0.35439485538169752|0.3346012964434017|0.32336336336336335|0.3357515410146989
4,LRCM,13,0.01,0.5,0.32888245478802752,0.29630121773697626|0.35439485538169752|0.3346012964434017|0.32336336336336335|0.3357515410146989
4,LRCM,13,0.01,1,0.32888245478802752,0.29630121773697626|0.35439485538169752|0.3346012964434017|0.32336336336336335|0.3357515410146989
4,LRCM,13,0.01,2,0.32888245478802752,0.29630121773697626|0.35439485538169752|0.3346012964434017|0.32336336336336335|0.3357515410146989
4,LRCM,13,0.01,5,0.32888245478802752,0.29630121773697626|0.35439485538169752|0.3346012964434017|0.32336336336336335|0.3357515410146989
4,LRCM,13,0.10000000000000001,0.050000000000000003,0.33489914873661003,0.30870347071972459|0.35713213213213213|0.33551525722578351|0.33410386890650051|0.33904101469890946
4,LRCM,13,0.10000000000000001,0.10000000000000001,0.33489914873661003,0.30870347071972459|0.35713213213213213|0.33551525722578351|0.33410386890650051|0.33904101469890946
4,LRCM,13,0.10000000000000001,0.20000000000000001,0.33489914873661003,0.30870347071972459|0.35713213213213213|0.33551525722578351|0.33410386890650051|0.33904101469890946
4,LRCM,13,0.10000000000000001,0.5,0.33489914873661003,0.30870347071972459|0.35713213213213213|0.33551525722578351|0.33410386890650051|0.33904101469890946
4,LRCM,13,0.10000000000000001,1,0.33489914873661003,0.30870347071972459|0.35713213213213213|0.33551525722578351|0.33410386890650051|0.33904101469890946
4,LRCM,13,0.10000000000000001,2,0.33489914873661003,0.30870347071972459|0.35713213213213213|0.33551525722578351|0.33410386890650051|0.33904101469890946
4,LRCM,13,0.10000000000000001,5,0.33489914873661003,0.30870347071972459|0.35713213213213213|0.33551525722578351|0.33410386890650051|0.33904101469890946
4,LRCM,13,1,0.050000000000000003,0.33628376289521794,0.32048265702677464|0.3471076339497392|0.33662416688732477|0.32763702612386825|0.34956733048838312
4,LRCM,13,1,0.10000000000000001,0.33628376289521794,0.32048265702677464|0.3471076339497392|0.33662416688732477|0.32763702612386825|0.34956733048838312
4,LRCM,13,1,0.20000000000000001,0.33628376289521794,0.32048265702677464|0.3471076339497392|0.33662416688732477|0.32763702612386825|0.34956733048838312
4,LRCM,13,1,0.5,0.33628376289521794,0.32048265702677464|0.3471076339497392|0.33662416688732477|0.32763702612386825|0.34956733048838312
4,LRCM,13,1,1,0.33628376289521794,0.32048265702677464|0.3471076339497392|0.33662416688732477|0.32763702612386825|0.34956733048838312
4,LRCM,13,1,2,0.33628376289521794,0.32048265702677464|0.3471076339497392|0.33662416688732477|0.32763702612386825|0.34956733048838312
4,LRCM,13,1,5,0.33628376289521794,0.32048265702677464|0.3471076339497392|0.33662416688732477|0.32763702612386825|0.34956733048838312
4,LRCM,13,10,0.050000000000000003,0.33653581329510124,0.30779254376003606|0.34498478741899796|0.33763706461074877|0.35386376978482242|0.33840090090090091
4,LRCM,13,10,0.10000000000000001,0.33653581329510124,0.30779254376003606|0.34498478741899796|0.33763706461074877|0.35386376978482242|0.33840090090090091
4,LRCM,13,10,0.20000000000000001,0.33653581329510124,0.30779254376003606|0.34498478741899796|0.33763706461074877|0.35386376978482242|0.33840090090090091
4,LRCM,13,10,0.5,0.33653581329510124,0.30779254376003606|0.34498478741899796|0.33763706461074877|0.35386376978482242|0.33840090090090091
4,LRCM,13,10,1,0.33653581329510124,0.30779254376003606|0.34498478741899796|0.33763706461074877|0.35386376978482242|0.33840090090090091
4,LRCM,13,10,2,0.33653581329510124,0.30779254376003606|0.34498478741899796|0.33763706461074877|0.35386376978482242|0.33840090090090091
4,LRCM,13,10,5,0.33653581329510124,0.30779254376003606|0.34498478741899796|0.33763706461074877|0.35386376978482242|0.33840090090090091
4,LRCM,13,100,0.050000000000000003,0.33269615679368003,0.29453096008436569|0.33691026552868658|0.3476529160739687|0.35870306396622181|0.32568357831515726
4,LRCM,13,100,0.10000000000000001,0.33269615679368003,0.29453096008436569|0.33691026552868658|0.3476529160739687|0.35870306396622181|0.32568357831515726
4,LRCM,13,100,0.20000000000000001,0.33269615679368003,0.29453096008436569|0.33691026552868658|0.3476529160739687|0.35870306396622181|0.32568357831515726
4,LRCM,13,100,0.5,0.33269615679368003,0.29453096008436569|0.33691026552868658|0.3476529160739687|0.35870306396622181|0.32568357831515726
4,LRCM,13,100,1,0.33269615679368003,0.29453096008436569|0.33691026552868658|0.3476529160739687|0.35870306396622181|0.32568357831515726
4,LRCM,13,100,2,0.33269615679368003,0.29453096008436569|0.33691026552868658|0.3476529160739687|0.35870306396622181|0.32568357831515726
4,LRCM,13,100,5,0.33269615679368003,0.29453096008436569|0.33691026552868658|0.3476529160739687|0.35870306396622181|0.32568357831515726
4,ENROLLMENT_PCA_TRANSFER,1,1.0000000000000001e-05,0.050000000000000003,0.32437871648939759,0.28576611441162525|0.34822091828670781|0.33484794603215656|0.33192003093318878|0.32113857278330959
4,ENROLLMENT_PCA_TRANSFER,1,1.0000000000000001e-05,0.10000000000000001,0.32437871648939759,0.28576611441162525|0.34822091828670781|0.33484794603215656|0.33192003093318878|0.32113857278330959
4,ENROLLMENT_PCA_TRANSFER,1,1.0000000000000001e-05,0.20000000000000001,0.32437871648939759,0.28576611441162525|0.34822091828670781|0.33484794603215656|0.33192003093318878|0.32113857278330959
4,ENROLLMENT_PCA_TRANSFER,1,1.0000000000000001e-05,0.5,0.32437871648939759,0.28576611441162525|0.34822091828670781|0.33484794603215656|0.33192003093318878|0.32113857278330959
4,ENROLLMENT_PCA_TRANSFER,1,1.0000000000000001e-05,1,0.32437871648939759,0.28576611441162525|0.34822091828670781|0.33484794603215656|0.33192003093318878|0.32113857278330959
4,ENROLLMENT_PCA_TRANSFER,1,1.0000000000000001e-05,2,0.32437871648939759,0.28576611441162525|0.34822091828670781|0.33484794603215656|0.33192003093318878|0.32113857278330959
4,ENROLLMENT_PCA_TRANSFER,1,1.0000000000000001e-05,5,0.32437871648939759,0.28576611441162525|0.34822091828670781|0.33484794603215656|0.33192003093318878|0.32113857278330959
4,ENROLLMENT_PCA_TRANSFER,1,0.0001,0.050000000000000003,0.32437871648939759,0.28576611441162525|0.34822091828670781|0.33484794603215656|0.33192003093318878|0.32113857278330959
4,ENROLLMENT_PCA_TRANSFER,1,0.0001,0.10000000000000001,0.32437871648939759,0.28576611441162525|0.34822091828670781|0.33484794603215656|0.33192003093318878|0.32113857278330959
4,ENROLLMENT_PCA_TRANSFER,1,0.0001,0.20000000000000001,0.32437871648939759,0.28576611441162525|0.34822091828670781|0.33484794603215656|0.33192003093318878|0.32113857278330959
4,ENROLLMENT_PCA_TRANSFER,1,0.0001,0.5,0.32437871648939759,0.28576611441162525|0.34822091828670781|0.33484794603215656|0.33192003093318878|0.32113857278330959
4,ENROLLMENT_PCA_TRANSFER,1,0.0001,1,0.32437871648939759,0.28576611441162525|0.34822091828670781|0.33484794603215656|0.33192003093318878|0.32113857278330959
4,ENROLLMENT_PCA_TRANSFER,1,0.0001,2,0.32437871648939759,0.28576611441162525|0.34822091828670781|0.33484794603215656|0.33192003093318878|0.32113857278330959
4,ENROLLMENT_PCA_TRANSFER,1,0.0001,5,0.32437871648939759,0.28576611441162525|0.34822091828670781|0.33484794603215656|0.33192003093318878|0.32113857278330959
4,ENROLLMENT_PCA_TRANSFER,1,0.001,0.050000000000000003,0.32437871648939759,0.28576611441162525|0.34822091828670781|0.33484794603215656|0.33192003093318878|0.32113857278330959
4,ENROLLMENT_PCA_TRANSFER,1,0.001,0.10000000000000001,0.32437871648939759,0.28576611441162525|0.34822091828670781|0.33484794603215656|0.33192003093318878|0.32113857278330959
4,ENROLLMENT_PCA_TRANSFER,1,0.001,0.20000000000000001,0.32437871648939759,0.28576611441162525|0.34822091828670781|0.33484794603215656|0.33192003093318878|0.32113857278330959
4,ENROLLMENT_PCA_TRANSFER,1,0.001,0.5,0.32437871648939759,0.28576611441162525|0.34822091828670781|0.33484794603215656|0.33192003093318878|0.32113857278330959
4,ENROLLMENT_PCA_TRANSFER,1,0.001,1,0.32437871648939759,0.28576611441162525|0.34822091828670781|0.33484794603215656|0.33192003093318878|0.32113857278330959
4,ENROLLMENT_PCA_TRANSFER,1,0.001,2,0.32437871648939759,0.28576611441162525|0.34822091828670781|0.33484794603215656|0.33192003093318878|0.32113857278330959
4,ENROLLMENT_PCA_TRANSFER,1,0.001,5,0.32437871648939759,0.28576611441162525|0.34822091828670781|0.33484794603215656|0.33192003093318878|0.32113857278330959
4,ENROLLMENT_PCA_TRANSFER,1,0.01,0.050000000000000003,0.32437871648939759,0.28576611441162525|0.34822091828670781|0.33484794603215656|0.33192003093318878|0.32113857278330959
4,ENROLLMENT_PCA_TRANSFER,1,0.01,0.10000000000000001,0.32437871648939759,0.28576611441162525|0.34822091828670781|0.33484794603215656|0.33192003093318878|0.32113857278330959
4,ENROLLMENT_PCA_TRANSFER,1,0.01,0.20000000000000001,0.32437871648939759,0.28576611441162525|0.34822091828670781|0.33484794603215656|0.33192003093318878|0.32113857278330959
4,ENROLLMENT_PCA_TRANSFER,1,0.01,0.5,0.32437871648939759,0.28576611441162525|0.34822091828670781|0.33484794603215656|0.33192003093318878|0.32113857278330959
4,ENROLLMENT_PCA_TRANSFER,1,0.01,1,0.32437871648939759,0.28576611441162525|0.34822091828670781|0.33484794603215656|0.33192003093318878|0.32113857278330959
4,ENROLLMENT_PCA_TRANSFER,1,0.01,2,0.32437871648939759,0.28576611441162525|0.34822091828670781|0.33484794603215656|0.33192003093318878|0.32113857278330959
4,ENROLLMENT_PCA_TRANSFER,1,0.01,5,0.32437871648939759,0.28576611441162525|0.34822091828670781|0.33484794603215656|0.33192003093318878|0.32113857278330959
4,ENROLLMENT_PCA_TRANSFER,1,0.10000000000000001,0.050000000000000003,0.32424713754202916,0.28576611441162525|0.34756302354986568|0.33484794603215656|0.33192003093318878|0.32113857278330959
4,ENROLLMENT_PCA_TRANSFER,1,0.10000000000000001,0.10000000000000001,0.32424713754202916,0.28576611441162525|0.34756302354986568|0.33484794603215656|0.33192003093318878|0.32113857278330959
4,ENROLLMENT_PCA_TRANSFER,1,0.10000000000000001,0.20000000000000001,0.32424713754202916,0.28576611441162525|0.34756302354986568|0.33484794603215656|0.33192003093318878|0.32113857278330959
4,ENROLLMENT_PCA_TRANSFER,1,0.10000000000000001,0.5,0.32424713754202916,0.28576611441162525|0.34756302354986568|0.33484794603215656|0.33192003093318878|0.32113857278330959
4,ENROLLMENT_PCA_TRANSFER,1,0.10000000000000001,1,0.32424713754202916,0.28576611441162525|0.34756302354986568|0.33484794603215656|0.33192003093318878|0.32113857278330959
4,ENROLLMENT_PCA_TRANSFER,1,0.10000000000000001,2,0.32424713754202916,0.28576611441162525|0.34756302354986568|0.33484794603215656|0.33192003093318878|0.32113857278330959
4,ENROLLMENT_PCA_TRANSFER,1,0.10000000000000001,5,0.32424713754202916,0.28576611441162525|0.34756302354986568|0.33484794603215656|0.33192003093318878|0.32113857278330959
4,ENROLLMENT_PCA_TRANSFER,1,1,0.050000000000000003,0.3228888893416757,0.281711072527636|0.3455715584005058|0.33479765650818283|0.33120780554991075|0.32115635372214318
4,ENROLLMENT_PCA_TRANSFER,1,1,0.10000000000000001,0.3228888893416757,0.281711072527636|0.3455715584005058|0.33479765650818283|0.33120780554991075|0.32115635372214318
4,ENROLLMENT_PCA_TRANSFER,1,1,0.20000000000000001,0.3228888893416757,0.281711072527636|0.3455715584005058|0.33479765650818283|0.33120780554991075|0.32115635372214318
4,ENROLLMENT_PCA_TRANSFER,1,1,0.5,0.3228888893416757,0.281711072527636|0.3455715584005058|0.33479765650818283|0.33120780554991075|0.32115635372214318
4,ENROLLMENT_PCA_TRANSFER,1,1,1,0.3228888893416757,0.281711072527636|0.3455715584005058|0.33479765650818283|0.33120780554991075|0.32115635372214318
4,ENROLLMENT_PCA_TRANSFER,1,1,2,0.3228888893416757,0.281711072527636|0.3455715584005058|0.33479765650818283|0.33120780554991075|0.32115635372214318
4,ENROLLMENT_PCA_TRANSFER,1,1,5,0.3228888893416757,0.281711072527636|0.3455715584005058|0.33479765650818283|0.33120780554991075|0.32115635372214318
4,ENROLLMENT_PCA_TRANSFER,1,10,0.050000000000000003,0.3253790110423237,0.29321731561282643|0.3409672830725462|0.33906508182823969|0.33254236379236379|0.32110301090564242
4,ENROLLMENT_PCA_TRANSFER,1,10,0.10000000000000001,0.3253790110423237,0.29321731561282643|0.3409672830725462|0.33906508182823969|0.33254236379236379|0.32110301090564242
4,ENROLLMENT_PCA_TRANSFER,1,10,0.20000000000000001,0.3253790110423237,0.29321731561282643|0.3409672830725462|0.33906508182823969|0.33254236379236379|0.32110301090564242
4,ENROLLMENT_PCA_TRANSFER,1,10,0.5,0.3253790110423237,0.29321731561282643|0.3409672830725462|0.33906508182823969|0.33254236379236379|0.32110301090564242
4,ENROLLMENT_PCA_TRANSFER,1,10,1,0.3253790110423237,0.29321731561282643|0.3409672830725462|0.33906508182823969|0.33254236379236379|0.32110301090564242
4,ENROLLMENT_PCA_TRANSFER,1,10,2,0.3253790110423237,0.29321731561282643|0.3409672830725462|0.33906508182823969|0.33254236379236379|0.32110301090564242
4,ENROLLMENT_PCA_TRANSFER,1,10,5,0.3253790110423237,0.29321731561282643|0.3409672830725462|0.33906508182823969|0.33254236379236379|0.32110301090564242
4,ENROLLMENT_PCA_TRANSFER,1,100,0.050000000000000003,0.33133427851074909,0.29323608438159526|0.33756816026552866|0.34527673606620979|0.35614557226399329|0.32444483957641851
4,ENROLLMENT_PCA_TRANSFER,1,100,0.10000000000000001,0.33133427851074909,0.29323608438159526|0.33756816026552866|0.34527673606620979|0.35614557226399329|0.32444483957641851
4,ENROLLMENT_PCA_TRANSFER,1,100,0.20000000000000001,0.33133427851074909,0.29323608438159526|0.33756816026552866|0.34527673606620979|0.35614557226399329|0.32444483957641851
4,ENROLLMENT_PCA_TRANSFER,1,100,0.5,0.33133427851074909,0.29323608438159526|0.33756816026552866|0.34527673606620979|0.35614557226399329|0.32444483957641851
4,ENROLLMENT_PCA_TRANSFER,1,100,1,0.33133427851074909,0.29323608438159526|0.33756816026552866|0.34527673606620979|0.35614557226399329|0.32444483957641851
4,ENROLLMENT_PCA_TRANSFER,1,100,2,0.33133427851074909,0.29323608438159526|0.33756816026552866|0.34527673606620979|0.35614557226399329|0.32444483957641851
4,ENROLLMENT_PCA_TRANSFER,1,100,5,0.33133427851074909,0.29323608438159526|0.33756816026552866|0.34527673606620979|0.35614557226399329|0.32444483957641851
4,ENROLLMENT_PCA_TRANSFER,2,1.0000000000000001e-05,0.050000000000000003,0.33058987097144998,0.30784562758246969|0.33901335546072386|0.33594256423203794|0.34294889814626661|0.32719890943575158
4,ENROLLMENT_PCA_TRANSFER,2,1.0000000000000001e-05,0.10000000000000001,0.33058987097144998,0.30784562758246969|0.33901335546072386|0.33594256423203794|0.34294889814626661|0.32719890943575158
4,ENROLLMENT_PCA_TRANSFER,2,1.0000000000000001e-05,0.20000000000000001,0.33058987097144998,0.30784562758246969|0.33901335546072386|0.33594256423203794|0.34294889814626661|0.32719890943575158
4,ENROLLMENT_PCA_TRANSFER,2,1.0000000000000001e-05,0.5,0.33058987097144998,0.30784562758246969|0.33901335546072386|0.33594256423203794|0.34294889814626661|0.32719890943575158
4,ENROLLMENT_PCA_TRANSFER,2,1.0000000000000001e-05,1,0.33058987097144998,0.30784562758246969|0.33901335546072386|0.33594256423203794|0.34294889814626661|0.32719890943575158
4,ENROLLMENT_PCA_TRANSFER,2,1.0000000000000001e-05,2,0.33058987097144998,0.30784562758246969|0.33901335546072386|0.33594256423203794|0.34294889814626661|0.32719890943575158
4,ENROLLMENT_PCA_TRANSFER,2,1.0000000000000001e-05,5,0.33058987097144998,0.30784562758246969|0.33901335546072386|0.33594256423203794|0.34294889814626661|0.32719890943575158
4,ENROLLMENT_PCA_TRANSFER,2,0.0001,0.050000000000000003,0.33058987097144998,0.30784562758246969|0.33901335546072386|0.33594256423203794|0.34294889814626661|0.32719890943575158
4,ENROLLMENT_PCA_TRANSFER,2,0.0001,0.10000000000000001,0.33058987097144998,0.30784562758246969|0.33901335546072386|0.33594256423203794|0.34294889814626661|0.32719890943575158
4,ENROLLMENT_PCA_TRANSFER,2,0.0001,0.20000000000000001,0.33058987097144998,0.30784562758246969|0.33901335546072386|0.33594256423203794|0.34294889814626661|0.32719890943575158
4,ENROLLMENT_PCA_TRANSFER,2,0.0001,0.5,0.33058987097144998,0.30784562758246969|0.33901335546072386|0.33594256423203794|0.34294889814626661|0.32719890943575158
4,ENROLLMENT_PCA_TRANSFER,2,0.0001,1,0.33058987097144998,0.30784562758246969|0.33901335546072386|0.33594256423203794|0.34294889814626661|0.32719890943575158
4,ENROLLMENT_PCA_TRANSFER,2,0.0001,2,0.33058987097144998,0.30784562758246969|0.33901335546072386|0.33594256423203794|0.34294889814626661|0.32719890943575158
4,ENROLLMENT_PCA_TRANSFER,2,0.0001,5,0.33058987097144998,0.30784562758246969|0.33901335546072386|0.33594256423203794|0.34294889814626661|0.32719890943575158
4,ENROLLMENT_PCA_TRANSFER,2,0.001,0.050000000000000003,0.33058987097144998,0.30784562758246969|0.33901335546072386|0.33594256423203794|0.34294889814626661|0.32719890943575158
4,ENROLLMENT_PCA_TRANSFER,2,0.001,0.10000000000000001,0.33058987097144998,0.30784562758246969|0.33901335546072386|0.33594256423203794|0.34294889814626661|0.32719890943575158
4,ENROLLMENT_PCA_TRANSFER,2,0.001,0.20000000000000001,0.33058987097144998,0.30784562758246969|0.33901335546072386|0.33594256423203794|0.34294889814626661|0.32719890943575158
4,ENROLLMENT_PCA_TRANSFER,2,0.001,0.5,0.33058987097144998,0.30784562758246969|0.33901335546072386|0.33594256423203794|0.34294889814626661|0.32719890943575158
4,ENROLLMENT_PCA_TRANSFER,2,0.001,1,0.33058987097144998,0.30784562758246969|0.33901335546072386|0.33594256423203794|0.34294889814626661|0.32719890943575158
4,ENROLLMENT_PCA_TRANSFER,2,0.001,2,0.33058987097144998,0.30784562758246969|0.33901335546072386|0.33594256423203794|0.34294889814626661|0.32719890943575158
4,ENROLLMENT_PCA_TRANSFER,2,0.001,5,0.33058987097144998,0.30784562758246969|0.33901335546072386|0.33594256423203794|0.34294889814626661|0.32719890943575158
4,ENROLLMENT_PCA_TRANSFER,2,0.01,0.050000000000000003,0.33058987097144998,0.30784562758246969|0.33901335546072386|0.33594256423203794|0.34294889814626661|0.32719890943575158
4,ENROLLMENT_PCA_TRANSFER,2,0.01,0.10000000000000001,0.33058987097144998,0.30784562758246969|0.33901335546072386|0.33594256423203794|0.34294889814626661|0.32719890943575158
4,ENROLLMENT_PCA_TRANSFER,2,0.01,0.20000000000000001,0.33058987097144998,0.30784562758246969|0.33901335546072386|0.33594256423203794|0.34294889814626661|0.32719890943575158
4,ENROLLMENT_PCA_TRANSFER,2,0.01,0.5,0.33058987097144998,0.30784562758246969|0.33901335546072386|0.33594256423203794|0.34294889814626661|0.32719890943575158
4,ENROLLMENT_PCA_TRANSFER,2,0.01,1,0.33058987097144998,0.30784562758246969|0.33901335546072386|0.33594256423203794|0.34294889814626661|0.32719890943575158
4,ENROLLMENT_PCA_TRANSFER,2,0.01,2,0.33058987097144998,0.30784562758246969|0.33901335546072386|0.33594256423203794|0.34294889814626661|0.32719890943575158
4,ENROLLMENT_PCA_TRANSFER,2,0.01,5,0.33058987097144998,0.30784562758246969|0.33901335546072386|0.33594256423203794|0.34294889814626661|0.32719890943575158
4,ENROLLMENT_PCA_TRANSFER,2,0.10000000000000001,0.050000000000000003,0.33084430004166848,0.30784562758246969|0.33835546072388178|0.33655681484628858|0.34494036329562644|0.32652323376007586
4,ENROLLMENT_PCA_TRANSFER,2,0.10000000000000001,0.10000000000000001,0.33084430004166848,0.30784562758246969|0.33835546072388178|0.33655681484628858|0.34494036329562644|0.32652323376007586
4,ENROLLMENT_PCA_TRANSFER,2,0.10000000000000001,0.20000000000000001,0.33084430004166848,0.30784562758246969|0.33835546072388178|0.33655681484628858|0.34494036329562644|0.32652323376007586
4,ENROLLMENT_PCA_TRANSFER,2,0.10000000000000001,0.5,0.33084430004166848,0.30784562758246969|0.33835546072388178|0.33655681484628858|0.34494036329562644|0.32652323376007586
4,ENROLLMENT_PCA_TRANSFER,2,0.10000000000000001,1,0.33084430004166848,0.30784562758246969|0.33835546072388178|0.33655681484628858|0.34494036329562644|0.32652323376007586
4,ENROLLMENT_PCA_TRANSFER,2,0.10000000000000001,2,0.33084430004166848,0.30784562758246969|0.33835546072388178|0.33655681484628858|0.34494036329562644|0.32652323376007586
4,ENROLLMENT_PCA_TRANSFER,2,0.10000000000000001,5,0.33084430004166848,0.30784562758246969|0.33835546072388178|0.33655681484628858|0.34494036329562644|0.32652323376007586
4,ENROLLMENT_PCA_TRANSFER,2,1,0.050000000000000003,0.33260012079748924,0.3092346011424959|0.34098506401137979|0.33901561335771863|0.34457495089074036|0.32919037458511147
4,ENROLLMENT_PCA_TRANSFER,2,1,0.10000000000000001,0.33260012079748924,0.3092346011424959|0.34098506401137979|0.33901561335771863|0.34457495089074036|0.32919037458511147
4,ENROLLMENT_PCA_TRANSFER,2,1,0.20000000000000001,0.33260012079748924,0.3092346011424959|0.34098506401137979|0.33901561335771863|0.34457495089074036|0.32919037458511147
4,ENROLLMENT_PCA_TRANSFER,2,1,0.5,0.33260012079748924,0.3092346011424959|0.34098506401137979|0.33901561335771863|0.34457495089074036|0.32919037458511147
4,ENROLLMENT_PCA_TRANSFER,2,1,1,0.33260012079748924,0.3092346011424959|0.34098506401137979|0.33901561335771863|0.34457495089074036|0.32919037458511147
4,ENROLLMENT_PCA_TRANSFER,2,1,2,0.33260012079748924,0.3092346011424959|0.34098506401137979|0.33901561335771863|0.34457495089074036|0.32919037458511147
4,ENROLLMENT_PCA_TRANSFER,2,1,5,0.33260012079748924,0.3092346011424959|0.34098506401137979|0.33901561335771863|0.34457495089074036|0.32919037458511147
4,ENROLLMENT_PCA_TRANSFER,2,10,0.050000000000000003,0.33713211688830891,0.30163305554559428|0.34500355618776674|0.34266968609073872|0.35505509268667168|0.3412991939307729
4,ENROLLMENT_PCA_TRANSFER,2,10,0.10000000000000001,0.33713211688830891,0.30163305554559428|0.34500355618776674|0.34266968609073872|0.35505509268667168|0.3412991939307729
4,ENROLLMENT_PCA_TRANSFER,2,10,0.20000000000000001,0.33713211688830891,0.30163305554559428|0.34500355618776674|0.34266968609073872|0.35505509268667168|0.3412991939307729
4,ENROLLMENT_PCA_TRANSFER,2,10,0.5,0.33713211688830891,0.30163305554559428|0.34500355618776674|0.34266968609073872|0.35505509268667168|0.3412991939307729
4,ENROLLMENT_PCA_TRANSFER,2,10,1,0.33713211688830891,0.30163305554559428|0.34500355618776674|0.34266968609073872|0.35505509268667168|0.3412991939307729
4,ENROLLMENT_PCA_TRANSFER,2,10,2,0.33713211688830891,0.30163305554559428|0.34500355618776674|0.34266968609073872|0.35505509268667168|0.3412991939307729
4,ENROLLMENT_PCA_TRANSFER,2,10,5,0.33713211688830891,0.30163305554559428|0.34500355618776674|0.34266968609073872|0.35505509268667168|0.3412991939307729
4,ENROLLMENT_PCA_TRANSFER,2,100,0.050000000000000003,0.33376699933820675,0.29586560299795595|0.33692804646752023|0.34947950342687184|0.36012850256271312|0.32643334123597284
4,ENROLLMENT_PCA_TRANSFER,2,100,0.10000000000000001,0.33376699933820675,0.29586560299795595|0.33692804646752023|0.34947950342687184|0.36012850256271312|0.32643334123597284
4,ENROLLMENT_PCA_TRANSFER,2,100,0.20000000000000001,0.33376699933820675,0.29586560299795595|0.33692804646752023|0.34947950342687184|0.36012850256271312|0.32643334123597284
4,ENROLLMENT_PCA_TRANSFER,2,100,0.5,0.33376699933820675,0.29586560299795595|0.33692804646752023|0.34947950342687184|0.36012850256271312|0.32643334123597284
4,ENROLLMENT_PCA_TRANSFER,2,100,1,0.33376699933820675,0.29586560299795595|0.33692804646752023|0.34947950342687184|0.36012850256271312|0.32643334123597284
4,ENROLLMENT_PCA_TRANSFER,2,100,2,0.33376699933820675,0.29586560299795595|0.33692804646752023|0.34947950342687184|0.36012850256271312|0.32643334123597284
4,ENROLLMENT_PCA_TRANSFER,2,100,5,0.33376699933820675,0.29586560299795595|0.33692804646752023|0.34947950342687184|0.36012850256271312|0.32643334123597284
4,ENROLLMENT_PCA_TRANSFER,3,1.0000000000000001e-05,0.050000000000000003,0.32762198662817854,0.3036669127110303|0.3421793504030346|0.33132393329761756|0.33560091106143736|0.325338825667773
4,ENROLLMENT_PCA_TRANSFER,3,1.0000000000000001e-05,0.10000000000000001,0.32762198662817854,0.3036669127110303|0.3421793504030346|0.33132393329761756|0.33560091106143736|0.325338825667773
4,ENROLLMENT_PCA_TRANSFER,3,1.0000000000000001e-05,0.20000000000000001,0.32762198662817854,0.3036669127110303|0.3421793504030346|0.33132393329761756|0.33560091106143736|0.325338825667773
4,ENROLLMENT_PCA_TRANSFER,3,1.0000000000000001e-05,0.5,0.32762198662817854,0.3036669127110303|0.3421793504030346|0.33132393329761756|0.33560091106143736|0.325338825667773
4,ENROLLMENT_PCA_TRANSFER,3,1.0000000000000001e-05,1,0.32762198662817854,0.3036669127110303|0.3421793504030346|0.33132393329761756|0.33560091106143736|0.325338825667773
4,ENROLLMENT_PCA_TRANSFER,3,1.0000000000000001e-05,2,0.32762198662817854,0.3036669127110303|0.3421793504030346|0.33132393329761756|0.33560091106143736|0.325338825667773
4,ENROLLMENT_PCA_TRANSFER,3,1.0000000000000001e-05,5,0.32762198662817854,0.3036669127110303|0.3421793504030346|0.33132393329761756|0.33560091106143736|0.325338825667773
4,ENROLLMENT_PCA_TRANSFER,3,0.0001,0.050000000000000003,0.32762198662817854,0.3036669127110303|0.3421793504030346|0.33132393329761756|0.33560091106143736|0.325338825667773
4,ENROLLMENT_PCA_TRANSFER,3,0.0001,0.10000000000000001,0.32762198662817854,0.3036669127110303|0.3421793504030346|0.33132393329761756|0.33560091106143736|0.325338825667773
4,ENROLLMENT_PCA_TRANSFER,3,0.0001,0.20000000000000001,0.32762198662817854,0.3036669127110303|0.3421793504030346|0.33132393329761756|0.33560091106143736|0.325338825667773
4,ENROLLMENT_PCA_TRANSFER,3,0.0001,0.5,0.32762198662817854,0.3036669127110303|0.3421793504030346|0.33132393329761756|0.33560091106143736|0.325338825667773
4,ENROLLMENT_PCA_TRANSFER,3,0.0001,1,0.32762198662817854,0.3036669127110303|0.3421793504030346|0.33132393329761756|0.33560091106143736|0.325338825667773
4,ENROLLMENT_PCA_TRANSFER,3,0.0001,2,0.32762198662817854,0.3036669127110303|0.3421793504030346|0.33132393329761756|0.33560091106143736|0.325338825667773
4,ENROLLMENT_PCA_TRANSFER,3,0.0001,5,0.32762198662817854,0.3036669127110303|0.3421793504030346|0.33132393329761756|0.33560091106143736|0.325338825667773
4,ENROLLMENT_PCA_TRANSFER,3,0.001,0.050000000000000003,0.32762198662817854,0.3036669127110303|0.3421793504030346|0.33132393329761756|0.33560091106143736|0.325338825667773
4,ENROLLMENT_PCA_TRANSFER,3,0.001,0.10000000000000001,0.32762198662817854,0.3036669127110303|0.3421793504030346|0.33132393329761756|0.33560091106143736|0.325338825667773
4,ENROLLMENT_PCA_TRANSFER,3,0.001,0.20000000000000001,0.32762198662817854,0.3036669127110303|0.3421793504030346|0.33132393329761756|0.33560091106143736|0.325338825667773
4,ENROLLMENT_PCA_TRANSFER,3,0.001,0.5,0.32762198662817854,0.3036669127110303|0.3421793504030346|0.33132393329761756|0.33560091106143736|0.325338825667773
4,ENROLLMENT_PCA_TRANSFER,3,0.001,1,0.32762198662817854,0.3036669127110303|0.3421793504030346|0.33132393329761756|0.33560091106143736|0.325338825667773
4,ENROLLMENT_PCA_TRANSFER,3,0.001,2,0.32762198662817854,0.3036669127110303|0.3421793504030346|0.33132393329761756|0.33560091106143736|0.325338825667773
4,ENROLLMENT_PCA_TRANSFER,3,0.001,5,0.32762198662817854,0.3036669127110303|0.3421793504030346|0.33132393329761756|0.33560091106143736|0.325338825667773
4,ENROLLMENT_PCA_TRANSFER,3,0.01,0.050000000000000003,0.32762198662817854,0.3036669127110303|0.3421793504030346|0.33132393329761756|0.33560091106143736|0.325338825667773
4,ENROLLMENT_PCA_TRANSFER,3,0.01,0.10000000000000001,0.32762198662817854,0.3036669127110303|0.3421793504030346|0.33132393329761756|0.33560091106143736|0.325338825667773
4,ENROLLMENT_PCA_TRANSFER,3,0.01,0.20000000000000001,0.32762198662817854,0.3036669127110303|0.3421793504030346|0.33132393329761756|0.33560091106143736|0.325338825667773
4,ENROLLMENT_PCA_TRANSFER,3,0.01,0.5,0.32762198662817854,0.3036669127110303|0.3421793504030346|0.33132393329761756|0.33560091106143736|0.325338825667773
4,ENROLLMENT_PCA_TRANSFER,3,0.01,1,0.32762198662817854,0.3036669127110303|0.3421793504030346|0.33132393329761756|0.33560091106143736|0.325338825667773
4,ENROLLMENT_PCA_TRANSFER,3,0.01,2,0.32762198662817854,0.3036669127110303|0.3421793504030346|0.33132393329761756|0.33560091106143736|0.325338825667773
4,ENROLLMENT_PCA_TRANSFER,3,0.01,5,0.32762198662817854,0.3036669127110303|0.3421793504030346|0.33132393329761756|0.33560091106143736|0.325338825667773
4,ENROLLMENT_PCA_TRANSFER,3,0.10000000000000001,0.050000000000000003,0.32790454191073382,0.30299123703535469|0.34219713134186819|0.33070968268336692|0.33629436767594661|0.32733029081713283
4,ENROLLMENT_PCA_TRANSFER,3,0.10000000000000001,0.10000000000000001,0.32790454191073382,0.30299123703535469|0.34219713134186819|0.33070968268336692|0.33629436767594661|0.32733029081713283
4,ENROLLMENT_PCA_TRANSFER,3,0.10000000000000001,0.20000000000000001,0.32790454191073382,0.30299123703535469|0.34219713134186819|0.33070968268336692|0.33629436767594661|0.32733029081713283
4,ENROLLMENT_PCA_TRANSFER,3,0.10000000000000001,0.5,0.32790454191073382,0.30299123703535469|0.34219713134186819|0.33070968268336692|0.33629436767594661|0.32733029081713283
4,ENROLLMENT_PCA_TRANSFER,3,0.10000000000000001,1,0.32790454191073382,0.30299123703535469|0.34219713134186819|0.33070968268336692|0.33629436767594661|0.32733029081713283
4,ENROLLMENT_PCA_TRANSFER,3,0.10000000000000001,2,0.32790454191073382,0.30299123703535469|0.34219713134186819|0.33070968268336692|0.33629436767594661|0.32733029081713283
4,ENROLLMENT_PCA_TRANSFER,3,0.10000000000000001,5,0.32790454191073382,0.30299123703535469|0.34219713134186819|0.33070968268336692|0.33629436767594661|0.32733029081713283
4,ENROLLMENT_PCA_TRANSFER,3,1,0.050000000000000003,0.32848631460860561,0.30387505428914097|0.33951122174806386|0.33310112915376072|0.34204954954954958|0.32389461830251304
4,ENROLLMENT_PCA_TRANSFER,3,1,0.10000000000000001,0.32848631460860561,0.30387505428914097|0.33951122174806386|0.33310112915376072|0.34204954954954958|0.32389461830251304
4,ENROLLMENT_PCA_TRANSFER,3,1,0.20000000000000001,0.32848631460860561,0.30387505428914097|0.33951122174806386|0.33310112915376072|0.34204954954954958|0.32389461830251304
4,ENROLLMENT_PCA_TRANSFER,3,1,0.5,0.32848631460860561,0.30387505428914097|0.33951122174806386|0.33310112915376072|0.34204954954954958|0.32389461830251304
4,ENROLLMENT_PCA_TRANSFER,3,1,1,0.32848631460860561,0.30387505428914097|0.33951122174806386|0.33310112915376072|0.34204954954954958|0.32389461830251304
4,ENROLLMENT_PCA_TRANSFER,3,1,2,0.32848631460860561,0.30387505428914097|0.33951122174806386|0.33310112915376072|0.34204954954954958|0.32389461830251304
4,ENROLLMENT_PCA_TRANSFER,3,1,5,0.32848631460860561,0.30387505428914097|0.33951122174806386|0.33310112915376072|0.34204954954954958|0.32389461830251304
4,ENROLLMENT_PCA_TRANSFER,3,10,0.050000000000000003,0.33531677715269048,0.30375976208406547|0.34310198356250987|0.33994499455025767|0.35459459459459464|0.33518255097202465
4,ENROLLMENT_PCA_TRANSFER,3,10,0.10000000000000001,0.33531677715269048,0.30375976208406547|0.34310198356250987|0.33994499455025767|0.35459459459459464|0.33518255097202465
4,ENROLLMENT_PCA_TRANSFER,3,10,0.20000000000000001,0.33531677715269048,0.30375976208406547|0.34310198356250987|0.33994499455025767|0.35459459459459464|0.33518255097202465
4,ENROLLMENT_PCA_TRANSFER,3,10,0.5,0.33531677715269048,0.30375976208406547|0.34310198356250987|0.33994499455025767|0.35459459459459464|0.33518255097202465
4,ENROLLMENT_PCA_TRANSFER,3,10,1,0.33531677715269048,0.30375976208406547|0.34310198356250987|0.33994499455025767|0.35459459459459464|0.33518255097202465
4,ENROLLMENT_PCA_TRANSFER,3,10,2,0.33531677715269048,0.30375976208406547|0.34310198356250987|0.33994499455025767|0.35459459459459464|0.33518255097202465
4,ENROLLMENT_PCA_TRANSFER,3,10,5,0.33531677715269048,0.30375976208406547|0.34310198356250987|0.33994499455025767|0.35459459459459464|0.33518255097202465
4,ENROLLMENT_PCA_TRANSFER,3,100,0.050000000000000003,0.33297596411296104,0.29524219763770854|0.33758594120436225|0.34698837593574439|0.36076762853078642|0.32429567725620356
4,ENROLLMENT_PCA_TRANSFER,3,100,0.10000000000000001,0.33297596411296104,0.29524219763770854|0.33758594120436225|0.34698837593574439|0.36076762853078642|0.32429567725620356
4,ENROLLMENT_PCA_TRANSFER,3,100,0.20000000000000001,0.33297596411296104,0.29524219763770854|0.33758594120436225|0.34698837593574439|0.36076762853078642|0.32429567725620356
4,ENROLLMENT_PCA_TRANSFER,3,100,0.5,0.33297596411296104,0.29524219763770854|0.33758594120436225|0.34698837593574439|0.36076762853078642|0.32429567725620356
4,ENROLLMENT_PCA_TRANSFER,3,100,1,0.33297596411296104,0.29524219763770854|0.33758594120436225|0.34698837593574439|0.36076762853078642|0.32429567725620356
4,ENROLLMENT_PCA_TRANSFER,3,100,2,0.33297596411296104,0.29524219763770854|0.33758594120436225|0.34698837593574439|0.36076762853078642|0.32429567725620356
4,ENROLLMENT_PCA_TRANSFER,3,100,5,0.33297596411296104,0.29524219763770854|0.33758594120436225|0.34698837593574439|0.36076762853078642|0.32429567725620356
4,ENROLLMENT_PCA_TRANSFER,5,1.0000000000000001e-05,0.050000000000000003,0.32735193792159734,0.30424772018812268|0.34619586691955118|0.32690197032302293|0.32714567951410062|0.3322684526631895
4,ENROLLMENT_PCA_TRANSFER,5,1.0000000000000001e-05,0.10000000000000001,0.32735193792159734,0.30424772018812268|0.34619586691955118|0.32690197032302293|0.32714567951410062|0.3322684526631895
4,ENROLLMENT_PCA_TRANSFER,5,1.0000000000000001e-05,0.20000000000000001,0.32735193792159734,0.30424772018812268|0.34619586691955118|0.32690197032302293|0.32714567951410062|0.3322684526631895
4,ENROLLMENT_PCA_TRANSFER,5,1.0000000000000001e-05,0.5,0.32735193792159734,0.30424772018812268|0.34619586691955118|0.32690197032302293|0.32714567951410062|0.3322684526631895
4,ENROLLMENT_PCA_TRANSFER,5,1.0000000000000001e-05,1,0.32735193792159734,0.30424772018812268|0.34619586691955118|0.32690197032302293|0.32714567951410062|0.3322684526631895
4,ENROLLMENT_PCA_TRANSFER,5,1.0000000000000001e-05,2,0.32735193792159734,0.30424772018812268|0.34619586691955118|0.32690197032302293|0.32714567951410062|0.3322684526631895
4,ENROLLMENT_PCA_TRANSFER,5,1.0000000000000001e-05,5,0.32735193792159734,0.30424772018812268|0.34619586691955118|0.32690197032302293|0.32714567951410062|0.3322684526631895
4,ENROLLMENT_PCA_TRANSFER,5,0.0001,0.050000000000000003,0.32735193792159734,0.30424772018812268|0.34619586691955118|0.32690197032302293|0.32714567951410062|0.3322684526631895
4,ENROLLMENT_PCA_TRANSFER,5,0.0001,0.10000000000000001,0.32735193792159734,0.30424772018812268|0.34619586691955118|0.32690197032302293|0.32714567951410062|0.3322684526631895
4,ENROLLMENT_PCA_TRANSFER,5,0.0001,0.20000000000000001,0.32735193792159734,0.30424772018812268|0.34619586691955118|0.32690197032302293|0.32714567951410062|0.3322684526631895
4,ENROLLMENT_PCA_TRANSFER,5,0.0001,0.5,0.32735193792159734,0.30424772018812268|0.34619586691955118|0.32690197032302293|0.32714567951410062|0.3322684526631895
4,ENROLLMENT_PCA_TRANSFER,5,0.0001,1,0.32735193792159734,0.30424772018812268|0.34619586691955118|0.32690197032302293|0.32714567951410062|0.3322684526631895
4,ENROLLMENT_PCA_TRANSFER,5,0.0001,2,0.32735193792159734,0.30424772018812268|0.34619586691955118|0.32690197032302293|0.32714567951410062|0.3322684526631895
4,ENROLLMENT_PCA_TRANSFER,5,0.0001,5,0.32735193792159734,0.30424772018812268|0.34619586691955118|0.32690197032302293|0.32714567951410062|0.3322684526631895
4,ENROLLMENT_PCA_TRANSFER,5,0.001,0.050000000000000003,0.32735193792159734,0.30424772018812268|0.34619586691955118|0.32690197032302293|0.32714567951410062|0.3322684526631895
4,ENROLLMENT_PCA_TRANSFER,5,0.001,0.10000000000000001,0.32735193792159734,0.30424772018812268|0.34619586691955118|0.32690197032302293|0.32714567951410062|0.3322684526631895
4,ENROLLMENT_PCA_TRANSFER,5,0.001,0.20000000000000001,0.32735193792159734,0.30424772018812268|0.34619586691955118|0.32690197032302293|0.32714567951410062|0.3322684526631895
4,ENROLLMENT_PCA_TRANSFER,5,0.001,0.5,0.32735193792159734,0.30424772018812268|0.34619586691955118|0.32690197032302293|0.32714567951410062|0.3322684526631895
4,ENROLLMENT_PCA_TRANSFER,5,0.001,1,0.32735193792159734,0.30424772018812268|0.34619586691955118|0.32690197032302293|0.32714567951410062|0.3322684526631895
4,ENROLLMENT_PCA_TRANSFER,5,0.001,2,0.32735193792159734,0.30424772018812268|0.34619586691955118|0.32690197032302293|0.32714567951410062|0.3322684526631895
4,ENROLLMENT_PCA_TRANSFER,5,0.001,5,0.32735193792159734,0.30424772018812268|0.34619586691955118|0.32690197032302293|0.32714567951410062|0.3322684526631895
4,ENROLLMENT_PCA_TRANSFER,5,0.01,0.050000000000000003,0.32788911984035823,0.30357204451244696|0.34689031136399556|0.32690197032302293|0.32782135518977629|0.33425991781254938
4,ENROLLMENT_PCA_TRANSFER,5,0.01,0.10000000000000001,0.32788911984035823,0.30357204451244696|0.34689031136399556|0.32690197032302293|0.32782135518977629|0.33425991781254938
4,ENROLLMENT_PCA_TRANSFER,5,0.01,0.20000000000000001,0.32788911984035823,0.30357204451244696|0.34689031136399556|0.32690197032302293|0.32782135518977629|0.33425991781254938
4,ENROLLMENT_PCA_TRANSFER,5,0.01,0.5,0.32788911984035823,0.30357204451244696|0.34689031136399556|0.32690197032302293|0.32782135518977629|0.33425991781254938
4,ENROLLMENT_PCA_TRANSFER,5,0.01,1,0.32788911984035823,0.30357204451244696|0.34689031136399556|0.32690197032302293|0.32782135518977629|0.33425991781254938
4,ENROLLMENT_PCA_TRANSFER,5,0.01,2,0.32788911984035823,0.30357204451244696|0.34689031136399556|0.32690197032302293|0.32782135518977629|0.33425991781254938
4,ENROLLMENT_PCA_TRANSFER,5,0.01,5,0.32788911984035823,0.30357204451244696|0.34689031136399556|0.32690197032302293|0.32782135518977629|0.33425991781254938
4,ENROLLMENT_PCA_TRANSFER,5,0.10000000000000001,0.050000000000000003,0.32885652863671438,0.30424772018812268|0.34756598703967123|0.32693519732993415|0.33324750502382078|0.33228623360202308
4,ENROLLMENT_PCA_TRANSFER,5,0.10000000000000001,0.10000000000000001,0.32885652863671438,0.30424772018812268|0.34756598703967123|0.32693519732993415|0.33324750502382078|0.33228623360202308
4,ENROLLMENT_PCA_TRANSFER,5,0.10000000000000001,0.20000000000000001,0.32885652863671438,0.30424772018812268|0.34756598703967123|0.32693519732993415|0.33324750502382078|0.33228623360202308
4,ENROLLMENT_PCA_TRANSFER,5,0.10000000000000001,0.5,0.32885652863671438,0.30424772018812268|0.34756598703967123|0.32693519732993415|0.33324750502382078|0.33228623360202308
4,ENROLLMENT_PCA_TRANSFER,5,0.10000000000000001,1,0.32885652863671438,0.30424772018812268|0.34756598703967123|0.32693519732993415|0.33324750502382078|0.33228623360202308
4,ENROLLMENT_PCA_TRANSFER,5,0.10000000000000001,2,0.32885652863671438,0.30424772018812268|0.34756598703967123|0.32693519732993415|0.33324750502382078|0.33228623360202308
4,ENROLLMENT_PCA_TRANSFER,5,0.10000000000000001,5,0.32885652863671438,0.30424772018812268|0.34756598703967123|0.32693519732993415|0.33324750502382078|0.33228623360202308
4,ENROLLMENT_PCA_TRANSFER,5,1,0.050000000000000003,0.33153516934167088,0.30522121247740441|0.34895388809862499|0.33245088047719623|0.33678994784257943|0.33425991781254938
4,ENROLLMENT_PCA_TRANSFER,5,1,0.10000000000000001,0.33153516934167088,0.30522121247740441|0.34895388809862499|0.33245088047719623|0.33678994784257943|0.33425991781254938
4,ENROLLMENT_PCA_TRANSFER,5,1,0.20000000000000001,0.33153516934167088,0.30522121247740441|0.34895388809862499|0.33245088047719623|0.33678994784257943|0.33425991781254938
4,ENROLLMENT_PCA_TRANSFER,5,1,0.5,0.33153516934167088,0.30522121247740441|0.34895388809862499|0.33245088047719623|0.33678994784257943|0.33425991781254938
4,ENROLLMENT_PCA_TRANSFER,5,1,1,0.33153516934167088,0.30522121247740441|0.34895388809862499|0.33245088047719623|0.33678994784257943|0.33425991781254938
4,ENROLLMENT_PCA_TRANSFER,5,1,2,0.33153516934167088,0.30522121247740441|0.34895388809862499|0.33245088047719623|0.33678994784257943|0.33425991781254938
4,ENROLLMENT_PCA_TRANSFER,5,1,5,0.33153516934167088,0.30522121247740441|0.34895388809862499|0.33245088047719623|0.33678994784257943|0.33425991781254938
4,ENROLLMENT_PCA_TRANSFER,5,10,0.050000000000000003,0.33598101413503889,0.30588891080377145|0.34231863442389759|0.34468029204871314|0.34986099821626138|0.33715623518255095
4,ENROLLMENT_PCA_TRANSFER,5,10,0.10000000000000001,0.33598101413503889,0.30588891080377145|0.34231863442389759|0.34468029204871314|0.34986099821626138|0.33715623518255095
4,ENROLLMENT_PCA_TRANSFER,5,10,0.20000000000000001,0.33598101413503889,0.30588891080377145|0.34231863442389759|0.34468029204871314|0.34986099821626138|0.33715623518255095
4,ENROLLMENT_PCA_TRANSFER,5,10,0.5,0.33598101413503889,0.30588891080377145|0.34231863442389759|0.34468029204871314|0.34986099821626138|0.33715623518255095
4,ENROLLMENT_PCA_TRANSFER,5,10,1,0.33598101413503889,0.30588891080377145|0.34231863442389759|0.34468029204871314|0.34986099821626138|0.33715623518255095
4,ENROLLMENT_PCA_TRANSFER,5,10,2,0.33598101413503889,0.30588891080377145|0.34231863442389759|0.34468029204871314|0.34986099821626138|0.33715623518255095
4,ENROLLMENT_PCA_TRANSFER,5,10,5,0.33598101413503889,0.30588891080377145|0.34231863442389759|0.34468029204871314|0.34986099821626138|0.33715623518255095
4,ENROLLMENT_PCA_TRANSFER,5,100,0.050000000000000003,0.33189980422101167,0.29452997225443045|0.33557669511616883|0.34635706280443124|0.35802738829054614|0.32500790263948159
4,ENROLLMENT_PCA_TRANSFER,5,100,0.10000000000000001,0.33189980422101167,0.29452997225443045|0.33557669511616883|0.34635706280443124|0.35802738829054614|0.32500790263948159
4,ENROLLMENT_PCA_TRANSFER,5,100,0.20000000000000001,0.33189980422101167,0.29452997225443045|0.33557669511616883|0.34635706280443124|0.35802738829054614|0.32500790263948159
4,ENROLLMENT_PCA_TRANSFER,5,100,0.5,0.33189980422101167,0.29452997225443045|0.33557669511616883|0.34635706280443124|0.35802738829054614|0.32500790263948159
4,ENROLLMENT_PCA_TRANSFER,5,100,1,0.33189980422101167,0.29452997225443045|0.33557669511616883|0.34635706280443124|0.35802738829054614|0.32500790263948159
4,ENROLLMENT_PCA_TRANSFER,5,100,2,0.33189980422101167,0.29452997225443045|0.33557669511616883|0.34635706280443124|0.35802738829054614|0.32500790263948159
4,ENROLLMENT_PCA_TRANSFER,5,100,5,0.33189980422101167,0.29452997225443045|0.33557669511616883|0.34635706280443124|0.35802738829054614|0.32500790263948159
4,ENROLLMENT_PCA_TRANSFER,8,1.0000000000000001e-05,0.050000000000000003,0.32981195216566733,0.30980109255651056|0.34188300142247507|0.33856749777802408|0.32289659960712591|0.33591156946420109
4,ENROLLMENT_PCA_TRANSFER,8,1.0000000000000001e-05,0.10000000000000001,0.32981195216566733,0.30980109255651056|0.34188300142247507|0.33856749777802408|0.32289659960712591|0.33591156946420109
4,ENROLLMENT_PCA_TRANSFER,8,1.0000000000000001e-05,0.20000000000000001,0.32981195216566733,0.30980109255651056|0.34188300142247507|0.33856749777802408|0.32289659960712591|0.33591156946420109
4,ENROLLMENT_PCA_TRANSFER,8,1.0000000000000001e-05,0.5,0.32981195216566733,0.30980109255651056|0.34188300142247507|0.33856749777802408|0.32289659960712591|0.33591156946420109
4,ENROLLMENT_PCA_TRANSFER,8,1.0000000000000001e-05,1,0.32981195216566733,0.30980109255651056|0.34188300142247507|0.33856749777802408|0.32289659960712591|0.33591156946420109
4,ENROLLMENT_PCA_TRANSFER,8,1.0000000000000001e-05,2,0.32981195216566733,0.30980109255651056|0.34188300142247507|0.33856749777802408|0.32289659960712591|0.33591156946420109
4,ENROLLMENT_PCA_TRANSFER,8,1.0000000000000001e-05,5,0.32981195216566733,0.30980109255651056|0.34188300142247507|0.33856749777802408|0.32289659960712591|0.33591156946420109
4,ENROLLMENT_PCA_TRANSFER,8,0.0001,0.050000000000000003,0.32981195216566733,0.30980109255651056|0.34188300142247507|0.33856749777802408|0.32289659960712591|0.33591156946420109
4,ENROLLMENT_PCA_TRANSFER,8,0.0001,0.10000000000000001,0.32981195216566733,0.30980109255651056|0.34188300142247507|0.33856749777802408|0.32289659960712591|0.33591156946420109
4,ENROLLMENT_PCA_TRANSFER,8,0.0001,0.20000000000000001,0.32981195216566733,0.30980109255651056|0.34188300142247507|0.33856749777802408|0.32289659960712591|0.33591156946420109
4,ENROLLMENT_PCA_TRANSFER,8,0.0001,0.5,0.32981195216566733,0.30980109255651056|0.34188300142247507|0.33856749777802408|0.32289659960712591|0.33591156946420109
4,ENROLLMENT_PCA_TRANSFER,8,0.0001,1,0.32981195216566733,0.30980109255651056|0.34188300142247507|0.33856749777802408|0.32289659960712591|0.33591156946420109
4,ENROLLMENT_PCA_TRANSFER,8,0.0001,2,0.32981195216566733,0.30980109255651056|0.34188300142247507|0.33856749777802408|0.32289659960712591|0.33591156946420109
4,ENROLLMENT_PCA_TRANSFER,8,0.0001,5,0.32981195216566733,0.30980109255651056|0.34188300142247507|0.33856749777802408|0.32289659960712591|0.33591156946420109
4,ENROLLMENT_PCA_TRANSFER,8,0.001,0.050000000000000003,0.32981195216566733,0.30980109255651056|0.34188300142247507|0.33856749777802408|0.32289659960712591|0.33591156946420109
4,ENROLLMENT_PCA_TRANSFER,8,0.001,0.10000000000000001,0.32981195216566733,0.30980109255651056|0.34188300142247507|0.33856749777802408|0.32289659960712591|0.33591156946420109
4,ENROLLMENT_PCA_TRANSFER,8,0.001,0.20000000000000001,0.32981195216566733,0.30980109255651056|0.34188300142247507|0.33856749777802408|0.32289659960712591|0.33591156946420109
4,ENROLLMENT_PCA_TRANSFER,8,0.001,0.5,0.32981195216566733,0.30980109255651056|0.34188300142247507|0.33856749777802408|0.32289659960712591|0.33591156946420109
4,ENROLLMENT_PCA_TRANSFER,8,0.001,1,0.32981195216566733,0.30980109255651056|0.34188300142247507|0.33856749777802408|0.32289659960712591|0.33591156946420109
4,ENROLLMENT_PCA_TRANSFER,8,0.001,2,0.32981195216566733,0.30980109255651056|0.34188300142247507|0.33856749777802408|0.32289659960712591|0.33591156946420109
4,ENROLLMENT_PCA_TRANSFER,8,0.001,5,0.32981195216566733,0.30980109255651056|0.34188300142247507|0.33856749777802408|0.32289659960712591|0.33591156946420109
4,ENROLLMENT_PCA_TRANSFER,8,0.01,0.050000000000000003,0.32981967417338931,0.3098010925565105|0.34188300142247507|0.33856749777802408|0.32361088532141163|0.33523589378852536
4,ENROLLMENT_PCA_TRANSFER,8,0.01,0.10000000000000001,0.32981967417338931,0.3098010925565105|0.34188300142247507|0.33856749777802408|0.32361088532141163|0.33523589378852536
4,ENROLLMENT_PCA_TRANSFER,8,0.01,0.20000000000000001,0.32981967417338931,0.3098010925565105|0.34188300142247507|0.33856749777802408|0.32361088532141163|0.33523589378852536
4,ENROLLMENT_PCA_TRANSFER,8,0.01,0.5,0.32981967417338931,0.3098010925565105|0.34188300142247507|0.33856749777802408|0.32361088532141163|0.33523589378852536
4,ENROLLMENT_PCA_TRANSFER,8,0.01,1,0.32981967417338931,0.3098010925565105|0.34188300142247507|0.33856749777802408|0.32361088532141163|0.33523589378852536
4,ENROLLMENT_PCA_TRANSFER,8,0.01,2,0.32981967417338931,0.3098010925565105|0.34188300142247507|0.33856749777802408|0.32361088532141163|0.33523589378852536
4,ENROLLMENT_PCA_TRANSFER,8,0.01,5,0.32981967417338931,0.3098010925565105|0.34188300142247507|0.33856749777802408|0.32361088532141163|0.33523589378852536
4,ENROLLMENT_PCA_TRANSFER,8,0.10000000000000001,0.050000000000000003,0.32958376242431975,0.30921728506480828|0.34118954480796582|0.33793618464671094|0.32364644719907881|0.33592935040303462
4,ENROLLMENT_PCA_TRANSFER,8,0.10000000000000001,0.10000000000000001,0.32958376242431975,0.30921728506480828|0.34118954480796582|0.33793618464671094|0.32364644719907881|0.33592935040303462
4,ENROLLMENT_PCA_TRANSFER,8,0.10000000000000001,0.20000000000000001,0.32958376242431975,0.30921728506480828|0.34118954480796582|0.33793618464671094|0.32364644719907881|0.33592935040303462
4,ENROLLMENT_PCA_TRANSFER,8,0.10000000000000001,0.5,0.32958376242431975,0.30921728506480828|0.34118954480796582|0.33793618464671094|0.32364644719907881|0.33592935040303462
4,ENROLLMENT_PCA_TRANSFER,8,0.10000000000000001,1,0.32958376242431975,0.30921728506480828|0.34118954480796582|0.33793618464671094|0.32364644719907881|0.33592935040303462
4,ENROLLMENT_PCA_TRANSFER,8,0.10000000000000001,2,0.32958376242431975,0.30921728506480828|0.34118954480796582|0.33793618464671094|0.32364644719907881|0.33592935040303462
4,ENROLLMENT_PCA_TRANSFER,8,0.10000000000000001,5,0.32958376242431975,0.30921728506480828|0.34118954480796582|0.33793618464671094|0.32364644719907881|0.33592935040303462
4,ENROLLMENT_PCA_TRANSFER,8,1,0.050000000000000003,0.32952054233478384,0.31220761562092825|0.33844831673779041|0.33343332224911165|0.32731739258055048|0.33619606448553813
4,ENROLLMENT_PCA_TRANSFER,8,1,0.10000000000000001,0.32952054233478384,0.31220761562092825|0.33844831673779041|0.33343332224911165|0.32731739258055048|0.33619606448553813
4,ENROLLMENT_PCA_TRANSFER,8,1,0.20000000000000001,0.32952054233478384,0.31220761562092825|0.33844831673779041|0.33343332224911165|0.32731739258055048|0.33619606448553813
4,ENROLLMENT_PCA_TRANSFER,8,1,0.5,0.32952054233478384,0.31220761562092825|0.33844831673779041|0.33343332224911165|0.32731739258055048|0.33619606448553813
4,ENROLLMENT_PCA_TRANSFER,8,1,1,0.32952054233478384,0.31220761562092825|0.33844831673779041|0.33343332224911165|0.32731739258055048|0.33619606448553813
4,ENROLLMENT_PCA_TRANSFER,8,1,2,0.32952054233478384,0.31220761562092825|0.33844831673779041|0.33343332224911165|0.32731739258055048|0.33619606448553813
4,ENROLLMENT_PCA_TRANSFER,8,1,5,0.32952054233478384,0.31220761562092825|0.33844831673779041|0.33343332224911165|0.32731739258055048|0.33619606448553813
4,ENROLLMENT_PCA_TRANSFER,8,10,0.050000000000000003,0.3353385813741851,0.31047746552390515|0.34029061956693535|0.33758677508677509|0.34991936485357539|0.33841868183973445
4,ENROLLMENT_PCA_TRANSFER,8,10,0.10000000000000001,0.3353385813741851,0.31047746552390515|0.34029061956693535|0.33758677508677509|0.34991936485357539|0.33841868183973445
4,ENROLLMENT_PCA_TRANSFER,8,10,0.20000000000000001,0.3353385813741851,0.31047746552390515|0.34029061956693535|0.33758677508677509|0.34991936485357539|0.33841868183973445
4,ENROLLMENT_PCA_TRANSFER,8,10,0.5,0.3353385813741851,0.31047746552390515|0.34029061956693535|0.33758677508677509|0.34991936485357539|0.33841868183973445
4,ENROLLMENT_PCA_TRANSFER,8,10,1,0.3353385813741851,0.31047746552390515|0.34029061956693535|0.33758677508677509|0.34991936485357539|0.33841868183973445
4,ENROLLMENT_PCA_TRANSFER,8,10,2,0.3353385813741851,0.31047746552390515|0.34029061956693535|0.33758677508677509|0.34991936485357539|0.33841868183973445
4,ENROLLMENT_PCA_TRANSFER,8,10,5,0.3353385813741851,0.31047746552390515|0.34029061956693535|0.33758677508677509|0.34991936485357539|0.33841868183973445
4,ENROLLMENT_PCA_TRANSFER,8,100,0.050000000000000003,0.33269260060591332,0.29453096008436569|0.33623458985301091|0.3476529160739687|0.35870306396622181|0.32634147305199934
4,ENROLLMENT_PCA_TRANSFER,8,100,0.10000000000000001,0.33269260060591332,0.29453096008436569|0.33623458985301091|0.3476529160739687|0.35870306396622181|0.32634147305199934
4,ENROLLMENT_PCA_TRANSFER,8,100,0.20000000000000001,0.33269260060591332,0.29453096008436569|0.33623458985301091|0.3476529160739687|0.35870306396622181|0.32634147305199934
4,ENROLLMENT_PCA_TRANSFER,8,100,0.5,0.33269260060591332,0.29453096008436569|0.33623458985301091|0.3476529160739687|0.35870306396622181|0.32634147305199934
4,ENROLLMENT_PCA_TRANSFER,8,100,1,0.33269260060591332,0.29453096008436569|0.33623458985301091|0.3476529160739687|0.35870306396622181|0.32634147305199934
4,ENROLLMENT_PCA_TRANSFER,8,100,2,0.33269260060591332,0.29453096008436569|0.33623458985301091|0.3476529160739687|0.35870306396622181|0.32634147305199934
4,ENROLLMENT_PCA_TRANSFER,8,100,5,0.33269260060591332,0.29453096008436569|0.33623458985301091|0.3476529160739687|0.35870306396622181|0.32634147305199934
4,ENROLLMENT_PCA_TRANSFER,13,1.0000000000000001e-05,0.050000000000000003,0.33020006567220189,0.29715966353350254|0.36257705073494551|0.33321525558367665|0.32074987581566528|0.33729848269321955
4,ENROLLMENT_PCA_TRANSFER,13,1.0000000000000001e-05,0.10000000000000001,0.33020006567220189,0.29715966353350254|0.36257705073494551|0.33321525558367665|0.32074987581566528|0.33729848269321955
4,ENROLLMENT_PCA_TRANSFER,13,1.0000000000000001e-05,0.20000000000000001,0.33020006567220189,0.29715966353350254|0.36257705073494551|0.33321525558367665|0.32074987581566528|0.33729848269321955
4,ENROLLMENT_PCA_TRANSFER,13,1.0000000000000001e-05,0.5,0.33020006567220189,0.29715966353350254|0.36257705073494551|0.33321525558367665|0.32074987581566528|0.33729848269321955
4,ENROLLMENT_PCA_TRANSFER,13,1.0000000000000001e-05,1,0.33020006567220189,0.29715966353350254|0.36257705073494551|0.33321525558367665|0.32074987581566528|0.33729848269321955
4,ENROLLMENT_PCA_TRANSFER,13,1.0000000000000001e-05,2,0.33020006567220189,0.29715966353350254|0.36257705073494551|0.33321525558367665|0.32074987581566528|0.33729848269321955
4,ENROLLMENT_PCA_TRANSFER,13,1.0000000000000001e-05,5,0.33020006567220189,0.29715966353350254|0.36257705073494551|0.33321525558367665|0.32074987581566528|0.33729848269321955
4,ENROLLMENT_PCA_TRANSFER,13,0.0001,0.050000000000000003,0.33020006567220189,0.29715966353350254|0.36257705073494551|0.33321525558367665|0.32074987581566528|0.33729848269321955
4,ENROLLMENT_PCA_TRANSFER,13,0.0001,0.10000000000000001,0.33020006567220189,0.29715966353350254|0.36257705073494551|0.33321525558367665|0.32074987581566528|0.33729848269321955
4,ENROLLMENT_PCA_TRANSFER,13,0.0001,0.20000000000000001,0.33020006567220189,0.29715966353350254|0.36257705073494551|0.33321525558367665|0.32074987581566528|0.33729848269321955
4,ENROLLMENT_PCA_TRANSFER,13,0.0001,0.5,0.33020006567220189,0.29715966353350254|0.36257705073494551|0.33321525558367665|0.32074987581566528|0.33729848269321955
4,ENROLLMENT_PCA_TRANSFER,13,0.0001,1,0.33020006567220189,0.29715966353350254|0.36257705073494551|0.33321525558367665|0.32074987581566528|0.33729848269321955
4,ENROLLMENT_PCA_TRANSFER,13,0.0001,2,0.33020006567220189,0.29715966353350254|0.36257705073494551|0.33321525558367665|0.32074987581566528|0.33729848269321955
4,ENROLLMENT_PCA_TRANSFER,13,0.0001,5,0.33020006567220189,0.29715966353350254|0.36257705073494551|0.33321525558367665|0.32074987581566528|0.33729848269321955
4,ENROLLMENT_PCA_TRANSFER,13,0.001,0.050000000000000003,0.33006848672483347,0.2965017687966604|0.36257705073494551|0.33321525558367665|0.32074987581566528|0.33729848269321955
4,ENROLLMENT_PCA_TRANSFER,13,0.001,0.10000000000000001,0.33006848672483347,0.2965017687966604|0.36257705073494551|0.33321525558367665|0.32074987581566528|0.33729848269321955
4,ENROLLMENT_PCA_TRANSFER,13,0.001,0.20000000000000001,0.33006848672483347,0.2965017687966604|0.36257705073494551|0.33321525558367665|0.32074987581566528|0.33729848269321955
4,ENROLLMENT_PCA_TRANSFER,13,0.001,0.5,0.33006848672483347,0.2965017687966604|0.36257705073494551|0.33321525558367665|0.32074987581566528|0.33729848269321955
4,ENROLLMENT_PCA_TRANSFER,13,0.001,1,0.33006848672483347,0.2965017687966604|0.36257705073494551|0.33321525558367665|0.32074987581566528|0.33729848269321955
4,ENROLLMENT_PCA_TRANSFER,13,0.001,2,0.33006848672483347,0.2965017687966604|0.36257705073494551|0.33321525558367665|0.32074987581566528|0.33729848269321955
4,ENROLLMENT_PCA_TRANSFER,13,0.001,5,0.33006848672483347,0.2965017687966604|0.36257705073494551|0.33321525558367665|0.32074987581566528|0.33729848269321955
4,ENROLLMENT_PCA_TRANSFER,13,0.01,0.050000000000000003,0.32967859922968279,0.2965017687966604|0.36190137505926978|0.33261716945927472|0.32007420013998961|0.33729848269321955
4,ENROLLMENT_PCA_TRANSFER,13,0.01,0.10000000000000001,0.32967859922968279,0.2965017687966604|0.36190137505926978|0.33261716945927472|0.32007420013998961|0.33729848269321955
4,ENROLLMENT_PCA_TRANSFER,13,0.01,0.20000000000000001,0.32967859922968279,0.2965017687966604|0.36190137505926978|0.33261716945927472|0.32007420013998961|0.33729848269321955
4,ENROLLMENT_PCA_TRANSFER,13,0.01,0.5,0.32967859922968279,0.2965017687966604|0.36190137505926978|0.33261716945927472|0.32007420013998961|0.33729848269321955
4,ENROLLMENT_PCA_TRANSFER,13,0.01,1,0.32967859922968279,0.2965017687966604|0.36190137505926978|0.33261716945927472|0.32007420013998961|0.33729848269321955
4,ENROLLMENT_PCA_TRANSFER,13,0.01,2,0.32967859922968279,0.2965017687966604|0.36190137505926978|0.33261716945927472|0.32007420013998961|0.33729848269321955
4,ENROLLMENT_PCA_TRANSFER,13,0.01,5,0.32967859922968279,0.2965017687966604|0.36190137505926978|0.33261716945927472|0.32007420013998961|0.33729848269321955
4,ENROLLMENT_PCA_TRANSFER,13,0.10000000000000001,0.050000000000000003,0.33291930695723265,0.30556832595532285|0.3645507349454718|0.33505800742642849|0.32345455417823832|0.33596491228070174
4,ENROLLMENT_PCA_TRANSFER,13,0.10000000000000001,0.10000000000000001,0.33291930695723265,0.30556832595532285|0.3645507349454718|0.33505800742642849|0.32345455417823832|0.33596491228070174
4,ENROLLMENT_PCA_TRANSFER,13,0.10000000000000001,0.20000000000000001,0.33291930695723265,0.30556832595532285|0.3645507349454718|0.33505800742642849|0.32345455417823832|0.33596491228070174
4,ENROLLMENT_PCA_TRANSFER,13,0.10000000000000001,0.5,0.33291930695723265,0.30556832595532285|0.3645507349454718|0.33505800742642849|0.32345455417823832|0.33596491228070174
4,ENROLLMENT_PCA_TRANSFER,13,0.10000000000000001,1,0.33291930695723265,0.30556832595532285|0.3645507349454718|0.33505800742642849|0.32345455417823832|0.33596491228070174
4,ENROLLMENT_PCA_TRANSFER,13,0.10000000000000001,2,0.33291930695723265,0.30556832595532285|0.3645507349454718|0.33505800742642849|0.32345455417823832|0.33596491228070174
4,ENROLLMENT_PCA_TRANSFER,13,0.10000000000000001,5,0.33291930695723265,0.30556832595532285|0.3645507349454718|0.33505800742642849|0.32345455417823832|0.33596491228070174
4,ENROLLMENT_PCA_TRANSFER,13,1,0.050000000000000003,0.33323578976829749,0.3095527985969162|0.34773095463884934|0.33482990851411903|0.33118358960464217|0.34288169748696062
4,ENROLLMENT_PCA_TRANSFER,13,1,0.10000000000000001,0.33323578976829749,0.3095527985969162|0.34773095463884934|0.33482990851411903|0.33118358960464217|0.34288169748696062
4,ENROLLMENT_PCA_TRANSFER,13,1,0.20000000000000001,0.33323578976829749,0.3095527985969162|0.34773095463884934|0.33482990851411903|0.33118358960464217|0.34288169748696062
4,ENROLLMENT_PCA_TRANSFER,13,1,0.5,0.33323578976829749,0.3095527985969162|0.34773095463884934|0.33482990851411903|0.33118358960464217|0.34288169748696062
4,ENROLLMENT_PCA_TRANSFER,13,1,1,0.33323578976829749,0.3095527985969162|0.34773095463884934|0.33482990851411903|0.33118358960464217|0.34288169748696062
4,ENROLLMENT_PCA_TRANSFER,13,1,2,0.33323578976829749,0.3095527985969162|0.34773095463884934|0.33482990851411903|0.33118358960464217|0.34288169748696062
4,ENROLLMENT_PCA_TRANSFER,13,1,5,0.33323578976829749,0.3095527985969162|0.34773095463884934|0.33482990851411903|0.33118358960464217|0.34288169748696062
4,ENROLLMENT_PCA_TRANSFER,13,10,0.050000000000000003,0.33603943773293621,0.31047746552390515|0.34704836415362728|0.33703897848634684|0.34723147959990064|0.33840090090090091
4,ENROLLMENT_PCA_TRANSFER,13,10,0.10000000000000001,0.33603943773293621,0.31047746552390515|0.34704836415362728|0.33703897848634684|0.34723147959990064|0.33840090090090091
4,ENROLLMENT_PCA_TRANSFER,13,10,0.20000000000000001,0.33603943773293621,0.31047746552390515|0.34704836415362728|0.33703897848634684|0.34723147959990064|0.33840090090090091
4,ENROLLMENT_PCA_TRANSFER,13,10,0.5,0.33603943773293621,0.31047746552390515|0.34704836415362728|0.33703897848634684|0.34723147959990064|0.33840090090090091
4,ENROLLMENT_PCA_TRANSFER,13,10,1,0.33603943773293621,0.31047746552390515|0.34704836415362728|0.33703897848634684|0.34723147959990064|0.33840090090090091
4,ENROLLMENT_PCA_TRANSFER,13,10,2,0.33603943773293621,0.31047746552390515|0.34704836415362728|0.33703897848634684|0.34723147959990064|0.33840090090090091
4,ENROLLMENT_PCA_TRANSFER,13,10,5,0.33603943773293621,0.31047746552390515|0.34704836415362728|0.33703897848634684|0.34723147959990064|0.33840090090090091
4,ENROLLMENT_PCA_TRANSFER,13,100,0.050000000000000003,0.33269615679368003,0.29453096008436569|0.33691026552868658|0.3476529160739687|0.35870306396622181|0.32568357831515726
4,ENROLLMENT_PCA_TRANSFER,13,100,0.10000000000000001,0.33269615679368003,0.29453096008436569|0.33691026552868658|0.3476529160739687|0.35870306396622181|0.32568357831515726
4,ENROLLMENT_PCA_TRANSFER,13,100,0.20000000000000001,0.33269615679368003,0.29453096008436569|0.33691026552868658|0.3476529160739687|0.35870306396622181|0.32568357831515726
4,ENROLLMENT_PCA_TRANSFER,13,100,0.5,0.33269615679368003,0.29453096008436569|0.33691026552868658|0.3476529160739687|0.35870306396622181|0.32568357831515726
4,ENROLLMENT_PCA_TRANSFER,13,100,1,0.33269615679368003,0.29453096008436569|0.33691026552868658|0.3476529160739687|0.35870306396622181|0.32568357831515726
4,ENROLLMENT_PCA_TRANSFER,13,100,2,0.33269615679368003,0.29453096008436569|0.33691026552868658|0.3476529160739687|0.35870306396622181|0.32568357831515726
4,ENROLLMENT_PCA_TRANSFER,13,100,5,0.33269615679368003,0.29453096008436569|0.33691026552868658|0.3476529160739687|0.35870306396622181|0.32568357831515726
4,FULL_RIDGE_TRANSFER,50,1.0000000000000001e-05,0.050000000000000003,0.33528718161690302,0.31062291891626254|0.35708471629524263|0.33886766978872246|0.32945045609519291|0.34041014698909439
4,FULL_RIDGE_TRANSFER,50,1.0000000000000001e-05,0.10000000000000001,0.33528718161690302,0.31062291891626254|0.35708471629524263|0.33886766978872246|0.32945045609519291|0.34041014698909439
4,FULL_RIDGE_TRANSFER,50,1.0000000000000001e-05,0.20000000000000001,0.33528718161690302,0.31062291891626254|0.35708471629524263|0.33886766978872246|0.32945045609519291|0.34041014698909439
4,FULL_RIDGE_TRANSFER,50,1.0000000000000001e-05,0.5,0.33528718161690302,0.31062291891626254|0.35708471629524263|0.33886766978872246|0.32945045609519291|0.34041014698909439
4,FULL_RIDGE_TRANSFER,50,1.0000000000000001e-05,1,0.33528718161690302,0.31062291891626254|0.35708471629524263|0.33886766978872246|0.32945045609519291|0.34041014698909439
4,FULL_RIDGE_TRANSFER,50,1.0000000000000001e-05,2,0.33528718161690302,0.31062291891626254|0.35708471629524263|0.33886766978872246|0.32945045609519291|0.34041014698909439
4,FULL_RIDGE_TRANSFER,50,1.0000000000000001e-05,5,0.33528718161690302,0.31062291891626254|0.35708471629524263|0.33886766978872246|0.32945045609519291|0.34041014698909439
4,FULL_RIDGE_TRANSFER,50,0.0001,0.050000000000000003,0.33542231675203815,0.31062291891626254|0.35776039197091825|0.33886766978872246|0.32945045609519291|0.34041014698909439
4,FULL_RIDGE_TRANSFER,50,0.0001,0.10000000000000001,0.33542231675203815,0.31062291891626254|0.35776039197091825|0.33886766978872246|0.32945045609519291|0.34041014698909439
4,FULL_RIDGE_TRANSFER,50,0.0001,0.20000000000000001,0.33542231675203815,0.31062291891626254|0.35776039197091825|0.33886766978872246|0.32945045609519291|0.34041014698909439
4,FULL_RIDGE_TRANSFER,50,0.0001,0.5,0.33542231675203815,0.31062291891626254|0.35776039197091825|0.33886766978872246|0.32945045609519291|0.34041014698909439
4,FULL_RIDGE_TRANSFER,50,0.0001,1,0.33542231675203815,0.31062291891626254|0.35776039197091825|0.33886766978872246|0.32945045609519291|0.34041014698909439
4,FULL_RIDGE_TRANSFER,50,0.0001,2,0.33542231675203815,0.31062291891626254|0.35776039197091825|0.33886766978872246|0.32945045609519291|0.34041014698909439
4,FULL_RIDGE_TRANSFER,50,0.0001,5,0.33542231675203815,0.31062291891626254|0.35776039197091825|0.33886766978872246|0.32945045609519291|0.34041014698909439
4,FULL_RIDGE_TRANSFER,50,0.001,0.050000000000000003,0.33515184891578087,0.30992847447181815|0.35710249723407622|0.33886766978872246|0.32945045609519291|0.34041014698909439
4,FULL_RIDGE_TRANSFER,50,0.001,0.10000000000000001,0.33515184891578087,0.30992847447181815|0.35710249723407622|0.33886766978872246|0.32945045609519291|0.34041014698909439
4,FULL_RIDGE_TRANSFER,50,0.001,0.20000000000000001,0.33515184891578087,0.30992847447181815|0.35710249723407622|0.33886766978872246|0.32945045609519291|0.34041014698909439
4,FULL_RIDGE_TRANSFER,50,0.001,0.5,0.33515184891578087,0.30992847447181815|0.35710249723407622|0.33886766978872246|0.32945045609519291|0.34041014698909439
4,FULL_RIDGE_TRANSFER,50,0.001,1,0.33515184891578087,0.30992847447181815|0.35710249723407622|0.33886766978872246|0.32945045609519291|0.34041014698909439
4,FULL_RIDGE_TRANSFER,50,0.001,2,0.33515184891578087,0.30992847447181815|0.35710249723407622|0.33886766978872246|0.32945045609519291|0.34041014698909439
4,FULL_RIDGE_TRANSFER,50,0.001,5,0.33515184891578087,0.30992847447181815|0.35710249723407622|0.33886766978872246|0.32945045609519291|0.34041014698909439
4,FULL_RIDGE_TRANSFER,50,0.01,0.050000000000000003,0.33604590787562927,0.30994724324058687|0.35836296823138925|0.33946575591312439|0.3300519598545914|0.34240161213845421
4,FULL_RIDGE_TRANSFER,50,0.01,0.10000000000000001,0.33604590787562927,0.30994724324058687|0.35836296823138925|0.33946575591312439|0.3300519598545914|0.34240161213845421
4,FULL_RIDGE_TRANSFER,50,0.01,0.20000000000000001,0.33604590787562927,0.30994724324058687|0.35836296823138925|0.33946575591312439|0.3300519598545914|0.34240161213845421
4,FULL_RIDGE_TRANSFER,50,0.01,0.5,0.33604590787562927,0.30994724324058687|0.35836296823138925|0.33946575591312439|0.3300519598545914|0.34240161213845421
4,FULL_RIDGE_TRANSFER,50,0.01,1,0.33604590787562927,0.30994724324058687|0.35836296823138925|0.33946575591312439|0.3300519598545914|0.34240161213845421
4,FULL_RIDGE_TRANSFER,50,0.01,2,0.33604590787562927,0.30994724324058687|0.35836296823138925|0.33946575591312439|0.3300519598545914|0.34240161213845421
4,FULL_RIDGE_TRANSFER,50,0.01,5,0.33604590787562927,0.30994724324058687|0.35836296823138925|0.33946575591312439|0.3300519598545914|0.34240161213845421
4,FULL_RIDGE_TRANSFER,50,0.10000000000000001,0.050000000000000003,0.3374388101764263,0.30806246372422841|0.36513651809704445|0.34097967584809691|0.33196513242565867|0.34105026078710288
4,FULL_RIDGE_TRANSFER,50,0.10000000000000001,0.10000000000000001,0.3374388101764263,0.30806246372422841|0.36513651809704445|0.34097967584809691|0.33196513242565867|0.34105026078710288
4,FULL_RIDGE_TRANSFER,50,0.10000000000000001,0.20000000000000001,0.3374388101764263,0.30806246372422841|0.36513651809704445|0.34097967584809691|0.33196513242565867|0.34105026078710288
4,FULL_RIDGE_TRANSFER,50,0.10000000000000001,0.5,0.3374388101764263,0.30806246372422841|0.36513651809704445|0.34097967584809691|0.33196513242565867|0.34105026078710288
4,FULL_RIDGE_TRANSFER,50,0.10000000000000001,1,0.3374388101764263,0.30806246372422841|0.36513651809704445|0.34097967584809691|0.33196513242565867|0.34105026078710288
4,FULL_RIDGE_TRANSFER,50,0.10000000000000001,2,0.3374388101764263,0.30806246372422841|0.36513651809704445|0.34097967584809691|0.33196513242565867|0.34105026078710288
4,FULL_RIDGE_TRANSFER,50,0.10000000000000001,5,0.3374388101764263,0.30806246372422841|0.36513651809704445|0.34097967584809691|0.33196513242565867|0.34105026078710288
4,FULL_RIDGE_TRANSFER,50,1,0.050000000000000003,0.33563670709026744,0.31087846636995248|0.35169412833886521|0.33778523910102859|0.33023205536363431|0.34759364627785683
4,FULL_RIDGE_TRANSFER,50,1,0.10000000000000001,0.33563670709026744,0.31087846636995248|0.35169412833886521|0.33778523910102859|0.33023205536363431|0.34759364627785683
4,FULL_RIDGE_TRANSFER,50,1,0.20000000000000001,0.33563670709026744,0.31087846636995248|0.35169412833886521|0.33778523910102859|0.33023205536363431|0.34759364627785683
4,FULL_RIDGE_TRANSFER,50,1,0.5,0.33563670709026744,0.31087846636995248|0.35169412833886521|0.33778523910102859|0.33023205536363431|0.34759364627785683
4,FULL_RIDGE_TRANSFER,50,1,1,0.33563670709026744,0.31087846636995248|0.35169412833886521|0.33778523910102859|0.33023205536363431|0.34759364627785683
4,FULL_RIDGE_TRANSFER,50,1,2,0.33563670709026744,0.31087846636995248|0.35169412833886521|0.33778523910102859|0.33023205536363431|0.34759364627785683
4,FULL_RIDGE_TRANSFER,50,1,5,0.33563670709026744,0.31087846636995248|0.35169412833886521|0.33778523910102859|0.33023205536363431|0.34759364627785683
4,FULL_RIDGE_TRANSFER,50,10,0.050000000000000003,0.33573017512104203,0.30581885954950971|0.34297554133080455|0.33826747971484811|0.35187230463546254|0.33971669037458513
4,FULL_RIDGE_TRANSFER,50,10,0.10000000000000001,0.33573017512104203,0.30581885954950971|0.34297554133080455|0.33826747971484811|0.35187230463546254|0.33971669037458513
4,FULL_RIDGE_TRANSFER,50,10,0.20000000000000001,0.33573017512104203,0.30581885954950971|0.34297554133080455|0.33826747971484811|0.35187230463546254|0.33971669037458513
4,FULL_RIDGE_TRANSFER,50,10,0.5,0.33573017512104203,0.30581885954950971|0.34297554133080455|0.33826747971484811|0.35187230463546254|0.33971669037458513
4,FULL_RIDGE_TRANSFER,50,10,1,0.33573017512104203,0.30581885954950971|0.34297554133080455|0.33826747971484811|0.35187230463546254|0.33971669037458513
4,FULL_RIDGE_TRANSFER,50,10,2,0.33573017512104203,0.30581885954950971|0.34297554133080455|0.33826747971484811|0.35187230463546254|0.33971669037458513
4,FULL_RIDGE_TRANSFER,50,10,5,0.33573017512104203,0.30581885954950971|0.34297554133080455|0.33826747971484811|0.35187230463546254|0.33971669037458513
4,FULL_RIDGE_TRANSFER,50,100,0.050000000000000003,0.33296287087618359,0.29520663576004141|0.33691026552868658|0.3476529160739687|0.35870306396622181|0.32634147305199934
4,FULL_RIDGE_TRANSFER,50,100,0.10000000000000001,0.33296287087618359,0.29520663576004141|0.33691026552868658|0.3476529160739687|0.35870306396622181|0.32634147305199934
4,FULL_RIDGE_TRANSFER,50,100,0.20000000000000001,0.33296287087618359,0.29520663576004141|0.33691026552868658|0.3476529160739687|0.35870306396622181|0.32634147305199934
4,FULL_RIDGE_TRANSFER,50,100,0.5,0.33296287087618359,0.29520663576004141|0.33691026552868658|0.3476529160739687|0.35870306396622181|0.32634147305199934
4,FULL_RIDGE_TRANSFER,50,100,1,0.33296287087618359,0.29520663576004141|0.33691026552868658|0.3476529160739687|0.35870306396622181|0.32634147305199934
4,FULL_RIDGE_TRANSFER,50,100,2,0.33296287087618359,0.29520663576004141|0.33691026552868658|0.3476529160739687|0.35870306396622181|0.32634147305199934
4,FULL_RIDGE_TRANSFER,50,100,5,0.33296287087618359,0.29520663576004141|0.33691026552868658|0.3476529160739687|0.35870306396622181|0.32634147305199934
5,LRCM,1,1.0000000000000001e-05,0.050000000000000003,0.34065009434417332,0.32638193879970195|0.3080924824345877|0.37087716475874372|0.32541291291291297|0.37248597281492024
5,LRCM,1,1.0000000000000001e-05,0.10000000000000001,0.34065009434417332,0.32638193879970195|0.3080924824345877|0.37087716475874372|0.32541291291291297|0.37248597281492024
5,LRCM,1,1.0000000000000001e-05,0.20000000000000001,0.34065009434417332,0.32638193879970195|0.3080924824345877|0.37087716475874372|0.32541291291291297|0.37248597281492024
5,LRCM,1,1.0000000000000001e-05,0.5,0.34065009434417332,0.32638193879970195|0.3080924824345877|0.37087716475874372|0.32541291291291297|0.37248597281492024
5,LRCM,1,1.0000000000000001e-05,1,0.34065009434417332,0.32638193879970195|0.3080924824345877|0.37087716475874372|0.32541291291291297|0.37248597281492024
5,LRCM,1,1.0000000000000001e-05,2,0.34065009434417332,0.32638193879970195|0.3080924824345877|0.37087716475874372|0.32541291291291297|0.37248597281492024
5,LRCM,1,1.0000000000000001e-05,5,0.34065009434417332,0.32638193879970195|0.3080924824345877|0.37087716475874372|0.32541291291291297|0.37248597281492024
5,LRCM,1,0.0001,0.050000000000000003,0.34065009434417332,0.32638193879970195|0.3080924824345877|0.37087716475874372|0.32541291291291297|0.37248597281492024
5,LRCM,1,0.0001,0.10000000000000001,0.34065009434417332,0.32638193879970195|0.3080924824345877|0.37087716475874372|0.32541291291291297|0.37248597281492024
5,LRCM,1,0.0001,0.20000000000000001,0.34065009434417332,0.32638193879970195|0.3080924824345877|0.37087716475874372|0.32541291291291297|0.37248597281492024
5,LRCM,1,0.0001,0.5,0.34065009434417332,0.32638193879970195|0.3080924824345877|0.37087716475874372|0.32541291291291297|0.37248597281492024
5,LRCM,1,0.0001,1,0.34065009434417332,0.32638193879970195|0.3080924824345877|0.37087716475874372|0.32541291291291297|0.37248597281492024
5,LRCM,1,0.0001,2,0.34065009434417332,0.32638193879970195|0.3080924824345877|0.37087716475874372|0.32541291291291297|0.37248597281492024
5,LRCM,1,0.0001,5,0.34065009434417332,0.32638193879970195|0.3080924824345877|0.37087716475874372|0.32541291291291297|0.37248597281492024
5,LRCM,1,0.001,0.050000000000000003,0.34065009434417332,0.32638193879970195|0.3080924824345877|0.37087716475874372|0.32541291291291297|0.37248597281492024
5,LRCM,1,0.001,0.10000000000000001,0.34065009434417332,0.32638193879970195|0.3080924824345877|0.37087716475874372|0.32541291291291297|0.37248597281492024
5,LRCM,1,0.001,0.20000000000000001,0.34065009434417332,0.32638193879970195|0.3080924824345877|0.37087716475874372|0.32541291291291297|0.37248597281492024
5,LRCM,1,0.001,0.5,0.34065009434417332,0.32638193879970195|0.3080924824345877|0.37087716475874372|0.32541291291291297|0.37248597281492024
5,LRCM,1,0.001,1,0.34065009434417332,0.32638193879970195|0.3080924824345877|0.37087716475874372|0.32541291291291297|0.37248597281492024
5,LRCM,1,0.001,2,0.34065009434417332,0.32638193879970195|0.3080924824345877|0.37087716475874372|0.32541291291291297|0.37248597281492024
5,LRCM,1,0.001,5,0.34065009434417332,0.32638193879970195|0.3080924824345877|0.37087716475874372|0.32541291291291297|0.37248597281492024
5,LRCM,1,0.01,0.050000000000000003,0.3417832250825672,0.32880661227700703|0.30928865468339151|0.37087716475874372|0.32676426426426425|0.37317942942942944
5,LRCM,1,0.01,0.10000000000000001,0.3417832250825672,0.32880661227700703|0.30928865468339151|0.37087716475874372|0.32676426426426425|0.37317942942942944
5,LRCM,1,0.01,0.20000000000000001,0.3417832250825672,0.32880661227700703|0.30928865468339151|0.37087716475874372|0.32676426426426425|0.37317942942942944
5,LRCM,1,0.01,0.5,0.3417832250825672,0.32880661227700703|0.30928865468339151|0.37087716475874372|0.32676426426426425|0.37317942942942944
5,LRCM,1,0.01,1,0.3417832250825672,0.32880661227700703|0.30928865468339151|0.37087716475874372|0.32676426426426425|0.37317942942942944
5,LRCM,1,0.01,2,0.3417832250825672,0.32880661227700703|0.30928865468339151|0.37087716475874372|0.32676426426426425|0.37317942942942944
5,LRCM,1,0.01,5,0.3417832250825672,0.32880661227700703|0.30928865468339151|0.37087716475874372|0.32676426426426425|0.37317942942942944
5,LRCM,1,0.10000000000000001,0.050000000000000003,0.34344461391500863,0.33798527145566615|0.31051805393910659|0.37076850346587192|0.32468290659080135|0.37326833412359728
5,LRCM,1,0.10000000000000001,0.10000000000000001,0.34344461391500863,0.33798527145566615|0.31051805393910659|0.37076850346587192|0.32468290659080135|0.37326833412359728
5,LRCM,1,0.10000000000000001,0.20000000000000001,0.34344461391500863,0.33798527145566615|0.31051805393910659|0.37076850346587192|0.32468290659080135|0.37326833412359728
5,LRCM,1,0.10000000000000001,0.5,0.34344461391500863,0.33798527145566615|0.31051805393910659|0.37076850346587192|0.32468290659080135|0.37326833412359728
5,LRCM,1,0.10000000000000001,1,0.34344461391500863,0.33798527145566615|0.31051805393910659|0.37076850346587192|0.32468290659080135|0.37326833412359728
5,LRCM,1,0.10000000000000001,2,0.34344461391500863,0.33798527145566615|0.31051805393910659|0.37076850346587192|0.32468290659080135|0.37326833412359728
5,LRCM,1,0.10000000000000001,5,0.34344461391500863,0.33798527145566615|0.31051805393910659|0.37076850346587192|0.32468290659080135|0.37326833412359728
5,LRCM,1,1,0.050000000000000003,0.3411678393619183,0.3415954948027316|0.29796183743552168|0.36026301677617467|0.31975264738422632|0.38626620041093718
5,LRCM,1,1,0.10000000000000001,0.3411678393619183,0.3415954948027316|0.29796183743552168|0.36026301677617467|0.31975264738422632|0.38626620041093718
5,LRCM,1,1,0.20000000000000001,0.3411678393619183,0.3415954948027316|0.29796183743552168|0.36026301677617467|0.31975264738422632|0.38626620041093718
5,LRCM,1,1,0.5,0.3411678393619183,0.3415954948027316|0.29796183743552168|0.36026301677617467|0.31975264738422632|0.38626620041093718
5,LRCM,1,1,1,0.3411678393619183,0.3415954948027316|0.29796183743552168|0.36026301677617467|0.31975264738422632|0.38626620041093718
5,LRCM,1,1,2,0.3411678393619183,0.3415954948027316|0.29796183743552168|0.36026301677617467|0.31975264738422632|0.38626620041093718
5,LRCM,1,1,5,0.3411678393619183,0.3415954948027316|0.29796183743552168|0.36026301677617467|0.31975264738422632|0.38626620041093718
5,LRCM,1,10,0.050000000000000003,0.34420668237444552,0.34703641076996344|0.31166752877279191|0.37705900449321506|0.30369448395764187|0.38157598387861535
5,LRCM,1,10,0.10000000000000001,0.34420668237444552,0.34703641076996344|0.31166752877279191|0.37705900449321506|0.30369448395764187|0.38157598387861535
5,LRCM,1,10,0.20000000000000001,0.34420668237444552,0.34703641076996344|0.31166752877279191|0.37705900449321506|0.30369448395764187|0.38157598387861535
5,LRCM,1,10,0.5,0.34420668237444552,0.34703641076996344|0.31166752877279191|0.37705900449321506|0.30369448395764187|0.38157598387861535
5,LRCM,1,10,1,0.34420668237444552,0.34703641076996344|0.31166752877279191|0.37705900449321506|0.30369448395764187|0.38157598387861535
5,LRCM,1,10,2,0.34420668237444552,0.34703641076996344|0.31166752877279191|0.37705900449321506|0.30369448395764187|0.38157598387861535
5,LRCM,1,10,5,0.34420668237444552,0.34703641076996344|0.31166752877279191|0.37705900449321506|0.30369448395764187|0.38157598387861535
5,LRCM,1,100,0.050000000000000003,0.34377063628050475,0.34695469029350606|0.31485193327298594|0.37102929056876427|0.30583017227754072|0.38018709498972658
5,LRCM,1,100,0.10000000000000001,0.34377063628050475,0.34695469029350606|0.31485193327298594|0.37102929056876427|0.30583017227754072|0.38018709498972658
5,LRCM,1,100,0.20000000000000001,0.34377063628050475,0.34695469029350606|0.31485193327298594|0.37102929056876427|0.30583017227754072|0.38018709498972658
5,LRCM,1,100,0.5,0.34377063628050475,0.34695469029350606|0.31485193327298594|0.37102929056876427|0.30583017227754072|0.38018709498972658
5,LRCM,1,100,1,0.34377063628050475,0.34695469029350606|0.31485193327298594|0.37102929056876427|0.30583017227754072|0.38018709498972658
5,LRCM,1,100,2,0.34377063628050475,0.34695469029350606|0.31485193327298594|0.37102929056876427|0.30583017227754072|0.38018709498972658
5,LRCM,1,100,5,0.34377063628050475,0.34695469029350606|0.31485193327298594|0.37102929056876427|0.30583017227754072|0.38018709498972658
5,LRCM,2,1.0000000000000001e-05,0.050000000000000003,0.33971873518255091,0.3339479656091498|0.30236935500093393|0.373257072862336|0.31812174016121386|0.3708975422791212
5,LRCM,2,1.0000000000000001e-05,0.10000000000000001,0.33971873518255091,0.3339479656091498|0.30236935500093393|0.373257072862336|0.31812174016121386|0.3708975422791212
5,LRCM,2,1.0000000000000001e-05,0.20000000000000001,0.33971873518255091,0.3339479656091498|0.30236935500093393|0.373257072862336|0.31812174016121386|0.3708975422791212
5,LRCM,2,1.0000000000000001e-05,0.5,0.33971873518255091,0.3339479656091498|0.30236935500093393|0.373257072862336|0.31812174016121386|0.3708975422791212
5,LRCM,2,1.0000000000000001e-05,1,0.33971873518255091,0.3339479656091498|0.30236935500093393|0.373257072862336|0.31812174016121386|0.3708975422791212
5,LRCM,2,1.0000000000000001e-05,2,0.33971873518255091,0.3339479656091498|0.30236935500093393|0.373257072862336|0.31812174016121386|0.3708975422791212
5,LRCM,2,1.0000000000000001e-05,5,0.33971873518255091,0.3339479656091498|0.30236935500093393|0.373257072862336|0.31812174016121386|0.3708975422791212
5,LRCM,2,0.0001,0.050000000000000003,0.33971873518255091,0.3339479656091498|0.30236935500093393|0.373257072862336|0.31744606448553819|0.37157321795479686
5,LRCM,2,0.0001,0.10000000000000001,0.33971873518255091,0.3339479656091498|0.30236935500093393|0.373257072862336|0.31744606448553819|0.37157321795479686
5,LRCM,2,0.0001,0.20000000000000001,0.33971873518255091,0.3339479656091498|0.30236935500093393|0.373257072862336|0.31744606448553819|0.37157321795479686
5,LRCM,2,0.0001,0.5,0.33971873518255091,0.3339479656091498|0.30236935500093393|0.373257072862336|0.31744606448553819|0.37157321795479686
5,LRCM,2,0.0001,1,0.33971873518255091,0.3339479656091498|0.30236935500093393|0.373257072862336|0.31744606448553819|0.37157321795479686
5,LRCM,2,0.0001,2,0.33971873518255091,0.3339479656091498|0.30236935500093393|0.373257072862336|0.31744606448553819|0.37157321795479686
5,LRCM,2,0.0001,5,0.33971873518255091,0.3339479656091498|0.30236935500093393|0.373257072862336|0.31744606448553819|0.37157321795479686
5,LRCM,2,0.001,0.050000000000000003,0.33948091961578802,0.33334987948474787|0.30115701826228136|0.37391496759917808|0.31810395922238027|0.37087877351035242
5,LRCM,2,0.001,0.10000000000000001,0.33948091961578802,0.33334987948474787|0.30115701826228136|0.37391496759917808|0.31810395922238027|0.37087877351035242
5,LRCM,2,0.001,0.20000000000000001,0.33948091961578802,0.33334987948474787|0.30115701826228136|0.37391496759917808|0.31810395922238027|0.37087877351035242
5,LRCM,2,0.001,0.5,0.33948091961578802,0.33334987948474787|0.30115701826228136|0.37391496759917808|0.31810395922238027|0.37087877351035242
5,LRCM,2,0.001,1,0.33948091961578802,0.33334987948474787|0.30115701826228136|0.37391496759917808|0.31810395922238027|0.37087877351035242
5,LRCM,2,0.001,2,0.33948091961578802,0.33334987948474787|0.30115701826228136|0.37391496759917808|0.31810395922238027|0.37087877351035242
5,LRCM,2,0.001,5,0.33948091961578802,0.33334987948474787|0.30115701826228136|0.37391496759917808|0.31810395922238027|0.37087877351035242
5,LRCM,2,0.01,0.050000000000000003,0.33956495700245704,0.33396413009899856|0.30238641751799644|0.37519420736525999|0.31806839734471309|0.36821163268531693
5,LRCM,2,0.01,0.10000000000000001,0.33956495700245704,0.33396413009899856|0.30238641751799644|0.37519420736525999|0.31806839734471309|0.36821163268531693
5,LRCM,2,0.01,0.20000000000000001,0.33956495700245704,0.33396413009899856|0.30238641751799644|0.37519420736525999|0.31806839734471309|0.36821163268531693
5,LRCM,2,0.01,0.5,0.33956495700245704,0.33396413009899856|0.30238641751799644|0.37519420736525999|0.31806839734471309|0.36821163268531693
5,LRCM,2,0.01,1,0.33956495700245704,0.33396413009899856|0.30238641751799644|0.37519420736525999|0.31806839734471309|0.36821163268531693
5,LRCM,2,0.01,2,0.33956495700245704,0.33396413009899856|0.30238641751799644|0.37519420736525999|0.31806839734471309|0.36821163268531693
5,LRCM,2,0.01,5,0.33956495700245704,0.33396413009899856|0.30238641751799644|0.37519420736525999|0.31806839734471309|0.36821163268531693
5,LRCM,2,0.10000000000000001,0.050000000000000003,0.33798422807633333,0.3371105512552881|0.30615543773438508|0.37249283117704174|0.31414177335229965|0.36002054686265217
5,LRCM,2,0.10000000000000001,0.10000000000000001,0.33798422807633333,0.3371105512552881|0.30615543773438508|0.37249283117704174|0.31414177335229965|0.36002054686265217
5,LRCM,2,0.10000000000000001,0.20000000000000001,0.33798422807633333,0.3371105512552881|0.30615543773438508|0.37249283117704174|0.31414177335229965|0.36002054686265217
5,LRCM,2,0.10000000000000001,0.5,0.33798422807633333,0.3371105512552881|0.30615543773438508|0.37249283117704174|0.31414177335229965|0.36002054686265217
5,LRCM,2,0.10000000000000001,1,0.33798422807633333,0.3371105512552881|0.30615543773438508|0.37249283117704174|0.31414177335229965|0.36002054686265217
5,LRCM,2,0.10000000000000001,2,0.33798422807633333,0.3371105512552881|0.30615543773438508|0.37249283117704174|0.31414177335229965|0.36002054686265217
5,LRCM,2,0.10000000000000001,5,0.33798422807633333,0.3371105512552881|0.30615543773438508|0.37249283117704174|0.31414177335229965|0.36002054686265217
5,LRCM,2,1,0.050000000000000003,0.34218927860704185,0.34230388432691067|0.30695108984582664|0.375334338097496|0.30559408092302831|0.38076299984194717
5,LRCM,2,1,0.10000000000000001,0.34218927860704185,0.34230388432691067|0.30695108984582664|0.375334338097496|0.30559408092302831|0.38076299984194717
5,LRCM,2,1,0.20000000000000001,0.34218927860704185,0.34230388432691067|0.30695108984582664|0.375334338097496|0.30559408092302831|0.38076299984194717
5,LRCM,2,1,0.5,0.34218927860704185,0.34230388432691067|0.30695108984582664|0.375334338097496|0.30559408092302831|0.38076299984194717
5,LRCM,2,1,1,0.34218927860704185,0.34230388432691067|0.30695108984582664|0.375334338097496|0.30559408092302831|0.38076299984194717
5,LRCM,2,1,2,0.34218927860704185,0.34230388432691067|0.30695108984582664|0.375334338097496|0.30559408092302831|0.38076299984194717
5,LRCM,2,1,5,0.34218927860704185,0.34230388432691067|0.30695108984582664|0.375334338097496|0.30559408092302831|0.38076299984194717
5,LRCM,2,10,0.050000000000000003,0.34349357435870598,0.34884960468842047|0.31537189102978574|0.37494109711214973|0.29836020230757077|0.37994507665560295
5,LRCM,2,10,0.10000000000000001,0.34349357435870598,0.34884960468842047|0.31537189102978574|0.37494109711214973|0.29836020230757077|0.37994507665560295
5,LRCM,2,10,0.20000000000000001,0.34349357435870598,0.34884960468842047|0.31537189102978574|0.37494109711214973|0.29836020230757077|0.37994507665560295
5,LRCM,2,10,0.5,0.34349357435870598,0.34884960468842047|0.31537189102978574|0.37494109711214973|0.29836020230757077|0.37994507665560295
5,LRCM,2,10,1,0.34349357435870598,0.34884960468842047|0.31537189102978574|0.37494109711214973|0.29836020230757077|0.37994507665560295
5,LRCM,2,10,2,0.34349357435870598,0.34884960468842047|0.31537189102978574|0.37494109711214973|0.29836020230757077|0.37994507665560295
5,LRCM,2,10,5,0.34349357435870598,0.34884960468842047|0.31537189102978574|0.37494109711214973|0.29836020230757077|0.37994507665560295
5,LRCM,2,100,0.050000000000000003,0.34419705552271346,0.34695469029350606|0.31362343204448462|0.37033484612431977|0.3065423976608187|0.38352991149043786
5,LRCM,2,100,0.10000000000000001,0.34419705552271346,0.34695469029350606|0.31362343204448462|0.37033484612431977|0.3065423976608187|0.38352991149043786
5,LRCM,2,100,0.20000000000000001,0.34419705552271346,0.34695469029350606|0.31362343204448462|0.37033484612431977|0.3065423976608187|0.38352991149043786
5,LRCM,2,100,0.5,0.34419705552271346,0.34695469029350606|0.31362343204448462|0.37033484612431977|0.3065423976608187|0.38352991149043786
5,LRCM,2,100,1,0.34419705552271346,0.34695469029350606|0.31362343204448462|0.37033484612431977|0.3065423976608187|0.38352991149043786
5,LRCM,2,100,2,0.34419705552271346,0.34695469029350606|0.31362343204448462|0.37033484612431977|0.3065423976608187|0.38352991149043786
5,LRCM,2,100,5,0.34419705552271346,0.34695469029350606|0.31362343204448462|0.37033484612431977|0.3065423976608187|0.38352991149043786
5,LRCM,3,1.0000000000000001e-05,0.050000000000000003,0.34306699116238593,0.33337150911164071|0.31221712142764774|0.37851924292713768|0.32945017385806868|0.36177690848743482
5,LRCM,3,1.0000000000000001e-05,0.10000000000000001,0.34306699116238593,0.33337150911164071|0.31221712142764774|0.37851924292713768|0.32945017385806868|0.36177690848743482
5,LRCM,3,1.0000000000000001e-05,0.20000000000000001,0.34306699116238593,0.33337150911164071|0.31221712142764774|0.37851924292713768|0.32945017385806868|0.36177690848743482
5,LRCM,3,1.0000000000000001e-05,0.5,0.34306699116238593,0.33337150911164071|0.31221712142764774|0.37851924292713768|0.32945017385806868|0.36177690848743482
5,LRCM,3,1.0000000000000001e-05,1,0.34306699116238593,0.33337150911164071|0.31221712142764774|0.37851924292713768|0.32945017385806868|0.36177690848743482
5,LRCM,3,1.0000000000000001e-05,2,0.34306699116238593,0.33337150911164071|0.31221712142764774|0.37851924292713768|0.32945017385806868|0.36177690848743482
5,LRCM,3,1.0000000000000001e-05,5,0.34306699116238593,0.33337150911164071|0.31221712142764774|0.37851924292713768|0.32945017385806868|0.36177690848743482
5,LRCM,3,0.0001,0.050000000000000003,0.34306699116238593,0.33337150911164071|0.31221712142764774|0.37851924292713768|0.32945017385806868|0.36177690848743482
5,LRCM,3,0.0001,0.10000000000000001,0.34306699116238593,0.33337150911164071|0.31221712142764774|0.37851924292713768|0.32945017385806868|0.36177690848743482
5,LRCM,3,0.0001,0.20000000000000001,0.34306699116238593,0.33337150911164071|0.31221712142764774|0.37851924292713768|0.32945017385806868|0.36177690848743482
5,LRCM,3,0.0001,0.5,0.34306699116238593,0.33337150911164071|0.31221712142764774|0.37851924292713768|0.32945017385806868|0.36177690848743482
5,LRCM,3,0.0001,1,0.34306699116238593,0.33337150911164071|0.31221712142764774|0.37851924292713768|0.32945017385806868|0.36177690848743482
5,LRCM,3,0.0001,2,0.34306699116238593,0.33337150911164071|0.31221712142764774|0.37851924292713768|0.32945017385806868|0.36177690848743482
5,LRCM,3,0.0001,5,0.34306699116238593,0.33337150911164071|0.31221712142764774|0.37851924292713768|0.32945017385806868|0.36177690848743482
5,LRCM,3,0.001,0.050000000000000003,0.34320212629752106,0.33337150911164071|0.31221712142764774|0.37851924292713768|0.32945017385806868|0.36245258416311055
5,LRCM,3,0.001,0.10000000000000001,0.34320212629752106,0.33337150911164071|0.31221712142764774|0.37851924292713768|0.32945017385806868|0.36245258416311055
5,LRCM,3,0.001,0.20000000000000001,0.34320212629752106,0.33337150911164071|0.31221712142764774|0.37851924292713768|0.32945017385806868|0.36245258416311055
5,LRCM,3,0.001,0.5,0.34320212629752106,0.33337150911164071|0.31221712142764774|0.37851924292713768|0.32945017385806868|0.36245258416311055
5,LRCM,3,0.001,1,0.34320212629752106,0.33337150911164071|0.31221712142764774|0.37851924292713768|0.32945017385806868|0.36245258416311055
5,LRCM,3,0.001,2,0.34320212629752106,0.33337150911164071|0.31221712142764774|0.37851924292713768|0.32945017385806868|0.36245258416311055
5,LRCM,3,0.001,5,0.34320212629752106,0.33337150911164071|0.31221712142764774|0.37851924292713768|0.32945017385806868|0.36245258416311055
5,LRCM,3,0.01,0.050000000000000003,0.34491146465159622,0.3352493609894926|0.31221712142764774|0.3771125730994152|0.33146139560613247|0.36851687213529322
5,LRCM,3,0.01,0.10000000000000001,0.34491146465159622,0.3352493609894926|0.31221712142764774|0.3771125730994152|0.33146139560613247|0.36851687213529322
5,LRCM,3,0.01,0.20000000000000001,0.34491146465159622,0.3352493609894926|0.31221712142764774|0.3771125730994152|0.33146139560613247|0.36851687213529322
5,LRCM,3,0.01,0.5,0.34491146465159622,0.3352493609894926|0.31221712142764774|0.3771125730994152|0.33146139560613247|0.36851687213529322
5,LRCM,3,0.01,1,0.34491146465159622,0.3352493609894926|0.31221712142764774|0.3771125730994152|0.33146139560613247|0.36851687213529322
5,LRCM,3,0.01,2,0.34491146465159622,0.3352493609894926|0.31221712142764774|0.3771125730994152|0.33146139560613247|0.36851687213529322
5,LRCM,3,0.01,5,0.34491146465159622,0.3352493609894926|0.31221712142764774|0.3771125730994152|0.33146139560613247|0.36851687213529322
5,LRCM,3,0.10000000000000001,0.050000000000000003,0.34784984972156024,0.33705424174174176|0.31047135652398811|0.37766090338458758|0.32832009641220167|0.38574265054528212
5,LRCM,3,0.10000000000000001,0.10000000000000001,0.34784984972156024,0.33705424174174176|0.31047135652398811|0.37766090338458758|0.32832009641220167|0.38574265054528212
5,LRCM,3,0.10000000000000001,0.20000000000000001,0.34784984972156024,0.33705424174174176|0.31047135652398811|0.37766090338458758|0.32832009641220167|0.38574265054528212
5,LRCM,3,0.10000000000000001,0.5,0.34784984972156024,0.33705424174174176|0.31047135652398811|0.37766090338458758|0.32832009641220167|0.38574265054528212
5,LRCM,3,0.10000000000000001,1,0.34784984972156024,0.33705424174174176|0.31047135652398811|0.37766090338458758|0.32832009641220167|0.38574265054528212
5,LRCM,3,0.10000000000000001,2,0.34784984972156024,0.33705424174174176|0.31047135652398811|0.37766090338458758|0.32832009641220167|0.38574265054528212
5,LRCM,3,0.10000000000000001,5,0.34784984972156024,0.33705424174174176|0.31047135652398811|0.37766090338458758|0.32832009641220167|0.38574265054528212
5,LRCM,3,1,0.050000000000000003,0.34381468117981279,0.339728188330162|0.31112063019957759|0.37238829054618533|0.3190058479532164|0.37683044886992256
5,LRCM,3,1,0.10000000000000001,0.34381468117981279,0.339728188330162|0.31112063019957759|0.37238829054618533|0.3190058479532164|0.37683044886992256
5,LRCM,3,1,0.20000000000000001,0.34381468117981279,0.339728188330162|0.31112063019957759|0.37238829054618533|0.3190058479532164|0.37683044886992256
5,LRCM,3,1,0.5,0.34381468117981279,0.339728188330162|0.31112063019957759|0.37238829054618533|0.3190058479532164|0.37683044886992256
5,LRCM,3,1,1,0.34381468117981279,0.339728188330162|0.31112063019957759|0.37238829054618533|0.3190058479532164|0.37683044886992256
5,LRCM,3,1,2,0.34381468117981279,0.339728188330162|0.31112063019957759|0.37238829054618533|0.3190058479532164|0.37683044886992256
5,LRCM,3,1,5,0.34381468117981279,0.339728188330162|0.31112063019957759|0.37238829054618533|0.3190058479532164|0.37683044886992256
5,LRCM,3,10,0.050000000000000003,0.34468546943217998,0.35248938595978069|0.31163519979309451|0.37590423129896811|0.30111723565670934|0.3822812944523471
5,LRCM,3,10,0.10000000000000001,0.34468546943217998,0.35248938595978069|0.31163519979309451|0.37590423129896811|0.30111723565670934|0.3822812944523471
5,LRCM,3,10,0.20000000000000001,0.34468546943217998,0.35248938595978069|0.31163519979309451|0.37590423129896811|0.30111723565670934|0.3822812944523471
5,LRCM,3,10,0.5,0.34468546943217998,0.35248938595978069|0.31163519979309451|0.37590423129896811|0.30111723565670934|0.3822812944523471
5,LRCM,3,10,1,0.34468546943217998,0.35248938595978069|0.31163519979309451|0.37590423129896811|0.30111723565670934|0.3822812944523471
5,LRCM,3,10,2,0.34468546943217998,0.35248938595978069|0.31163519979309451|0.37590423129896811|0.30111723565670934|0.3822812944523471
5,LRCM,3,10,5,0.34468546943217998,0.35248938595978069|0.31163519979309451|0.37590423129896811|0.30111723565670934|0.3822812944523471
5,LRCM,3,100,0.050000000000000003,0.34497086504652297,0.34881637768150925|0.31237786829892095|0.37033484612431977|0.30583017227754072|0.38749506085032404
5,LRCM,3,100,0.10000000000000001,0.34497086504652297,0.34881637768150925|0.31237786829892095|0.37033484612431977|0.30583017227754072|0.38749506085032404
5,LRCM,3,100,0.20000000000000001,0.34497086504652297,0.34881637768150925|0.31237786829892095|0.37033484612431977|0.30583017227754072|0.38749506085032404
5,LRCM,3,100,0.5,0.34497086504652297,0.34881637768150925|0.31237786829892095|0.37033484612431977|0.30583017227754072|0.38749506085032404
5,LRCM,3,100,1,0.34497086504652297,0.34881637768150925|0.31237786829892095|0.37033484612431977|0.30583017227754072|0.38749506085032404
5,LRCM,3,100,2,0.34497086504652297,0.34881637768150925|0.31237786829892095|0.37033484612431977|0.30583017227754072|0.38749506085032404
5,LRCM,3,100,5,0.34497086504652297,0.34881637768150925|0.31237786829892095|0.37033484612431977|0.30583017227754072|0.38749506085032404
5,LRCM,5,1.0000000000000001e-05,0.050000000000000003,0.34168183139564723,0.31748784520166101|0.31053332040174147|0.3618671679197995|0.33403963173700013|0.3844811917180338
5,LRCM,5,1.0000000000000001e-05,0.10000000000000001,0.34168183139564723,0.31748784520166101|0.31053332040174147|0.3618671679197995|0.33403963173700013|0.3844811917180338
5,LRCM,5,1.0000000000000001e-05,0.20000000000000001,0.34168183139564723,0.31748784520166101|0.31053332040174147|0.3618671679197995|0.33403963173700013|0.3844811917180338
5,LRCM,5,1.0000000000000001e-05,0.5,0.34168183139564723,0.31748784520166101|0.31053332040174147|0.3618671679197995|0.33403963173700013|0.3844811917180338
5,LRCM,5,1.0000000000000001e-05,1,0.34168183139564723,0.31748784520166101|0.31053332040174147|0.3618671679197995|0.33403963173700013|0.3844811917180338
5,LRCM,5,1.0000000000000001e-05,2,0.34168183139564723,0.31748784520166101|0.31053332040174147|0.3618671679197995|0.33403963173700013|0.3844811917180338
5,LRCM,5,1.0000000000000001e-05,5,0.34168183139564723,0.31748784520166101|0.31053332040174147|0.3618671679197995|0.33403963173700013|0.3844811917180338
5,LRCM,5,0.0001,0.050000000000000003,0.34168183139564723,0.31748784520166101|0.31053332040174147|0.3618671679197995|0.33403963173700013|0.3844811917180338
5,LRCM,5,0.0001,0.10000000000000001,0.34168183139564723,0.31748784520166101|0.31053332040174147|0.3618671679197995|0.33403963173700013|0.3844811917180338
5,LRCM,5,0.0001,0.20000000000000001,0.34168183139564723,0.31748784520166101|0.31053332040174147|0.3618671679197995|0.33403963173700013|0.3844811917180338
5,LRCM,5,0.0001,0.5,0.34168183139564723,0.31748784520166101|0.31053332040174147|0.3618671679197995|0.33403963173700013|0.3844811917180338
5,LRCM,5,0.0001,1,0.34168183139564723,0.31748784520166101|0.31053332040174147|0.3618671679197995|0.33403963173700013|0.3844811917180338
5,LRCM,5,0.0001,2,0.34168183139564723,0.31748784520166101|0.31053332040174147|0.3618671679197995|0.33403963173700013|0.3844811917180338
5,LRCM,5,0.0001,5,0.34168183139564723,0.31748784520166101|0.31053332040174147|0.3618671679197995|0.33403963173700013|0.3844811917180338
5,LRCM,5,0.001,0.050000000000000003,0.34156771009731535,0.31687359458741038|0.30991906978749084|0.36252506265664164|0.33403963173700013|0.3844811917180338
5,LRCM,5,0.001,0.10000000000000001,0.34156771009731535,0.31687359458741038|0.30991906978749084|0.36252506265664164|0.33403963173700013|0.3844811917180338
5,LRCM,5,0.001,0.20000000000000001,0.34156771009731535,0.31687359458741038|0.30991906978749084|0.36252506265664164|0.33403963173700013|0.3844811917180338
5,LRCM,5,0.001,0.5,0.34156771009731535,0.31687359458741038|0.30991906978749084|0.36252506265664164|0.33403963173700013|0.3844811917180338
5,LRCM,5,0.001,1,0.34156771009731535,0.31687359458741038|0.30991906978749084|0.36252506265664164|0.33403963173700013|0.3844811917180338
5,LRCM,5,0.001,2,0.34156771009731535,0.31687359458741038|0.30991906978749084|0.36252506265664164|0.33403963173700013|0.3844811917180338
5,LRCM,5,0.001,5,0.34156771009731535,0.31687359458741038|0.30991906978749084|0.36252506265664164|0.33403963173700013|0.3844811917180338
5,LRCM,5,0.01,0.050000000000000003,0.34140791513488883,0.31750490771872353|0.31179504863715396|0.3592000270947639|0.33539197091828671|0.38314762130551605
5,LRCM,5,0.01,0.10000000000000001,0.34140791513488883,0.31750490771872353|0.31179504863715396|0.3592000270947639|0.33539197091828671|0.38314762130551605
5,LRCM,5,0.01,0.20000000000000001,0.34140791513488883,0.31750490771872353|0.31179504863715396|0.3592000270947639|0.33539197091828671|0.38314762130551605
5,LRCM,5,0.01,0.5,0.34140791513488883,0.31750490771872353|0.31179504863715396|0.3592000270947639|0.33539197091828671|0.38314762130551605
5,LRCM,5,0.01,1,0.34140791513488883,0.31750490771872353|0.31179504863715396|0.3592000270947639|0.33539197091828671|0.38314762130551605
5,LRCM,5,0.01,2,0.34140791513488883,0.31750490771872353|0.31179504863715396|0.3592000270947639|0.33539197091828671|0.38314762130551605
5,LRCM,5,0.01,5,0.34140791513488883,0.31750490771872353|0.31179504863715396|0.3592000270947639|0.33539197091828671|0.38314762130551605
5,LRCM,5,0.10000000000000001,0.050000000000000003,0.34360888233585607,0.32819794867492241|0.31250987829935201|0.36239763259500102|0.33173502449818237|0.38320392761182231
5,LRCM,5,0.10000000000000001,0.10000000000000001,0.34360888233585607,0.32819794867492241|0.31250987829935201|0.36239763259500102|0.33173502449818237|0.38320392761182231
5,LRCM,5,0.10000000000000001,0.20000000000000001,0.34360888233585607,0.32819794867492241|0.31250987829935201|0.36239763259500102|0.33173502449818237|0.38320392761182231
5,LRCM,5,0.10000000000000001,0.5,0.34360888233585607,0.32819794867492241|0.31250987829935201|0.36239763259500102|0.33173502449818237|0.38320392761182231
5,LRCM,5,0.10000000000000001,1,0.34360888233585607,0.32819794867492241|0.31250987829935201|0.36239763259500102|0.33173502449818237|0.38320392761182231
5,LRCM,5,0.10000000000000001,2,0.34360888233585607,0.32819794867492241|0.31250987829935201|0.36239763259500102|0.33173502449818237|0.38320392761182231
5,LRCM,5,0.10000000000000001,5,0.34360888233585607,0.32819794867492241|0.31250987829935201|0.36239763259500102|0.33173502449818237|0.38320392761182231
5,LRCM,5,1,0.050000000000000003,0.34659811755535447,0.34774113121152594|0.31349501415290892|0.37308900065479011|0.32576359253990839|0.37290184921763875
5,LRCM,5,1,0.10000000000000001,0.34659811755535447,0.34774113121152594|0.31349501415290892|0.37308900065479011|0.32576359253990839|0.37290184921763875
5,LRCM,5,1,0.20000000000000001,0.34659811755535447,0.34774113121152594|0.31349501415290892|0.37308900065479011|0.32576359253990839|0.37290184921763875
5,LRCM,5,1,0.5,0.34659811755535447,0.34774113121152594|0.31349501415290892|0.37308900065479011|0.32576359253990839|0.37290184921763875
5,LRCM,5,1,1,0.34659811755535447,0.34774113121152594|0.31349501415290892|0.37308900065479011|0.32576359253990839|0.37290184921763875
5,LRCM,5,1,2,0.34659811755535447,0.34774113121152594|0.31349501415290892|0.37308900065479011|0.32576359253990839|0.37290184921763875
5,LRCM,5,1,5,0.34659811755535447,0.34774113121152594|0.31349501415290892|0.37308900065479011|0.32576359253990839|0.37290184921763875
5,LRCM,5,10,0.050000000000000003,0.34506233553273019,0.35680620277659747|0.31286459904880953|0.37857038429406853|0.3058281966176703|0.3712422949265054
5,LRCM,5,10,0.10000000000000001,0.34506233553273019,0.35680620277659747|0.31286459904880953|0.37857038429406853|0.3058281966176703|0.3712422949265054
5,LRCM,5,10,0.20000000000000001,0.34506233553273019,0.35680620277659747|0.31286459904880953|0.37857038429406853|0.3058281966176703|0.3712422949265054
5,LRCM,5,10,0.5,0.34506233553273019,0.35680620277659747|0.31286459904880953|0.37857038429406853|0.3058281966176703|0.3712422949265054
5,LRCM,5,10,1,0.34506233553273019,0.35680620277659747|0.31286459904880953|0.37857038429406853|0.3058281966176703|0.3712422949265054
5,LRCM,5,10,2,0.34506233553273019,0.35680620277659747|0.31286459904880953|0.37857038429406853|0.3058281966176703|0.3712422949265054
5,LRCM,5,10,5,0.34506233553273019,0.35680620277659747|0.31286459904880953|0.37857038429406853|0.3058281966176703|0.3712422949265054
5,LRCM,5,100,0.050000000000000003,0.34511264558304033,0.34881637768150925|0.31241109530583216|0.37033484612431977|0.30650584795321645|0.38749506085032404
5,LRCM,5,100,0.10000000000000001,0.34511264558304033,0.34881637768150925|0.31241109530583216|0.37033484612431977|0.30650584795321645|0.38749506085032404
5,LRCM,5,100,0.20000000000000001,0.34511264558304033,0.34881637768150925|0.31241109530583216|0.37033484612431977|0.30650584795321645|0.38749506085032404
5,LRCM,5,100,0.5,0.34511264558304033,0.34881637768150925|0.31241109530583216|0.37033484612431977|0.30650584795321645|0.38749506085032404
5,LRCM,5,100,1,0.34511264558304033,0.34881637768150925|0.31241109530583216|0.37033484612431977|0.30650584795321645|0.38749506085032404
5,LRCM,5,100,2,0.34511264558304033,0.34881637768150925|0.31241109530583216|0.37033484612431977|0.30650584795321645|0.38749506085032404
5,LRCM,5,100,5,0.34511264558304033,0.34881637768150925|0.31241109530583216|0.37033484612431977|0.30650584795321645|0.38749506085032404
5,LRCM,8,1.0000000000000001e-05,0.050000000000000003,0.34510501363461893,0.32357454536730851|0.31591609552135869|0.36721824267876901|0.339775960170697|0.37904022443496127
5,LRCM,8,1.0000000000000001e-05,0.10000000000000001,0.34510501363461893,0.32357454536730851|0.31591609552135869|0.36721824267876901|0.339775960170697|0.37904022443496127
5,LRCM,8,1.0000000000000001e-05,0.20000000000000001,0.34510501363461893,0.32357454536730851|0.31591609552135869|0.36721824267876901|0.339775960170697|0.37904022443496127
5,LRCM,8,1.0000000000000001e-05,0.5,0.34510501363461893,0.32357454536730851|0.31591609552135869|0.36721824267876901|0.339775960170697|0.37904022443496127
5,LRCM,8,1.0000000000000001e-05,1,0.34510501363461893,0.32357454536730851|0.31591609552135869|0.36721824267876901|0.339775960170697|0.37904022443496127
5,LRCM,8,1.0000000000000001e-05,2,0.34510501363461893,0.32357454536730851|0.31591609552135869|0.36721824267876901|0.339775960170697|0.37904022443496127
5,LRCM,8,1.0000000000000001e-05,5,0.34510501363461893,0.32357454536730851|0.31591609552135869|0.36721824267876901|0.339775960170697|0.37904022443496127
5,LRCM,8,0.0001,0.050000000000000003,0.34524014876975406,0.32357454536730851|0.31591609552135869|0.36721824267876901|0.339775960170697|0.37971590011063699
5,LRCM,8,0.0001,0.10000000000000001,0.34524014876975406,0.32357454536730851|0.31591609552135869|0.36721824267876901|0.339775960170697|0.37971590011063699
5,LRCM,8,0.0001,0.20000000000000001,0.34524014876975406,0.32357454536730851|0.31591609552135869|0.36721824267876901|0.339775960170697|0.37971590011063699
5,LRCM,8,0.0001,0.5,0.34524014876975406,0.32357454536730851|0.31591609552135869|0.36721824267876901|0.339775960170697|0.37971590011063699
5,LRCM,8,0.0001,1,0.34524014876975406,0.32357454536730851|0.31591609552135869|0.36721824267876901|0.339775960170697|0.37971590011063699
5,LRCM,8,0.0001,2,0.34524014876975406,0.32357454536730851|0.31591609552135869|0.36721824267876901|0.339775960170697|0.37971590011063699
5,LRCM,8,0.0001,5,0.34524014876975406,0.32357454536730851|0.31591609552135869|0.36721824267876901|0.339775960170697|0.37971590011063699
5,LRCM,8,0.001,0.050000000000000003,0.3457457740122214,0.32417263149171044|0.31653034613560932|0.36787613741561115|0.339775960170697|0.38037379484747913
5,LRCM,8,0.001,0.10000000000000001,0.3457457740122214,0.32417263149171044|0.31653034613560932|0.36787613741561115|0.339775960170697|0.38037379484747913
5,LRCM,8,0.001,0.20000000000000001,0.3457457740122214,0.32417263149171044|0.31653034613560932|0.36787613741561115|0.339775960170697|0.38037379484747913
5,LRCM,8,0.001,0.5,0.3457457740122214,0.32417263149171044|0.31653034613560932|0.36787613741561115|0.339775960170697|0.38037379484747913
5,LRCM,8,0.001,1,0.3457457740122214,0.32417263149171044|0.31653034613560932|0.36787613741561115|0.339775960170697|0.38037379484747913
5,LRCM,8,0.001,2,0.3457457740122214,0.32417263149171044|0.31653034613560932|0.36787613741561115|0.339775960170697|0.38037379484747913
5,LRCM,8,0.001,5,0.3457457740122214,0.32417263149171044|0.31653034613560932|0.36787613741561115|0.339775960170697|0.38037379484747913
5,LRCM,8,0.01,0.050000000000000003,0.34523808330716221,0.32481921108565842|0.31531800939695676|0.36720046173993548|0.33710881934566139|0.38174391496759918
5,LRCM,8,0.01,0.10000000000000001,0.34523808330716221,0.32481921108565842|0.31531800939695676|0.36720046173993548|0.33710881934566139|0.38174391496759918
5,LRCM,8,0.01,0.20000000000000001,0.34523808330716221,0.32481921108565842|0.31531800939695676|0.36720046173993548|0.33710881934566139|0.38174391496759918
5,LRCM,8,0.01,0.5,0.34523808330716221,0.32481921108565842|0.31531800939695676|0.36720046173993548|0.33710881934566139|0.38174391496759918
5,LRCM,8,0.01,1,0.34523808330716221,0.32481921108565842|0.31531800939695676|0.36720046173993548|0.33710881934566139|0.38174391496759918
5,LRCM,8,0.01,2,0.34523808330716221,0.32481921108565842|0.31531800939695676|0.36720046173993548|0.33710881934566139|0.38174391496759918
5,LRCM,8,0.01,5,0.34523808330716221,0.32481921108565842|0.31531800939695676|0.36720046173993548|0.33710881934566139|0.38174391496759918
5,LRCM,8,0.10000000000000001,0.050000000000000003,0.34833571272058117,0.3350420449927029|0.31599781599781601|0.36221488405698932|0.34390410146989098|0.38451971708550658
5,LRCM,8,0.10000000000000001,0.10000000000000001,0.34833571272058117,0.3350420449927029|0.31599781599781601|0.36221488405698932|0.34390410146989098|0.38451971708550658
5,LRCM,8,0.10000000000000001,0.20000000000000001,0.34833571272058117,0.3350420449927029|0.31599781599781601|0.36221488405698932|0.34390410146989098|0.38451971708550658
5,LRCM,8,0.10000000000000001,0.5,0.34833571272058117,0.3350420449927029|0.31599781599781601|0.36221488405698932|0.34390410146989098|0.38451971708550658
5,LRCM,8,0.10000000000000001,1,0.34833571272058117,0.3350420449927029|0.31599781599781601|0.36221488405698932|0.34390410146989098|0.38451971708550658
5,LRCM,8,0.10000000000000001,2,0.34833571272058117,0.3350420449927029|0.31599781599781601|0.36221488405698932|0.34390410146989098|0.38451971708550658
5,LRCM,8,0.10000000000000001,5,0.34833571272058117,0.3350420449927029|0.31599781599781601|0.36221488405698932|0.34390410146989098|0.38451971708550658
5,LRCM,8,1,0.050000000000000003,0.3462215208629682,0.34010879792129795|0.31714818885871515|0.36497496556707082|0.33124506085032401|0.37763059111743325
5,LRCM,8,1,0.10000000000000001,0.3462215208629682,0.34010879792129795|0.31714818885871515|0.36497496556707082|0.33124506085032401|0.37763059111743325
5,LRCM,8,1,0.20000000000000001,0.3462215208629682,0.34010879792129795|0.31714818885871515|0.36497496556707082|0.33124506085032401|0.37763059111743325
5,LRCM,8,1,0.5,0.3462215208629682,0.34010879792129795|0.31714818885871515|0.36497496556707082|0.33124506085032401|0.37763059111743325
5,LRCM,8,1,1,0.3462215208629682,0.34010879792129795|0.31714818885871515|0.36497496556707082|0.33124506085032401|0.37763059111743325
5,LRCM,8,1,2,0.3462215208629682,0.34010879792129795|0.31714818885871515|0.36497496556707082|0.33124506085032401|0.37763059111743325
5,LRCM,8,1,5,0.3462215208629682,0.34010879792129795|0.31714818885871515|0.36497496556707082|0.33124506085032401|0.37763059111743325
5,LRCM,8,10,0.050000000000000003,0.34512250335605599,0.35137493418743421|0.31530723307039099|0.37851605364763258|0.30646831041567885|0.37394598545914332
5,LRCM,8,10,0.10000000000000001,0.34512250335605599,0.35137493418743421|0.31530723307039099|0.37851605364763258|0.30646831041567885|0.37394598545914332
5,LRCM,8,10,0.20000000000000001,0.34512250335605599,0.35137493418743421|0.31530723307039099|0.37851605364763258|0.30646831041567885|0.37394598545914332
5,LRCM,8,10,0.5,0.34512250335605599,0.35137493418743421|0.31530723307039099|0.37851605364763258|0.30646831041567885|0.37394598545914332
5,LRCM,8,10,1,0.34512250335605599,0.35137493418743421|0.31530723307039099|0.37851605364763258|0.30646831041567885|0.37394598545914332
5,LRCM,8,10,2,0.34512250335605599,0.35137493418743421|0.31530723307039099|0.37851605364763258|0.30646831041567885|0.37394598545914332
5,LRCM,8,10,5,0.34512250335605599,0.35137493418743421|0.31530723307039099|0.37851605364763258|0.30646831041567885|0.37394598545914332
5,LRCM,8,100,0.050000000000000003,0.34459150243031822,0.34820212706725862|0.31241109530583216|0.36967695138747769|0.30584795321637431|0.38681938517464837
5,LRCM,8,100,0.10000000000000001,0.34459150243031822,0.34820212706725862|0.31241109530583216|0.36967695138747769|0.30584795321637431|0.38681938517464837
5,LRCM,8,100,0.20000000000000001,0.34459150243031822,0.34820212706725862|0.31241109530583216|0.36967695138747769|0.30584795321637431|0.38681938517464837
5,LRCM,8,100,0.5,0.34459150243031822,0.34820212706725862|0.31241109530583216|0.36967695138747769|0.30584795321637431|0.38681938517464837
5,LRCM,8,100,1,0.34459150243031822,0.34820212706725862|0.31241109530583216|0.36967695138747769|0.30584795321637431|0.38681938517464837
5,LRCM,8,100,2,0.34459150243031822,0.34820212706725862|0.31241109530583216|0.36967695138747769|0.30584795321637431|0.38681938517464837
5,LRCM,8,100,5,0.34459150243031822,0.34820212706725862|0.31241109530583216|0.36967695138747769|0.30584795321637431|0.38681938517464837
5,LRCM,13,1.0000000000000001e-05,0.050000000000000003,0.34269630515683147,0.31924460773144986|0.31478637728637726|0.36171800559958456|0.3451448158685001|0.37258771929824558
5,LRCM,13,1.0000000000000001e-05,0.10000000000000001,0.34269630515683147,0.31924460773144986|0.31478637728637726|0.36171800559958456|0.3451448158685001|0.37258771929824558
5,LRCM,13,1.0000000000000001e-05,0.20000000000000001,0.34269630515683147,0.31924460773144986|0.31478637728637726|0.36171800559958456|0.3451448158685001|0.37258771929824558
5,LRCM,13,1.0000000000000001e-05,0.5,0.34269630515683147,0.31924460773144986|0.31478637728637726|0.36171800559958456|0.3451448158685001|0.37258771929824558
5,LRCM,13,1.0000000000000001e-05,1,0.34269630515683147,0.31924460773144986|0.31478637728637726|0.36171800559958456|0.3451448158685001|0.37258771929824558
5,LRCM,13,1.0000000000000001e-05,2,0.34269630515683147,0.31924460773144986|0.31478637728637726|0.36171800559958456|0.3451448158685001|0.37258771929824558
5,LRCM,13,1.0000000000000001e-05,5,0.34269630515683147,0.31924460773144986|0.31478637728637726|0.36171800559958456|0.3451448158685001|0.37258771929824558
5,LRCM,13,0.0001,0.050000000000000003,0.34269630515683147,0.31924460773144986|0.31478637728637726|0.36171800559958456|0.3451448158685001|0.37258771929824558
5,LRCM,13,0.0001,0.10000000000000001,0.34269630515683147,0.31924460773144986|0.31478637728637726|0.36171800559958456|0.3451448158685001|0.37258771929824558
5,LRCM,13,0.0001,0.20000000000000001,0.34269630515683147,0.31924460773144986|0.31478637728637726|0.36171800559958456|0.3451448158685001|0.37258771929824558
5,LRCM,13,0.0001,0.5,0.34269630515683147,0.31924460773144986|0.31478637728637726|0.36171800559958456|0.3451448158685001|0.37258771929824558
5,LRCM,13,0.0001,1,0.34269630515683147,0.31924460773144986|0.31478637728637726|0.36171800559958456|0.3451448158685001|0.37258771929824558
5,LRCM,13,0.0001,2,0.34269630515683147,0.31924460773144986|0.31478637728637726|0.36171800559958456|0.3451448158685001|0.37258771929824558
5,LRCM,13,0.0001,5,0.34269630515683147,0.31924460773144986|0.31478637728637726|0.36171800559958456|0.3451448158685001|0.37258771929824558
5,LRCM,13,0.001,0.050000000000000003,0.34281592238171188,0.31984269385585179|0.31478637728637726|0.36104232992390889|0.3451448158685001|0.3732633949739213
5,LRCM,13,0.001,0.10000000000000001,0.34281592238171188,0.31984269385585179|0.31478637728637726|0.36104232992390889|0.3451448158685001|0.3732633949739213
5,LRCM,13,0.001,0.20000000000000001,0.34281592238171188,0.31984269385585179|0.31478637728637726|0.36104232992390889|0.3451448158685001|0.3732633949739213
5,LRCM,13,0.001,0.5,0.34281592238171188,0.31984269385585179|0.31478637728637726|0.36104232992390889|0.3451448158685001|0.3732633949739213
5,LRCM,13,0.001,1,0.34281592238171188,0.31984269385585179|0.31478637728637726|0.36104232992390889|0.3451448158685001|0.3732633949739213
5,LRCM,13,0.001,2,0.34281592238171188,0.31984269385585179|0.31478637728637726|0.36104232992390889|0.3451448158685001|0.3732633949739213
5,LRCM,13,0.001,5,0.34281592238171188,0.31984269385585179|0.31478637728637726|0.36104232992390889|0.3451448158685001|0.3732633949739213
5,LRCM,13,0.01,0.050000000000000003,0.34372424098739884,0.32102270161480689|0.31478637728637726|0.36303379507326877|0.34450568990042674|0.37527264106211478
5,LRCM,13,0.01,0.10000000000000001,0.34372424098739884,0.32102270161480689|0.31478637728637726|0.36303379507326877|0.34450568990042674|0.37527264106211478
5,LRCM,13,0.01,0.20000000000000001,0.34372424098739884,0.32102270161480689|0.31478637728637726|0.36303379507326877|0.34450568990042674|0.37527264106211478
5,LRCM,13,0.01,0.5,0.34372424098739884,0.32102270161480689|0.31478637728637726|0.36303379507326877|0.34450568990042674|0.37527264106211478
5,LRCM,13,0.01,1,0.34372424098739884,0.32102270161480689|0.31478637728637726|0.36303379507326877|0.34450568990042674|0.37527264106211478
5,LRCM,13,0.01,2,0.34372424098739884,0.32102270161480689|0.31478637728637726|0.36303379507326877|0.34450568990042674|0.37527264106211478
5,LRCM,13,0.01,5,0.34372424098739884,0.32102270161480689|0.31478637728637726|0.36303379507326877|0.34450568990042674|0.37527264106211478
5,LRCM,13,0.10000000000000001,0.050000000000000003,0.34730133995923468,0.32982411238990184|0.31790791988160411|0.36422215448531231|0.3519282440335072|0.372624269005848
5,LRCM,13,0.10000000000000001,0.10000000000000001,0.34730133995923468,0.32982411238990184|0.31790791988160411|0.36422215448531231|0.3519282440335072|0.372624269005848
5,LRCM,13,0.10000000000000001,0.20000000000000001,0.34730133995923468,0.32982411238990184|0.31790791988160411|0.36422215448531231|0.3519282440335072|0.372624269005848
5,LRCM,13,0.10000000000000001,0.5,0.34730133995923468,0.32982411238990184|0.31790791988160411|0.36422215448531231|0.3519282440335072|0.372624269005848
5,LRCM,13,0.10000000000000001,1,0.34730133995923468,0.32982411238990184|0.31790791988160411|0.36422215448531231|0.3519282440335072|0.372624269005848
5,LRCM,13,0.10000000000000001,2,0.34730133995923468,0.32982411238990184|0.31790791988160411|0.36422215448531231|0.3519282440335072|0.372624269005848
5,LRCM,13,0.10000000000000001,5,0.34730133995923468,0.32982411238990184|0.31790791988160411|0.36422215448531231|0.3519282440335072|0.372624269005848
5,LRCM,13,1,0.050000000000000003,0.34489978644912855,0.33451588443364755|0.32271236547552334|0.36637965973492287|0.32591077920025285|0.37498024340129604
5,LRCM,13,1,0.10000000000000001,0.34489978644912855,0.33451588443364755|0.32271236547552334|0.36637965973492287|0.32591077920025285|0.37498024340129604
5,LRCM,13,1,0.20000000000000001,0.34489978644912855,0.33451588443364755|0.32271236547552334|0.36637965973492287|0.32591077920025285|0.37498024340129604
5,LRCM,13,1,0.5,0.34489978644912855,0.33451588443364755|0.32271236547552334|0.36637965973492287|0.32591077920025285|0.37498024340129604
5,LRCM,13,1,1,0.34489978644912855,0.33451588443364755|0.32271236547552334|0.36637965973492287|0.32591077920025285|0.37498024340129604
5,LRCM,13,1,2,0.34489978644912855,0.33451588443364755|0.32271236547552334|0.36637965973492287|0.32591077920025285|0.37498024340129604
5,LRCM,13,1,5,0.34489978644912855,0.33451588443364755|0.32271236547552334|0.36637965973492287|0.32591077920025285|0.37498024340129604
5,LRCM,13,10,0.050000000000000003,0.34521464094819354,0.35193979330492486|0.31653663232610596|0.37583014405382825|0.30451339497392127|0.37725324008218741
5,LRCM,13,10,0.10000000000000001,0.34521464094819354,0.35193979330492486|0.31653663232610596|0.37583014405382825|0.30451339497392127|0.37725324008218741
5,LRCM,13,10,0.20000000000000001,0.34521464094819354,0.35193979330492486|0.31653663232610596|0.37583014405382825|0.30451339497392127|0.37725324008218741
5,LRCM,13,10,0.5,0.34521464094819354,0.35193979330492486|0.31653663232610596|0.37583014405382825|0.30451339497392127|0.37725324008218741
5,LRCM,13,10,1,0.34521464094819354,0.35193979330492486|0.31653663232610596|0.37583014405382825|0.30451339497392127|0.37725324008218741
5,LRCM,13,10,2,0.34521464094819354,0.35193979330492486|0.31653663232610596|0.37583014405382825|0.30451339497392127|0.37725324008218741
5,LRCM,13,10,5,0.34521464094819354,0.35193979330492486|0.31653663232610596|0.37583014405382825|0.30451339497392127|0.37725324008218741
5,LRCM,13,100,0.050000000000000003,0.34472663756545335,0.34760404094285674|0.3130091814302341|0.36967695138747769|0.30584795321637431|0.38749506085032404
5,LRCM,13,100,0.10000000000000001,0.34472663756545335,0.34760404094285674|0.3130091814302341|0.36967695138747769|0.30584795321637431|0.38749506085032404
5,LRCM,13,100,0.20000000000000001,0.34472663756545335,0.34760404094285674|0.3130091814302341|0.36967695138747769|0.30584795321637431|0.38749506085032404
5,LRCM,13,100,0.5,0.34472663756545335,0.34760404094285674|0.3130091814302341|0.36967695138747769|0.30584795321637431|0.38749506085032404
5,LRCM,13,100,1,0.34472663756545335,0.34760404094285674|0.3130091814302341|0.36967695138747769|0.30584795321637431|0.38749506085032404
5,LRCM,13,100,2,0.34472663756545335,0.34760404094285674|0.3130091814302341|0.36967695138747769|0.30584795321637431|0.38749506085032404
5,LRCM,13,100,5,0.34472663756545335,0.34760404094285674|0.3130091814302341|0.36967695138747769|0.30584795321637431|0.38749506085032404
5,ENROLLMENT_PCA_TRANSFER,1,1.0000000000000001e-05,0.050000000000000003,0.33764314515301364,0.34089390462745728|0.30399029412187306|0.37407773374878639|0.30477714556661922|0.36447664770033195
5,ENROLLMENT_PCA_TRANSFER,1,1.0000000000000001e-05,0.10000000000000001,0.33764314515301364,0.34089390462745728|0.30399029412187306|0.37407773374878639|0.30477714556661922|0.36447664770033195
5,ENROLLMENT_PCA_TRANSFER,1,1.0000000000000001e-05,0.20000000000000001,0.33764314515301364,0.34089390462745728|0.30399029412187306|0.37407773374878639|0.30477714556661922|0.36447664770033195
5,ENROLLMENT_PCA_TRANSFER,1,1.0000000000000001e-05,0.5,0.33764314515301364,0.34089390462745728|0.30399029412187306|0.37407773374878639|0.30477714556661922|0.36447664770033195
5,ENROLLMENT_PCA_TRANSFER,1,1.0000000000000001e-05,1,0.33764314515301364,0.34089390462745728|0.30399029412187306|0.37407773374878639|0.30477714556661922|0.36447664770033195
5,ENROLLMENT_PCA_TRANSFER,1,1.0000000000000001e-05,2,0.33764314515301364,0.34089390462745728|0.30399029412187306|0.37407773374878639|0.30477714556661922|0.36447664770033195
5,ENROLLMENT_PCA_TRANSFER,1,1.0000000000000001e-05,5,0.33764314515301364,0.34089390462745728|0.30399029412187306|0.37407773374878639|0.30477714556661922|0.36447664770033195
5,ENROLLMENT_PCA_TRANSFER,1,0.0001,0.050000000000000003,0.33764314515301364,0.34089390462745728|0.30399029412187306|0.37407773374878639|0.30477714556661922|0.36447664770033195
5,ENROLLMENT_PCA_TRANSFER,1,0.0001,0.10000000000000001,0.33764314515301364,0.34089390462745728|0.30399029412187306|0.37407773374878639|0.30477714556661922|0.36447664770033195
5,ENROLLMENT_PCA_TRANSFER,1,0.0001,0.20000000000000001,0.33764314515301364,0.34089390462745728|0.30399029412187306|0.37407773374878639|0.30477714556661922|0.36447664770033195
5,ENROLLMENT_PCA_TRANSFER,1,0.0001,0.5,0.33764314515301364,0.34089390462745728|0.30399029412187306|0.37407773374878639|0.30477714556661922|0.36447664770033195
5,ENROLLMENT_PCA_TRANSFER,1,0.0001,1,0.33764314515301364,0.34089390462745728|0.30399029412187306|0.37407773374878639|0.30477714556661922|0.36447664770033195
5,ENROLLMENT_PCA_TRANSFER,1,0.0001,2,0.33764314515301364,0.34089390462745728|0.30399029412187306|0.37407773374878639|0.30477714556661922|0.36447664770033195
5,ENROLLMENT_PCA_TRANSFER,1,0.0001,5,0.33764314515301364,0.34089390462745728|0.30399029412187306|0.37407773374878639|0.30477714556661922|0.36447664770033195
5,ENROLLMENT_PCA_TRANSFER,1,0.001,0.050000000000000003,0.33764314515301364,0.34089390462745728|0.30399029412187306|0.37407773374878639|0.30477714556661922|0.36447664770033195
5,ENROLLMENT_PCA_TRANSFER,1,0.001,0.10000000000000001,0.33764314515301364,0.34089390462745728|0.30399029412187306|0.37407773374878639|0.30477714556661922|0.36447664770033195
5,ENROLLMENT_PCA_TRANSFER,1,0.001,0.20000000000000001,0.33764314515301364,0.34089390462745728|0.30399029412187306|0.37407773374878639|0.30477714556661922|0.36447664770033195
5,ENROLLMENT_PCA_TRANSFER,1,0.001,0.5,0.33764314515301364,0.34089390462745728|0.30399029412187306|0.37407773374878639|0.30477714556661922|0.36447664770033195
5,ENROLLMENT_PCA_TRANSFER,1,0.001,1,0.33764314515301364,0.34089390462745728|0.30399029412187306|0.37407773374878639|0.30477714556661922|0.36447664770033195
5,ENROLLMENT_PCA_TRANSFER,1,0.001,2,0.33764314515301364,0.34089390462745728|0.30399029412187306|0.37407773374878639|0.30477714556661922|0.36447664770033195
5,ENROLLMENT_PCA_TRANSFER,1,0.001,5,0.33764314515301364,0.34089390462745728|0.30399029412187306|0.37407773374878639|0.30477714556661922|0.36447664770033195
5,ENROLLMENT_PCA_TRANSFER,1,0.01,0.050000000000000003,0.33764314515301364,0.34089390462745728|0.30399029412187306|0.37407773374878639|0.30477714556661922|0.36447664770033195
5,ENROLLMENT_PCA_TRANSFER,1,0.01,0.10000000000000001,0.33764314515301364,0.34089390462745728|0.30399029412187306|0.37407773374878639|0.30477714556661922|0.36447664770033195
5,ENROLLMENT_PCA_TRANSFER,1,0.01,0.20000000000000001,0.33764314515301364,0.34089390462745728|0.30399029412187306|0.37407773374878639|0.30477714556661922|0.36447664770033195
5,ENROLLMENT_PCA_TRANSFER,1,0.01,0.5,0.33764314515301364,0.34089390462745728|0.30399029412187306|0.37407773374878639|0.30477714556661922|0.36447664770033195
5,ENROLLMENT_PCA_TRANSFER,1,0.01,1,0.33764314515301364,0.34089390462745728|0.30399029412187306|0.37407773374878639|0.30477714556661922|0.36447664770033195
5,ENROLLMENT_PCA_TRANSFER,1,0.01,2,0.33764314515301364,0.34089390462745728|0.30399029412187306|0.37407773374878639|0.30477714556661922|0.36447664770033195
5,ENROLLMENT_PCA_TRANSFER,1,0.01,5,0.33764314515301364,0.34089390462745728|0.30399029412187306|0.37407773374878639|0.30477714556661922|0.36447664770033195
5,ENROLLMENT_PCA_TRANSFER,1,0.10000000000000001,0.050000000000000003,0.33723664415440729,0.34089390462745728|0.30458838024627499|0.37340205807311067|0.30344357515410147|0.36385530267109212
5,ENROLLMENT_PCA_TRANSFER,1,0.10000000000000001,0.10000000000000001,0.33723664415440729,0.34089390462745728|0.30458838024627499|0.37340205807311067|0.30344357515410147|0.36385530267109212
5,ENROLLMENT_PCA_TRANSFER,1,0.10000000000000001,0.20000000000000001,0.33723664415440729,0.34089390462745728|0.30458838024627499|0.37340205807311067|0.30344357515410147|0.36385530267109212
5,ENROLLMENT_PCA_TRANSFER,1,0.10000000000000001,0.5,0.33723664415440729,0.34089390462745728|0.30458838024627499|0.37340205807311067|0.30344357515410147|0.36385530267109212
5,ENROLLMENT_PCA_TRANSFER,1,0.10000000000000001,1,0.33723664415440729,0.34089390462745728|0.30458838024627499|0.37340205807311067|0.30344357515410147|0.36385530267109212
5,ENROLLMENT_PCA_TRANSFER,1,0.10000000000000001,2,0.33723664415440729,0.34089390462745728|0.30458838024627499|0.37340205807311067|0.30344357515410147|0.36385530267109212
5,ENROLLMENT_PCA_TRANSFER,1,0.10000000000000001,5,0.33723664415440729,0.34089390462745728|0.30458838024627499|0.37340205807311067|0.30344357515410147|0.36385530267109212
5,ENROLLMENT_PCA_TRANSFER,1,1,0.050000000000000003,0.34016453616124664,0.34212330388317236|0.30455605126657753|0.3722660536476326|0.30692962699541654|0.37494764501343447
5,ENROLLMENT_PCA_TRANSFER,1,1,0.10000000000000001,0.34016453616124664,0.34212330388317236|0.30455605126657753|0.3722660536476326|0.30692962699541654|0.37494764501343447
5,ENROLLMENT_PCA_TRANSFER,1,1,0.20000000000000001,0.34016453616124664,0.34212330388317236|0.30455605126657753|0.3722660536476326|0.30692962699541654|0.37494764501343447
5,ENROLLMENT_PCA_TRANSFER,1,1,0.5,0.34016453616124664,0.34212330388317236|0.30455605126657753|0.3722660536476326|0.30692962699541654|0.37494764501343447
5,ENROLLMENT_PCA_TRANSFER,1,1,1,0.34016453616124664,0.34212330388317236|0.30455605126657753|0.3722660536476326|0.30692962699541654|0.37494764501343447
5,ENROLLMENT_PCA_TRANSFER,1,1,2,0.34016453616124664,0.34212330388317236|0.30455605126657753|0.3722660536476326|0.30692962699541654|0.37494764501343447
5,ENROLLMENT_PCA_TRANSFER,1,1,5,0.34016453616124664,0.34212330388317236|0.30455605126657753|0.3722660536476326|0.30692962699541654|0.37494764501343447
5,ENROLLMENT_PCA_TRANSFER,1,10,0.050000000000000003,0.34460520889139312,0.34516222797472801|0.31284843455896094|0.38108046015940755|0.30234214477635529|0.38159277698751382
5,ENROLLMENT_PCA_TRANSFER,1,10,0.10000000000000001,0.34460520889139312,0.34516222797472801|0.31284843455896094|0.38108046015940755|0.30234214477635529|0.38159277698751382
5,ENROLLMENT_PCA_TRANSFER,1,10,0.20000000000000001,0.34460520889139312,0.34516222797472801|0.31284843455896094|0.38108046015940755|0.30234214477635529|0.38159277698751382
5,ENROLLMENT_PCA_TRANSFER,1,10,0.5,0.34460520889139312,0.34516222797472801|0.31284843455896094|0.38108046015940755|0.30234214477635529|0.38159277698751382
5,ENROLLMENT_PCA_TRANSFER,1,10,1,0.34460520889139312,0.34516222797472801|0.31284843455896094|0.38108046015940755|0.30234214477635529|0.38159277698751382
5,ENROLLMENT_PCA_TRANSFER,1,10,2,0.34460520889139312,0.34516222797472801|0.31284843455896094|0.38108046015940755|0.30234214477635529|0.38159277698751382
5,ENROLLMENT_PCA_TRANSFER,1,10,5,0.34460520889139312,0.34516222797472801|0.31284843455896094|0.38108046015940755|0.30234214477635529|0.38159277698751382
5,ENROLLMENT_PCA_TRANSFER,1,100,0.050000000000000003,0.34405461044605784,0.34574235355485355|0.31483576878313718|0.37165063559800393|0.30718152362889206|0.38086277066540225
5,ENROLLMENT_PCA_TRANSFER,1,100,0.10000000000000001,0.34405461044605784,0.34574235355485355|0.31483576878313718|0.37165063559800393|0.30718152362889206|0.38086277066540225
5,ENROLLMENT_PCA_TRANSFER,1,100,0.20000000000000001,0.34405461044605784,0.34574235355485355|0.31483576878313718|0.37165063559800393|0.30718152362889206|0.38086277066540225
5,ENROLLMENT_PCA_TRANSFER,1,100,0.5,0.34405461044605784,0.34574235355485355|0.31483576878313718|0.37165063559800393|0.30718152362889206|0.38086277066540225
5,ENROLLMENT_PCA_TRANSFER,1,100,1,0.34405461044605784,0.34574235355485355|0.31483576878313718|0.37165063559800393|0.30718152362889206|0.38086277066540225
5,ENROLLMENT_PCA_TRANSFER,1,100,2,0.34405461044605784,0.34574235355485355|0.31483576878313718|0.37165063559800393|0.30718152362889206|0.38086277066540225
5,ENROLLMENT_PCA_TRANSFER,1,100,5,0.34405461044605784,0.34574235355485355|0.31483576878313718|0.37165063559800393|0.30718152362889206|0.38086277066540225
5,ENROLLMENT_PCA_TRANSFER,2,1.0000000000000001e-05,0.050000000000000003,0.33581359431030483,0.35449003664464185|0.30518646637067692|0.36006042696832175|0.30870574521890315|0.3506252963489806
5,ENROLLMENT_PCA_TRANSFER,2,1.0000000000000001e-05,0.10000000000000001,0.33581359431030483,0.35449003664464185|0.30518646637067692|0.36006042696832175|0.30870574521890315|0.3506252963489806
5,ENROLLMENT_PCA_TRANSFER,2,1.0000000000000001e-05,0.20000000000000001,0.33581359431030483,0.35449003664464185|0.30518646637067692|0.36006042696832175|0.30870574521890315|0.3506252963489806
5,ENROLLMENT_PCA_TRANSFER,2,1.0000000000000001e-05,0.5,0.33581359431030483,0.35449003664464185|0.30518646637067692|0.36006042696832175|0.30870574521890315|0.3506252963489806
5,ENROLLMENT_PCA_TRANSFER,2,1.0000000000000001e-05,1,0.33581359431030483,0.35449003664464185|0.30518646637067692|0.36006042696832175|0.30870574521890315|0.3506252963489806
5,ENROLLMENT_PCA_TRANSFER,2,1.0000000000000001e-05,2,0.33581359431030483,0.35449003664464185|0.30518646637067692|0.36006042696832175|0.30870574521890315|0.3506252963489806
5,ENROLLMENT_PCA_TRANSFER,2,1.0000000000000001e-05,5,0.33581359431030483,0.35449003664464185|0.30518646637067692|0.36006042696832175|0.30870574521890315|0.3506252963489806
5,ENROLLMENT_PCA_TRANSFER,2,0.0001,0.050000000000000003,0.33581359431030483,0.35449003664464185|0.30518646637067692|0.36006042696832175|0.30870574521890315|0.3506252963489806
5,ENROLLMENT_PCA_TRANSFER,2,0.0001,0.10000000000000001,0.33581359431030483,0.35449003664464185|0.30518646637067692|0.36006042696832175|0.30870574521890315|0.3506252963489806
5,ENROLLMENT_PCA_TRANSFER,2,0.0001,0.20000000000000001,0.33581359431030483,0.35449003664464185|0.30518646637067692|0.36006042696832175|0.30870574521890315|0.3506252963489806
5,ENROLLMENT_PCA_TRANSFER,2,0.0001,0.5,0.33581359431030483,0.35449003664464185|0.30518646637067692|0.36006042696832175|0.30870574521890315|0.3506252963489806
5,ENROLLMENT_PCA_TRANSFER,2,0.0001,1,0.33581359431030483,0.35449003664464185|0.30518646637067692|0.36006042696832175|0.30870574521890315|0.3506252963489806
5,ENROLLMENT_PCA_TRANSFER,2,0.0001,2,0.33581359431030483,0.35449003664464185|0.30518646637067692|0.36006042696832175|0.30870574521890315|0.3506252963489806
5,ENROLLMENT_PCA_TRANSFER,2,0.0001,5,0.33581359431030483,0.35449003664464185|0.30518646637067692|0.36006042696832175|0.30870574521890315|0.3506252963489806
5,ENROLLMENT_PCA_TRANSFER,2,0.001,0.050000000000000003,0.33581359431030483,0.35449003664464185|0.30518646637067692|0.36006042696832175|0.30870574521890315|0.3506252963489806
5,ENROLLMENT_PCA_TRANSFER,2,0.001,0.10000000000000001,0.33581359431030483,0.35449003664464185|0.30518646637067692|0.36006042696832175|0.30870574521890315|0.3506252963489806
5,ENROLLMENT_PCA_TRANSFER,2,0.001,0.20000000000000001,0.33581359431030483,0.35449003664464185|0.30518646637067692|0.36006042696832175|0.30870574521890315|0.3506252963489806
5,ENROLLMENT_PCA_TRANSFER,2,0.001,0.5,0.33581359431030483,0.35449003664464185|0.30518646637067692|0.36006042696832175|0.30870574521890315|0.3506252963489806
5,ENROLLMENT_PCA_TRANSFER,2,0.001,1,0.33581359431030483,0.35449003664464185|0.30518646637067692|0.36006042696832175|0.30870574521890315|0.3506252963489806
5,ENROLLMENT_PCA_TRANSFER,2,0.001,2,0.33581359431030483,0.35449003664464185|0.30518646637067692|0.36006042696832175|0.30870574521890315|0.3506252963489806
5,ENROLLMENT_PCA_TRANSFER,2,0.001,5,0.33581359431030483,0.35449003664464185|0.30518646637067692|0.36006042696832175|0.30870574521890315|0.3506252963489806
5,ENROLLMENT_PCA_TRANSFER,2,0.01,0.050000000000000003,0.33555916524008633,0.35387578603039122|0.30518646637067692|0.36006042696832175|0.30870574521890315|0.34996740161213846
5,ENROLLMENT_PCA_TRANSFER,2,0.01,0.10000000000000001,0.33555916524008633,0.35387578603039122|0.30518646637067692|0.36006042696832175|0.30870574521890315|0.34996740161213846
5,ENROLLMENT_PCA_TRANSFER,2,0.01,0.20000000000000001,0.33555916524008633,0.35387578603039122|0.30518646637067692|0.36006042696832175|0.30870574521890315|0.34996740161213846
5,ENROLLMENT_PCA_TRANSFER,2,0.01,0.5,0.33555916524008633,0.35387578603039122|0.30518646637067692|0.36006042696832175|0.30870574521890315|0.34996740161213846
5,ENROLLMENT_PCA_TRANSFER,2,0.01,1,0.33555916524008633,0.35387578603039122|0.30518646637067692|0.36006042696832175|0.30870574521890315|0.34996740161213846
5,ENROLLMENT_PCA_TRANSFER,2,0.01,2,0.33555916524008633,0.35387578603039122|0.30518646637067692|0.36006042696832175|0.30870574521890315|0.34996740161213846
5,ENROLLMENT_PCA_TRANSFER,2,0.01,5,0.33555916524008633,0.35387578603039122|0.30518646637067692|0.36006042696832175|0.30870574521890315|0.34996740161213846
5,ENROLLMENT_PCA_TRANSFER,2,0.10000000000000001,0.050000000000000003,0.33494997949932159,0.35204830065027432|0.30458838024627505|0.3614305470884418|0.30804883831199625|0.34863383119962071
5,ENROLLMENT_PCA_TRANSFER,2,0.10000000000000001,0.10000000000000001,0.33494997949932159,0.35204830065027432|0.30458838024627505|0.3614305470884418|0.30804883831199625|0.34863383119962071
5,ENROLLMENT_PCA_TRANSFER,2,0.10000000000000001,0.20000000000000001,0.33494997949932159,0.35204830065027432|0.30458838024627505|0.3614305470884418|0.30804883831199625|0.34863383119962071
5,ENROLLMENT_PCA_TRANSFER,2,0.10000000000000001,0.5,0.33494997949932159,0.35204830065027432|0.30458838024627505|0.3614305470884418|0.30804883831199625|0.34863383119962071
5,ENROLLMENT_PCA_TRANSFER,2,0.10000000000000001,1,0.33494997949932159,0.35204830065027432|0.30458838024627505|0.3614305470884418|0.30804883831199625|0.34863383119962071
5,ENROLLMENT_PCA_TRANSFER,2,0.10000000000000001,2,0.33494997949932159,0.35204830065027432|0.30458838024627505|0.3614305470884418|0.30804883831199625|0.34863383119962071
5,ENROLLMENT_PCA_TRANSFER,2,0.10000000000000001,5,0.33494997949932159,0.35204830065027432|0.30458838024627505|0.3614305470884418|0.30804883831199625|0.34863383119962071
5,ENROLLMENT_PCA_TRANSFER,2,1,0.050000000000000003,0.33402590949630423,0.34837896145461938|0.30272856588646063|0.35762740183792813|0.30808440018966332|0.35331021811284968
5,ENROLLMENT_PCA_TRANSFER,2,1,0.10000000000000001,0.33402590949630423,0.34837896145461938|0.30272856588646063|0.35762740183792813|0.30808440018966332|0.35331021811284968
5,ENROLLMENT_PCA_TRANSFER,2,1,0.20000000000000001,0.33402590949630423,0.34837896145461938|0.30272856588646063|0.35762740183792813|0.30808440018966332|0.35331021811284968
5,ENROLLMENT_PCA_TRANSFER,2,1,0.5,0.33402590949630423,0.34837896145461938|0.30272856588646063|0.35762740183792813|0.30808440018966332|0.35331021811284968
5,ENROLLMENT_PCA_TRANSFER,2,1,1,0.33402590949630423,0.34837896145461938|0.30272856588646063|0.35762740183792813|0.30808440018966332|0.35331021811284968
5,ENROLLMENT_PCA_TRANSFER,2,1,2,0.33402590949630423,0.34837896145461938|0.30272856588646063|0.35762740183792813|0.30808440018966332|0.35331021811284968
5,ENROLLMENT_PCA_TRANSFER,2,1,5,0.33402590949630423,0.34837896145461938|0.30272856588646063|0.35762740183792813|0.30808440018966332|0.35331021811284968
5,ENROLLMENT_PCA_TRANSFER,2,10,0.050000000000000003,0.34225218105152316,0.34711813124642071|0.31289782605572081|0.37227090812617125|0.30372905800537381|0.37524498182392918
5,ENROLLMENT_PCA_TRANSFER,2,10,0.10000000000000001,0.34225218105152316,0.34711813124642071|0.31289782605572081|0.37227090812617125|0.30372905800537381|0.37524498182392918
5,ENROLLMENT_PCA_TRANSFER,2,10,0.20000000000000001,0.34225218105152316,0.34711813124642071|0.31289782605572081|0.37227090812617125|0.30372905800537381|0.37524498182392918
5,ENROLLMENT_PCA_TRANSFER,2,10,0.5,0.34225218105152316,0.34711813124642071|0.31289782605572081|0.37227090812617125|0.30372905800537381|0.37524498182392918
5,ENROLLMENT_PCA_TRANSFER,2,10,1,0.34225218105152316,0.34711813124642071|0.31289782605572081|0.37227090812617125|0.30372905800537381|0.37524498182392918
5,ENROLLMENT_PCA_TRANSFER,2,10,2,0.34225218105152316,0.34711813124642071|0.31289782605572081|0.37227090812617125|0.30372905800537381|0.37524498182392918
5,ENROLLMENT_PCA_TRANSFER,2,10,5,0.34225218105152316,0.34711813124642071|0.31289782605572081|0.37227090812617125|0.30372905800537381|0.37524498182392918
5,ENROLLMENT_PCA_TRANSFER,2,100,0.050000000000000003,0.3452084686788634,0.34818319152200733|0.31423768265873525|0.37159424462056034|0.30650584795321639|0.38552137663979769
5,ENROLLMENT_PCA_TRANSFER,2,100,0.10000000000000001,0.3452084686788634,0.34818319152200733|0.31423768265873525|0.37159424462056034|0.30650584795321639|0.38552137663979769
5,ENROLLMENT_PCA_TRANSFER,2,100,0.20000000000000001,0.3452084686788634,0.34818319152200733|0.31423768265873525|0.37159424462056034|0.30650584795321639|0.38552137663979769
5,ENROLLMENT_PCA_TRANSFER,2,100,0.5,0.3452084686788634,0.34818319152200733|0.31423768265873525|0.37159424462056034|0.30650584795321639|0.38552137663979769
5,ENROLLMENT_PCA_TRANSFER,2,100,1,0.3452084686788634,0.34818319152200733|0.31423768265873525|0.37159424462056034|0.30650584795321639|0.38552137663979769
5,ENROLLMENT_PCA_TRANSFER,2,100,2,0.3452084686788634,0.34818319152200733|0.31423768265873525|0.37159424462056034|0.30650584795321639|0.38552137663979769
5,ENROLLMENT_PCA_TRANSFER,2,100,5,0.3452084686788634,0.34818319152200733|0.31423768265873525|0.37159424462056034|0.30650584795321639|0.38552137663979769
5,ENROLLMENT_PCA_TRANSFER,3,1.0000000000000001e-05,0.050000000000000003,0.34117521088244768,0.35550480739625478|0.31158760435076222|0.37598235453498613|0.31146475422791214|0.35133653390232333
5,ENROLLMENT_PCA_TRANSFER,3,1.0000000000000001e-05,0.10000000000000001,0.34117521088244768,0.35550480739625478|0.31158760435076222|0.37598235453498613|0.31146475422791214|0.35133653390232333
5,ENROLLMENT_PCA_TRANSFER,3,1.0000000000000001e-05,0.20000000000000001,0.34117521088244768,0.35550480739625478|0.31158760435076222|0.37598235453498613|0.31146475422791214|0.35133653390232333
5,ENROLLMENT_PCA_TRANSFER,3,1.0000000000000001e-05,0.5,0.34117521088244768,0.35550480739625478|0.31158760435076222|0.37598235453498613|0.31146475422791214|0.35133653390232333
5,ENROLLMENT_PCA_TRANSFER,3,1.0000000000000001e-05,1,0.34117521088244768,0.35550480739625478|0.31158760435076222|0.37598235453498613|0.31146475422791214|0.35133653390232333
5,ENROLLMENT_PCA_TRANSFER,3,1.0000000000000001e-05,2,0.34117521088244768,0.35550480739625478|0.31158760435076222|0.37598235453498613|0.31146475422791214|0.35133653390232333
5,ENROLLMENT_PCA_TRANSFER,3,1.0000000000000001e-05,5,0.34117521088244768,0.35550480739625478|0.31158760435076222|0.37598235453498613|0.31146475422791214|0.35133653390232333
5,ENROLLMENT_PCA_TRANSFER,3,0.0001,0.050000000000000003,0.34117521088244768,0.35550480739625478|0.31158760435076222|0.37598235453498613|0.31146475422791214|0.35133653390232333
5,ENROLLMENT_PCA_TRANSFER,3,0.0001,0.10000000000000001,0.34117521088244768,0.35550480739625478|0.31158760435076222|0.37598235453498613|0.31146475422791214|0.35133653390232333
5,ENROLLMENT_PCA_TRANSFER,3,0.0001,0.20000000000000001,0.34117521088244768,0.35550480739625478|0.31158760435076222|0.37598235453498613|0.31146475422791214|0.35133653390232333
5,ENROLLMENT_PCA_TRANSFER,3,0.0001,0.5,0.34117521088244768,0.35550480739625478|0.31158760435076222|0.37598235453498613|0.31146475422791214|0.35133653390232333
5,ENROLLMENT_PCA_TRANSFER,3,0.0001,1,0.34117521088244768,0.35550480739625478|0.31158760435076222|0.37598235453498613|0.31146475422791214|0.35133653390232333
5,ENROLLMENT_PCA_TRANSFER,3,0.0001,2,0.34117521088244768,0.35550480739625478|0.31158760435076222|0.37598235453498613|0.31146475422791214|0.35133653390232333
5,ENROLLMENT_PCA_TRANSFER,3,0.0001,5,0.34117521088244768,0.35550480739625478|0.31158760435076222|0.37598235453498613|0.31146475422791214|0.35133653390232333
5,ENROLLMENT_PCA_TRANSFER,3,0.001,0.050000000000000003,0.34117521088244768,0.35550480739625478|0.31158760435076222|0.37598235453498613|0.31146475422791214|0.35133653390232333
5,ENROLLMENT_PCA_TRANSFER,3,0.001,0.10000000000000001,0.34117521088244768,0.35550480739625478|0.31158760435076222|0.37598235453498613|0.31146475422791214|0.35133653390232333
5,ENROLLMENT_PCA_TRANSFER,3,0.001,0.20000000000000001,0.34117521088244768,0.35550480739625478|0.31158760435076222|0.37598235453498613|0.31146475422791214|0.35133653390232333
5,ENROLLMENT_PCA_TRANSFER,3,0.001,0.5,0.34117521088244768,0.35550480739625478|0.31158760435076222|0.37598235453498613|0.31146475422791214|0.35133653390232333
5,ENROLLMENT_PCA_TRANSFER,3,0.001,1,0.34117521088244768,0.35550480739625478|0.31158760435076222|0.37598235453498613|0.31146475422791214|0.35133653390232333
5,ENROLLMENT_PCA_TRANSFER,3,0.001,2,0.34117521088244768,0.35550480739625478|0.31158760435076222|0.37598235453498613|0.31146475422791214|0.35133653390232333
5,ENROLLMENT_PCA_TRANSFER,3,0.001,5,0.34117521088244768,0.35550480739625478|0.31158760435076222|0.37598235453498613|0.31146475422791214|0.35133653390232333
5,ENROLLMENT_PCA_TRANSFER,3,0.01,0.050000000000000003,0.34092078181222918,0.35489055678200415|0.31158760435076222|0.37598235453498613|0.31146475422791214|0.35067863916548125
5,ENROLLMENT_PCA_TRANSFER,3,0.01,0.10000000000000001,0.34092078181222918,0.35489055678200415|0.31158760435076222|0.37598235453498613|0.31146475422791214|0.35067863916548125
5,ENROLLMENT_PCA_TRANSFER,3,0.01,0.20000000000000001,0.34092078181222918,0.35489055678200415|0.31158760435076222|0.37598235453498613|0.31146475422791214|0.35067863916548125
5,ENROLLMENT_PCA_TRANSFER,3,0.01,0.5,0.34092078181222918,0.35489055678200415|0.31158760435076222|0.37598235453498613|0.31146475422791214|0.35067863916548125
5,ENROLLMENT_PCA_TRANSFER,3,0.01,1,0.34092078181222918,0.35489055678200415|0.31158760435076222|0.37598235453498613|0.31146475422791214|0.35067863916548125
5,ENROLLMENT_PCA_TRANSFER,3,0.01,2,0.34092078181222918,0.35489055678200415|0.31158760435076222|0.37598235453498613|0.31146475422791214|0.35067863916548125
5,ENROLLMENT_PCA_TRANSFER,3,0.01,5,0.34092078181222918,0.35489055678200415|0.31158760435076222|0.37598235453498613|0.31146475422791214|0.35067863916548125
5,ENROLLMENT_PCA_TRANSFER,3,0.10000000000000001,0.050000000000000003,0.34119336899271108,0.35490761929906667|0.31218569047516415|0.37601791641265325|0.31215919867235653|0.35069642010431484
5,ENROLLMENT_PCA_TRANSFER,3,0.10000000000000001,0.10000000000000001,0.34119336899271108,0.35490761929906667|0.31218569047516415|0.37601791641265325|0.31215919867235653|0.35069642010431484
5,ENROLLMENT_PCA_TRANSFER,3,0.10000000000000001,0.20000000000000001,0.34119336899271108,0.35490761929906667|0.31218569047516415|0.37601791641265325|0.31215919867235653|0.35069642010431484
5,ENROLLMENT_PCA_TRANSFER,3,0.10000000000000001,0.5,0.34119336899271108,0.35490761929906667|0.31218569047516415|0.37601791641265325|0.31215919867235653|0.35069642010431484
5,ENROLLMENT_PCA_TRANSFER,3,0.10000000000000001,1,0.34119336899271108,0.35490761929906667|0.31218569047516415|0.37601791641265325|0.31215919867235653|0.35069642010431484
5,ENROLLMENT_PCA_TRANSFER,3,0.10000000000000001,2,0.34119336899271108,0.35490761929906667|0.31218569047516415|0.37601791641265325|0.31215919867235653|0.35069642010431484
5,ENROLLMENT_PCA_TRANSFER,3,0.10000000000000001,5,0.34119336899271108,0.35490761929906667|0.31218569047516415|0.37601791641265325|0.31215919867235653|0.35069642010431484
5,ENROLLMENT_PCA_TRANSFER,3,1,0.050000000000000003,0.34198627314087837,0.35120595112371428|0.31519228558702239|0.37673112962586652|0.3108246404299036|0.35597735893788524
5,ENROLLMENT_PCA_TRANSFER,3,1,0.10000000000000001,0.34198627314087837,0.35120595112371428|0.31519228558702239|0.37673112962586652|0.3108246404299036|0.35597735893788524
5,ENROLLMENT_PCA_TRANSFER,3,1,0.20000000000000001,0.34198627314087837,0.35120595112371428|0.31519228558702239|0.37673112962586652|0.3108246404299036|0.35597735893788524
5,ENROLLMENT_PCA_TRANSFER,3,1,0.5,0.34198627314087837,0.35120595112371428|0.31519228558702239|0.37673112962586652|0.3108246404299036|0.35597735893788524
5,ENROLLMENT_PCA_TRANSFER,3,1,1,0.34198627314087837,0.35120595112371428|0.31519228558702239|0.37673112962586652|0.3108246404299036|0.35597735893788524
5,ENROLLMENT_PCA_TRANSFER,3,1,2,0.34198627314087837,0.35120595112371428|0.31519228558702239|0.37673112962586652|0.3108246404299036|0.35597735893788524
5,ENROLLMENT_PCA_TRANSFER,3,1,5,0.34198627314087837,0.35120595112371428|0.31519228558702239|0.37673112962586652|0.3108246404299036|0.35597735893788524
5,ENROLLMENT_PCA_TRANSFER,3,10,0.050000000000000003,0.34611552132275814,0.35438340232748128|0.31529017055332842|0.38512957506378559|0.30246759917812549|0.37330685949107006
5,ENROLLMENT_PCA_TRANSFER,3,10,0.10000000000000001,0.34611552132275814,0.35438340232748128|0.31529017055332842|0.38512957506378559|0.30246759917812549|0.37330685949107006
5,ENROLLMENT_PCA_TRANSFER,3,10,0.20000000000000001,0.34611552132275814,0.35438340232748128|0.31529017055332842|0.38512957506378559|0.30246759917812549|0.37330685949107006
5,ENROLLMENT_PCA_TRANSFER,3,10,0.5,0.34611552132275814,0.35438340232748128|0.31529017055332842|0.38512957506378559|0.30246759917812549|0.37330685949107006
5,ENROLLMENT_PCA_TRANSFER,3,10,1,0.34611552132275814,0.35438340232748128|0.31529017055332842|0.38512957506378559|0.30246759917812549|0.37330685949107006
5,ENROLLMENT_PCA_TRANSFER,3,10,2,0.34611552132275814,0.35438340232748128|0.31529017055332842|0.38512957506378559|0.30246759917812549|0.37330685949107006
5,ENROLLMENT_PCA_TRANSFER,3,10,5,0.34611552132275814,0.35438340232748128|0.31529017055332842|0.38512957506378559|0.30246759917812549|0.37330685949107006
5,ENROLLMENT_PCA_TRANSFER,3,100,0.050000000000000003,0.34497253537714068,0.34883254217135795|0.3130091814302341|0.37166940436677282|0.30650584795321639|0.38484570096412207
5,ENROLLMENT_PCA_TRANSFER,3,100,0.10000000000000001,0.34497253537714068,0.34883254217135795|0.3130091814302341|0.37166940436677282|0.30650584795321639|0.38484570096412207
5,ENROLLMENT_PCA_TRANSFER,3,100,0.20000000000000001,0.34497253537714068,0.34883254217135795|0.3130091814302341|0.37166940436677282|0.30650584795321639|0.38484570096412207
5,ENROLLMENT_PCA_TRANSFER,3,100,0.5,0.34497253537714068,0.34883254217135795|0.3130091814302341|0.37166940436677282|0.30650584795321639|0.38484570096412207
5,ENROLLMENT_PCA_TRANSFER,3,100,1,0.34497253537714068,0.34883254217135795|0.3130091814302341|0.37166940436677282|0.30650584795321639|0.38484570096412207
5,ENROLLMENT_PCA_TRANSFER,3,100,2,0.34497253537714068,0.34883254217135795|0.3130091814302341|0.37166940436677282|0.30650584795321639|0.38484570096412207
5,ENROLLMENT_PCA_TRANSFER,3,100,5,0.34497253537714068,0.34883254217135795|0.3130091814302341|0.37166940436677282|0.30650584795321639|0.38484570096412207
5,ENROLLMENT_PCA_TRANSFER,5,1.0000000000000001e-05,0.050000000000000003,0.34136806607530296,0.35314494582586686|0.30812930155035417|0.36311191830928669|0.3181395211000474|0.36431464359095933
5,ENROLLMENT_PCA_TRANSFER,5,1.0000000000000001e-05,0.10000000000000001,0.34136806607530296,0.35314494582586686|0.30812930155035417|0.36311191830928669|0.3181395211000474|0.36431464359095933
5,ENROLLMENT_PCA_TRANSFER,5,1.0000000000000001e-05,0.20000000000000001,0.34136806607530296,0.35314494582586686|0.30812930155035417|0.36311191830928669|0.3181395211000474|0.36431464359095933
5,ENROLLMENT_PCA_TRANSFER,5,1.0000000000000001e-05,0.5,0.34136806607530296,0.35314494582586686|0.30812930155035417|0.36311191830928669|0.3181395211000474|0.36431464359095933
5,ENROLLMENT_PCA_TRANSFER,5,1.0000000000000001e-05,1,0.34136806607530296,0.35314494582586686|0.30812930155035417|0.36311191830928669|0.3181395211000474|0.36431464359095933
5,ENROLLMENT_PCA_TRANSFER,5,1.0000000000000001e-05,2,0.34136806607530296,0.35314494582586686|0.30812930155035417|0.36311191830928669|0.3181395211000474|0.36431464359095933
5,ENROLLMENT_PCA_TRANSFER,5,1.0000000000000001e-05,5,0.34136806607530296,0.35314494582586686|0.30812930155035417|0.36311191830928669|0.3181395211000474|0.36431464359095933
5,ENROLLMENT_PCA_TRANSFER,5,0.0001,0.050000000000000003,0.34136806607530296,0.35314494582586686|0.30812930155035417|0.36311191830928669|0.3181395211000474|0.36431464359095933
5,ENROLLMENT_PCA_TRANSFER,5,0.0001,0.10000000000000001,0.34136806607530296,0.35314494582586686|0.30812930155035417|0.36311191830928669|0.3181395211000474|0.36431464359095933
5,ENROLLMENT_PCA_TRANSFER,5,0.0001,0.20000000000000001,0.34136806607530296,0.35314494582586686|0.30812930155035417|0.36311191830928669|0.3181395211000474|0.36431464359095933
5,ENROLLMENT_PCA_TRANSFER,5,0.0001,0.5,0.34136806607530296,0.35314494582586686|0.30812930155035417|0.36311191830928669|0.3181395211000474|0.36431464359095933
5,ENROLLMENT_PCA_TRANSFER,5,0.0001,1,0.34136806607530296,0.35314494582586686|0.30812930155035417|0.36311191830928669|0.3181395211000474|0.36431464359095933
5,ENROLLMENT_PCA_TRANSFER,5,0.0001,2,0.34136806607530296,0.35314494582586686|0.30812930155035417|0.36311191830928669|0.3181395211000474|0.36431464359095933
5,ENROLLMENT_PCA_TRANSFER,5,0.0001,5,0.34136806607530296,0.35314494582586686|0.30812930155035417|0.36311191830928669|0.3181395211000474|0.36431464359095933
5,ENROLLMENT_PCA_TRANSFER,5,0.001,0.050000000000000003,0.34136806607530296,0.35314494582586686|0.30812930155035417|0.36311191830928669|0.3181395211000474|0.36431464359095933
5,ENROLLMENT_PCA_TRANSFER,5,0.001,0.10000000000000001,0.34136806607530296,0.35314494582586686|0.30812930155035417|0.36311191830928669|0.3181395211000474|0.36431464359095933
5,ENROLLMENT_PCA_TRANSFER,5,0.001,0.20000000000000001,0.34136806607530296,0.35314494582586686|0.30812930155035417|0.36311191830928669|0.3181395211000474|0.36431464359095933
5,ENROLLMENT_PCA_TRANSFER,5,0.001,0.5,0.34136806607530296,0.35314494582586686|0.30812930155035417|0.36311191830928669|0.3181395211000474|0.36431464359095933
5,ENROLLMENT_PCA_TRANSFER,5,0.001,1,0.34136806607530296,0.35314494582586686|0.30812930155035417|0.36311191830928669|0.3181395211000474|0.36431464359095933
5,ENROLLMENT_PCA_TRANSFER,5,0.001,2,0.34136806607530296,0.35314494582586686|0.30812930155035417|0.36311191830928669|0.3181395211000474|0.36431464359095933
5,ENROLLMENT_PCA_TRANSFER,5,0.001,5,0.34136806607530296,0.35314494582586686|0.30812930155035417|0.36311191830928669|0.3181395211000474|0.36431464359095933
5,ENROLLMENT_PCA_TRANSFER,5,0.01,0.050000000000000003,0.34161584974413922,0.35312788330880435|0.3087273876747561|0.36311191830928669|0.31879741583688948|0.36431464359095933
5,ENROLLMENT_PCA_TRANSFER,5,0.01,0.10000000000000001,0.34161584974413922,0.35312788330880435|0.3087273876747561|0.36311191830928669|0.31879741583688948|0.36431464359095933
5,ENROLLMENT_PCA_TRANSFER,5,0.01,0.20000000000000001,0.34161584974413922,0.35312788330880435|0.3087273876747561|0.36311191830928669|0.31879741583688948|0.36431464359095933
5,ENROLLMENT_PCA_TRANSFER,5,0.01,0.5,0.34161584974413922,0.35312788330880435|0.3087273876747561|0.36311191830928669|0.31879741583688948|0.36431464359095933
5,ENROLLMENT_PCA_TRANSFER,5,0.01,1,0.34161584974413922,0.35312788330880435|0.3087273876747561|0.36311191830928669|0.31879741583688948|0.36431464359095933
5,ENROLLMENT_PCA_TRANSFER,5,0.01,2,0.34161584974413922,0.35312788330880435|0.3087273876747561|0.36311191830928669|0.31879741583688948|0.36431464359095933
5,ENROLLMENT_PCA_TRANSFER,5,0.01,5,0.34161584974413922,0.35312788330880435|0.3087273876747561|0.36311191830928669|0.31879741583688948|0.36431464359095933
5,ENROLLMENT_PCA_TRANSFER,5,0.10000000000000001,0.050000000000000003,0.34155911341108708,0.35493830617185879|0.30811313706050547|0.36239763259500102|0.31872530425162005|0.36362118697645018
5,ENROLLMENT_PCA_TRANSFER,5,0.10000000000000001,0.10000000000000001,0.34155911341108708,0.35493830617185879|0.30811313706050547|0.36239763259500102|0.31872530425162005|0.36362118697645018
5,ENROLLMENT_PCA_TRANSFER,5,0.10000000000000001,0.20000000000000001,0.34155911341108708,0.35493830617185879|0.30811313706050547|0.36239763259500102|0.31872530425162005|0.36362118697645018
5,ENROLLMENT_PCA_TRANSFER,5,0.10000000000000001,0.5,0.34155911341108708,0.35493830617185879|0.30811313706050547|0.36239763259500102|0.31872530425162005|0.36362118697645018
5,ENROLLMENT_PCA_TRANSFER,5,0.10000000000000001,1,0.34155911341108708,0.35493830617185879|0.30811313706050547|0.36239763259500102|0.31872530425162005|0.36362118697645018
5,ENROLLMENT_PCA_TRANSFER,5,0.10000000000000001,2,0.34155911341108708,0.35493830617185879|0.30811313706050547|0.36239763259500102|0.31872530425162005|0.36362118697645018
5,ENROLLMENT_PCA_TRANSFER,5,0.10000000000000001,5,0.34155911341108708,0.35493830617185879|0.30811313706050547|0.36239763259500102|0.31872530425162005|0.36362118697645018
5,ENROLLMENT_PCA_TRANSFER,5,1,0.050000000000000003,0.34110009988628409,0.35176721813234968|0.30743422848686003|0.36380537492379594|0.32011518097044411|0.36237849691797064
5,ENROLLMENT_PCA_TRANSFER,5,1,0.10000000000000001,0.34110009988628409,0.35176721813234968|0.30743422848686003|0.36380537492379594|0.32011518097044411|0.36237849691797064
5,ENROLLMENT_PCA_TRANSFER,5,1,0.20000000000000001,0.34110009988628409,0.35176721813234968|0.30743422848686003|0.36380537492379594|0.32011518097044411|0.36237849691797064
5,ENROLLMENT_PCA_TRANSFER,5,1,0.5,0.34110009988628409,0.35176721813234968|0.30743422848686003|0.36380537492379594|0.32011518097044411|0.36237849691797064
5,ENROLLMENT_PCA_TRANSFER,5,1,1,0.34110009988628409,0.35176721813234968|0.30743422848686003|0.36380537492379594|0.32011518097044411|0.36237849691797064
5,ENROLLMENT_PCA_TRANSFER,5,1,2,0.34110009988628409,0.35176721813234968|0.30743422848686003|0.36380537492379594|0.32011518097044411|0.36237849691797064
5,ENROLLMENT_PCA_TRANSFER,5,1,5,0.34110009988628409,0.35176721813234968|0.30743422848686003|0.36380537492379594|0.32011518097044411|0.36237849691797064
5,ENROLLMENT_PCA_TRANSFER,5,10,0.050000000000000003,0.34626608713121865,0.35557770154809626|0.31404460680776475|0.3805085066269277|0.30719831673779041|0.37400130393551445
5,ENROLLMENT_PCA_TRANSFER,5,10,0.10000000000000001,0.34626608713121865,0.35557770154809626|0.31404460680776475|0.3805085066269277|0.30719831673779041|0.37400130393551445
5,ENROLLMENT_PCA_TRANSFER,5,10,0.20000000000000001,0.34626608713121865,0.35557770154809626|0.31404460680776475|0.3805085066269277|0.30719831673779041|0.37400130393551445
5,ENROLLMENT_PCA_TRANSFER,5,10,0.5,0.34626608713121865,0.35557770154809626|0.31404460680776475|0.3805085066269277|0.30719831673779041|0.37400130393551445
5,ENROLLMENT_PCA_TRANSFER,5,10,1,0.34626608713121865,0.35557770154809626|0.31404460680776475|0.3805085066269277|0.30719831673779041|0.37400130393551445
5,ENROLLMENT_PCA_TRANSFER,5,10,2,0.34626608713121865,0.35557770154809626|0.31404460680776475|0.3805085066269277|0.30719831673779041|0.37400130393551445
5,ENROLLMENT_PCA_TRANSFER,5,10,5,0.34626608713121865,0.35557770154809626|0.31404460680776475|0.3805085066269277|0.30719831673779041|0.37400130393551445
5,ENROLLMENT_PCA_TRANSFER,5,100,0.050000000000000003,0.34486552645434226,0.34760404094285674|0.3130091814302341|0.37037139583192219|0.30584795321637431|0.38749506085032404
5,ENROLLMENT_PCA_TRANSFER,5,100,0.10000000000000001,0.34486552645434226,0.34760404094285674|0.3130091814302341|0.37037139583192219|0.30584795321637431|0.38749506085032404
5,ENROLLMENT_PCA_TRANSFER,5,100,0.20000000000000001,0.34486552645434226,0.34760404094285674|0.3130091814302341|0.37037139583192219|0.30584795321637431|0.38749506085032404
5,ENROLLMENT_PCA_TRANSFER,5,100,0.5,0.34486552645434226,0.34760404094285674|0.3130091814302341|0.37037139583192219|0.30584795321637431|0.38749506085032404
5,ENROLLMENT_PCA_TRANSFER,5,100,1,0.34486552645434226,0.34760404094285674|0.3130091814302341|0.37037139583192219|0.30584795321637431|0.38749506085032404
5,ENROLLMENT_PCA_TRANSFER,5,100,2,0.34486552645434226,0.34760404094285674|0.3130091814302341|0.37037139583192219|0.30584795321637431|0.38749506085032404
5,ENROLLMENT_PCA_TRANSFER,5,100,5,0.34486552645434226,0.34760404094285674|0.3130091814302341|0.37037139583192219|0.30584795321637431|0.38749506085032404
5,ENROLLMENT_PCA_TRANSFER,8,1.0000000000000001e-05,0.050000000000000003,0.34253137309387305,0.3345170903559061|0.3102082345503398|0.36652684639526745|0.32715248142879721|0.3742522127390549
5,ENROLLMENT_PCA_TRANSFER,8,1.0000000000000001e-05,0.10000000000000001,0.34253137309387305,0.3345170903559061|0.3102082345503398|0.36652684639526745|0.32715248142879721|0.3742522127390549
5,ENROLLMENT_PCA_TRANSFER,8,1.0000000000000001e-05,0.20000000000000001,0.34253137309387305,0.3345170903559061|0.3102082345503398|0.36652684639526745|0.32715248142879721|0.3742522127390549
5,ENROLLMENT_PCA_TRANSFER,8,1.0000000000000001e-05,0.5,0.34253137309387305,0.3345170903559061|0.3102082345503398|0.36652684639526745|0.32715248142879721|0.3742522127390549
5,ENROLLMENT_PCA_TRANSFER,8,1.0000000000000001e-05,1,0.34253137309387305,0.3345170903559061|0.3102082345503398|0.36652684639526745|0.32715248142879721|0.3742522127390549
5,ENROLLMENT_PCA_TRANSFER,8,1.0000000000000001e-05,2,0.34253137309387305,0.3345170903559061|0.3102082345503398|0.36652684639526745|0.32715248142879721|0.3742522127390549
5,ENROLLMENT_PCA_TRANSFER,8,1.0000000000000001e-05,5,0.34253137309387305,0.3345170903559061|0.3102082345503398|0.36652684639526745|0.32715248142879721|0.3742522127390549
5,ENROLLMENT_PCA_TRANSFER,8,0.0001,0.050000000000000003,0.34253137309387305,0.3345170903559061|0.3102082345503398|0.36652684639526745|0.32715248142879721|0.3742522127390549
5,ENROLLMENT_PCA_TRANSFER,8,0.0001,0.10000000000000001,0.34253137309387305,0.3345170903559061|0.3102082345503398|0.36652684639526745|0.32715248142879721|0.3742522127390549
5,ENROLLMENT_PCA_TRANSFER,8,0.0001,0.20000000000000001,0.34253137309387305,0.3345170903559061|0.3102082345503398|0.36652684639526745|0.32715248142879721|0.3742522127390549
5,ENROLLMENT_PCA_TRANSFER,8,0.0001,0.5,0.34253137309387305,0.3345170903559061|0.3102082345503398|0.36652684639526745|0.32715248142879721|0.3742522127390549
5,ENROLLMENT_PCA_TRANSFER,8,0.0001,1,0.34253137309387305,0.3345170903559061|0.3102082345503398|0.36652684639526745|0.32715248142879721|0.3742522127390549
5,ENROLLMENT_PCA_TRANSFER,8,0.0001,2,0.34253137309387305,0.3345170903559061|0.3102082345503398|0.36652684639526745|0.32715248142879721|0.3742522127390549
5,ENROLLMENT_PCA_TRANSFER,8,0.0001,5,0.34253137309387305,0.3345170903559061|0.3102082345503398|0.36652684639526745|0.32715248142879721|0.3742522127390549
5,ENROLLMENT_PCA_TRANSFER,8,0.001,0.050000000000000003,0.34265422321672323,0.33513134097015673|0.3102082345503398|0.36652684639526745|0.32715248142879721|0.3742522127390549
5,ENROLLMENT_PCA_TRANSFER,8,0.001,0.10000000000000001,0.34265422321672323,0.33513134097015673|0.3102082345503398|0.36652684639526745|0.32715248142879721|0.3742522127390549
5,ENROLLMENT_PCA_TRANSFER,8,0.001,0.20000000000000001,0.34265422321672323,0.33513134097015673|0.3102082345503398|0.36652684639526745|0.32715248142879721|0.3742522127390549
5,ENROLLMENT_PCA_TRANSFER,8,0.001,0.5,0.34265422321672323,0.33513134097015673|0.3102082345503398|0.36652684639526745|0.32715248142879721|0.3742522127390549
5,ENROLLMENT_PCA_TRANSFER,8,0.001,1,0.34265422321672323,0.33513134097015673|0.3102082345503398|0.36652684639526745|0.32715248142879721|0.3742522127390549
5,ENROLLMENT_PCA_TRANSFER,8,0.001,2,0.34265422321672323,0.33513134097015673|0.3102082345503398|0.36652684639526745|0.32715248142879721|0.3742522127390549
5,ENROLLMENT_PCA_TRANSFER,8,0.001,5,0.34265422321672323,0.33513134097015673|0.3102082345503398|0.36652684639526745|0.32715248142879721|0.3742522127390549
5,ENROLLMENT_PCA_TRANSFER,8,0.01,0.050000000000000003,0.34278413183347395,0.33451709035590615|0.31017500754342858|0.36714819142450722|0.32782815710447288|0.3742522127390549
5,ENROLLMENT_PCA_TRANSFER,8,0.01,0.10000000000000001,0.34278413183347395,0.33451709035590615|0.31017500754342858|0.36714819142450722|0.32782815710447288|0.3742522127390549
5,ENROLLMENT_PCA_TRANSFER,8,0.01,0.20000000000000001,0.34278413183347395,0.33451709035590615|0.31017500754342858|0.36714819142450722|0.32782815710447288|0.3742522127390549
5,ENROLLMENT_PCA_TRANSFER,8,0.01,0.5,0.34278413183347395,0.33451709035590615|0.31017500754342858|0.36714819142450722|0.32782815710447288|0.3742522127390549
5,ENROLLMENT_PCA_TRANSFER,8,0.01,1,0.34278413183347395,0.33451709035590615|0.31017500754342858|0.36714819142450722|0.32782815710447288|0.3742522127390549
5,ENROLLMENT_PCA_TRANSFER,8,0.01,2,0.34278413183347395,0.33451709035590615|0.31017500754342858|0.36714819142450722|0.32782815710447288|0.3742522127390549
5,ENROLLMENT_PCA_TRANSFER,8,0.01,5,0.34278413183347395,0.33451709035590615|0.31017500754342858|0.36714819142450722|0.32782815710447288|0.3742522127390549
5,ENROLLMENT_PCA_TRANSFER,8,0.10000000000000001,0.050000000000000003,0.34330831031817871,0.33332091810710229|0.31075692917798176|0.3678060861613493|0.32974751066856328|0.37491010747589693
5,ENROLLMENT_PCA_TRANSFER,8,0.10000000000000001,0.10000000000000001,0.34330831031817871,0.33332091810710229|0.31075692917798176|0.3678060861613493|0.32974751066856328|0.37491010747589693
5,ENROLLMENT_PCA_TRANSFER,8,0.10000000000000001,0.20000000000000001,0.34330831031817871,0.33332091810710229|0.31075692917798176|0.3678060861613493|0.32974751066856328|0.37491010747589693
5,ENROLLMENT_PCA_TRANSFER,8,0.10000000000000001,0.5,0.34330831031817871,0.33332091810710229|0.31075692917798176|0.3678060861613493|0.32974751066856328|0.37491010747589693
5,ENROLLMENT_PCA_TRANSFER,8,0.10000000000000001,1,0.34330831031817871,0.33332091810710229|0.31075692917798176|0.3678060861613493|0.32974751066856328|0.37491010747589693
5,ENROLLMENT_PCA_TRANSFER,8,0.10000000000000001,2,0.34330831031817871,0.33332091810710229|0.31075692917798176|0.3678060861613493|0.32974751066856328|0.37491010747589693
5,ENROLLMENT_PCA_TRANSFER,8,0.10000000000000001,5,0.34330831031817871,0.33332091810710229|0.31075692917798176|0.3678060861613493|0.32974751066856328|0.37491010747589693
5,ENROLLMENT_PCA_TRANSFER,8,1,0.050000000000000003,0.34289146661186132,0.33191273446207653|0.31007891863155018|0.37116964709069966|0.32901651651651653|0.37227951635846368
5,ENROLLMENT_PCA_TRANSFER,8,1,0.10000000000000001,0.34289146661186132,0.33191273446207653|0.31007891863155018|0.37116964709069966|0.32901651651651653|0.37227951635846368
5,ENROLLMENT_PCA_TRANSFER,8,1,0.20000000000000001,0.34289146661186132,0.33191273446207653|0.31007891863155018|0.37116964709069966|0.32901651651651653|0.37227951635846368
5,ENROLLMENT_PCA_TRANSFER,8,1,0.5,0.34289146661186132,0.33191273446207653|0.31007891863155018|0.37116964709069966|0.32901651651651653|0.37227951635846368
5,ENROLLMENT_PCA_TRANSFER,8,1,1,0.34289146661186132,0.33191273446207653|0.31007891863155018|0.37116964709069966|0.32901651651651653|0.37227951635846368
5,ENROLLMENT_PCA_TRANSFER,8,1,2,0.34289146661186132,0.33191273446207653|0.31007891863155018|0.37116964709069966|0.32901651651651653|0.37227951635846368
5,ENROLLMENT_PCA_TRANSFER,8,1,5,0.34289146661186132,0.33191273446207653|0.31007891863155018|0.37116964709069966|0.32901651651651653|0.37227951635846368
5,ENROLLMENT_PCA_TRANSFER,8,10,0.050000000000000003,0.34511122413425044,0.35257020840902414|0.31467591993907784|0.37849827270879904|0.30515252094199463|0.37465919867235659
5,ENROLLMENT_PCA_TRANSFER,8,10,0.10000000000000001,0.34511122413425044,0.35257020840902414|0.31467591993907784|0.37849827270879904|0.30515252094199463|0.37465919867235659
5,ENROLLMENT_PCA_TRANSFER,8,10,0.20000000000000001,0.34511122413425044,0.35257020840902414|0.31467591993907784|0.37849827270879904|0.30515252094199463|0.37465919867235659
5,ENROLLMENT_PCA_TRANSFER,8,10,0.5,0.34511122413425044,0.35257020840902414|0.31467591993907784|0.37849827270879904|0.30515252094199463|0.37465919867235659
5,ENROLLMENT_PCA_TRANSFER,8,10,1,0.34511122413425044,0.35257020840902414|0.31467591993907784|0.37849827270879904|0.30515252094199463|0.37465919867235659
5,ENROLLMENT_PCA_TRANSFER,8,10,2,0.34511122413425044,0.35257020840902414|0.31467591993907784|0.37849827270879904|0.30515252094199463|0.37465919867235659
5,ENROLLMENT_PCA_TRANSFER,8,10,5,0.34511122413425044,0.35257020840902414|0.31467591993907784|0.37849827270879904|0.30515252094199463|0.37465919867235659
5,ENROLLMENT_PCA_TRANSFER,8,100,0.050000000000000003,0.34469883464291357,0.34881637768150925|0.31300918143023398|0.36967695138747769|0.30517227754069864|0.38681938517464837
5,ENROLLMENT_PCA_TRANSFER,8,100,0.10000000000000001,0.34469883464291357,0.34881637768150925|0.31300918143023398|0.36967695138747769|0.30517227754069864|0.38681938517464837
5,ENROLLMENT_PCA_TRANSFER,8,100,0.20000000000000001,0.34469883464291357,0.34881637768150925|0.31300918143023398|0.36967695138747769|0.30517227754069864|0.38681938517464837
5,ENROLLMENT_PCA_TRANSFER,8,100,0.5,0.34469883464291357,0.34881637768150925|0.31300918143023398|0.36967695138747769|0.30517227754069864|0.38681938517464837
5,ENROLLMENT_PCA_TRANSFER,8,100,1,0.34469883464291357,0.34881637768150925|0.31300918143023398|0.36967695138747769|0.30517227754069864|0.38681938517464837
5,ENROLLMENT_PCA_TRANSFER,8,100,2,0.34469883464291357,0.34881637768150925|0.31300918143023398|0.36967695138747769|0.30517227754069864|0.38681938517464837
5,ENROLLMENT_PCA_TRANSFER,8,100,5,0.34469883464291357,0.34881637768150925|0.31300918143023398|0.36967695138747769|0.30517227754069864|0.38681938517464837
5,ENROLLMENT_PCA_TRANSFER,13,1.0000000000000001e-05,0.050000000000000003,0.34243136506294403,0.33128137963664278|0.32128629825998251|0.36692279685700735|0.32005788683420267|0.37260846372688478
5,ENROLLMENT_PCA_TRANSFER,13,1.0000000000000001e-05,0.10000000000000001,0.34243136506294403,0.33128137963664278|0.32128629825998251|0.36692279685700735|0.32005788683420267|0.37260846372688478
5,ENROLLMENT_PCA_TRANSFER,13,1.0000000000000001e-05,0.20000000000000001,0.34243136506294403,0.33128137963664278|0.32128629825998251|0.36692279685700735|0.32005788683420267|0.37260846372688478
5,ENROLLMENT_PCA_TRANSFER,13,1.0000000000000001e-05,0.5,0.34243136506294403,0.33128137963664278|0.32128629825998251|0.36692279685700735|0.32005788683420267|0.37260846372688478
5,ENROLLMENT_PCA_TRANSFER,13,1.0000000000000001e-05,1,0.34243136506294403,0.33128137963664278|0.32128629825998251|0.36692279685700735|0.32005788683420267|0.37260846372688478
5,ENROLLMENT_PCA_TRANSFER,13,1.0000000000000001e-05,2,0.34243136506294403,0.33128137963664278|0.32128629825998251|0.36692279685700735|0.32005788683420267|0.37260846372688478
5,ENROLLMENT_PCA_TRANSFER,13,1.0000000000000001e-05,5,0.34243136506294403,0.33128137963664278|0.32128629825998251|0.36692279685700735|0.32005788683420267|0.37260846372688478
5,ENROLLMENT_PCA_TRANSFER,13,0.0001,0.050000000000000003,0.34243136506294403,0.33128137963664278|0.32128629825998251|0.36692279685700735|0.32005788683420267|0.37260846372688478
5,ENROLLMENT_PCA_TRANSFER,13,0.0001,0.10000000000000001,0.34243136506294403,0.33128137963664278|0.32128629825998251|0.36692279685700735|0.32005788683420267|0.37260846372688478
5,ENROLLMENT_PCA_TRANSFER,13,0.0001,0.20000000000000001,0.34243136506294403,0.33128137963664278|0.32128629825998251|0.36692279685700735|0.32005788683420267|0.37260846372688478
5,ENROLLMENT_PCA_TRANSFER,13,0.0001,0.5,0.34243136506294403,0.33128137963664278|0.32128629825998251|0.36692279685700735|0.32005788683420267|0.37260846372688478
5,ENROLLMENT_PCA_TRANSFER,13,0.0001,1,0.34243136506294403,0.33128137963664278|0.32128629825998251|0.36692279685700735|0.32005788683420267|0.37260846372688478
5,ENROLLMENT_PCA_TRANSFER,13,0.0001,2,0.34243136506294403,0.33128137963664278|0.32128629825998251|0.36692279685700735|0.32005788683420267|0.37260846372688478
5,ENROLLMENT_PCA_TRANSFER,13,0.0001,5,0.34243136506294403,0.33128137963664278|0.32128629825998251|0.36692279685700735|0.32005788683420267|0.37260846372688478
5,ENROLLMENT_PCA_TRANSFER,13,0.001,0.050000000000000003,0.34243136506294403,0.33128137963664278|0.32128629825998251|0.36692279685700735|0.32005788683420267|0.37260846372688478
5,ENROLLMENT_PCA_TRANSFER,13,0.001,0.10000000000000001,0.34243136506294403,0.33128137963664278|0.32128629825998251|0.36692279685700735|0.32005788683420267|0.37260846372688478
5,ENROLLMENT_PCA_TRANSFER,13,0.001,0.20000000000000001,0.34243136506294403,0.33128137963664278|0.32128629825998251|0.36692279685700735|0.32005788683420267|0.37260846372688478
5,ENROLLMENT_PCA_TRANSFER,13,0.001,0.5,0.34243136506294403,0.33128137963664278|0.32128629825998251|0.36692279685700735|0.32005788683420267|0.37260846372688478
5,ENROLLMENT_PCA_TRANSFER,13,0.001,1,0.34243136506294403,0.33128137963664278|0.32128629825998251|0.36692279685700735|0.32005788683420267|0.37260846372688478
5,ENROLLMENT_PCA_TRANSFER,13,0.001,2,0.34243136506294403,0.33128137963664278|0.32128629825998251|0.36692279685700735|0.32005788683420267|0.37260846372688478
5,ENROLLMENT_PCA_TRANSFER,13,0.001,5,0.34243136506294403,0.33128137963664278|0.32128629825998251|0.36692279685700735|0.32005788683420267|0.37260846372688478
5,ENROLLMENT_PCA_TRANSFER,13,0.01,0.050000000000000003,0.34266542687595319,0.33187946576104471|0.32249863499863501|0.36692279685700735|0.31875987829935198|0.37326635846372691
5,ENROLLMENT_PCA_TRANSFER,13,0.01,0.10000000000000001,0.34266542687595319,0.33187946576104471|0.32249863499863501|0.36692279685700735|0.31875987829935198|0.37326635846372691
5,ENROLLMENT_PCA_TRANSFER,13,0.01,0.20000000000000001,0.34266542687595319,0.33187946576104471|0.32249863499863501|0.36692279685700735|0.31875987829935198|0.37326635846372691
5,ENROLLMENT_PCA_TRANSFER,13,0.01,0.5,0.34266542687595319,0.33187946576104471|0.32249863499863501|0.36692279685700735|0.31875987829935198|0.37326635846372691
5,ENROLLMENT_PCA_TRANSFER,13,0.01,1,0.34266542687595319,0.33187946576104471|0.32249863499863501|0.36692279685700735|0.31875987829935198|0.37326635846372691
5,ENROLLMENT_PCA_TRANSFER,13,0.01,2,0.34266542687595319,0.33187946576104471|0.32249863499863501|0.36692279685700735|0.31875987829935198|0.37326635846372691
5,ENROLLMENT_PCA_TRANSFER,13,0.01,5,0.34266542687595319,0.33187946576104471|0.32249863499863501|0.36692279685700735|0.31875987829935198|0.37326635846372691
5,ENROLLMENT_PCA_TRANSFER,13,0.10000000000000001,0.050000000000000003,0.34449849606099603,0.33620776770447819|0.32253186200554623|0.36498665018401855|0.32338193456614506|0.37538426584479223
5,ENROLLMENT_PCA_TRANSFER,13,0.10000000000000001,0.10000000000000001,0.34449849606099603,0.33620776770447819|0.32253186200554623|0.36498665018401855|0.32338193456614506|0.37538426584479223
5,ENROLLMENT_PCA_TRANSFER,13,0.10000000000000001,0.20000000000000001,0.34449849606099603,0.33620776770447819|0.32253186200554623|0.36498665018401855|0.32338193456614506|0.37538426584479223
5,ENROLLMENT_PCA_TRANSFER,13,0.10000000000000001,0.5,0.34449849606099603,0.33620776770447819|0.32253186200554623|0.36498665018401855|0.32338193456614506|0.37538426584479223
5,ENROLLMENT_PCA_TRANSFER,13,0.10000000000000001,1,0.34449849606099603,0.33620776770447819|0.32253186200554623|0.36498665018401855|0.32338193456614506|0.37538426584479223
5,ENROLLMENT_PCA_TRANSFER,13,0.10000000000000001,2,0.34449849606099603,0.33620776770447819|0.32253186200554623|0.36498665018401855|0.32338193456614506|0.37538426584479223
5,ENROLLMENT_PCA_TRANSFER,13,0.10000000000000001,5,0.34449849606099603,0.33620776770447819|0.32253186200554623|0.36498665018401855|0.32338193456614506|0.37538426584479223
5,ENROLLMENT_PCA_TRANSFER,13,1,0.050000000000000003,0.34490859737899215,0.33697760794800274|0.31567362817362815|0.36906556932872725|0.32716828670776044|0.37565789473684208
5,ENROLLMENT_PCA_TRANSFER,13,1,0.10000000000000001,0.34490859737899215,0.33697760794800274|0.31567362817362815|0.36906556932872725|0.32716828670776044|0.37565789473684208
5,ENROLLMENT_PCA_TRANSFER,13,1,0.20000000000000001,0.34490859737899215,0.33697760794800274|0.31567362817362815|0.36906556932872725|0.32716828670776044|0.37565789473684208
5,ENROLLMENT_PCA_TRANSFER,13,1,0.5,0.34490859737899215,0.33697760794800274|0.31567362817362815|0.36906556932872725|0.32716828670776044|0.37565789473684208
5,ENROLLMENT_PCA_TRANSFER,13,1,1,0.34490859737899215,0.33697760794800274|0.31567362817362815|0.36906556932872725|0.32716828670776044|0.37565789473684208
5,ENROLLMENT_PCA_TRANSFER,13,1,2,0.34490859737899215,0.33697760794800274|0.31567362817362815|0.36906556932872725|0.32716828670776044|0.37565789473684208
5,ENROLLMENT_PCA_TRANSFER,13,1,5,0.34490859737899215,0.33697760794800274|0.31567362817362815|0.36906556932872725|0.32716828670776044|0.37565789473684208
5,ENROLLMENT_PCA_TRANSFER,13,10,0.050000000000000003,0.34417397109173431,0.35074362105612106|0.31713471845050789|0.37586669376143067|0.30250316105579261|0.37462166113481904
5,ENROLLMENT_PCA_TRANSFER,13,10,0.10000000000000001,0.34417397109173431,0.35074362105612106|0.31713471845050789|0.37586669376143067|0.30250316105579261|0.37462166113481904
5,ENROLLMENT_PCA_TRANSFER,13,10,0.20000000000000001,0.34417397109173431,0.35074362105612106|0.31713471845050789|0.37586669376143067|0.30250316105579261|0.37462166113481904
5,ENROLLMENT_PCA_TRANSFER,13,10,0.5,0.34417397109173431,0.35074362105612106|0.31713471845050789|0.37586669376143067|0.30250316105579261|0.37462166113481904
5,ENROLLMENT_PCA_TRANSFER,13,10,1,0.34417397109173431,0.35074362105612106|0.31713471845050789|0.37586669376143067|0.30250316105579261|0.37462166113481904
5,ENROLLMENT_PCA_TRANSFER,13,10,2,0.34417397109173431,0.35074362105612106|0.31713471845050789|0.37586669376143067|0.30250316105579261|0.37462166113481904
5,ENROLLMENT_PCA_TRANSFER,13,10,5,0.34417397109173431,0.35074362105612106|0.31713471845050789|0.37586669376143067|0.30250316105579261|0.37462166113481904
5,ENROLLMENT_PCA_TRANSFER,13,100,0.050000000000000003,0.34484948768830342,0.34821829155710737|0.31300918143023398|0.36967695138747769|0.30584795321637431|0.38749506085032404
5,ENROLLMENT_PCA_TRANSFER,13,100,0.10000000000000001,0.34484948768830342,0.34821829155710737|0.31300918143023398|0.36967695138747769|0.30584795321637431|0.38749506085032404
5,ENROLLMENT_PCA_TRANSFER,13,100,0.20000000000000001,0.34484948768830342,0.34821829155710737|0.31300918143023398|0.36967695138747769|0.30584795321637431|0.38749506085032404
5,ENROLLMENT_PCA_TRANSFER,13,100,0.5,0.34484948768830342,0.34821829155710737|0.31300918143023398|0.36967695138747769|0.30584795321637431|0.38749506085032404
5,ENROLLMENT_PCA_TRANSFER,13,100,1,0.34484948768830342,0.34821829155710737|0.31300918143023398|0.36967695138747769|0.30584795321637431|0.38749506085032404
5,ENROLLMENT_PCA_TRANSFER,13,100,2,0.34484948768830342,0.34821829155710737|0.31300918143023398|0.36967695138747769|0.30584795321637431|0.38749506085032404
5,ENROLLMENT_PCA_TRANSFER,13,100,5,0.34484948768830342,0.34821829155710737|0.31300918143023398|0.36967695138747769|0.30584795321637431|0.38749506085032404
5,FULL_RIDGE_TRANSFER,51,1.0000000000000001e-05,0.050000000000000003,0.34423848254440365,0.32238938036635412|0.32424529792950846|0.36365209194156567|0.34176841314999212|0.36913722933459775
5,FULL_RIDGE_TRANSFER,51,1.0000000000000001e-05,0.10000000000000001,0.34423848254440365,0.32238938036635412|0.32424529792950846|0.36365209194156567|0.34176841314999212|0.36913722933459775
5,FULL_RIDGE_TRANSFER,51,1.0000000000000001e-05,0.20000000000000001,0.34423848254440365,0.32238938036635412|0.32424529792950846|0.36365209194156567|0.34176841314999212|0.36913722933459775
5,FULL_RIDGE_TRANSFER,51,1.0000000000000001e-05,0.5,0.34423848254440365,0.32238938036635412|0.32424529792950846|0.36365209194156567|0.34176841314999212|0.36913722933459775
5,FULL_RIDGE_TRANSFER,51,1.0000000000000001e-05,1,0.34423848254440365,0.32238938036635412|0.32424529792950846|0.36365209194156567|0.34176841314999212|0.36913722933459775
5,FULL_RIDGE_TRANSFER,51,1.0000000000000001e-05,2,0.34423848254440365,0.32238938036635412|0.32424529792950846|0.36365209194156567|0.34176841314999212|0.36913722933459775
5,FULL_RIDGE_TRANSFER,51,1.0000000000000001e-05,5,0.34423848254440365,0.32238938036635412|0.32424529792950846|0.36365209194156567|0.34176841314999212|0.36913722933459775
5,FULL_RIDGE_TRANSFER,51,0.0001,0.050000000000000003,0.34423848254440365,0.32238938036635412|0.32424529792950846|0.36365209194156567|0.34176841314999212|0.36913722933459775
5,FULL_RIDGE_TRANSFER,51,0.0001,0.10000000000000001,0.34423848254440365,0.32238938036635412|0.32424529792950846|0.36365209194156567|0.34176841314999212|0.36913722933459775
5,FULL_RIDGE_TRANSFER,51,0.0001,0.20000000000000001,0.34423848254440365,0.32238938036635412|0.32424529792950846|0.36365209194156567|0.34176841314999212|0.36913722933459775
5,FULL_RIDGE_TRANSFER,51,0.0001,0.5,0.34423848254440365,0.32238938036635412|0.32424529792950846|0.36365209194156567|0.34176841314999212|0.36913722933459775
5,FULL_RIDGE_TRANSFER,51,0.0001,1,0.34423848254440365,0.32238938036635412|0.32424529792950846|0.36365209194156567|0.34176841314999212|0.36913722933459775
5,FULL_RIDGE_TRANSFER,51,0.0001,2,0.34423848254440365,0.32238938036635412|0.32424529792950846|0.36365209194156567|0.34176841314999212|0.36913722933459775
5,FULL_RIDGE_TRANSFER,51,0.0001,5,0.34423848254440365,0.32238938036635412|0.32424529792950846|0.36365209194156567|0.34176841314999212|0.36913722933459775
5,FULL_RIDGE_TRANSFER,51,0.001,0.050000000000000003,0.34449323490441913,0.32298746649075599|0.32424529792950846|0.36365209194156567|0.34176841314999212|0.36981290501027342
5,FULL_RIDGE_TRANSFER,51,0.001,0.10000000000000001,0.34449323490441913,0.32298746649075599|0.32424529792950846|0.36365209194156567|0.34176841314999212|0.36981290501027342
5,FULL_RIDGE_TRANSFER,51,0.001,0.20000000000000001,0.34449323490441913,0.32298746649075599|0.32424529792950846|0.36365209194156567|0.34176841314999212|0.36981290501027342
5,FULL_RIDGE_TRANSFER,51,0.001,0.5,0.34449323490441913,0.32298746649075599|0.32424529792950846|0.36365209194156567|0.34176841314999212|0.36981290501027342
5,FULL_RIDGE_TRANSFER,51,0.001,1,0.34449323490441913,0.32298746649075599|0.32424529792950846|0.36365209194156567|0.34176841314999212|0.36981290501027342
5,FULL_RIDGE_TRANSFER,51,0.001,2,0.34449323490441913,0.32298746649075599|0.32424529792950846|0.36365209194156567|0.34176841314999212|0.36981290501027342
5,FULL_RIDGE_TRANSFER,51,0.001,5,0.34449323490441913,0.32298746649075599|0.32424529792950846|0.36365209194156567|0.34176841314999212|0.36981290501027342
5,FULL_RIDGE_TRANSFER,51,0.01,0.050000000000000003,0.34440944896537007,0.31928400226097603|0.32612217480638533|0.36370741041793675|0.34240852694800067|0.37052513039355139
5,FULL_RIDGE_TRANSFER,51,0.01,0.10000000000000001,0.34440944896537007,0.31928400226097603|0.32612217480638533|0.36370741041793675|0.34240852694800067|0.37052513039355139
5,FULL_RIDGE_TRANSFER,51,0.01,0.20000000000000001,0.34440944896537007,0.31928400226097603|0.32612217480638533|0.36370741041793675|0.34240852694800067|0.37052513039355139
5,FULL_RIDGE_TRANSFER,51,0.01,0.5,0.34440944896537007,0.31928400226097603|0.32612217480638533|0.36370741041793675|0.34240852694800067|0.37052513039355139
5,FULL_RIDGE_TRANSFER,51,0.01,1,0.34440944896537007,0.31928400226097603|0.32612217480638533|0.36370741041793675|0.34240852694800067|0.37052513039355139
5,FULL_RIDGE_TRANSFER,51,0.01,2,0.34440944896537007,0.31928400226097603|0.32612217480638533|0.36370741041793675|0.34240852694800067|0.37052513039355139
5,FULL_RIDGE_TRANSFER,51,0.01,5,0.34440944896537007,0.31928400226097603|0.32612217480638533|0.36370741041793675|0.34240852694800067|0.37052513039355139
5,FULL_RIDGE_TRANSFER,51,0.10000000000000001,0.050000000000000003,0.35040433380236014,0.34068945590327177|0.32206758193600304|0.36875530605793766|0.34858246404299031|0.37192686107159789
5,FULL_RIDGE_TRANSFER,51,0.10000000000000001,0.10000000000000001,0.35040433380236014,0.34068945590327177|0.32206758193600304|0.36875530605793766|0.34858246404299031|0.37192686107159789
5,FULL_RIDGE_TRANSFER,51,0.10000000000000001,0.20000000000000001,0.35040433380236014,0.34068945590327177|0.32206758193600304|0.36875530605793766|0.34858246404299031|0.37192686107159789
5,FULL_RIDGE_TRANSFER,51,0.10000000000000001,0.5,0.35040433380236014,0.34068945590327177|0.32206758193600304|0.36875530605793766|0.34858246404299031|0.37192686107159789
5,FULL_RIDGE_TRANSFER,51,0.10000000000000001,1,0.35040433380236014,0.34068945590327177|0.32206758193600304|0.36875530605793766|0.34858246404299031|0.37192686107159789
5,FULL_RIDGE_TRANSFER,51,0.10000000000000001,2,0.35040433380236014,0.34068945590327177|0.32206758193600304|0.36875530605793766|0.34858246404299031|0.37192686107159789
5,FULL_RIDGE_TRANSFER,51,0.10000000000000001,5,0.35040433380236014,0.34068945590327177|0.32206758193600304|0.36875530605793766|0.34858246404299031|0.37192686107159789
5,FULL_RIDGE_TRANSFER,51,1,0.050000000000000003,0.34594162630675795,0.34055863258165892|0.31846290069974281|0.36846299306825619|0.32726114272166906|0.37496246246246251
5,FULL_RIDGE_TRANSFER,51,1,0.10000000000000001,0.34594162630675795,0.34055863258165892|0.31846290069974281|0.36846299306825619|0.32726114272166906|0.37496246246246251
5,FULL_RIDGE_TRANSFER,51,1,0.20000000000000001,0.34594162630675795,0.34055863258165892|0.31846290069974281|0.36846299306825619|0.32726114272166906|0.37496246246246251
5,FULL_RIDGE_TRANSFER,51,1,0.5,0.34594162630675795,0.34055863258165892|0.31846290069974281|0.36846299306825619|0.32726114272166906|0.37496246246246251
5,FULL_RIDGE_TRANSFER,51,1,1,0.34594162630675795,0.34055863258165892|0.31846290069974281|0.36846299306825619|0.32726114272166906|0.37496246246246251
5,FULL_RIDGE_TRANSFER,51,1,2,0.34594162630675795,0.34055863258165892|0.31846290069974281|0.36846299306825619|0.32726114272166906|0.37496246246246251
5,FULL_RIDGE_TRANSFER,51,1,5,0.34594162630675795,0.34055863258165892|0.31846290069974281|0.36846299306825619|0.32726114272166906|0.37496246246246251
5,FULL_RIDGE_TRANSFER,51,10,0.050000000000000003,0.34471585867309551,0.35135876969758545|0.31593854620170414|0.37451435458014404|0.30383771929824566|0.37792990358779832
5,FULL_RIDGE_TRANSFER,51,10,0.10000000000000001,0.34471585867309551,0.35135876969758545|0.31593854620170414|0.37451435458014404|0.30383771929824566|0.37792990358779832
5,FULL_RIDGE_TRANSFER,51,10,0.20000000000000001,0.34471585867309551,0.35135876969758545|0.31593854620170414|0.37451435458014404|0.30383771929824566|0.37792990358779832
5,FULL_RIDGE_TRANSFER,51,10,0.5,0.34471585867309551,0.35135876969758545|0.31593854620170414|0.37451435458014404|0.30383771929824566|0.37792990358779832
5,FULL_RIDGE_TRANSFER,51,10,1,0.34471585867309551,0.35135876969758545|0.31593854620170414|0.37451435458014404|0.30383771929824566|0.37792990358779832
5,FULL_RIDGE_TRANSFER,51,10,2,0.34471585867309551,0.35135876969758545|0.31593854620170414|0.37451435458014404|0.30383771929824566|0.37792990358779832
5,FULL_RIDGE_TRANSFER,51,10,5,0.34471585867309551,0.35135876969758545|0.31593854620170414|0.37451435458014404|0.30383771929824566|0.37792990358779832
5,FULL_RIDGE_TRANSFER,51,100,0.050000000000000003,0.34484948768830348,0.34821829155710732|0.3130091814302341|0.36967695138747769|0.30584795321637431|0.38749506085032404
5,FULL_RIDGE_TRANSFER,51,100,0.10000000000000001,0.34484948768830348,0.34821829155710732|0.3130091814302341|0.36967695138747769|0.30584795321637431|0.38749506085032404
5,FULL_RIDGE_TRANSFER,51,100,0.20000000000000001,0.34484948768830348,0.34821829155710732|0.3130091814302341|0.36967695138747769|0.30584795321637431|0.38749506085032404
5,FULL_RIDGE_TRANSFER,51,100,0.5,0.34484948768830348,0.34821829155710732|0.3130091814302341|0.36967695138747769|0.30584795321637431|0.38749506085032404
5,FULL_RIDGE_TRANSFER,51,100,1,0.34484948768830348,0.34821829155710732|0.3130091814302341|0.36967695138747769|0.30584795321637431|0.38749506085032404
5,FULL_RIDGE_TRANSFER,51,100,2,0.34484948768830348,0.34821829155710732|0.3130091814302341|0.36967695138747769|0.30584795321637431|0.38749506085032404
5,FULL_RIDGE_TRANSFER,51,100,5,0.34484948768830348,0.34821829155710732|0.3130091814302341|0.36967695138747769|0.30584795321637431|0.38749506085032404
