,S01_left_hand,S01_right_hand,S02_left_hand,S02_right_hand,S03_left_hand,S03_right_hand,S04_left_hand,S04_right_hand,S05_left_hand,S05_right_hand,S06_left_hand,S06_right_hand,S07_left_hand,S07_right_hand,S08_left_hand,S08_right_hand,S09_left_hand,S09_right_hand,S10_left_hand,S10_right_hand,S11_left_hand,S11_right_hand,S12_left_hand,S12_right_hand,S13_left_hand,S13_right_hand,S14_left_hand,S14_right_hand,S15_left_hand,S15_right_hand,S16_left_hand,S16_right_hand,S17_left_hand,S17_right_hand,S18_left_hand,S18_right_hand,S19_left_hand,S19_right_hand,S20_left_hand,S20_right_hand,S21_left_hand,S21_right_hand,S22_left_hand,S22_right_hand,S23_left_hand,S23_right_hand,S24_left_hand,S24_right_hand,S25_left_hand,S25_right_hand,S26_left_hand,S26_right_hand,S27_left_hand,S27_right_hand,S28_left_hand,S28_right_hand,S29_left_hand,S29_right_hand,S30_left_hand,S30_right_hand,S31_left_hand,S31_right_hand,S32_left_hand,S32_right_hand,S33_left_hand,S33_right_hand,S34_left_hand,S34_right_hand,S35_left_hand,S35_right_hand,S36_left_hand,S36_right_hand,S37_left_hand,S37_right_hand,S38_left_hand,S38_right_hand,S39_left_hand,S39_right_hand,S40_left_hand,S40_right_hand,S41_left_hand,S41_right_hand,S42_left_hand,S42_right_hand,S43_left_hand,S43_right_hand,S44_left_hand,S44_right_hand,S45_left_hand,S45_right_hand,S46_left_hand,S46_right_hand,S47_left_hand,S47_right_hand,S48_left_hand,S48_right_hand,S49_left_hand,S49_right_hand,S50_left_hand,S50_right_hand,S51_left_hand,S51_right_hand,S52_left_hand,S52_right_hand,S53_left_hand,S53_right_hand,S54_left_hand,S54_right_hand
S01_left_hand,0.6047414734879876,1.0957707902308855,0.6622481549519871,0.7704276591245741,1.011796649216893,1.2619598771624247,0.8036597546315527,0.873662077707382,0.7879328908540255,0.7536987228327356,1.273730192052715,1.0362825612065267,0.789190595298031,1.693838490369326,1.590223047151066,1.654697850377684,0.6036890719396042,0.9061929955054936,0.9812194772334096,0.9018449417699573,0.950341422083821,0.8627383336973067,0.9194917692360598,0.6312854455299046,1.448148227778767,1.3592965860519477,0.7826073982803337,0.8920226650264077,0.8237159073185659,1.1047451964345607,0.8337312253065063,0.4517180257899492,0.9627203883113312,0.748340519555123,1.244042125789078,0.6500356166293443,0.5081967911879733,0.8613313291449262,0.629922083594446,0.6385322496957921,1.0820256192467501,1.3301920620120837,0.6656326495311096,0.5018694407922563,1.0589906238303095,0.8762134983638913,0.5667648302008065,0.742235219184048,0.960451569321103,0.7451568658922496,0.6575852691973602,0.7847593539141353,0.46598240342503894,0.6563358128304645,1.020401718449831,0.9519973603989091,1.3304396214105352,0.8510835295177004,0.9045382333213492,0.3748196810422558,0.6530789434546918,0.629324521683722,0.4664656957335212,0.5715423921712147,1.1045758711252192,0.984892643734727,0.562704071741906,0.5633850161367455,0.8504578397569631,0.8347361570158005,0.5733458332930967,0.6665952072988698,1.4916494780835414,1.0470418349771318,1.045001352692733,0.6371158905336227,0.5882689154652008,0.8594521332270557,0.7975474471305939,0.7549178948715313,0.7218935705866506,1.0606997788907038,0.7703407593787742,0.8072247276034749,1.5111882125172313,0.8265530637792462,0.5164916794202279,1.8380449536075576,0.7923431901497223,0.827790121445386,1.2298577854384922,1.2094957234704085,0.750914097960744,1.0510181214330439,0.5070029631169057,0.5992809857055464,0.7194897549386654,0.6741871056170461,0.6558813199345931,0.6577388021174021,1.1853112889358488,0.4917802587739402,1.0508879021334576,0.89009585054564,0.6530617821986316,0.9078451151047191,1.1222356282523132,0.8430252353466277
S01_right_hand,0.6602776686097899,1.5262062800243807,0.7567091851815146,1.0033518687356329,0.9741298290735685,1.3762517926603133,1.0288091777815178,0.9943238892518133,1.096096779706473,1.0223238973735107,1.511046345700866,1.5202166888680266,0.9707578219237283,1.7234630005953715,2.214714657159704,2.205516470256328,0.711616758426092,1.228732627047207,1.4370480503045466,1.3384710752733315,0.8807214062218577,0.8906610513034474,1.1124235392519624,0.8601901732547615,1.2063620491716152,1.3695814083982598,0.9204276721181572,0.8870375382199598,1.0362518042456343,1.4550131055384146,1.1802921786063074,0.5294955333930691,1.0559770718814154,0.8752092771928345,1.3699245415595904,0.8511776195924451,0.6643681748617563,1.0672194822707024,0.5798928545342166,0.860794958684644,1.1673137184133493,1.729342855385671,0.7741756709787623,0.6244295596014096,1.0648953855880279,1.3276919251681532,0.7023736525202829,0.87129883223365,1.2691479293134087,0.9781220713678318,0.9144677201827859,0.7455834249228692,0.6615668045556425,0.9309419112886257,1.5557103947195314,1.4664591656146886,1.6256089856013525,1.0143867528179649,1.1341429684999715,0.4743628130205626,0.6952378921317937,0.7683724306057171,0.5318581286458701,0.8079177664332207,1.1442085019532275,1.0601931377753935,0.5489808534938925,0.7095772009072663,1.1062452731224692,0.860254856307858,0.7134007033179254,0.8232561069113886,2.0992426872500323,1.5092239045904623,1.1661553317273967,0.6887892318416131,0.9026303180550481,1.2910278628053387,0.8604020982873398,1.0687567922145067,0.850592014928579,1.2490191898847514,0.7677605241208016,0.8663761084036643,1.516035933819568,1.048863499723311,0.7283311756294201,2.2503211843775386,0.7798730544585947,1.1095583155333393,1.1182085159085537,1.6539315057609538,0.8752374335138822,1.1943202679974074,0.6247108351108486,0.6443913422683586,0.8720077643643617,0.8623008958168319,0.8399098193388063,0.797118000512127,1.4011465471858968,0.6175237692851354,1.2154967849572371,0.9475633148940894,0.9402504838799175,0.9707866420535579,1.021672698322591,1.0609389184833984
S02_left_hand,1.1359912863632604,2.1380105748616915,0.5893554748730374,0.7760475078683181,0.49596835689197344,0.6230846077887369,1.444126890278951,0.6435849994808234,0.9896208789457144,0.9413954075213857,0.87902731737363,1.5729169529016638,0.7831719148963134,0.6396633716251546,1.2151745553317017,2.3809819399960075,0.7719614475651196,1.0594697238172086,1.2192023537694145,1.165974614577641,0.33050711393737425,0.5673178359354938,0.5968785946280403,1.362249323569634,0.600087635219165,0.8220198725340959,1.1835415077702323,0.618303726061675,0.6173203642771915,0.7104913879110616,0.902426631798906,0.8352647000205731,0.8624099009641397,1.0541669158188787,0.6507356958257231,0.6213371212631011,0.6964866423065025,1.6979361513576958,0.48995634280562217,1.3875381254271018,0.6534091192537448,1.0534774514909098,0.9652326668482198,0.7818563714461834,0.413813948397899,1.5101059383541624,0.8349060331605825,1.1052113030741668,0.8535462407783783,1.3169479621373688,1.2422820101666994,0.8188731492000688,1.1271459840080034,1.1002901645441325,1.414327149978431,1.4349029874170398,1.1799672031979629,0.7587892885544726,0.5790244816690098,0.8005927166559781,0.6933608032776803,0.9891487379734305,0.6824468868058329,1.0741438437985515,0.5269596291133205,1.1295111591756744,0.5365589541171194,0.7082165859645757,0.7620937045130056,0.49056286500404006,0.7214367908073805,0.7174603377626687,1.0557120977381098,1.0342078420491212,0.5860724202902944,0.5361649726475826,1.1012607497030558,1.1323487263538574,0.695123451835665,1.0766580403575658,0.8578674011256499,0.6424994584174661,0.43403030901946005,0.6173907053225072,0.7688287927484913,0.7224207112082563,0.9221779246989554,1.5460233846566602,0.502497845442696,1.161450665951755,0.545721721814125,1.2527497476795502,1.3544385983289136,0.8729655430198521,0.8578858569230425,0.577893668778381,0.703917169314106,1.2314192875201793,0.8740921555921077,0.6960716570386514,0.7219894407588361,1.1804261731445305,0.6005620967604872,0.6274829438068464,0.9173629693963059,1.2927137065141738,0.6832254205022684,1.4074048509698878
S02_right_hand,1.0165194000696627,1.5142017304748134,0.5526295855593025,0.5701948820029292,0.7397511336935677,0.8110363744374103,0.9767595807187428,0.5076908957039732,1.010388080155731,1.156313263173386,1.1106841207025546,1.630821156841081,1.3178631764042918,0.7318547332780799,1.2793371115766545,2.4999485277354303,0.9414332165466013,0.7086581535393695,1.0077061560866638,1.2979121619839773,0.5928029480171215,0.3901387308683369,0.5264299538025767,1.3117710383347143,1.1544394698588953,1.987100837670956,0.7786533483506244,0.4135491316593327,0.6824122691993599,0.6984880730644638,0.7686363095587847,1.0995080835344446,0.39902865348114064,0.6339920132111341,0.5074535222687625,0.549677712047977,0.817490536404882,1.1995703270483868,0.7280551439891553,1.1705484901800705,1.1966152560835084,0.61413623593104,1.1733281530664348,1.1039688857619328,0.6702000784875752,1.4591274271990342,0.8386971744517494,0.7941910106298391,0.7213048676151043,1.135441590525616,0.8797717956577816,0.526201765616459,1.3304751038718365,1.2922896789991514,1.317707371983709,1.6453896487729103,1.1560292338122735,0.4953004676697833,0.6401750202598064,0.9668466877147478,1.0747831795897185,0.6704597124718709,0.7748205039411885,1.0750386367406797,0.8821102280774766,1.3389624402791818,0.6147717973153219,0.6098858069411267,0.48003342369198027,0.3476366381222935,0.6837153487751554,0.5569817692989968,1.1130464955637387,1.203876044480729,1.0811988122423752,0.6519165000820903,1.0495008348017194,0.9285479533555396,0.7148254891645327,0.7096733763292794,0.632645566798223,0.49962690895496187,0.39899915389298113,0.4233167840375546,0.6046556376477829,0.7923646167894478,0.8817571862381381,0.9002903721630118,0.6669669322148679,0.724644270926041,0.7320840510670884,1.421009496717714,1.0017380858158473,1.2312189706391856,1.1669287126599202,0.6316646538143396,0.7977778640609191,0.9646282724695516,1.106119879032782,0.7453976770792525,0.5339549539330565,1.0402663276737323,0.4883719262427455,1.1441022452893177,0.8257798941565814,0.9664771581793008,0.6526799144133101,0.8101939349247964
S03_left_hand,1.1988297030629953,0.6810780639946288,0.6415733959724675,0.4330398222404599,1.1203489963125206,1.0366365636568475,0.7041369254995211,0.6675554611164899,0.7483770007143381,0.9135648390873187,0.9454265997917004,0.7218852501241142,1.1703009842139462,1.0486141633912123,0.7934264574617991,1.206328988506001,0.7955987111376639,0.5246974165086471,0.43529640594982927,0.9144980136621819,1.1409409573976923,0.6945995494732708,0.5593858317689067,0.7689402860456278,2.0335513399164467,2.1207261513937636,0.651397462877967,0.9117743494917776,0.7485267483271791,0.6720823865562353,0.5263709363710564,1.235311599848719,0.74578855996888,0.6707709107412297,0.8832590801482062,0.544316233601956,0.7658095712466132,0.8015269214067254,1.1460921739283336,0.9165412712543732,1.423352193111367,0.5255756236522207,1.1593597562314997,1.0014480996745287,1.152457193469974,0.6437500246448689,0.9260975799147806,0.6708919175225301,0.4063710512335043,0.582375976127007,0.5002395535064355,1.037574462168592,0.9693841288442844,0.8160781278171418,0.5352884461639078,0.7967259384244066,0.7333856982678308,0.5624100542143445,0.6759208081051644,0.9223120092741093,1.1517792186512577,0.6741042676124736,1.0121515742110219,0.8628521303028096,1.1169546234989607,1.4285994628297007,1.054473614439053,0.6753755292285006,0.4642831407597221,0.7105585632418892,0.6813023202237081,0.6279713857154626,0.8511690083214,0.9122380092350016,1.455137231714816,0.8441616803753527,0.6050835724163189,0.4691909704943054,0.8385920668138783,0.5641951082885057,0.5992042446946513,0.6619655455748696,0.8302531386754924,0.6581376364213357,0.8792542588001246,0.6539411327124893,0.47571252952499604,1.1056175877784826,0.978397286519177,0.5705925995973932,1.111715451599904,0.8054417371992965,0.803024239491404,1.6135174267257613,0.8096764563097061,0.7294649943608835,1.01911753252565,0.5543520160006504,0.9887938409613549,0.7653225906054317,0.6482197647783378,0.892187624133712,0.7256522034817854,1.388094865419273,0.4359939948730083,1.2883625833326193,1.523865003934651,0.6492197364659149
S03_right_hand,0.9190050361452594,1.190201868608701,0.5727388151081114,0.4892003960066771,0.9252198749606011,0.8864245548823352,0.8933489302374952,0.4897933416348238,0.9361011848818659,1.0609829455279203,1.166314412779969,1.4364424038760883,1.4096010998008197,0.8295167145244342,1.1830354549840782,2.371111832928471,0.9320026660592908,0.6193437664685205,0.7648087301917103,1.048963988140296,0.7706333880977679,0.48149290973280295,0.5762184629324212,1.1378242013421833,1.4293097737299445,2.414440859211877,0.6483909824484165,0.4962221558039662,0.5933914287515218,0.63046929618037,0.6350837983766867,1.0637572810262665,0.4683080096337429,0.5806106143088847,0.5305158104205625,0.5030349216081694,0.8063978317357818,0.9814104819097411,0.7724418947230334,0.9158773883946141,1.3976558817027422,0.5352712035669058,1.1594410225214287,0.9501873590246128,0.8128537436166412,1.1619715273825615,0.7179839812541268,0.7368495231271537,0.5803799600288719,0.8742334411044379,0.7161025731093705,0.606886840449957,1.1873043780642738,1.1478963121961732,1.0494446355988138,1.336688178042846,1.0842353812799321,0.47518462548035834,0.6009652074459212,0.9066681614871634,1.1571724642005212,0.6200700037504865,0.7906118254156564,0.9396792427590471,0.9711768723193432,1.3549686191478825,0.7175089425534825,0.6093070935763604,0.4063918165785668,0.418741374597758,0.657521298357721,0.5651158092424585,0.9687033886073122,1.0373259336981393,1.164454444035084,0.6492907139512294,0.8107980830256003,0.7193023944439849,0.7658026898963886,0.6028283995172521,0.6320169303996754,0.48480167521664397,0.4258303875915648,0.4932233644710157,0.6707546921116841,0.7216339266835907,0.6594489059663103,0.7765545877320599,0.7996392826538411,0.6096690335410333,0.8902791886453478,1.2903954687792925,0.8548386540005928,1.0420689579341331,1.0614087162309531,0.6253785035468961,0.7558481317442347,0.8102962328589569,1.1823086801053895,0.7359822209382851,0.5174524539297964,0.8583163567361548,0.5135833558779653,1.3129199856538274,0.6894985436085143,0.9977693606425762,0.6994752171061456,0.7665157843509237
S04_left_hand,0.7653457475851841,1.3612843494893836,0.40889308443265077,0.484638854974538,0.42687360542794706,0.5650690331369995,1.0044906095202808,0.4438305930531626,0.652864591388292,0.5445735713506022,0.6841354921576843,1.017061776927987,0.5498504644436555,0.6060230048238949,0.8179994514538913,1.7651345533198952,0.46157084446624946,0.6451061103790844,0.7594137135796546,0.6668287833439965,0.310164809841228,0.48676658046755156,0.44664327605664467,0.9268549337262588,0.6735763936863384,0.7634883978146945,0.8874341592712947,0.5280900288539611,0.37959685712749575,0.4626956948704899,0.5250123057474709,0.5005069836398552,0.6654885734848323,0.7668073349090352,0.47064315813415164,0.3659136171233956,0.4718556804409983,1.259181885683652,0.38685384419944513,0.8862157526843664,0.5964997943019742,0.6932937178599033,0.7571668093840832,0.4659433402029022,0.3898179083360867,0.9155249889007286,0.49702465207992785,0.7311184415480972,0.5411310753652432,0.9038228255934229,0.7843889304109475,0.6396684954401658,0.6589389442009839,0.6188246184991402,0.8263136639794428,0.8360416647682675,0.9116808603879925,0.5640273794320045,0.3653375087673039,0.5531416468712614,0.5488747900756875,0.6565052397959154,0.46186439584834066,0.6531861560774861,0.474244316043197,0.990154650888684,0.41536208959346516,0.47643039017860156,0.5081537617983118,0.4170533998803073,0.39159781839456465,0.45896362434866,0.6421955081192697,0.636900059714889,0.4376993280375198,0.3824205171907816,0.6471563539671036,0.6654055341758355,0.5424327446471218,0.6888130610599406,0.5987868429472951,0.423910726175027,0.3717930312246258,0.4791266195357823,0.6749365307900047,0.4876646448855904,0.5456228967525917,1.1343876897579617,0.3982119278284384,0.7835799085099517,0.5240564727256699,0.8763428616016354,0.9912198592624627,0.6047647104129944,0.5358147353486128,0.4221699361378803,0.4225250745029935,0.8315372137123135,0.5652949196938818,0.45241500761957687,0.47554642408566916,0.6874691771633934,0.4191958502392383,0.5671677748032286,0.5802345236149664,1.0636184803139737,0.6054540248582236,0.9795098690021125
S04_right_hand,0.8318908074566014,1.3033452296195507,0.48064224798315025,0.46091968515614357,0.706043216151629,0.7549917349085853,0.9077649479361667,0.392785525920438,0.9131123814012801,0.9255086799668644,0.9885528544858887,1.3944741382406236,1.1447999242581872,0.6433334835582215,1.0729658602296135,2.2988365154731216,0.800284660733707,0.533310757311244,0.8741393534326829,1.0480730142253265,0.5210685194840302,0.40593217950776794,0.4677088475128047,1.209831106060878,1.1478146882710745,1.7458380884896092,0.7272518466262953,0.3853607165388252,0.5063279291942047,0.5501397654945736,0.6000208260360655,0.898575329878487,0.3840266573196721,0.5323006369456394,0.37950694947783026,0.42088634410454495,0.7153782062374812,1.1056145402366602,0.6307277018974586,0.9443131389382611,1.0706010161687445,0.4673219832679987,1.130323849420729,0.8630701779400044,0.5822376092708741,1.2365584367286668,0.6744741825703037,0.7441204481729372,0.5839970493944343,1.0370224140685522,0.7657408910147327,0.5653483229790202,1.1447892234941102,1.0946449370120035,1.1026973622353897,1.3483750771293708,1.0329097852840785,0.47463211869542665,0.4917936615709995,0.8948737637939501,0.9832709124824209,0.5867523632906716,0.6851570236531157,0.9355102047765406,0.7469414368110993,1.3314732758857164,0.5988006500438666,0.5282502974346341,0.3960047770431463,0.2887800692321909,0.5823153296072104,0.4434225659184491,0.8490683109863085,0.9701766898512096,0.8248381375352395,0.5447875796048186,0.852763158095189,0.7193225948514518,0.6953600158922523,0.5993575874944934,0.6223170403827061,0.3641279332105122,0.34581507470907713,0.37339890184830193,0.5804862490383756,0.6397095736484729,0.7271525606546171,0.6888456866330797,0.6214230368032853,0.621809191394244,0.7395635071533954,1.2133943095770188,0.9835074215163807,0.8850183180919924,1.001393513986708,0.5999979264359251,0.6075672650954256,0.8981882876244032,0.9923950003740332,0.6543689728160175,0.40661171109283445,0.883079182650347,0.38889754365092016,1.0378955099705813,0.7296610179906131,1.0853460284152812,0.5491725111455902,0.7223159028307111
S05_left_hand,1.0066787975134044,1.6997119949303123,0.4642722998383062,0.6200796085956465,0.4727595695013815,0.6204611954159307,1.0014734268810161,0.7014604191886031,0.6432966013632748,0.7169373086829369,0.7494287875648965,0.963990903898468,0.6498606530818757,0.7807967737658066,1.2432829097948241,1.4574173138761812,0.49348300897943154,0.9759761317931667,1.0114952361570517,1.1474223071566376,0.5065582051585951,0.4828241975772302,0.5880392357343991,0.7802662201741859,0.8222410153650326,0.9448031615119236,0.8872843135329515,0.755256875341435,0.6285645141147855,0.7940538309051307,0.8125216683547529,0.6472164408059051,0.9553113923652686,0.9544432162527781,0.9032280906302146,0.5572909431233772,0.4976267291839921,1.2574752338545354,0.5181460318760747,1.1988168105085317,0.6520741882822015,1.1867074471800083,0.5869776012389077,0.6493585455273235,0.5455164448128059,0.997383032948947,0.7417437496954773,0.7521519764489385,0.690098891942593,0.7430168577706749,0.9443423609093395,0.6971993385172431,0.6756260662853326,0.7081424903673581,1.0687845787073853,1.1073447738484223,0.8607171079344798,0.6560365279545296,0.6005858671783931,0.520066581353845,0.45740914833320984,0.8951875739707942,0.5634991048198571,0.7362523762528052,0.6417918013702686,0.7189605440647001,0.39749846362981567,0.5623406802172459,0.7825375001614627,0.577276559715646,0.5434812905251775,0.6083280230296111,1.118606488847885,0.9944347380112948,0.7928043125787321,0.4548062592733441,0.7981479202369058,0.9224672828295484,0.49688710856344015,0.927924641572508,0.57948283667808,0.7271879433698875,0.5257422025283511,0.5418825731697735,0.743023968239993,0.5734714841911679,0.6988859653815672,1.9247011826637832,0.3963235351034973,1.0025534277278645,0.5709894673201822,0.9944700611878913,0.9558826815729711,1.0961631689414366,0.6169802914239294,0.5001342990326443,0.7861635500614019,0.71586248139872,0.5799935275720117,0.4799842932291324,0.8609341046054583,0.8546696393599741,0.7713330194577501,0.5982856069122059,0.672980181126583,0.889323767010895,0.9549354813627104,1.2653220931750604
S05_right_hand,1.4499191189809895,2.3318609174017633,0.8076565210377098,0.9179747613765067,0.7580507029842307,0.9513731919656272,1.64642708006093,1.116835370075262,0.7708504274044222,0.6884782602157603,0.8496546027429728,0.9221798062682182,0.5315892736738826,1.215471070249648,1.214136716287307,1.4553399649395398,0.5545060758275946,1.3984726112381098,1.1330535283825685,1.0416242991086544,0.7271012208912165,0.9351100437295115,0.9220174590049872,0.8352514325790119,1.0923783415561286,0.8325105494615894,1.5738945150021608,1.4253432800139998,0.7820600625735675,0.9305420810641908,0.9674528998010814,0.6775199924115631,1.7840912678354985,1.6949188611286052,1.3588540726818519,0.7639049245301759,0.544192934900491,2.058891096075954,0.7149560430184826,1.633320031183068,0.7457496161377093,1.6792857054865604,0.659516163497952,0.589501850169969,0.8100842457912114,1.0026309211275868,0.8882376603059507,1.2591005752432027,0.845568617487826,1.0233803194312163,1.398912755442023,1.3853132720852308,0.61822533371228,0.6348838019143364,1.010699338701412,0.8995312429569325,1.1183087129597493,1.1311244892447647,0.746365754404315,0.5826410256670504,0.5458224929951141,1.4154902450931264,0.8198775055951169,0.8185275755426756,0.7978145216453029,1.014437624764051,0.7429324316613625,0.8567031135264269,1.185973889463392,1.0966238290589658,0.6396871946212286,0.9433927736432637,1.1833418788590484,0.8167669798061863,0.790196152341504,0.738455616827322,0.8210380001786682,1.0884365526861965,0.8098451933758518,1.5052808758888883,0.9502664824079298,1.1030019210131172,0.9610640712227414,1.0134299389833556,1.352027842601399,0.7602950068492381,0.758720950353905,2.886455185074461,0.6531635129814951,1.6139538513367684,0.8786061023908315,1.0112824767976112,1.580176283077167,1.0825734053980773,0.4811002177971936,0.6754161746297825,0.9017428010148542,1.0377467653441605,0.574019203557631,0.6480766382643282,1.2426966605410343,1.102315694270379,1.1162195676908853,0.7139594309904252,0.7769406472817953,1.6157316149749776,1.560371010337048,2.0990070350761183
S06_left_hand,0.8516894079108684,1.0587773770284452,0.5598922992647044,0.4306594916874335,0.7566686511775385,0.7759215641264996,0.9944470365489224,0.4769142933969697,0.6694457095158651,0.4824782409382326,0.7740247789115215,0.8403213399195333,0.6494184152274765,0.9553071669885994,0.6302584503247353,1.5362046875461974,0.5653391878717764,0.47063487615482086,0.5745882328257527,0.4821998794039061,0.6263383359113022,0.6736882464654838,0.4477840004659405,0.876894937005867,1.340893162150735,1.0944778422254304,0.9351965199429771,0.6595024060670238,0.37609340509320766,0.3903091662367665,0.3765294738832403,0.6225314283966726,0.7450273821242384,0.7689932606444876,0.5310991218416644,0.37867185189207786,0.5244237640755993,1.2073250655924002,0.6336618018372926,0.7634439335444775,0.9101744475330991,0.54132622246095,1.0176979291888508,0.47425885972335424,0.6050298691680606,0.6874353647987792,0.5024285112474777,0.8516566776126194,0.42602587123337476,0.8981194784634318,0.6009958288165869,0.9677322917043445,0.706749656503675,0.5629915769878581,0.5457154625614143,0.5817829818135443,0.9522057258829392,0.6033811617264729,0.4157749794689848,0.6705848243575677,0.8395789068954264,0.6115784733767174,0.6804673600842006,0.6533421275730198,0.6420682977401647,1.381946628124262,0.7368526789029417,0.5635222693692561,0.449105060019241,0.5759868150544855,0.4218583510545758,0.47418302559530034,0.4771471125589957,0.41702412917363807,0.5523987425230293,0.5891216275978832,0.542289333818278,0.44659341664330116,0.7351745318154729,0.6004174822074938,0.6856291192149259,0.5025460568298731,0.5996357796335461,0.6555023115381706,0.9296956446095481,0.5266177969491421,0.446175186014325,0.9158511140192735,0.6530227219354321,0.683618081094923,0.9068598187601037,0.7281718007962953,1.0947048872491965,0.608149146286638,0.5504234031686746,0.5752047190839866,0.42352078662755266,0.8280974753584843,0.6124763783170319,0.523043439578934,0.472560919752279,0.7152750160533181,0.45763204874495084,0.8663666342745195,0.46328009307617685,1.3983851119234976,0.9160650880624827,0.8831192060414801
S06_right_hand,1.2145677552118994,1.2946220204289225,0.5091377679939031,0.4132267450293327,0.6580049204479865,0.6724225926394327,0.9293248171870555,0.5871848696750087,0.5636313895666396,0.6898982864454082,0.6282018998423752,0.6692959637875641,0.7254329116971323,0.6758947951750779,0.6889332887108066,1.116138749433011,0.5380047917164624,0.6943918801504015,0.5800140570675393,0.8972088059656755,0.6679039492620626,0.4904318688591086,0.415337739437455,0.7441915341635147,1.2465869172021977,1.1883290975705094,0.8531876076482009,0.824606875997483,0.551937962275388,0.5163116249364003,0.534258803167916,0.9537878349200534,0.8505506483175025,0.8620263429507148,0.7538952420990795,0.4694487062431133,0.573393554718142,1.1338058162428766,0.8122366492017413,1.1761349748470722,0.8081036079763259,0.6870693423026721,0.8028463738836936,0.8059051132635159,0.7074312090845782,0.7143159346660778,0.8413677251483561,0.7146298591229588,0.3914189919820821,0.6787344876270756,0.7516130960821187,0.8876889526060774,0.8357418910958451,0.6811079410957531,0.6467149394028501,0.7780943320100121,0.5883967228676755,0.5182844255977345,0.46981211007895707,0.7424523094824086,0.7248131676777766,0.8211332650721737,0.8035784525384979,0.8006507933574771,0.6905640266122689,1.032686477730706,0.7129257351286754,0.5430644120408357,0.5083797205676845,0.5559539055658882,0.5233476625613621,0.5607560043861775,0.6608905129772785,0.735147899383137,0.9108981448321396,0.5584024522123169,0.6649698043183614,0.5565692279133514,0.5404700928752048,0.7547225655771012,0.5773430901171605,0.5489108483438901,0.6179015593301959,0.5047470076795363,0.6823841541859245,0.4733477076827067,0.5436427831520699,1.3877904774668381,0.5982179905707294,0.7774038263014801,0.7299561982364348,0.6733560422268765,0.9774807009667845,1.301005119188791,0.6232969718714622,0.5906645156224756,0.7961694994496741,0.6515055143150391,0.6308598040314398,0.5035048306314649,0.5577736603098518,0.9646764474870029,0.5868014586553554,0.8210380198286373,0.454003059754347,1.1162869306879581,1.2533613869571447,1.0849538715469669
S07_left_hand,0.8910096625577785,1.2803084882714129,0.4527936009800351,0.47704739127176665,0.547340958728459,0.6543338164128443,0.9644706505452438,0.5571677115149333,0.5637699929119933,0.5418346075663524,0.6395683816959898,0.7832243381358905,0.5193866994686878,0.7675718095857004,0.8008254427060505,1.3962268753639395,0.4438446018839696,0.68317841862011,0.6826846541016216,0.7059217483078017,0.5342780962788114,0.5732515975731646,0.46336763020914634,0.7049571883704207,1.0224250238251937,0.8613397160542626,0.9235551323905915,0.7415682551355581,0.4659293805431923,0.4996746091022741,0.5204247654398969,0.5622883757777655,0.859266375848565,0.8353071344099643,0.7151740749649343,0.3988681692914637,0.44123479155322104,1.231127376046887,0.5542741493844228,0.9287338707454195,0.6702615214103642,0.7793335442501338,0.7378679759629003,0.5067596729713263,0.5876001571037412,0.685994392733238,0.5982186932092792,0.7810028434448099,0.5171603623911728,0.7716032759066472,0.737752900076663,0.8168289349545308,0.596332965714704,0.5263629394051733,0.6891210181596655,0.6683179738290969,0.7957387505795124,0.6000359069859049,0.41820302000131515,0.5189503008656443,0.5941260652126819,0.7074951986664207,0.5812747750677167,0.5933576743972612,0.5400062403088904,1.0078292029872795,0.5594099915936019,0.49161934413271363,0.5863768056386671,0.545489380275005,0.41082986471521993,0.5062118503004174,0.7000372925417938,0.6270275914004851,0.6131023222138441,0.47382991544194936,0.5759281641177264,0.6074455908809098,0.5450271077252659,0.7122528033512777,0.611638340798081,0.5767157442419462,0.5345773670525971,0.558370502336243,0.8359674832660511,0.4800973857837441,0.47157246911973216,1.4457177282159344,0.4788928366780158,0.8383050900292304,0.6916520900594236,0.7410971259658251,1.0145709874903026,0.8886318124197268,0.4728726620108793,0.47364613189375443,0.6092269269927288,0.7533458712769362,0.49045407382165757,0.438383475080539,0.5847031904021702,0.6836049480605205,0.5603093620235462,0.6438817110071248,0.4929393052230919,1.1784477329457446,0.995705680299647,1.0708309829037852
S07_right_hand,1.7076560771694156,1.5487371038334008,0.7050318978585843,0.6058078831019685,0.8353288953984481,0.7678364176771751,1.1947434254592535,0.9853546372837527,0.5830226069246706,0.8267175412077209,0.5815401914965145,0.4993345513197692,0.6845221665322476,0.9097862376321737,0.6594356236962584,0.7095498761739323,0.6444249471777832,1.050462215267132,0.581988471721401,1.1057067452304392,1.0058900354933986,0.7780316548954115,0.6647394015553933,0.6689407071391213,1.5373100562636226,1.2130424384256,1.129306582187822,1.4233378459741484,0.8673918009384954,0.7510285038408325,0.7464563789083981,1.2872236688440173,1.443200554357373,1.329782142202166,1.2727068452224037,0.6846621809793083,0.6899234190687776,1.4484691759487986,1.113398913423878,1.5523399840667118,0.8806140029688022,1.0748223159698045,0.7510374083354403,0.9552496777360298,1.0453327912959007,0.6614156617439954,1.2246865760512553,0.8863362015835887,0.47069300148494086,0.6217419114681155,1.0084810594993168,1.268292084082908,0.874875764548252,0.6565061012480442,0.5021042859941315,0.5862628378891438,0.5158419766495551,0.7910152292370637,0.6579424030711326,0.808698855784185,0.6830531035991029,1.2322963056431,1.0759439609789043,0.9097379745771106,0.9337153698062194,0.960790459191543,0.9295625976051972,0.7661171779649967,0.8106102955636307,1.0081945833208892,0.7396538417950391,0.8783215081539774,0.8070651856916412,0.849620449951872,1.361532438607958,0.809161439113487,0.7508246366227028,0.722357094208264,0.7107496899300101,1.158302711057722,0.7329971287087743,0.8948335539004918,0.9973142688897876,0.80474980655519,0.9224734797712981,0.5681755168488303,0.5893994526157389,2.3134156259565035,0.7614859702213587,1.1613149388170427,0.8833847924095508,0.573710587288083,1.1411061185442093,1.901200854588959,0.5710185863681767,0.7049723318898458,1.304322871219362,0.6728649137108369,0.6991755354407146,0.6856633645517138,0.9636164797141007,1.2421522868640662,0.9568507319012954,0.900687193025405,0.4847627749284183,1.3916432806726986,2.058239753681965,1.5525997998577694
S08_left_hand,2.1965799230124543,2.2297444749515445,1.1653271075973624,1.009103607612391,1.1084393460217155,1.0931436245316033,2.025127463640784,1.4926459162990617,0.849901862601113,0.8137304251536056,0.6742720749748503,0.4883190178563779,0.5390587897962619,1.4308884609949923,0.6235395119371725,0.5821388070243396,0.7859736567921654,1.4600383420100147,0.875311000383797,0.8940569362796539,1.1783645453134608,1.3011790391752474,0.9442260257802185,0.8169379830443888,1.7715288817702008,0.9194463967168992,1.9029306964534096,2.0064617317166045,0.9811491292056069,0.9023208794402225,0.901193815786822,1.2034068499120307,2.315601700966793,2.1395728893554797,1.7103489288753408,0.9490862484637133,0.811590954672919,2.474945049210548,1.2812678056760871,2.008308263239647,0.9491265885344327,1.541897072973874,1.0341565747301062,0.855277710554056,1.269319245783138,0.7276718337797248,1.391756625191898,1.5909135231625453,0.6829891453950898,1.083560576164308,1.5028650811203876,2.115529343675659,0.9854497266285809,0.6627109348395327,0.6182772054110467,0.5018115858868096,0.7953559817761565,1.3160240002741046,0.8313144399152,0.9997726732838699,0.8982672844008668,1.7836177356047471,1.474891662672366,1.1164652009469644,0.9994811619854245,1.49149740861256,1.4260317005921654,1.2203557642071723,1.289315808268717,1.5405517996717726,0.9046427451023664,1.23871392064694,0.8330399158691467,0.6914405245824732,1.163715375057278,1.201177857081561,0.8457168414824832,0.9452357742839254,1.1738220517318274,1.7915526069826009,1.2623517250236678,1.3240880494874785,1.45537741887154,1.341434173669599,1.604137139585243,0.8314341055778784,0.8487973368492379,3.080944467635273,1.0761356751371767,1.8758969717275749,1.2812506320660317,0.5359076034808758,1.964157186158329,1.5477723420338023,0.5765981986093316,0.9989545234985223,1.306989032574201,1.1491921592092431,0.6968688748060909,0.8878234637085957,1.3038451360836543,1.5703135553312497,1.3927414937664981,1.0585973262665256,0.6921951830407809,2.3423728324707764,2.548408806762921,2.425768309511303
S08_right_hand,1.935590875088028,2.52449702838077,0.9868046177404776,0.9101869391054375,0.7717646495880045,0.7703404404839505,2.104909870403437,1.1781886567765416,0.8652256053150528,0.7659199171917184,0.6045318920951183,0.8290911352968271,0.502192768710513,1.0193612540908608,0.5227476417491085,1.3691780024500249,0.7320086108606164,1.3213843375775236,0.9596819496183737,0.7972803152857227,0.6779742603099637,1.0704705760646154,0.7110490622285262,1.1436366451875202,1.1505226142267044,0.6145982180278173,1.9221032909163265,1.4876964893892322,0.6431536124992603,0.5744573099210479,0.8021698501728509,0.9486967482743467,1.9482540590266282,1.9634597509948168,1.1522854425706068,0.7797939527704281,0.724628663891832,2.6353517475156756,0.8977410819385201,1.939966026936845,0.7418010205422035,1.3111963159410596,1.0720356850783574,0.7050679330125961,0.7578173146817666,1.0170071787281918,1.1694183175973683,1.5750515297768526,0.6325557908074066,1.3256300357383923,1.5731819202652597,1.7484228954754477,1.0526296933247543,0.7505590863147598,0.8386156516824421,0.7307941254846194,0.9430499721062906,1.1549212878355777,0.5045531403254424,0.9979528234849396,0.8232661837800848,1.6272215502124967,1.2297415314932487,1.1227344560390633,0.5480288379510236,1.49533250168499,1.1184035398796819,1.059878745402794,1.1065499211091179,1.1592525790735808,0.7156350992798576,1.0343251974084824,0.6249476845086759,0.5538613095947785,0.6034422651161748,0.9190062802618897,0.9174739509943106,0.9849521820352148,0.9689231826495279,1.6757786602635243,1.1991582520101098,0.9900471632586256,1.0153649226436312,1.1071470451724794,1.317078327240032,0.6937755475635701,0.8758702484453371,2.5722662813907395,0.7970476946668987,1.8055197277459123,0.9050103958477841,0.6878674711603249,2.076056274611383,0.9335736573173496,0.6508428484570656,0.8412400199881663,0.9109500581577455,1.3188460719997586,0.6367499990431773,0.7323253084722007,0.8836665966746948,1.490536270238673,1.0213750891665412,0.8253748587010882,0.7873012052770314,2.2749741623690714,1.7544120875362623,2.4186731182899632
S09_left_hand,1.05346917033826,0.9753986486677834,0.6515709439628322,0.5598250794359928,0.9226768812309557,1.0501966277132757,0.8031935846411343,0.8409809772618577,0.532266513474192,0.6156845274242821,0.8181752355831877,0.4426641528222721,0.5845203120014824,1.3696034956879801,0.8833995862310507,0.7846329533705493,0.48309305254368523,0.7707094628290212,0.5381675420324612,0.7785347172565442,1.0442709456371804,0.794363786381736,0.7276792849963621,0.42262766619370506,1.6320668016467275,1.1278277106535448,0.8278596108714233,1.1278868248340719,0.7529281811189524,0.7964022163311543,0.6229224678827183,0.772142046900187,1.1193406572148563,0.8869542581928337,1.2454815553099154,0.5910810253849746,0.47857126112137377,0.9741266435416973,0.863798313590882,0.9225517598596411,0.9615064914788112,1.0279400740079199,0.6160307229670227,0.6143961530499841,1.0834567493554037,0.4590418806982739,0.7992775948729927,0.655007189635841,0.5488075953716628,0.49148902578081477,0.600228709664544,0.9890396107821783,0.4962317916588006,0.4478235269384822,0.5140175121327495,0.49785106831333376,0.7926142685893435,0.7533928031105769,0.7101235617365644,0.4972158536064765,0.634822582449243,0.7734571783415392,0.7539459264271361,0.529496286208147,1.0024039919200405,0.9443575750511908,0.763154223410314,0.5456565279502829,0.7322094676884479,0.8878571322494304,0.5377303207547675,0.6706720447666747,0.9082520330684523,0.7614785224266888,1.158111608892989,0.6780625685371416,0.46877397462581877,0.5647232029800578,0.7164265709875318,0.7678070429791706,0.6321164056117708,0.9295690824538446,0.911046321667774,0.7815980604931284,1.249638275962994,0.6072807097679523,0.4417560194623792,1.8801318126408606,0.7638425053137664,0.8070509674608715,1.1191486226508258,0.6796265757408027,0.8395022833831574,1.3726868951453066,0.4276691260039126,0.5903654789494581,0.9013011851607134,0.5106861392222898,0.5132736783131406,0.5658404146862996,0.9719521814925104,0.6799228670592605,0.9610266992924961,0.8880046354089772,0.41983750631442174,1.0954095845160983,1.6253810391655268,0.9861848824200588
S09_right_hand,1.039512238491254,1.1669333934361632,0.5516121346279536,0.4552572705084064,0.6210960217372162,0.6227718811928288,0.9702860479335886,0.6524293502321137,0.46898326731844475,0.43420763116297245,0.5141276212591118,0.5602751247568416,0.43453782062460566,0.848754028121516,0.5706931350622518,0.925620212010754,0.4244084687789889,0.65206027092317,0.5358253556822871,0.6205710951237818,0.6458866919663164,0.6321597433993533,0.4773555819472311,0.6162424174378,1.1662059349407923,0.7806968537418816,0.9290730679235265,0.877281441299078,0.4723060348721036,0.5068306084415709,0.4577202682558665,0.6667509434448564,0.926163066417082,0.897559428314447,0.7534287067873293,0.417340016022363,0.45571207969362143,1.2112013970225144,0.6280887160008978,0.945585667526317,0.665854264518716,0.7236621029052968,0.7120765837698538,0.5226304876877689,0.6466520878145725,0.5177839721991371,0.6457800911707086,0.772758379001788,0.4034524005749593,0.6799495250077413,0.7121586262889172,0.9700822557376093,0.5877333882974138,0.4723225169155907,0.4833609388925868,0.5294790308897174,0.6505047819107482,0.6129274015770134,0.4284105148912067,0.5769447224472348,0.5952256593617707,0.7725734420611909,0.688690987097381,0.5757191495377234,0.5910331703248626,1.00585803261174,0.702115382520971,0.5346266415532939,0.5710140069874959,0.663086301764685,0.42150867242246665,0.5424156616517578,0.5801578157046338,0.504124525210805,0.6841629692014973,0.571201608450244,0.49039461788391464,0.5033155014648861,0.6177270813255357,0.7462301696707131,0.616463504146486,0.5906603736938463,0.6514143968237036,0.6241334769596047,0.8510701245896454,0.437343238524958,0.43544392951928323,1.4138207821014772,0.5770433265146185,0.7957781023697217,0.7913277906334999,0.48285745769768623,1.0521036367756216,0.9511924526386817,0.43503580208940656,0.5221740879935336,0.6211304340479088,0.6614886817364642,0.4608974250494141,0.4538879974003316,0.6271626369787463,0.7480677463492016,0.643178746599785,0.6965394607897318,0.40966567553414784,1.2605122922781538,1.22733242455445,1.0559378676988813
S10_left_hand,2.061057601508306,2.051687390708588,1.1340626365730595,0.8212214153453018,1.0237568519489366,0.8435895343692288,1.976319301993193,1.1768581818894732,0.8383723642444141,0.7872613564830446,0.6085530738178976,0.6521154756762884,0.6804322912612004,1.1013978669013211,0.4645122092001492,0.933087543595722,0.8225548628477491,1.213905374893053,0.7364835590214739,0.8250980501839866,0.9761933723606309,1.1472502847392687,0.7405610083785426,1.1003148003404617,1.7933268269379958,0.8929248358474045,1.841969107684955,1.595448803631462,0.6755944028186551,0.6296572128363733,0.7445569572398886,1.303546694900552,1.8044760883378212,1.854193913422092,1.1622224117086946,0.7924340408042199,0.8973212918876096,2.393129923195321,1.266954208746763,1.8236503799545183,0.9750504508825707,1.1527269409124343,1.323222468724561,0.8712388194079648,1.0593427698163749,0.7798661143914352,1.2619924238376987,1.5632833573921823,0.5640913584610386,1.1903898405158624,1.3698200625951253,2.036221131963594,1.2049218860017241,0.7722824906219111,0.6331973243874439,0.599761580637564,0.7231085058418514,1.1314608417019212,0.5820980693520543,1.2386731420179875,1.1451212568164006,1.5786369539389513,1.546896170820552,1.1180681810505102,0.8184670862467347,1.864559595121565,1.5121764658274643,1.1451508111376234,0.9498942523632639,1.2424245673708627,0.79269768061272,1.1247571290126794,0.6327484060886909,0.610938471793348,0.8764947735743651,1.1565186652737125,0.9166998321734626,0.8117131679829176,1.1668812778521742,1.5565703380081026,1.2747565613083476,0.972281787676293,1.2440816715703917,1.218990936784419,1.28720711450794,0.7665496185781896,0.8236839406490808,2.1888502905929115,1.0777116837222027,1.5706078221825364,1.2055469299062007,0.5566936474544807,2.0640088133256254,1.1337129103856154,0.6766699551209894,1.017903878853579,1.0409053014553562,1.2798639510338155,0.8469450134599201,0.9208401432933293,0.9200658201641836,1.5468686543907892,1.0139457475812197,1.1515590112799214,0.6735274586967914,2.6057682903506842,2.1581427444411094,2.095588739716421
S10_right_hand,2.7158359336638376,2.770944781841708,1.4144458415627714,1.1544314621669771,1.2093311029260903,0.9994349572162978,2.5491713854517832,1.7239774324832395,1.012709850414602,0.9667177966708197,0.7099118743714494,0.5936014295721465,0.6811089228908264,1.381498736629088,0.5451676744141367,0.6810345411610736,0.989808270330532,1.7406827496719437,1.0169441400712242,1.0308660991375738,1.2627727842107126,1.4807685880492996,0.9660538756901096,1.111262072627862,2.0122856695082696,1.0069175144965024,2.3685521681428217,2.2790314608634796,1.0430194640191035,0.9324548342487412,1.056628633787274,1.5392370556587356,2.6723234240589626,2.626584494566795,1.778681893008345,1.1287844084542815,1.0375121844293682,3.130191063672262,1.5743477148747635,2.4709647860794757,1.0794892614526763,1.7170370498251686,1.3438178304660988,1.0495936057840605,1.326258126009839,0.9307683342851022,1.6840816668105059,1.9771838340035992,0.7496791284470583,1.3637736094702915,1.8318752256407052,2.5652672697354757,1.3307822954598882,0.8498947283433074,0.7028100379078192,0.6528092298445269,0.7865934093531629,1.5233282958436791,0.8473087347394013,1.3651123217339416,1.1946924312452138,2.2055595016849057,1.9170101976516944,1.3802623084727375,0.9978852243538241,1.8927191255895963,1.7897850138835176,1.5018882795063124,1.4648108350570246,1.7276406645443854,1.0813605969340014,1.5051333568999061,0.863858196110676,0.8173447372546192,1.2377963152413147,1.4931234690125526,1.1156732329894228,1.156328230755755,1.3772944904339646,2.2130160075257788,1.5763301321413097,1.4374759996698265,1.6566111346213668,1.5639144729189962,1.61200978928608,0.9482989737704502,1.0562043352709274,3.421332807895218,1.2690965185592782,2.231768047297086,1.3280631373214011,0.5487875089246074,2.5556537069266048,1.6347266200771207,0.764284645929397,1.2831450919258351,1.4893955711293754,1.4618823128146972,0.9544847293943,1.1543277384982764,1.3501092868719675,1.9639924173687169,1.5262354913096583,1.3487163406874982,0.8608635512678426,2.997129360083259,2.906642815718729,2.9886452038344533
S11_left_hand,0.9402596430036914,1.602677759608063,0.5683741341459947,0.6051072217828001,0.5580463700526582,0.7110257434411688,1.2266397670628788,0.6618892355370731,0.673059274093003,0.4911548270382855,0.6933572415446876,0.9318543083679095,0.47360776832595985,0.8875524562846403,0.8630876928847115,1.5222651737861552,0.428738257048841,0.831189268178316,0.8404489518692418,0.670993842058144,0.47590776538525636,0.6848863199789731,0.5646012224261225,0.8292521361868753,0.8758867636541529,0.6817492624414221,1.1007016776468284,0.8251018608105294,0.43961656035993424,0.5650215714396775,0.6052135267193102,0.47675877960516677,1.0579869917892748,1.0617533506487702,0.7563504060771711,0.456484628690008,0.419182803861535,1.486269112692095,0.4648943970008808,1.025291929448787,0.6516733905931088,0.9462458492965379,0.7230264050828921,0.3916284457980427,0.5306881243955348,0.8522603097082487,0.5686010932938487,0.9275346208819545,0.5991047167102731,0.9383453725783341,0.9430877995838958,0.9624808100052072,0.5949279420751676,0.5556170372304432,0.8086965335443996,0.7195257403461791,1.0082593727982776,0.7509847760736172,0.47633775343231294,0.5372857755314315,0.5353467435377275,0.8671567331220273,0.5518882447057522,0.6318293623326127,0.5417077833205994,1.0216883045225207,0.5557547190741723,0.5918584564297559,0.7166131630777198,0.6646571802362783,0.4405493650544019,0.5924893241198279,0.7207634884655115,0.5711268393792256,0.48327917786366353,0.46327493222658067,0.611652427819522,0.7180173385369031,0.6351980107474297,0.9144349271643308,0.7396322252471185,0.6309220515819949,0.5704965966849481,0.7046585283484751,0.975493996360592,0.5426928943091404,0.5451751182154485,1.6705364897474162,0.508574592784326,1.0134840087167893,0.7497367881611319,0.8160914574552435,1.1635352636245744,0.639227194941614,0.467649594523028,0.5119352149582976,0.5014017606327099,0.8856742703944818,0.512685634783057,0.4810157494909563,0.7121903128395713,0.7742110456733013,0.6560631668402742,0.5887800170107103,0.6102438148247643,1.3069010348416472,0.9415247274524507,1.3596138739622607
S11_right_hand,1.027485328285388,1.5442215601793483,0.5168668250657935,0.5392951566309154,0.4863371108757831,0.5508151491868781,1.1904056304509802,0.624974910803388,0.5686832304368024,0.4652246590314892,0.551524006798303,0.7138049516221053,0.3683342329329864,0.6994725415093428,0.6525755945892646,1.2502185307067,0.4332687072605021,0.7781349518267374,0.7057290022424865,0.6283134919999775,0.4311238610677942,0.6162871230946282,0.46809416862336295,0.7764650169588403,0.745532558816898,0.5513610405479737,1.0947470417532095,0.8211146948100713,0.4120601730433247,0.4712715869058079,0.524816258389688,0.5329133236002072,1.0284458464728474,1.0474446961174708,0.6710627314329938,0.4332130837626992,0.4259029247459306,1.5214909404919923,0.4707517567435474,1.0788565164955939,0.5342420025115635,0.8221900222121802,0.7168872741809916,0.4403780698490269,0.45991940745009546,0.731381337356557,0.5996405439343763,0.8884542551352608,0.47493907268750696,0.8611301526543659,0.9212249738205971,0.9489470411971219,0.6052758706171779,0.49716777312068006,0.6763459728770667,0.644421919831273,0.7681193124986974,0.692154610819365,0.3892803509008207,0.5656015599233493,0.5159910838650819,0.8782450260246109,0.6082063104932545,0.6574805490746455,0.4340800226915466,0.9709440006570123,0.5723203945667167,0.558382465858677,0.6639995415188946,0.6370799481137712,0.43485735860199787,0.559303167094509,0.5675350009110713,0.4864870883173455,0.39832903536075426,0.50401482721102,0.5961437003595756,0.6645987184254682,0.5693754404203554,0.9009618559254985,0.6771203695892786,0.568864964802595,0.53703971497579,0.6245741833091845,0.8209810921306029,0.4735820401053396,0.5441280604582089,1.550491114158097,0.4444966887910173,0.992896970745299,0.611592148916394,0.6492370685125384,1.1998535122327494,0.6413415284210122,0.44938113303822547,0.49756903613164,0.5117291854577312,0.835854810584486,0.45127078493142403,0.44369397150355405,0.6014649106192086,0.8295731017555596,0.5998979264260564,0.5265763037133476,0.5181721685702008,1.3266907884417558,0.937192857151236,1.3311281581738326
S12_left_hand,1.3406376007727994,1.5237104647487556,0.5417270308361647,0.7318312253069242,0.6822940012412279,0.8107337861189412,0.7968151449586426,0.9751703903664053,0.7976411586045778,1.2183275312690238,0.9411197989911328,1.0603529139068897,1.0389404402664373,0.796784766763045,1.6748285621024008,1.3060214350422996,0.7041229923141038,1.2346416028556515,1.12998557643401,1.7197810797041873,0.8597879165780606,0.45723832416224397,0.8206221605272208,0.6883835384693401,1.133248032734368,1.5274124022616222,0.6424725748864359,1.0283211221115998,1.1594792905613154,1.233984920976918,1.1848667485270197,1.1955136779497924,0.9564167838148967,0.9314934595559986,1.3402594799414964,0.7764092974258967,0.7420615902868607,0.8577099928586677,0.9669124062035529,1.3860660730632823,0.9201271575079397,1.4832932918569712,0.5322878501425433,1.1438043422197117,0.9658133506988252,1.1393094281160896,1.2154884807880673,0.5581946062275708,0.8713771892572849,0.49392691211184947,0.9093877246812389,0.5973121088758947,0.8607834152985878,0.9651736757121917,1.2815316990956644,1.402201948651689,0.750401517817555,0.634391007770492,0.999892416237069,0.6147601906781666,0.5884064106991628,1.0130876160319988,0.7942400841244819,0.9699457977663477,1.0503546662680663,0.5353376036747975,0.5317206816060027,0.7190435729378915,0.9293079122948029,0.6962836005331181,0.8003800661202712,0.8609887184240331,1.731866946305537,1.6530222837594282,1.717093428097836,0.6319135588053467,0.9664174323038597,1.174226720560296,0.49045863590745625,1.0595723812132172,0.5017874187978781,0.9947517126303266,0.7378863324181933,0.5023786723454182,0.6267310706865912,0.733878622495218,0.802100808415824,2.4656425047765187,0.6235870288953612,1.0250178138814379,0.528947059424627,1.2713448183547245,0.6091666525208782,2.269684669642424,0.7433881043799574,0.5521590610755741,1.4937027590748555,0.48805977348259644,0.8915257103664541,0.717463822931341,1.2363907143626907,1.0167010076124436,1.0813912243589399,0.8025241530998877,0.7412471287971358,0.4781842155017518,1.5790955782754759,1.10161986143046
S12_right_hand,0.6489440162504111,1.3998966901254903,0.4938537997828389,0.7274219350530324,0.5493601595443395,0.8198902526184622,0.8830170288687764,0.7445792772365503,0.7745487718420391,0.8131025089419275,1.0197160576695798,1.1534130664600255,0.7325429167407946,0.9235938776929126,1.5453393740882981,1.7848888260426743,0.5591025169724284,0.968173552030715,1.0928623380377198,1.0954263559968012,0.5313176457582696,0.543383889823666,0.7071944422262174,0.6777092686477248,0.7892227097448633,1.0424292895358154,0.7698262916780056,0.648094722643675,0.7115381085899243,0.96579182207714,0.8951534898160567,0.47459652036723843,0.8306020283356385,0.7856775598686432,0.902192762690987,0.609007303032195,0.5043715586248185,1.0299228311945443,0.41633317482316,0.8517944702078194,0.7699453261275143,1.2606280254407605,0.6183119494435687,0.5384070334597921,0.6703681916317105,1.0272541971902769,0.5982957625615378,0.691665643039241,0.8616174184682878,0.7641036167907147,0.7917921850143709,0.5286153530642449,0.5674450765543075,0.710262932163889,1.2188126084155102,1.1936113016426084,1.0366497089309261,0.7112037829599376,0.7184773666694315,0.41855629906379277,0.5355736216590266,0.6731131300852917,0.4117765663202535,0.6585943742056053,0.7557188799728162,0.7144300050853581,0.3656244127238869,0.5434790648930504,0.8223467734604366,0.5575497700744098,0.5451069172237614,0.6351849777801001,1.433542142646404,1.1941349937495436,0.8517765259405693,0.4703716429596187,0.7443805139624267,1.041315786870456,0.5758373307508501,0.857399994444616,0.6209343456413,0.835900992498398,0.4827682960276423,0.573657781324562,0.8668791166136925,0.7006899197926951,0.625473685196294,1.7990657449550873,0.49079819475217606,0.9098153705772309,0.6421783079636605,1.2151202184377026,0.7899364052639254,0.9896009828578145,0.547026008060719,0.4352755853159378,0.693081354663843,0.6993618022642473,0.6641227704567034,0.5802394187324881,0.9401603526782577,0.5997162645875965,0.818028941584394,0.6404064205994117,0.7102291765220567,0.7490950581109017,0.779970562232543,0.9964024721377349
S13_left_hand,1.8916292296472261,2.7110524396393934,0.6838258802840451,0.8640546836413207,0.479852771164197,0.5373643261309231,1.7599040405603747,1.1001849463458573,0.74741541159033,0.987606072401037,0.5314028004258239,0.9547348251601495,0.5839967211595345,0.6037755498921342,0.9194152091119594,1.189989014053336,0.6841032311169608,1.4752614490230243,1.1547662510223016,1.312834186887701,0.44567486735231626,0.6581027437485008,0.6858114521796443,1.0971732668423873,0.5320519764544773,0.621848353052492,1.4933516333724857,1.2809364961945957,0.8122011559074311,0.7852256723117081,1.0309121840813154,1.062112956594225,1.61758783554437,1.7605899699647836,1.0685654254548727,0.8136208748964467,0.7346877086422575,2.1557870048646977,0.7431860535387922,2.169840232112903,0.43771537210210326,1.4274977648842304,0.6573794588095265,0.950424803595094,0.5688673202052144,1.2708297543189297,1.253300764337569,1.204098459650422,0.7414824492092105,0.9914236851694884,1.5846680509278372,1.2112773625958475,1.1262500674940972,0.9690440824120319,1.126269760754719,1.2565356760238084,0.6428225437109164,0.8914730817450304,0.6186382640066387,0.8539098365546115,0.48917147008883904,1.5814175694249764,0.9726616287595929,1.1805810627536222,0.4944245528381525,0.6707082330222481,0.6777306918124952,0.8675206529602442,1.0882525934944693,0.8853483658590896,0.7413811770907164,0.9673057163897991,0.9806615849996487,1.0076151346055444,0.795762267074586,0.6887957178102381,1.1631502556655673,1.207825365419977,0.6483888786557352,1.5906682638933027,0.8721921388349287,0.9114026091063606,0.7647624156204403,0.7356816643377608,0.7632611366486814,0.6373463438670368,0.9979884789589994,2.647976808684621,0.5231830630579343,1.7034118370565126,0.44327858711379875,0.8469606241623769,1.5675876078128546,1.293170580009488,0.7236165841664356,0.6033310947371102,1.1245822146708853,1.062336562455945,0.6987705630597987,0.6993738555367965,0.9539190363186741,1.5698910255806517,0.9418724821407304,0.4620445600644399,0.8440688941893372,1.325892558521021,1.4101422652902318,2.195769363663597
S13_right_hand,0.8945319201996224,0.9121955626228159,0.4754211756770901,0.39956434764563353,0.6498387216929927,0.7092822488641491,0.7448777533445321,0.5231675162887384,0.5174727954979014,0.5854274991795978,0.644927560854437,0.6297196385150141,0.623036483119202,0.8511732629987134,0.6341899043533383,1.1190850086830852,0.4798851964122608,0.5572300050996514,0.4972985961246174,0.6313514437449396,0.6644311775871409,0.5259605383415649,0.42799338661013503,0.5913446674221683,1.1338926454901614,1.0497510657088758,0.6514088580416865,0.6765345736744109,0.4703060815528309,0.49935660716909647,0.43338476330071946,0.6692995406400666,0.6913202175887938,0.6307385088103125,0.6742795323226546,0.36429276585087167,0.4871846208698086,0.8574730743333734,0.6313466413120344,0.7810891384797658,0.7480290609632739,0.5896892907908828,0.6616939392717828,0.5914542945795235,0.7198069670290419,0.5616075555231214,0.6289485651711192,0.583745883392381,0.3766013909402264,0.6031419784718413,0.5462542210480694,0.7166073311880253,0.6523043523868531,0.5918345498972943,0.5546941719702759,0.6005822554531991,0.6833673310969064,0.4618986424785152,0.4436401837871428,0.5582437956597855,0.6569527426409653,0.592320541347916,0.592640288293564,0.5923511812461727,0.6580813945904206,0.8948599944130374,0.6097810905710096,0.47708396263084607,0.4437442533863645,0.5167589174234638,0.44038657965743555,0.4575660638844791,0.6448828879527647,0.5570915834639897,0.8064882415153395,0.5155255276080917,0.46168943590616246,0.43745573254263664,0.5470758335575738,0.55498623815546,0.5071873240574559,0.5758487103720095,0.5316262427583285,0.5082209570033774,0.8240013402850191,0.44832205067345393,0.3711494907112042,1.1254195532804636,0.5937449122256384,0.6224604225729322,0.7437831576436665,0.5917672048047268,0.7460150512337616,0.9621127407095176,0.49131706626744837,0.39834015797221534,0.6143050148059426,0.5533006681244541,0.573531990362265,0.4811210840123718,0.545894437199049,0.6735520867534087,0.5535406752728854,0.6802287116080464,0.33923609913548786,0.9343953752877872,1.0097048662536918,0.7655983994145127
S14_left_hand,1.3811184664853127,1.8508218693263663,0.5619516864435157,0.6176459896810014,0.8014613646048161,0.8143376549267732,1.0206774505725844,0.6364491001127891,1.108462520991554,1.4541240201296426,1.135647987741932,1.631299420409453,1.5767628691752367,0.6364819249666193,1.440012063951285,2.4004766959087513,1.12108136668259,0.9537927625009732,1.1273292601767577,1.707431969071873,0.7211924168841394,0.3883524859107431,0.6381711052703392,1.4761405056245116,1.247348063572269,2.2842418101691546,0.7759338808328599,0.5777351649961465,0.8468952171073163,0.825003737491125,0.9944354210086281,1.5443312319720541,0.5004608486367992,0.7702988010115325,0.6570287907322618,0.7046720805357186,1.0663905415712203,1.2053460427479616,0.9412848121060287,1.6062755748137585,1.2431166240582332,0.7508475079389869,1.1911720589210912,1.4666947777207822,0.8279564567073899,1.665051260163635,1.1369127048864724,0.7793782155455827,0.7905495150784058,1.0055895731458708,1.116193343142997,0.5373695569624833,1.6564829710798938,1.6080364748164373,1.4783988446718175,1.955761941012385,0.9372300334742915,0.5570938261015225,0.7532936000111463,1.1771504256284684,1.1227715957415276,0.9308335820897077,1.0024786829002688,1.3772848916279803,0.998155284228854,1.1699862297670223,0.6968787950812465,0.7231677464329868,0.5451625366459303,0.3993575607865722,0.9198983854833832,0.7133944166590646,1.2956489122471109,1.5273359274087261,1.3582889632929869,0.7406277591685259,1.3383326161279963,1.08151512781225,0.7408041889981005,0.9348959092447339,0.6666439042864548,0.5425241383280124,0.44611257059606224,0.3692124527018193,0.4297608096684185,0.8212775396949539,1.0799345640074003,1.1002747355175377,0.7635035932398045,0.8351946728764827,0.6991221642397065,1.5277313093607878,1.0060560163592207,1.5979101840621937,1.3832619866979377,0.7151601891641821,1.1506510886319876,0.9253258868790254,1.4195497952207263,0.9418568493551915,0.6769287056714206,1.4070727888052883,0.6000378985495118,1.251203159156741,0.9449498924179768,0.8466274565832097,0.8734983949300574,0.9671460880025086
S14_right_hand,0.6902376294761384,0.7245827182647642,0.7217928431560776,0.5005443275372954,1.0982295247061051,1.1538518164441645,0.9090391232057209,0.528162348817667,0.8360719331790574,0.5654267587318688,1.0973852038340512,0.9427900359252095,0.8620002364625916,1.3878990225266161,0.8323997090387382,1.7596793570107565,0.7032953236781949,0.4302805570737796,0.5847547745124778,0.401293756561119,0.9539760596701631,0.8766389807551399,0.6121006575479131,0.8970839820884531,1.8362966512021934,1.593482110484709,0.912825259066167,0.73426373890559,0.45719943181685657,0.5410207829619336,0.3389321099627627,0.6363992164510731,0.7598840680699118,0.6538911157836028,0.6887345240728705,0.43810931461465935,0.583573327201268,1.0984141010359312,0.7481459440398053,0.5094999695329098,1.352024337995794,0.5113175355094022,1.2482409238943895,0.45995595249637267,0.9645356693885708,0.655819325802929,0.47221111264835824,0.9008852038348887,0.5545681236684249,0.9608788476481378,0.48660286101932027,1.0880710802293723,0.7514984062257476,0.6103790817209852,0.5808947249901103,0.6043647521526623,1.2396638054101778,0.7497356133235601,0.5631920767501509,0.7297817447360707,1.1156283257115127,0.4779554875005631,0.7456638097001203,0.6224336665635667,0.9673539265850185,1.7597875412794979,0.9485419717618623,0.610948922536215,0.4632795450827155,0.6770596556120299,0.5198192338804524,0.5288593954315105,0.6753068840699387,0.5064181712451152,0.7613737449774741,0.7714806882152244,0.43433478317926405,0.3730071473357775,0.9531028388405628,0.5202142643051058,0.8099816088018573,0.6729902477140549,0.7317386830378096,0.8556748826505258,1.3357580254004753,0.7299729609980424,0.415055515228141,0.802739014106884,0.9333764401585517,0.59676580085271,1.3252011222108953,0.8788658841974238,1.0838368170490353,0.6180459071329686,0.6172062348695089,0.6963896071970973,0.43121539241052104,0.8677316036559196,0.8137526310320945,0.6738017580763508,0.6040048548198956,0.5842435058726315,0.606443021301334,1.23815815151927,0.4979592705033067,1.6208518148716438,1.0457119798527659,0.7030570955856574
S15_left_hand,1.114202610238535,1.230513857571266,0.6204161989309479,0.4634416315463642,0.7756563991241602,0.6662032930146127,1.0374789272095688,0.5427379891300733,0.6828780050093173,0.5854272294276158,0.6742663809253244,0.851658498184214,0.683819046623128,0.8566640218487515,0.5594510850877827,1.4225933292011848,0.6303594975650619,0.5750535537378967,0.5704064290390437,0.5811957229014408,0.6554331633993143,0.65944119122079,0.44261089883445254,0.9392763427268918,1.3525269010303549,1.1646773327296596,1.0362683532707897,0.7571692172281757,0.4338501809066548,0.38900372266060584,0.41972476325354485,0.7989267555655034,0.7841002563327664,0.8567883576615815,0.5175268193426286,0.4236478285727493,0.6025461345386834,1.3952123577399076,0.6918588772869332,1.009582018949561,0.9559091463807083,0.5277726808155205,1.094673918494619,0.6577188698466012,0.6354573437004825,0.7073219952086934,0.6730853974142673,0.9177650374102099,0.4051670271599048,0.9307655701881306,0.7431534104313491,1.0591246445775568,0.9117644961999726,0.6923434511517557,0.592157381572386,0.708420521455649,0.8528074394115683,0.6199576903601167,0.38202590066702746,0.8434641294849512,0.9353744267204117,0.7219752760503152,0.8576256366093495,0.7414344220246709,0.631991607083969,1.4743689987096678,0.8900342839572697,0.6253592916972622,0.44537981101166213,0.607010653085642,0.5043459609831581,0.5390723761571162,0.5018516298818412,0.5153999273180286,0.6367702115611118,0.6650527287700275,0.6696284010182239,0.5044771020387566,0.733980624992139,0.6950779932784772,0.7345773587768933,0.4985885415545647,0.627597693821013,0.6799442327316193,0.8473507696323572,0.5409398912426189,0.5503933026592798,1.013950431432758,0.6992655013455709,0.7452447598914085,0.9243423961248574,0.6652815636807898,1.2335526207095846,0.8487457719181256,0.6744775408743685,0.591320608276592,0.5337570918918387,0.8770589809227682,0.6950248030494088,0.5834176859328881,0.4619997980845604,0.9025283194415816,0.48204294308767803,0.9717410280398104,0.4753930505529524,1.5998370645810223,1.1053636721709645,1.0495005023708304
S15_right_hand,2.0028242135509386,2.925176422063699,0.9941847423621043,1.150143160758256,0.7583764018096836,0.9582952509285554,2.049926711376094,1.5666991901089309,0.7715815720348185,0.87675540300004,0.7763175421870191,0.7050348949530187,0.4756359788578647,1.2394216211715257,1.2439928599284327,0.8593128117198356,0.6209169805008333,1.8584128876123387,1.2645965653960067,1.2391111792144935,0.8671561268015775,1.0806910789057007,1.0430886109246815,0.6451525297084504,1.0478656195500669,0.7060682253102448,1.9073504171350941,1.9105262387699797,1.050707104273969,1.16173076890836,1.2424245843424844,0.8040910301077413,2.4704559220925466,2.3228779913650044,1.8149338043381342,1.0092538112107345,0.6417257292052152,2.534417715135725,0.8663757393349762,2.133665241265112,0.6502331386376865,2.147256713949291,0.5357214488211716,0.7367600139422216,1.0128174006113784,0.9918911756570321,1.264187009511149,1.475988619166355,0.967943557187106,0.9496208101806664,1.7423275805896803,1.7285969053377344,0.711820199703949,0.7104610066919443,1.0432524052154264,0.8758894163037934,0.8653760458977184,1.3806313585251673,0.9237915632094318,0.6573432045963863,0.4624085241419861,1.8861825923519824,1.062341643951362,1.0530611418833522,0.8467229932339496,0.7402536533066093,0.9398378478530582,1.0535607313951614,1.594371127414659,1.3861739459000766,0.7975552182683457,1.2544948185653544,1.3823042633492366,1.0143344664685285,1.0155830605359,0.9260753798314458,0.8954271294938743,1.3201508426599526,0.8574599141225732,2.055929781442438,1.1651925882626366,1.4573151990173883,1.1897955300314411,1.1495671010081203,1.3939890976531621,0.7914226568104091,0.9273358729047332,3.8951616460703575,0.7336249112064093,2.187242934856487,0.8762609011727488,0.876944741190784,1.814099641565519,1.3732539817695861,0.45598768895461683,0.8406538292927472,1.228212656885663,1.0353997592447948,0.569943533565631,0.7509081638846936,1.531152460898824,1.3801184022520254,1.49851905007557,0.6794510795289813,0.8321124703009439,1.7553514913128063,2.135960755588318,2.8096265238222236
S16_left_hand,0.9016338038279958,1.86684142841021,1.088544319616622,1.1150637966712575,1.331375479724193,1.6638896108285686,1.6742133350272472,1.1631727007502781,1.1527827787194196,0.7559435189151483,1.570487042356311,1.3783315335716306,0.7502961124760535,2.2957945456111792,1.5341713487322106,2.284191294507849,0.8260798025049569,1.2469998637738153,1.1658455810601525,0.7370217979176605,1.1824401034269734,1.4294591287591452,1.2483025169393642,1.065793773577499,1.7905658493357293,1.2468985821727414,1.5821481504948576,1.3815305116207686,0.8494699570609954,1.1883338947303124,0.9191456250556733,0.5079855471597995,1.629838251327675,1.42439940657271,1.576181327111874,0.8821004406740849,0.6573341324350247,1.9051303388555723,0.7381040128201672,1.0300526106976542,1.3274600611523728,1.6752131605845875,1.1042574347056673,0.409934059713426,1.2516561798982497,1.1747149708029998,0.6840630125135232,1.4437224346553568,1.2358256516528539,1.3927717734278358,1.1732324102593779,1.5215842568435394,0.7067108375371799,0.7902617253417937,1.1492101919871036,0.9145039797256668,1.913652057992239,1.4457955342518052,1.0935899790198649,0.5827619411665298,0.9143839425477817,1.0609408563180238,0.8078791523403402,0.7693455441621008,1.2585628638237485,1.6617013114982477,0.9201865720585364,0.9173068041111898,1.2268190336052485,1.2562189306258553,0.7696299056804368,1.0185925643316271,1.466960948133801,0.7996760680088292,0.8430376959001142,0.9564280500669119,0.786040392857605,1.0183719371535493,1.2695406505686244,1.3075366993398774,1.3224380144418164,1.4300823982533455,1.1923065046081192,1.395352440299808,2.2790101965742235,1.1565422708985886,0.7513210300989721,2.3002582056959353,1.0488237462339272,1.4555530388418767,1.6826348306000247,1.3721381648305742,1.5694316490181426,0.7357450965174113,0.55702848175839,0.9000032537158028,0.7165721992250973,1.3134833865108873,0.8355614570512597,0.9219860072226165,1.4714332785362276,0.8925857209473383,1.328365869879632,1.1660817907825318,0.9385970093889944,1.8997436469071824,1.4507115865218114,1.6690292815489636
S16_right_hand,0.9833807474154195,0.6176162091377133,0.679360418694329,0.4984739791852469,1.1372078933446943,1.1354883738828554,0.6770649777489386,0.7502383207499611,0.6187312201416225,0.6735627768053282,0.9709445797644581,0.5031909790759548,0.8009798087211027,1.4034473177776363,0.8382280725671835,0.9338512059317767,0.6162856885356748,0.5689769731458381,0.4021418940013312,0.7148168587466056,1.1937649878565277,0.8170956222193037,0.7089913201189082,0.5339075419265285,2.0110404857860504,1.6469205830571383,0.7373610356178926,1.0451172445933548,0.7284878521240395,0.7283886913709585,0.5035643543188922,0.8951752691631755,0.9286639958177594,0.7104261419123502,1.1170752408157878,0.5538716951949958,0.5714280227413742,0.795423153201068,0.9905428248852727,0.7190319071271032,1.2519776155832614,0.7569028964963481,0.8985321044680425,0.6837914890226093,1.2229749651817476,0.41415401658878903,0.7789073340386699,0.6705604034095806,0.4966631167207322,0.5371371635750971,0.4484466261897033,1.0654006405763932,0.6597117409835025,0.5359593368685588,0.42488399427812895,0.4766932405659311,0.8403788373421193,0.7127040898171035,0.7563391112216955,0.6423792853289023,0.9108129902064158,0.6254899755529635,0.8510806098136736,0.5978832827400961,1.1519752446826041,1.272507971756137,0.9622534624364344,0.5684754628326981,0.5591528552870859,0.8681559132264864,0.5820842830479892,0.6339746345491277,0.8407536646375152,0.7111960332605216,1.2726403349168505,0.792274903947056,0.4118826355078639,0.41099495546544296,0.8506936583121223,0.6258599612904765,0.6523431360069084,0.8432172370345011,0.9210498589719329,0.7961816378109002,1.2627461007051983,0.6691847488447598,0.3579732592157965,1.4143321433426723,0.9518338086703582,0.6110384100960903,1.276912147068023,0.6690751156135955,0.7482778925877237,1.3918597892812468,0.5213084057383468,0.7047186055185153,0.8682095921085136,0.5187809503987006,0.7403713478929876,0.6566962587586209,0.8464158554035555,0.6656811541062232,0.8625291746445178,1.1826267632228802,0.3984477387890515,1.2695086913858225,1.6345370288095222,0.7211885480664753
S17_left_hand,0.8537269430550607,1.6130908554780896,0.4866519068953508,0.6813661614097846,0.4431349267509668,0.6356070848691076,1.0538371978743064,0.6652585311929604,0.719227556635865,0.7055619338243044,0.7587225714869605,1.0437198127427312,0.5716616301584504,0.7413382271316525,1.2734220272492858,1.540235655697627,0.5093161087257757,0.9696765899186972,1.049100325817294,1.0407845810708998,0.3993539221360382,0.5000196773817913,0.639939748714243,0.7747939043503572,0.6490361241932857,0.7493052168867466,0.8972311422083306,0.7227359887346452,0.6184924756502287,0.7911613826775243,0.8371542995071299,0.5543155879026505,0.8970727036338179,0.9199022785550705,0.824940931612993,0.5313699000106056,0.4827710871957136,1.2289510695748818,0.4138415890061475,1.0742423476725942,0.5207594125156951,1.1992968251638154,0.5832807220089964,0.5361233644849572,0.5178729153832528,1.070904049855479,0.6122615032953713,0.7751665346783199,0.7751629147580195,0.7801177658932847,0.9332109688606908,0.6620869534900801,0.6469695142633832,0.6841523240373636,1.102236746350347,1.1143164273037998,0.8969444981945114,0.6610602805433626,0.6030221289405853,0.5044426329034472,0.43827637740572273,0.8108850900276822,0.47642748523412976,0.7049652006174748,0.5563630188559592,0.7051017233861241,0.3808091759545266,0.5671447714277099,0.7853379404555811,0.5548245985744534,0.5033180003595845,0.6288916164252749,1.183234389120366,0.9526474315695128,0.643555806283193,0.42151945905084726,0.7410082714178515,0.9899798411073517,0.5241962160304342,0.9368631862499199,0.6211778365966392,0.7230320567199564,0.45261045349610257,0.5119853737007707,0.7731727473382892,0.5975552456382874,0.6592234417342849,1.8169329098377864,0.39098429200272095,1.005934018918201,0.5001247054514388,1.0561296418043595,0.926201078230049,0.8537705406818403,0.5369480019754594,0.4234224653196136,0.6557417106089946,0.7568040681691641,0.5564938967017038,0.5035202084129489,0.8679603368040014,0.785454113878929,0.6837831039375044,0.5130817464991421,0.7111293080851746,0.8937076372634148,0.7436072653900746,1.2053008691717908
S17_right_hand,0.8045158850974413,0.8764790066540544,0.567616616984642,0.5991495854423461,0.9515458035236447,1.1160248874144232,0.5805620884334552,0.833545589414341,0.6084597915736628,0.7507913998121928,0.9688250513250256,0.6844004077227077,0.79611207596469,1.3429462143478035,1.2219139061451685,1.0148193721846022,0.5494294534703406,0.8314136534660967,0.6941115824627241,0.9959360397069171,1.0311724348468863,0.711205076708303,0.7936055130590541,0.4425209949737397,1.555464509827363,1.4828509141379858,0.6058522917325513,1.0194727758138846,0.8584741877826368,0.9878252423513583,0.7576110447935553,0.7505704450066615,0.9418749198952364,0.7107234878443442,1.2802017119077531,0.610950852558003,0.48678136932036115,0.6652748480576396,0.821572899150757,0.7788488776186968,1.030146348353428,1.1474201258483663,0.5352826068141284,0.6715535902162636,1.0914008652228002,0.6101905298597863,0.7267990656469454,0.5539019033900513,0.7033685424210816,0.4133569101184386,0.5452666086257691,0.7643087344247907,0.47765359006764213,0.5736594695740187,0.7224764609660195,0.763761352886215,0.8813093148603551,0.6951268216541171,0.8578280119287947,0.37114165911500335,0.609053883090768,0.662802779453167,0.5852578874171673,0.5542885506842015,1.106320906461137,0.7299056819277498,0.5927725265142069,0.5274408474999416,0.7625793082676452,0.8303401490174417,0.5599469708280405,0.6705215670426935,1.3006856415684593,1.03191777515211,1.319920864035863,0.6409198602827986,0.5445879995463835,0.7145374433872942,0.6492317772264296,0.7514105804745936,0.5506066723089844,0.9625688203479431,0.7953579016863132,0.6950264845974149,1.1459037396385856,0.6440684023186288,0.4266893969737213,1.878358796823322,0.7403833363808837,0.723129736930035,1.031973259735,0.8990270645687496,0.5773589672587995,1.5192355705972906,0.44503746898222313,0.5646043181176212,0.9935215505683062,0.4010245780608555,0.6415186960030203,0.5903858135245927,1.0785295529895305,0.5536972028579875,1.0011883268070079,0.910316929062511,0.5044796121632013,0.7265524340722225,1.4456722934527242,0.7856082682658927
S18_left_hand,1.0615557798675934,0.7449577284173942,0.5194385737093723,0.4000475314028732,0.901417585777034,0.920545527696455,0.6655238423319634,0.6047495051601227,0.6562537671987572,0.8755831956646701,0.8811793183926353,0.7339144735589941,1.0562711705473693,0.9191686274166202,0.8189160868429356,1.3563612387938544,0.6786405476098184,0.5047713528055648,0.5001939985840946,0.976618077412188,1.0070503282525602,0.544118567589257,0.5586672673364556,0.7038281650001444,1.7369381865522588,1.9213219333064255,0.595420413309286,0.843073492507234,0.7044870848208264,0.6301940316739423,0.5240415856515542,1.0822805421899837,0.6667016126739489,0.5539561387639437,0.8381895776587276,0.48835341371376634,0.6738856741168159,0.787255419863596,1.0053073664521162,0.8630221983860383,1.180336939289014,0.5757250613192036,0.9409597887288952,0.9229303186600035,1.0151731172810312,0.6726818741627998,0.8718679104748722,0.580857299609982,0.4200445926348643,0.5961885703691673,0.4902173027105907,0.7667192882261026,0.8785856103662808,0.7492520385138577,0.6174704857183305,0.7987343550784058,0.7299276916347237,0.4897924633324726,0.5699168102958211,0.7739390051917786,0.9812604363001802,0.6309957975293281,0.8433816248963695,0.7464093994256422,1.0461234092223846,1.1821871656057585,0.8346038705720136,0.5486289466200142,0.4195252263110831,0.5860161589278926,0.5584730474389722,0.527876102422543,0.8161067568177687,0.9066517224907562,1.383832656433644,0.6687413068655776,0.5928776090521325,0.4669550240341497,0.7057224179098429,0.5643981682118169,0.5348276269757121,0.5920032270251508,0.6557393371577603,0.5238757956381319,0.801438971323676,0.5685865476107786,0.48976624531357216,1.1622258992231103,0.8291506118213274,0.5263609466802421,0.9586692387037504,0.8010990980955749,0.7760761303176358,1.6006958845763128,0.7665310012908256,0.6356684525850822,0.9723197569759658,0.5390886305300752,0.8705186108482567,0.6263777928608407,0.6305402659137616,0.7401886980530097,0.6567987326389707,1.139900198770792,0.45404010654590254,1.0791711760606622,1.3954430600127605,0.6429327512994553
S18_right_hand,1.1082694688993522,1.2171579856261132,0.46532361470091665,0.5699369201577459,0.6241036638016639,0.7524942740813882,0.7656939668038849,0.8545428684931562,0.5254482430089307,0.7814442439181353,0.7316040257948314,0.6046573896994514,0.657734460616457,0.8302711875115412,1.149587715738308,0.8528461738837232,0.46333361850990884,0.9203699741697293,0.7264872769775115,1.193006347402617,0.8154901195049818,0.5024976043371575,0.6479855520372968,0.4022912410306015,1.112717780605304,1.0874002809177092,0.6934129491267701,0.9977211120955547,0.8466274114119845,0.8934963938257724,0.8031176170308054,0.8709352611046849,0.9963440914885072,0.8962953601144467,1.1820198594743418,0.5856289715914001,0.5103005424453785,0.8414371539298523,0.7738586342325743,1.1148114027147735,0.7531446338604971,1.1573991661262897,0.4469208208693962,0.7569866147266591,0.8532210068177997,0.6616356644795902,0.9048880272648788,0.5459694425346252,0.598633436259076,0.4239436416695926,0.7070977763592303,0.7320593255403266,0.5584163232417074,0.583262490578262,0.7980207905890646,0.8315815674149597,0.6054383345407647,0.6350690467173132,0.7406217667668219,0.4509603885232144,0.4579706971466863,0.8467498760776997,0.6794469781913447,0.673500884682609,0.8734354912872968,0.5489478875514908,0.5469804692807837,0.5244348150780858,0.7793603928184286,0.7132304085438905,0.5686489550077435,0.6680322408184549,1.2098260906308198,1.0651542721068386,1.2947995243124937,0.5720581122793135,0.6050217610897872,0.7727605089115286,0.4813534741583609,0.8510989523137784,0.4754357108607494,0.8192999728298884,0.7023509561889872,0.4990058560118432,0.7426423507295863,0.5567960055830476,0.5201310675461277,2.0964384599155337,0.5325332527924358,0.845276867994088,0.6643546523248164,0.8089773337731999,0.6501236065448007,1.6851549636420702,0.47743962793334227,0.5124514228791969,1.103903266692085,0.3894993649670785,0.5628333465815074,0.5128827020348948,0.9899959485292806,0.7658559649599438,0.8820470726794506,0.6850283066251734,0.4974363199953451,0.7250050696405858,1.4556242835011017,1.0328701575570498
S19_left_hand,1.7410637169303498,2.593603688123216,0.8301962224319821,0.8216776420429619,0.7554111432140099,0.7400830141800139,1.9447217710396085,0.7186071116173165,1.33709853127565,1.2642271480702252,1.0229719984357366,1.9195988768814944,1.1625020216367288,0.7110736841580816,0.871692252701475,2.9149251679493826,1.1736192321594325,1.0661687292290516,1.2708685825227257,1.2845510249452698,0.4511427657206229,0.7367996710700526,0.6064506575211615,2.1296811990415243,0.9796430879502123,1.2065913300015967,1.566234041132037,0.7253653654216303,0.5958446268608026,0.5189709507490226,0.8889911154629169,1.5395827741579795,0.8186499958268685,1.2949402306614386,0.46678873529479664,0.7610832498062663,1.189464036731405,2.2806847293388555,0.8687622526953644,2.01380478359793,1.0072684473591507,0.6701888180387194,1.6690218416172082,1.3343721477460195,0.6003307387691593,1.9673392288338984,1.2145725585557763,1.5001321521139688,0.8207593952499799,1.7945655722110718,1.588888998662493,1.1130707860260052,2.0213686011751553,1.6625335794474276,1.517901973399688,1.8669143749787382,1.2413052865735428,0.8447542600465271,0.5893607151579838,1.493009555256,1.2186786056283172,1.3064532507135995,1.2673384449728173,1.637457850997382,0.6663012538525888,1.8376085685935064,0.9652071446913764,1.041726309111976,0.6327155429068774,0.5581418950472402,0.9909897084286918,0.8811641689973658,0.7623911926891929,1.0765233624026451,0.6702930425965833,0.8686803100323264,1.5494298074707553,1.1254477491003287,1.0468822305607064,1.2800261131568629,1.1431475550623318,0.5385634261360588,0.569511690133217,0.7442542955689078,0.8528276143495924,0.9115575472062094,1.272774677694888,0.9302175347510346,0.8390398395449989,1.3201676551224557,0.8099015481073503,1.3056466686361992,1.89773204015836,0.927378547989439,1.4217063455371552,0.9241642542787606,0.9024952485157263,1.7371757555969956,1.421619970589468,1.0656853456069963,0.5201612326169107,1.895605788477514,0.4889790835788578,1.0965332285662377,1.161007995223033,1.8884102430626872,0.857098626364927,1.627259897399152
S19_right_hand,1.751250755159201,1.65673501146783,0.617638417457947,0.702811535993604,0.8493479894925089,0.881919167928722,0.9474911430285416,1.0133092789497247,0.9396003156152373,1.5379606209984866,1.058569199523321,1.1870479120942168,1.4017371291199299,0.6767411295281536,1.4993861640508872,1.566136891826874,1.0298169668210648,1.2063194124754841,0.9772455920933297,2.0112903724313087,1.1067681787311443,0.4659503058557398,0.8134600732529983,1.0104757376882083,1.5129244431137199,2.084630350238645,0.6718670846092247,1.1544236112229438,1.3209917024627371,1.1548136623856975,1.2152137255658015,1.832887000134548,0.9032983367853996,0.9362956166299194,1.3246989817919128,0.8625410200908996,1.101566810693567,0.9698118886808722,1.323817096892475,1.7072619538748097,1.1458982809881326,1.1971724475116747,0.8956852417410694,1.6263284089275827,1.2420154232488625,1.3262977903162416,1.5547476934652693,0.6831850881728362,0.7979831865329223,0.6515685334394705,1.0064477883752245,0.7307615724109805,1.3852028249648296,1.3468131986482534,1.2726653478720562,1.583315199201815,0.645778426089559,0.616972586996003,1.09191212005746,1.0075767275243945,0.9188726524185902,1.1375710726638444,1.2027104257903238,1.310652123473385,1.2239863809096585,0.778444478560917,0.8086467683010475,0.8489539910034126,0.8142539115558132,0.7293211897026065,1.05179498977528,0.9494533954377672,1.5703460213175968,1.7427575094534227,2.12540429730291,0.8645131061448833,1.1853661087388707,1.1254047238457314,0.6596288667798961,1.0644009443349394,0.6380112610828562,0.944707143161858,0.8154145323486095,0.4886707696232662,0.5238248924358181,0.7592539653536148,0.9404450124489308,2.1275240537111735,0.879490389532958,0.9860170526173172,0.6757845638952062,1.2423159907473877,0.7378561941779491,2.8123584189811397,1.1055034299749202,0.7912837773002631,1.906752673933597,0.6506592466935441,1.222638468454698,0.9507338308298889,1.1435936367690362,1.4376946855769999,1.0502806271961198,1.0927846846958982,0.8151674107463265,0.6988564146822247,1.9039840313584808,1.116531090406435
S20_left_hand,0.6922550223967096,0.988225736532971,0.6389996547321558,0.5009847616615007,0.9400437246774126,0.9790478333850821,1.0282679168586222,0.4503790304770592,0.8683776311007408,0.6316179992269904,1.0464372655472565,1.18127723132189,0.8744365674486152,1.1077216146499012,0.8887070439484469,2.0995597147815186,0.6886742379955567,0.45755493098792865,0.6304848177668141,0.5178351756762686,0.7457316782163261,0.7354433707075242,0.533124361210812,1.0301347617388932,1.534958622944097,1.4951692868520645,0.9216289428634163,0.555562192753957,0.3956102931427068,0.4819136280737755,0.436264288680151,0.6212475541442571,0.6418267046209326,0.6320788980458968,0.5402613498749782,0.4230317551373602,0.5904408014161053,1.1970770672813509,0.6636264160353429,0.614458553124286,1.2133695747748021,0.5385560965267923,1.2336612863423617,0.4679545301957554,0.7267820402458569,0.8843072901340291,0.45329604114495625,0.8913980677321898,0.5638337403757544,1.0662228205792963,0.5881031789842353,0.9732741948854271,0.8156903265949536,0.7012577930807449,0.7264798631571338,0.780443394024735,1.2772955005067879,0.6700264455843716,0.5049983671155316,0.7461086934955474,1.0224015838476923,0.48263039507085215,0.7247584196862493,0.691566386026076,0.7779714175453266,1.7015011191588814,0.8140070301592175,0.5846249691573572,0.42117110444614475,0.5419960194308658,0.4877349075400369,0.49181415072445595,0.6615736890788987,0.5456096939132472,0.6712658429782157,0.6546288634752033,0.5300788851188624,0.4587531547620058,0.858756383554206,0.5439331351924734,0.7853731310222815,0.5373452746132016,0.5921408663345643,0.7079266256049719,1.089773564116195,0.6510138238981175,0.5018555050662915,0.7431234165246375,0.7860596272271185,0.6500298056017084,1.055809818938167,0.9777061952410409,1.1207398412436984,0.5543183268488295,0.6687941040748082,0.6573327318258475,0.407495196729481,0.9513346638547288,0.7887003079724411,0.6136652542354468,0.49206983769611307,0.658980594087806,0.4957924987259048,1.1276237015539323,0.558563966809634,1.5608102832983162,0.760104387452473,0.7743052200459171
S20_right_hand,1.434466513197704,2.5068075698486574,0.6266594893610815,0.8714283580015165,0.423192303997472,0.5727765449332994,1.5019434717219688,0.8649834089676547,0.9715985572189147,1.1179935636625242,0.8774464645233799,1.4731111528483525,0.8772179603719407,0.6410092108384787,1.4836789792261307,1.953210473234686,0.7641104394101053,1.392958960070753,1.418598142658811,1.536648479275133,0.36779501080299204,0.5279639461358955,0.7098558970423684,1.3448857811452382,0.4582390642701164,0.847116656400609,1.179772111186098,0.8248923788686691,0.7852508144972696,0.9422987221300346,1.1914015459062604,1.0665671608386205,1.0631153365377963,1.263568790542778,0.8986199500741712,0.7738448075695933,0.8360134889363132,1.708579219118925,0.595897347831114,1.8036449075181247,0.5819961478731257,1.404690141472227,0.8065298109403075,1.025486349169415,0.5075098238593407,1.6355439566411105,1.0641334993841467,1.0314110474911233,0.9467465630023297,1.077500062447901,1.449634925463655,0.8043036562945348,1.263648604363933,1.2294906330692201,1.5547477096793898,1.7173849930663472,0.9397927751415975,0.8117938731732416,0.7242630909954237,0.8813804327642155,0.5915344772043645,1.2893391991411385,0.8161683975670805,1.227133865158873,0.5585204552624509,0.809883448230476,0.5242395968875612,0.850989240852496,0.9626954010064851,0.6266505332245317,0.8178582938035699,0.8396068441348569,1.4230202844681226,1.3570589242112487,0.8083708861158213,0.5824046852247329,1.3359842474570365,1.416217972414984,0.5718039490739075,1.36578488075523,0.8126321880643288,0.8127502253219443,0.5079321561206985,0.5821785811667813,0.6811940264856953,0.7761222913515143,1.0647186847451244,2.1128711819427197,0.48039188995936516,1.3908394035483556,0.43317831486753844,1.3473719273232883,1.344805876013984,1.2033414738789052,0.906299667830515,0.5959702104641469,0.9990519129317591,1.097128877434865,0.9240820366823682,0.793857496787299,0.9771906522052369,1.380139733288001,0.7828358529105043,0.5920826548069362,0.9766734974348242,1.0665788853176288,0.8850296707328887,1.6215974532533044
S21_left_hand,1.4517740832442665,1.6959875746460167,0.5659719038384986,0.5866416730287096,0.4667272065202481,0.55497320985195,1.1500801184094422,0.8991923808153325,0.5127361258756662,0.7247984456187561,0.4706145911426,0.5537273840356661,0.5060575390289509,0.6581449521275755,0.7566407015121986,0.7837442643299217,0.4898500475498003,1.0733528559456105,0.7216378631188071,1.0818666875141179,0.626707908019153,0.558703627128996,0.5711981449942553,0.5982173126022029,0.8700045945018104,0.6983311820817129,1.0929305770464606,1.103822852238958,0.7352878587854457,0.7034153940126472,0.753976050805976,0.9031875512773005,1.235772435128797,1.249286864399459,1.0164041321532842,0.6000388813856621,0.546432333609462,1.4187160898933384,0.7540075938744302,1.4821656192721537,0.5767626510326379,1.1121777223926763,0.5303232047420414,0.7893165084493341,0.727061540689422,0.7058672543874313,1.0048688783314508,0.7979670078144017,0.5240133571217462,0.6548042263512474,0.9915034642833902,0.9373265038454501,0.7226527989630636,0.6432921127694062,0.7360883964191003,0.7722833979858758,0.5408399701483508,0.6705617466424256,0.5380796216007705,0.5975057373033962,0.47866997095170255,1.1501788145950922,0.8334684782900903,0.7633831610296254,0.5992442336167576,0.6801949646827952,0.6570708151989383,0.6304019572502748,0.7999097069830686,0.7653299152146894,0.5737090589318896,0.70234868370904,0.8712177359868176,0.8861592035644508,0.9483880601291426,0.6172452604366011,0.7351094303282691,0.8268145371265548,0.5264641997666557,1.1008017574669713,0.6201033177246233,0.7613079091265498,0.7312160497122215,0.6103682110315813,0.7235298542052528,0.4799869197971869,0.6490423054117775,2.2052474490753733,0.514059985333162,1.157653692929105,0.5229347820258126,0.6372683207479947,1.088978063353549,1.4207926206623207,0.4961792498883919,0.5051638235124427,1.0268592343273535,0.6834068450242303,0.5040226366571234,0.5505188896209767,0.8326197329783895,1.0478680076207545,0.8162456415895003,0.5690975498293469,0.49779743170652657,1.0553110654944335,1.5602886768907511,1.4871947984167466
S21_right_hand,1.5290182285102065,2.22562709480444,0.5971538369774418,0.7623634553210649,0.38701382356071556,0.4875089026706011,1.3696833235503196,0.9576915697753489,0.728770570793754,0.9712417199270074,0.5689607275415189,1.0442681145607113,0.6680569085201861,0.5338348834464587,1.1945480956233552,1.347573747885535,0.6084247065126482,1.3014285181034593,1.1546495279184166,1.42772646291217,0.47815292739518167,0.5338717031128897,0.6859273362216802,0.944616031128261,0.6028103834406934,0.7052204749875569,1.1495175855951247,1.0582419042952305,0.8364312715691348,0.8916656258770823,1.0657370937385318,1.0583609827889895,1.2153904422821842,1.333664309397559,1.0924937550556904,0.7343895686028198,0.7213098948463658,1.6583711098572793,0.7004009960836296,1.7571182035608353,0.4657990585450838,1.3878196586325424,0.5928522772804737,0.9792279903887131,0.6059721339602263,1.2190616093043645,1.1310814445168673,0.9793361604362251,0.7586809234534218,0.8974922447836946,1.3117706559358562,0.8676003544139623,0.950917999932247,0.9483015626645709,1.2291066367884524,1.285273588903863,0.6438263479443298,0.7483855202325619,0.6693958947200105,0.7351803989668879,0.47667531863161283,1.2999238927854324,0.8485668840547855,0.9907134906317492,0.5688909164157209,0.6521675967939479,0.5613312016494811,0.7699804506086194,0.9475823950714793,0.6983117403166947,0.6887994413936963,0.8484525624344761,1.2463252247479741,1.21674161646483,0.9994435705256035,0.593515103842177,1.0344721766521279,1.2120842313529896,0.5571557027086266,1.362276673756785,0.7233144402763924,0.8592716972140035,0.6187317029690848,0.5771726544119039,0.605509878897343,0.6160258250952109,0.8808698762946161,2.434784380997096,0.4539296065132409,1.3503748157645912,0.39942643837764225,1.0324653667682204,1.2382732584480884,1.5674945639612243,0.7195126393218353,0.5354514873816716,1.1710610977301912,0.882709703955261,0.706432242434186,0.6631805280753051,1.011845585617903,1.2732418843678455,0.8985536964210469,0.5176714957045024,0.7933696617940835,1.0526152557638369,1.3788780374994252,1.6697051541338608
S22_left_hand,1.11601126386859,1.6454145097045239,0.4785530950324387,0.6126835780675575,0.45074062709816126,0.5608899835262,1.0090958439324744,0.786992085823075,0.5595875379264009,0.7070076767702766,0.6732027896618075,0.8276837963563423,0.5672511579025865,0.7286208359572112,1.1113324712608605,1.2693449106034227,0.45097333147806196,1.0018906464738664,0.8877341457396316,1.0406083489796314,0.5118612910785556,0.4845286977930006,0.6129523590601066,0.6909194050751047,0.7126314045804234,0.7859892415805371,0.903684306246906,0.8424997070415025,0.6929409619402233,0.7945218217351213,0.8308229457727853,0.6895917319473908,1.0088508644543228,1.012821786355974,0.9373014355340279,0.5449526910768611,0.4994245360885085,1.2200136463201914,0.5591150884651046,1.2340750850601006,0.5707921665909746,1.2026682419525188,0.474703467239393,0.6809412487686014,0.5682489699301395,0.8816641128703842,0.7706444598644153,0.690033788092264,0.6742371779248034,0.6715403650400271,0.9242051242652383,0.7187440539831826,0.6198779700516137,0.6017573211151815,0.9365462643606219,0.9376569670889487,0.7607007546301143,0.6295638408153014,0.5867571217105867,0.4825495440086872,0.40501095786486513,0.9507745741685376,0.5817395330437563,0.6871692836543672,0.5657903079051599,0.6214787313946563,0.428171684388553,0.5400181152210637,0.7808390116040999,0.6458620717169558,0.5038457409569507,0.622510126223802,1.0988869955094938,0.9426525206252557,0.8480253346501823,0.4542425029325511,0.721220589277723,0.9008232171383602,0.4309132002076381,0.9846618220069421,0.5567434145999909,0.7580339674934652,0.5512769698562314,0.5318243537613715,0.7124765729478528,0.5273476337527728,0.6204956335171291,2.039315023596017,0.4401219181398647,1.0441713486519415,0.4567969705029281,0.8923097338992835,0.9273386695912794,1.211248580229868,0.4803859746201129,0.41842085405514823,0.8597223668034414,0.6575960028313435,0.5222040198045435,0.5114917640619815,0.8602568833295582,0.8046943929044859,0.7999014785622193,0.4660519566187815,0.5659248241286247,0.7991581374136786,1.124376053169454,1.2545706587492385
S22_right_hand,1.5330534431268545,2.3561399716302844,1.0346646356095954,1.019113166178797,0.9645459448230289,1.0313191875932632,2.115633938252382,1.1600717386271324,0.9748077008722286,0.6418740708844456,0.9162101540534474,1.0425488754086512,0.4925235629788952,1.4278297545569894,0.7783110196087168,1.7378725143179032,0.7400561737597569,1.2826332895956989,1.0542063001425013,0.6719748644202227,0.8100899107677767,1.240434961992568,0.8629099196536798,1.1582418206738159,1.3348618069863378,0.6498486420877077,1.9099201968517894,1.448471335823068,0.6421879833998589,0.7009350692753004,0.7804137545673134,0.6686664959630957,1.8930308049002196,1.837450959553089,1.1963016212741946,0.7912153929227349,0.6539269970076709,2.56769275444492,0.7752852226865816,1.5898106861513934,0.8736683353057622,1.4087129076544143,1.1535536474274761,0.4953954092771606,0.860471958912365,1.0855522873185723,0.8844216531961976,1.6462109527718285,0.814639455930234,1.4929981720195251,1.518050082342127,1.788915942044512,0.9004138589587054,0.6989243980404445,0.865829667911372,0.7040092224558421,1.328368028344037,1.2943953207482544,0.6556351407317774,0.8591016926669826,0.8507766394163683,1.4857277565006348,1.0466979707151072,0.9692968013731986,0.7413114420389582,1.6362664690184523,1.059243747091306,1.0624302575585214,1.1707432660290893,1.1760073096991108,0.7058601325049372,1.0322305511655545,0.7698952748931844,0.47630906559464087,0.5195787657540699,0.930653488970379,0.8441175561695624,0.9630355163309088,1.145178218702985,1.5691908471750744,1.306451502595868,1.1027776982639674,1.0608832395249186,1.2669515472495494,1.6658290085975866,0.8561075379784844,0.8148949185493009,2.427779499166646,0.8822663829229058,1.7061494478071344,1.1698897496913898,0.8770679395789924,2.039343529524729,0.6136298168790204,0.5804000225016163,0.8759127400953389,0.6796900360753306,1.4013234958828111,0.6565882311400117,0.7850702731660975,1.0601171989538147,1.2656700329019195,1.0772230165751777,0.9137241152326837,0.861112973343003,2.345656342743498,1.570610229621315,2.270076400612599
S23_left_hand,2.2526118308332634,2.529878963323125,0.7065559397095202,0.7002304464825267,0.6143072305724165,0.5521504736472298,1.5467424671902705,0.8782654660559073,0.9766172302156109,1.4158917223618532,0.637819382586264,1.244561508867713,1.088192772828573,0.4311187760444942,0.7728153500739855,1.5686403325324947,1.0484811547246924,1.2765474089510693,1.0790630289346044,1.7721262618695903,0.6235970020698466,0.5289135415413913,0.6254235323222082,1.64068558771992,1.0347989946259055,1.2225687985622131,1.2391116414170147,1.0802533193465325,0.885764962259368,0.6993714606327751,1.097860546564109,1.93464232085674,1.0140160182018998,1.3589451502800303,0.9183374533904185,0.8293836585138036,1.209064545312396,1.8558629830613942,1.1737113812268536,2.427687863858863,0.7307574184853961,0.929612753970319,1.102183837258746,1.685193629894493,0.7976071723476934,1.7063923271196024,1.609359269656796,1.163798322094908,0.6714441302685448,1.1076810827792163,1.5641868051800605,0.9814238530001552,1.9142877602745363,1.5420918260800682,1.2761551656650367,1.705239102542762,0.47178523650110826,0.7174938095985143,0.6689457098711904,1.407482544479299,0.9222067922146433,1.5423234349447066,1.4093339822826436,1.621375939463944,0.7290693927187768,1.066875103500362,0.8989552092217378,0.9698235223131959,0.6937799717369896,0.6834231637987176,1.0426388019454034,0.988597354759486,0.929694524157562,1.3625692817837347,1.2371346949704023,0.853920622078205,1.619035474820295,1.1804030164055375,0.763542805668314,1.369488909780101,0.8440822509552447,0.6727390890902022,0.7131861442644134,0.5336667215835693,0.482055346827151,0.6991759536663171,1.2232267457603816,1.737507763246461,0.7508952660673339,1.3036996953701776,0.5962787917108117,0.9971021264562359,1.5355050665077268,1.9984007378679616,1.2770521619383775,0.8295462931497887,1.5298308531205056,1.173866625951895,1.3019278424153513,0.9861784401511567,0.7400609918754726,2.0616225774687673,0.7015769528653215,0.9312216879798069,0.9378657925039914,1.3165848637180224,1.5880160266631105,1.6637004388003156
S23_right_hand,2.2865396730154592,3.4058046739385928,1.162125620419196,1.4501820576108448,0.8417322168650269,1.0941587628368752,2.3506214267633903,1.8681064950737059,1.0047819934534221,1.1681488929531103,0.9454578395081868,1.0134605787511828,0.6335420902751029,1.3486481488281714,1.7320904667295838,1.0652306637140287,0.7792138153039718,2.2362828455484225,1.6919501889566744,1.702233898443671,0.9114336781637685,1.206234386351258,1.3585375007680613,0.8821820802613307,0.9185775167635656,0.7585700575704288,2.0672508961488263,2.103306971550976,1.3406535937671231,1.5235253553577497,1.673400166710872,1.0399708616984413,2.7617010564174698,2.596636920320246,2.1515624384637513,1.251410623919445,0.8141906199515212,2.8095317926677112,1.0388157066578825,2.511778618422368,0.6412150427425494,2.637041434958485,0.5407423345651909,0.9437177449687837,1.1036463947800088,1.40126045711578,1.547815058242927,1.6900151577450546,1.2764542525803635,1.0995722405166615,2.085547912607519,1.8614179166342497,0.8758895738645323,0.9099353510836009,1.499804691037813,1.3059678243862953,1.0448344686783697,1.5655158692086473,1.1287061623566785,0.7381295199014437,0.4366584330189771,2.260848794498109,1.2330549894898988,1.2950682647793657,0.9242140639148471,0.7002943662237835,0.9796456853625706,1.3051186097679333,1.9255137106680937,1.6740185707832218,1.0034367563218758,1.536546656388813,1.9101285508671433,1.4288522766732776,1.213356700678565,1.0622269358851044,1.2613607666683275,1.8483038192693628,0.9489643669342928,2.4571831756031806,1.3210012567326852,1.747211947459755,1.368937567038433,1.3337759532743472,1.5511456760980336,0.9986456557338393,1.2088909040319216,4.562374644363857,0.8226723745031883,2.513658402868783,0.8246792214236254,1.2281916320124897,1.996335804455815,1.7270194718799607,0.5887784209265374,0.9293350112718795,1.6056013382831384,1.190787976885077,0.6807305282912516,0.9411789877736452,1.9051019045386188,1.6744815658564192,1.836930046345544,0.6692015222827518,1.1513493702365698,1.8229967167510936,2.2912262580233476,3.1455742015298926
S24_left_hand,0.8938488357820823,0.8505324332644699,0.5560397082823231,0.4745802436593026,0.935162669227954,1.0830549637053617,0.6454534730691633,0.7305459433188229,0.5617846206631416,0.6432743290833637,0.9046688832354588,0.6074585269085105,0.7691204353039117,1.29176678559033,0.9781536757949709,1.1252140866372762,0.5079728763852596,0.6509515067569934,0.6058031653844795,0.8542827199466874,1.0520650619427725,0.6973044776604648,0.6988124667569594,0.524054182519348,1.68741873211292,1.498717620319892,0.6703480753148957,0.9898025842270753,0.7501549519398041,0.7911023082061084,0.5659233694066652,0.7427643042553277,0.9031571878203236,0.7086406655760431,1.1020262954749682,0.5215847842668314,0.4834115045029076,0.8084671164378208,0.8154488994982918,0.7991522448132642,1.0842444079778755,0.909442720468625,0.7226091002504897,0.6629995024478917,1.0580768299516508,0.5446351531755266,0.7140705682094144,0.5905244199096906,0.5683945063505476,0.5070242962976789,0.502026589465575,0.8118570282796072,0.537089046896594,0.5275116860795582,0.6013234500456709,0.6539895450091623,0.88535832844129,0.6643667144641583,0.7199422510506636,0.5052949655233661,0.7369262881773225,0.60610411183837,0.6625776596535686,0.5605742215559145,1.043095234986668,0.9842786635975611,0.6842867331366256,0.5006312328105552,0.5908888753821214,0.7560263606040425,0.4906096342429519,0.5667068711933068,0.9785781377831722,0.8294958334128658,1.1857598718147924,0.6445215846557936,0.4620222598351138,0.5476553520393088,0.6865825127678719,0.6424560039092536,0.5564597510306537,0.8374643191694922,0.813901866161725,0.6777890339224341,1.1627715642260685,0.5808621303739723,0.4009120731031663,1.619999150821768,0.7496790789492491,0.6693802113488936,1.0893434542112832,0.8441102197910199,0.7261568689243446,1.4322966789838658,0.51226100000909,0.5701282889652195,0.8640214185399627,0.4872273100742852,0.6276954180022235,0.5808977457269133,0.8862929010524443,0.5792003982643756,0.8388545157409355,0.9550713948279927,0.4442762010105559,0.9726426978724819,1.4356433738238366,0.7666828081099281
S24_right_hand,0.7929718413254558,0.6648878501136445,0.47289057973221804,0.36523886138445033,0.8910132686072771,0.923306001901684,0.49737010164932777,0.5322588588780616,0.5839275294853513,0.6985026792817599,0.8605870611223574,0.7398232562129191,0.9252950779386687,0.9860120013821254,0.9106640294074992,1.3005365910930413,0.5748906186307843,0.4639431346019482,0.48879070731967567,0.8157135052690724,0.8982977278681439,0.5172516868487336,0.5246350969911562,0.5787192704572114,1.5605138393385265,1.732682182350562,0.5373647502367398,0.7135028447435622,0.6333982626893842,0.6079880974562912,0.4522738021043333,0.8225888725800912,0.5963327759812411,0.5060628871044576,0.7892696868687721,0.4273963254042024,0.536993980842714,0.6443344958053453,0.7864585966055869,0.6898091285040558,1.1622605654647515,0.6179169291345243,0.7965437503485239,0.7121545014448697,0.8745054891946091,0.5743186137025267,0.6432168542267446,0.4687067057818146,0.4286023082234561,0.5195667543400039,0.41594290855901045,0.6977719373241893,0.618907743710141,0.6150928523532251,0.5853101833800498,0.7221950158540549,0.8253867345625416,0.48508253050031874,0.6049134109439035,0.587679195447626,0.8232170291188188,0.48989560472241656,0.6457510262686638,0.6041789874908889,0.9485719925398164,1.076540409855302,0.6501079057892507,0.4451051247257501,0.4149952234863697,0.5545322241945531,0.47781425244208914,0.4593265094912902,0.8291852766148589,0.8023409924217505,1.1599147688675682,0.576746592873531,0.4914141843188889,0.4562772662338797,0.6225793779727009,0.4560587862781542,0.42958692369826673,0.5823996011653322,0.6067734117493266,0.5072059782271222,0.8157633082675311,0.5483943337605698,0.3886029311330939,1.1261869442680648,0.7183812209226975,0.4652360218804846,0.9427948648940204,0.8431421151390658,0.589449936725003,1.3567426468933688,0.6033974465684998,0.5215672065549312,0.769520282384355,0.44256324452301116,0.6928280863245919,0.5150666024577849,0.6524148466098425,0.5580956379973238,0.6348112527040446,1.0203029082713175,0.4007416776254047,0.8935869701460875,1.1726087937329055,0.5407878504042178
S25_left_hand,1.5354925401210469,1.8335872406331355,0.7692813643122489,0.8418293770407991,0.7942905924104182,0.964098430842683,1.3103448605712011,1.2351144984228095,0.5625886088420269,0.7380212173531222,0.6547272675586795,0.4217254268136217,0.4273315957748482,1.2341031438021501,0.9173646522979793,0.483624716021161,0.4939310970295426,1.3005432547018037,0.8332424392040438,1.0130744806800498,0.9595626350754903,0.8841821708482034,0.8862609138523854,0.4546660148262844,1.2163106728745046,0.7857569414117833,1.244974864186223,1.5829268456596906,0.9494847195553106,0.9764345829498526,0.9126471011472873,0.8236209757231718,1.7785723856703848,1.5750113325535626,1.58640046227488,0.7780127751306206,0.5430880784120787,1.6052723649794962,0.9068856302185118,1.5201308620327956,0.7025603731732387,1.558348639904033,0.4222378114956409,0.6750911806576667,1.0493055737443309,0.623594622445133,1.0901217212618113,0.9939663437558584,0.7055503819683988,0.6036901232960099,1.148652009115891,1.2889988673194064,0.5215091409935472,0.4726631611481469,0.6787628892975793,0.5771221665614923,0.7055256022710829,1.0341245987134429,0.8156512623205938,0.49809326810717297,0.4229088436828812,1.3357825316160237,0.8702727961672959,0.7684417289164975,0.9300946909789205,0.6292007506007739,0.766188321423796,0.7976683257358613,1.147649180441926,1.176699167683979,0.6686908409887687,0.965032082592485,1.0794151400209635,0.8545499897550627,1.1236077055049527,0.7697097976100282,0.6657955496730106,0.9079087351553745,0.7383193385189689,1.403672600952043,0.826976998559488,1.2030845786417963,1.1003058472629959,0.9436868983411811,1.2783285393977306,0.6697928919379513,0.6411393077108736,2.9363508329550525,0.6956156707148067,1.432675034349615,0.880182416231603,0.6822788556000773,1.186126774418478,1.5322414587473847,0.3678961025071816,0.6673243527211231,1.1818167942178275,0.6601195154981695,0.4682825892149765,0.6078675399279652,1.29198039261375,1.0491939998119448,1.2833923301686334,0.6717985587282133,0.6192203949537273,1.2330535954454842,1.9635873018007985,1.8135320345634138
S25_right_hand,1.4081948253655268,2.2771607524360875,0.6219124207376958,0.752026784685832,0.44471739609883365,0.4932203015369743,1.5937406196159418,0.7944947367982057,0.8093960161194329,0.7791327621346075,0.6133915046009099,1.122055623066831,0.5618452496891359,0.5878512994164246,0.8683018160625007,1.6685515879140116,0.630079554428269,1.15258252546629,1.0395237343037709,0.990200536406174,0.31025416689082,0.628200163089198,0.5907131764411516,1.1393062030136791,0.5374117363079712,0.590007269697883,1.4236164791223431,0.9505232879340811,0.5792952872280397,0.5677947441929374,0.7872236015399693,0.7916970294259102,1.2487464907482035,1.4381123477148272,0.7793856542401223,0.6052135094615507,0.6467099953083858,1.967588455178181,0.544194246425717,1.615609541031173,0.5187703791963127,1.1032503474473023,0.8307742431688593,0.6940918098597616,0.43533948021228325,1.2294102558702091,0.923393084935605,1.1614292348639,0.6711540745820305,1.1431772881991462,1.3446795164409366,1.0314508849931923,1.004780117165417,0.8597293946305091,1.056458831675998,1.1033920897369072,0.8575783974434653,0.8338351775383485,0.4687294164116931,0.7786747698597679,0.5693725703693069,1.2400123184437042,0.7988257772506394,1.0285163720345212,0.44267777612197606,1.0220975639662484,0.6380971833005419,0.7858991753586627,0.8461454821336472,0.6786288448118233,0.5975591376641575,0.7614710062368406,0.7690757594704937,0.7913189084418931,0.4984028969685692,0.5747695975609254,1.0098909217716832,1.0252803488678424,0.646899002594178,1.2728461720651967,0.8298332357883592,0.6595776003610109,0.5664192739530669,0.6681672633676481,0.7703500458278587,0.6153686141893729,0.8264443848978129,1.979811164806635,0.466777374149817,1.4136892327380106,0.49139944185046025,0.9221853056884115,1.502488157224317,0.8347573654088349,0.6761111079759299,0.5543450361406572,0.7534077247998487,1.1299771831404273,0.6662179661108962,0.6166892337374738,0.7397191979100064,1.2840525527248812,0.675076935319406,0.5088651185663908,0.7730794982583327,1.4379751749946834,1.0137071321849798,1.8113503735190135
S26_left_hand,0.6499720009383931,1.3443311044134771,0.918245449324439,0.8247018129142702,1.1073343966760831,1.1935563732240562,1.6486805972263427,0.5918787864900263,1.3580590107327961,0.7234246345146782,1.4402195024348154,1.783749157583105,0.9110440954038705,1.487790522154552,1.0231997756265563,3.2204196811539014,0.9151913643286481,0.6513051020068474,1.0142782040948637,0.46473086536806696,0.7690914188842066,1.1167771919721692,0.7666825253704155,1.5758029867664969,1.5977555816602842,1.2458944212753174,1.4011556613622647,0.6915938544170361,0.45290233752622855,0.5872259606925261,0.5445862419955925,0.5798371625535382,0.8314279647933895,0.8665798475566211,0.6057441227361268,0.6085289655528392,0.7698705589891941,1.8093337267772418,0.6555973992756077,0.6320879481471591,1.3782907412288934,0.697966180101681,1.6703712611189416,0.43053812942637976,0.8512736958093692,1.3515201387914682,0.516169564386159,1.435972266112223,0.8734169206659248,1.8392419961251405,0.9554226897550431,1.2175975751797503,1.058937180204699,0.9847957633093473,1.0821190358543222,0.9606442508896201,1.9548959301336637,1.0535534743206163,0.6469335616564134,0.9461823255630736,1.2568560409881666,0.6708482305353266,0.8082077115105941,0.9062943762186074,0.8932240467003356,2.2699596216434745,0.9832674209239982,0.8981815538008614,0.6583520776114534,0.6781754658429319,0.7124856323339306,0.7260222227342944,0.7813049875554983,0.5574104158920357,0.5322706091396106,0.8623656908681201,0.750395971086842,0.7089849506739223,1.285469354103998,0.7736770517527867,1.2858383205680417,0.7211859541377174,0.7377526958811974,1.1286969697895055,1.614920003901056,1.0034151583129451,0.7246732279104052,0.6917847868565314,0.9684187810881728,0.9788943641744222,1.3311002301982147,1.3240398272482738,1.6004198603060111,0.3501665279334963,0.8707987554593688,0.9166013605493706,0.3239424984492441,1.6076749475379188,1.0264915571950297,0.8765422030031178,0.7043149502955866,0.8405525352311694,0.6248769244650646,1.2811143074296703,0.9991492066955021,2.2228219120563977,0.7142489491131109,1.1183583818299117
S26_right_hand,1.102991119236342,1.942752305994145,1.2345315271576742,1.1581557461707603,1.3563183055276855,1.5973646272357618,2.116072788679763,1.1569053885039022,1.3881300403861399,0.763679209698955,1.5258730266347595,1.599153147431774,0.7232888797972788,2.155093354001484,1.1117497228556323,2.7823916847030903,0.9480752828481465,1.1937693832305767,1.1722012006804259,0.4742217660624908,1.0586729845698175,1.5441217849435247,1.1579402770244525,1.4568050190082629,1.7342919977300406,0.9443720700011832,1.910668858053945,1.4115163080425803,0.7172453576922861,0.9011580771818275,0.8041242624359509,0.5624352432188782,1.689561478330506,1.5721465645923698,1.3140633106152426,0.9223106030889638,0.7417978176137111,2.354084023683825,0.7623095057511694,1.0787384522194694,1.3936088055726243,1.4269505971956424,1.524057489210698,0.3896372819990116,1.1640665009284554,1.3858300716341667,0.7659993185581797,1.78216492755597,1.1663941307050236,1.8713205185100397,1.3399136205943534,1.7513182696805047,0.9112813626706939,0.8570989122349502,1.0885960947019124,0.8596709166146043,2.1292154607814298,1.5611687446835685,0.9442338122642503,0.8563901684087863,1.1264334002018128,1.177175738000064,0.9850053363470307,0.9789368998610559,1.161687662552116,2.2121092195320715,1.1573377153245572,1.076316275873909,1.1439953467509545,1.2862499508610865,0.8232745487571106,1.1003673242302157,1.0264173090145732,0.5700438826031481,0.634200243291316,1.1324969533130174,0.8301393576363887,0.9345363925041599,1.540404328289287,1.3475637679933796,1.572293062960395,1.329124374730253,1.2128137195154927,1.5478935300262344,2.3326407413274532,1.2326637564121947,0.8258561496506656,1.9117630023317254,1.1798089567471552,1.5761393589089425,1.7069011626294848,1.2735730926862552,1.9368469801704036,0.4885021279659248,0.7000665505326724,0.942722014934848,0.5963809629164135,1.7585274738490733,0.898455236693361,1.0517217938916985,1.2610615787081068,1.0934503789793912,1.1324782971914025,1.238387177298492,1.0892984530325311,2.5065962749221025,1.4442356722152636,1.8791213405804723
S27_left_hand,1.035234245668737,1.5095894682845672,0.5488230085799422,0.5736480990173939,0.5865692373888439,0.7131323814977828,1.1191641029180288,0.7384477503594891,0.5656715508986152,0.5088532142444615,0.6436169389635841,0.7101570815595964,0.44227333025338306,0.9439324733052866,0.8236182110525821,1.2284251370562047,0.41397070428827065,0.8460099068647383,0.7490324961715327,0.7269397084919392,0.5867626128160676,0.688463203556035,0.6103279255818199,0.6930602861927349,0.9857627611291895,0.7310896961802539,1.0876372444465394,0.950461304319079,0.5314511626137969,0.6225931335463871,0.6093922849097884,0.5735452360260183,1.1243679061209102,1.090029849172284,0.8581108992682169,0.4742969396833342,0.43216704047584875,1.4435371685400626,0.5751569821850508,1.0880469608709027,0.6469073792136238,1.0190270118871192,0.6825082196912515,0.4767793731102068,0.6369271838630306,0.7159276738537632,0.6400039629558711,0.8415330381761245,0.5647137135913097,0.7833060134604275,0.8901046392816316,0.9836591954184172,0.5582616358949318,0.46639280754424545,0.7174404628135157,0.688652472721463,0.8436196175580033,0.7383473975469156,0.48563967923702794,0.5104561960453079,0.5324866100209632,0.8886140101272197,0.6251823574065493,0.6092341801820802,0.6010593883031123,0.9745067052302877,0.5877791714800328,0.5594707678893228,0.7245714195171921,0.7469356212440634,0.4477798959379699,0.6094855369963879,0.7584771412750966,0.6343681784050093,0.6143047231238101,0.5245660953259212,0.5792548373431429,0.6936333687011147,0.5970767859223384,0.9466329708601063,0.6859709042108058,0.6916555748992079,0.6592599927951344,0.6903298997979991,0.9682848750949564,0.4814751553389382,0.5244859569118422,1.8191747005999237,0.5182233729550663,1.0171810728522164,0.7796134363554106,0.7267103116506292,1.1440119135073286,0.8631841953968082,0.43149165955027036,0.5125188671306075,0.6262504472230702,0.7767336429838235,0.4835611440691129,0.4665371399653852,0.7084222457864932,0.7871968073910982,0.7476513935613721,0.6212291661157783,0.5358576292571203,1.3033000668166734,1.191190457112061,1.3115748780099388
S27_right_hand,1.0932090104786512,1.3109007453253787,0.6149713371607748,0.5598606659785291,0.7532027118760765,0.8236417177170309,0.9671151269104363,0.7969293138938892,0.5233691084051493,0.5181527969927,0.689007352126004,0.5916205308302751,0.5257514744420867,1.116828176854552,0.8655592512155152,1.0334255606011244,0.4643522098049277,0.8431405306229419,0.6619954121441115,0.8019170099087815,0.8018905449116803,0.738000840677843,0.6277688651476101,0.5654114977923618,1.2854945388763621,0.947621608445524,0.9700681952093899,1.0691026755720003,0.6686675313779369,0.691075244901558,0.6228704850082977,0.6754416690204919,1.141484153535953,1.030903184342138,1.067975982312118,0.5442913340271893,0.43308697690914516,1.2381941448218314,0.7061437866325908,1.0372541372869852,0.813207810397319,1.0507814829747006,0.648743231033782,0.5885379686898694,0.845968523958888,0.5811801634855447,0.7138091111394482,0.7949807403437893,0.5575147660068375,0.6464509148560907,0.7441950778874616,1.021262052735922,0.5296980661711744,0.48034364923429823,0.6251932615914845,0.579624555122019,0.8023682179922048,0.7087051551258865,0.5744011296167283,0.5030054383479862,0.5842503857763817,0.8550121538162487,0.6777491851198119,0.5646278699987375,0.7549467287744933,0.9594552442953032,0.674677848368984,0.5790014223994824,0.7526741595438493,0.8045510311815043,0.4929385938663764,0.637162309127658,0.8706959241149771,0.7110241870095525,0.8990394696369953,0.5970523324720624,0.523905076817564,0.6677580104667248,0.6502046044454964,0.9033823267224022,0.65704354378644,0.8010265269451508,0.7877001795696935,0.716765131819627,1.0679686689389571,0.5438895318977914,0.4473427230635341,1.9253124437333575,0.6191519892141091,0.9355576513187154,0.9125098702671397,0.7228664280100604,1.04312748917334,1.2029940889132407,0.43650441865163336,0.5455011528082019,0.7796906622878911,0.6502767837937755,0.4964750203383096,0.48129166432357645,0.8505368359389736,0.7204875346955291,0.84605574003027,0.7765387685591727,0.46086082786915694,1.2372872507445571,1.4449371493953562,1.2022949380938897
S28_left_hand,1.0203677544886498,1.080644464352012,0.7695046069494125,0.5199572528898856,1.0159537853862326,0.9994743093923979,1.1418278942740812,0.6074594549966861,0.7814326387549224,0.5725200883290499,0.9028146088154495,0.857151670557619,0.766162478274594,1.2387053689705658,0.6494711208191246,1.6027045201393597,0.6711638859852986,0.5538947277808325,0.6313796493748193,0.48747210697811627,0.9121601280278386,0.8830683774809145,0.5202491234259496,0.9366695491237718,1.8707198703601264,1.3299839912179245,1.1500446572098872,0.8860544537231609,0.43483365930766515,0.47747522055364,0.38368916342870996,0.7685236944750264,0.9308114354675449,0.918648436231229,0.6646624223663571,0.4715123106131508,0.6371231780389444,1.4594257684503829,0.8787044973065156,0.8670907450025123,1.2112311965875517,0.5909478000416173,1.3345593950409997,0.5715112001224925,0.8915815277388165,0.668459301530072,0.6423008356047515,1.027968108202054,0.5058179499043154,1.065558336119212,0.6708295339594362,1.3196565070402517,0.880989720849684,0.6313078479016109,0.5733367313558719,0.6476036177473963,1.0593304922588704,0.7910277957832643,0.509471745757566,0.8717440888832094,1.1457570843501708,0.7211235915692431,0.8804425730471901,0.7274238784655819,0.858294049687276,1.8534579935766369,1.0749463803122892,0.6940558559199015,0.5156060066497686,0.7273082690305923,0.5390121369873824,0.5776035043966223,0.546824611602179,0.4894690550886825,0.7283253954826069,0.8101661350700636,0.5628492203286105,0.49055386373259235,0.9964241021659391,0.7306360031912413,0.8806754206596678,0.6222857992441214,0.8090230426864091,0.8653990812269501,1.2199358804381844,0.6713559410214969,0.5207073192152265,1.065475179433738,0.8732021751096268,0.7768099407455875,1.3087660201676032,0.7498704127027577,1.355619589036371,0.7667405550517571,0.6867958856169982,0.7862944998283548,0.4908647080542535,0.9963680488624621,0.7650087848108248,0.6921271670892513,0.5594529045903545,0.8144340707469621,0.6148426930275372,1.2035467750329316,0.5028284228568307,1.9580661941972426,1.254571767099905,1.021565884596285
S28_right_hand,0.8177578459151146,0.8651154722873639,0.7406989782630092,0.488905129738726,1.0797322036478898,1.0970728605432258,0.9845276800612145,0.5474972961693755,0.8596308188457968,0.6338378477743282,1.0617129022204275,0.9934492073488389,0.9448034747701421,1.2788369980890681,0.8315248194716904,1.8894201025058386,0.6875501407689784,0.44272169765998654,0.5887559299271193,0.5186136542922442,0.9357433800910543,0.8629068253564877,0.5729662042707405,0.9716342570922037,1.9107408467899478,1.6993988394436035,0.9564223981919897,0.7627404017444552,0.4855718427801942,0.5075426463770374,0.416008515201232,0.7305053303083384,0.7632635914757478,0.6808183986305522,0.6617044620809455,0.4461195487419209,0.6269100887258876,1.1755011568336686,0.8544003932308056,0.6491693239406899,1.3545078602380047,0.5499168180095972,1.3066808451869136,0.5546052066300882,0.9442144122264018,0.731842493195536,0.5488570782749826,0.939732794560881,0.5452027045873655,0.979347493677011,0.5616807950951604,1.114124703218798,0.8793765335582959,0.6614060236235962,0.607073347661486,0.684128959033069,1.2097668564576307,0.7216163398149911,0.5579334624629226,0.8112092849962655,1.153023642854579,0.5485724307351045,0.8320851103071769,0.7057839859496625,0.9327600200455352,1.8500069141157052,0.981794564218697,0.6030935581411166,0.45081259747925956,0.6632764272617082,0.5086981271499873,0.5535691883598153,0.6915446141072741,0.5562660137522758,0.8279354886879701,0.7768319871408932,0.5187728721860122,0.41120949487954717,0.9531222223993477,0.5321391015475043,0.8150438749920899,0.6194033854647175,0.730146792082233,0.836550625176668,1.2314617353812243,0.699004695244411,0.47409791240218757,0.8510675748438579,0.9208833914720644,0.6377579527641947,1.3146024083202823,0.9232392541597824,1.1699881753845367,0.7692007546130808,0.6979417866300691,0.7606360392816287,0.5150298386320301,0.9003584266746595,0.8113130866515004,0.6721661783071202,0.571365536994552,0.6757576761119295,0.6032694066493387,1.2891094637458753,0.5352590551324032,1.7190277665080334,1.087581156263972,0.7846339949622472
S29_left_hand,3.7244726494645244,4.78051712263311,1.3619351713951655,1.4187806469814985,0.8593893345171172,0.7368471617262212,3.2651619752846957,1.8438438841863314,1.445360578308938,1.9019225711666423,0.7245965695654086,1.4978390363568619,1.1971201924953572,0.7298319660887821,0.8116684958211478,1.5934863313492973,1.528690247329918,2.4575046264524065,1.757794388089324,2.2149442387949065,0.7664436153495308,1.182232144592837,1.0502171060063112,2.3212820993570125,1.0923545565061274,1.0625389466619473,2.708808610469846,2.193366596995996,1.273986288003519,1.0035004405820307,1.716716602115322,2.525513508508074,2.646333855224957,3.1703213012834435,1.6643756762540913,1.4162348303723595,1.7061217710781582,3.9363221286333134,1.659637021242724,4.131433644520713,0.7001340349888557,1.9340835320806655,1.4628351963217945,2.1235048344170986,1.0314930383793155,2.4041705659897192,2.4548606736620506,2.3449212934699513,1.0766788909124985,1.838976408986056,3.0234112214920525,2.2515282961502128,2.6429133911634524,2.0428229899830574,1.7655872970432571,2.1591534406495785,0.55307814420125,1.5440749185079814,0.9247305610643137,2.0229804504208353,1.13376250008076,3.044371618931055,2.241918961934367,2.5048536670104693,0.8236290356839275,1.4387072581666591,1.536125740845325,1.7864026905627204,1.60952314793707,1.511088835494034,1.5751091672119126,1.8421384275857204,1.1163565193130542,1.5887741856914006,1.2221347833478697,1.471241840692156,2.3917444277129034,1.9737185614134303,1.2934474885045661,2.9180886868791807,1.6479147939955299,1.3523205259059945,1.3484991987012145,1.2470131185779514,1.0414911067341093,1.074989909154438,1.9628247627228768,3.696990955252035,1.135735678047135,2.874510588002139,0.7523693455099248,1.1588426272299657,3.0251037920605386,2.1016208752479284,1.6262545273638025,1.3412514039980603,2.1028894212659264,2.028172399994203,1.655732389835825,1.4880418930084631,1.3344425819442136,3.3532656749460887,1.3819252976238494,1.1042245432879247,1.516320065719148,2.5910214294358362,2.5634777024196302,3.8222055673963564
S29_right_hand,1.2272822840724338,1.3153124316900013,0.6263517103371278,0.5691904888556066,0.707981685320094,0.7920343096945432,0.984740090153214,0.889401806265096,0.45965901551689453,0.5713405711185772,0.5949714533522125,0.39761778388265634,0.45083532830979545,1.0090745835318757,0.7579841792640903,0.6149790180325828,0.4358379767329976,0.9051472070806916,0.6420283657762174,0.8637930047916111,0.8267565040378754,0.7167086789357171,0.6113442216389294,0.4333623331667683,1.2493643527179035,0.8325467091061219,0.9750101015541266,1.1956269062958862,0.7266537113068674,0.7345396580002083,0.6626312976636705,0.7647602315299815,1.2763778453035433,1.1298075353066726,1.1706801373376752,0.556623842005131,0.4545332683932198,1.233330625823513,0.819189771604942,1.15094605311809,0.700947962029475,1.0813340004142395,0.5213781947321459,0.6138487120507072,0.881116068207551,0.5061782775731734,0.8437459364559261,0.7608923155035733,0.5320461590152832,0.5366727257140217,0.7891258692987055,1.0657011545839248,0.5139489668557418,0.40348424064166794,0.5201996762943562,0.5080162799148663,0.5988626606908716,0.7464233977689945,0.633361823008693,0.49439160502364793,0.48796018532369917,0.9538421155976772,0.7567736037667858,0.6162763143409109,0.7833506467755856,0.7937846173790991,0.70552107986244,0.5774474552966936,0.7845246046343696,0.8666158533806444,0.5170107249462877,0.6780008947412469,0.823883088638771,0.687405295769614,0.9950419113815822,0.652249806062985,0.5051627274716244,0.6066956317021359,0.6281059923652802,0.9744633144344834,0.634342548504996,0.8577720466876747,0.86101358718816,0.7398923523139095,1.0216985250789066,0.51097528676902,0.4777183053109355,2.106194649168768,0.6235710492041905,1.0369164563014914,0.8376207391631325,0.5564324974819251,1.0032549407823967,1.332480869890415,0.3586429326708995,0.5866973169153309,0.936638198829947,0.557824148053476,0.42278785666092683,0.5218816315033545,0.9148496512617179,0.8237435668997858,0.9191532832508722,0.7181197654799358,0.4313811458397604,1.1711269386221994,1.6301718920813884,1.3001239241644134
S30_left_hand,1.7360957234313188,3.1408522925838898,0.849087826266781,1.0975311087657809,0.5429205786611703,0.7117863290035582,2.2416296732029877,1.0644917277747163,1.1955080707902004,1.114278445055975,0.9465792566766243,1.7029965464364945,0.7636977054320518,0.7865126577113047,1.2855750583430183,2.579985994098,0.9095319955877132,1.581236684509403,1.5642953080004662,1.3829859502153197,0.35439940728716146,0.8352337835617013,0.849808207508247,1.6853500004315052,0.5312360771459592,0.6380932434708717,1.8491400648599736,1.125493564412666,0.763673545680793,0.843639011671103,1.1553806243518348,0.9738614264440829,1.574085442604298,1.81617057837346,0.9823734136134474,0.8605467173451512,0.9278901262973951,2.6221345729429295,0.5839747761724656,2.098062715917483,0.6217220081466986,1.5252507107434374,1.1221029555555797,0.9457173363197351,0.5488636939271654,1.8582305927120513,1.1446499023470778,1.6028753402062754,1.02656585992902,1.6760705964154639,1.8674591405968894,1.2795243863903494,1.3946316887572654,1.2648114336899363,1.6182858491612737,1.6615895744021532,1.3090720125478303,1.1469198210289901,0.7133785256290425,1.0346310273078811,0.7400895875442562,1.627017876163388,0.9933945940930706,1.41652933450174,0.5456726486136777,1.295155141125493,0.7140205114353789,1.084218262687019,1.1893486215927793,0.8390093904524338,0.8802605595593966,1.0729923523764817,1.1631713183940573,1.1499734314578887,0.5633757349155246,0.7583192558325178,1.401326531566296,1.4737148101903377,0.9238798749232398,1.7256772395790543,1.2315498281022799,0.9444089009115519,0.683221906729381,0.9215127949970336,1.038834939096459,0.8874078837004626,1.2178870670994466,2.4264761034570177,0.6070720060384368,1.867339129387376,0.5762664317243991,1.377845106802169,1.9879200033331756,0.9687374072684265,1.0049126684352414,0.7505131012266497,0.9214171922065055,1.6409064774296973,0.9981459929021856,0.9254314187702724,1.023694607917708,1.6741730905175105,0.8792997192295777,0.6421533946295033,1.2019616057452263,1.842141481503307,1.099032390837699,2.3848580094014697
S30_right_hand,0.8664574325588967,1.327064046893324,0.4874920281873134,0.6825715044754375,0.5755269023327027,0.8150554473838856,0.7781434965209354,0.8121419319549095,0.641870954099554,0.782584043884879,0.8083662201460281,0.8877951254399651,0.6161996285267175,0.9532761124238722,1.385651091588278,1.2283057257112455,0.48803156804370534,0.9994899548690065,0.9343567603566598,1.1621715257013963,0.6492436092720942,0.5396768084013864,0.7013735799927825,0.5281390611212106,0.8781554538467021,0.9448233617826144,0.7145252935329875,0.8274946543065944,0.8343627407860157,0.9703595667866088,0.886129822129111,0.6143913578336915,0.9431486799911064,0.8353250049250847,1.0868250569283306,0.6152757031871959,0.49221174968784065,0.8935794199303579,0.5296768300229927,0.9726667738032326,0.6904768356132858,1.2982921763583892,0.45870009217827545,0.6398459969518339,0.7187420468721369,0.8604098732900614,0.7431904632293247,0.5880362643423341,0.7437244330258975,0.5482417495549972,0.7666152170710547,0.603114349219772,0.49990913550617716,0.6110548277738184,1.0295403111964228,1.0306804506026,0.8490631228130046,0.6787800383724388,0.7416828833778283,0.4083533823034856,0.3939022200940952,0.7557768285304688,0.48291346169206095,0.6369581885380217,0.7708168351869189,0.5504593447709963,0.4205769782131664,0.5078358041002006,0.8429014416324835,0.6658980684899021,0.5505271378198301,0.6359547647404248,1.3961126775632806,1.1631485597450135,1.022422925485136,0.45980744551010067,0.6654444062288092,0.9609182989756351,0.4694790282808121,0.8767050174154449,0.5040848550192846,0.8604159485808033,0.5671628120070549,0.548260629180992,0.8560242440737156,0.6070968928501349,0.5837805180392949,2.064753332459836,0.4550381942458006,0.8774739063035202,0.6387066602315552,1.010273007483738,0.6740172577823716,1.3678000245367932,0.44998018226817865,0.43202535281841214,0.8763552111650184,0.521483981157022,0.5561497904799734,0.5135744113085485,1.0203936678489145,0.6483280560674851,0.8715503321667579,0.5475852299428596,0.6153564044330272,0.6820113704387841,1.094504714562988,1.0207000070582786
S31_left_hand,1.241582938141185,1.8344264823278649,0.5468514390589957,0.6714280955959611,0.4557284054119373,0.5577055265437676,1.26987408066534,0.8701656747844391,0.5381011300191348,0.586388023748792,0.5239856760002664,0.6845626879256826,0.382548413505295,0.6659853206373092,0.810727048648902,0.985286090541774,0.42493901075572804,1.0568291534558285,0.8016269478068849,0.8706559271689848,0.475429812491983,0.6161124151257492,0.6184085262724913,0.6672521508877042,0.6443557573229146,0.5428309595198075,1.1512128966921304,1.0032957920986416,0.6062048441864325,0.6439268161695955,0.7403068903241813,0.6395766890983262,1.3190401594438312,1.3144111245471084,0.9595605035018815,0.577650088800238,0.44878912220343087,1.5631667329439878,0.5668479422894461,1.373273559130884,0.41487470231094403,1.1773199053038186,0.49555559143659766,0.545493688039798,0.5342794432560489,0.78833499814701,0.8181383810251889,0.9419639305279904,0.5611880381780822,0.7432610489759903,1.0714580220466596,0.9636443346990241,0.5752263316260919,0.5146362532708361,0.7540517547559318,0.7053511866738609,0.6395095850232938,0.7559416938589528,0.48331488357403746,0.49159690402777817,0.38689487468633016,1.1232095437284386,0.6470329417801407,0.7076414440348164,0.47267838460538825,0.6420878017041068,0.5394439332029184,0.6042669289958413,0.8851559345454296,0.7777397052724013,0.4994764138959876,0.7188489526501424,0.8103356023746522,0.7190829831254121,0.6386863079061275,0.5232221017019396,0.6826846978893587,0.8630610003165438,0.528853633117549,1.1735894729920902,0.6570770997773878,0.7679932517091728,0.642260473183217,0.6680044909354832,0.7873412510759499,0.4720432617788366,0.6015621497131498,2.1761921945019114,0.44260524303702053,1.2304873691542348,0.4882087736088729,0.6237845797691407,1.1433293680628045,1.0010175007290207,0.4166024699095529,0.49192221728344443,0.7998371581864547,0.7528204145228513,0.44192898663229274,0.49577376107568266,0.8143891380993241,0.9524907938976297,0.8188112298182582,0.421236001978576,0.5878361373276302,1.1831822265849998,1.2261959063943846,1.630206169349122
S31_right_hand,1.6205099484939114,1.877535981145181,0.867117984836099,0.7761923435928921,0.8360617077084425,0.8745581403381861,1.5758798789012942,1.1257179441904968,0.6358394357559953,0.5993876303146451,0.6245077783620782,0.5236459695185975,0.4284468476133589,1.173684825064454,0.6343011515288942,0.7936257632391615,0.5795933956150298,1.129625437411007,0.659141777967913,0.7087806888486884,0.8939836260008565,1.0202415155628943,0.7587255531173578,0.6969644206637542,1.4046565162033906,0.7656120156218991,1.535272129562224,1.518792133688244,0.7215063265753638,0.7111023668811078,0.701213349111026,0.8260438805745884,1.7602326670945072,1.648913637364377,1.2804750754299548,0.7179424390328126,0.5985717864836609,2.0273579560102997,0.9198657626026062,1.5534810195815656,0.7920614075403042,1.2802295579531524,0.8203668879776402,0.592446325757734,0.9078232882392478,0.6556059350332316,0.9886100118514496,1.231001233159075,0.5896766932822357,0.8998215799269048,1.1926105655075272,1.56809615667775,0.7168359246538341,0.4966745946863327,0.52980395102633,0.468476134059717,0.7955626630332957,1.0661378051364077,0.644188884560648,0.7286064990231179,0.6919132865648017,1.3472516942294148,1.0495779837571466,0.8319711140349503,0.7428869257038107,1.2257786835700228,1.0220803333630026,0.8614117538363705,1.0160872267721797,1.158147530311035,0.6401823876659062,0.9271956857969263,0.727769528946317,0.5662494174347539,0.8142718545056719,0.8629030560662774,0.6950616123592877,0.7833641299060586,0.8630246922576861,1.3845980354930085,0.9946739328471661,1.0223106020688488,1.080034451405486,1.0430186254189446,1.2893640961166817,0.6211700792692503,0.6437234084047768,2.4744149722155737,0.7940411086950032,1.4153970616499123,1.0101795844707835,0.5040509197230217,1.591525707376137,1.0479712645931907,0.42460424717864037,0.7708608796500418,0.9273311123929062,0.9147354183977778,0.5398745548525377,0.6387483234066517,1.0124818926948795,1.1353218436439736,1.0567516965972186,0.8420799831425818,0.60075121870646,1.867273856090163,1.8778889893846884,1.9340725201301885
S32_left_hand,0.6275651521526633,0.7978541165757291,0.4833584061201981,0.44994844957522373,0.8996149494490701,0.988024070738542,0.622531332764137,0.5350329529856096,0.666542635868119,0.7297018465721933,1.0685779845046801,0.9971856141457,0.9712112078904693,1.1304849440365823,1.1509051369743908,1.766472012306401,0.597531892882964,0.5124480293805602,0.6861699030687519,0.8109770706510382,0.859068374628352,0.5584867257300486,0.609348031160865,0.6756572709841255,1.529238589459812,1.8291116524693136,0.6155902811849877,0.6504072222767657,0.5830060683564638,0.6974578032437109,0.5265983395751155,0.629970102874358,0.5924025831937219,0.48338618977344205,0.793572607312597,0.42728519463910214,0.4863000156283519,0.7369296206716817,0.662690512463089,0.5516490874551221,1.217767651538336,0.7349786239555938,0.8326407048066086,0.5939511344012157,0.8580597233055995,0.7279360233554202,0.5201512986518818,0.5570106107389328,0.5984148664356046,0.6751410250958408,0.45569481064530737,0.6312724301189854,0.5876718457854664,0.6690250655049519,0.7859225880047571,0.8871083717313724,1.0688727297888405,0.5450274855055502,0.6078605349897391,0.5536442663257548,0.839754591480071,0.4385491632490144,0.5042290977456618,0.5223654105470218,0.9816424595655496,1.162328674439986,0.6035604762060928,0.4253735549952393,0.48531914590360214,0.5297136600661797,0.4479535081741477,0.475662130754957,1.012360432812474,0.8617099161596755,1.0373552916443487,0.5218611833572258,0.5004851116976831,0.5728235893637804,0.6736308884264193,0.5358571188083399,0.5263056445666046,0.6163182196750234,0.5367589579664398,0.5726271105428398,0.9410805185619431,0.6433717594079582,0.4477667883854369,1.1476660471694942,0.7037088265508188,0.5179750816720153,1.0059225460029528,1.0752145593375682,0.6899005130586696,1.0084013895429575,0.6225409518857868,0.5186545174512766,0.6049734751948289,0.5760927268938948,0.7628682616349062,0.5392846898416035,0.6804487234517521,0.4586615491853415,0.6291636848437189,1.0455119949353464,0.5168557687927026,0.967753950140163,0.9087684485826671,0.5961166689916951
S32_right_hand,0.6273594980230801,1.21618052275786,0.49501867089086343,0.6175516233435515,0.701100921332696,0.8897344347777412,0.8522673747380375,0.6020594425921412,0.7155286657419185,0.649682666967904,0.9889235873080996,1.0678606986814954,0.6996531382015679,1.0617718324331764,1.2526156885212087,1.750429355515429,0.543297489323956,0.7393470867566234,0.8648869943667908,0.8584044120615514,0.6393232497399479,0.6044156020356235,0.6521241074287212,0.7511513444520282,1.110417639019387,1.1900292211435592,0.7805418316346716,0.6428690845160662,0.5874411817113968,0.7815793660750648,0.6566315588862001,0.4793245224459734,0.8110090418773491,0.7024841782316865,0.8222463681551581,0.4962187514939697,0.44329516075384134,1.0456341027645761,0.46527125535475844,0.7489158950975264,0.8839458250522286,1.0056070691815766,0.6967171599075648,0.49167759262678545,0.7032579526486218,0.8968681028394216,0.5112471950149479,0.6937415646624114,0.7104249580296781,0.7886048831279564,0.6952181868773613,0.671120965883677,0.5632060245983679,0.6414639716583794,0.9631623911825046,0.9369211742944245,1.109342920798528,0.6913398839262181,0.6213291089561042,0.4509464358082892,0.5857579252811052,0.5983918463495145,0.4508619982569653,0.5982936742946086,0.7801982680567456,0.9939165467715138,0.4241524955667569,0.4727794978863164,0.6774532733475637,0.5851609656373874,0.45110457194917397,0.49045736642541393,1.1134849860596985,0.8957604106560966,0.7943197421683912,0.4651341332684928,0.5828195879921395,0.7528062304064743,0.5922900258331149,0.692905392624408,0.5978444444347909,0.6838329644623423,0.5261650466074348,0.6123691800160113,1.0187991987624236,0.6474038388187044,0.5231301347201683,1.558662633609213,0.5349246257622554,0.7825678429276657,0.8202150071354632,1.0597420740086336,0.8158910171787669,0.8987090970553715,0.5257786590481028,0.4727293137342761,0.5643467937537094,0.6826813575565338,0.6473384317830636,0.49871955273221635,0.7964262706507022,0.5503440800189934,0.692868626661506,0.7536851530126452,0.6088631294573809,1.0066503951430383,0.8132581579558449,0.9053448333931241
S33_left_hand,0.6398716245483217,0.8798433644446898,0.579672146369463,0.5817827418200171,1.1794812201687401,1.3560509190305536,0.5824527149487171,0.5561845235627465,1.1368383189287914,1.347830678644243,1.5914784257144867,1.6481075806261438,1.847986018348877,1.2115509205992225,1.8291590761509602,2.617552685993351,1.0552474600828603,0.6254991175058249,0.9565907377285968,1.367541300306957,1.0501677540702032,0.493336191644469,0.8048243757618893,0.9969978222696365,1.8763330946194787,3.2432957487727285,0.38830822387910646,0.45001478911134896,0.9043282927608026,1.01001401902224,0.8392846896813004,1.0071297370008923,0.4297044402723036,0.3978255676938302,0.7926048632389652,0.6009377903843491,0.8486855087813758,0.615889767615246,0.8564017652793724,0.6701959109413517,1.782102149720905,0.817459238656809,1.191435697706613,1.0492225782872466,1.135563964583278,1.3106416778205945,0.720698805510637,0.5432389873495904,0.8324756052147588,0.7697355069395351,0.552380475298854,0.45331284592663906,1.0997977502907494,1.2958334167975194,1.2795373484959602,1.6608067309338792,1.3819196309640274,0.5676226982500726,0.9125250899069964,0.7836171561972733,1.2917739749943122,0.47777564456903715,0.6848456410305068,0.9742786121897432,1.3866942335975652,1.309349695611993,0.6925848388479278,0.6320924932668783,0.5664560508942645,0.4708858913958518,0.7249523501082042,0.5857101227970642,1.5749701274296748,1.4723114410565317,1.570250512425191,0.7505308286752048,0.8063082763612662,0.9262162207664387,0.8173561879344048,0.5768135988383993,0.5726097628024853,0.6976200177174794,0.4932014556751238,0.5087171487831345,0.8206392419478716,0.9132566651295629,0.6811062094267877,1.0300974270800394,0.947823482713799,0.5141878536744616,1.0672331430742392,1.7739762114241029,0.5239020077072916,1.3482717809265934,1.1773911333255804,0.6670237563683853,0.8591578974312292,0.5800812573940224,1.3133818035863822,0.8191967167783974,0.808888055280432,0.6303327097791327,0.7376749425927258,1.6147734170181187,0.7937190293901168,0.6867344485256601,0.6463872130825474,0.46454037953651084
S33_right_hand,1.5220354735579333,2.740069195215994,0.9706416440606545,1.111940073804957,0.7349014237326661,0.8657888729706135,2.277590585914237,1.1248199668803467,1.225862039496561,0.8555129305341461,1.0534071212560774,1.6838946953789982,0.5950587709254028,1.2103993726612863,1.2092953326671354,2.6219591096928547,0.832960862987572,1.4604131755000642,1.4228452685897706,1.056963965649596,0.5028648072454786,1.0797308093095621,0.8585959994483032,1.5751141269079365,0.7063886592724803,0.5249220593540914,1.8715678730689438,1.1614843933928178,0.69059664023882,0.8710593091123155,0.9994029852451898,0.7856249484873434,1.6280614995062535,1.7546682590739813,1.059886855640562,0.8415893131067678,0.7561283523171147,2.6165372411708065,0.5773289766802354,1.7497015495835067,0.7534343452900216,1.4507616440354354,1.179636068693085,0.693189642600644,0.6466820296070559,1.643675149063804,1.0207292121555243,1.6667135311740162,1.0254755612826372,1.799456222556628,1.7146151912188439,1.4172123368128158,1.208696707898174,1.12966929401173,1.4466593278942617,1.4031249733896223,1.6134897360376121,1.2920176298268027,0.6923915837736668,0.9739593323365051,0.7727911044750547,1.508616139258464,0.9474444254809657,1.2092789509982536,0.6345274970590467,1.548787546957937,0.8305754763978577,1.0746669748117306,1.1952277597795569,0.9535851147681478,0.8327954772976682,1.0511974706543934,1.0690853314115167,0.8533104699527868,0.4949356953695196,0.8177978617835933,1.1703196707809644,1.2755489865588707,1.0475429463793613,1.6110548397305342,1.3234476091020382,1.0246623306016562,0.8200585492091352,1.1398542219160595,1.4231230985450167,0.9090794206733934,1.0759517556381888,2.2641154375856334,0.7079956978246853,1.802627226376239,0.87199979711883,1.1523424114492613,1.937832568630618,0.739174821069916,0.8638980667471683,0.7854472076429504,0.7745433271937795,1.7014184091719025,0.8918564023789148,0.8640810354655715,1.0880708616371533,1.4875174545504748,0.9522281699650056,0.6868499719181761,1.1597027534698905,2.10085204969848,1.0905936373507055,2.255138883481711
S34_left_hand,0.44887905437171094,1.0498048904894197,0.9147956014044533,1.0138950650017255,1.607697508585235,1.994491972888017,0.889834360349232,0.9270299841203966,1.5156759452754098,1.4153156605464576,2.2605928386370837,2.0690536253731433,1.9545174801808565,2.1907757595826234,2.567970721731154,3.3057704986262695,1.2315628633143119,0.9812619747300945,1.4432555720154627,1.4494579955842444,1.4158728051771325,0.9882164619198238,1.2690132732870334,1.131191090089646,2.379381902680669,3.460741710408658,0.7580832111614073,0.798503198874167,1.2070569217495626,1.540626159428673,1.1298241304709444,0.7679749808122422,0.8314051380600895,0.620307667451987,1.35357704353144,0.8888538616982136,0.9346947999619295,0.8823007336055789,0.9258196355567914,0.5672136460924864,2.190341685513117,1.4550998941307327,1.405451063406415,0.939768380043733,1.593561648433919,1.5548196890498471,0.7055357304095486,0.8917850834439772,1.3935130877060573,1.106201412819333,0.7265210250659703,0.7709437362898346,1.0188364055304233,1.3540053483395804,1.6914340009000768,1.8762545033832718,2.1147923258486494,1.0724226443639282,1.3457962583449339,0.7699747115172761,1.469419765449675,0.6064444209873014,0.697576065531066,0.9399756952372907,1.9001320730924491,1.7900430196822097,0.8605186900709736,0.8163293579892086,1.0039728256491203,0.8432869758600122,0.8888708052327489,0.8969876633374484,2.2834387457181067,1.758586466311406,1.7580960635533558,0.982244234907576,0.935295835431916,1.222567668724199,1.271686311509101,0.8201832165269329,0.9709080261706161,1.2759402763466283,0.834515597899424,0.9844462597414826,1.766473040633282,1.3597230509908058,0.8362873993650095,1.634259416799849,1.2597969723395246,0.8453230594788292,1.713902748489791,2.2201915151415723,0.7815210935518537,1.303139117724562,1.168495065008574,0.9080909522100438,0.8936202693458679,0.9235584180124399,1.4718979353896608,1.0876633624582355,1.3897783488563875,0.5246938061522507,1.1977180526797073,1.9179655983884882,1.0947761401404401,1.1562699587068315,0.8990394432970313,0.6890768557838828
S34_right_hand,1.2411639302711095,2.842881846166313,1.1960721019864564,1.7737719247321952,1.1582358337066216,1.7754049178258229,1.8101555198091908,1.7167245218272738,1.6874537773306475,1.660317025515036,2.015096448340958,2.198908335787979,1.2686058536188765,2.151221142773179,3.5022508802995884,2.780629992770522,1.1246892446330876,2.3243576867561906,2.5208829267435306,2.26662921160292,1.0249875321369828,1.3211538350618701,1.7993149602797267,1.348850740301959,1.1968460065785838,1.3225713322206145,1.5557311123267004,1.494503484239425,1.6762333901858584,2.362127159115469,2.1694735518977013,0.8595632657700054,1.9251483077595526,1.719760747744631,2.2232929772419827,1.4708448629876347,1.1033862981622466,1.9171484526895748,0.8539144073656224,1.7466749628365743,1.2550897660184672,3.2027298967318774,0.9824817588647115,0.9576592350139628,1.389370466690863,2.208297075602314,1.2591948670546913,1.4891594934873085,2.0596210024955357,1.3502323883572425,1.7520339702388967,1.2978974654706028,0.9954678752176186,1.3652138064412946,2.5428368853242156,2.389086871353673,2.115604900668078,1.68111175292328,1.7874308491219864,0.6778238537724777,0.7555136564057587,1.5790913348116575,0.8407530201076823,1.3958197463785298,1.4746881776757204,1.1980262324022024,0.7723046804692515,1.303139818948731,2.0359105783219755,1.4817100135186672,1.2451813483336043,1.526525501391851,3.3937870143148596,2.554028692078547,1.5384095482617337,1.0652379419693432,1.620310417406881,2.4141750081311613,1.2337122877986184,2.027730795089874,1.3717973022895584,2.0253669734365722,1.1811094037511818,1.4068070624378681,2.001750662697366,1.644551633403051,1.3998262868933584,4.0382633756114785,1.0101988384493599,2.108140093135952,1.2447677185112098,2.4717401048862238,1.4675516651763454,1.7138738027350593,0.8720940150258286,0.9803191011108507,1.4942787549272414,1.3396101860907619,1.2771160893097582,1.329569824393812,2.3822388018745597,1.1920789674141832,1.9839382005929458,1.0639982730996045,1.5609365306379033,1.4287104008464577,1.4711953488865535,2.01973975157238
S35_left_hand,0.7823735642811966,1.1632888408010653,0.4487116486976509,0.5274643764825027,0.5922088302769586,0.7173255315900136,0.7717037396166722,0.6414368581373114,0.5111588059002841,0.5647915713918774,0.7324854461908482,0.7343471525039778,0.5500968232455249,0.9386691051707353,1.0315744043985933,1.1788056051957874,0.41729924741038227,0.7765232776696427,0.6839466413031707,0.8051263977210548,0.6415673020088053,0.5344155442004547,0.6006558279376372,0.551997937977412,1.0297008917383579,0.9929173889260307,0.7129901853812907,0.7906425038437433,0.6013418451312301,0.7166767978782407,0.6539149166983316,0.5404519541222168,0.8624928934070004,0.7639046056286024,0.9242558536312787,0.4586708837097393,0.4254150833275601,0.9387132822363187,0.4742253448231864,0.8653772985595064,0.691023723921053,1.0142329522624607,0.5091493171522489,0.5178648554316089,0.652621259966011,0.6767415949657274,0.5777988210865884,0.6195065959075762,0.5809401852824175,0.5458528994356793,0.6669952493290178,0.6873100789921288,0.48227184911785886,0.527880514365835,0.7353434953064809,0.7458244886248542,0.8093916766897085,0.6200503474205242,0.5774535031281874,0.40568395569196,0.4588519744117404,0.6744959053910214,0.49648135149487016,0.5012744759124317,0.7165443392495283,0.6979269404163515,0.4782328653014508,0.4432998094499346,0.6560027303101218,0.6052915283106824,0.4163850486409112,0.5220809116608613,0.9759676530989065,0.7698993552106467,0.7907882506936988,0.4467577871289798,0.5351302924885307,0.7032044880182773,0.49872580962695207,0.7523457582166068,0.5108246401135141,0.710151079516697,0.5465384877865557,0.5518849577978151,0.8746559105343731,0.4972818648180666,0.46395164567476654,1.6792572439308924,0.48138739716469386,0.7684999623182631,0.7113798193670261,0.8275587767356126,0.7306247762701265,1.011613744234788,0.4023585694509043,0.4290703966619689,0.6589530170506515,0.5345510570839125,0.4941169230895429,0.44128509570859975,0.8021282201545118,0.5842545832238596,0.7168232417489289,0.6538072028720281,0.4823944326517968,0.7921748143844483,0.9888901593042125,0.9621567321128148
S35_right_hand,0.8331221715404729,1.1365582580027023,0.4169513776454619,0.4562783476090916,0.5267188111860409,0.6726893236438577,0.7781028376883544,0.5826273171878948,0.48093670257239945,0.4591653246830331,0.5967382084997978,0.6172533341247045,0.5003541292919516,0.8000799718267005,0.7872867361816854,1.05466194075828,0.3633245141561715,0.6889533171147978,0.5761391672165267,0.7074936910158097,0.555897809152919,0.49134901602515624,0.4933139844976449,0.5141025362548555,0.9283999177366514,0.8889370787364534,0.7588791445322163,0.72765008625909,0.5210290012034188,0.5722917156232282,0.530079444869499,0.5386372428635332,0.8658008201758549,0.8001382407759507,0.7726296226403412,0.40201316110875335,0.3735934880544507,0.9895427096080238,0.47301877042626245,0.8806351856058141,0.6347374222852691,0.8243594267900016,0.48978765981195244,0.49761018138855667,0.5898340891317224,0.5883476617919913,0.5896130111391561,0.600729786451412,0.46542449838301003,0.5439956142669304,0.6446140427368061,0.650255305391485,0.49054501502456305,0.47555562524237005,0.5983615417913615,0.6330442240589269,0.6844843439748033,0.5508154362560541,0.46104645254873583,0.40910444482738395,0.44383468165171563,0.6647524132518509,0.48375806415096445,0.5336027923627897,0.5820508593307935,0.6577263876897066,0.44110962573503776,0.42367062596629107,0.585602853688652,0.5694288558149495,0.3915776150065031,0.46848960257286626,0.7521770604925532,0.6262371733719123,0.6796099666266886,0.42855403499683664,0.4897630087475422,0.5815084885520515,0.46628598647621494,0.7128563066114201,0.48963703221946897,0.6069630103439434,0.5102560919365912,0.5048288251916491,0.7733164217682253,0.421418477434447,0.41025018845102806,1.5137202781730146,0.44528789961617804,0.7804398808304298,0.6375147314381486,0.6532992736912016,0.7719011374043868,0.9034611235731966,0.3910347468568848,0.3945237531196979,0.5933710822514595,0.5386519547163239,0.41215264490997194,0.4037286319372477,0.635216160049818,0.6150636280264044,0.6422867245002629,0.5820072374438601,0.36529525498762144,0.8382809404986661,0.9838274866841591,0.97905278347539
S36_left_hand,0.6308632761426632,1.1100534945567648,0.4708018333362709,0.5032774165487942,0.7517770510846299,0.8858983731111745,0.7579036015635068,0.4747375307033664,0.8079338907457647,0.7272826652209696,1.0220058727303143,1.2298959710877788,0.942742241144451,0.9884589482969118,1.231900849536328,2.1038182940608547,0.6319921575005866,0.5819418384332891,0.845619295497865,0.914449441704487,0.6303034012956136,0.5177178919442387,0.5697989824864254,0.8846102000494749,1.297770828103757,1.6077057691184082,0.6998882160298544,0.48351769307167863,0.5500580555831396,0.669305285383365,0.597961162517498,0.6163154360782818,0.543446802819707,0.5360836615038501,0.6517710861281959,0.43072307732528387,0.5131210981482016,1.0034341604058268,0.529050236272914,0.7235582013730436,1.0783449605921016,0.7699798528372905,0.9303504483882413,0.6300472010958501,0.6957330900806374,0.9787381436453387,0.5142381059936614,0.6891609676949539,0.6560595312595373,0.8503008548272998,0.6116612181295171,0.5929995836784471,0.743141105401932,0.8007845728878955,0.9686292561265075,1.10155088600028,1.170825662967161,0.5535316481749638,0.5790204056939974,0.599442597061953,0.8086870995833042,0.5101611346031735,0.5320795891673146,0.6810403815577368,0.8482919387927406,1.2016212323006472,0.5297895079392,0.4910557942317388,0.4922092633008616,0.4431332818539735,0.4466436248925145,0.45993718983393495,1.0809613244962157,0.9082790021684131,0.8784881304283185,0.49012677172822816,0.6778115749144643,0.6867425905140486,0.6411086053609408,0.5513020013719199,0.584590467775258,0.5456660455467939,0.4483098599646152,0.5192647295337687,0.8639001799440413,0.6281508861500205,0.5526707910571533,1.1001974490697797,0.6066522726486497,0.6161131277063491,0.8520190711673431,1.2042673266122548,0.8118367557041731,0.9385583463814786,0.7472047322275113,0.5392101633982777,0.5348621767658079,0.737649668317004,0.7697096666380411,0.5483166898502071,0.6394237534925383,0.5797427271889147,0.5133182757815516,0.9804020604452235,0.621507654450021,0.9553692604233742,0.6932109138315826,0.7054488396964027
S36_right_hand,1.270119613362133,1.2352629646573345,0.6049699441304237,0.5364230212576788,0.7563085632953266,0.7679957346707765,0.9745078099647057,0.8493773468382475,0.4903355601878636,0.5872384756871192,0.6449433702664289,0.4052164656786331,0.5625044649600002,1.0293355053383928,0.7186490195206938,0.7515774317984193,0.4681192213104384,0.8400471344945425,0.5811952826869116,0.8472107097603282,0.8889025655823558,0.719916983906193,0.6265426693268341,0.5379552718541865,1.413432791841854,1.0159662634021198,0.9668162127412063,1.1605438884305734,0.7176097870382512,0.6754373987091353,0.6011183909000036,0.8633866353185533,1.182804733804077,1.0837972094167985,1.1420636851436132,0.5402132517538393,0.4968516989208765,1.1961874314887366,0.8692289103636162,1.150909120148502,0.8165414450329758,0.9929910129245514,0.6532806888765004,0.6762753279109733,0.9349343239116393,0.5073438632314794,0.8612436370286678,0.7617987456082989,0.4826333391699641,0.5560653883374388,0.7604061752737615,1.0804424467152742,0.5862185024033454,0.4835149064349028,0.5140503564710963,0.5479648236205076,0.6428157693553731,0.6992460988940551,0.6217570630575845,0.5806045476777725,0.5857214708066281,0.944536056452197,0.8332803848606478,0.6312280500881766,0.8216449130492446,0.8855064085929863,0.7772008228776164,0.616736535299153,0.7148634228729783,0.8298168257370783,0.5461713825985898,0.6842329517566482,0.7780724341346927,0.7001528133630941,1.0525833273096175,0.6669282602149849,0.545252770739266,0.5913587017422313,0.6479371976909342,0.9240455629163267,0.6449708038640743,0.8335682900441665,0.8566034798400245,0.7242527591740391,1.0054580766413765,0.494651891959984,0.49451283852686945,1.9287074016127692,0.6869715762726775,0.9486104325633608,0.8731706395547275,0.5582238569848056,0.9611175737954185,1.3869885020792425,0.45683114819153897,0.6049986827723651,0.9454420079527391,0.5925904681515888,0.517953440439462,0.547937124119205,0.862073270626284,0.8533003348800493,0.8808901671434589,0.7879655652421242,0.4162552052578963,1.1891314601655172,1.6512276723129633,1.22724651313881
S37_left_hand,1.803058021292687,1.1383568230339787,0.9730670091442677,0.7297936189975167,1.3700034342944902,1.3193964421973141,1.1502902407927158,1.2478472267025071,0.7694488748250734,0.9682844624581205,0.997950694612521,0.44145860729769704,0.9120613790020902,1.615492757329351,0.8072106018666615,0.7100653526394888,0.834331374167369,1.0562661310316637,0.6031747811555848,1.132962925101987,1.5981515795252965,1.1562772436104118,0.9230526462734988,0.6900629129449999,2.46820252274566,1.7266539016471227,1.1849667863429334,1.7928333499950455,1.1238274398831087,1.022371585056324,0.8379677494686171,1.4957947249938324,1.555188578067317,1.294111929879695,1.6781189518577582,0.8792648646268166,0.859089183107276,1.3461846556003305,1.5796926558535687,1.3945250622332535,1.37659353645884,1.1779847303186488,1.1154372306344156,1.1228633135866921,1.6750923566230813,0.5138626222863312,1.3697563612208419,1.0330961916758343,0.6086128812563794,0.7037399687399476,0.8556646759762843,1.6024988726696479,0.9379404259495966,0.6920409971137808,0.47997231809672875,0.5255958951020531,0.7707119533950431,1.0024739848897184,0.995275487379777,0.964019431912055,1.0780212901107395,1.2319119472928026,1.3940685455925317,0.961111929730753,1.4595870009833365,1.4907176537203206,1.3617696326801907,0.9760101707175317,0.9389692498801233,1.2974224397071505,0.9480364617025353,1.058786854070796,1.0656855282019617,0.9711532068797427,1.9036147190837034,1.16432398651702,0.7300900899616958,0.6604014737407267,1.0767765576262498,1.1524647382683524,0.9546230641422899,1.2353765587166523,1.437565327560236,1.1156671298276644,1.4891569105573321,0.8604210966636345,0.5678340933952869,2.360591591942637,1.2442823969831016,1.1013886153758718,1.4879024542527315,0.628548219141497,1.2150300850774582,2.3942306444907495,0.7111439251409067,1.0257202582733091,1.6071042643704097,0.7385492347358287,0.9435921092118973,0.9422803625292347,1.2537312518297843,1.2363703717933248,1.3317176241791115,1.430191249041342,0.5738063261019004,1.7634941690344765,2.7077210395390283,1.3360260053786184
S37_right_hand,1.815586622930225,2.379465130643855,0.647924233026301,0.7274391182389093,0.5061495155517205,0.5668323138059917,1.5132609563293278,1.0092203880830757,0.6877561406409002,0.8854487921216315,0.5037446183395653,0.8546528039262646,0.6183251965392126,0.5984883515570942,0.8908008450573539,1.2129054199303275,0.6192378149442396,1.3286410843575134,0.9802081988563603,1.3228256004160581,0.577024183044395,0.6232817822616481,0.6073311167823153,0.9842959817564545,0.8523714086275874,0.825830783135446,1.3634457155494994,1.2529586259240098,0.8013489335371562,0.7536762137622987,0.944140414437398,1.1269238247288946,1.4784534437437498,1.568414083500118,1.0758328367655956,0.6935532068894831,0.7135948681931485,1.9330949309030825,0.8319295431078145,1.9579408490371824,0.5245214760251204,1.306898831186742,0.687152195389117,1.0175620807241414,0.649713415880223,1.0658020109437953,1.215356901427502,1.0533818107377926,0.6550956221805537,0.9067586636437929,1.3938660155631035,1.1191585075007755,1.0610616580012848,0.9082535758996001,1.0154053747509058,1.1358659762335603,0.5488478488489323,0.8018090834291989,0.6222981106953307,0.8445209552748292,0.5488178332207756,1.4533039297930863,0.9814321459269651,1.1030277974963958,0.6310991568860213,0.7545544716369396,0.6850538691928678,0.8172587509423234,0.9352863136691915,0.820269697023432,0.7177807241146283,0.8853324898169945,0.9276940284959978,1.0481862452815058,0.9827001918827951,0.6404204879920549,1.0313754306083427,1.074478180353984,0.5879795165882484,1.4413888958789693,0.7718480273916566,0.8284263262615482,0.7442439320980478,0.6439111709738881,0.6991088166723743,0.5602204076429753,0.8881885092298798,2.5684386076449996,0.5414839928330804,1.4753992421978332,0.5260930130407205,0.7785236930119396,1.4283036592170424,1.5772860234066046,0.7005463064263263,0.6391228183773622,1.200029146238899,0.9425750528737505,0.7053845805880508,0.6841976353631852,0.8950169601530784,1.4498157224204087,0.8885947678197356,0.610392369352543,0.6859211346684869,1.3133829504968206,1.6214672281436757,1.9627770282475794
S38_left_hand,1.1188173119661295,1.6340243778499697,0.5919885873622894,0.8953789781919496,0.6754631140514095,0.9183847677758289,0.856101855842101,1.0552892744745916,0.7798949975637505,1.0459042709075532,0.9883052897733964,1.0273143881189544,0.818688058433928,1.0191927012757154,1.9382926356813948,1.250557715896179,0.574964160415632,1.336746097137801,1.2955156731591093,1.6437996695074946,0.7948500704544215,0.5874922396332531,0.9547734895307096,0.6045393537718298,0.9488983797608852,1.1011230669532184,0.7360596669428979,1.021846043016962,1.1281866907103653,1.3765702804648634,1.2738879882554937,0.8532354281528012,1.1673977817942005,0.9872191950877598,1.452089967030665,0.832183068292989,0.6125961368914603,0.9407417484749458,0.7652680170124313,1.256399610427979,0.7201210829603389,1.8073967636492343,0.41193876931267265,0.8659571670716253,0.9418823472464328,1.1091269444840035,1.0128052864931782,0.6539621826035835,1.0337166343400437,0.519098915143162,0.9447293931456023,0.6732910888498387,0.6002236948883766,0.7735650531292368,1.359045877026702,1.3307923387544867,0.9204276209990545,0.8395301413955228,1.0109010802965759,0.4269922294735048,0.39087376209541635,1.0138670511050947,0.6559975379554868,0.8328863752050268,0.9944690004228155,0.442300659984021,0.4386517054952677,0.680990758435205,1.1094818455714912,0.8583623808727454,0.7565846505038798,0.8526378469693251,1.9932760235351017,1.629793294645331,1.3979511671337073,0.5938130668607515,0.914955749516695,1.349790685139433,0.5032330866535957,1.1331928921951149,0.6003890021288328,1.1504709576211756,0.7479311616862856,0.6271981280068676,0.9053322835515002,0.7750941743211869,0.7553894549432905,2.7572468272531214,0.5782602873069209,1.1249915932009185,0.6497933380841556,1.2950821656699247,0.6773586474077451,1.8824947691740306,0.5540786873756675,0.5457480205667752,1.2762877490157227,0.5068923292955341,0.703816218121542,0.6713024213482247,1.3943251386813114,0.8151611698229553,1.179463503488973,0.6325787112831713,0.777388423135398,0.6473328373571554,1.4066675881442698,1.1960069393894674
S38_right_hand,0.7189625863137795,1.4993084229437628,0.6473084155929705,0.7646972092323986,0.9464207436616008,1.1039883994179287,1.1193581586707295,0.5681313041970582,1.3179333689107582,1.2443922036605395,1.5604271955597093,2.0714870285401092,1.5139540832650396,1.057940454799986,1.7745991903869174,3.36343213770328,1.065382674755841,0.8138487414412265,1.3105159600971736,1.3378702595527476,0.6712507775198939,0.5736417019910338,0.7587154755461503,1.5027520283145759,1.311126282145995,2.2855156331162743,0.8619844332475398,0.3804048115687063,0.7459546014465996,0.9067833958012359,0.9049889346700344,0.879049108739044,0.45965854662495015,0.5799003988118139,0.6027496818363097,0.6345296552918946,0.8789472340380998,1.257672973462348,0.6588901590072805,0.9058758165559313,1.4729143603510022,0.8794125515131741,1.3582104170711795,0.9597932189438496,0.794399037190237,1.7027819032207214,0.7293915772634976,0.9255340358381323,0.9949691028336799,1.4116554050389987,0.9334399563113501,0.5501747092582783,1.270257310676248,1.3749335461770635,1.6362430310298945,1.857284107293594,1.702017852467363,0.7362647461620829,0.810393459413716,0.9577584499683265,1.2036723652544632,0.635828302598652,0.6634922480736893,1.0945956655064155,1.0912869291975447,1.6310520297497537,0.6355786635908145,0.7306535687055742,0.648818931338526,0.4051397150253732,0.7759527234007635,0.6680015354107097,1.462919838550026,1.3841373007370195,1.091115036865644,0.6825716265428196,1.0947448847409145,1.098141499208797,0.9419344617610974,0.7746061836639649,0.8426308877036939,0.6318912773672615,0.4238789678051609,0.6111562741445693,0.9373817999875022,0.9884288158879729,0.9599288277224933,0.9437642236608503,0.8005339029111515,0.7918450223983019,0.9408565309354101,1.856027632152932,1.0819027485263764,0.9917834744896188,1.2256618199333875,0.6748097504435014,0.6924381182908027,1.1765040594949014,1.3115437699296335,0.8742301302001083,0.7496348512002499,0.8771286200288066,0.6383037671843422,1.3075213196406499,1.090837070811655,1.1700839101026732,0.44087246633776156,0.8066101465641372
S39_left_hand,0.7679172514603875,1.071398237514025,0.4616860648740635,0.6535095509713684,0.7642626134251577,0.9991858123758002,0.5996740102469742,0.7802130829218925,0.7193287438559549,0.9648596904076099,1.1142066843351588,1.0247405157890912,1.0373744171494172,1.1301229815216536,1.5987937351235828,1.543310723993007,0.6318041012885625,0.8991354863087021,0.9676059977410426,1.2911535612228708,0.8735709560730404,0.5177810032054985,0.7627766903930415,0.5727286344115086,1.3245679695695332,1.7162707935909565,0.5022607262058957,0.7403254524170917,0.8708047534338405,1.121111276965648,0.8952437754332165,0.7470862101669398,0.7395417445838242,0.6036512156231574,1.096410794374825,0.6046201399517999,0.5637622379819516,0.6556195093339668,0.7142927491201667,0.8309520998048506,1.0526244336294914,1.2108691556524414,0.6008625933524016,0.7779874239938257,0.9797132573514461,0.9109622644663091,0.7588882194551005,0.4975558334380363,0.8035225041614553,0.5222301774764028,0.6000522070562277,0.5148598824149041,0.6307861580729627,0.8145806013528735,1.1042890910776488,1.2122682063216472,0.9945113509294383,0.6224668709215958,0.869350049953799,0.4655823532265278,0.6782731091725619,0.6224728934188622,0.5043775846647199,0.6939947897415806,1.0759522056940707,0.7346140401973211,0.4769332577139884,0.5124816625636902,0.7491537565823397,0.6135754037528761,0.6069278917580553,0.6156665208513025,1.5803345499765484,1.3487692865188432,1.3689062867287385,0.5608272421389885,0.7041819010584706,0.9326718215545657,0.561847403316715,0.7601077447767156,0.4957682565159736,0.9060988994164583,0.6134241722733978,0.5567096175594841,0.8829037225468425,0.7003053805693317,0.5886500779643127,1.8375297970899807,0.6472077307264976,0.7205624490984495,0.8356752066842499,1.2247576380676977,0.5170343761026481,1.5419387942361822,0.6592137651795109,0.5257848018005088,0.9656441457617545,0.4597901571629482,0.7523383141038543,0.625053425033232,1.0684951256735473,0.5704651918309771,0.951834505720169,0.9082059383036212,0.6489075108792318,0.5251887030532927,1.1147973756908889,0.7352140947506435
S39_right_hand,1.5156170523604404,2.1786499200841076,0.6765702909152357,1.0713151091371822,0.6692091541899066,0.9437106343358422,1.118294964606378,1.265374539532379,0.9684319662152601,1.450854073284585,1.1289878666938957,1.2737010677631806,1.083625429249505,1.0063689585554547,2.2670243475209655,1.5352776437235536,0.7887718951410558,1.711771299589985,1.632401929531838,2.1713782155456927,0.8345650947021148,0.5918121495064067,1.0819631387171011,0.7922869635612952,0.9934047845758645,1.2857205596108443,0.9144728633314139,1.1980736431017835,1.3834109704476858,1.616369563343982,1.5770544572400709,1.1997991415802036,1.3336893373997687,1.2926736472330456,1.6641251955023362,1.0237978149820672,0.8476877297871436,1.2568086929300308,0.9197261393068559,1.7898162678597624,0.8893589098593178,2.1207407092725017,0.5043380998391468,1.2164180050791733,1.0379417232134993,1.4427328878298615,1.3810272122232699,0.8194772502511486,1.2225536483207353,0.6640701547067545,1.2701745744725836,0.7705374370697058,0.9442459786189222,1.146204794844015,1.768586144459045,1.8525892388557068,0.9579918429364251,0.902193275272607,1.1937249827130665,0.6795658052185604,0.5276119994098332,1.315984913999062,0.860536990220283,1.194246199581955,1.105965595901615,0.4698713194559294,0.577873054145125,0.9181365977842099,1.3332915792327726,0.9051368489284869,0.9596680463972892,1.0793664788856203,2.328861241612511,2.1181768043273532,1.7695679004728564,0.7372432664184682,1.274373964252996,1.7123618372714733,0.546373968717212,1.4909955980547265,0.7176138663445562,1.323400100674074,0.8070954788290439,0.6419701218505154,0.8231601627285006,0.9461464901926089,1.0442904537327422,3.2717366442708937,0.6507991012334171,1.4600362595937395,0.5784628669582201,1.618487388147977,0.8649326209234433,2.372881166206292,0.832039729759965,0.666770442424181,1.6534806328509934,0.6777978039184729,0.9328644910976832,0.8783852478162955,1.6027237115927813,1.1867220338239184,1.4158300725322208,0.7802086594624608,0.9907580930557094,0.6712146474154855,1.6607437868782509,1.5469456612564927
S40_left_hand,0.9069416332445693,0.729617909474766,0.5464997234808575,0.33461290115364084,0.8934378558942876,0.8180289663966223,0.6854782261831474,0.4670699908517852,0.6476580077440601,0.70473947261636,0.8494573270317097,0.8318376508708848,0.9430667174257701,0.8636034334787165,0.730941305327547,1.4851537325153354,0.6629766235250735,0.39951247461399814,0.4578842548443054,0.7156639312238082,0.8203402378841333,0.5452589720779395,0.43665820735999045,0.8130902763255792,1.6124226286104149,1.7733963148847183,0.6823957364924591,0.6148264900816464,0.502435769640607,0.4531511635161979,0.4034145496097432,0.9014089644616824,0.541886289922132,0.5587750995238169,0.5695529268259332,0.39484840021434897,0.6287834796246115,0.8857797983215413,0.8428713545129876,0.7481952424548071,1.2009529372703494,0.4139993643364728,1.0701577474396016,0.7619520043890662,0.8247942544236642,0.6471153734051186,0.6583904182737651,0.653018287413556,0.3809249829733956,0.7032344753540285,0.4610231477915774,0.8461046943329531,0.8734927309765315,0.7065669778105109,0.5672815078803709,0.7580231870618146,0.825570433311835,0.4639681745155616,0.48246126098834363,0.8007876478748163,1.0182229576841864,0.49849506908336466,0.7726262061074601,0.6942565256016188,0.8408473279458939,1.3830885397340371,0.8200449454664347,0.4923631289164461,0.29876443507158884,0.5286480897265091,0.4692329377132994,0.44909041570408575,0.5919025358742427,0.6858347094696724,0.9963908918945943,0.6451377967922258,0.5480254606468818,0.3927883734926166,0.7193933079057899,0.4850616433007685,0.559403231377457,0.45114451583122056,0.5844049851781099,0.5521073124668914,0.7624140046281691,0.5488266427025364,0.432431905868419,0.7864752435497699,0.7527180730594814,0.4946955529914891,0.9721733242132592,0.8210512344471401,0.868193773541008,1.085478455493365,0.72544943728797,0.6180474154966704,0.6596326935767097,0.6371078926499969,0.7970354695361849,0.5975901619956787,0.42880591318229105,0.6863820066662036,0.501849201311022,1.1620302262568913,0.4187082945809507,1.1905320270657926,1.0646008956474793,0.5903901386224919
S40_right_hand,0.8149027408077179,0.8448820598673122,1.0669008008737715,0.7634611277566391,1.875783165091637,1.9120746212626933,1.214607813320233,0.6424102674072721,1.7002552735369905,1.432073609887457,2.2158544770931687,2.2251465929573087,2.3252993077301487,1.8596345246428017,1.7374360622549867,3.919070011992142,1.526034724205031,0.46098395108290724,1.101555878622719,1.086658344036614,1.4861400652308037,1.0060940513916683,0.9713766909604131,1.6569112374970019,2.9447655585843844,4.167947919897762,1.0157944465396467,0.6694056872100124,0.8426864036730253,0.9509941979501731,0.6822332480392248,1.147670390184031,0.6258452963475511,0.5870769150453259,0.7107937352465359,0.7201709069605795,1.1717315099088408,1.4024505674345746,1.290059087486523,0.6128104252196884,2.681213723852605,0.5284271822562633,2.23371931412912,1.1187912974272003,1.5086009451285498,1.5619320899519333,0.7792955270517274,1.1808744519960164,0.9600638236443237,1.6482319199682114,0.6865519186954636,1.1670549121028866,1.539100164465013,1.576223368812451,1.3799952889617764,1.7190930878312147,2.2294929616306782,0.9751834938928214,1.001987084840256,1.3940667411951388,2.18101616099576,0.5578945145941786,1.1608358069346811,1.242777585381937,1.8117115229561578,2.874054142840713,1.4299037123535272,0.9829527765679054,0.5552162650337988,0.7279776137080625,0.8760053748639507,0.7814872187886603,1.371441161164383,1.2552950303145667,1.642835993050482,1.2643264148423765,0.9169542143769953,0.7822056808669348,1.5701654917154226,0.6193405639325432,1.1732581868392296,0.7575139916409552,0.8583073476584591,1.0476568154945112,1.5604764238668052,1.321561426582437,0.916189554045825,0.4436918508030565,1.559911125092165,0.6460615991383284,1.9216636327480778,2.0867126880683093,1.3875049770008272,1.021406415340751,1.5954103417293795,1.1506985517241866,0.6968588861393483,1.3135353637085845,1.8168766193646568,1.2009915328161203,0.7330585075534015,0.7865882126466136,0.7723808451896922,2.5295313280781864,1.0763899631704277,2.0719528911174616,0.9031484246206747,0.6265363807664893
S41_left_hand,0.9951651598476616,1.2158887922130268,0.41345907204072674,0.44558434762558535,0.649216039356011,0.7612583378963692,0.7312043367064499,0.49851335626287385,0.6060404939949107,0.752987083525494,0.7782857332104152,0.9272420759527511,0.8690129835217936,0.7243021819587117,0.9827488821807091,1.5212032185734208,0.5565318421210057,0.6606656273099687,0.6958003506018936,0.9987858724055914,0.6550708008426435,0.43666574334522296,0.46400312605430516,0.7919602283799423,1.1411807999545025,1.4862154846283429,0.6933880341261552,0.672603209814551,0.6217764210480564,0.5889183240982603,0.5942155381091238,0.8542937995323896,0.7089342484288745,0.7063730565437514,0.7132668230017563,0.44377577092376813,0.5603730169543697,0.9078749951461895,0.6478030141439983,1.0464260888085215,0.9342714349064107,0.7515270707635133,0.7442249045310295,0.7806159477020798,0.661975355073496,0.8670471223582986,0.7065140762539319,0.5864055964056362,0.47772393709291217,0.6269214054527783,0.6760589273510716,0.6399547465249027,0.7698255238213587,0.7320429734436992,0.7625129527536428,0.9431413015931969,0.7876488187020109,0.4918985981347679,0.5478958408846046,0.6135060720366983,0.6764703601478795,0.6672657469686244,0.6117257143469583,0.7744489878631533,0.7481139710612053,0.9156440325491552,0.5000537039616118,0.4624628819592167,0.5048860363918842,0.49225584156800983,0.48696483226753334,0.4920769468625,0.8556829651551816,0.9044517413593628,0.9659908053007062,0.48892992239543603,0.6788140612662144,0.671480621022882,0.5031079106165641,0.6651227121433085,0.44273012079118507,0.5289741283034148,0.4873790690424633,0.45526012587685966,0.6734474862302399,0.5286345865063286,0.5263938184408318,1.379256817617505,0.5338381088929922,0.7171236016691138,0.6508486177099898,0.9323530839781111,0.75169486210896,1.2745992571252436,0.6491407389086112,0.47060626286689444,0.7917695251473649,0.5639156411572462,0.6940652155341097,0.514759934451783,0.5892456772033519,0.7858819242982271,0.5874389239694557,0.8161204047816735,0.4863909369270918,0.8389486757387112,0.9716358449057035,0.8869383573834345
S41_right_hand,1.1845212241131482,1.0659806151311098,0.45228024796464905,0.42572376918592636,0.6455462432879533,0.7005478530610834,0.688858874108135,0.7058297311560847,0.4623145715812153,0.7286592193875369,0.6053170951301371,0.5610652101297838,0.679963237084718,0.7121614279525164,0.8036067669211633,0.9071575268612335,0.48223422523790826,0.7320622750568897,0.5851004116195315,1.0512116560799696,0.7972112520080171,0.46402454511333235,0.5540730068663182,0.5512124649140293,1.2094954865437597,1.1979471551911405,0.6341881502929458,0.9560331838959918,0.7617061047066667,0.692137406455753,0.6467031846363106,0.9654734934649978,0.8518590429619438,0.7689024232114082,0.9849076045357613,0.4693762600897534,0.5200025242415254,0.8818900812312223,0.8544206589435643,1.0608884459938714,0.7611637648947863,0.8590452495188491,0.5418159945225566,0.8305067662892403,0.7932424183007177,0.5892784695854077,0.8655507175653361,0.5345255908449017,0.44207455451617483,0.44829789285331256,0.638412070538054,0.7531490960648208,0.6071647668956381,0.5480199287356868,0.6052471899917872,0.6847792281721131,0.5504056242850948,0.5116699619248135,0.5843101634864004,0.5485648672234893,0.5672758513525015,0.779364851353501,0.7107449604219505,0.6569262209805437,0.7659391724340252,0.7359469946587829,0.5883197547901533,0.4977666137699273,0.584578542910539,0.636197251312659,0.5157655392176043,0.5497270675095491,0.8790043591300098,0.8653825496549994,1.2153936582672915,0.5473856636859554,0.5496489931889968,0.6192764604104825,0.46181616863776176,0.7420941978525499,0.44157824959266545,0.6606370896412623,0.6899592975453885,0.4782740348965757,0.6458978250789654,0.45514231473100875,0.49081050308336827,1.7274442455353203,0.5768228618436044,0.7320819371632911,0.6452271040013446,0.7188713168995579,0.7359513754905646,1.7262452894914233,0.5019908462059438,0.4883496270556959,1.0629377362937196,0.4671547704345965,0.5442779417307505,0.496376067547051,0.7685834630796572,0.8050858867982449,0.740703127244574,0.7298120449305829,0.4272368103920966,0.8147759838473312,1.4965494821363992,0.880490157941579
S42_left_hand,0.860833920548996,0.9900802332306877,0.7246837756865462,0.6096949705250849,0.9914561727946765,1.112973307536831,0.9093285944185037,0.8307606842438283,0.5924414174820114,0.5397328111255089,0.8976952367798339,0.5547261064841049,0.5191548278674216,1.5471012797392714,0.9488295431639812,0.8639631773441281,0.49528332407737663,0.7725888281422664,0.6145261959773594,0.6455043609376208,1.013295946753842,0.932369526696028,0.7731035701416891,0.5043632780885563,1.5875038520611293,1.016739425098453,0.8631020162436611,1.0955669620835446,0.6661314651356979,0.8079889636775172,0.5932402355606456,0.6050995498662282,1.149671515544068,0.8812440608278673,1.2051490982935473,0.5907280254343774,0.46074403847709294,1.035176576527053,0.754880022935024,0.8037076298435194,0.9401212518608218,1.0400281485741725,0.6911242395441094,0.4419183121614095,1.0396298418836039,0.5197263354778041,0.606230777435349,0.7923984603031422,0.6426747649004009,0.6150147422752615,0.6447460420634628,1.1244157094310254,0.48027022065966163,0.43917515263885665,0.5461661812893409,0.4591965339951384,0.9297894510675991,0.8233446010609372,0.7321484535438548,0.47085862504139625,0.6660706079931246,0.7259001992431637,0.6755391962622546,0.5130178490146438,0.9873035070702816,1.0787464158450228,0.790346449920561,0.5798609858961579,0.7563879183353401,0.9336045697171358,0.5289608685702455,0.6878761257363121,0.9419524223213471,0.5902079893970859,0.8836529038610441,0.7072503626272982,0.41247941868490234,0.5415822563783689,0.8161311780623173,0.7821983212452337,0.7434017823744019,0.9808168675225793,0.9119976482551315,0.87571260776817,1.457041247256269,0.6573117018011873,0.4270168585387275,1.6765567152674872,0.7783695801375501,0.8555563406815105,1.215019104041663,0.6821668942793628,0.940796964726838,0.9296053378354441,0.33378896647126577,0.6478751968699548,0.7037723644902731,0.6126749695293512,0.5214870868419259,0.5871102584082395,1.0092738204365301,0.6555424673225286,0.9686007616272212,0.8826245280842429,0.46175033031612434,1.285160042111806,1.4210373934089686,1.0114371205940904
S42_right_hand,0.7785576276377134,0.6020589695841201,0.555477213736108,0.44029655572770593,1.0721751178504337,1.146407972991901,0.45642195677643277,0.6419840307362784,0.6823872147927585,0.8751445053734498,1.1235194191286202,0.8265633866920922,1.1049801473354257,1.2142070739069408,1.2379127886418366,1.4005566106532992,0.6572838013416831,0.5512710544026924,0.5939906783711774,0.9675645129672652,1.1075231355924966,0.5798361762514047,0.6964377019045243,0.5308642672372395,1.833598589415448,2.1493200708820304,0.48613359565358993,0.8132435864440253,0.8108819840399731,0.8514791075125382,0.6392273075340535,0.8669889202472195,0.6695238197573711,0.4566261002888609,1.0138451552340884,0.4873094982205183,0.5802647249616497,0.523648541072068,0.9197605453759657,0.5746924016749482,1.3546199178341114,0.7892629915891876,0.8291380639535746,0.799958610496333,1.1351134244700722,0.6367492586364357,0.7296932856480912,0.45577368647980965,0.6099936608245738,0.45997897244571956,0.3604675695530276,0.6977115885778372,0.658087634714446,0.6965637081952532,0.7321944026382647,0.8561713248192631,0.9313425857304164,0.5163642326752349,0.7968677855825266,0.5791280877105934,0.9126107793305104,0.4805224981690869,0.681730068624468,0.610767526555462,1.1725458299999083,1.1047695622255553,0.7328684216789498,0.45573318048879596,0.4970180679761456,0.624315871513943,0.5516127388965101,0.5440827980926967,1.1424806722560612,1.008334182860418,1.4491773852905492,0.6936758294472961,0.43886855151781023,0.5377910864867672,0.6821786210454278,0.4713108652875884,0.49024278032061724,0.7598785429981686,0.7284670622767485,0.5503935742514471,1.009949020463978,0.6468279072658626,0.40148234845785424,1.3263832853208424,0.8457214844388296,0.5072282478673323,1.0882836259995192,1.0806488192197716,0.534037574551016,1.541891642597579,0.6558679516760123,0.6164903655539105,0.9272460071267993,0.4010520018553809,0.7962176329354097,0.6073750468975248,0.8334226128234606,0.5108345014874225,0.8166394779396863,1.2434230150823047,0.44873984179461235,0.8359303416806968,1.3581912067492379,0.4799509628606101
S43_left_hand,2.0668231857931834,1.8404544149087927,0.6323662315610596,0.676554147520506,0.7448001879888777,0.7139697978039767,1.1485986894822455,1.0781760938266138,0.7510941668459287,1.2907248933383793,0.7411538252981236,0.8149274352840828,1.0228123484955,0.6239024111354378,1.0645645917443138,1.0497730470180775,0.812580512916867,1.2678842562411943,0.8670633620229427,1.7993512604998085,1.0603703602291343,0.560514698138789,0.7301617034817205,0.8895141714239623,1.4280369620926618,1.4848097748585005,0.9496612382242615,1.421587255057864,1.2202988269137722,0.9871761186541028,1.1149344279026148,1.7720605782044423,1.2286883938496587,1.245432514704561,1.4238334333502376,0.8586972583497933,0.9217631792589431,1.2726799227846108,1.3574746960533384,1.9281825158800894,0.8984761251222031,1.2429998209170698,0.7499778525354766,1.5112924830621122,1.1173683261093157,1.101833620921484,1.5742676226172114,0.8271139866003004,0.6417930764402692,0.6352789716764061,1.171378595313512,1.0100212152231498,1.2371935665311042,1.086207035472339,0.9903471856059359,1.2215237352753001,0.4772040850340166,0.6932564197114716,0.8963184877410939,0.9914903930368539,0.7443753192435907,1.3567138392795963,1.2827063866050161,1.1873022399303907,1.122080019567285,0.7213757214019814,0.8865956357612301,0.8479278704276706,0.9016786602373398,0.8678226891925338,0.9843737436554653,0.9804931321071393,1.2797601921125137,1.4353394265048482,1.9357861732417418,0.868122354965128,1.0832679126157139,1.0573666675005067,0.611392845262081,1.2177532588315618,0.6653641355317386,0.9438956844797607,0.9660366333329202,0.5825586842360394,0.6140564973737541,0.6937714189054786,0.8672768956689998,2.514805357676526,0.7891822934839882,1.1930449867267094,0.6235765268024838,0.9444520911386447,1.0314531467130483,2.7753468336102136,0.9048339233438403,0.7778134217348404,1.8554607846841533,0.6856496006848044,1.0069160776567,0.8164213126060094,1.1104091492186394,1.5296119079061954,1.0894079254907507,0.9409421956078967,0.7147463988380989,0.9767379947284922,2.239926003306171,1.501040472420802
S43_right_hand,2.11925979723112,1.318819096910231,1.0048257703400147,0.863502886375638,1.3511452829442618,1.349121112227514,1.1394874340181578,1.5734174538582086,0.7768021091020377,1.2394625002104271,1.0095166184491937,0.46376183896889644,0.9355881942252399,1.6344159010726897,1.1464165901340975,0.4641664972377676,0.8490008077732913,1.389316412582628,0.7493753128256538,1.716779522125624,1.8202081314552279,1.1161572687104457,1.169095612166244,0.5380321426470243,2.33628780135656,1.6629649135442652,1.0718190823650453,2.1209084265773415,1.600552716968303,1.4231666944594015,1.1910867908757226,1.837562927591693,1.77538274127873,1.405429510600636,2.2959643564120067,1.0919960982034729,0.9481707732229174,1.1669673163536787,1.8080379116578198,1.717010628640962,1.280884948646421,1.668502608419329,0.6763748880307987,1.4515441989844984,1.9215490578355168,0.6914953332559469,1.7397639533261522,0.9464835200179877,0.8338902209151917,0.55562302164174,1.0020703085194236,1.463543432828759,0.9026345729292409,0.8005880310415022,0.6451184197155753,0.6474697129611858,0.7665285632721781,1.0803912420260389,1.3569615800643031,0.8278827353663162,0.7702252148282078,1.4658680195367166,1.4852505232178006,1.076915069123895,1.7459983270715032,0.9197516564827823,1.212531489601424,1.0324108254927815,1.2063323790306222,1.4873471110089147,1.0931177288277962,1.3172290202175037,1.5499782057666,1.4071158214123403,2.5908608958239405,1.2402221705453877,0.8439120981928403,0.8785101069090755,0.9595407209695349,1.3506312182846743,0.9038126445866587,1.5676671385625103,1.6208654608245419,1.1139222504951363,1.4766442160482356,0.9097418609100594,0.6658627646683403,3.256647252979449,1.2302179009695418,1.2927985089644514,1.3239642581553814,0.7569422753465205,0.9510035367349553,3.5207301258522254,0.6617422957432124,1.0551848744292207,2.3186318380197957,0.568973034657631,0.9283307863679346,0.9895510435510897,1.7446412736528478,1.3996655337860588,1.7282928522840761,1.268935790683894,0.7008596113153793,1.3044645491097384,3.3287457311877766,1.4969635294627481
S44_left_hand,1.6525063170226453,1.9993874473449522,1.3002812955553233,1.0232910380810603,1.4282424778405283,1.4066577452874383,2.1282894682504225,1.1642274345348085,1.179410978355894,0.7024241836243655,1.1809622338776375,1.1205198656761233,0.7800698416708598,1.937250448393699,0.738095604533461,1.9663583870194898,0.9519200781198762,1.1239307637190397,0.9422591929878205,0.4380736550915347,1.2016207039696896,1.5696929982621164,0.9361767980931958,1.401725759899717,2.18288332385366,1.2334564265532015,2.0159815288326675,1.586136699553162,0.6478612140622605,0.7779772355013135,0.6946855579768882,0.9705041399292871,1.8461114506754694,1.7923242839562628,1.2449844853739331,0.874401083723631,0.9158213252624685,2.6003900788137555,1.1518170609555196,1.4698539776804602,1.5008513168719397,1.2265991558314087,1.711829131843792,0.603100689842375,1.2109993428116348,0.9890084243536347,1.0149235246599244,1.8499209502548564,0.8288002738553463,1.6391315168332288,1.3648641259301904,2.225777366411148,1.1606138920930047,0.830098817656032,0.76502516501219,0.6110987438350723,1.5841713260603874,1.39099106411396,0.7535667130059149,1.1772105255129872,1.3921558932722589,1.3875201475665164,1.4071671392096305,1.0581457782778718,1.0634081252582417,2.484654116254725,1.6013754005842016,1.223698927547255,1.0588563285666364,1.409503470574474,0.8384260604363621,1.1602276236688955,0.7992492973331484,0.47895335744742307,0.7443083015009693,1.2557640146270659,0.8586420509831347,0.8584503773364984,1.479258776754465,1.4572271225708069,1.5287154239757639,1.1965704887796553,1.3656599100179563,1.533199958231909,2.0688563287172737,1.0850908651278033,0.7685901294295034,2.0323907177815252,1.3047229902379243,1.6221405805888065,1.7448009566035705,0.9062977368791153,2.286951317548289,0.7268545417135613,0.7072720625710345,1.1233354272108231,0.6836009127807489,1.6236408216476115,0.9720594147457516,1.0258166195294718,1.048809378084399,1.3022440319526802,1.1040983218023803,1.478162642303867,0.8136160894606426,3.018207290851065,1.9238569838197048,2.0373525763860885
S44_right_hand,1.340007069069597,1.643104755256227,0.6566252675197922,0.5855303381580144,0.7164723624165655,0.7763290561120425,1.2359717825685785,0.8211268114004088,0.6513656719496705,0.6931757240772305,0.6856581605166091,0.751972730247242,0.6748005571071942,0.9359618955244461,0.6603089911747182,1.2086517298719228,0.5658570415025909,0.9127551002346297,0.6111731391714076,0.7295238810619722,0.7302231310516089,0.7162613689257813,0.6628121844690623,0.7690229750762587,1.178489447702209,1.1360661844924926,1.1960390427156757,1.1608571940259786,0.6475439865638164,0.5884841298987334,0.6116975210741239,0.8568460535774762,1.2884386284496503,1.2898603612390367,0.9972511392906621,0.541522236033616,0.6111681876618309,1.56637339344771,0.6526881037785989,1.3142127652845823,0.8470886267703379,1.0224376889989821,0.7999778599022304,0.6908155671050178,0.7480638897209037,0.713684318303552,0.8532517366170841,0.9436993547623463,0.4668988478560074,0.7263098971410302,0.958176958262705,1.1645207793847283,0.7683224143389062,0.6218117824919669,0.6352216575237686,0.6496935108101516,0.7225593008508271,0.7844311127316789,0.5002984802159671,0.6628548339067817,0.6668188371406045,1.0497814774937309,0.7986912258712517,0.7661763080166359,0.7225767892383583,1.0250374792412902,0.7573425501058819,0.6701816634301222,0.7400047572682535,0.8517558159363359,0.5648258610603598,0.7570469361169159,0.6986842668080941,0.7037080313450911,0.857840573644603,0.6331737952840492,0.5978549818099016,0.7246092562497108,0.6397861712694695,1.080046396684847,0.7352521698479323,0.7515409568986728,0.745576201732568,0.7174919515910144,0.9678318113482396,0.5322784290715683,0.5043823939329815,2.0033725477288664,0.6405959063157336,1.1941936183322621,0.7918474894556288,0.7090320092782993,1.228901537944848,1.211353993957614,0.46606566029941976,0.4775916662327707,0.8302018055162255,0.794574640043063,0.6471179343942598,0.5887529798327779,0.758314200815278,0.9806646391821878,0.7828158972297304,0.7548720431248581,0.5030737077187023,1.3427628345728015,1.4546952571587421,1.5317742027857075
S45_left_hand,0.6765099782504128,1.0797575363438754,0.42522136536023736,0.5288643783352613,0.7943673280679077,0.9457566699192808,0.6028602270875263,0.5297425103882483,0.8729087893858386,1.0196081813498075,1.2041592950748092,1.3957622923039472,1.2930966121866936,0.9103305891062176,1.5386492181866143,2.1645792732057476,0.7856004152504221,0.6771270059852874,0.9563199018797951,1.2377925667658682,0.7047758800486845,0.37196858616575873,0.6388750040494199,0.918379982642617,1.21255397241693,2.1734772029031024,0.48244779578612984,0.42328728976240715,0.7062269073578883,0.8784313891462959,0.7638434725252757,0.8004808794468198,0.4163448094158939,0.46088807564851986,0.6550455021319656,0.49683904881820773,0.6765106269420119,0.7027438833249775,0.6458790272551469,0.7993192281982496,1.2459878927536305,0.8289040403119546,0.8669197529751739,0.8707587440993584,0.7714473548903555,1.1456860657376886,0.6604846969325396,0.5155821115616689,0.7367998315334958,0.735123630997798,0.6211055533507079,0.3809546324620611,0.881965982188288,1.0297272763677698,1.2061472392541244,1.4426921144499043,1.1362206345831969,0.501945168707522,0.7243323498234369,0.6291999154299462,0.8777329479469627,0.49870251443924346,0.5074274666313118,0.8325175054285832,0.9709769278871049,1.0063901003973557,0.4590191082881093,0.48828044492815775,0.5571302641654373,0.393535061081165,0.5901381749386726,0.5065022129881355,1.3579897149255344,1.2812716013673722,1.1773836085968994,0.522983354380424,0.8063344407517297,0.8808928118524636,0.5724507209056295,0.5867934142177185,0.4841358986155875,0.583792550198332,0.3722558485030212,0.39915099316628466,0.6483322810467942,0.694503707954308,0.6816070675186122,1.1286130821071547,0.6264440960567095,0.5572544665305703,0.744047091133375,1.3843118254665674,0.5837652140831997,1.2327688613761523,0.9285047170007555,0.4954079807970512,0.7522391012503751,0.5870613826986941,0.9820650288379912,0.6493412742047151,0.7130166233889184,0.6548765339326609,0.6526228780105011,1.0645336447314688,0.7088564665080881,0.608808295627002,0.6050193722969126,0.5553750843472873
S45_right_hand,0.48079849394310187,0.669024113770766,0.53707607930806,0.5356511266723808,1.0684629369002034,1.2356344115627342,0.5109411122694574,0.5841181311446352,0.9111900820655268,0.9281943541134099,1.3555466326116694,1.2961372504099855,1.3272595728677428,1.2862671398957153,1.5886191806551722,2.1654167087857004,0.7753427083975913,0.5618510106550081,0.8448573283641135,1.0619138468655933,0.9615167585603926,0.5545344033596781,0.7363361881015774,0.6959424648827852,1.690457862884836,2.4429676374742444,0.4784212995520536,0.5525643550082725,0.7835209002241939,0.9298368720982966,0.666420805461672,0.6517887404000948,0.5237548088860997,0.3798629331319753,0.8379527819021909,0.5133002766973753,0.5811237564920326,0.595797088895771,0.7320653472898672,0.45245924563337203,1.5117598031651849,0.8370858013405751,0.9374615100400361,0.7202785938523306,0.9936924234857982,0.9343104454869606,0.5524355599331715,0.5059648821049589,0.7786042180996002,0.7128189542300718,0.4019818787664859,0.5224712955822037,0.6962563324482361,0.8914560179493927,1.0449267643192157,1.1919224639918324,1.3225876963850531,0.5901537480918129,0.8010202142890372,0.5356954016168766,1.0198394397152817,0.37272290117366286,0.4936700980472598,0.6320773015134151,1.2058284321360186,1.235304862881906,0.608522769454669,0.4632826584227209,0.5480700034650992,0.5156117993561699,0.5527800591016727,0.5027265811238565,1.3804887662084595,1.1642290465049958,1.3312502748022976,0.6390577973579964,0.555080843685728,0.6924467897747264,0.7698241387524275,0.487593103814046,0.5437070504348902,0.7379478086681488,0.5511916493752582,0.5639733422375626,1.0032309550346117,0.7909961105858481,0.5232826395314931,1.1403349273487413,0.8036351816598812,0.4782356491137263,1.1365357289295988,1.4318340786058597,0.5265254405808864,1.2137025263014032,0.8234532649089942,0.5650682033238894,0.7019056301269876,0.5510249246857899,0.9170527875963191,0.6708675521314947,0.8206878116460471,0.36869019060646185,0.7636999975854873,1.3181311478344375,0.6365412150533806,0.8024002371709072,0.8411512181659012,0.4155950410677825
S46_left_hand,1.9626777386664245,1.3489645267782084,1.1056462834153244,0.7863709968034441,1.3463653647144567,1.1746582066088955,1.4816958919629202,1.233491061356498,0.8226417734390706,0.9048201513087234,0.9041632374208277,0.49690332983679186,0.8468752772933935,1.5283547304500127,0.6552589801854354,0.6888934274816602,0.8730746520109953,1.0464818478717826,0.6408263947689218,0.9473489534612805,1.4862879173695063,1.2768613051184101,0.87313723969927,0.8706361966037202,2.482462286526321,1.47641042357158,1.4444034062244915,1.7648994149799877,0.9559444262263939,0.8866188491197535,0.7927347820296409,1.5091000028757708,1.6624681130422199,1.502015538787263,1.5110549956957817,0.8558468331232995,0.9321658615365067,1.7672169524461268,1.6007620139451146,1.5321080666727775,1.3424270013487714,1.1392029502309549,1.3835547471330782,1.0604960493602822,1.4888767751437917,0.6345940866151567,1.3626505718141533,1.3045912660370376,0.5712930949918338,0.9110261905727542,0.9847277648790905,1.9690508622302092,1.105295647751917,0.7221893970695179,0.47152117455000686,0.5203412643447125,0.8171213349847526,1.0736968273943215,0.8979243029739972,1.1289904989677209,1.2620878295268232,1.3488824177022662,1.575875723372609,1.010746294785411,1.2529145789687313,1.8755090746279024,1.605861313979535,1.130759587080251,0.8995849264682803,1.340924060385288,0.9444528689608545,1.082962684196509,0.9097103068860745,0.8365624655362482,1.590336903577798,1.2703326310956398,0.7980439590909907,0.6679808392391026,1.182721967114455,1.2574045727102798,1.1134092304441676,1.1751621328701702,1.4546552767810244,1.231504216079266,1.4935046716961489,0.8671264934133222,0.6871961096279164,2.2175010173590284,1.3013350020156118,1.2340495924732848,1.483476254614427,0.5440046094993377,1.6141438548881843,1.9721612064313228,0.7101907388417359,1.1183411065290922,1.414237651989728,0.9803698772605309,0.9397994355556587,0.9932468555330694,1.1736763140131046,1.38114603395369,1.2253491183432066,1.4564527041820838,0.589401067712795,2.319274490909226,2.6558721342770424,1.5363168453375264
S46_right_hand,2.102984388350957,2.052076914252263,1.4162362602264411,1.1620409594735233,1.5575678629198257,1.6223998287780474,1.972128415844112,1.6480969975125674,1.0178251514675996,0.9536550780842343,1.0970049910050337,0.5299318003746094,0.7276467889043889,2.1849434699348476,0.8679185501680684,0.6721892581831882,0.9823890848273845,1.5281975819530718,0.8578603568058261,0.8680138408371201,1.6555986771141853,1.7020565384533826,1.2670445758421267,0.8535040902782965,2.5010715223702387,1.410215436378606,1.9391391762415484,2.2657854230673986,1.1639916108558679,1.1485794208150932,1.010623298760988,1.2711748280718647,2.4461846651146804,2.1423261685230695,2.072621666145948,1.1187402657361736,0.9438765028289418,2.353200589879967,1.5169207129516389,1.8692755838790358,1.4324852400016248,1.779348267675839,1.2797049945875363,0.8838762244033571,1.7210857938016666,0.7711334908288466,1.447539939136218,1.690670258579232,0.9090673206430957,1.0631613331316356,1.473311379585475,2.367980269177521,1.0160769564649514,0.7230226360986046,0.5848525632448788,0.43224898413663526,1.1184767996394633,1.559840110031372,1.125677429520038,1.0298355247183342,1.161554083242648,1.7696373325200938,1.6064853730838387,1.0955053915022854,1.4563807128510025,1.8544706630748615,1.6551103206937787,1.3201102258864046,1.4010787778454636,1.829148189851701,1.0449408780061498,1.414135100990296,1.1941342179889576,0.8314819014548457,1.4014278180762936,1.4442413304669064,0.8453375694538747,0.9748437133139852,1.4580535448217098,1.8471340285837141,1.4477653057373618,1.6707885221628533,1.7785312996189102,1.641918180556519,2.256833880065299,1.1038047831271076,0.7607560785451577,3.2382066638120053,1.4526503140693328,1.8866209262029188,1.8385355565951464,0.6699247907931825,2.0146029461180213,1.6910715096426352,0.5463824548241139,1.1989126835016974,1.4360324637618824,1.1657423596434688,0.882029410674668,1.113795287141514,1.639966937658161,1.4967850859147636,1.6977333810854816,1.4709104525467294,0.7224479177911403,2.606232632544099,2.902007740630293,2.348238204350076
S47_left_hand,1.8887329240639432,2.5899800697025435,0.801766024368263,0.9192109667610112,0.5221116124599422,0.5779650498532306,1.893790609837807,1.245965904914358,0.693807451796977,0.76430433307643,0.47392466050377635,0.664621980540807,0.4188264122502058,0.7275729372893349,0.7867465056839782,0.8533250428148054,0.5755637992067181,1.4948487907998789,1.0433860118474538,1.0856191323021274,0.6060285775377353,0.8092760740676436,0.7527884676509985,0.8015220921623133,0.744245652886178,0.5090482360341863,1.6208782332790497,1.5041999511996862,0.7958011333926933,0.8095587459825665,0.99766943409755,0.8967943441297629,1.967195187101021,1.954588325492663,1.3025147271763735,0.8018875162870965,0.6522270138534954,2.329280187301665,0.8549757903716975,1.9829700526169944,0.42031940906190485,1.568210020285839,0.6064977584325746,0.7667270518237841,0.7008049004312576,0.9193603607418162,1.153802198531411,1.3541251138793367,0.7002344313680116,0.9657109979650083,1.5557422316826117,1.471750375283308,0.8369391948995772,0.714724410900741,0.8780539878308786,0.824957274149763,0.6389618902631872,1.0546552780924994,0.6409238946129826,0.7242002421721923,0.4557588178266201,1.7253586952169424,1.0481672786723724,1.0210138101043296,0.5665347611472442,0.7463190947181012,0.8406080576653601,0.9683442435886095,1.198067567142258,1.093446302304057,0.7429954038995652,1.0597300596887984,0.9284266512487518,0.7652551298997323,0.8327719090334075,0.7948897236344706,0.9274015091325325,1.0887850520660272,0.6906921239493663,1.7509682497468997,1.0123559562768194,1.0369375614389675,0.9357636525168771,0.9049192059737503,0.9474274134849258,0.596933496978565,0.8774638612355872,2.9906043644733376,0.6016960902449917,1.8028282323151155,0.5633600941899348,0.6396689473968171,1.6970808647553215,1.2956237420738523,0.5061189483651554,0.7005326016968181,1.090624216337997,1.0290697777912414,0.5418592848334235,0.6643581410626113,1.113517950252568,1.4199209856321078,1.1137725540566479,0.5387507561726059,0.7195026723052973,1.6149991010639047,1.800967667942096,2.4030976778383155
S47_right_hand,3.1355012044149593,3.702448587375582,1.2010851535790157,1.2746236779227256,0.808022009504065,0.7884910871549113,2.709310331388064,1.8905761394988299,0.9918678331722929,1.387973165795437,0.5657032981647689,0.8157563428334391,0.7318766942451826,0.8741954341011035,0.8513262001427232,0.7986375840429626,1.0403216805037148,2.2143651990175917,1.322316258624552,1.7326598633196593,0.9765456652304011,1.141449528227701,1.090205867492643,1.2517958455722071,1.1193543335019023,0.792272490997066,2.338763903768096,2.3612679105550165,1.272899777410779,1.132376410324256,1.4578119427680594,1.7766790500238654,2.821953230873933,2.8726512493407323,1.9610646173823572,1.259963958137652,1.1571806379722236,3.2340739602677706,1.4427337368526196,3.1605121374027094,0.6321410711485617,2.149355914030465,0.8969513510602525,1.460503891757986,1.1679901412739002,1.4297855443285283,2.044998822432411,1.8563462042792316,0.9218776962674077,1.2545123927128663,2.3280312962244785,2.1608278955527065,1.521415057978539,1.2016550227998102,1.2140503291089635,1.2136081029589765,0.5354349968510429,1.459768259815816,0.8877194316541128,1.3118503874026324,0.7654546781979594,2.624221465528925,1.8165240002181589,1.6811376651887495,0.8500961451050875,1.0045479461849256,1.3782218171954161,1.5067998083935192,1.717126405440662,1.6439386089006005,1.1366317642929153,1.6511933595765806,1.1959055573310178,1.2704002121856717,1.410074951167469,1.2359119739248685,1.5245435969508945,1.6132527499052212,1.0517119151459209,2.628633963833789,1.423961243254436,1.5062169522727942,1.4252788723193603,1.2725316992080338,1.2139708964795135,0.8770698037754241,1.33585310478994,4.282996282722124,0.9695160794768012,2.6330647231380278,0.7073270684768789,0.8148233882172862,2.3832092264830806,2.1608432413491796,0.9182086648659815,0.9972711425762968,1.9460177295813728,1.4235345309110343,0.9636004937720348,1.096662058884273,1.569016784216807,2.3482248514390434,1.6117982317538595,0.8102296039709295,1.1221922418577732,2.264533038497613,2.771452856281557,3.475015643718064
S48_left_hand,1.4004052703972576,1.3953411884748594,0.4596203112435351,0.5219815645261884,0.648767484355995,0.6492196293592143,0.7872657079939293,0.7173817934009721,0.6885745381690276,1.2055993360716413,0.776987013903436,1.0012962201019946,1.0880990522282183,0.6392763900197818,1.0017965178740105,1.393450960141879,0.7704696542256035,0.8675786381879078,0.732862424479836,1.4660996386872684,0.7804229366595072,0.35487520737126255,0.5819756276658948,0.9783630632854157,1.097668348100672,1.5826084953571615,0.5302050197217603,0.7235056091106752,0.9080050889010065,0.7963436307883311,0.8437453987119282,1.4235612539232487,0.594015554655888,0.6932308041146801,0.9030828183684456,0.6510230975938481,0.880573849443553,0.8719422387211531,0.9219834250439443,1.4056575427901745,0.9001846414965576,0.7993842763664757,0.7513755885968112,1.3083393507545482,0.8761492251599206,1.1357447496220567,1.1894619540885918,0.5482740849664772,0.559096227437372,0.6119188051413775,0.8186634667712415,0.5224260911377504,1.221450469579179,1.1314800498976616,1.0267347687234474,1.3614040157879987,0.5563650463160004,0.43573968896710513,0.697949805809931,0.864958213998626,0.7116934648169311,0.8923076984322938,0.9105817624861545,1.0734826744467687,0.872835567103197,0.6477368672725395,0.5917907166976181,0.6353793051030971,0.5510270485655788,0.5174946927371534,0.7590124508064108,0.6725208111644323,1.091772612485773,1.2698865647234125,1.4612662234723073,0.609485667560069,1.0445333774294232,0.8661137770347924,0.5180030062074943,0.8396775277166626,0.46507540710618683,0.6541231654455995,0.549808444378833,0.3664280362530054,0.4592170750361167,0.5872135299802748,0.8031922876339014,1.362040787742214,0.6447902925410923,0.7082608050637637,0.5285077594864492,0.9667073869896852,0.6520689163259661,1.9500263078627003,0.9789124425356903,0.5442528620678514,1.3036801149996942,0.6029627163582018,0.9829514980416113,0.7589591206410397,0.7481754694480722,1.1577966774033301,0.7323156243292207,0.8298059346805711,0.6408008473635103,0.531009192954821,1.2608205041793417,0.8388482468801904
S48_right_hand,1.215689873242309,1.7274562277247045,0.5207462948156866,0.49254307963423255,0.4230846303964192,0.3963519501932003,1.2349647821222245,0.5571022218027282,0.6732847400281311,0.6482898766822331,0.5076097125961774,0.9294149104614713,0.565472811496496,0.4938051653239647,0.49208377919926694,1.451952615457528,0.6026374749723167,0.7749228358376912,0.7126584611532136,0.7720189883050341,0.30882375590676797,0.49553946463353277,0.3691877947014418,1.0786547194576497,0.6634631003722593,0.6382554523586151,1.0372910903266457,0.6316583077482871,0.3952230948766242,0.3480831074832521,0.538589809727913,0.8469495677275825,0.7895926106898342,0.9790014872450132,0.4738167687380079,0.472171238410483,0.636424373121359,1.5349249539327174,0.5402191286405958,1.3526406260811954,0.5337268357529805,0.6122394759022981,0.8370012019569978,0.7559238493300856,0.3669875088665492,1.0049539020349687,0.7603632515132717,0.9397865438430507,0.44309789877876654,1.0092766680962257,1.0212747575959553,0.8194532125713377,1.0343097927189742,0.8256444055077623,0.8133309341195896,0.9338972133337113,0.677869392439683,0.565634903161553,0.32922820465936936,0.8159335243069087,0.6356078413114508,0.9123262025875852,0.7612025725184992,0.8709595486570811,0.32497068816424934,1.0029837030381916,0.6049694585667047,0.6330452726318764,0.5077329562093282,0.46351185942987105,0.5562259368290474,0.5717855161947408,0.4749002422646471,0.5906384023942925,0.4384568263708648,0.5244502682470059,0.8491273988324162,0.7060855593686919,0.6024606387154545,0.9187302442248062,0.6958249413169696,0.43533272893547253,0.4445293770034472,0.5141810053342909,0.5750226484024114,0.4722698280383387,0.7342486497979965,1.0736345301940573,0.44913133562294405,0.9072386961656453,0.49573014539134497,0.6345392311039795,1.2390183686687002,0.7375934784246856,0.7221577303425031,0.5073416994080828,0.5971686462573467,0.9768378324058073,0.6462182642912806,0.5727333268283643,0.4268448627346968,1.108019659922028,0.4145987789681366,0.558444034443453,0.6166683420050524,1.250956853815992,0.8042111618046937,1.234783273469782
S49_left_hand,1.354783772694162,2.4829732579481396,0.8098562946534179,1.19218141954038,0.684513264699116,1.0753093186715017,1.5019211915682396,1.3357161278009613,1.0088046713197876,1.1271629715963523,1.154949678311549,1.349928884983038,0.8008019575054053,1.3065361551721837,2.2911604220497463,1.7276388583019997,0.6980055134314784,1.810581700499785,1.7887879792156973,1.807235681836555,0.7143552762369247,0.84082474950796,1.1844593076659167,0.8748766400084195,0.8250276466700388,0.883311548502931,1.3227276160632913,1.319696517295632,1.2405177111044754,1.5698814918887456,1.5582531646296927,0.7700208489023836,1.7063580082410552,1.5720625934251082,1.6779925819768187,1.0231721738319959,0.7484785169119359,1.7112867930632631,0.7029924221982755,1.7216419489151933,0.7306228824239128,2.3267795256988655,0.5581658662239135,0.8484242980229268,0.929327514975257,1.4878193303960208,1.113448667392673,1.1033161901414936,1.3276795174418738,0.9363686414483605,1.4499626144424484,1.055561373601401,0.7364935810700568,0.9663602531628323,1.7595839874435215,1.679994441682187,1.2549801629508806,1.1618694568478016,1.094969378971413,0.5839968099247299,0.458058414016812,1.4255033179619778,0.7267954838280499,1.0609993819528643,0.9097600833985893,0.6822765760766534,0.578800623961816,0.9246087215529443,1.4942559875862624,1.0913037126750549,0.8474444030522192,1.0781750291629681,2.257280146548422,1.8065744106755004,1.193560932648263,0.7406223426659727,1.2103330543724302,1.7856401018967665,0.7711270396181615,1.690072808653423,0.9374036574746152,1.4090245013912324,0.8667581561498725,0.9023519382143836,1.2297141814076542,0.9844318557597033,1.054675038512776,3.463316939079211,0.6064286495145113,1.7270450934086825,0.7674640530757834,1.602220781834724,1.249561406773959,1.6030560932072813,0.6625937228630379,0.6960411675825166,1.2286860251894824,0.9563853970614627,0.7896858344887707,0.8628095237889631,1.6524392298768997,1.074252677433781,1.462190122580646,0.6976729274362758,1.0715532862046424,1.1345911048852089,1.4779138121923492,1.9118614255614559
S49_right_hand,0.9835970125687022,1.843104365765922,0.49424914135091463,0.7892802395974003,0.53318496368249,0.7597134108860845,0.987221743375515,0.7455690123942074,0.910191821511078,1.0871203570810735,1.0514171234901522,1.4488133648292982,0.9739041841020344,0.7914161635570716,1.8868653581234387,2.029183211104027,0.701939796259543,1.1746004430579602,1.3959674606236292,1.5842660451597048,0.4550870180290363,0.4471190903632223,0.7738632783997176,1.0263177878153518,0.7025719688059797,1.178628163254876,0.8074599484761361,0.6192539376112922,0.8862654538300456,1.109806197798445,1.1617380836652753,0.8177317515984504,0.7701262251242423,0.8792481992918862,0.9328338927095917,0.6884262537319112,0.708923453428805,1.127453976448118,0.5491324531266664,1.2989761774639976,0.7756582987714873,1.4503263050571864,0.7064195395826824,0.8866155939885955,0.5954181931465391,1.4715490697589535,0.8669189503335344,0.7619565591763945,0.9906042488770497,0.8585475194239454,1.0389995862816641,0.5539148918757227,0.914506636210649,1.02370464772142,1.5996702789502761,1.685614155006161,1.088758047413078,0.6701106842687806,0.8221801578821913,0.6393061410911769,0.595789260711259,0.8872198626747714,0.5705115708701004,1.0074825227839246,0.7317371490693897,0.7748621235676583,0.39198946285520253,0.6668471685437444,0.9031188584248562,0.5493042437187668,0.7205481447421052,0.7051687763225613,1.7048259429733077,1.529239154823677,0.9755031091007568,0.48679826143942906,1.1398929247769782,1.3403544317129126,0.5255610130295023,1.0356333936015427,0.6020750707745969,0.8221466086794855,0.43758884380678553,0.500849680795422,0.6863259383133017,0.7927992350084624,0.8982261451973368,1.9997007024697997,0.49123759347748813,1.0682245983584073,0.5166508312429822,1.5136307624364993,0.8861187181620652,1.3193571285879795,0.7967038298602123,0.5306642862429578,0.9380824615895029,0.7932645438741208,0.8865361872101871,0.704065783635869,1.0130049965748007,0.9678661366686322,0.8278970980285054,0.6727459802927923,0.8862072808442931,0.7169715318301895,0.7756671170409628,1.111628901160427
S50_left_hand,1.0004532880567718,0.9533042583238659,0.6475056635287736,0.5017505692834108,0.9157107534215971,0.925440597687289,0.8467269228100243,0.6964518143644203,0.5839640686630994,0.533713223653908,0.7715284510973842,0.584616369201121,0.6540667417514934,1.1967120864440168,0.7450177060655813,1.0385026909835953,0.5120310853489052,0.6459261140913475,0.5240940890021069,0.6811869465798267,0.9261866622226945,0.7678086747867523,0.5935430234987753,0.6008828215739404,1.604919433073044,1.293673113169843,0.8627113293263371,0.9898470307674759,0.5977238575183922,0.6560991480763798,0.4816946867309751,0.7744103137943771,0.9802183918785708,0.8594252878964361,0.9395999984753517,0.4915731647146857,0.5099015545403665,1.0793718703817843,0.8400153743572727,0.8865499699474224,1.0227503370134228,0.7898244520061543,0.8358311577047205,0.6045524913957824,0.930083416762685,0.5092857575881902,0.6553149374239867,0.7464393454840411,0.4639747591727962,0.6231304846105953,0.5937999115050066,1.0774208023195093,0.627062114556684,0.49692634954238535,0.4951909341440783,0.5212388651328335,0.7995083307789314,0.667594122463674,0.5795043722235476,0.621555539608606,0.7810449698428449,0.7215786736472203,0.7843516137497281,0.5938297940601389,0.8742678197985715,1.21515965508848,0.8215419631523881,0.5517557351079688,0.5971548211984369,0.7856533234306725,0.5150413143593077,0.5935834743118512,0.7380736177395051,0.5916642000440882,0.975510336490381,0.6795103474311485,0.4550399097243815,0.47945552079070225,0.7201498593642788,0.7300556864568619,0.6454353899187523,0.7157191505305629,0.8033567723386601,0.7486343968246585,1.132674820757316,0.5708309197703164,0.4118385937169729,1.4948992444191818,0.7400058323984088,0.7332019092392169,1.099263696103887,0.6307586530816776,0.9685404538754671,1.1544410355365202,0.5049565985348161,0.5764995053502939,0.7482691795535057,0.6184675133784874,0.620655768789024,0.5369226789559765,0.7396042673516764,0.7131760260533433,0.7808619444431761,0.9601536961692745,0.4081565080733981,1.354603436714591,1.4019825883769887,0.9687051140770713
S50_right_hand,0.8156380179402759,1.287729399457385,0.4248412090132277,0.5183245830583889,0.6678133760004822,0.8045617771080738,0.6877096264426611,0.5131955182621729,0.7205610011136389,0.8628494086723977,0.9450378412989596,1.1513532872895158,0.9776636709755475,0.773037902626023,1.4598570564737468,1.8144786697037427,0.6355120372581491,0.7769283472195684,0.95623579614673,1.2541226769953109,0.596897791961256,0.4116238895562865,0.6093577779634023,0.8579259343080011,1.0852332872172723,1.5816948044093344,0.6310055666722171,0.5696254212006371,0.7061913620815282,0.8225130189326553,0.790490828526562,0.8000046136267178,0.6017325541102322,0.5944864289093006,0.7447913503010024,0.49475868833279074,0.558555770026624,0.8611619718781132,0.6034423529920305,0.9624997596789837,0.8932367847454765,0.9519508285277604,0.7561771497454925,0.8003020625693316,0.6812438071800551,1.043542724593774,0.6873932616629156,0.5457926586104542,0.6997808036815905,0.6614856381652116,0.7359708854719573,0.49251100747316884,0.7990295867568064,0.8383870147132181,1.1174860627554746,1.2893973990582708,0.9419402859735648,0.5322393683987547,0.6463231036746995,0.6107154396380781,0.6882198248008651,0.6465440079777245,0.5288941129991034,0.797901874355141,0.8226287386307481,0.8868817292333231,0.438007001461048,0.5008174795895737,0.6099132277105516,0.43637346569982904,0.5690661417700669,0.519924093060881,1.2434541662884522,1.1691813313117267,1.0054251493435646,0.4441949156692782,0.8309233832114477,0.8929992678250139,0.4969906813389662,0.661488531361268,0.4740018301777676,0.6057941540734002,0.41490513154770337,0.40498533071041526,0.6319914499454484,0.6115988336530044,0.634272914534981,1.4743856813015073,0.5085951746012034,0.6868500572376391,0.6911348160646008,1.229293827040272,0.6998239293679979,1.2716872714728398,0.7826815824779607,0.4786062368114952,0.8037334389401884,0.6078127378325158,0.8059944562217208,0.5554742979202139,0.72342026638901,0.7215479063431164,0.655159060272297,0.8587562870940814,0.6520961422300395,0.7454862698224135,0.7838999652976817,0.7952954191123085
S51_left_hand,0.5969127089199737,0.9530326505023536,0.3969736650869431,0.4870955193929371,0.6366883915152164,0.806743548030565,0.5251776497004701,0.5386046170538638,0.6561685956334502,0.8142358400865595,0.964584367340847,1.0203734323764153,0.9419629821747014,0.8454819149127861,1.3830610113043547,1.5875926869096126,0.543278959125678,0.6856301550720127,0.8397688679823023,1.096982077976325,0.6526275976901209,0.39055122614667787,0.5948602086738543,0.6055280499622999,1.0364082082475394,1.5477704369126264,0.42557560334723976,0.5255483215292265,0.6995555547523511,0.8529405625358606,0.728888136301242,0.6378905610775105,0.5113236343874425,0.448002149907829,0.7661686083529443,0.47263853005196216,0.5058551485186472,0.6184025386324625,0.5448751720426136,0.6883343398420141,0.9328835030819254,0.9070868766194532,0.5657281940675444,0.6785521972644748,0.6897323705659854,0.8681289157018877,0.5710266858803383,0.43473449740898107,0.6836114596420321,0.5456462419616034,0.5212133551899102,0.3810014210757533,0.58561587053236,0.7527170054734738,1.0133205170333628,1.1066398085362783,0.9084662155948175,0.4789217890530884,0.6584557388315176,0.4435377918740386,0.6109747276735463,0.47824634015863904,0.41015595442583797,0.5804885176720155,0.8419152329612248,0.7089977691980424,0.3970525030216834,0.41683893029787994,0.5572653203018659,0.4176230233195996,0.47022709297253934,0.468388690761539,1.276354543418582,1.1308867748968603,1.0562240394629536,0.4565748997421491,0.5924938603511136,0.7741977521862469,0.4857148076061203,0.5573209051908703,0.41921920444557675,0.6258685652000398,0.41757502309861055,0.3973918340759931,0.6599879683311738,0.5888168017689701,0.5370535393927883,1.34652122214058,0.5237147216270545,0.5530811435548975,0.6649728206458393,1.1596078324226335,0.48714397581662044,1.18457660927141,0.6388784252806923,0.4491093262686617,0.7145178658908897,0.4451601346223123,0.7070981146490354,0.5411138803723081,0.7676136338124946,0.48159075745863084,0.6845440647602763,0.835970264616456,0.5664039754177779,0.5054082456568976,0.7161750081816105,0.561847121557228
S51_right_hand,1.5632906131212543,1.8749175514268546,1.0790344431414467,0.8380341604810138,1.4456773542343608,1.34215338954652,1.8209607328937356,0.6785967440917318,1.7007188274515788,1.4921816882898236,1.651003678380959,2.2178743960109912,1.8998931268363204,1.2421838309533542,1.2030754857090995,3.6650093094064773,1.587908652910074,0.8170015973912554,1.2145180138145006,1.2669622136674235,1.0347772501105221,0.9739472548842939,0.803258336017548,2.3089528523926415,2.191066062107193,2.7408004248526368,1.4700028902887519,0.7221886218305358,0.7075577171025138,0.6845077868972601,0.8164476938350386,1.7163110390747658,0.6803116364760815,1.0038206957272524,0.476722569860475,0.8111867952188891,1.4512034126821785,2.1076405201585877,1.2922755800574675,1.5452747964859097,1.996093411015575,0.46562901921346855,2.3627092163885712,1.4414901957417172,1.109987910761641,2.0104380133837187,1.1856069085329484,1.5867999596707199,0.8759300097611011,1.9868861661767006,1.3081815282301463,1.4155580958232117,2.199816109400212,1.8532700481398827,1.5322284072998877,1.9535958361670673,1.762064132473174,0.990318941781017,0.8062011396256392,1.7981074928081087,2.0309246822439637,1.0606691041478526,1.5232089868109986,1.7489691087866996,1.2627414050370425,2.7977698649023455,1.4612180934178058,1.2146785964403621,0.5601955729195376,0.6608771543839574,1.1200671917769502,0.9592471401534712,0.9502703151844475,1.2265294466664103,1.183973608734335,1.254554040367816,1.4932004507091152,1.0181766290248089,1.5298319906646252,1.04511976231343,1.349391051940952,0.6292398340299242,0.7920845045333678,1.0268150722520155,1.1888751109559728,1.2425742508868676,1.2413476561151457,0.3948436327614136,1.3518049844073925,1.0278981517532315,1.4906969954558458,1.735739784051648,1.9565877689002984,1.0420666473621671,1.7318265005377529,1.2224353127239491,0.894813661025772,1.7926715995356983,1.901952637868987,1.3440039078800683,0.5395164888405013,1.6890919149266082,0.5807732976729945,2.0430065039323546,1.2260493610280572,2.45729302643818,0.9756747938185898,1.1830862110354934
S52_left_hand,1.359148413451455,1.511001796448256,0.497848552078542,0.5428798986814904,0.7895032038774519,0.79296389370887,0.888321868373793,0.6696442922441642,0.9231791903080859,1.283332405466386,1.0321321842886342,1.3467765737704562,1.4008509429914413,0.6689302211656256,1.3547753828236173,1.997162594749094,0.943974448474687,0.8857038737213254,0.9656369349990875,1.5891489386056639,0.7606098766252156,0.378661112580446,0.6467774496661828,1.1415967437574648,1.37191717192939,2.142175055683055,0.6851841711129674,0.6825529518130141,0.8731197897478804,0.8778827913950056,0.9506578792418252,1.4066139037527403,0.5698118022293932,0.6926455635499105,0.7974666249163722,0.6315262574042595,0.9099673076682295,1.0055945361461391,0.9645464245939513,1.3675478404649968,1.1801680985682907,0.8425827627615426,0.9952431023936801,1.339033491127953,0.8561882773306981,1.3525466330398819,1.1141039319286528,0.6376992356539101,0.7075790215068106,0.8285037596967535,0.8782623124948017,0.5448118495120614,1.3506047551617306,1.291482088313005,1.288728085413402,1.663167993932654,0.8658662622066462,0.5166791420983735,0.7360349107443109,0.9853152519358266,1.0133105988872695,0.828971401129847,0.9230212936492272,1.1455679587328218,1.036097757191386,1.060591577547214,0.6956915033221276,0.647435192885874,0.5348845670892431,0.47734352846193356,0.8090926609468801,0.6833350678704393,1.322111760588271,1.4666995173427133,1.4953893861999794,0.7080617391506566,1.0838323559778915,0.9718507098926215,0.6292743775392101,0.8069258361219728,0.5571542864516276,0.6362903287025184,0.5441081816823181,0.39809439145791964,0.46145086859586515,0.6955066946340768,0.906781700253822,1.3678911401777196,0.7300859762554037,0.779826210847853,0.6966268985911517,1.3775907000527434,0.8148784568923101,1.8081190567487622,1.1219946632140942,0.630182513749881,1.1807380952206377,0.7401980835078116,1.185751346260843,0.8283075061742258,0.737330260748047,1.1597949769683769,0.6623041487199292,1.1896619918820122,0.7901159103680472,0.7701792599004244,1.0989680209956365,0.8517455435446443
S52_right_hand,0.6033641176880629,1.6043654595258565,0.5753035874038145,0.7759570131552544,0.7059669580439025,0.9253915706043021,1.2348558469081565,0.5894793911508536,1.1206984987186634,0.8728867129973459,1.282196093701778,1.7511425300552674,1.0038513052255293,1.0172561424951507,1.518200858470994,2.9490708256608107,0.7458539598941419,0.8654483233661201,1.1900325862534658,0.9378186311998765,0.505228488428147,0.6351886544435703,0.7182320584907991,1.2739257053581634,0.8841031480272532,1.3407989491761232,1.0098544454985974,0.5007734760954154,0.6066269755041067,0.8005325371375274,0.776637946099334,0.5447836547355794,0.656379890669447,0.7628657868082924,0.5996595019737403,0.5726054156278182,0.6807819887383451,1.424288810615171,0.4016099128544405,0.8136721006070133,1.0383413590315769,0.9649364315080452,1.1402135169702634,0.5881782205709951,0.6056850931135321,1.4546804938011983,0.5429566461489227,0.9777076236429931,0.9177632228730591,1.3040233239974934,0.9333780026847431,0.6829948870300138,0.9010539954832504,1.014350833572114,1.3666779644714646,1.4016307358844062,1.5997155780358854,0.795765014447395,0.6862748058606236,0.6683442971955846,0.8631945661919694,0.6475621874301756,0.504537397555259,0.8680194051058469,0.7784395888556994,1.3946857153900922,0.4913327804635459,0.6610215992062016,0.7109754507584178,0.449351428876089,0.5991857285213228,0.6132198732656367,1.2090126440089541,1.033603675423277,0.6628486330336343,0.5433155454843294,0.8607465075046214,0.9886216289145042,0.817572537931837,0.7926705932525168,0.8640476576778128,0.6500795955985524,0.4234419159780502,0.6597422509559098,1.009465653081429,0.8522790757890729,0.7648694406851002,1.2042793403988536,0.5928436753977374,0.9218978447211257,0.8046067608625627,1.502232045476088,1.148467981406592,0.704857158124181,0.818679346571461,0.5585882240812345,0.5038640084571147,1.1711857615283041,0.9171755098313237,0.7168302111967854,0.7400057958317207,0.7599919829977373,0.5963428589307059,0.8762697971059625,0.9177511850380362,1.232193421163712,0.5031897511842981,1.0118360582006891
S53_left_hand,0.6696321703166144,0.7715840731132815,0.6186014662013988,0.6614426678743592,1.0528050418526111,1.2720647971203805,0.555048372155293,0.8797327325875449,0.6853019277090184,0.7575028011980645,1.1211455691061019,0.7259541299354241,0.783421081276393,1.6324960597348366,1.3865293065649027,1.1368984838942473,0.5659386409958915,0.7568385996306044,0.7545724168925182,0.9864230613247322,1.1302109845281627,0.7819161741529309,0.8677895852910813,0.42061137519722375,1.6445776607177587,1.5470985409618045,0.5297284469479019,0.9994113025325099,0.8929483126001941,1.064158092960008,0.7361809875755146,0.6847920137776986,0.9157873335585959,0.6160659607749834,1.338617113408651,0.6559792520370052,0.49643756921851373,0.6136982797854585,0.77359247186628,0.6437425085815424,1.1438459537343426,1.1682717483279041,0.582540762067685,0.6570259791424968,1.256615915269862,0.6283859382519561,0.6847445018102526,0.5466722778709601,0.7729392054671682,0.46811844777271616,0.4787607265976699,0.7242772934893053,0.5006433903395691,0.5980686654470181,0.7562833243048457,0.8037772920781535,1.0752859167039819,0.7601192286064054,0.9067465681491077,0.4125192393988832,0.6530327214552792,0.5880085639286112,0.5758019279284217,0.5544710173027753,1.2009421431441414,0.8261238646756605,0.629371415144462,0.5142603330319826,0.7865569311415953,0.8452406115638216,0.584805381785354,0.635375590580843,1.4013280169717242,1.030101610299525,1.3326954793108428,0.6771276784765398,0.4561339578356868,0.6509668942053527,0.7426491510144838,0.6915436574588014,0.599503657532103,1.0649170966027632,0.8307437832345348,0.7344821837919459,1.3826750362801963,0.7469513800479235,0.4253353256208883,1.7597636017013685,0.8204852502808503,0.6549761637340452,1.1916685620118899,0.9302327823018978,0.5050965447416941,1.427328653789726,0.4989119329660154,0.5815712108250469,0.9183509321468447,0.43303154613488387,0.6590524913194309,0.6601785151406397,1.1654669909134159,0.481159053333999,1.0342856334531392,1.0019740264119703,0.471877745194174,0.7443424974570063,1.4003116771065491,0.6582985244051718
S53_right_hand,1.150148905708803,1.0182067338368788,0.947044381186469,0.6929594402024375,1.315425179438681,1.391714603854675,1.1024937416949554,0.9280372524584787,0.8251375776077954,0.6900577760858694,1.113837381250567,0.7089906366955954,0.7721539639850387,1.84192953186573,0.8986438537489525,1.262726184795531,0.7192137445959969,0.7664650757512053,0.5844697352365035,0.6092137374221206,1.3200278925986118,1.1703057156983545,0.8648396722735927,0.7876779060036276,2.1433609348289777,1.5036390266651238,1.1046096393654878,1.2733868204057717,0.7670964197658342,0.8395762462570281,0.5998351728494248,0.8822514581421647,1.259885349997529,1.032766702523599,1.3107766880193334,0.6934127547074841,0.6768803867345345,1.2652443641547029,1.0480757422499136,0.9017029986609458,1.3627487994033214,1.0475315479866814,1.0720384155504517,0.633981584407629,1.3191830181246842,0.6085603548878419,0.8134319972022791,1.024414588786035,0.7122053748167838,0.8271320951926,0.6611364313150516,1.4152650711318502,0.7793440111085855,0.5944125613757627,0.5138845891336032,0.4712006628705146,1.1950407129670477,0.9661476684574661,0.8553678940252325,0.7296182972022665,1.0146304611663868,0.7900073963878169,1.0266170272104498,0.7281372430330393,1.18729051948184,1.6290238065774179,1.140651939247108,0.7472228541341005,0.7516186562988383,1.151914450897621,0.6393965978077394,0.8049714491514184,0.9214850436761445,0.612911211782516,1.1456860290357218,0.9511303840457661,0.5121257983744358,0.5053379692716007,1.0639359188116357,0.8688919532033464,0.9312758716790951,1.0909263173077426,1.0988636285583344,1.092669603771261,1.7686022190684088,0.8534660319869113,0.42441210637869387,1.685049730377543,1.1020711263662044,0.8746884062498206,1.6240672509535472,0.7764869385152348,1.1683338656585625,1.1990612026599776,0.49368748483434366,0.8175508385840784,0.8705002507003786,0.8245883236222692,0.7506570403916174,0.7793385310783281,1.047541581983945,0.7630274378808395,1.0386298533008913,1.2301505177795138,0.4902289394158244,1.7230525104167176,1.8300026184825073,1.0928048372876265
S54_left_hand,0.6915554714680406,1.4755805341241157,0.5264963185426421,0.7933995922690007,0.7408028122166421,0.9716019030214109,0.7868382854689293,0.7012534612979474,1.0467821088628886,1.1584217032601538,1.3146231867379692,1.6392034274300005,1.2731172094620917,0.9456044942747532,2.0842231932612965,2.368482660496358,0.831436279784578,1.0389502824843149,1.3718037111512937,1.497046052777449,0.5843770618446491,0.4404023855652044,0.8224397939352198,0.9872481057251818,0.9323587103965943,1.8431131399738534,0.635927099664198,0.4787293509661305,0.9395111759865026,1.199979141683364,1.1151409565006498,0.7510387917972655,0.6063840126150928,0.6082524582351791,0.8755887495688781,0.6854230854151687,0.756177315216798,0.8538493254032042,0.5772992738335446,0.9050164526339102,1.0872153677364351,1.2971037789333746,0.8301592810315462,0.8833350133771378,0.7586049136564614,1.423935271643157,0.7635970627553683,0.6631893708740337,1.0223303248012683,0.8243373090764426,0.8078889725813648,0.4110011693118361,0.9103364202213515,1.117460869358267,1.6247295256270493,1.7412254753238514,1.27541083171443,0.6378196917743595,0.9110152081889985,0.613717863673046,0.7801055790059275,0.6470961428525414,0.49114750375033306,0.9523371327224706,0.9614406286712688,0.8953724657919143,0.41358973144654976,0.6174277056486004,0.8169113113931902,0.47891349287990254,0.7392508868036153,0.6823208569127589,1.8662745093109205,1.659493544041774,1.1804869209802114,0.543261597894667,1.0158292906624593,1.2966984936681554,0.6139184536921463,0.835571949903403,0.627174701393152,0.8063411094814379,0.40328352854075705,0.4791179129416728,0.7250591391440329,0.8551862903426526,0.8028952526794423,1.6857741279762495,0.6030600246654678,0.851557405579023,0.676738026528134,1.7180956612807219,0.6681810055239814,1.32492138100887,0.9123876193311659,0.5258546915871082,0.8609233372028209,0.7425983100683307,1.018518360493645,0.7777275971290902,0.9988727452106481,0.7094493499982972,0.8540997754481044,0.9599699563976124,0.8814525285495409,0.5802331615945465,0.629431746230476,0.7817564642719043
S54_right_hand,1.0494037984106113,1.5460866413151484,0.7224128869010357,1.1485510221447837,1.0934083788966,1.4184546019524884,0.7044350190539518,1.2292596405190157,1.3151025555733686,1.7892832861112145,1.7604882271336655,1.8143442265102474,1.783436401698953,1.4000976319027028,3.0677739537929227,2.282240356902204,1.125224367042814,1.557292699231516,1.846870302723403,2.4339711130573036,1.1384767987753193,0.6110357770844188,1.3288403339462258,0.924049660310891,1.5036215953991938,2.6076977850496004,0.5094260787946758,0.9225766589334611,1.6364352070552326,1.9892973264624858,1.7505022754450372,1.2667801165023758,0.9136647306829506,0.7672518431903126,1.6799904600970694,1.1277591074369548,1.0685793862752544,0.6498258974641813,1.0913453602119625,1.2821063766754721,1.5276706178291406,2.1422128387282213,0.8298791436271747,1.3723383324706648,1.398774435845767,1.7144781321721414,1.2947942104708967,0.602886236660245,1.4853053039673914,0.6349932504987026,0.967909291698391,0.49374573627843144,1.0718778604712251,1.4217557296680308,2.1326491637588916,2.3423151757799343,1.4106389887209199,0.917887702782424,1.5340272020470533,0.7523027947078296,0.9444511785296081,0.9431999089670231,0.8033444122753002,1.268189268110993,1.6258403341387981,0.8041057637139088,0.6171797554337587,0.9119384864493575,1.291934644783053,0.884471443961153,1.1034397209865223,1.086260254785564,3.0162406703163627,2.6216624399942554,2.239808633370724,0.878242314424873,1.3797304051149741,1.8794798954715126,0.8052876730258914,1.2113535870989718,0.6706596576478876,1.404607600802068,0.8127279828066253,0.6787712987638103,0.9679260771926176,1.267458950750329,1.0785459850354058,2.8034601419378773,0.9519120742613888,1.0762149444404805,0.924024828051214,2.2470623394576466,0.46757647295097515,2.5472937169925878,1.1250122107900662,0.7793983038828658,1.6950498244260381,0.5798168645845064,1.401768910835681,1.1393760912575388,1.7629297135413238,0.8987940381067947,1.4899517850570694,1.3219204510139868,1.1831378340736298,0.429426643722592,1.3398483932579208,0.8328106891943883
