,S01_left_hand,S01_right_hand,S02_left_hand,S02_right_hand,S03_left_hand,S03_right_hand,S04_left_hand,S04_right_hand,S05_left_hand,S05_right_hand,S06_left_hand,S06_right_hand,S07_left_hand,S07_right_hand,S08_left_hand,S08_right_hand,S09_left_hand,S09_right_hand,S10_left_hand,S10_right_hand,S11_left_hand,S11_right_hand,S12_left_hand,S12_right_hand,S13_left_hand,S13_right_hand,S14_left_hand,S14_right_hand,S15_left_hand,S15_right_hand,S16_left_hand,S16_right_hand,S17_left_hand,S17_right_hand,S18_left_hand,S18_right_hand,S19_left_hand,S19_right_hand,S20_left_hand,S20_right_hand,S21_left_hand,S21_right_hand,S22_left_hand,S22_right_hand,S23_left_hand,S23_right_hand,S24_left_hand,S24_right_hand,S25_left_hand,S25_right_hand,S26_left_hand,S26_right_hand,S27_left_hand,S27_right_hand,S28_left_hand,S28_right_hand,S29_left_hand,S29_right_hand,S30_left_hand,S30_right_hand,S31_left_hand,S31_right_hand,S32_left_hand,S32_right_hand,S33_left_hand,S33_right_hand,S34_left_hand,S34_right_hand,S35_left_hand,S35_right_hand,S36_left_hand,S36_right_hand,S37_left_hand,S37_right_hand,S38_left_hand,S38_right_hand,S39_left_hand,S39_right_hand,S40_left_hand,S40_right_hand,S41_left_hand,S41_right_hand,S42_left_hand,S42_right_hand,S43_left_hand,S43_right_hand,S44_left_hand,S44_right_hand,S45_left_hand,S45_right_hand,S46_left_hand,S46_right_hand,S47_left_hand,S47_right_hand,S48_left_hand,S48_right_hand,S49_left_hand,S49_right_hand,S50_left_hand,S50_right_hand,S51_left_hand,S51_right_hand,S52_left_hand,S52_right_hand,S53_left_hand,S53_right_hand,S54_left_hand,S54_right_hand
S01_left_hand,1.691099603551553,2.196021160498386,1.7156909951567343,1.8944227240051146,2.0438507133287103,2.1830212779614455,2.040312668099936,1.7455224639969105,2.037982042574481,2.062940121080179,2.388508573058166,2.219228799421289,1.971266336971431,2.7006453781199693,2.71922633892354,3.20196431918439,1.9322447384827197,2.03397972329489,2.144785655307619,1.9621694030968346,1.8518818230568894,1.8818458369062503,2.0178510662661218,1.6346583374694341,2.741473348360122,3.1154288262150414,1.8757661213785153,1.8757055241227545,2.002371797911035,2.3581333808161635,1.7856584695047915,1.5603033194071343,2.2322805474504372,1.88850799070028,2.268504449256837,1.5709259788770065,1.7653759469239352,2.0469577760458035,1.7605473755222774,1.6888572070409018,2.2270535744252284,2.5438423710270897,1.8831983840058304,1.3892321829963206,2.3007253677764483,2.059326716290886,1.7138012628204402,2.015146806115275,2.0115432940564344,1.7711296868027384,1.7291602439404956,1.977427511680714,1.6195539952938187,1.723307856412628,2.1028990722806764,2.13837303093408,2.2131962064278703,1.9685638813911868,2.0117632644923016,1.3049612780628421,1.6220533874095195,1.8316282161965005,1.7982000902031248,1.8699588234601308,2.3783718828945046,2.121397634871065,1.6288691391114023,1.9222466702426697,1.9135098473812053,1.9580437697420976,1.7517101589307047,1.8522923368795963,2.7292867627542323,2.132394517014027,2.3475852336165004,1.8846037878367545,1.8016074401183109,2.0112391315100013,1.9224920646560124,2.2114764640625784,1.885097446349689,2.133375631814942,1.5878983592897629,1.7612212293541356,2.5835456378387613,2.043264814829824,1.5160016883404281,3.2339179254582717,2.0107142536828206,2.0551692743914707,2.264025926860014,2.3163761671067733,1.4520101244106802,2.4784607402919856,1.4470349820986605,1.5000097800473098,2.2035540168292096,1.670279605294531,1.6308227138674658,1.872861473747849,2.1905010857270657,1.4677224900554868,2.195406316511249,2.059714276745097,1.77296474140709,2.313584229372197,2.5128496385190466,2.0184263753754452
S01_right_hand,1.9595721616460098,2.972688272100185,1.8891026430178066,2.186096489016229,2.196264636500096,2.7752534094559818,2.6432924390454833,2.091264561512802,2.5698512518028553,2.2064361039512805,2.644208019078536,2.4640291940454753,2.129674828190318,2.838604255595886,3.4318278051408395,3.6354824286215655,2.100616490481084,2.3047904411502635,2.6517760497945524,2.4232271039759583,1.9210146374726005,1.94041971125317,2.1425020429741255,2.006474775397629,2.5218666505985956,3.3035769326173665,1.922310613706289,1.9332028609641487,2.07665850197551,2.6154095780355924,2.1935330508390436,1.6276540593509203,2.214865459929498,2.0790096049094413,2.633723285730677,2.0554392178380225,1.9374071376866469,2.441073811373989,1.816348915425563,2.2255503813395103,2.2401944369622653,2.733093794442463,1.954181399255321,1.755533313939867,2.3276078335737207,2.58418079216149,1.9602745379714053,1.9899416571205408,2.206329537245242,2.080926518772711,2.2494786252751773,1.9364856708402083,2.0767049489232385,2.2471239635713713,2.6562665108580203,2.486339340824157,2.646685976956489,2.156490378321713,2.280595143984171,1.5495364443640558,1.758098551697538,2.082306901145396,1.7735536210927911,2.0110080285008523,2.3525140132358633,2.0758820975739694,1.6148911690599288,2.076733686016679,2.3315084047090435,2.091484010629978,1.9746254826785612,2.0035588810263825,3.433904263948762,2.756462872286777,2.383005618745205,1.938283290505106,2.1523197761428134,2.6342493467251007,2.0323344974951163,2.4078185188702217,1.9411778919178995,2.40421304463383,1.9212772185841713,1.8786066971116147,2.637238724494078,2.241707872476943,1.92819765477279,3.446251757874977,1.8686286792568376,2.2021701306721653,2.271344235038217,2.690176594768463,1.9202733135489505,2.4304492481548867,1.9079523972228134,1.8696158166091623,1.959843476404644,1.8528955099728812,2.137238169902531,1.9496591717133411,2.6198868389505794,2.0004404041190367,2.2416337124233934,2.275578622449904,2.0436894409341972,2.1404843484625315,2.2790452364809983,2.4755438592272663
S02_left_hand,2.2862503286644054,3.4402798565747674,1.68418685959062,1.7634955720075403,1.460909226316954,1.6080802704969026,2.70919403655186,1.696885752342338,2.383188203603688,2.14413484313353,1.9804089106328244,2.586281672444992,1.800069639049792,1.9496963762738684,2.5582097056238897,3.6943175198603697,1.7720412347579348,2.3449526432861467,2.3166926537823045,2.240174771565157,1.2196999742477035,1.5501217749749767,1.6239384560922532,2.5119875088455146,1.7741069221350731,2.6209840775913054,2.1719320521136405,1.4832595296144568,1.751349134936707,1.797144701046358,1.841847011417577,1.9037731602421415,2.041318176235039,2.0965516525881607,1.776119638725818,1.6200454412780476,1.7406939724924224,2.9444261922699693,1.565957505829223,2.4842593972413,1.7813712779457707,2.0844302049895447,1.9510266442906117,1.703020951400864,1.4520820027708319,2.9495732937186236,1.7766725571184603,2.3450804205452025,1.8800674308581913,2.2576702835557705,2.2186665861052064,1.7687482468475275,2.319465109897939,2.35088089714443,2.5178795242312155,2.4160587099417477,1.8621975875461965,1.8808890249417765,1.5247825013373284,1.7886363602568998,1.5585751173167341,2.1349526562540864,1.8733385951392119,2.1872369422828983,1.9266182766327797,2.413801039460313,1.6991401149015803,2.005806992764192,1.8613515187757708,1.4734794701496199,1.69455247469143,1.803931339699832,2.544239994002207,1.9805436938564531,1.6830553594139597,1.8127765608515984,2.306281159102494,2.424588919491251,1.7364785913897134,2.3617228874930474,1.9515964493712779,1.8114416938313234,1.3418239430278052,1.5852073701355125,1.7784871889673024,1.8917167680030715,1.8603517838918875,2.808731887383111,1.6143387938590121,2.3807252564750723,1.5326084483174527,2.343295020351283,2.3472949447550895,2.1268243767320487,1.8396281981081488,1.6059538170305832,1.6924994505979287,2.2172316886399366,1.9981274613195676,1.8884763848575974,1.903271445193032,2.2610751230239976,1.6300249390944468,1.9340566248463595,1.9109154220187508,2.509134952397685,1.6894294260896359,2.5923388056315826
S02_right_hand,2.077785207517933,2.674822946558798,1.5334120211042175,1.5964454345861099,1.907012596616589,1.879679837918788,2.2652169082588354,1.541817333075826,2.428848636629356,2.5275351011195366,2.248293922224616,2.6951146041514127,2.4220701370894338,1.72067942976817,2.6642906827691677,3.84137212427728,2.1970504638974417,1.8619899308309447,2.2527963616278903,2.3751031322894054,1.6702526464370924,1.5210797535296459,1.5225766694434237,2.5927725431910984,2.4039324827902635,3.928206517107041,1.6737788625792676,1.6362768093703872,1.529207170758538,1.7831982512229028,1.8807026714442523,2.259007542301076,1.4869467949418238,1.675592211617154,1.6253076251201173,1.6627165167683575,1.927460787772159,2.365946934464067,1.960440212690219,2.303878229089138,2.174351789046467,1.661223663883086,2.1893918085357464,1.9591055144296767,1.8272157479068583,2.6402521903912826,1.918622086995105,1.9085679771772546,1.9298919916001376,2.165166016010578,2.09163883168224,1.5217339831001575,2.4865420581895936,2.5888095286721127,2.3373389068174117,2.6762259655360987,1.9930590866378435,1.503598282172301,1.6522837873043263,2.0476281746297285,2.062048171185679,1.6393100002010081,1.9852867351911252,2.1579694070464144,2.065635460303264,2.5886635302470027,1.698250486026831,1.8201329291326531,1.403671182708059,1.3545147703371323,1.8847428566546665,1.7291016144338935,2.553083933120938,2.393664832178766,2.2081996057592908,1.7427144087589799,2.0611440598754136,2.0003590752488933,1.917323452856484,2.0098970088958996,1.8225869858925456,1.6119437742504568,1.2418557262070802,1.4950268842742995,1.6019556490820408,1.9734758652823237,1.8560405213336464,2.295360754638216,1.6229171614135556,1.816213372281958,1.604349580127146,2.647010920311967,2.149523178432333,2.3524573333636916,2.020568542001978,1.6815224517702103,2.0432303356084036,2.0048191324008595,2.5130233015530576,1.9429424399494626,1.5910763717529588,2.1616513814540923,1.6474720392132043,2.230043289478446,1.672881412300352,2.311782242613386,1.718235930809699,1.8553858523436868
S03_left_hand,2.306041594097458,1.981654771765092,1.6569753617666432,1.3744205073825595,2.0820490189960745,2.0697181897154415,1.971752316041938,1.566076463498772,1.9543382813203332,2.096401609895537,2.020525654596571,1.6936470563897061,2.2964669676935188,2.212669099893377,1.8275294284574022,2.4807098232519182,1.8314059713396007,1.502731441029288,1.2440620322620815,1.6761683174032065,2.0881050923968028,1.557816650489391,1.516882976328175,1.743841989301549,3.2296721756525733,3.803254484480659,1.5046982276729572,1.7479482272396059,1.8566958081340974,1.6460487039755451,1.5639695437351653,2.439495132288666,1.740895851569385,1.5441984663561947,1.885817264924443,1.4918107944787957,1.6796631328745337,2.0520393808007666,2.2099689658616724,1.9939067529700116,2.3890636279423743,1.5448032014645319,2.1695786432427315,1.9212365016736306,2.347129296924825,1.8307474396792882,1.8417830343001356,1.5900619420610833,1.3227689938943472,1.5952608881847676,1.6454643259466353,1.902972139852169,2.1042294248380635,1.986207410587593,1.6563184908413338,1.8833700959076916,1.4772899067489806,1.6045004717583915,1.5637658539452097,1.9351087804200091,2.1187036400242136,1.6246704710749702,2.2302579493961154,2.0258891116880293,2.24255737609289,2.5341499538538135,2.0592294727506673,1.8556159564596557,1.305692405893181,1.535037372260963,1.7147012287527068,1.704978628995254,2.073571847955856,1.901194091527674,2.462159770408709,1.861778114330655,1.6959604475833596,1.4816936759131298,2.0184360548669833,1.801299047474353,1.6837443219293258,1.7529435854849487,1.820841669192897,1.576647103376359,2.035974660495997,1.738920922352615,1.3862321402279085,2.258283978158311,2.045709968132199,1.5309683203286708,1.917495186927328,1.6241548130784365,1.7907994731636043,2.8714441714620413,1.7331852614340826,1.5182361537266273,2.082751878502453,1.3685233712319076,2.152408532133082,2.001482695793887,1.688588323241007,1.9628499226906275,1.7930345407700132,2.447743017517392,1.3229493989833765,2.432044663960148,2.6459477576950796,1.6651119805174142
S03_right_hand,1.8071209422941834,2.1297544599232996,1.613516272636283,1.5035154725612525,1.8015401798524924,1.9298709383750232,2.1675859642783637,1.5476117142110664,2.2645634726039883,2.309803842173843,2.4372339089193025,2.57532564200939,2.540633675112959,2.025836402410648,2.3353303929828773,3.8603877828668516,1.9120246092835091,1.669064535109144,1.9759316663590476,2.187059256998752,1.595963009979263,1.4325334630188182,1.4748455077885716,2.3736879054183544,2.6144131504145385,4.258617157901419,1.6757576440247002,1.587553685471776,1.6722572705934693,1.6829248973436677,1.6281074892743028,1.996694493371738,1.5659804052120363,1.5802324268801409,1.5611728625351025,1.5696563217003001,1.767283501384995,2.264017839168931,1.8056667269302997,2.1196943690243186,2.524723244390318,1.8749206894210475,2.5399341678137164,1.9284286218967241,1.9126216264170122,2.7409257505390388,1.7686525735994292,1.8402879730246595,1.6997161062251935,1.9943088393360613,1.7557747304237739,1.6039522875214478,2.51128680434,2.46782412637963,2.137476286301654,2.502119027960503,2.1091971052896574,1.5878239515411114,1.7579366663105538,2.0509793902690285,2.0569106292952783,1.6759090291139755,1.869715081934993,2.1442698636516466,1.9739921243931164,2.6612589652865775,1.6641566084809605,1.8563846139942823,1.3867083956610333,1.5122101171428104,1.8494038002992457,1.5330092677040086,2.6470439933617613,2.408162449769528,2.4772510658898557,1.8974204327358013,2.0523423454327805,1.6822656423276028,2.0062482937852044,1.7617681996871606,1.8062408010148907,1.576933101887499,1.4268445082925896,1.4665166241579515,1.8426498063028278,1.9105348289741348,1.5695342915906,2.029569585786267,1.8732289295230475,1.646540639167718,1.8586695717461112,2.4192374714895495,2.0726899385333226,2.299570008284865,2.0362063166262234,1.6154193072600092,1.970568787385771,1.8192205204461467,2.323540277281795,2.0230563780306854,1.6411695218118874,2.0904763895568133,1.6646685765312497,2.267069919207639,1.8783507742143888,2.245507017238157,1.929700248898883,1.6299507328783882
S04_left_hand,1.7278137502189792,2.681360751654332,1.3559964987154416,1.409080661832482,1.454208835563819,1.6127522490402917,2.290432180617361,1.5443721422920365,1.9485826457904063,1.6807898950696973,1.7110812403783637,2.0442214706226634,1.5568825835711038,1.5994487769223016,1.7793253709238415,2.91864538514386,1.4632383174135881,1.5379233298922221,1.6169980592070479,1.6476951727682336,1.162923190652051,1.3816537283714347,1.3921801092801047,1.8207135945724733,1.739523087364653,2.4192245494652918,1.737990473698653,1.6581876047072157,1.2263690226936277,1.3465680298211988,1.5507209846305825,1.6617834369136446,1.7388565504545164,1.7322357408758342,1.5136956653184928,1.1410564318959702,1.4908850038090562,2.4822534628893194,1.4491087414205146,1.9877671076062604,1.618627095288374,1.6569946946534537,1.786942887695498,1.344262754597896,1.5223983820173883,2.242811962709708,1.5743266296556344,1.7724627287837658,1.4026374248705817,1.7549075799734684,1.601769429260338,1.4588507171209562,1.9306745102370804,1.7694336306618148,1.78978172832972,1.9490315828649838,1.754989382888713,1.5606998539915968,1.368211603568472,1.5524022922494045,1.5243879930113122,1.6689821512384262,1.5752699951867437,2.020345552192941,1.4432569211063497,2.0869791551896686,1.3222647237664322,1.5062451372813526,1.2404677433707796,1.285237325761978,1.3850719323267062,1.374826094269775,2.039972539230421,1.702651275729932,1.6126892258171661,1.391571693597393,1.4842245743368467,1.5306121862844655,1.8007831319985967,1.9399686447216338,1.6602899725246256,1.4984140191653663,1.2786476221788692,1.3810116242310855,1.7803373262525428,1.5890542165050356,1.461237131951316,2.5507896798287812,1.300785282005695,1.8841743366040071,1.4482779118596285,1.9586928258322374,2.046099697097809,1.606101885877486,1.2846717650350903,1.2947483046068382,1.588637300777647,1.8368826288836368,1.7559580657270535,1.4980367038667786,1.5040134483840304,1.8323813464494965,1.4044477392702934,1.9450508163742328,1.6248880487399477,2.3179240613637053,1.7084675658404143,2.034284303784903
S04_right_hand,1.9499819286445876,2.2693264291663042,1.4333078338960572,1.372364929198027,1.775046780907779,1.6791703331149122,2.0188665815972366,1.3487525194175882,2.0881419197055857,2.2154254020524617,2.1000507266044703,2.4264838029629114,2.092407088921995,1.830452798178853,2.158867307357239,3.7359958763189782,1.9119799157735646,1.463664768071995,1.913653036252406,1.8372498539377273,1.3048598551198924,1.3231751979842614,1.4826312511821491,2.2077349294585664,2.213375178969685,3.408246857733288,1.5304144246279014,1.2038210272864678,1.3704374276049518,1.4368079979192563,1.6150072232662351,2.0136312119521604,1.3471991369469056,1.5141214650062222,1.3566266852668654,1.4272198898308137,1.821108103680576,2.368513844530004,1.7185977933919587,1.8782430904362197,2.0763518477645424,1.645630635115515,2.2810478928034685,1.7088574014024678,1.7135908300497096,2.403041199303564,1.7438708095787918,1.7795905085861061,1.5237182070318065,1.9709917267476893,1.6759582423520976,1.7778189867909775,2.356877596587541,2.173714785357416,2.0986943188163965,2.4635047301770427,1.8495347635390194,1.434608945664148,1.556509030417676,1.8169652590695455,1.913345475147592,1.53971959080345,1.8224961797490042,1.967745104856552,1.7986615456061172,2.3499816436059175,1.561474417423014,1.6266781123465377,1.324330046670784,1.140710712795322,1.6025043074259364,1.616834254112996,2.0936497891256964,2.0249925934239226,1.8024642232791088,1.7224389057471385,1.8010992225193925,1.7312995189144424,1.7052719989502707,1.8427786510649895,1.767584512606173,1.3653779026170554,1.2668410104621395,1.4087978214953774,1.746327458504648,1.7693743925195111,1.5037927206827137,1.9149044014514396,1.771993451055983,1.6911756366951567,1.623288032111967,2.095031861674484,1.8419320269875243,2.2628490996329034,1.923163404610819,1.6813288474985268,1.6558334904533458,1.7689570888228283,2.254105093657161,1.7359389853040994,1.3648745737912211,2.040056836829359,1.2941750159161436,2.131756601501035,1.576127170784552,2.216958996715482,1.6828787939416345,1.7599453881915994
S05_left_hand,2.252826739742898,2.9472872173872746,1.5981514947235773,1.8108725734161126,1.5330416749959017,1.6243741721880833,2.413054426598511,1.8806011748636111,1.9332045240636924,2.164598549003082,1.8903581541261332,2.1656821608844847,1.8386073756765524,2.245658891425609,2.238084190694961,2.936824303196352,1.640042846813853,2.1755848236989603,2.062932496136266,2.131829992860226,1.4934876480009809,1.6787263963335117,1.891267311931045,1.9474670322005678,2.11116529314798,2.691087095685564,1.9623462501226214,1.9760777836775523,1.817051410497697,1.936410180848379,1.9577214517339088,1.8906784314421348,2.1312982283884825,2.016828195597024,2.061076267394333,1.7326318661733695,1.9088028293065893,2.776394963760841,1.7611709937349616,2.3814274065650167,1.8638253014204245,2.2416069526402396,1.6987088020171706,1.679240333783287,1.8195649085744023,2.2305864160368705,1.8340218717860823,2.147436523225415,1.6901787088862525,1.8595582684028131,2.023237560544443,1.9641351560914337,2.225039518835441,1.9991645105059157,2.292612362408434,2.2018450708727784,1.8017131374473645,1.8697679360337895,1.878764125952934,1.5417615173828927,1.5315697051627577,2.2104023047046946,1.9055179659094272,1.9507481835701497,1.875729668027061,1.9673222452903039,1.5675953633673687,1.9025205688285902,1.8650779533192796,1.7087226653539236,1.8804470767742967,1.9370707623025185,2.554690067561989,2.0918678499829513,2.1714798405842686,1.7733832488679844,1.9182336244033813,1.9598944344478064,1.856643385144298,2.3568477564095804,1.903312907602857,2.002629466403497,1.4682534199322212,1.7687789434254078,1.9269955361306137,1.9124404626803295,1.8147523539505226,3.3730030857194944,1.5664643448591686,2.328913742681958,1.616000417057069,2.095057975064613,1.9783968478531202,2.6046081435607507,1.6429887186866687,1.5509862855539471,2.0469463896410938,1.8253462988458553,1.9469628286191587,1.819936547140583,2.0060500897677924,2.0500905598801253,1.8725446998622317,1.7844361607721637,1.6414602392131301,2.1844692926156006,2.3435453722738986,2.472394939145269
S05_right_hand,2.7993637923057575,3.573088451212861,2.2135988834152847,2.24182146771298,2.086581870028586,2.239686694227835,3.0922875424517287,2.4884715012945247,2.0467371558219565,2.164248938078379,2.0761148683938373,2.3152513892169724,1.8841735166109634,2.763197421572529,2.4351762487143604,2.8527187186076577,2.2203486245751467,2.73045389628019,2.4820333851530587,2.225412964598639,1.971025249832032,2.328809036306097,2.236747073196614,2.2453390180074817,2.405040443074203,2.567920401161737,2.653334862518808,2.599730721683074,2.188592500774579,2.301526295937656,2.307756180636808,2.198858433676714,2.975038944226752,3.056096092199232,2.586125834570184,2.2826918992887872,1.9993321466215503,3.5001043786778454,2.132648555756508,3.0107422487915914,2.1293081040329715,3.036346586454025,1.9596426961667137,1.8555185367068414,2.3135245790103753,2.4143986252577667,2.132870675035668,2.7654539940786598,2.248884822272691,2.25705327239008,2.7043738750657083,2.6902011722728205,2.2273181553623322,2.181089929419116,2.4073617655721833,2.283259331557324,2.522405917510076,2.3704664201925296,2.142484393080265,1.808784949559299,1.8446904682559127,2.7941933792648577,2.184817050710519,2.320650022082418,2.139252331657306,2.167150640785446,2.1468440442206194,2.238457428606813,2.433774522161733,2.3400751419231134,2.22383579837601,2.341785839087936,2.7801262264772233,2.285443833726312,2.0499992853612925,2.2966387378931588,2.005705556899998,2.3648839002383766,2.213969405401901,2.6918919224418776,2.5813264775553177,2.506778426657314,2.2711713131384874,2.3515905428058663,2.6612344534572827,2.009385008271882,2.150314362757081,4.214984492585151,2.0662133010022954,2.9472187032412673,2.208127034999381,2.0881916755483796,2.591475420286302,2.544410054671559,1.754856418745792,1.931739561726876,2.3957028280875385,2.350650149482367,1.8378320776973769,2.263052307950626,2.6512356578236855,2.4770728714656145,2.483798392573199,1.9026139976354874,2.155246382781908,3.202001899413479,2.9800582104038096,3.157269109338702
S06_left_hand,1.983401862918293,2.3476481334495976,1.6021128593137104,1.5240132757151703,1.771715580655374,1.833333257479834,2.347523358065358,1.500389686332177,1.8361997116564437,1.7028544829719485,1.6432378316810712,1.8641008918275248,1.7716970033776884,1.970074564010919,1.4743140346053263,3.0933007305564706,1.703716314489082,1.457901090274051,1.6069814785772163,1.619941745279346,1.4812269456185927,1.607853883562166,1.322065000819934,1.8391571147893917,2.4101254732943,2.6904280694841787,1.7649764265482988,1.7491397547557486,1.275698607329184,1.4392766162985366,1.4475179440207615,1.6248773993269352,1.8012661484798902,1.8226079633296435,1.6028114923484944,1.4489046988119272,1.4410623176168753,2.645737036552018,1.5781814312303764,1.7931469740190242,1.8345081069941025,1.4822567163339453,2.0116370902413143,1.3965288610310813,1.682067621342209,1.9797476287994622,1.6371075851205368,1.9030450551485676,1.3315234954441864,1.9175649649462962,1.6844347039318572,1.984897645688465,1.9429256042544705,1.621630459500914,1.4948295507194214,1.7043731004514384,1.8651918272705559,1.7282770731313404,1.4772309384503741,1.5670119421994244,1.8664384401408696,1.7242685167464558,1.9326808085896972,1.922783390044313,1.753864842537663,2.365666955097783,1.8321029880457098,1.5481980957994403,1.2939572823403271,1.4622439871082142,1.5092309265043304,1.5036468882595893,1.6497064474251673,1.412906145760614,1.6592498229787305,1.7008416632645909,1.5838885088328851,1.3128465170189187,1.9213093371461993,1.7607560732082908,1.6482660119602344,1.5270679296591287,1.5877884113918848,1.565986563932587,2.1327058564826435,1.7229520981062914,1.3854828463219229,2.299632647767117,1.6682406616356162,1.6324210983444718,1.7452675378942901,1.597789497687461,1.9875461880266767,1.7448171845523754,1.38571373502517,1.5110426905462522,1.5043460359363432,1.8822044037578145,1.8563676999034573,1.6491917983275795,1.475827740095645,1.7268579932338028,1.3409602728120962,2.1509379823865165,1.3388446805574186,2.4935685493038102,2.1140184415814813,1.9875033378716855
S06_right_hand,2.3760599366286224,2.6060704847780123,1.6359968079379916,1.5579446184039396,1.8336919144184436,1.7788901172167897,2.3093765378770437,2.0060446714635054,1.8190788633956287,1.760581756310435,1.749924645047003,1.7600436345705368,2.0691281273365467,2.035340485163328,1.8580605052671166,2.8111747279918884,1.7456951289308236,1.8248252944299903,1.6511346161565448,1.8942256315347301,1.6911335992985719,1.5594053374642871,1.4912017047256565,2.0321139049863666,2.439348488836975,3.2828102812225994,1.8554292529608412,1.9120336382357213,1.6146938083095672,1.5074377121279414,1.5513202321743802,2.2471706050814797,2.0013832242119958,2.0222276998610114,2.0810108583114313,1.6001504005290133,1.9751673214206178,2.6048769008773065,1.9115425783126092,2.5327323544824214,1.9582890022629236,2.0358203885215644,2.1729364151705184,2.0468043617289036,1.9056192932531342,2.0899270479325454,2.0299343860131667,1.8075922974858871,1.3672990512081793,1.566204205365367,1.9278595776674448,2.0297882482053566,2.2275361398591156,1.9200618333587176,1.6900787886239024,1.9903119686185677,1.7437413228265457,1.7556489957602137,1.7646895125702544,1.7575184711171785,1.7573902194096562,1.978370425522277,2.0538960480068367,2.1444602374033828,1.8242068019440665,2.1113904579365323,1.9449659069772987,2.012269579985724,1.6035706889710417,1.7523186069251198,1.9395035945303216,1.924530001104522,2.282721414771772,2.0208175287145402,2.247554367986129,1.896329416267434,2.1957348371464196,1.7378134721182061,1.740943562155002,2.2017486278873446,1.7288938879377043,1.6101861520856322,1.6131495719295113,1.5076264696486286,1.864242892865331,1.6971129157811553,1.6117737335460234,2.852060850612501,1.7424743046350706,2.0349634498796147,1.867842160022155,1.695993359929615,2.2673115257601806,2.5462733161225852,1.678959784880914,1.674961573247434,2.1703768608308374,1.741746205452794,2.173593674169555,1.6875724024513639,1.8618182679907376,2.2225176631765615,1.7381302999380943,2.2268471851139493,1.6827944323685216,2.5333978441557896,2.7177767300728215,2.3531968324578916
S07_left_hand,2.2568036068679964,2.6646565903693715,1.7936351890960724,1.5416451781856366,1.7099871644919686,1.8767837961993286,2.272394079657081,1.8525962712913229,1.9088760086165455,2.0274368890821686,2.0632951285926686,1.8761151033361316,1.7513790299942256,2.251062343308196,1.992456081506282,2.851281417179771,1.6072985862644984,1.9236231775811923,1.7421094536857837,1.672835072298134,1.647132072351996,1.6864576527697297,1.602285053907044,1.934649390135699,2.2148477764565486,2.71628357557415,2.0105008864155445,1.7376974933783402,1.6865842282250176,1.5846586817485808,1.686065942471775,1.8377781221821512,2.082599655204111,2.00795037229077,1.885082940999138,1.4516651047923208,1.4732123113128974,2.7052438033165633,1.4743251434861573,2.1513002251537494,1.9183471548006246,2.097096859947191,1.9747975707093286,1.4961425932114725,1.9644911119283472,2.2628245272312526,1.7212214006966216,1.9756374301153663,1.4866026552519207,1.8753637700382721,1.8468877643109227,2.0764396548913893,1.8370813923197145,1.904030662323283,1.8795382022940572,1.8450351963875473,1.7785600575849916,1.89992544253891,1.4270877429741944,1.5025400892043856,1.615864646136819,1.7339218199327258,1.8587863781289826,1.9905981609029761,1.9032402595144315,2.2735031664972105,1.640817920491643,1.8160870217085976,1.6469805993636641,1.4820339965665017,1.3335722206821652,1.6092203680574895,2.3271600543097435,1.8979434989020914,1.8075528047973495,2.0139119417112736,1.8967498729213879,1.8575435836296204,1.655457897343545,2.2847901874185177,1.8713322782084831,1.7415380285585718,1.7049814493626396,1.7106056095455975,2.171558952354186,1.7072559359937776,1.4823574847267542,2.860245804966373,1.7050560236027927,2.077120818963114,1.6015488718894118,1.8129082677753372,2.0234240249364457,2.165639160226735,1.420936061962968,1.4376388733717018,1.8091430064301077,1.6514543039152314,1.8724448817439734,1.6877257432719752,1.762277049300988,1.8460960176181804,1.824960861687771,1.9528442416695497,1.7082811101468582,2.659151095624904,1.9663194028578825,2.2949963684625443
S07_right_hand,3.0556048310471136,3.005776653241565,2.063722633690908,1.7967799915589047,1.9535544243909024,2.0126092767344796,2.459478541357302,2.187490452506887,1.836767665421406,2.2098405252332842,1.524912476394272,1.544986723559523,1.8247152162969145,2.3935462515576464,1.7818933543846753,2.022039915707909,1.9553367724722563,2.2331692553552025,1.8646717900596346,2.172611699031747,2.124564722156791,1.8493913407202855,1.9272228212198255,1.8494483172061402,2.8445240998223733,2.8178824969899887,2.3235069443617595,2.5180584684997465,2.155265260678178,1.9073470383544944,1.9270522787693056,2.434292709753958,2.5927182703537808,2.4078293549528764,2.467227454836448,1.969696115523017,1.9637480132749037,2.9356823834475945,2.2151605932621474,2.8868520867564995,2.0431118491697764,2.296621503114145,1.9573611568696125,1.991000925006305,2.326136933308237,1.9370817241568672,2.438579742104842,2.283655579721161,1.466770423844391,1.81794803371805,2.321109512991867,2.5750883525415844,2.1346092735158004,1.8640253546559409,1.8425641048399604,1.779394063676324,1.5458096154057355,2.020230438065808,1.8923134870297518,1.804387322352846,1.8198073207353995,2.506394998469558,2.4143090785055015,2.135083520609575,2.2371857338140173,2.03210127704553,2.1947096256993013,2.0392695854063163,1.863774952171056,2.009227507087142,2.0221357673507643,2.0033354885290504,2.228246418236438,2.0146491138074407,2.510460168770297,2.2672849652983875,2.2120174920334814,2.0492101849177398,1.9646756619736419,2.5227397685101147,1.9599957735344862,1.9993050116992794,2.121352412242879,1.9092125620422573,2.2125362406420805,1.868711505051113,1.8905939945217285,3.5084760122098904,2.1082806017872904,2.427061434161472,1.9101105342304816,1.526087789957732,2.2434601639997167,3.271891623786424,1.5329780741050985,1.8318794604187287,2.4497414080087245,1.7570555884668886,2.0172850036283103,2.053834624329511,2.1027442240097747,2.42865205105534,2.1396945205030327,2.23551698354022,1.5525957505936887,2.674692001115497,3.2030401570595837,2.622442208319289
S08_left_hand,3.187878179354561,3.587045953834771,2.373733081848592,1.9245812434280503,2.0821799364230076,2.1048541130892846,3.079232966647297,2.565099394496668,1.9807847618483216,2.0480623821387107,1.7975199929012389,1.4267361111459589,1.495155663722203,2.7127087396101865,1.6877733161796686,1.7971633728500187,2.0020420294173547,2.5264588294362764,1.895374654326198,2.0750600484070607,2.2646677536094755,2.4191631809889214,2.0825027182930635,2.2923965206433503,2.9527592580856474,2.301951675755771,2.9078291534308933,2.9871400119034126,2.093815935635395,1.8814588360367117,2.0736164370359416,2.3018203027483324,3.3965841060497404,3.129215572899674,3.0402860534789298,2.1025839489004277,2.085584640829183,3.7150939221906127,2.4778042438591146,3.1341999033700083,2.08495302769546,2.4800162337564404,1.9903861888257697,1.96266635503746,2.3750984264832136,1.730221477271273,2.5064754748748053,2.8092729514916366,1.8934464100879231,2.0652601360395524,2.648636982917964,3.319489637083574,2.1753020531622416,1.8136150578159218,1.6621809660227143,1.4778966419101716,1.6729206645058794,2.2424268912573933,1.9715411612562572,2.106258408301902,1.8676664059997856,2.744058798106117,2.5976380247191315,2.063724371371678,2.274525971968831,2.576072668221916,2.547275196669677,2.5958995883341593,2.210277269531491,2.601613130297123,2.114045245423407,2.505401696513116,1.9991804145095444,1.9289652296118522,2.2963252132363605,2.4198423658282042,2.2076607445041603,2.0675710714957725,2.4119930743903826,3.0429979469242743,2.4632515096663514,2.514904204772548,2.475482917016719,2.3481706317009032,2.6808212795183812,2.028207478046591,1.8376447635548598,4.0999687663513775,2.1944116508210256,3.0300253351395487,2.2712459124503503,1.655964116987938,3.03563346792241,2.820773279507062,1.5148130360176582,2.19995009845119,2.5894677428257777,2.3578308219286797,1.9395634181176686,2.1647187447811453,2.463848167035186,2.6898240108534934,2.4455441053764533,2.262922461257711,1.5857839172906139,3.3739619956576536,3.771929449003784,3.382399974459899
S08_right_hand,2.9631073953694766,3.6302034749550582,2.2289614966384437,1.9353456559069155,1.9226894546509947,1.883028207392389,3.422741691740122,2.282462100655028,2.1499427511553133,1.810134164486056,1.9344222035281209,1.9765790942538686,1.7277681603677653,2.2901275364706213,1.4856264886573973,2.7535580129684254,2.13549093362071,2.399193507396136,2.1490649304451295,1.9865498772403785,1.6507292006657668,2.3233315375779737,2.0124535068789413,2.8059445171712634,2.4775979743409877,2.018651187798122,2.9035516567673585,2.691078357737615,1.76674895197557,1.784374405271321,1.8695014217497792,2.0580489152204167,3.088946545152438,3.080795541863041,2.508168170290606,1.861297909033262,2.0159196998625846,3.976299297459769,2.1442001070207644,3.1857436885531394,1.7479288866765916,2.4152609837982744,2.1645800485708278,1.8725377877307263,1.9575108805184964,2.3112358276783,2.2251907452774136,3.028717527674694,1.7483351867575574,2.431616356032908,2.5771802082683055,2.9108994544874784,2.52974315985402,2.0768722332325105,1.8313766745727222,1.963534616677307,2.0106310775001615,2.2779049625014927,1.7338281326639036,2.0912314213353356,1.9208816428271915,2.912571705539742,2.508981720861851,2.304295057894814,1.951340383617476,2.708061693341789,2.3338833422496306,2.4189737896735615,2.232459787304544,2.3177113907348073,1.9586583600454,2.467885472226074,2.0688177202145956,1.7638903371655543,1.9963458028342236,2.2560955634271425,2.2775361827395684,2.1545936985548693,2.1449677024650433,3.0042699735526592,2.299879511573694,2.1585264911643494,2.099994572047193,2.1769703158083367,2.5298249610282957,1.984370864269672,1.9065644718806793,3.7343897941708484,2.012647092409757,2.9497659652829573,1.98588106937865,1.6265341597845493,3.199563122610373,2.3604442039454945,1.7708742353829519,2.2657721902973242,2.049043009231363,2.5357545484532595,1.6807184666663118,1.8881149197228928,2.088391589296093,3.05976464374085,2.0206189298663,2.3128360162511936,2.1132670800994102,3.387591674431397,2.9682694628388235,3.467739870489469
S09_left_hand,2.2506665688536827,2.3329076644736557,1.7734000600738327,1.5556324661993999,2.0002496077279854,2.1114586992503215,2.313446758542168,2.0083878763647185,1.9290953543877316,1.7329388110482957,1.908781789721262,1.4239786536520604,1.950601971721609,2.5473632359364236,2.0894486755600936,2.345085667564206,1.696273701873303,1.7108888079597317,1.7814234971587928,1.7011547324968435,1.7873652068021022,1.7748321502737747,1.8139346034177848,1.67429093976832,2.8186952450459213,3.311422595341165,1.7542955350891203,2.1301736793185855,1.853101736294563,1.8182333209234631,1.8138214811782825,1.7831298148434611,2.3765906317140275,2.278881817667704,2.2739612277576153,1.6628759066776722,1.6477109059290156,2.506942457896156,1.7557311579792543,2.1424925274446505,2.0189630807414054,2.224336262317834,1.9333231239232642,1.6495956324226029,2.206819517245493,1.890233339855481,2.0573573145834674,1.8727822942249523,1.4835643347051282,1.5284715283344068,1.7465643573152063,2.2616838805075856,1.7820147829620312,1.653326932726175,1.4482041242702484,1.7411732545171867,1.7073103717208582,1.986296095671154,1.8653899144320858,1.5016707787930594,1.8164872492775612,1.9046583288219914,1.8466839637866066,1.6595858923231765,2.166955055616423,2.0893597201886625,2.035146402882652,1.8475643071567642,1.836168072672987,1.9726091011203901,1.589147762769196,1.9576948232308027,2.692291555286432,1.7716431460201816,2.4365465421446357,2.0313446564154773,1.9416779199375878,1.8301736775288506,1.979041077446873,2.181190662994511,1.6230732745503054,2.052436730365401,1.995206805354161,1.6084320090959636,2.3603918367942676,1.8480876978858118,1.440325255206783,3.1811685182576754,1.9297981559535846,1.9097995335523963,2.1250144578088737,1.61301267745543,1.971633935113743,2.7141467822650234,1.4584838876752861,1.853189934006442,2.0159891165049952,1.6459175568172355,1.7642844942294904,1.6596849392892614,1.990660568451919,1.954791504685867,2.050838372532337,2.210200571900901,1.5212570228483564,2.2427511206679487,2.8877667150748696,2.140884224891597
S09_right_hand,2.2236510081682503,2.4207552082693997,1.6178273053498518,1.340654974101806,1.7132483901498745,1.7502520855195476,2.271904299065441,1.6533903113380333,1.668337128722703,1.7535228973176422,1.7644966042124297,1.6676434649556926,1.4169847565147506,2.116316044389482,1.5280938808188618,2.1892328581507963,1.5423549194589687,1.721083954817721,1.5462707142951417,1.5172361125904017,1.58459673822993,1.5996072661146143,1.55545960961499,1.8238148833826033,2.31602496524218,2.375385680619811,1.900767606940661,1.7833126178403917,1.4884656908768847,1.478834884861357,1.5496088536817179,1.7677728700793285,1.9449234590465803,2.0232707754120303,2.0223192843853957,1.3456693828708528,1.426476230897561,2.599591605969052,1.7146109844918598,2.0623692448321616,1.5393424909341846,1.7846702705636517,1.7312428564316906,1.4963120367210276,1.856324556919198,1.8875709538901755,1.6968438898741214,1.8198840558778835,1.4233355013276694,1.624627478793963,1.6338574059615072,2.167377342642798,1.8348891940685628,1.597607044570472,1.418270969713321,1.5826603464021378,1.5836358449368138,1.6710560119068463,1.4569134308316987,1.5522766549009075,1.3991253866140019,1.8496608919257223,2.045785906243179,1.730205328856787,1.783322003500536,2.3234115245814824,1.6817661539362636,1.6861689623791776,1.5745099158201432,1.6248251127869866,1.241657141722487,1.639853235714125,1.8493973501977508,1.6450949364281415,1.7770978884114792,1.7082685832890112,1.402089809568985,1.5932665132593622,1.6830053203947282,2.1320556579184986,1.5934134525685377,1.8129776901835981,1.5543818167513606,1.716771350330871,2.0130682853178836,1.536843686403905,1.3793558195963767,2.7977349949100825,1.5864649394204022,2.0475250775405116,1.6131458932160618,1.5551332209929836,2.0926445452722477,2.209860290690973,1.3017266822945714,1.5796567257265677,1.7799160714424365,1.6531539536449336,1.7106685131192243,1.6331002185232895,1.8260565078347946,1.9959953238359875,1.6122589694184204,1.9681752164158473,1.4045639031568067,2.5587875377215683,2.3806878192433842,2.3128153816773738
S10_left_hand,3.342244847590595,3.5654921759550002,2.383674979065625,2.024415488520104,2.3058659083752238,2.152455419685774,3.4162586124968652,2.305065279401612,2.16856022840471,1.9923691486004036,1.8062820445194339,1.706867487485588,1.7921842196469402,2.5036939207719358,1.3919790596485575,2.331197153741501,2.160713311997916,2.3257634406380365,1.6070913836451428,1.9644356219203445,2.1048923661832495,2.378169308083017,1.6920734045717858,2.483941910750799,3.0473771024803558,2.4567323803220655,2.8928196931233505,2.7889290532123527,1.839608252050315,1.7266789028813376,1.9148700772757197,2.653518646082801,2.8237932406890156,2.96180923513318,2.5481928961803106,2.077732660239093,2.2046227095997617,3.83461797456844,2.6484486121038477,3.0929909514128013,1.9935116900734977,2.0391664800893086,2.461838813079232,2.1235293698887614,2.3312309296379965,2.2364218408614214,2.394669966330108,2.695590907707696,1.6408104151353358,2.3821783831146672,2.650197952800786,3.212626921280048,2.689777388517289,2.1010434060282264,1.6441435595192493,1.536952504894752,1.9223602102358144,2.4183533797499477,1.9931664068671724,2.32942108062399,2.183573009769439,3.007623753178078,2.843418141314598,2.568659256012616,2.0147797902992064,2.924586273377945,2.7376191217005124,2.4427350802460777,2.061971222555753,2.4108015080124328,2.0833021015540973,2.500314305274272,1.5182248573498063,1.7201123890154373,2.257589938112649,2.3777840766222385,2.07817277175178,1.7855715829070584,2.406647094185392,2.67698745989934,2.399833863625239,2.303709734132941,2.5527150068896285,2.4037694165088546,2.4167775026784946,2.0369666550446928,2.025686064226587,3.358012568366274,2.269209661237023,2.714514071096675,2.207290829171951,1.531325919267495,3.161158668512657,2.50448492248057,1.7849097256328754,2.1933963886275194,2.4076607924060074,2.547391496999891,2.2072631589996585,2.309716065720049,2.083125234854699,2.8989940348939083,2.192489469713617,2.421140668601744,1.807191963248552,3.948260626146452,3.4156408754589553,3.267765599389421
S10_right_hand,3.8570933657152997,4.236087293130611,2.8601800727677587,2.544566637363342,2.40019769134722,2.44084558707897,3.9125994708326237,3.0464339880615032,2.3289448908100936,2.2361378338455555,2.0503776510396454,1.6541178428585699,1.9385706386283157,2.7985757134991345,1.5091467085113526,1.826438861455901,2.328268741758345,2.890681432540271,2.118912053327718,2.2565759492408946,2.6649439230623435,2.693917888208351,2.3371304545388134,2.6632814109797067,3.448539289511759,2.4267604664831577,3.46591473429508,3.6215268280627955,2.274108500312981,2.260078395407871,2.2734575995863997,2.9067054758965294,3.700588420949818,3.7002755152118816,3.1137974094099694,2.374725689118333,2.531353163308272,4.5377567397992875,2.9760850297162684,3.8146336307526134,2.20096358313957,2.790946334122636,2.5172508310404242,2.403948249686352,2.8189831905267213,2.139050265143453,2.949830559577904,3.128283468317365,2.0060672752192144,2.589862857985457,3.269389106362026,3.722503983820584,2.7580457483100194,2.151181756859778,2.093885132442762,1.7478957916017837,2.0157564821479155,2.6441438244595354,2.0044546637003493,2.618878851884155,2.3858273625398487,3.5680650142171717,3.2394177462655027,2.6705999882742555,2.3473961614774725,3.168699470169694,3.110755615351506,2.7762549029724033,2.5978670802408055,2.9628225641981625,2.576666150629595,3.02417906390197,2.0062929675539873,2.138723803528656,2.5637096447150336,2.6923488503386137,2.3588702130921306,2.2537669064351817,2.7695352080942994,3.407340075296577,2.868457157609346,2.6642943833484027,2.841976723741558,2.786940609685944,2.9921922888031385,2.335821187641099,2.2333101337800265,4.4866432050631335,2.5000278048534206,3.357048212894241,2.4586977545302044,1.6279665133935324,3.6727540167441513,3.1464064971002075,1.9156843024481431,2.32637945096614,2.9560937931931646,2.775582655060861,2.375165996259261,2.537038627167358,2.686071342746108,3.4620245739770947,2.5869166921068873,2.3758283489306953,2.248986459054776,4.305950016410693,4.151680799370903,4.180913786663782
S11_left_hand,1.9348171956197011,2.91924720479472,1.5573415464989755,1.6805886822275018,1.5880956903234462,2.0037387998576826,2.698857861215244,1.7273438506868002,1.9790103052274655,1.764635490918282,1.9323149668128163,2.0184165279400936,1.4605073255413155,2.028615532112883,2.1337412176593977,2.7555636828158794,1.5069015100185896,1.9849229054477076,1.8064739106453307,1.7332124997310598,1.482373741509083,1.692209184022188,1.7260069688163708,1.9134230598848025,2.102260825975703,2.4317774059438726,2.0029279048012434,1.7910317134800504,1.4740201217127655,1.6865056018823585,1.6553364484323738,1.8091285704406341,2.071087362055706,2.1905586974218707,2.0572756092991087,1.5569437165937674,1.5148019538627169,2.8997303171580917,1.7148898560123218,2.397945504486446,1.7818663455963057,1.9830806350911891,1.6711303112184182,1.4646030272808623,1.745117771796235,2.0583233872865994,1.7472512854789108,2.0683036957930137,1.6884035559301602,1.9560957078043393,2.077343749010463,1.9284358653517524,1.8981224941138977,1.8242637340397962,1.9243443431721348,1.9162426686720109,1.9996106298576257,1.7511868007619655,1.566575222781926,1.5129815920588052,1.4653619516627368,1.9168577545934975,1.7772439379904703,1.7203747716629647,1.656187661770454,2.2531165322298357,1.5751260324145462,1.8846052554137915,1.672143082741959,1.6338851221224757,1.6625292254384472,1.8902299364111654,2.2101598417091433,1.7021283243530156,1.5584206023308043,1.5684520954071104,1.6496794388520486,1.9583869948752926,1.896668893037441,2.19321088549035,1.8387864871185335,1.7826358001838738,1.647984886840939,1.8519088740936662,2.051730194857049,1.7560639216097362,1.677316818294289,2.9464408602420344,1.6273861080230785,2.1402457003091526,1.7348239182180443,1.879961016399603,2.1952066199438693,1.8627497358261043,1.311811940464854,1.5720031217665529,1.7293626182597923,1.8489155798058143,1.9361443711725426,1.7904540632482655,1.9248002056076379,1.9022292467044193,1.7722788982729667,1.8392934853991076,1.65982515495773,2.702737225250047,2.197930177922897,2.420806576289229
S11_right_hand,1.9926442024500022,2.8988367866508917,1.4375791241121414,1.4067356867553844,1.3998703998743558,1.5152323354016761,2.418821761929599,1.6778504762317308,1.720877813605436,1.6153005794121702,1.6249627755465572,1.6646182116140356,1.3797237836662393,1.8751951971660668,1.6975775004114548,2.6112483729993827,1.4754025701133315,1.6891260480773131,1.6543611346338978,1.4916888029579534,1.2412267497287974,1.5166029058759025,1.4365010100307538,1.9206559392201619,1.9835560343050733,2.0416680305782364,2.0192800682401923,1.7684249601163358,1.3185268523819964,1.3929687949219718,1.6224677022428264,1.613195182238007,2.1069078755447856,2.0667221533350473,1.793153448505912,1.4127851294528488,1.4423796704753193,2.8382633738404026,1.3637261622886312,2.19441337190515,1.376841513242456,1.8735802625866385,1.7440680530332964,1.2787107236984467,1.6419184776644034,2.045022751360012,1.719726936481481,1.9427960805054267,1.319726965791483,1.8441795363510074,2.0746971633855877,2.120641410143752,1.7021646840236027,1.5519187473286267,1.5666434237835256,1.696958576254814,1.546567406984039,1.6537621947765535,1.4223479203662772,1.457283169570892,1.4432028323017891,1.8842482961451725,1.7974880632349697,1.78022265896595,1.52678129113174,1.9310967181828436,1.5489494498763754,1.6181726279452002,1.5394279616313062,1.5261589793840078,1.4186018200009969,1.690214987685102,1.7419979746399568,1.4963959321389557,1.6854122155840394,1.5902928668198542,1.7211382791486978,1.7042319520153693,1.6316172893720438,2.190924748007837,1.7328692314883323,1.4997006283363294,1.5371658620621798,1.5998101397175404,2.0079927112522356,1.7321073097672917,1.3611480872430586,2.7723299911774086,1.4424018459143875,1.9876026401157563,1.4218436533750318,1.703267016087097,2.1021034239963834,1.839988423761011,1.184739305676,1.5863753879456146,1.5647803882301088,1.8066964233233027,1.6341369006551134,1.6324128073276836,1.474571527365859,1.8872963160218148,1.6258022052115222,1.7326442140952814,1.3891182841062224,2.425738146131869,2.139237509484283,2.306019946690555
S12_left_hand,2.4478866634070124,2.8529013866074884,1.3834810556497736,1.8531628486875713,1.7208767132588405,2.0515817352145698,2.180240771568618,2.1840071895138315,2.094929026584607,2.532189410690717,2.2145887442013352,2.070950469120532,2.2972533933238664,1.9977803044258104,2.9663195041562607,2.645750435733254,1.9170085827121033,2.316598948857376,2.2749617592159357,2.8039148023750062,1.7468814188205846,1.3224594141799626,2.024824631382345,1.9214993205790936,2.333464365081637,3.2868526964851084,1.5613412498436847,2.0497250090722186,2.318120715615895,2.3065845560110763,2.2317833621035112,2.380084472304277,2.1215287064357984,2.0509612530654517,2.6630055168741498,1.8441819877925032,1.8028632533931157,2.0048669090239697,2.132480249577189,2.5997374287303683,1.8862578006328121,2.431459039450162,1.7490007587657355,2.1851715174604593,2.1875637567273922,2.5850935003173934,2.423237424207245,1.7100449799475486,1.9320308606282606,1.5648960521100057,2.0858579139500875,1.7964880735846238,2.078997522323545,2.2588692238240236,2.389436239767846,2.7423203026948775,1.6242830837602333,1.856233875584595,1.9676409413179057,1.795420611216276,1.6261637063503964,2.2857418949394877,2.104948418280186,2.244352313570678,2.18909862568189,1.5516081680768166,1.5570039596545193,1.831601410111357,1.9922864818051946,1.7891073028524005,2.089640169917059,1.9599752773211732,3.2083977357564244,2.9691450258459557,2.910290275399209,1.796105886871124,2.1893911391255054,2.6956807209381592,1.7152910751474169,2.398672476778869,1.4953220898368056,2.1586158400827147,1.9130676631005266,1.5631846170052641,1.9468471515015802,1.7627159145701694,1.8952511297877135,3.5072053581274774,1.7857158396871133,2.2691409212667724,1.6075294683678387,2.3954974821098247,1.6246887643585453,3.359588499284071,1.907061734544644,1.7498533784464574,2.523479956811507,1.5106526529790603,1.9446171353867525,1.9342723910197008,2.425819126480253,2.310241161698207,2.2908887168346745,2.333611549972955,1.8453335399384032,1.5475471792032076,2.786041932026552,2.246723119289113
S12_right_hand,1.7486890160111117,2.661995569236124,1.4106817116077515,1.6417520264492271,1.6552544609354034,1.9164726688982894,2.232450152741996,1.7195366118235413,2.099909457291953,2.0937760816055704,2.195724368883348,2.2777824810236957,1.759659886558237,2.1956366237433755,2.6767755740418355,3.008540508506589,1.7411744484752743,1.9861896019386727,1.9519699361957685,2.0988733816052596,1.4136363501798377,1.5609603437136559,1.6608556310295268,1.745151342429665,2.1155087436697304,2.803330696820555,1.6041817040911563,1.571972247344893,1.75119979320619,1.919336456084714,2.063446647242008,1.741610858407233,1.8825375463351333,1.8204448208236388,1.9611519249113147,1.5428505670848085,1.4734421118959427,2.2728512744096596,1.5588339927740194,1.9198492765244546,1.8574315393127732,2.195935127046198,1.4421942078079444,1.3898330679404274,1.777672762121572,2.5085469972776546,1.5883298011413352,1.6731701644355739,1.88450029858804,1.7466701142262986,1.8295662868547922,1.520605039379326,1.7774715352449446,1.906543270059525,2.199598987732875,2.217687708775866,1.773476969521678,1.6701805274991437,1.7073037362484114,1.3158784151076584,1.4496235805254134,1.6501518645066402,1.3819714004824644,1.9272897418789847,2.0091340360672842,1.8041311799074484,1.4130095769643936,1.5740624803999466,1.7839520506504314,1.325656906378391,1.3534934397110425,1.6271020855830527,2.4897230019997103,2.150644474017936,1.858481362154638,1.5088163069334042,1.729489319871431,2.122156562571137,1.699556324653466,2.1138593871498457,1.621233800842485,1.954320039037148,1.3945472113372441,1.4608854645403575,1.927127298299116,1.9665093351757479,1.6079911344321038,2.990567608553879,1.4094659327721586,1.9706523949694073,1.5495812021463469,2.266828196318537,1.8094643049884453,2.0346903258566655,1.4825534963186655,1.4207096054338892,1.667621815775167,1.6424945029273719,1.9887185480650529,1.7482381470739983,1.888465203977296,1.7340337773576482,1.938378800953907,2.001976519045021,1.5307464364094665,1.8608166581103147,2.012507817544569,1.9812452156974034
S13_left_hand,3.084438417360841,3.9343983264435596,1.8072979435644165,2.0508149440550962,1.3694130752909932,1.6628751017521468,3.2261308162380082,2.12825195188255,2.164131254968118,2.1830859701971947,1.739659380939446,2.0207585729216246,1.598521463156127,1.8334960219972873,2.1397511497110058,2.564445953833297,1.7791202967250492,2.627281496093632,2.5860272562846762,2.327422965925112,1.4140470840375818,1.7878888440412881,1.9646472482800654,2.4132124668785937,1.7771259661760943,1.9979368871709968,2.571867016266207,2.2089468024665067,1.8251081202340178,2.1105861515363173,2.2049601069271514,2.2333189497742163,2.581753340942682,2.8801214317652155,2.286895622917063,1.9151873412201759,1.8415905379761648,3.496804414189362,1.8382357793152786,3.165161358914725,1.3250355931587796,2.59831952695416,1.8734807072637125,2.066003494692719,1.8090237961461602,2.8527121620260947,2.4638525908957627,2.5059935166813267,1.7415534914065236,2.3679218165787788,2.652277175958279,2.5949276057795827,2.5454762701485247,2.275765530552456,2.3980951951096756,2.3637649131948173,1.5188918151008612,2.2708223312598226,1.8400216605449462,1.7355652247486426,1.6332711611048643,2.7414011023616376,2.2783996172265937,2.3630680887843236,1.9080292969069674,2.04728375763185,1.6626144424456577,2.1361832258446447,2.2406444450227094,1.8829129831376594,1.7678716012210818,2.186188781570282,2.613481542613973,2.050083818843894,2.067580632923658,1.8525887750089005,2.42577868648945,2.5548083453093993,1.6153401983346682,2.872910476586136,2.015106228178056,2.1360616679482143,1.7988546528360079,1.7664712704616916,1.9834705438358282,1.8722447550776367,2.091518206770237,3.9682751052380443,1.6844406792671904,2.807889461040219,1.279448977626596,1.7516578034703878,2.5000980639873784,2.818129229975662,1.885009573514549,1.928385591355285,2.2056924119505474,2.250491088408279,1.981141974453136,2.107282950101334,2.109870810407467,3.0502016551486566,2.069962930684654,1.724782230666838,2.03288141245425,2.7062874825201715,2.8911960233862706,3.316189946246312
S13_right_hand,1.9337869011659707,2.3465376379873195,1.6112038906250237,1.3633726263624166,1.5517476783282924,1.8039675204336365,2.038236514805762,1.5066097182745042,1.711489116012407,1.6718844438954288,1.7252626377638804,1.677678694585345,1.60812944856384,1.9555439840435018,1.7045405407207639,2.6641737624836854,1.6291937036888282,1.66514053558562,1.6977192696769283,1.851455530867717,1.660023030199211,1.425768604799557,1.5059860783719197,1.7776202610922125,2.3685371534909008,2.7921860967393064,1.6740650413747822,1.7171590385487945,1.5187117815115754,1.5273136684822877,1.370523095695507,1.7094855534910578,1.9365029617690352,1.7596794027417464,1.8587831226723752,1.4554214878703282,1.4375341647305775,2.2672774506005036,1.5389104663941438,2.1312824861689137,1.8634316491643519,1.7532400299698825,1.9432660451181893,1.4814193509065354,1.8904861972974194,1.6689569547458016,1.6284317045347212,1.930270684925474,1.290894537526223,1.6423439244582885,1.624742916613286,1.6973266679098957,1.9465255790818872,1.8288215956132308,1.6414820022510845,1.8535191934003556,1.546621492503295,1.5433609822536205,1.3928048267321036,1.59473707504891,1.5669452432549398,1.613117990997595,1.7509436082727265,1.6261698287649091,1.9116729119162401,2.0752107525901407,1.5525260929185163,1.526088522072369,1.3229448687413952,1.5292073298664044,1.5776306123374493,1.5909188386107436,2.2272815520719322,1.883725371439014,2.0593902241347433,1.671957715974974,1.519259450094377,1.6117950993637793,1.7319730709561385,1.8634601855715536,1.5312770082824994,1.5298843388346872,1.522463427022814,1.393042514186709,1.9825298291285864,1.4365094848416087,1.2600937273146946,2.561328975524332,1.6224313210872408,1.7458994845131022,1.6158169034168555,1.6309064578873302,1.706136147583646,2.17842890442205,1.3932486079254673,1.4907755041967272,1.9259085592199525,1.5945461400609275,1.578073629997021,1.4944164006493665,1.7020998816788273,1.745161627304396,1.6046830653863084,1.9410951072139535,1.3364286088975184,2.0899060557537394,2.20053817862122,1.93940940200855
S14_left_hand,2.37242804775486,2.7781340266649277,1.5832444922617612,1.6320181110012313,1.6635184666513965,1.8374964364554256,2.3492988966516375,1.6958873491358135,2.3914850079442656,2.6585783641999168,2.3053230405359275,2.6476515907744913,2.634541729936796,1.7097225765284572,2.333039343112075,3.7519574406813105,2.230805055327572,1.962529437388063,2.2546279809008474,2.672941696299149,1.5372229179289034,1.285917279330595,1.7351879701874287,2.6090154829044305,2.225255545912051,3.7074550044629007,1.7618184466711342,1.5895649000494796,1.9051109151277654,1.9893943429561016,2.1287546248445763,2.5627371525382205,1.4941628647468645,1.8406917368139877,1.8396171867187827,1.7354858476480848,2.2583322862437,2.3364645329360325,1.926661716195732,2.617904548484132,2.372822193265831,1.810885750763268,2.3988768890241774,2.4734837629560875,1.995025774764875,2.8593484419774313,2.2781776924917354,1.911307159832376,1.7576778025193178,2.1321681070888654,1.9999145746564113,1.6293165939720817,2.899276844301532,2.774562936297743,2.6491251616653546,2.885813649747309,1.9675917257460536,1.740191079951937,1.9498103833851865,2.062698926407475,2.042287431976693,1.90888004759384,2.1825049031139385,2.4747978624104072,2.2062689359348315,2.3286641292960475,1.6377359658921433,1.8334533220077094,1.5689976714922755,1.3059810353320684,1.9464737115168558,1.967167037485101,2.7117594983565705,2.5847520998668774,2.608769422016964,1.7308174369262292,2.365678352266204,2.1773994478195418,1.717432295829167,2.0165003065598293,1.764427093101222,1.6650971490593491,1.33123316386808,1.4804813100244796,1.5460500415086487,1.8005270276785172,2.017478687435136,2.299696240357892,1.659647777535102,1.815866762021987,1.488422306934672,2.5680021402489137,1.8856165290375468,2.9794696192361725,2.2169385256030436,1.7221436116354123,2.3076486024090195,1.9544891266673714,2.556344459243549,2.0588695486259527,1.8362701063560314,2.543421109432748,1.5918124667893931,2.374398912181886,2.0363823824130245,2.2477584321014215,1.8349269500390901,2.020726350850617
S14_right_hand,1.6120807740842296,1.963154493543155,1.7965778866328708,1.2716700172756925,2.0964574984270987,2.0048388141358027,2.0989269531146926,1.4461055695961575,1.905616637095914,1.8077554821896655,2.072995098087113,1.844026778879708,1.8562054265316368,2.483479121464535,1.7535127520777123,2.9816403320312563,1.7714845134357724,1.2878219535312976,1.5094759565871652,1.2935057252331024,1.8730133696467397,1.8063941350333947,1.3956442432011427,1.9141488098866728,2.964341712510046,3.3714259689759016,1.6961983862688386,1.6007493856886519,1.336513941537163,1.5054612454811198,1.3246208445594696,1.663784632184435,1.934434873307808,1.7284468932277295,1.7921042349884688,1.3748536005756917,1.582512113390843,2.225998592012538,1.8352121080392743,1.6730828800469153,2.3325099425436258,1.564196191288369,2.236798174705376,1.4209868610174872,2.0082635545865735,1.8635266863300264,1.5046556887295872,2.0062324685326622,1.508740556829579,1.8645664273504794,1.511057890474612,2.0862707296439598,1.7992885106804306,1.7144811100117971,1.5343029246551556,1.5605486983262105,2.206194083353172,1.7521232331860837,1.5426884904823488,1.7745873739016509,1.9716280436777143,1.5957483104368286,1.6539670501945287,1.8055609807511481,1.896931258330905,2.6923283439066568,1.906998417680702,1.6819755496725979,1.2820271608306462,1.5904444718235553,1.4284940221495404,1.7212761999540338,1.9485271462474256,1.6290603311200669,2.063930953160232,1.733892410769139,1.439273981782853,1.306640159785394,1.9417138456006824,1.6040958056416286,1.8757057522550795,1.7955430578239824,1.5796642338923153,1.712905216519517,2.2876084785588753,1.7044852030748734,1.2255876015634393,1.956677293309371,2.008188066824811,1.665882952391994,2.2045635614049113,1.964678728268951,2.005180590120192,1.7576010325441755,1.2905667979363649,1.5726257821978507,1.46466384610178,1.8207669460343254,1.9020511066860455,1.8598062053354252,1.5081305673417025,1.7428192752734613,1.6495311045713954,2.343962455510474,1.313316268353273,2.877641511460636,2.135591420388012,1.6036554809395231
S15_left_hand,2.2313963696522032,2.631221285797808,1.9185660995420233,1.3869983306976112,2.042137949882579,1.9027948427385637,2.3345128392110097,1.6401306979709398,1.8895150275087125,2.0562887879326652,1.7903656116819735,1.9318115233091682,1.8435383116649842,2.0203470705327513,1.5547679091702313,2.8775884473209405,1.791670622546346,1.731447525797251,1.3526887574786552,1.5707105849594105,1.6930769174619962,1.7384687489027424,1.6104441840850157,2.155212361067676,2.4618907750141785,2.985980472093434,1.8855473324158152,1.8927492828296022,1.4369335877150096,1.3524338070122326,1.5137143155189572,2.040447029421991,1.8826837826256955,1.8074259828190522,1.7011993877337936,1.49016194379153,1.7280495037674768,2.8686906711885243,1.86903571816416,1.9875807786169781,2.0613039458489735,1.617621742083848,1.9984610829055707,1.5484455825614916,1.9559477852833305,2.0591233551155987,1.723757918139555,2.101621761911024,1.3712710972537345,1.910032262289164,1.7859418577781763,2.284745188431417,2.2231305396622525,1.8514811360603873,1.6346775596778405,1.8116849796529482,1.7121718492179478,1.6447446375408261,1.4169054287298009,1.7656145219422654,1.9581789800982636,1.7956539978410588,1.8604100777215802,1.9928687548999369,1.843362068036051,2.543603526457287,2.0882072681403767,1.5926304194314609,1.286861185301495,1.489327627248193,1.6254965554718803,1.543787982238147,1.6584436428642664,1.5735156073228849,1.7849334401722734,1.9696839968296538,1.6180953748551168,1.4085429786978987,1.9118220322535242,1.9851768687876765,2.0190772725340684,1.6914311294933002,1.6468592889460592,1.5959247784467678,1.972132192190407,1.7827726916081197,1.471231850278929,2.300001036739423,1.8422923044835864,2.047999704394998,1.8269661623667697,1.7016613518470642,2.292697462981008,2.1618265846742135,1.5938959239701807,1.6468078224695248,1.72678671183806,1.862206742115439,2.0002530962603244,1.6484806828851943,1.5251366370586985,2.0938916371468226,1.4895649005669078,2.2354060562087303,1.4526511806464433,3.0738642839462247,2.3089169539241885,2.174924097152498
S15_right_hand,3.3941055753319764,4.142921749520319,2.3711012471906416,2.403060816071518,2.1122517409409167,2.4140072013169735,3.277294976605228,2.8847786907488535,2.276997570579613,2.346367597036028,2.185437041377792,1.9423159606129934,1.6189856335771502,3.0845203503620846,2.491884497027056,2.343816228073221,1.922638416388526,3.1924242502575257,2.7045745517101616,2.325253571967479,2.047821230510614,2.353734811700554,2.7248583972975036,2.2894814611411354,2.2313085457457698,1.7018459489488482,3.1309785042303293,3.0016943069859767,2.5501510948431023,2.396825990438346,2.7136097192841686,2.5098148330766037,3.7081853446922084,3.5742367353633013,3.3453020373934006,2.508387409670637,2.1457792351249876,4.008966495389615,2.3471234098634213,3.244472625902068,1.8770883210560667,3.4132247573877454,1.9829323071277738,2.0573515449344173,2.4906734773348225,2.566729945989291,2.7188235552989957,3.0105603556685496,2.3333284783016612,2.3759790474156848,2.9963727775102162,3.443510118412229,2.2876933700010107,2.0654042088382076,2.2784594232146187,2.287164551144028,2.220983397846161,2.8865293735248736,2.483097977290373,1.8639695161662184,1.7163151946002888,3.1958391423497754,2.7674205693740417,2.3757913258515857,2.1537815324351586,2.058440323890093,2.260796433094386,2.662740416979852,3.0065176836715626,2.7765394161809116,2.3951674235539313,2.7672889200779074,3.103911471044542,2.3762059317223896,2.3571894825333852,2.659670804173256,2.591071407126018,3.124917939841593,2.2865649018779477,3.6893310668522648,2.551306493225392,2.898744103530216,2.564143795362084,2.722601344205695,3.0655622414336685,2.307163003465143,2.3536195353303144,5.024380740399169,2.3552043504039766,3.641625455555083,2.1439730485730357,2.0072285113177366,3.0585030777014803,3.4847225345598933,1.7114712484762757,2.4409166226667853,2.917090466838196,2.3140694821151513,2.0766612346067412,2.4427570378969037,2.9580951352767486,2.747317387069642,2.9076390717690126,2.1012291358078357,2.200566207734179,3.1519199945202447,3.6366602731999165,3.9864905259498506
S16_left_hand,1.9875440032464264,3.122078717433439,2.361855083075236,2.507569158092422,2.6788102243728367,3.0275394165636635,3.144378686295866,2.45681545624981,2.569607197327226,2.224649862362746,2.88678513826138,2.6436968873449898,2.0141915680049625,3.3454154604984447,2.8733723331841903,3.8407956853723495,2.244164006360944,2.497461492655832,2.5671551730713333,1.9722755549311297,2.407524093279906,2.5336756103332423,2.5648322208786065,2.2022892108984475,3.1963206051094972,3.2873707983994587,2.633021747464335,2.5999159336527677,2.16314755127175,2.4351102303344767,2.1448843493293683,1.6191646325036761,2.870446104085154,2.417953895377388,2.802492767666639,2.1294666334354635,1.9654044234970685,3.1715583988079894,2.0694457977837115,2.256518524987563,2.689190766945517,3.1174368467527476,2.5141993729487533,1.5583698150941867,2.6855433721024724,2.668363655074173,1.9598407208307609,2.736164381152943,2.425793774485446,2.5626087553447614,2.432148154982194,2.701819405419609,2.0203776404966787,2.097842734065414,2.3592149419191983,2.2596256069985396,2.939755929196176,2.7113796565445187,2.2160243784462543,1.8686998771212464,2.186448720994637,2.3830019894390313,2.065103161404661,2.115119006163155,2.571626860645879,3.0383083083408873,2.3094549009145515,2.1531285551055195,2.519241127209332,2.437615453320023,2.0508016675179195,2.2535072854198237,2.967475005762319,2.284004059662349,2.25914204395517,2.365181861274111,1.9498219432774129,2.2666791702719724,2.7330356571862726,2.761535464390339,2.5284846661255322,2.689561306118389,2.457535686164109,2.441900468390349,3.422702920756382,2.563367870539248,1.8876195164575749,3.8438498045123586,2.2545435836593017,2.7494745548863757,2.836753659726714,2.7052741665896853,2.7334177627497254,2.027193413912725,1.75764792004347,2.0619581297218663,2.0437079156139237,2.4508512459749197,2.0988845567378434,2.2637767591691684,2.6907960861780595,1.974579282315555,2.72877270553784,2.5865825429343436,2.1633551590938165,3.3129922008790915,2.8278567743382896,2.9524819981953607
S16_right_hand,2.1149904500291385,1.7767021907409164,1.7135615398634156,1.2751004361023957,2.125753914405357,1.9780581889656796,1.8464853208841447,1.7708125577616944,1.869617314613648,1.7679140419400685,2.0441164858351017,1.381843682096201,1.8587675015040832,2.4687357580901477,1.9079648559466762,2.222753687737495,1.735291570987084,1.5028940099133354,1.3723834128846022,1.4494594323356127,1.9229728264696861,1.7753098374469158,1.5916579188907192,1.5633751553897084,3.0613585788657836,3.3426220324756217,1.647279428292635,1.8130276711871078,1.6775467680274927,1.6515156812130392,1.4119923647282664,1.9639884518263302,2.063284620656308,1.6301099433488222,2.2841584362540837,1.5051583915926643,1.5230534471381019,1.953630316965894,1.8484134078948495,1.8077425807767422,2.1904694718209536,1.795211926622725,1.8976316257337724,1.6929298904370822,2.2581106707135596,1.5582757823088267,1.86947166081352,1.817204384973096,1.4135375619001538,1.4216220340064532,1.472545165377198,2.153483483424519,1.7151040659917403,1.5741179136605048,1.2128485032554555,1.425428894037282,1.6853794295886175,1.6429770652078934,1.603656025844825,1.565487136490543,1.8220006141086311,1.5607311238149721,1.9371306051869555,1.7932893132310115,2.265761753538948,2.416446578431119,1.8672087344618917,1.7279717679593687,1.5666494340235664,1.810049178761148,1.486281771449645,1.72872915452443,2.2572910991329223,1.7258267448543005,2.397449284543139,1.8911760162948044,1.5324731329902739,1.51995834840883,1.8107944548408654,1.9315473874049989,1.6528991784004239,1.966782934196249,1.8911136502264536,1.707627725604151,2.274080299482315,1.6080079642905103,1.2080531198263442,2.621706511701082,2.0628753907722697,1.6695873974969988,2.282051412581561,1.582178043574667,1.6952915599659757,2.662471549175817,1.3353319121671507,1.7428711192235133,1.722550827482206,1.2799144341248776,1.8731966008472527,1.5893996087772218,1.9019691433767305,1.8176565339600137,1.8397484798951629,2.5197704742017315,1.4045148732554544,2.260396021466735,2.9342334977066553,1.7587978462994986
S17_left_hand,2.054751278360514,2.9096030593413755,1.3345559065373769,1.5238225701812835,1.4275089722399381,1.577900702874537,2.387340167690094,1.8381995188729263,1.7802029184297052,1.8785210491226016,1.8528400662781985,2.096511767868126,1.7231630606035568,1.9112286948859365,2.2806479114104863,2.821495590277162,1.649490445470696,1.9779091841989318,1.9946558924377789,1.8495161269432283,1.19085727684454,1.394635423531628,1.7067467724892196,2.0304883371053255,1.928025179577158,2.564993605984304,1.6624575300800208,1.714022275128185,1.5969200104249897,1.695701768302094,1.8460832888701244,1.6461667952095276,1.8701827390637673,1.944413365676733,1.9449497633193316,1.546629497210044,1.5898088494829214,2.6093153059045524,1.5769165918590329,2.075864328149854,1.4848958437387378,2.0348977979183074,1.439539251424743,1.4985518177186465,1.5875288507499283,2.2028309428256287,1.805685693861748,1.843512107256306,1.6911776734801989,1.8545301970143029,2.007456265076927,1.8115985451991936,1.7353070505471146,1.66233643358045,2.033407140048723,2.159021411321323,1.785626357509349,1.6527767974551786,1.5988371538601205,1.3200524411494783,1.3389432813782478,1.8048944933941544,1.729280748399837,1.7732552380176627,1.6412423259243716,1.7796689033998099,1.4133620459918528,1.6073364049519592,1.779334775896938,1.5023428342951903,1.6293288545745002,1.7900810442567958,2.3642957227191754,2.134322665958249,1.6849528205297521,1.5471315491065463,1.7783929819949464,2.0914124171645634,1.5425562510288573,2.140437976119643,1.6277364273344361,1.732216609817701,1.3441308448255476,1.6583568554243895,1.8608014730939935,1.5981567918113342,1.5888091167301064,3.0247234070697804,1.3527045858163174,1.9961955699285094,1.4237741571886198,1.8617178560563432,1.8852701524492463,2.131544069883119,1.4739831182977918,1.4577073902684587,1.7228110861198176,1.7382946110334643,1.737126851464265,1.5933939621955147,1.9814145398034286,1.9511307778814595,1.6403697264238772,1.5511949632505662,1.6503028429075082,1.9906869553981572,2.0687281375491215,2.330008764769757
S17_right_hand,1.950486341250093,2.10250077183245,1.6016362587324573,1.4288249604696714,1.9698185078253228,2.045626248624698,1.5647563074070696,1.836392972693011,1.6771872156963732,1.8354193271849342,1.921519706582919,1.7425062635774968,1.8674209935236523,2.6119938132089935,2.228534217003523,2.196229264233819,1.6588031569389332,1.8784432282516026,1.442296168417906,1.9397271743105176,1.906551511576901,1.6047376282686168,1.8696390273729544,1.4023749200874638,2.580622399004239,3.1410431700896924,1.44425452077651,1.8155565106064249,1.932025885084995,2.00863299217663,1.5965721385713207,1.8589672501273544,1.9789035603416056,1.6964752709105408,2.2931043174724683,1.6913649257937087,1.5781911694893833,1.8125839665005201,1.9303142068874428,1.874717577919669,2.120019065528311,2.0502092709693436,1.537242931057254,1.592823914584561,2.1750087685140156,1.6497332786248886,1.8648675625524085,1.5954930433775423,1.6237202299277782,1.3063194045095181,1.6636855522332914,1.7950516310544327,1.5172461085190128,1.6694849504790847,1.7613099942468116,1.8594684243012511,1.8390413312790028,1.7024191755184046,1.7864689495893469,1.2185523491880463,1.507994746511704,1.716619397133253,1.736211603488535,1.6765410941525642,2.1681892622219068,1.6261821400492962,1.6931510897623727,1.6513978954177175,1.7806709816081376,1.6127087477300188,1.6355177842584216,1.7188811342634365,2.4947336869963253,2.085883277986143,2.357045071730265,1.778871297724736,1.4409179118231699,1.8326796459012775,1.6344450595292777,1.9165530596955862,1.4776958445632058,1.9475229205681845,1.830818676342428,1.6414439847248228,2.0616227859640395,1.7175149792849833,1.3481802809215846,3.060817182962187,1.8730703412808918,1.8431647735457903,1.8499241510362692,1.842048515988625,1.4989270771306067,2.8213241975886993,1.3263657663502206,1.3969264367968455,2.1755451482998938,1.3044878332424343,1.7351079763307502,1.7340941339648608,2.2720526595110897,1.6366256300301982,2.0165633025660634,2.122136482497211,1.3959610600497707,2.025067717327533,2.7287776978263683,1.8558232870503586
S18_left_hand,2.090113273069308,1.9976934102727713,1.6996512470766796,1.362045495768713,2.171145890259762,2.110506971971799,2.1223804143181466,1.586708831247274,2.0528476385483465,2.2915522673262285,1.971555247060906,1.8536487799008665,2.1831561608958094,2.2759124286309245,1.8383523281663696,2.7556574253576867,1.916359582384712,1.707598773733158,1.6372824971532063,2.0132311375436265,1.9501382225423483,1.5198238890836664,1.5982448975611634,1.8022459960208461,2.826656709985731,3.7419672414134286,1.6538656383902635,1.867685992208353,1.6851931619572094,1.6463352183892304,1.7819357185933289,2.1370429412460505,1.7977771227341868,1.674748012494553,2.143674844790593,1.5553750926652932,1.8624492735384284,2.148501803723439,2.16332541829721,2.1069264759739537,2.094443219372757,1.704784172119643,2.1092552698694127,2.0024326909882624,2.1395901911334656,1.913559957614559,2.1156733041207363,1.8156570754171173,1.305317514320982,1.6037985708539089,1.6958108314803328,1.8952913575909052,2.2134474424791324,1.9395664284486014,1.4948303023231095,1.8338584693924789,1.7797648587710875,1.6111124803364278,1.8120763550731036,1.9378349326152309,2.1413468672198865,1.7644742021783397,2.167113544135284,2.0960524736817208,2.153524562895995,2.2603277744696757,2.0231882237262475,1.6814377738920618,1.3960000015260607,1.719258155050364,1.5568987663910185,2.011263078787589,2.248775249517064,2.1120982611495918,2.7705471803955866,1.841607431683093,1.823489964853701,1.4725986428029354,1.9403729789324253,1.6800221200817396,1.6690632256276217,1.7445052549033515,1.6081960823110597,1.484838113013787,2.0337009116309592,1.6941261222092419,1.6067784229648698,2.6939543856339236,1.9622065636169164,1.516272735478256,2.075099310004963,2.084654356410841,1.7439042901012876,2.8279294970055586,1.6910619264579798,1.7367184914037734,2.0104464330958494,1.5392153227872174,2.0374141029062427,1.772584647723785,1.7412122551553646,2.218630704681084,1.6878231970073618,2.5262430649564815,1.4712868813057471,2.3563705893997717,2.7145288969016743,1.6801547645254318
S18_right_hand,2.3919740837837287,2.635531021611298,1.3636548170670815,1.5906894415524553,1.558562125601725,1.8630944761905843,2.030421233759763,1.9029419053505179,1.9121127042013308,2.1674732647681623,1.737511734482436,1.7027037533468263,1.6941417796260965,2.2133311935644313,2.276968883563307,2.324667165323839,1.6090389737087931,2.1341464581833263,1.8105807674483638,2.1944602192075715,1.7306071245252008,1.4626275034556206,1.6358766602140538,1.5210892752270795,2.3860097553767066,2.8190388416843266,1.7149933745092119,1.9318166457773502,2.0217355412907096,2.0966736520220706,2.0227084332550778,2.287347114482603,2.1244461947172444,1.9792178030230814,2.3491501432398345,1.6206962160474212,1.6104193225702235,2.2653394656824117,1.9358279012935127,2.208790845108938,1.6482570840837207,2.3772687404508357,1.617997683087233,1.725446957638872,2.120304368406041,2.2196686099981036,1.8961050223647766,1.6189242686123038,1.5048778843304735,1.5450610551514674,1.8879957316880585,1.943850189232485,1.865541487318783,1.8520355659887464,1.9829165320927173,2.0703633530674574,1.4813278460767612,1.9130361760776518,1.929790189579728,1.4583977078008394,1.4996384145769763,2.082917860811815,1.98553754757612,1.9962366092251393,2.055412425481273,1.7174405131725665,1.6616711586378514,1.8247497815747942,1.7361475166790814,1.615214633669617,1.6608643877210025,1.904359929206195,2.5782113966941673,2.034676731297627,2.4596942221698206,1.9147845551098839,1.7341419205786168,2.000730550520731,1.5802838622986468,2.0727515965772754,1.6007809977104155,2.1189085539450816,1.7943272342314307,1.6830411600427615,1.8728339283358042,1.721485085880592,1.7669884355531282,3.447474569476438,1.754556929127526,2.1432757953219417,1.588435348959642,1.83614184978143,1.6135682850835174,2.928098133794333,1.5656873751435478,1.5434222008583454,2.1884389774934587,1.4760953939898034,1.8601357260008862,1.7079803524792236,2.0893227779706973,2.0146796478497575,1.9080249238989562,2.029752466029891,1.5343775136937103,2.0982926499109893,2.655780419393621,2.221829757024635
S19_left_hand,2.8691319447892862,3.719687164877681,1.9761426840579315,1.9750729349198375,1.980962348645815,1.782409082451122,3.28426975722371,1.889497044024687,2.7394586341249725,2.6313839639412486,2.1429864530076035,2.9650757613231944,2.5925451719906283,1.7535435948185207,1.9270083063372223,4.32181577354473,2.4055323215803326,2.1701395263480956,2.328774767647901,2.331859926116258,1.4281844804077686,1.8429435390509936,1.7208356934715714,3.116365050067782,2.105463563208992,3.159362401405926,2.653562709125615,1.7250632151595204,1.7485950662768173,1.74458709336049,2.0666386049416428,2.6960899039949013,2.021906329866844,2.484646219212797,1.5056117105626106,1.9116750670171636,2.427760657068087,3.623216046130362,1.9158084363515389,3.1702744365572633,2.1853148999955088,1.8320660286078416,2.85349144640057,2.496428034979859,1.7810831103096048,3.3442554129120103,2.574518680857726,2.6347955311799764,1.8668086586953074,2.912690274686565,2.69133810155562,2.5137357493753765,3.25436758073507,2.7584236520502627,2.760244080317398,3.1547094449230717,2.375856089701151,2.029609329120733,1.7651102787766897,2.5262960014151457,2.415167491332521,2.5199483454426375,2.5238568685120706,3.0841724903578274,1.7280087426486737,2.9108755608826,2.1522935788178037,2.222113205850217,1.9030303777200401,1.5396049181571343,2.1080671798673127,2.0485692460455587,2.3002084005358943,2.340890473642099,1.8837571892471132,2.072943958066323,2.623919177886368,2.3904313146177487,2.1220612378565264,2.478650946109842,2.267571593269206,1.736016434582733,1.6522571546829288,1.7786168437636347,1.8664401291862558,2.056248689487828,2.37934995406665,2.337904831865009,2.0129337001138525,2.5085333033269483,1.6292603314041125,2.4047108641631474,2.873422580637645,2.246694843960839,2.5506383345798076,1.9590695011282022,2.019227005527986,2.7600390687527128,2.724284918947174,2.332050528250962,1.6911794572997303,3.183564198953901,1.5903240846890805,2.424780633833775,2.384001372562813,3.359993221602755,2.0470057831573243,3.0168181603556983
S19_right_hand,3.073086226558202,2.9121957128466267,1.5919264383601812,1.8494378937659315,1.930949928276224,1.909799671555926,2.165647170647231,2.324908643896725,2.1771133342585403,2.913617559890758,2.1002021134677444,2.153369967072207,2.4297688534064497,1.9316385733898975,2.66740448321025,2.5927761598417236,2.330589081455251,2.3790654864079483,2.029983883284662,3.2060250146473983,2.1633939303391263,1.7322134547172134,1.9922738931377213,2.346657437570097,2.912471961724183,4.079543683901462,1.6325976012648784,2.2417096450488287,2.398395507062782,2.3163018506404613,2.267288459007516,3.0562542809830453,2.0448875615766418,2.2042438411972163,2.644063576377767,2.0897139875275674,2.4205696077420003,2.2035825507001343,2.744443128625718,3.0321407305737624,2.369766789889651,2.17878159994599,1.845274719409281,2.8190521275579794,2.5473791997966773,2.641667412078439,2.741209103971844,1.8564564364799647,1.8388200302414452,1.718550921544064,2.134222925137933,1.9204592057798373,2.6700951192607842,2.4996787315440017,2.45692633951211,2.8035059043289206,1.5537575696352115,1.7270551786770099,2.208000306553978,1.9606638388598663,1.9609694878577932,2.228059852796799,2.5175155443068977,2.4755088787760293,2.40506284768177,1.9688772986669272,1.88371930282015,2.1848889602375667,1.9884602821614006,1.9671111065662572,2.2367853859150926,2.171390052411235,2.854326448618666,2.9641420614485217,3.247674734815722,1.9476527809241158,2.357766996180272,2.342789964701149,1.6805158597302303,2.3993468460684646,1.7027479628722335,2.314502979726727,1.8720079485233,1.8634903955489617,1.5477695777448428,1.872606633991984,2.1041622820168646,3.245225315031377,1.9222419502685018,2.193370111312947,1.677426650062699,2.2710162452237364,1.8972011519367724,3.8361523118242697,2.23767151151703,1.7971709598130312,2.9181064834753485,1.647919349520281,2.5108321799398636,2.2102127638579634,2.4115525132702684,2.8252903359608412,2.2568031483401754,2.5189931688176896,2.0159384056858,2.162451303593404,3.0906450795393714,2.1382503708417233
S20_left_hand,1.754800596767556,2.3330705631110176,1.8431683883523535,1.5062700480771252,1.9833609111849162,2.0912928988152837,2.1716096879291165,1.478634043122776,2.1718980133026125,1.8180303432196157,2.12195231940461,2.236277232478197,1.9882554408532103,2.2762558921984164,1.7925189584628547,3.412416814159842,1.8075738168987145,1.5082340135322214,1.7253317183569394,1.7825553725105387,1.7359785748022414,1.8416774867305175,1.6760148592681388,2.126248477205801,2.744489634238826,3.2989871833530238,1.8827068781070513,1.6545158336004364,1.446307074949397,1.5590660244552152,1.3974411461881777,1.6187005595522346,1.875183961367723,1.7646616758871398,1.6778182802531365,1.3963944874098728,1.8233184609335813,2.576627505377289,1.694767904119371,1.7582559846755215,2.3069778093611064,1.6630482921220824,2.3071413583569242,1.4230626438198382,1.873145525789371,2.165482169140719,1.5821948779283697,2.258632715103084,1.4083344840849565,2.021656147532503,1.6564485210746356,1.8911055874795666,2.07710117502123,1.9714597158239366,1.7140957093720939,1.8078777532888621,2.0770182139999904,1.7187460042890175,1.410998055032886,1.7336879445686009,2.112192926888307,1.8037423550581095,1.8484236209645102,1.8905653687040553,2.021667705122055,2.8434609597061806,1.9373612191710146,1.7015719770672177,1.3660936202191793,1.4515718138687803,1.4657082433848274,1.685155521922734,1.957441547653808,1.5737836572617148,2.1390589857210545,1.8725687031884497,1.6634101689250933,1.5212650201704014,1.99051605440155,1.8249439048106284,1.8516081514956135,1.6297105734488044,1.5334183707549023,1.6155527525523254,2.3101893208932696,1.7521022298982218,1.5587286715211757,2.0715748897353463,1.9587715065038027,1.8070459127304652,2.2171144714486073,1.9367430153362255,2.1156156427075543,1.808104249262329,1.8748337123400636,1.7160707513137359,1.4165524644056409,2.136798202949225,2.0720984982372292,1.7092338627572987,1.552026542176098,2.1237345903832274,1.505731152778336,2.483857846450826,1.5956224243248718,2.7959680618706564,1.9796441133350844,1.7998552640069565
S20_right_hand,2.57784542337005,3.5757251989557264,1.7034050360992343,1.922572283564163,1.4001338615342183,1.8163627255709485,2.8651864862509893,2.0172091915796693,2.4694510037647666,2.514683921563054,2.1891814687354487,2.6128551124299118,1.756906864605511,1.8045292202422887,2.425904605276478,3.3469386441881595,1.9705804735745076,2.4445894281747202,2.529874842556512,2.6164017170170615,1.2431592309591781,1.4007504319909185,1.9784211647459307,2.408356987949781,1.5621682837792377,2.409175152444401,2.1648953838104603,1.9696705897145237,1.92837333051903,2.0393438638100267,2.3112551392348317,2.163235616522333,2.070100257469762,2.542995393746489,2.1113392634561476,1.762493030399971,2.0598496850856924,2.9712316619541435,1.8067539254988558,2.805749489120455,1.545173808376601,2.524694640888321,1.8693278169032352,2.0454756159237997,1.7286403995845305,2.9889644563378903,2.132802413497523,2.2603544481506788,1.9147315886120764,2.0338929762761353,2.46786792256779,1.9055844619002946,2.5193698993034355,2.3368047259181974,2.6636171062958494,2.621061219758156,1.9180900452154725,1.7000788010250125,1.872060202682658,1.7997466046025195,1.4585906707446528,2.400938750188968,2.1626539824784796,2.528514721746363,1.9760824331035771,1.8622188409543852,1.568446350486344,1.8904931695995426,1.9854856428894267,1.6533985164392637,1.8402048470319883,2.01374177517817,2.584734410849829,2.6266944288065353,2.0589221883656537,1.8089856401104636,2.3288976883550756,2.512392605981794,1.7653696672287296,2.5065794211557613,1.9234324302574044,1.8539971462033213,1.3167337482944683,1.6460949841363748,1.8296480921760123,1.934447785146249,2.2219577201382825,3.5196081138709463,1.5406353871815317,2.509230340679732,1.3703162565113027,2.4146980108656413,2.213714164569942,2.4180257014430424,1.9201148849822425,1.8176707145179851,2.2231501349008727,2.148428700291075,2.098638616825098,1.8873842215811216,2.19356560175924,2.6253136870373233,1.8445879567935328,1.8856502060274072,2.2136374313412546,2.5022924155212474,2.091469395968366,2.8516444197495705
S21_left_hand,2.3254459127804035,2.9690937318869004,1.8105706630357283,1.69122909129623,1.6281027955525431,1.6076269501107474,2.4116743818588744,2.0517728983599715,1.9935400390547269,2.0330716384980594,1.7163963794475734,1.551069271402834,1.753258506318927,1.8065707806411704,1.7962609807357985,2.276048359478228,1.4292500224821776,2.0376243017174107,1.7125477348736147,2.013838558280828,1.7111233188477128,1.5593051615319777,1.6293569931469758,1.6588543219960419,1.9389635288851461,2.4621963237311286,2.075693496252578,2.179155330567884,1.767743272636226,1.7928262798989796,1.919005615570706,2.3710623102334125,2.3795467924321607,2.196216620136934,2.3083605786809573,1.6229615360039644,1.7844269905439696,2.8266178447689843,1.7748128511893204,2.608881474644365,1.567060284225203,2.2843304325846323,1.5811453110571452,1.850037832232801,1.8565446811981978,2.038224811478349,2.0606099764505785,2.0495306302779275,1.4799496444440574,1.7274876941926238,2.0810248380446232,2.0363838725925616,2.044761612376659,1.7315649574732368,1.9417004672765832,1.873738940643071,1.4262186784532291,1.7932431979916377,1.5668175308068788,1.6008345320274249,1.592612775066488,2.2334554062470295,2.064951580980205,1.9880583366696531,1.8684026784504821,1.75091083899172,1.7233376117404806,1.6310113217442583,1.639646752886316,1.6511678291433407,1.7261951489510778,1.9669547333026327,2.319566983549687,1.8918383203266074,2.2755039408785978,1.710134235533636,1.9107576670082762,1.7274970003118606,1.700082803471465,2.403305504479315,1.734363235815318,1.8913988281296141,1.6617650724763626,1.5560345078968838,1.9485879184595238,1.8613388569517018,1.5425228355407161,3.620633525953836,1.687214375674546,2.2401084715809905,1.515283833660204,1.6553755063380673,2.1746400839443285,2.872437979405854,1.364577307097792,1.4930295964583222,1.9538211171746833,1.6135407886417528,1.8564117407190692,1.5528606097037385,1.998458313582066,2.547435661935544,1.7751837359121214,1.8965408822599343,1.5095610368396515,2.382794091649726,2.6895238582286707,2.637819919869148
S21_right_hand,2.786428246612658,3.7688422472798457,1.750003470857472,1.8723641346382014,1.5614831914544962,1.7795282778443173,2.6593006286085297,2.1491080019262947,1.9816847672804485,2.2134400186990035,1.6708627631258137,2.1644507647834237,1.8050202061372689,1.82179646814377,2.2977538288569033,2.673054276343195,1.8250825219867886,2.403020240053607,2.151879879940962,2.5921757609157345,1.602078938053224,1.6090786415982752,1.8442099065836124,2.1720062968410927,1.8932457035418335,2.491641723720843,2.1999821154365313,2.166528656969848,1.8649242829065564,2.104107049831179,2.1448664117544483,2.134981968187467,2.308424498599489,2.262837575255477,2.403639458377026,1.8466008548072026,1.8539990155098909,2.8721965415921136,1.9192096260228562,3.0845574434260494,1.655004584262894,2.55806223651053,1.632390087073766,1.9111326818609962,2.068561809835503,2.4549040544401532,2.347761025918563,2.29304455982362,1.7687246732142214,1.9552486675595082,2.623829623435829,1.9368143248452232,2.3041287678734386,2.2004350211099926,2.3383513382633634,2.361604556166278,1.6592758761543407,1.9403802351343646,1.5303691457018687,1.754344413465848,1.5259521111614127,2.4670088014071894,2.005628503062188,2.2723831020588006,1.8562539340137205,1.628146242478752,1.6502453373582529,2.0172581795276368,1.857647763270596,1.7646276703121468,1.9465457908533812,2.066926305235669,2.5174206233101026,2.3298619714259976,2.4125738224842403,1.7682632838616374,2.276339451528465,2.306808147464224,1.5207634786225208,2.7179942088595395,1.865021444897365,2.112267388040752,1.679101377805274,1.4902945380427706,1.9359577071767156,1.9479961664363565,1.9837672510748696,3.7085868294993944,1.5898195319672284,2.382105224131253,1.3280278377796562,2.132468196629872,2.39190046426038,2.877635951179288,1.6364012050832464,1.3838624660352825,2.413682824372506,1.9171148082052314,1.8250340720004985,1.954716274006998,2.1577348154644587,2.562452647865836,1.9022558708405766,1.940027162201926,1.689037640536244,2.275153002153395,2.549730020256543,2.8259341831787523
S22_left_hand,2.229338936520411,2.93266711155574,1.628066796715491,1.6773401996277817,1.6192154956207327,1.6628132364391779,2.231348310005588,1.8324725382259661,1.9019352597381833,2.035284426467701,1.754970464101171,1.854283959908288,1.6827328596844082,1.882757632971149,2.3141367333357326,2.614712059768417,1.6869261158524804,2.179498690870748,1.9443298984857462,2.3125127454233,1.4448670223757019,1.676611526912986,1.6588445249182233,2.0341207063710973,2.04025763797367,2.659300238813941,1.9568263071026197,1.820839055295891,1.8658129559646182,1.8045002877004999,1.7580569728663633,1.9548576619406481,2.0821371952419154,2.1131339915196556,2.2326250016874907,1.7721281236077675,1.5668585770134968,2.5691575536090756,1.8068195489370475,2.4574874522420314,1.7426118271261108,2.193696169204398,1.5901922337938226,1.6217341068410485,1.6951747674241135,1.9866615175303242,1.9495403149888448,1.7993601128810235,1.6452591584796492,1.8298220940215235,1.9793808799880694,1.8237812021960185,1.9399396571806442,1.8718846930327269,2.078172459978082,1.9823962202716905,1.7764907004915278,1.6770785786654485,1.705314189551889,1.4299721321560581,1.3685033241256526,1.8656167550005023,1.853937247870777,1.8473063381699095,1.5571532743298784,1.8272282390873025,1.4829489497093937,1.9295730200315155,1.9246227101697175,1.6452591249975845,1.5169029917550736,1.8121660089941198,2.5524528624061236,2.146029400820899,2.0626136969807805,1.5477940647467145,1.9049026012561057,2.1930245572080422,1.5952481408191663,2.2592148986988905,1.5885765641141196,2.0483241254049696,1.5527124216708186,1.507413728211384,1.7234435485117845,1.5837678285889285,1.681620196874715,3.1495796522510062,1.4532036350705815,2.2252417871885637,1.394952150348652,1.8032706137189116,2.1170283815226094,2.4093524423291828,1.5174987044142976,1.4990453099124492,2.062864387667908,1.6752732960801326,1.6908428496924248,1.6448642378684308,2.0970348820604787,2.203608873535665,1.829980448329718,1.7625039072097821,1.7193523201177112,2.2059432782062367,2.1866690731920837,2.2808690350644807
S22_right_hand,2.5770868721524924,3.6748266454744885,2.1477218255967863,2.1006008004951773,1.9960802550559031,2.155724804275205,3.295243710855969,2.2057997878103373,2.3327751848074874,1.9404111323261557,2.0887057081223115,2.0207508397848284,1.5870632579182513,2.4251562160362345,2.036064075073443,2.8413722556029883,1.8870378726470058,2.398785629085749,2.1154479296128827,1.6212657105208552,1.7880807432967225,2.320046656912883,1.911765930768884,2.323125968684228,2.599954689127593,2.2260098903629233,2.8881724102052564,2.3035117113148518,1.6789034839594204,1.8049185102154441,1.784351777091246,1.8909939014742063,2.8277873702294194,2.770449406648669,2.3511223147767266,1.8317498015053324,1.852331176959883,3.702566676690054,1.9069720811440265,2.7273895533649215,1.8197740714910398,2.463459605431999,2.1398362818049934,1.4915415029343175,1.989874968307834,2.219713150755576,2.053911120643816,2.7035511721473653,1.9207948905216843,2.7227950402744314,2.543453298937212,2.829508586009512,2.0666318473598784,1.8331819987626927,1.9076574515715006,1.788708221421677,2.3169108129944416,2.406628711046916,1.7414644067053549,1.8067016822866728,1.9943202413467982,2.459042342620853,2.2476178752932183,2.148394636419792,2.010405992788397,2.8154087719985146,2.0642746269184347,2.3181438084768713,2.078027304137382,2.14714143744904,1.7881881085816573,2.0910929389310327,2.186020815599615,1.6851003050321718,1.6857536474346146,2.084295963652112,2.103175562977098,2.066439625952429,2.4436227719288706,2.7852740313752884,2.4438926962303307,2.3304836175858217,2.219909555791028,2.2550518905297996,2.7966909186693814,2.107365049027621,1.8763759823405808,3.6725425204716857,1.9941459296404047,2.7595644227565037,2.117809311061568,1.8187749180059565,3.090791922753966,1.8922832870611317,1.5460962911468688,1.8982474280557513,1.7899290399468017,2.423453438551503,1.9852428585776012,2.022204277930344,2.1600640858438007,2.5625005548052067,2.112752773138471,2.280677075392423,1.9705418397761714,3.674279683598624,2.822358624772609,3.3171436178282385
S23_left_hand,3.513362576532868,3.7983302025908063,1.8639771441438522,1.8853989959257047,1.6565114140063846,1.7832402126519418,3.0315240835910253,2.186588709344076,2.4051206644339937,2.9613931613467708,1.9618025636245942,2.451545062113405,2.3681719399091294,1.5821874726758625,2.1993769564537002,3.2376915620132065,2.3276138622626767,2.5234040428666527,2.4994230584972765,3.096974179023513,1.6556012544358105,1.639058627555113,1.9144992791363715,2.913175204516045,2.300436100095758,3.3568560567016945,2.4715128171863006,2.2699623891553076,2.185610301360447,1.9832360890637328,2.321759745637682,3.159438411040972,2.3484498731270347,2.702034768412041,2.266119325135156,2.0535341998145236,2.441933273327015,3.3266567198372314,2.3646659780440857,3.616622706715817,1.9038121139685964,2.301660522783005,2.48282771657476,2.709904907741416,2.1883795530531582,3.1812655793184863,2.974844318481815,2.403029423592052,1.9615209794556776,2.545787542968049,2.6758638983969885,2.3998928946414777,3.207031703330928,2.813657140206181,2.499847253041521,3.0287407392334282,1.7157975007576467,2.021137753836505,1.8705394209106032,2.4666548565629363,1.976803545518051,2.7761572250951385,2.6913053438854697,2.8960691750584,1.9897612682302042,2.403718092396603,2.174887448559014,2.413732432221538,2.032578901623083,1.92989126955021,2.3947253323224604,2.367570878176101,2.570940403834263,2.700922745170331,2.7330768803507817,2.158619499090267,2.857424089047582,2.5711684724570882,2.0757672302718455,2.9173295950164366,2.185273905220907,2.0147300952604716,1.7332296169405588,1.7280479541810454,1.628654986901401,2.107555054994308,2.432990709087572,3.2284995411804234,2.024666641582514,2.728605872942725,1.6632845378114753,2.147806037086424,2.6359806247307684,3.3490940086825143,2.3565646777925022,2.036621860593827,2.8246414551952896,2.234559642126359,2.573486585072586,2.312930849367154,1.9206864439026492,3.227137646989699,2.028997297522694,2.3841672054912983,2.234623576111276,2.9309415211495553,2.8033170284757376,3.086092862320717
S23_right_hand,3.305497503866333,4.634647200775673,2.48890130321987,2.7996980065662815,2.120188975150776,2.4340342229501286,3.6672298558156515,3.228791592115158,2.5110152894330513,2.5685886450865807,2.256922998586777,2.217742761225084,1.7091758427988322,2.878610126145863,2.9499817102803,2.4652573635197585,2.035684387958087,3.5754901393498923,2.9321489602464217,2.863562626713502,2.261170961039331,2.4463543766346345,2.7668613427968314,2.1170793372503462,2.135487968346622,2.0274426547429,3.2325994079573905,3.2378218627967805,2.7492750539124753,2.8728355989811023,2.936158941983809,2.382718405605565,3.828221356285777,3.5981429264883182,3.5768650492336582,2.565985864110478,2.1888498742506575,3.9231509261965822,2.225352396382698,3.819992327116251,1.71534162779579,3.9699870434617264,1.8615332757140535,2.2168362249426754,2.6038780621894153,2.799342433687876,2.9384433992948953,2.9358882441919203,2.50694244643164,2.489696967739356,3.2418021773518197,3.0247028509974343,2.3583445499924762,2.2286188409536702,2.6230461890283205,2.5552689415847145,2.1488282233705176,3.0275281303595647,2.3235521762918636,1.9111960341949128,1.6279436101639415,3.4152260776203027,2.6821649572564734,2.7949914397879514,2.4812182456427685,1.8803259896213407,2.238290672931151,2.8052534582209097,3.0757054961681973,2.857084757745553,2.4987623773699177,2.8762646790102195,3.487909784529897,2.814020010033243,2.6528052979031513,2.527001130014846,2.989637303836195,3.1850181854281705,2.4439986264015783,3.8181018085445246,2.620108583416984,2.9451391097366484,2.645392575085707,2.465458790130371,2.9921597393682147,2.334387213979415,2.592488285979544,5.702791933845884,2.061464074894897,3.7747181240687877,2.1015758240704714,2.413197210354683,3.202984475518445,3.3093715295092894,1.8098110018194564,2.129672171943391,2.890631298551794,2.436717313102618,1.9751328498454144,2.330763936371398,3.451329858789551,3.1222393372294404,3.0395415335897913,2.2324673000179796,2.5607969131990873,2.9967635270145223,3.6733211553808855,4.191849063146046
S24_left_hand,2.2342493426732153,2.2752052541618815,1.7481887414325357,1.6467691343573732,2.330348684517989,2.3812327660687203,1.9588183991743517,2.0043165695750362,1.9708173205136603,2.066967819035948,1.9825108317257272,1.861752290562413,2.0747154330566104,2.567185016436216,2.2107022159774066,2.5409174416383555,1.7732390932128927,1.884211584005549,1.7215294771614602,1.7144708852140849,1.9969786317865108,1.7317212563060855,2.0297733979612174,1.5738748738447947,2.9333877180474643,3.3250081404981566,1.75903197898955,2.165290036420089,1.9867850192975918,1.8879426928895637,1.6769961843889813,2.232973870769281,2.082710520897784,1.8176903646879716,2.4229647588832854,1.658328526891931,1.797302282652741,2.149502181715498,2.235563640871172,1.9737012989997385,2.2492366625872293,2.1608935103741107,1.9341609979156125,1.7856698517486718,2.2887618184337786,1.8598812029507168,1.861074470662507,1.812359879877239,1.6479658304179843,1.5812471841830242,1.763797607654308,2.254307899684963,1.954728602473182,1.6618374485968,1.6048301669581755,2.07078210439343,2.024345117499209,1.8353984059923594,1.9471653959981048,1.5449816751237444,1.9340865431363279,1.9013945723674732,2.0973758454487026,1.958320231667292,2.298400194871246,2.0988782476698553,1.961660227406933,1.8875566574511196,1.6752495645089271,1.8721512229795116,1.7543688073243062,1.9216654051861282,2.4962352094060996,1.896593538704313,2.516702250246813,1.9489936757944317,1.746013021224511,1.75097074581766,2.0101610653721513,1.9830634015909778,1.7213334377956941,1.8986624265259395,1.825468545820986,1.8963210359123979,2.4096421668721693,1.8898230305163484,1.6459307193057908,2.9458195208934583,1.8685359395208372,1.9768194857210384,2.184864220854279,1.8109380284350447,1.846374131488918,2.8378311131391736,1.641434141092598,1.7533177043233,2.1427287068914027,1.618798270107925,2.0857790338308413,1.7944524283046195,2.0757341008110703,1.8478987813009593,2.07406204232318,2.4949064627343516,1.7198579974579378,2.3058119694021166,2.9768677657528677,2.0572792496255285
S24_right_hand,2.0271161185091073,1.8919420701127483,1.4698331935359379,1.3146905867409928,1.8543273156701237,1.9985740152632896,1.8961771303208161,1.623257258896521,1.8106151426218242,1.9056579262030355,1.9564837438361966,1.7365927379310635,2.044280754991461,2.1520155853624043,2.1069146210397336,2.660023868993997,1.6949894792436906,1.5334393291443493,1.479926481464675,1.728464486423544,1.709998248406224,1.3937604628892344,1.4733498996971093,1.8495183497570702,2.7791815940600917,3.334701596715674,1.5199986154283707,1.831457985523799,1.6764966193534652,1.608760334361734,1.4654173361082472,1.9722470363881586,1.7231426163822534,1.582008746882122,1.9715702269759279,1.3273597032737614,1.593620913467147,1.8414723492687997,1.9801543721656747,1.706966910746842,2.189911757275936,1.692250596462007,1.8488233532255258,1.6740138379464944,2.087695797604778,2.032753783519854,1.6936725468293372,1.4872685169777708,1.4620674264938087,1.4216243576140528,1.4319064322376165,1.7824211879751888,2.0087478612048857,1.8583823959001413,1.61473310945745,1.8251903047443947,1.7315367876601382,1.4281497579105613,1.6633859382856369,1.606339740337332,1.7467985259318106,1.6056960446908932,1.8625496939352186,1.859522390931739,2.1813276661925194,2.384993167643802,1.7836624112301072,1.552697761429309,1.3010110982944085,1.6627192410429599,1.5740245599738794,1.5602869940589583,2.174346990734068,1.9816053553672384,2.3087611548788036,1.649431047447918,1.5866270585688296,1.4900247874943582,1.8678751401841298,1.766067442782788,1.4902877524097176,1.77869120131434,1.5154689704959239,1.7023423606914574,1.8158692485680556,1.6527116378076312,1.3612722325393702,2.4527412512239857,1.7880628421709233,1.5136270652145383,1.8116013322474018,1.8698447870177821,1.7241762588999117,2.7083872621675953,1.519437450981958,1.489451480067617,2.069602861363933,1.4067405364207155,2.0077313047083205,1.8297998356113947,1.6104621287134582,1.7338470404472077,1.5938577883631053,2.427645021347077,1.3341950560644038,2.2353273759518695,2.332627215867116,1.6768931938217015
S25_left_hand,2.6184483315999993,2.892170413817835,1.59857687159265,1.701134797967366,1.8030485954103725,1.827932192380639,2.4683356089863806,2.2146638935195324,1.6504444102764568,1.81584234511912,1.6328794578274106,1.2456341764544618,1.4161093047073818,2.433921733500805,1.9680649077150276,1.6951787381012542,1.3834501026022428,2.3048517834992963,1.9151265618688185,1.9450906965942174,1.7632886730613404,1.889498504406282,1.8462577248680243,1.443507430026502,2.213631415696486,2.061063808536299,2.1665592485361906,2.5793646580699434,1.9097267382553058,1.8027085245205074,2.11453211853162,1.8537264251713852,2.733340846774671,2.6169637328550586,2.6979617876851343,1.6649981044514899,1.7332724961525727,2.7892527756512546,1.9601122816308298,2.4429125945058185,1.5903256760183246,2.561715247653589,1.5040332849064386,1.5662375592225395,1.8734949147760114,1.9992249168119267,2.1712185673148325,1.9970670732015392,1.5795936098187733,1.545976572765402,2.046243915053454,2.4501551661710113,1.804780771071891,1.6342558892192742,1.6216754715045232,1.456818617123488,1.513161627948148,2.1111283255741555,1.9743409003061712,1.3625079777373215,1.3087750804639482,2.2930312055143496,2.0003394097102367,1.834641926286004,1.9299751018481692,1.6625369265893646,1.8673150216846748,1.894196553261604,1.9583676736372213,2.0278668696478848,1.7893234158732874,1.9675475467054473,2.581933542201387,1.7957263358581894,2.236255077534998,1.878792967401421,1.7494575569830175,2.0940391941197647,1.739916456809918,2.5421261511237687,1.742684690528831,2.179814726670427,1.9209612020606235,1.8220103516323736,2.3866709195247298,1.6442098601433066,1.4188548652613124,4.030098544627197,1.7309153003371653,2.329022678432477,1.8304249194148732,1.5627938517139686,2.0711958880274652,2.7980218011632414,1.193595049121705,1.6439941161069407,2.2354644604505474,1.5615254253263524,1.60420534880955,1.6495854028501618,2.283493669005854,2.1384970906876593,2.096721498251273,1.9962653845390854,1.6484598860016977,2.3400604294071603,3.0402434230600286,2.7832221324987625
S25_right_hand,2.5080959315315696,3.4357483514305027,1.6623058308287526,1.896209126757845,1.3895506807682816,1.4083957707243737,2.8976749209872104,1.931205807106148,2.0683596662206996,2.049921580911572,1.813200073842281,2.3246166653243874,1.6606481334382088,1.622537162747721,1.8231347546978616,2.979071471394755,1.840443204511431,2.275952861153846,2.0577580233157535,2.2425541382103473,1.2406903686122923,1.631416192714304,1.7808967380098224,2.23598265255361,1.8807412150656009,2.326795168544444,2.3324195282552487,2.0158138351687374,1.6922868535035898,1.6498084566217877,2.005100723525745,1.9113925479696228,2.244681918005724,2.5322675744863736,2.023822179516932,1.5966458892606936,1.8129981359258047,3.238368356226066,1.763922140566736,2.741327586234493,1.5515849117730325,2.277871454925433,2.040280723188464,1.7416050016216305,1.5725059427129129,2.5105975621953363,2.0738440273357996,2.2730630871121273,1.6778771998738429,2.160480223074618,2.212504848463255,2.048244112717205,2.2244207181009106,1.951969540359215,2.1529477292063106,2.2620098795704964,1.829413351546187,1.7794726547461528,1.4292935557405406,1.6747027446765717,1.4988002395206022,2.2647878585387597,1.9995767543126748,2.415802050767877,1.5401074716564673,2.1729546076895137,1.73132769625611,1.706994814720026,1.7870865055725973,1.602751439180468,1.686042981427824,2.158485538753577,2.196273933223686,2.0902031080508205,1.6939335311877084,1.7056436429565496,2.106460970555207,2.0808057306764227,1.8939420785439247,2.6544827515402902,2.0308463371837315,1.8258117643247964,1.31324022547571,1.6861756213727206,1.8944875504087562,1.799857749877808,1.8776532812333833,3.1606993423486913,1.5491691505217655,2.411970138082854,1.5626139755613506,1.8948556227778113,2.4528631615598524,1.881109673307658,1.6158013040151695,1.515142557726086,1.9995121618012992,2.1075994347104388,1.9719225132383353,1.7257328142529302,1.8499507496489116,2.5490318182813634,1.7725155319231631,1.6634443771066802,1.9661468333274104,2.819540510700138,2.230465929671737,2.7058239785762366
S26_left_hand,1.7155460871803059,2.7584029486532953,1.9388332885631656,1.7397592988516757,2.1229287548014013,2.274576725453027,2.851810082463557,1.730088325630075,2.632027001238197,1.7178922392522717,2.3692467322574275,2.540736446916783,2.1317926103567917,2.6637488173527863,2.19658727440966,4.255350126103998,1.9896935668912654,1.7649196425327711,2.059932917610662,1.1609180211448085,1.6565178996822267,2.0071373807617126,1.6849064657284085,2.8113395209846366,2.629752297263214,3.29259888627963,2.3141020890151087,1.5564433270523175,1.3886984378612222,1.4654249913986008,1.435980879183837,1.6106636763423512,1.9921135435943007,2.0327137407792164,1.6798091463285523,1.5478154842357357,1.6185125157631188,3.2594074218081164,1.658447739765219,1.9584792375237672,2.6258984127347444,1.7602416858591754,2.5997184224474017,1.4798443210607304,1.712653482273067,2.49866328784253,1.3888773192566268,2.4604220461445774,1.789237341145291,2.7464096471444646,2.03121481496679,2.4148332526823673,2.2755503352983926,2.040817237219172,2.0487374095126096,2.1413328812554555,2.826261193884896,2.0981227828614464,1.524637720194081,1.9181318582927314,2.3423577458126,1.597578197116072,1.812466836181931,1.8676786666118421,1.8774144707686475,3.306059589848079,1.9830493249846464,2.1458340879433013,1.6865388840628452,1.6101479599091484,1.62137858878541,1.8607361262424071,2.2296011512997618,1.5524951983284552,1.3904883342714747,1.822422796773317,1.9004484695984287,1.862639505690289,2.306939000230302,2.0618284435772063,2.1608608963344174,1.8674582763429992,1.6582580235295752,2.064020902955163,2.6028898570697483,2.042398069706869,1.7272601954742113,1.8737882444168197,1.9644415312938648,1.966448467158429,2.102306789111796,2.1226442227029167,2.8732686173191975,1.1436102723829578,1.8578688886825614,1.8044933673850005,1.2961766475340775,2.3489092152912865,2.134232434336701,2.0183769091350405,1.6431431377451409,2.0465346471112578,1.617512290741003,2.6849341367697006,1.9577101491768256,3.33813360049685,1.6684350556527605,2.22006510658147
S26_right_hand,2.028708349088866,3.02792638517712,2.341426010724706,2.3018842692647494,2.351577994871476,2.6808100646840143,3.5141940235491456,2.2617567397799463,2.7407674556965453,1.8993786462646707,2.7041440620116393,2.414738474529457,1.807089992949642,3.2154512434628924,2.239219759028313,3.88864774478702,2.032177788339543,2.2530944176687715,2.3748189264221917,1.3444530242018091,2.0154749894531694,2.485708071748354,2.1275323951123957,2.392827026177879,2.7701045061212177,2.516646649878778,2.84290766503147,2.284834335729439,1.6494439546843596,2.2053724402092763,2.243569394684429,1.648588903821986,2.8030750518037704,2.773831057173976,2.3397521665873997,2.081205478318442,1.8539483378669521,3.690832233441334,1.6158186451959173,2.104935832388602,2.47261246861537,2.572501425713381,2.5222568690223595,1.3761659979429617,2.3065507348228733,2.8211256176398054,1.9723688167102356,2.912604646825274,2.2704875488943728,2.975352400012547,2.3088581558816212,3.1431821240008473,2.075775730446205,1.8649012917571453,2.11141882924014,1.9460791088348,2.9631958352519585,2.9210897893222207,2.1017990635107764,1.8304169540355375,2.179915915629911,2.3370124227795603,2.142439111117051,2.1922502262794015,2.184856249145412,3.2924597625813616,2.1786157462856286,2.185145909170572,2.28444496165075,2.252855117181414,1.8124359917352355,2.398061242873977,2.5997037584597065,1.5715353642372594,1.813444082787584,2.1392870570397036,1.993344260513743,2.1014192865727606,2.6193804873303725,2.5231414152993485,2.643582399033344,2.3426366793128492,2.2466298036743906,2.6447859245073926,3.4723060581572693,2.4434285048265014,1.7927266040613783,3.2439518829069547,2.2321928230135946,2.6882837223276614,2.6221686716147357,2.492188743503724,2.8975340797906624,1.5290470092023614,1.491053033323055,2.0944625707448767,1.5854464776609232,2.6307841896043658,2.093138874313634,2.1986903446897843,2.355610666802262,2.137708657111663,2.263644063078139,2.260133894204378,2.047142093057165,3.7098096994740986,2.3315303194665526,3.0439179025551493
S27_left_hand,2.3072626431380456,2.860045500982555,1.6938713673207988,1.771240148406984,1.7404966296008728,1.9072962493956,2.632541943519219,1.7171353201102273,2.034069845030559,1.8719889288438867,1.803727418906728,1.6976014723816397,1.6512567150044362,2.169280747471958,2.1672908673324445,2.683933989156898,1.9336791888589357,2.071247871220228,1.9241166500553355,1.8131209196398712,1.6606323002457217,1.751417929318323,1.694600804432803,2.0437944777063923,2.34068373894583,2.450037900521931,2.054913837432372,2.0075555970992935,1.5450927479893648,1.7912093921687327,1.905397162762701,1.778970662728794,2.340050133930661,2.3037510981647786,2.031026844968859,1.770906637073825,1.559135312422978,2.817286927249434,1.6404365888679833,2.2915456873852227,1.662395053209151,2.245294321148715,1.8550620894083079,1.4298525649846123,1.9239637393166023,2.222272009200253,1.9525434320735324,1.9347223604161012,1.5961014223571761,2.0514075265163587,2.087282362508241,2.0541723905490636,1.7919244796367635,1.7236728065548887,1.8010152121988776,1.7541517354544924,1.792242490008157,1.8586847184024191,1.5678329197598933,1.5210682369241235,1.6689830389364282,2.030716694342634,1.9179964622831647,1.867655521645946,1.9361628334068535,2.2365856451807,1.7216916901153867,1.7744821670070021,1.83326459896875,1.7967401351677499,1.5251974234056807,1.8944208459758927,2.135552016583521,1.8751917467935544,1.8171080051752222,1.8687225283116378,1.7425286291177362,1.8175193170243757,1.9188079507762663,2.28352941873468,1.974139452319427,2.0677602067774417,1.756607429821724,1.7939775878495676,2.117328760624518,1.909473409889003,1.6053445409291172,3.203351140177768,1.6683915998687027,2.139698898971806,1.7422975915288297,1.8788006800210688,2.309725723946083,2.1277582746417436,1.37437702353752,1.6303952463842424,1.7436939289859141,1.9480743225527426,2.0341352592802107,1.8200884461884193,1.8263255023374048,2.078199481952659,1.7706259967525801,2.017088844863812,1.4071505945083613,2.540887890212554,2.36292095459064,2.4054084932850044
S27_right_hand,2.350020586249797,2.6274640432540934,1.770405857130762,1.8094182539431694,2.0494470561252776,1.931566800795051,2.3279815328621893,2.0379619245355896,2.0023838283099655,1.7862805327081217,1.805080360231503,1.6323587974593652,1.7923498765657775,2.549234422278503,1.8460725415219335,2.492440329799487,1.8039362834251693,2.0406205077640953,1.711581628782398,1.819029265657166,1.8401433829076632,1.9373214907214096,1.8282991641566284,1.8348292678439564,2.739311559024271,2.734125988767656,1.9944142332416157,2.1327951985772526,1.7019207827623202,1.8094316467052134,1.6834102170735274,2.1939662246306506,2.175148622093153,2.144532248498362,2.4078403041244067,1.7172802917458525,1.754138359845303,2.6213790423058745,2.077685690017665,2.1745451970958105,2.1021041666945317,2.1359304902977803,1.6264614172202947,1.7744540010416372,2.0511026466358206,1.8951674751203238,1.9227555831605838,2.0926986434866066,1.590238701202693,1.627284019684525,1.9887536723223074,2.292453529303657,1.9294945795047165,1.7966437104938344,1.7386509158607746,1.6912662746569644,1.9279539831285561,1.9402202014982646,1.863818713404099,1.5785808685160039,1.6411348517808153,2.1633160967628666,2.2022503579705814,1.8514267517371648,2.0986019886990266,2.1731819493534563,1.892346901661667,1.8015667543458886,1.9009479476867055,1.8752520546151015,1.8853745974119964,1.9521881463699722,2.25077982033742,1.9559421227508895,2.0034356808787495,1.9309007603598094,1.5582666200199102,1.9299709190754935,1.7914294580376744,2.2685697285382305,1.852552597334224,2.1664063089424532,1.8633339156869753,1.9822487320472533,2.2855907129798934,1.6821739619083707,1.542755461367814,3.2242397412260004,1.7155382498182234,2.2141348728139874,2.055955876746026,1.6459168191304785,2.2107503656641114,2.6829212979198065,1.4568920417978104,1.8471251144485576,2.0677727920105107,1.6639857773145805,1.8735779968321924,1.7762525952336474,2.2237197665786255,2.0608157890956296,1.8744641754369533,1.9870542235528155,1.6086068458495095,2.5053515900949845,2.8257427159502555,2.6061993380801813
S28_left_hand,2.100857515087362,2.560139460110381,2.2112949770908648,1.6708870616579303,2.2623623305506166,2.238698991014944,2.612679571776832,1.8562649364280652,2.2336208815450354,1.9962085205471076,1.9912401746461192,1.8717030035421136,2.3604974120532547,2.5703576485443813,1.7127436162520855,3.1755826594458236,1.8451862717317171,1.7027314062799892,1.8460639091578566,1.6999031253250654,1.957754348387251,2.025102337707709,1.8154648160527116,2.298840303062503,3.0575820909099916,3.4423169705478607,2.307380024421861,2.1630833185489844,1.6379116767822839,1.4145307780721952,1.7002944729328633,1.9505243920645,2.503663113634549,2.287605430478855,2.000809329775036,1.5688049623629172,1.965755592070829,3.0340550202441463,1.9671626977351009,2.395302681207678,2.3147707486627542,1.8811958907356536,2.6542723489714914,1.7092639403205352,2.068778680762112,2.2979848223339254,2.109027228471811,2.504933105849945,1.5998266457250803,2.177368119868377,1.9121863451978234,2.4581224074097268,2.4032834811503463,2.1106195295209877,1.565574602895469,1.804344117960218,2.301293631866006,1.9566898209529286,1.788731580048835,2.266623939792498,2.2918437280766772,2.072987336950911,2.1673897356473337,2.1353281396078017,2.074397629209559,3.016122930500301,2.26561638368661,2.1268013456492776,1.5911733292196006,1.8126047558492318,2.087572906632713,2.031960461310219,2.0974467586032928,1.6722706989527696,2.278952010738477,2.181716751692101,2.015345835308112,1.765207858502102,2.4093825535932964,2.0885159961952926,2.142492699836718,1.8445963380355759,2.059477062090626,1.9377056420798189,2.5034824175065147,1.9907491259580123,1.6181873358843215,2.458277356049655,2.2949705714127147,2.0001315842605885,2.4517723546970718,1.9493857858653032,2.5367666907838484,2.2254234666740156,1.5907082728570046,2.0239838654021467,1.8095632920610623,2.1570105427664323,2.0963886872783353,2.053487988274762,1.602640650957306,2.124814083858547,1.6244332533567414,2.708903052878286,1.7041913978624614,3.2327619124476645,2.3490330732520217,2.283256657967944
S28_right_hand,2.0662289402938736,2.1121643110930286,1.8661740287432933,1.4602682559321514,2.4597087404917817,2.2906062409718855,2.2467685092172025,1.5192437353951425,2.2718159762675656,2.0416051152916443,2.194523066248279,2.101882939066548,2.156457345883357,2.5194054634479834,1.8226923505812347,3.309703361681362,2.0180629202984255,1.6513602877287976,1.616101414807988,1.496079945364131,2.0428269838670117,1.997598620228159,1.6390130259754059,2.13115989928332,3.0115254960333653,3.3531631947501377,1.9638418785624565,1.675505114431387,1.5413094580885456,1.4594331696848664,1.3918653708496538,2.0910682870397306,1.912994404278787,1.865579515251517,1.8271058722653288,1.5331514312121994,1.7621059769805822,2.49895867239934,1.9754137462122743,1.7322421293173327,2.487098742313811,1.6684621524830032,2.4241876801516202,1.5780770405915965,2.0556695338782083,2.120736050513351,1.692493948106872,2.047714879268167,1.719383453032587,2.0783580070840983,1.6960442834537954,2.274439212486343,2.17066134605938,1.7988935896282898,1.7366963031330829,1.8360942404936487,2.229182187450603,1.840752029178998,1.6928746212131454,1.725626626435783,2.289844671662819,1.6177673996002064,2.1258169562011338,2.0112908335423487,2.1934124255050733,2.7765609604665684,2.1300368568186876,1.7424963080345937,1.4826072391961076,1.716694289068133,1.563914898472346,1.617336245184813,1.9037827523706037,1.640589052988781,2.103914160886414,1.9052426392486246,1.6510180536451338,1.4540026923606186,2.047835402138423,1.8458200761550068,2.1312430930597825,1.9492461833026706,1.7853351503180694,1.889479003763169,2.315719887483323,1.9271913548400974,1.524346372699525,2.01408860962269,2.1903293268079373,1.8396006219025174,2.3301626969181175,2.0559737477709605,2.1115670056724705,2.0354367807852407,1.7889232309154681,1.6782408003819356,1.7847748328169994,1.995071404361548,2.067801673968734,1.8830502327166574,1.6548392687369067,2.0098970045562625,1.6280774227685706,2.7546930463882346,1.4703712808740972,3.21361537681723,2.508623152225682,1.9671073784752835
S29_left_hand,5.188288169921249,5.937799771081351,2.968671768327702,3.2389912902232743,2.510062835257415,2.353991925086877,4.90127782421005,3.4121866534646115,3.2211906218977906,3.369680749003688,2.372876074100801,3.086039313674685,2.6550029460192732,2.0864593274353633,2.5858604682476076,3.2985385092627624,3.223942486060749,4.023747748031605,3.3697539296132093,3.778355055584572,2.38068805630097,2.880417078122895,2.8020127804716375,3.8323518261785874,2.517015540292411,2.563203488380654,4.186466686529567,3.4965993913419258,3.040425767831343,2.8236070308688963,3.4872588149683534,4.288802007683243,4.100933934354543,4.732786645512485,3.1044802040464243,3.1708963100396965,3.4256867777851623,5.432167588237116,3.4945064964944983,5.309516512335708,2.2953725603689343,3.554882777123448,3.2481329683116478,3.6956837909131304,2.748320248948158,4.170531241206838,4.137502025061664,3.7831884565740497,2.6990554326650136,3.5749353137781856,4.3489039080966805,3.8430841426331073,4.348260338888776,3.600381106256865,3.4112785117130073,3.774275371797308,2.1550718410973912,3.263332639616163,2.8212159593697814,3.5862961110198928,2.7610597150163265,4.409818016493533,3.9686622394609214,4.292865080830541,2.377059339010303,2.8955400886713516,3.2727274758378946,3.7204023521886667,3.380045391384988,3.137411466411451,3.36930700935698,3.4027708373665675,3.0584990187660845,3.297945920844197,2.925823806439987,3.1870772116444948,3.880406938659843,3.6717214437373626,3.0407995340805507,4.4236809499804925,3.3184941851461494,2.8116328011503344,3.0787009279762456,2.9241739199437093,2.478101248951323,2.9058215592276775,3.6632662004686365,5.145790031572815,2.683662731954476,4.300183860321837,2.0975758141699687,2.591824132655273,4.5063937153524645,4.167641379086594,3.3146630085375364,3.0808131438454174,3.895054789927161,3.7432711445184585,3.360884024496986,3.2932375406160013,3.1404473190327877,4.874503793220394,3.083047131354861,2.718128078056806,3.303185973712007,4.612008453519883,4.301272923106037,5.0947994277514566
S29_right_hand,2.473443016884701,2.5854280950154074,1.5326043682747166,1.4779121803202846,1.8570281022555466,1.8634596119982443,2.195137400405019,1.860876714948254,1.670020534595518,1.6238895595738072,1.4650357777592062,1.4168200162877118,1.422467193459938,2.0615444133805054,1.767732639767797,1.8582726980225979,1.5831072775062913,2.031041301987789,1.5557099299092259,1.7851953738184774,1.7582865222990214,1.84845407985985,1.5266678634255648,1.6880194309348786,2.2755430398245036,2.297599845290454,1.80245020514236,2.2028470684135106,1.6204619659287887,1.7872052179940305,1.661998648293682,1.9791458875193757,2.2472930126238,2.109426041070045,2.24448609147092,1.6121383326545216,1.493288711561773,2.365304788406595,1.9054236015203085,2.244907612531496,1.6000493924449801,1.9573642836664038,1.3584537506137533,1.5122462233435228,1.9804307244347052,1.764251303985175,1.8300686001666424,1.752076940764595,1.3916654556733206,1.5579080593285302,1.8396743920034684,2.073063162101524,1.7299694629269975,1.631496066871577,1.5442645882034567,1.4826700876020726,1.5762375757328728,1.6515227296027999,1.7091419506550332,1.5029770643802671,1.510271380247815,1.9821914836685397,2.070301706281909,1.9161902527615333,1.904006818678877,1.9298140907443109,1.7465557475832232,1.6973142648811983,1.6089516880215708,1.8456023861967128,1.5460465606688043,1.7258807393348632,2.0341376396321205,1.7867062065984918,2.026181572755448,1.704524685085865,1.2319772604859565,1.721433304096655,1.5699749873141498,2.1368941906867587,1.7615989061871509,2.1499834800175117,1.943555306174093,1.7581473611224068,1.9095462941382562,1.4661378990000096,1.246101787576353,3.2734670512855155,1.6894136460543019,2.0416933052920525,1.580292657653942,1.6341308742733767,1.9328565204956754,2.558011736862193,1.18283540286805,1.5055782453926156,2.127688715219408,1.5614964953024815,1.7199190099072497,1.7509927664611045,2.070136959528951,2.0544920046679103,1.8172763945597104,1.9652510310832936,1.3557871643812733,2.458915653627453,2.6964275741999133,2.2880949867448095
S30_left_hand,2.8498521607788776,4.286362657399075,2.0481900195774587,2.282714296095717,1.6149632067778592,1.9025484667111632,3.6358947110680555,2.3346691855806334,2.5237862497701684,2.355555046700559,1.9608728265354596,2.8197819607714276,1.8760209400792165,2.1176472631146472,2.3753834723214595,3.75463779628783,2.076006446399576,2.834614666907142,2.8720115006571865,2.41492909987054,1.4279941107439234,1.9199529068039691,1.9961458683819122,2.856682546983591,1.6163824893453844,2.253565907408194,3.0334493492133277,2.267339975226661,1.8126101168825244,2.209340990363682,2.3670796388483577,2.2325051831198244,2.6259387506903304,3.0619482662965867,2.1371820283422904,2.115162951977691,2.3149464326686657,3.9642333821541036,1.9703500921666082,3.33335987627028,1.7633967204798213,2.8106431626653428,2.4436755492922497,2.1151121422217285,1.7154918195001274,3.191913986697923,2.3676001041584334,2.871795615797572,2.1671705620895123,2.9969407953828133,3.10900821688516,2.706831613644672,2.890827780560354,2.5818986749161534,2.921771670106507,2.898865909029783,2.519357730483582,2.3203843299698077,2.0306079596194566,2.354879827175772,1.915470315090354,3.045616652910709,2.4142925705359497,2.7453423218973283,1.5594301201081313,2.430396422686639,1.930869583441742,2.3333563257962227,2.3429622175172184,2.0667968420258944,2.218109969794061,2.305510093574602,2.8972761021546436,2.487446546445214,1.7743957544583233,1.8740229714547039,2.5891463554469394,2.8410172919582957,2.071748051497156,2.9576861530722334,2.4657352346797836,2.146969607528282,1.79395960040411,2.1318068733643747,2.313587655346331,2.0044621654016193,2.5410942028831256,3.8199573314532365,1.7019138361844974,3.088758201647237,1.6620759777084901,2.4332522143610356,3.0858866622944325,2.248643009042123,2.192914875042656,2.0428341909032053,2.3377491096306646,2.6914707600301506,2.2499122332929717,2.352877136249047,2.260503697261908,3.1455327684846472,2.1059939256377955,1.972676514222355,2.4362960017721225,3.2316713769254677,2.3326618604038103,3.5829839832022583
S30_right_hand,2.1206701121572094,2.5915202444934002,1.6759691919414594,1.6904974495033012,1.6308967456812806,1.9356983351568586,2.140304797213068,1.7118112624793806,1.834081127283704,2.1660983185059166,2.0837657870891744,1.93641540384216,1.5875037730569308,2.2138516119747296,2.478579384772004,2.6272640762720743,1.743914025047418,2.045361590576305,1.8810391990511928,2.281825821324077,1.5567186128679371,1.533585484784465,1.8517370858614555,1.5848680551312464,1.975102578736369,2.6516076647662277,1.5781150691150478,1.743113355330106,1.784062339917638,2.0562969250772745,1.9412343122717348,1.7982429185495135,2.1735109803119332,1.8363921502584688,2.109561275186573,1.679337321374894,1.743510512831246,2.2148946462579224,1.7323871574629397,2.071163416990754,1.6458491962435469,2.3542115017224385,1.5805914094903601,1.5626756649971487,1.9671869402521915,2.091093150826092,1.8793182457607047,1.7524864084725267,1.7162890071948396,1.5124970632148096,1.765522071323284,1.834326193335253,1.7900047549218125,1.8245999066125884,2.014635525443269,1.9775617004095278,1.6897362993155078,1.6841888512097012,1.8572972425961916,1.4242334008372497,1.2748071800443666,1.9844192232077775,1.7433958964901795,1.8040266903716464,1.9759012140237795,1.715729540811326,1.4504893077190193,1.781714013820625,1.8413636255056613,1.7020726655483314,1.550760337338132,1.7037713429558776,2.5905795280727553,2.2389899851542516,2.284779861472933,1.7477468311829378,1.794486564286807,1.8165382396705356,1.65059834497904,2.130289389131412,1.70570511951607,2.125669140127579,1.5135964769342765,1.5394364697368597,1.9008611945859468,1.8050688016193934,1.573842906468224,3.427296394901837,1.7071106656753088,2.100668633339559,1.624872061439119,2.124565856847699,1.5178055494629943,2.6582530662476898,1.499656736267538,1.449271249514215,2.1740107443018917,1.6292839736716438,1.86758552136522,1.8347286483759604,2.1407029375529887,1.791870822778173,2.021593291278782,1.752126773915176,1.6381077999686622,2.0237300065701342,2.3130944373624267,2.18199462993932
S31_left_hand,2.2628510079505753,3.045909558967001,1.5479995540357292,1.6839784331955967,1.4973157272063844,1.6152275008824537,2.4559394866484596,1.767533920656686,1.6962108180391304,1.8525575341974823,1.5998013585299107,1.8270648523242414,1.252860835659277,1.8764694577435583,1.8000368452105666,2.213753215633675,1.5090489872098878,2.084018796299344,1.6907084867641036,1.9687131926320611,1.4257744469493385,1.4309478103607662,1.5471203292062472,1.5691640069113661,1.7482921594517622,2.0484887655186736,2.0228071245287236,2.002189406949726,1.528182553923413,1.7248033491462322,1.7806303923135105,1.6670598719453968,2.297438136094357,2.2476270757938823,2.0829114205500567,1.6248743666856114,1.5861437633687645,2.725055045678006,1.6283278088493345,2.3425866239574216,1.3542008126438243,2.0998416954739314,1.3625246555514836,1.410311631942394,1.8260581402811549,1.8795582385616676,1.9002327452409733,1.9825029733373185,1.520400834919104,1.6166841776567127,2.0704632511634173,1.9416807140731847,1.732651101534495,1.5437279078952804,1.7029644219165627,1.5929141635068615,1.4592260824516814,1.8096587980251806,1.601566222920424,1.3760736424354378,1.2914210002769224,2.1131987766573657,1.8900881362046433,2.024897488546887,1.4743574289986472,1.6519727632558063,1.644351881662029,1.540309778172312,1.5975078620799963,1.6672760893210778,1.5100747000937067,1.7763397426933625,1.9798176506221623,1.8783372294973788,1.8090298422770221,1.5717943803662244,1.6599478015914684,1.716263835920258,1.7747031644939135,2.20137350986683,1.8232178470882596,1.8041450246552855,1.4191637793522967,1.5452389778701763,1.854218265361707,1.4415548344341518,1.5359707156104223,3.573961539369973,1.385936405656218,2.2227455760983177,1.4596293565621932,1.8348633734897148,1.9768323354942594,2.1000268979529695,1.0339634928915586,1.2307745676021353,2.05967522269743,1.7077447142417626,1.6016407911133077,1.6977427404229077,2.006740357116945,2.060327352373355,1.8972101407546011,1.41866156132492,1.3431689847473531,2.628821250113477,2.3494765248386758,2.4916598609324025
S31_right_hand,2.7964406314119126,3.10808275468004,1.939350138644206,1.863560657214836,1.9092080809986987,2.0538549970853333,2.8170437810233495,2.1324063245825746,1.9968743618836764,1.71406919115889,1.8323525957808953,1.4577331259155373,1.5338390715026022,2.5686243482778033,1.5950978527864437,2.1520431533735764,1.5939035429985229,2.272399849230808,1.8482184003236077,1.6637367842328683,1.9312493764585026,2.0621386787721234,1.705415313778067,1.8796936934477668,2.533584841201479,2.1353842381932617,2.4571008891304675,2.3806689905509564,1.7037950575745697,1.804504728143471,1.8672846222153368,2.193853934186073,2.7106678396351915,2.6544499197720635,2.520907950970832,1.9426520647441112,1.5933113988179544,3.239637151212323,1.9003378436236409,2.6478520593873993,1.9304779041810067,2.1627417677349294,1.7360495990878682,1.7078828889114788,2.281675232257302,2.036282232166529,2.0516242615036795,2.343152573379306,1.7608049913009638,1.9737013541206012,2.398160923632174,2.790876907323336,1.9663587062302694,1.6406313585624739,1.722098703432438,1.445226223453509,1.757414160061966,2.3122395814281846,1.8104504681999616,1.6623569108762348,1.6383583798467707,2.3726372561194453,2.280802080632326,2.0466861304132746,1.9012276729831155,2.2360352058727138,2.0476705693696786,2.088547370055694,2.054464798594454,2.1305166974739214,1.9351704873123006,2.213875478040306,2.0465812993401347,1.6578417384657027,1.9369384789848365,2.0335931882478784,1.6833086694299888,1.9779889667519472,2.031944342029247,2.4992139002043907,2.1241092705618407,2.3315613559144275,2.2281860627791916,2.15400587805252,2.336229213273031,1.5890400656543495,1.5891012613374915,3.5767331433381253,1.858509529001204,2.513021820685516,1.887687983866933,1.6303965635713142,2.552475469472994,2.4579734550422043,1.3599901037156252,1.6629864471172553,2.162623152626085,1.8716950492940754,1.8213206287984849,2.019742650995471,2.2339594521321993,2.3327539375131323,2.148212183172847,1.8513795521521796,1.571840331706988,3.235333442240663,2.9847357695783336,3.06634234806692
S32_left_hand,1.875653516862077,2.148694332643678,1.6776161467845858,1.6902057104870019,1.9411579393843754,2.06262820743963,2.0087995854438403,1.7367003251046358,2.097507326916058,2.117998736867585,2.228090512656118,2.1796373698166245,2.1957215272265493,2.369269516293691,2.4713092366935574,3.207404380369822,1.821688265510697,1.8020840875529418,1.8640960907633524,2.1187242535323825,1.7950336649293155,1.6557945785549977,1.845676716425943,1.9549616630341218,2.748411460673766,3.342103740622834,1.6669842604920762,1.712622696376326,1.7590738388532994,1.8990491379492942,1.7120678133172926,2.004545560506967,1.8892374036236157,1.572668817274546,2.113512492043087,1.7062823092822048,1.5662071188263331,1.987646178928479,1.7830232144258087,1.851431059216009,2.3629613019019042,1.8964061069607814,2.032130212917056,1.527098189306248,2.009845640378665,2.207713341774377,1.7345315178207215,1.8355335488180953,1.650599427898623,1.799631024200263,1.5404712002789522,1.7614154848691514,2.0556706463392524,1.9672232177802722,1.966972579742497,2.004393397808946,2.0198208396493853,1.8383893397624103,1.867879404508947,1.685382760583169,1.8859523170179968,1.6605806625303767,1.5974304948943274,1.9333425315459025,2.255515964352921,2.5419552183636522,1.829707139733744,1.6167420852361927,1.4644297303819522,1.6812215237717232,1.7482732627513045,1.6755636207563707,2.5891158456862824,2.0051513289607095,2.3325439003516535,1.8806782666216402,1.7433596663534998,1.8505332364908378,1.9526287941729783,1.7704081845082766,1.8590442658740192,1.8678692972819109,1.5702187604016267,1.698655754568526,2.188434835197601,2.0660404467666567,1.3614273768589438,2.294479848394735,1.9553694971157072,1.6945575091382548,2.081307424589476,2.2621337799919683,1.7456842213754515,2.374150877760041,1.6048101193929545,1.7441573716866787,1.9003669392999818,1.6549410047296862,2.1585962593687675,1.8390848759112242,1.8294281870207616,1.7551342057761339,1.8831344700306012,2.4033646425033233,1.3949985404525274,2.272729380065999,2.2035627429285167,1.641147997579533
S32_right_hand,1.879952231342183,2.8023879956662308,1.6242744578146633,1.7399850276641315,1.7738181512738223,2.1395458576157607,2.4273266448852713,1.7774005220739297,2.0549575934091724,2.012362192637412,2.0386233938727343,2.1482175936588312,1.8559312101797265,2.3785068508413802,2.415353242527965,3.083139587351199,1.7463714997225024,1.8702952644034156,1.9911651015080944,1.9003308007175042,1.7028337692039712,1.7394203754015267,1.5979473391497272,1.9458698569040602,2.3784087663349744,3.21935477398397,1.5727088927593034,1.790697864893939,1.625966964801787,1.9749773271943385,1.924432894522671,1.6627281223872015,1.871376756739161,2.0053049462397743,2.040643690765874,1.5070892807400675,1.568698333072816,2.5915026550281723,1.6059871484056216,2.108082915146989,2.100165977521111,2.137614299035759,1.7609323010495368,1.5029304847768767,1.93451615895513,2.416983263261704,1.7285925377855993,1.695367101026366,1.6944755929425426,1.874452517180297,1.781370398615819,1.7988098126733594,1.912032169877674,1.906041328391829,2.077243290370551,1.9860761576748336,2.00920059266711,1.9530866244427096,1.77445598933949,1.5035063620691884,1.7346712613713542,1.7932227633407345,1.7690186246023478,1.7733995038801853,1.9559111359800334,2.2386610589210645,1.546224112064337,1.7992907199641204,1.7007826888609194,1.6612407255738175,1.656007304034198,1.8509895407208812,2.5604516814285683,2.111445277105563,1.9823658223711385,1.6534230240094776,1.6740540876593393,1.7774139497927426,1.8037301422247445,1.8528567108608536,1.8456823904562856,1.8877832405008763,1.6172168066640524,1.7307092696834603,2.152071695251618,1.7088150456181364,1.4855804036294957,2.9397386850545146,1.5212369328692508,2.0057945511637594,1.696819190800754,2.219879945727004,2.0092087443894884,1.9384656874251778,1.4390722397699398,1.4382132945040198,1.6572128697677664,1.769874397729394,1.935630581968515,1.7419890706357177,1.9619172112519765,1.9500098011915967,1.8084394969760988,2.069082471956395,1.8297578178343024,2.4632884486531537,1.8614136328753195,2.0830128023142933
S33_left_hand,1.70369794369498,1.7929799081080289,1.573759950131014,1.6336914545135595,2.3021171223469894,2.326471090806767,1.836798664764333,1.6224177604574894,2.457194924418033,2.5028804891413983,2.804020609946718,2.759870370747292,2.696060400715084,2.475549931811436,2.848076039524831,4.010267922000479,2.157722647055151,1.598683485022288,1.97990367499653,2.4694418241025105,1.975854404357115,1.5117225312566134,1.7911636718186605,2.148113220673861,2.8693508283504032,4.60878648491335,1.3533855823209802,1.3913035593872858,1.8610999677958124,2.2546033361509137,1.9477277844387184,2.1015929636012607,1.2367577282359938,1.2164331240345403,2.134827604862155,1.8021297409839552,1.948488845463264,1.5849328921168016,2.0035830724847585,1.6764075465780268,2.7382859592380684,1.8156599347030025,2.1871328710737963,2.0860971393074217,2.404272180860816,2.6071665978165433,2.0654794806035257,1.581094918874867,1.8356221283551202,1.8749453144398662,1.6252051765445557,1.3934438647412806,2.448098941336573,2.4995245087897597,2.3335554922984194,2.575731544462145,2.4186645346991544,1.623708620325024,2.023951801445929,1.7666966239675486,2.232915956170525,1.3445867198303816,2.0002912738565883,2.20272768745077,2.4544663208270903,2.440122473345381,1.6797155401502124,1.7966714436833584,1.5561156238601972,1.4658619287198627,1.8616456936887016,1.7912968226292518,2.865606504401154,2.829715008368136,2.8315230316989752,1.6611303039352288,1.8850379248082874,2.0804524771373676,1.749172412797668,1.6820787986362404,1.6008132753540858,1.8470396201194097,1.4506926568352827,1.4596543885510291,1.956512289465132,2.0257875432473895,1.8287106538533617,2.1312961164845454,1.9978925864410646,1.4134194456895708,2.232760590572467,2.8215389849890147,1.366156969793317,2.625253425726862,2.136453246861717,1.729527259226617,2.062335450766887,1.5314848142078972,2.5855876990477054,2.2403981302065303,2.056426951157569,1.8264588584501018,1.7826247923276721,2.6987599274935032,1.8538107696243524,1.9699356997209927,1.9217156920334921,1.350172378927144
S33_right_hand,2.747170604585848,4.190627017397025,2.1121536647341275,2.4087999234638646,1.9676673405278846,2.182759240268757,3.4944503913116582,2.2020472918749623,2.696298761170601,2.0716204125600646,2.231849623082683,2.7711932269537813,1.9692991195355505,2.550339364664127,2.5559852227920374,3.7274917795811415,2.2786584477896743,2.758828449008193,2.6634636194086365,2.3216000971350423,1.7504084497378158,2.2255912807052027,1.8616504944660743,2.754478220073654,1.9901731971035161,2.2156529810975423,3.1164865645920083,2.2396122100668285,1.8010682609522508,2.1499078964055203,2.171071960542092,2.199271580379155,2.730873080993332,2.9814965111869727,2.347403015756969,2.1713326483050532,1.943703168513039,3.9991053841822173,1.7639407378716765,3.2645123448347833,1.980389093265931,2.5190592810957044,2.126633272075897,1.8510153461370367,1.9968394044041236,2.829632898138078,1.9738681154965128,2.8467251968584195,2.455881924803985,2.912976936696462,3.2819588062016676,2.663187042306105,2.5706814063379517,2.410450585724817,2.7216601631539423,2.3647983030335618,2.689158810876009,2.415540602545332,1.9063204317655045,2.0598443677778806,2.0065450874222233,2.7224994802766167,2.344166306637689,2.576306953948296,1.936056023386921,2.539233692509104,2.141092231944026,2.5627836678666487,2.390865399377334,1.9841491962129294,2.1890439954396017,2.383771095072302,2.441100088502501,2.1440213270034407,1.624929482780936,2.039213960217768,2.254812830455118,2.660993764084906,2.3437933083620845,3.000330741820415,2.6143802448273847,2.364542620526143,1.8989458026201405,2.2236759257914565,2.451486893684091,2.13136531162952,2.4914700508447516,3.52600539495877,1.7994602912801838,2.9352879967928978,1.8703809692035511,2.5238645683054415,3.0588586915952702,1.7342828060982367,1.848936896668827,1.7223462628796977,2.2212266678870827,2.713891757577108,2.171637673390876,2.2996114054968286,2.307634769625932,2.536731333398207,2.293324223885748,2.0486051404902974,2.0974134740159456,3.6225319233559885,2.1500607788794692,3.5065354435262317
S34_left_hand,1.683649715087105,2.0808475178106276,2.1734803724538576,2.101609429490728,2.7977942901292687,3.312992310774121,2.1547639005230876,2.149979055879818,3.0678981139760184,2.6530064198841385,3.3800646487857904,3.319355003361501,2.9470918094465466,3.5956387119454316,3.704526182859046,4.633660155471337,2.5462664960869876,2.2562163161459345,2.5575169189755047,2.5855400144133465,2.3752645631805267,2.157468491419193,2.5873333971405676,2.355410533148597,3.417939553326132,4.7486178944419635,1.8821525754377537,1.8403217195990849,2.32034853396945,2.7976948932344103,2.3483829960210993,2.0562222970790702,1.9490894788393822,1.6933365888636152,2.712498587309617,2.1774390529073147,2.12486026997658,2.1796955811222287,2.0664724411895614,1.7272798619308065,3.365078651524152,2.6014342758942224,2.623375396429518,2.1057245470506336,2.807463463983307,3.0071816566627794,1.812911932981161,2.1679253877168563,2.577262873127443,2.3435539908383936,2.0246492875526183,2.0182067705727267,2.434132288744087,2.661850140402014,2.903998651995494,2.892328929619511,3.070332141602072,2.334810391913628,2.5382773731667596,2.0080397647750923,2.5904658113682295,1.79571201596023,2.080861052716768,2.341305877446807,3.0403090047407595,3.0604949946439133,2.144302606948818,2.05964112601158,2.260393722475321,2.087133433984154,2.0757257952435135,2.241231390359595,3.6270980907342185,3.020947118561832,3.0442422519874524,2.258466786113187,2.2295374188025656,2.561529718835824,2.45283170634879,1.9919122827363838,2.3021987499132397,2.6547605037582853,2.0034367027699194,2.269316635381394,2.9287057012285778,2.550648092662367,1.9387988091464068,2.7700367013858336,2.636776037031268,1.9697599876241463,2.915727008382996,3.47852177417091,1.7830864618898585,2.668804231908915,2.312038018378095,2.041180324095186,2.1275469342199727,2.077394431722655,2.784950888002531,2.331881849027029,2.4886936739430463,1.9100436921182897,2.4930786980113804,3.2467693357229663,2.253073387949092,2.4274788053478935,2.2472548222255946,1.6373211149800113
S34_right_hand,2.7222906807475904,4.478768276162952,2.761206045072932,3.286951125730363,2.769049613146435,3.238197131215987,3.4437176959310456,3.342779002141434,3.254589606645915,3.214578449666674,3.465177105567597,3.6498870012352094,2.8147925474389943,3.788109696252298,4.5213368148972615,4.369076992112794,2.667161904980557,3.653269882869074,3.6990593482119163,3.4459658713887147,2.5575967374416044,2.722745565838177,3.293680569540556,2.526593353474109,2.3026802897094854,3.4322696882210706,2.945452884360477,3.069453864299143,3.1067431130022882,3.7844036264979013,3.6750860805400056,2.473738704691081,3.5498564916458064,3.2756937514515796,3.5158629623619375,3.009481846941633,2.611373442182374,3.6344849462055793,2.230711578673957,3.0201402998628497,2.758427910277339,4.520421481949179,2.286061603425553,2.427018270953279,3.1373275438318,3.6777227644517336,2.828333225020055,2.999513913826869,3.421588659247002,2.8214540302501248,3.383311971051593,2.510148644447029,2.5616018745491127,2.960578484008703,3.951520628502257,3.6853318087112275,3.574676680713832,3.2291763949280767,3.2815104076742503,2.135775292198288,2.230333600195467,3.0727971575905215,2.363028925370372,3.0893668087675987,2.977572196713019,2.17223886286651,2.227100959205517,2.7700271145202913,3.3831771404558273,2.755941730222614,2.8728768032369243,2.9779058565811978,4.716766702697593,3.894186957962546,3.161599368302826,2.832864249399183,2.859680874930551,3.6564899245157996,2.8360125642064835,3.582400862687625,2.988264315628493,3.442387370141273,2.66927741678687,2.8049363393200233,3.6294444990473362,3.2892316231199046,2.9624265659814317,5.605406383143087,2.5598625024068515,3.7038338780642,2.66050628397125,3.906138477668527,2.6250831570769853,3.2031462378787423,2.302623858783753,2.494025127561051,3.1598088695223905,2.7739742508390495,2.924878766708184,2.824171648329711,3.9906909781420374,2.748193348702211,3.3264496518885025,2.4107838269961803,3.1544579746373502,2.9872929989411743,3.0000968832122497,3.672621776037598
S35_left_hand,2.0061938176185254,2.5377730013642132,1.530798575229122,1.5512817300390882,1.8080183374742105,2.0368444654604403,2.1805856754686834,1.6692242683955543,1.9696130942399774,1.8880940976739229,1.7722596588724562,1.7529938489392503,1.8437715197257751,2.334177225839945,2.080360492893637,2.547516643368609,1.5025490779702202,1.9346746740750447,1.780457690047699,1.6609808906443062,1.7851299483994778,1.5138109711566117,1.6356344368187354,1.6529198385672466,2.2149495854662,2.648332196992234,1.6265780527457685,1.7771803780608892,1.6939151709992728,1.719842518244014,1.6455700584731896,1.6661244727831928,2.0842878864840695,1.9918886231347406,2.0496743419644226,1.5239777629302478,1.4669624688281173,2.2919458714760736,1.5442097567471402,2.0046528751246577,1.8822408123311818,2.1214019879023414,1.480664382655601,1.496829841588585,1.8415102177466616,2.1101960055011655,1.6545565202344752,1.7095995934887802,1.4796068943791316,1.5315523450228383,1.7920506979776336,1.7447169708296224,1.57468684436315,1.7108603380411584,1.8422037063941732,1.8769690334253815,1.9092723430036846,1.7064322709323019,1.4890182106536711,1.2764220008855767,1.5462501644956648,1.7931969715448595,1.6067971527822782,1.6205915627474405,1.8756957461613724,1.7015882733906256,1.4957747530049184,1.5841984167497472,1.500162845801191,1.4192970496796735,1.563665568456098,1.671363477354829,2.5254939234848215,1.9036723253450347,1.9603709314860922,1.707147108327733,1.607862904602249,1.879720567532229,1.5681242194406144,2.004092957158755,1.5634758737899133,1.8002763569275264,1.5878716908032815,1.6356031963603004,1.9956849441340405,1.4077369615718442,1.5320826362224391,3.0543962417953456,1.5012981462010802,1.8216272402226412,1.5124079195307454,1.7783420210769934,1.6216786231780589,2.437202583720914,1.2985438876615152,1.2430254269984717,1.808128195333219,1.4473177813628784,1.564624614401967,1.591484084323458,1.9814924245056826,1.7353726160544765,1.7265642365669707,1.966846853358048,1.4639037432536575,2.0489409713483333,2.173813623827791,2.1204314039760157
S35_right_hand,1.849779609153859,2.4139887468250896,1.3783808609318118,1.3226431588175205,1.5943320687424563,1.7650312903581744,2.094133746185181,1.5499895965249264,1.7097055514137334,1.7861710243588829,1.6904791584072847,1.5024854684850208,1.5977059848424997,1.9352240985180986,1.8125477291045917,2.5057017467043305,1.4585611227345732,1.5962956794944505,1.5924990554050145,1.5611876045273654,1.4063597728109523,1.3207420737710476,1.5754689838213594,1.587276139308357,1.9758324547997312,2.415682952745779,1.638556947639604,1.7626679609906828,1.5132933586298924,1.5737283077713637,1.6234716189457394,1.8739427591656845,1.9516036375747274,1.795408961028343,1.941310359394741,1.4519078711115079,1.383832045831876,2.322265895061801,1.4114129614955868,1.9616624807683984,1.6692686271541217,1.9267853669275918,1.6008298442428357,1.4272333620900353,1.7421295100489707,1.7570451988567715,1.6263098016790254,1.6460763445286504,1.3667131996783626,1.4614911226701555,1.7721877805904294,1.7548824550973525,1.8074122973498616,1.646835147476775,1.57836488379094,1.7573737764169852,1.7591049114108535,1.5482730577045087,1.5406311060318658,1.334349233728148,1.3811296333073733,1.7943182003314864,1.7513205486163559,1.8176061579217766,1.7177139024283812,1.8474365074039376,1.5354908810024805,1.5061352394877865,1.3527332143468445,1.3050520524782376,1.5632386435748953,1.6470405294680814,2.2594699040999995,1.7140382076012717,1.88994241347093,1.6327289331101946,1.5202206523538813,1.5819801202505592,1.732277896666928,2.021500239877558,1.579801823727851,1.6339735371875321,1.4814084132072818,1.471815407329142,1.863751635664603,1.5385135133316141,1.3406075078399753,2.8981653094176387,1.441247113350949,1.9961550047556402,1.6328655192455024,1.6482472670883492,1.6850547529779456,2.350999718743827,1.1257634958319138,1.4684022431684904,1.642027809491371,1.3948041528448472,1.576976925340622,1.5367963978023536,1.7767663065602664,1.7061495378781935,1.6134949099265232,1.7798492415139995,1.3475100063359986,2.105337787416206,2.1731895699751314,2.179230403834999
S36_left_hand,1.9845517133764208,2.4903825640542996,1.5936833170622573,1.6144763161143731,2.1825828413418553,2.2700427998816943,2.3482881909721045,1.6862410946115256,2.274343660858408,2.140552442798513,2.3469173710787885,2.442448986414509,2.2625832044027705,2.4149155267176314,2.411163490541334,3.7190448218286978,2.036325080365729,1.8894657247659543,1.8887135376606918,2.097375029764287,1.8529715175014114,1.6659328291239994,1.736859872905811,2.0469800528970534,2.5180259490231176,3.453810515194401,1.8223978495588242,1.5242055675347241,1.7773821159364345,1.9065504233485486,1.830032284760632,1.9721058560124147,1.7245643576059844,1.7699207619609743,1.9211806618125058,1.5945486459241143,1.714818371151456,2.4131649467045118,1.809034850297404,1.9813825538917127,2.4694921141161212,1.8245059952396807,2.105037278496984,1.8505122849836089,1.9743876892010679,2.4034268505661975,1.7674283161355553,1.766587447530794,1.7753990254680927,2.0535789704380742,1.812874538311545,1.8013752510314371,2.18948466942742,2.185719153770976,2.1814811338689126,2.4666307637949987,2.4091660960617176,1.7625029356545419,1.8567369609829267,1.6064856020488094,2.0832120905575104,1.7945892426631,2.057562149701282,1.9827735844063694,1.9642406150884724,2.3977688239554564,1.706280421658274,2.031714480550637,1.7737496709157705,1.5663155015671875,1.7526296673406763,1.9375494819766599,2.530150723740652,2.0810240946091008,2.109189733400059,1.8357253970520317,2.0151451962060056,2.0319294693050107,1.8945516051591134,2.093956403700854,1.6741553831494014,1.7613590825365435,1.6401011298973573,1.7892615265148195,1.9805192002142307,1.7526214616518616,1.80492100707275,2.490762817545228,1.8160423261718606,1.7184068365118763,2.024850418459106,2.354272498777536,1.896704261663932,2.3290321937279397,1.8777984906992806,1.6414715243494484,1.7139100117044275,1.7496309611177585,2.1792269554538946,1.8573126903503272,1.9832335571943727,1.8348843144690248,1.6016210719898498,2.4211316209050127,1.8803973832886833,2.4255527166309996,2.0013114290947924,2.0464966900333526
S36_right_hand,2.486305456291392,2.6322839729151317,1.7769743400564175,1.603863154387458,1.882305417463815,2.0395407598202127,2.4084128667025704,1.926433054643197,1.8760463690183675,1.9060537901588708,1.6467254411191308,1.346815991542501,1.808927702825844,2.275741705312374,1.8097132310323116,2.214338410785387,1.689868218763019,1.8766060777159908,1.8373889259707805,1.6601730504908438,1.840643967832469,1.6613767491212217,1.8454136161745562,1.8303118499351079,2.6479329726765215,2.788653191743991,1.8627291191631055,2.3544738199968083,1.6973481932828318,1.7061825155044867,1.7983617508234613,2.035216147311458,2.298621511512477,2.1282710591144958,2.2873969980249185,1.5667061783162046,1.7302318682409243,2.814593477382865,1.8420137275594433,2.3282469922318887,1.8926682614153665,2.106429182121901,1.7435436008840908,1.6038109019561766,2.1314918086491046,1.910684150304256,1.972140920831409,1.9766596788696447,1.330104428217561,1.6471590453367884,2.0349034756897173,2.2724649070655754,2.0214645904802806,1.8147273080322073,1.5980044943703837,1.7810621364989654,1.6162833812923476,1.9199561863464523,1.8176102165003134,1.8145267986169626,1.8546884305376046,2.0129940442116556,2.129819011521266,1.8074215007290242,2.0627655854960096,2.1737941123194475,1.8951554716137695,1.9405198241013595,1.6450179463532186,1.79705256709314,1.7393398998366978,1.8807727821092635,2.3104563596738457,1.8668616461028102,2.301578216948161,2.0065746132401787,1.743494712430494,1.8958200645039927,1.9523526426248297,2.260893559846207,1.5822794347313498,1.894355294045093,2.0692334503793135,1.6560269282560713,2.320517657745155,1.6418279565612586,1.5269218031276135,3.2473530861414606,1.7589054867198728,1.9816877256513945,1.880028245399934,1.495775382229378,2.083205269677751,2.6260974147134917,1.444459497801935,1.830731865854076,2.066903468373353,1.6842697411538559,1.9208153416305165,1.8590568708854054,1.7893136689725269,2.1083641198320646,1.9159403731658025,2.1483665249076913,1.472147871048101,2.2975588612262836,2.717687492596375,2.511686770953599
S37_left_hand,3.082609600847119,2.6391617787543753,2.3369337152496388,1.872604424904261,2.5464647683931636,2.5158200889343263,2.424930174071454,2.3912655401082317,1.9249243006365395,2.291006318781846,2.011334839663042,1.4808891372568682,2.2878188923630502,2.952916367174767,1.9309596870679222,1.848443521465796,1.9571325275324036,2.2214794925013908,1.5410370439415544,2.1564886515998407,2.6647439961905226,2.3676082082946173,2.132244819259523,1.869942954935228,3.5466508819859195,3.4036494718909465,2.160748494535239,2.7784972570736395,2.286593150514518,1.9936722062451204,1.7940312418052309,2.631871344670273,2.921093343635172,2.423302897303839,2.9242696856909727,2.1352858662415684,2.0695140690732265,2.6398860186574424,2.6493034091177687,2.5760514047046486,2.579935388057308,2.2337411976659167,2.1562994587003885,2.173339772447102,2.6778308578000596,1.8199619661732704,2.457784058972192,2.3727477398892067,1.5488851305635731,1.6115665497419633,2.0455141287140606,2.748711066938634,2.2052089124292777,1.8931382791844555,1.5052556000497086,1.7044281929494818,1.9071978124408355,2.1915061135042926,2.194982412535507,2.0874215391531843,2.262029841395119,2.493513106997228,2.5774989632282455,2.0316519318539896,2.67160873333547,2.527556892611261,2.5287933475878384,2.220016804330154,2.082336069394135,2.3988073039932423,2.3057952804212793,2.2385687981945823,2.403844074650639,2.062342118411123,3.0372481015657398,2.511041495718991,1.966785307226725,1.8000374219694333,2.203692142253894,2.445497848974056,2.1526613839037037,2.455506595535982,2.5694500214823703,2.2013312749581937,2.6273808194915746,1.9388126045943448,1.6874820378382203,3.4767503351800357,2.4950708704511357,2.303802906133459,2.6353963363663846,1.7109598088489708,2.1936097447814493,3.745600126801426,1.774049547925618,2.1623358850937753,2.6090249104252856,1.7880908508291815,2.311069523552274,2.220827732087227,2.5361982665347735,2.450904843735354,2.3665579159304273,2.846659654885313,1.6695717934919574,2.872824948840686,3.8879264060907532,2.6093064859199333
S37_right_hand,2.983560855348869,3.646169864796762,1.815169434669333,2.0760939465054764,1.70101294094291,1.6819487510986404,3.005667468509566,2.334632989374405,2.1420510255061087,2.4288250611910396,1.765308966052003,2.1893742163588383,1.7797198791317657,1.9541335017439847,2.155628521448017,2.7397139947950553,2.218574118312306,2.6850724443114213,2.164600798024565,2.558630411835691,1.660939082049148,1.8397935698215622,1.9971199558522537,2.227378801549076,2.354643883000429,2.5387500269061634,2.571572242078501,2.320158198200028,2.1363534348543625,2.2153646946056513,2.3761920113713044,2.8662108166831946,2.6481946592064225,2.7106563413867866,2.340625902596035,2.0197692686011726,2.2139528899373317,3.2105617289441586,2.213117575682425,3.20022379414792,1.7045089982199624,2.594551823961993,1.873431155161725,2.2101885200943805,2.178213726904506,2.557236303531352,2.5681493727979516,2.406076619343657,2.0396080477865914,2.21803678670123,2.6560788398228103,2.438525286354879,2.6149786571128306,2.199407667704467,2.3715447636636675,2.614107057745189,1.8035779778534162,2.1245468075823015,1.864193522053525,1.882333106692161,1.7521424110139092,2.6986132181167495,2.589002780195453,2.645253358962357,1.784553846549568,2.1588544777273375,2.038244088271796,2.2662899717275833,2.2429967619814835,2.0832456396743497,2.192733765794182,2.4376704530099422,2.4245432640147984,2.5647085166497208,2.282892681267284,1.894074028011914,2.60471717232224,2.435173537867885,2.0038173622301434,2.7516702906475716,2.202979819832838,2.096221705470471,2.061922338750774,1.9382429128250056,2.01288725848336,2.0032563797455105,2.0376717518073897,3.969965481729891,1.7722628304098669,2.8476456570746147,1.7899456138888117,1.9416722684645813,2.7537825312017485,3.1176959112149722,1.7194180037348827,1.9563924062366818,2.6581023035269933,2.17118730682948,2.2858021237387183,2.23677474434792,2.4081664885281833,2.899549684290526,2.086980979568441,2.118519784832688,2.0088906576377052,2.81754597549143,3.0744048878560895,3.098464882311626
S38_left_hand,2.376671808055047,2.913099003681408,1.8032666657866248,1.9604931976907778,1.7028431875563368,2.0029551824264287,2.24801172544289,2.331003286072984,2.2617879134935914,2.521323537096946,2.1592688014115664,2.0655956608289294,1.8761644336256733,2.3841237065932157,3.120360680618842,2.712902226589053,1.766526298191452,2.4920418158895643,2.4762363262489187,2.649968954672403,1.8457021980378812,1.632673915869562,2.0154446101358303,1.6826719953446279,2.127853834213367,3.102435563184971,1.8011560274207283,2.1761352359498844,2.27248586301969,2.401082909399451,2.361787445625626,2.122419449559221,2.5958967148051735,2.2926051001986347,2.733940002547266,2.0553509739319353,1.7685587708742365,2.311363009056454,1.8255367756861438,2.5730292087736966,2.0410994937509734,3.066136991339647,1.471370188830109,1.8810635586405353,2.181506051313743,2.5638193924289583,2.3183638952002887,2.0208467586459973,2.101062712230695,1.6726411667483183,2.132596394178672,1.920647513519849,1.7858300476235014,2.220550924773054,2.540516861756592,2.445852248121864,2.0240333340254004,1.9736230863594288,2.1378359368443065,1.3843085590332305,1.4815415374621133,2.0510522703989302,1.7631794354659958,2.0435868864778928,2.313429944817999,1.4902594174216515,1.480534250201254,2.096365406623515,2.1379005685254304,1.9154631674299671,1.7678330466263525,2.032381945756792,3.447528521869925,2.7530908263024347,2.7675708718851233,1.7390717947497256,2.1994048728175164,2.5079809350788773,1.6855664932314616,2.4985788492310506,1.8335257371386608,2.409944061336143,1.7483641212778074,1.8140545221897717,2.132978258290586,1.9463225587701418,1.9215358358060173,4.201450212302187,1.7174857618634434,2.2694383270045924,1.630652958730932,2.189621652522185,1.7498774463111342,3.1148875668724187,1.673498598646073,1.6699731996967393,2.408026252925482,1.5216326140222074,1.992064227975355,1.991688909174414,2.551186217463091,2.330752449823264,2.386209040572364,1.8766084322517755,1.9269244122689049,1.8928198035997574,2.682437352039041,2.3785446663379877
S38_right_hand,1.721194775066287,2.7822443779903723,1.7982227421472394,1.8570356897848046,1.9718317105348269,2.2133926442944523,2.4192100734696513,1.6317441144297729,2.4848144205011855,2.495068546089807,2.782889389609967,3.047118976141298,2.7282522233672504,2.3910817028773494,2.95073203408793,4.486512766959121,2.1500460085023168,1.9188416144605904,2.3713771325242243,2.38214519371867,1.5881484391294198,1.5724889041631036,1.7767038052494648,2.4914849584245777,2.5102128202359033,3.9561889257195526,1.9238856315211814,1.3214732785935233,1.7762239383788945,1.9244661448673002,1.9490042439050823,1.8369659321676903,1.678252842390776,1.6437925785745668,1.762343639016273,1.819152550672849,2.0132916516349404,2.4882111552111272,1.566013955566533,2.0481048626713467,2.372442584155895,1.9528631252453912,2.4932782319700384,1.8822037549885375,1.8995205515728892,2.981273777660054,1.781477233197127,1.960136647910274,1.9991345637923614,2.33387540742253,2.1627874942776812,1.4582739438676524,2.4830696564228654,2.5791714692484398,2.6707409810398626,2.8540930945833978,2.6091234345332204,1.720692209394735,1.8715207251483548,2.03688370601071,2.2027755444188912,1.6782397008862244,1.7772901678272923,2.2402596346640107,2.160401298316495,2.736058926453411,1.6962703420442207,1.9112448409940581,1.621464893311504,1.4355387063265794,1.8554220760009066,1.6849320805227235,2.7334887970491,2.6881634387278903,2.2627844478542465,1.9202535481323153,2.2526111165948506,2.1802994882866886,2.0650982884539015,2.0110356904489146,1.9969064524032494,1.783986456585139,1.4081653712591962,1.5902740966976754,2.0201854504653993,2.236800855005962,2.056916264395012,2.264713088467786,1.8753394303275726,1.9047213076663319,1.9093900342974028,2.792374692620619,1.9555595218898953,2.0310785619453227,2.175629620047573,1.6889528027119916,1.7859140354703569,2.0787673592655507,2.6226802161313243,2.144764894950607,1.8063288017508685,2.0971920509665667,1.6218775266374301,2.4402804542476035,1.9900046342351216,2.365141411782412,1.5570342143098654,1.8197945322352544
S39_left_hand,1.8466045634478303,2.3317296069364133,1.571952924784699,1.7941935356559617,1.7622324753427798,1.9793630769454893,1.7871272476594489,1.973561939833377,1.9140252053014208,2.132497375824244,2.1125711327665826,2.087561893113592,2.124443998235812,2.239492822842214,2.5215021109529703,2.9197012852054347,1.9903279081660552,2.0032690500943913,2.008562674826969,2.1931812831680664,1.8640604444711444,1.5320345224431269,1.8633981607392776,1.557676746999291,2.467877197251312,3.4697025362482035,1.467258361506254,1.837736551631619,2.0432585358177344,2.167135588953814,2.0500176461063564,2.072123298163336,1.8943277258849553,1.52860626585812,2.233483621051354,1.6463785698844449,1.8716638628123392,1.9174237587601395,1.8313355483863059,2.1479930765912494,2.2170857569842135,2.35502219347652,1.817773152459099,1.7976158874484172,2.225298277512529,1.9978846683356914,1.9666148730092063,1.776883054941754,1.747944062376018,1.546254195212668,1.6910005570335198,1.512447094714433,1.6880031424605817,1.697228514877851,2.1957914838111967,2.4966891928773567,2.0453610291403974,1.783913790942489,1.8906750149744669,1.4231598960108323,1.5002638718989567,1.7136315595097966,1.7451073817239289,1.9776455084668179,2.374125537309488,1.785388649618172,1.5179502818252701,1.564729875579902,1.689718522410765,1.695046275065049,1.880337203643547,1.8684002961595123,2.9533611485460347,2.6008579608164966,2.6272232264801354,1.6271000597794778,1.7981553909024766,1.9571603381257086,1.7139984138051019,1.9518180959632754,1.6123169606078929,1.977892581717164,1.6700437783080964,1.4826144752494965,2.0642488010824347,1.806007898870438,1.570310562689878,3.1201776550974274,1.7287167601034252,1.710118133175935,1.8625384352939405,2.192525621556119,1.4501362770732815,2.8775386580611224,1.5709796875884563,1.5937319491151283,2.3093039635886825,1.3772508298413237,1.9778771804999933,1.7584335495657344,2.4128369125559144,1.723578682025384,1.8665630903035428,2.027322356488257,1.7442874097152345,1.7641783243217262,2.28359505137663,1.866375224018467
S39_right_hand,2.949019335638908,3.720869356318387,1.9039187033496643,2.562097041780152,2.2326394002933134,2.4950296416168936,2.841288839359797,2.641273623622676,2.454064687000546,2.7746224812913147,2.457583545794497,2.6941670821643213,2.652919898060641,2.514483538550704,3.362542244265781,3.1884184966797386,2.2802283305012505,2.976931064815487,2.755469696395569,3.2906488214051617,2.2793909043724803,1.8497238978749715,2.3654301582523054,2.153707084967239,2.173920700757341,3.38780406360031,2.219780381621568,2.648615018609602,2.7472767481934692,2.989673209545367,2.959628991699296,2.7215093289006664,2.6310421333830467,2.643367830187821,2.970280756845767,2.4234400362900343,2.529686624694756,2.771506957968647,2.3797853080649185,3.289354986861909,2.0832787029232507,3.4226358391637746,1.9048190197683752,2.729842839674227,2.6302175197454982,3.1301454200265617,2.7319805255221232,2.124303786342223,2.3629211556663043,1.8432625062717478,2.702428507138114,1.9399442003073997,2.546308036679724,2.5836691955055704,3.0102587310105795,3.080805047483508,2.497495540411793,2.352326408956957,2.772030214776359,2.086860083544059,1.8011666085146028,2.970064230234009,2.581973475806805,2.7873698471427097,2.4548165864205034,1.4733286474644829,1.9713013028450248,2.2532174551793664,2.5073078140301157,2.314159390907463,2.704739502198324,2.5534509507668472,3.843876839734155,3.487604154533959,3.3146587532674743,2.217542474184294,2.44477398159248,2.9079626665177836,1.959585422616335,2.8997294450954465,2.1244337358307988,2.603920555776921,2.2589171288877354,2.0786757681178076,2.241514415919076,2.2823821863046954,2.5083637372172967,4.684160008262732,1.9058517267477098,2.686666348082383,1.7903013804621573,2.881408008583112,2.095538174111468,3.7199453603587607,2.0874430774703643,1.965227841518265,3.3745869144788756,1.994593884491835,2.451135718456157,2.4228134290288312,3.227321033002388,2.5532975374563893,2.5410714889789134,2.204761540449539,2.4812989534647882,2.311960208600751,3.1013593554376806,3.017693275411697
S40_left_hand,2.042102578290154,1.849898647993411,1.4503256959596158,1.3222106693363673,1.9129346936334855,1.8351799149065438,2.1403859767986746,1.4464749584755354,1.9013150542242678,1.941589221811217,1.88537213384101,1.842863459791735,2.050364624893143,1.9477415489229313,1.7057986510590992,2.811847641505625,1.7329984447075146,1.352220764413685,1.4694793600506688,1.630347395780686,1.6529362895804063,1.4248102386172707,1.4954204538114815,1.8896294466633183,2.7091450765326375,3.539557797542121,1.5555709359108016,1.6999957273080422,1.3159064168546502,1.4682452252974787,1.4127697817408449,1.882185745125824,1.5196547422691307,1.6678080121569967,1.6766761149109615,1.401697960354482,1.574802126147227,2.24055283049036,1.910421308640963,1.7585575780031926,2.2724583500125686,1.3831755072321048,2.021626643218426,1.7920980738248478,1.9195306639004106,2.017686383022916,1.9557579264358536,1.759370879708639,1.291910070484692,1.7382182494606102,1.5461900391507952,1.988422576359356,2.1772283291591252,1.8252589707884133,1.441195615843481,1.7363645290170382,1.864214045452541,1.4686325183565867,1.5280367969606252,1.627440403852551,2.071751413779751,1.5721650437876207,1.8992531633911773,1.904871335289172,1.6412372537627116,2.3663829075762233,1.6744624904562677,1.5665632330958583,1.321816535209107,1.41625213431168,1.538382391552287,1.6999418412935632,2.0555767569047187,1.7197963889886938,2.2632689118274625,1.6941889581115817,1.5504569108371058,1.3916641163193393,1.7024932459856819,1.6726527427219005,1.5328072335517149,1.462154727799896,1.4878121319428719,1.6088390540093027,1.8905667011155542,1.4659195007769197,1.4747926821071544,2.0243954117322063,1.8080178762476449,1.5062490735405953,1.8577360516237196,1.6877919893245472,1.7870230107878422,2.3320000747225644,1.7922474753245388,1.5826416200676898,1.7661511331613802,1.5081136775430384,2.12752375647027,1.710880526478967,1.3933366744665023,1.9914229464004771,1.5092890806312729,2.206406751449321,1.4680797829196135,2.433544460582903,2.3207150719211542,1.6289826696185374
S40_right_hand,1.9720819075744727,1.8583182390622541,2.3693364589883634,1.8178844969289267,3.0695912081136707,3.011464259731778,2.2778338461017347,1.8172844690168255,3.0511913892573634,2.862542065668448,3.2614502426267764,3.3969432352210847,3.3059570184763993,3.1953894476498093,2.7106594642801785,5.113519222615745,2.8550560777758025,1.5468678267963392,2.0816931374242933,2.08052713302596,2.5432004347094312,2.2763679994528183,2.0840800005750086,3.0088109611728955,4.060915029050954,5.2404957659300715,1.9864701562395637,1.7054308943123888,2.1094115647270035,2.0864829196912065,1.789242963193402,2.6096941088333327,1.5354706673224985,1.6350854352015012,1.9970724090506344,1.8221460071567683,2.4044503885261324,2.3110987935841836,2.4510106622879295,1.7161534738239017,3.7851438908721384,1.5509372778937678,3.4013747167969592,2.2072215694153408,2.8590400666523563,3.1065242107532134,2.0187259511350835,2.427047479682866,2.278780314827117,2.7977664721725315,1.6330193634573895,2.2142514684145853,2.895685908282389,2.809646104354766,2.5785136604654664,2.923914989277412,3.2603373789910757,2.1139779675498533,2.2477580835901296,2.420299445146131,3.275502003626528,1.564750315266665,2.5323641944938053,2.6887868159717527,3.1184633603884153,4.061207557735553,2.558079998652407,2.22028788400952,1.581647789639458,1.7777329879700465,2.122140201225324,1.9768105282704342,2.7670157846421657,2.515587357062826,2.728289764019022,2.336983018013305,2.1853524264018427,1.8206749478303896,2.7386474108078636,1.8791864211229645,2.306267369294005,1.9659847080499357,2.036399872745046,2.2511578525170357,2.952045188643858,2.5322423024600664,1.9817979865701747,1.41775914518737,2.824998710124038,1.7562666986129796,2.9934371081272526,3.1884949133349836,2.35174133440108,2.2560523531422763,2.626456167557217,2.2479217033511807,2.03862822890431,2.559011398937042,3.0743102045983255,2.5182759307533207,2.074681157757888,2.19908026261831,1.9810903204931964,3.761552788042394,2.397686581502369,3.3449544377506695,2.1477849442059713,1.5122562403927975
S41_left_hand,2.2134052324471023,2.3848190433218406,1.42767452869611,1.6423346923267836,1.729246374081354,1.9289289570308465,2.2181081217760417,1.8380068322638121,2.0522216588817406,2.22248345251027,2.085965253185158,2.2552224435323818,1.9704181039395554,2.0285212828577643,2.1079188440149994,2.7987627749778454,1.8095301046583807,1.9227486989105915,1.6776744992176706,2.175300354753024,1.6360038341535472,1.3730587656514888,1.7696819332770177,1.9957883557818397,2.5569371019614016,3.346860555555308,1.6665809683699417,1.8765017642517257,1.8021153704408555,1.9139267883336262,1.8284011046893074,2.1826740838480934,1.7554003001238678,1.9170529149959146,2.0545136251453093,1.5563898184873564,1.8262276394478527,2.2764127013897415,2.10720708525077,2.167325303501136,2.1506801363387162,1.8893623930610475,1.8827107089464672,1.989824935437095,2.086194677263389,2.3636306663086373,2.0197278089827337,1.824191600977896,1.5802782940934288,1.7982491212019998,1.591965635744041,1.8506340766023943,2.2527784455314626,2.02405641073413,1.9252450340732845,2.144788880439995,1.8172418025889212,1.6265503810356485,1.7864527547936855,1.5710942207112317,1.6730868878657037,1.9571952967643425,2.1060901149549984,2.139998596181419,1.802052771601705,2.1414483804458797,1.6706391069796946,1.7946013440582171,1.630884116151054,1.6151570415299359,1.7348959586908828,1.833390708853055,2.386985255882109,2.1981062540207876,2.2939906952952316,1.6017588422030427,1.8381436423464108,1.9155699025398523,1.8097133128173875,1.9869979564531421,1.744943270640192,1.7478835229310643,1.454012501509348,1.6474605133823912,1.8137125208738583,1.7508621212292907,1.7989045493161826,2.665738330764978,1.6481161707507626,1.8917163042455167,1.8002312203941009,2.0546755069885156,1.8848267350293813,2.6121200956034953,1.8869008900187718,1.4782542683433437,1.9725704592382902,1.5642819322725872,2.1150735288089484,1.9139047285502582,1.9776188976612852,2.2493494823155125,1.9148103626433948,2.0934144986106444,1.7713049157788057,2.5046616039554324,2.301495694474787,2.0434754758571785
S41_right_hand,2.4585282442726495,2.465530742643983,1.526391099054978,1.3441248352728952,1.7682390198125335,1.6989760130770157,1.9598054145992743,1.8426102559350075,1.7880053120756279,2.0814748150207976,1.7205354829119868,1.773227753643343,1.7846414981875685,2.148489755476124,1.9363449834337687,2.227665635310843,1.7850830984858397,1.9611393064049816,1.4658136952054515,2.068169439447405,1.7169341970425576,1.6020906492876155,1.500776074644023,1.7390800215556494,2.365405885880327,3.0238218025703896,1.622672148731922,1.7060305303894658,1.8278604388687967,1.8115702670291447,1.742374591944659,2.2428891690830994,2.1235468105968147,1.884516876030764,2.133691550524477,1.6580715324248392,1.5877347066753291,2.2492917127499252,1.9774284701675662,2.27909801734526,2.066985235182526,1.9919696027069036,1.6104072005589685,1.758038212219034,1.999562242264696,1.8954744880504268,1.9512044196149383,1.769911090088291,1.4594401132521844,1.4068645242808642,1.631100463520751,1.8882591322031712,1.888185756602609,1.7524619398669952,1.709694556265805,1.8821950281248594,1.4843685899367949,1.6829404684729274,1.6764897563496444,1.5428098908350445,1.552404305824629,1.8248527573490179,1.7881216903152848,1.9413468371029878,1.9453327235683378,1.9723425891614628,1.7716434542095956,1.7938916331577435,1.7035470957295433,1.5561421829846172,1.5648292689931622,1.8697006506273919,2.338511564748683,2.051351100646767,2.3297615524274184,1.7988117561908645,1.7403129590951576,1.7169184436355747,1.5028205770610243,2.0340033422292207,1.6968504646982185,1.930132261920451,1.74237826914617,1.570836266010511,1.7167336824117068,1.5875399460445723,1.444785511266819,3.0160854174784433,1.7158553319341565,1.9753505272403558,1.699462004458761,1.7921726383133034,1.7838423119441211,2.9448025958757826,1.481207331103235,1.3814165143157355,2.2797372044693067,1.4359107507077242,1.9435085501909581,1.7911853296910671,2.010276869649961,1.9529089848033951,1.865329611660111,2.0614157820303913,1.5032107080187962,2.2378958311962167,2.6777555824135315,1.919753821918402
S42_left_hand,1.9022528888884769,2.272620172345336,1.7163640670022866,1.6495145010113346,1.9402363202061732,2.1405861596816687,2.199082043437736,1.9077643275479308,1.7372775161652625,1.684241283808936,1.897177995662719,1.444460324010515,1.6335313917078562,2.6203030122580033,2.0688237815018002,2.204676548080515,1.528245712721176,1.876362765934605,1.6111898138630063,1.5503772753861487,1.884174185208312,1.854992098857919,1.8582611714888146,1.5934857564752614,2.8324049282470085,2.860345215480862,1.902512987094722,2.051228797368438,1.6040644935104393,1.7763703707301572,1.6055495269986708,1.6907031671024053,2.3156361408368116,1.9322098623234476,2.2890360708872817,1.4944590067736643,1.3726056955329786,2.4076288004328235,1.8528274540420662,1.961784415266094,2.059311677367249,2.1670196325976843,1.765089146833892,1.3036710367188025,2.262365078988095,1.6582137587056216,1.7766163654363654,1.768691359926133,1.6692847547375296,1.6805244199385418,1.8162859790906425,2.123324219581126,1.4182121746811935,1.5565703399465227,1.629642597588023,1.5090665363697,1.9420539824290302,1.8103003729845732,1.5283476849322968,1.3235256402485687,1.5844898629735518,1.7931879826251427,1.6905829228614364,1.52379117135265,2.028009264551443,2.2380687866190625,1.8670341327925848,1.6582425164485142,1.7153527869787353,1.7498824827717931,1.5738625594054425,1.866425034983954,2.3784566259125,1.6781826890249991,2.146647604180397,1.7765708723978366,1.6277864890751654,1.7208915489853767,1.8941892764577175,2.0921930917288765,1.8384170765458725,1.9781050924467285,1.8482572621695004,1.8801596507700453,2.5227015658876835,1.8924004193828017,1.3486065131372378,2.9792302722955046,1.7974318721590334,1.9687064466952746,1.9870759199008896,1.6622799445254364,2.0042650094251693,2.3560875144975855,1.1763094143137156,1.693819332827505,1.798363345905348,1.5070396606795473,1.667376176506063,1.7348301136275364,1.996357225341143,1.7223980251475086,2.0146525716332935,1.9422496848734494,1.3525428653676674,2.56010170638858,2.584271576955815,2.00963002091189
S42_right_hand,1.9087306758897777,1.8240751699452606,1.4373010198283902,1.5960881097814559,2.1973788790284674,2.3624542396007335,1.6974469679102633,1.6993157305528725,2.109269041535295,2.276087830826512,2.2905949594818433,1.9400120258955553,2.303772808370297,2.6361929372204833,2.4689507627773177,2.7872431812936678,1.8579151514847014,1.802763455087657,1.591120378744503,1.809666999548969,2.0520455881516972,1.5819463556675042,1.627195998945193,1.6708891515647104,3.172834578276759,3.78060324488745,1.3990454405823523,1.7622475620846072,1.7907651113479157,2.0090569518455417,1.8955438466169623,2.2089286635900343,1.5704332310209241,1.4217479227026437,2.1131199773362765,1.5463797384829467,1.6914997854684475,1.7868568650998147,2.2802016417813,1.6742177431624943,2.398979378538958,1.9636171093170174,1.8052618682010124,1.7042582938364812,2.3610134075166647,2.1555304395468062,1.8654103403155353,1.3147764988240471,1.6806916521249096,1.6345417921239191,1.3629701994927443,1.9473443579781111,1.9388611983167985,1.8173044045592885,1.7306180324838216,2.138911477778461,1.8217084283350249,1.8149262464736826,1.850335508898015,1.4432935561381308,2.039749230654124,1.6963116711472939,1.875256684476406,2.0831022787054265,2.4311530766865697,2.174528561538637,1.821018981863634,1.8671445312360526,1.630022619114651,1.5267500733465078,1.5530703262876426,1.7979352731832177,2.306455987538886,1.9914103123267715,2.5918991003381033,1.831550039470738,1.600249116435169,1.6391318846926488,1.810723646363702,1.8077867327003811,1.6334453371738582,1.8661918417420338,1.8110043803214038,1.7447360052489176,2.1644251030795183,1.887536193983396,1.4985073028244333,2.536360786631788,1.8740520415947621,1.7153866900592494,1.9053912342129782,2.171375742075702,1.6718617034756798,2.7760956546173357,1.6917412102253686,1.5763939699405496,2.0725639680287653,1.374781439131719,2.1864570222785704,2.000206715480723,2.0095793434108096,1.5466637838154855,1.9784483144126224,2.8001424050312638,1.4739018680382752,1.9470570344206326,2.5940901097970794,1.6258217159772193
S43_left_hand,3.243470865857502,3.3184636275574975,1.99004576215007,1.7915156377425783,2.138188788884381,2.0091797518250334,2.4888259882335895,2.4052142144126814,2.032433637898611,2.7398474443839858,1.8079300913124792,1.9412572507214485,2.4789025396730002,2.0134402075206146,2.2383338122966467,2.248768127029544,2.1776118358444845,2.4926701730347607,2.2555258768867854,3.075672476090671,2.212840985077137,1.7071858464873784,2.0817553062383984,2.194266559226834,2.6849805307507952,3.4820427350538212,2.1629039641382857,2.630584994451679,2.4883151433005883,1.9788352424903524,2.1542321176145456,3.0443348898437743,2.6007249971586233,2.546334039302114,2.8166733367346657,1.964777238177882,2.359792869291995,2.72227018177831,2.695793148281294,3.3612780279326406,2.215951203516854,2.4693059542478184,2.149294427671541,2.6166986579271594,2.4435574260257664,2.484300489913056,3.0262236526841924,2.1316969797851892,1.6509648109748913,1.6661984758019512,2.2947380127935135,2.37136600005215,2.7155561569508304,2.5826359119439424,2.1266839078165294,2.667852898016321,1.7197303060176834,1.950309664739987,2.1820556515329534,2.145573407873306,1.9695487758632904,2.647585364328206,2.4403004537177333,2.5759212031114735,2.28328537556031,1.9713408691098628,2.2193779480713953,2.3255045717576133,2.0109778595825887,2.110718270543108,2.389669646309796,2.358917321568619,2.8939512702581034,2.653543754911082,3.1674068370490085,2.2710301542768354,2.542458081864429,2.291456607855503,1.8814464114301013,2.6586833010884092,1.858718688669159,2.310345200722181,2.0816882515054567,1.7037633418947413,1.7719137742217228,1.8198318822886508,1.966054242448155,3.692041103569087,2.064146140588363,2.365805034669591,1.8189002529065388,2.1543742896320217,2.293556179320001,3.988278861365099,2.2407843118526047,2.0924100657659883,3.1386579124069742,1.7795506729253217,2.384516068536701,2.163448995004925,2.4150914823476652,2.958390511455837,2.509195952369513,2.4471504064356147,2.0575477820441708,2.4718421866258566,3.475880610324282,2.7417232023977602
S43_right_hand,3.35457482534041,3.057509643483458,2.4619596089631166,2.3881918089241743,2.728969767035426,2.9178965705494138,2.5000079215793707,3.027763437961209,2.2440875502629716,2.683062463100444,2.2626380607082237,1.5591323637304084,2.268189824550045,3.164621128716982,2.6265471388189834,1.514119373568946,2.2271410446391915,2.8265269879548125,2.0551093458413154,2.978467756760515,3.0266334646480866,2.420917073877918,2.661098297162356,1.7791803910899584,3.759767243342692,3.6889882664031566,2.3320622988172843,3.389330657195854,3.0594611228192914,2.7860720295362245,2.663525425137467,3.1341940094179566,3.2061160144231566,2.9244287609919306,3.7169081925644942,2.5577361064080897,2.3264619240115483,2.717489834510531,3.1830832801874447,3.1553084019814053,2.6903778351289436,3.1127531630560386,1.9913888804242972,2.797967162702321,3.4007186965392555,2.0607086955504648,2.968336180998659,2.2636182825157767,2.1558000185090767,1.553745093583339,2.3904030568805177,3.0723506874226323,2.3306211289791254,2.233219102482399,1.960803604997421,1.9469167651676207,1.801931880960167,2.4242060827650542,2.661350511326628,2.051221918397872,2.0592189323130747,2.8415242537291405,2.8804388399434404,2.3977607453704493,3.182598990346703,2.086720127655001,2.6142069569035478,2.5544537015538356,2.4400949809518404,2.8757535472734466,2.6076252075117665,2.5192438945759377,3.18450345327826,2.8833036947121227,3.8360870028751473,2.8101432030762146,2.2964592370143317,2.5235796238048223,2.3648637102992414,2.951063184596811,2.25631495750311,3.123214126403731,2.9426039882334534,2.4080946297066177,2.6760434317144064,2.375112560234141,2.0932737787733515,4.601909824380783,2.557901065441118,2.614427673759644,2.7138106824247252,2.08825894863382,2.1467413232663293,4.4657694216635955,1.9790639297572967,2.3893946815940996,3.4798409625421414,1.7688230909817313,2.4030157024660967,2.569863626531361,3.1145463791103865,2.5891480136229097,3.059465867034401,2.850632980771471,1.900387184464845,2.889382443035688,4.389694517016336,2.9297388888033513
S44_left_hand,2.7669200558595692,3.3008282732783445,2.5852586232808106,2.181349111336074,2.6158255022421564,2.7737062121005516,3.582275731941397,2.4616695747776762,2.6371943930200263,2.3375519644109355,2.6636901768418024,2.458320242918904,2.0715483726735995,3.217080413434651,1.9465465704341178,3.5419442223106943,2.3915323450224863,2.321207412490385,2.1755075949896754,1.7493259600214817,2.2480745970561147,2.8083203793511267,2.2518941142049442,2.6428333307262037,3.5920387344885576,3.204066211923099,3.107167242332392,2.74377104424613,2.0339515123594487,2.000829515609555,1.9296574781944071,2.127474208499654,3.1183364661376967,3.141392296208455,2.4455649038114,2.1421978017842878,2.378638025730092,4.040840508132872,2.677846581307558,2.8186902865136814,2.822312835753497,2.526792687068421,3.112193753011657,1.8088072606047885,2.599519939695522,2.5934283477062863,2.445234596984996,3.2278097563974377,2.149277085598594,2.912252107523316,2.497539671443679,3.487256335566138,2.539900884817926,2.0989701149422206,1.8761599177641326,1.973873293898525,2.6231290784091614,2.7363921758743555,2.1454432082212893,2.380098764258648,2.5683554285134744,2.785945662680614,2.6776347424339804,2.775379092598486,2.4575413659575327,3.615216715476122,2.892890497824069,2.559306495124337,2.346863711838809,2.722261889805763,2.098431835860969,2.575199125222838,2.2963829132393965,1.7282125710219445,2.3137184318683057,2.5872857123063375,2.318496117981616,1.8790447579573866,3.087550894185681,2.7706170436930924,2.8109001091018864,2.569980527097567,2.4862322925318776,2.688715222132349,3.4293956200392866,2.57587735444188,2.1329459421675643,3.2158037038475697,2.676381369438375,2.8950250040127647,3.1373529149460007,2.0900358369052605,3.4023711427596326,1.9164202473772658,2.1108615447123102,2.3965561019435713,2.1836064574744563,2.815825319791632,2.2540575434891665,2.4569642001975938,2.3233875502429333,2.8102584953669854,2.6310218009519732,2.953980364008938,2.3777640999601175,4.463890177601563,3.3434516290864575,3.248136880747481
S44_right_hand,2.5184479978852785,2.9884163463824316,1.9174166053240689,1.5613546507073137,1.9649199313787262,1.8483759402211737,2.5440222406966244,2.006735285877135,1.9680278701335496,2.1605350807204355,1.8796104692992341,1.9308616873520705,1.8118433706542252,2.522123445355626,2.0206641888865624,2.540902449371016,1.6862885909691565,1.9928986029270868,1.7500538656169216,1.9783541470836021,1.7749524357084403,1.8484530089778382,1.6892756275962608,2.0871472629706656,2.6352694857993972,2.8512719886808546,2.2341632417328836,2.3273362165153393,1.913283434471219,1.9674114879744802,1.8754786724954728,2.12674440764539,2.5718059810996583,2.30119302063989,2.2513771178522277,1.6793464621373766,1.8597762373639435,2.87032762007428,1.941638635732759,2.5377666698952526,1.9530997532438021,2.3213058611185406,1.8538751826226278,1.6900558518784212,2.0440401059000104,2.2247449550574827,2.141815875960481,2.2573894124651597,1.737042974258538,1.766432243144332,2.2323765671646028,2.3424092949442943,2.111946848426151,1.960898422497174,1.8080712289932834,1.9626606769060704,1.9014950654527316,2.0577867215412327,1.7904049544826608,1.8633901083577362,1.8363232059781536,2.3003086727275472,2.217194710119173,1.9275899844570168,1.9473804278805273,2.4309729109238054,2.0135385570729243,2.162902807691022,1.8717948827543638,1.9879902042684054,1.8370530858064318,2.194474559673976,2.1844657222703954,1.9464370042181527,2.3118183846005245,2.149330814319235,1.8906108630834515,1.8484166754241018,1.8411329871854774,2.513701811327047,2.1636289638329607,1.930071692091736,1.8944226759908012,1.89886302548418,2.3989492184374845,1.7394317850966323,1.6810332516468356,3.3380605968290515,1.893130722626175,2.327574425966853,1.9695768839598224,1.93239053446388,2.2544457904913764,2.541883083470241,1.4793780351250119,1.7540821173387493,2.259245210988219,1.9213078008305426,2.123269056924627,1.9840548865834182,2.194783988205924,2.3100356641382205,1.889251658629036,2.111909658253417,1.8458784390127412,2.7156505413120504,2.6874605995385714,2.6431791618958482
S45_left_hand,1.7499118086595842,2.2618706662555517,1.34944461290101,1.3561177222860619,1.8417434369343935,2.1497929239150837,1.858297860515357,1.653309288607959,2.0402388440573134,2.2017287497931237,2.2139688421532693,2.3293793832829177,2.2229171693650973,1.9926253350191088,2.5692563815598874,3.4899430970919636,1.8451802315192287,1.7582239163752966,1.8076519717967496,2.1661717087849666,1.5583924880517657,1.265323461531033,1.618477583289785,2.1524230812169263,2.3594473345038436,3.6674171672103437,1.3435502538853854,1.4376036036829491,1.6418789124594229,2.026355254861356,1.7791516570015098,2.0367497708595286,1.4015801697327246,1.3984741654507438,1.8545600206309905,1.502385054515639,1.5584195552927649,1.9405555243770873,1.6189311898205094,1.91697115545385,2.085739679136444,1.6972902065457813,1.9206838128715364,1.7466461472480035,1.8853035372794609,2.458659818626496,1.588772943548729,1.4496724764501032,1.720350154167128,1.8027481994068963,1.682370492984567,1.4012762176512865,2.106666531571432,2.1616760065449334,2.1657960567377454,2.4614547850783777,2.008424004696037,1.6393392364214718,1.685860231735904,1.6140095465336504,1.6874651121305753,1.474153148885625,1.6172629395505924,1.8355956925910708,2.026488383763008,2.253418365897484,1.473671745162136,1.6429480998636303,1.3382931267624376,1.307382103058839,1.6793113959701471,1.5329956563186515,2.609346823524336,2.3152408807907245,2.195486944944378,1.5987836375355453,1.8654558717848397,2.075656828510951,1.6292245114242738,1.7750852841656437,1.5577756014613673,1.8088749662504033,1.3811120466930644,1.4074365985116446,1.6406681377528145,1.8009248992614812,1.4439237872575128,2.288131017883408,1.6449953755209359,1.7418814670132252,1.5725011832274083,2.3564605205848115,1.682259989922632,2.574552611832246,1.787344168098266,1.4480561897651059,1.8711853597813446,1.5023974001328313,2.2752436527138444,1.8607107136928074,1.7074173662043775,1.6745344731658502,1.472819505509015,2.303157130004001,1.6481517095127205,1.840914690297413,1.7418496115026747,1.6467299521239709
S45_right_hand,1.7202830246432301,1.9381052471919218,1.7429119663374109,1.5354137933988146,2.1556483651069493,2.2958924259728564,1.8156415587849857,1.6712218340629115,2.136321667193452,2.222169388801957,2.520594813934911,2.432495491487197,2.3629878133815216,2.3225701947504946,2.5183017935789707,3.478372507850989,2.049096407876225,1.68273849310015,1.818401580957727,2.2238459817235583,1.9292858517664226,1.670220116156548,1.562751973828139,2.021291451649928,2.7980240934282197,4.1104337886172475,1.295113925674244,1.5966190488983867,1.7365073824285129,2.136506056412379,1.6509776345960954,1.8255061226884846,1.4766537881106805,1.5069357376315082,1.994777319155648,1.5266661973541211,1.6409162244403523,1.8176763398785218,1.826515894625895,1.647182899914002,2.4949120755283785,1.7245849809584994,1.9321685470586518,1.7634982087851077,2.351874407749248,2.2589691587724587,1.5960506469524298,1.622818798499991,1.8375382826260163,1.8134320242999202,1.456800963275518,1.4759068141424196,1.9575938148648926,2.0437924803474017,2.1233076980220176,2.216397771296328,2.1785320907424084,1.5475435402097415,1.941341483135696,1.6620758147816272,1.9864337227853486,1.323819647024723,1.703798163095588,1.9900767853935772,2.3265341953805376,2.2648689976752916,1.678459732044166,1.6295162966266006,1.4519864219738556,1.5552481231655217,1.700716302524319,1.6825474611545075,2.6591088335274646,2.447574769775906,2.4229703735665074,1.6324835160522027,1.478840002804327,1.8029640609549933,1.8513459248640984,1.6247438742776068,1.6851468378882963,1.9503070935838038,1.6677989344912973,1.509333442336199,2.0704957719465114,1.901644377736579,1.5467880189495413,2.383772422562699,1.9527846848735737,1.408931252278173,1.9278839292535535,2.5277356067446877,1.4239209804687412,2.25364858087541,1.6886590903580163,1.4802067693821865,2.0033654807180685,1.5325616646199656,2.1014247088041156,2.0842080707090345,2.0202178503117585,1.6080593389373075,1.8088338189385236,2.4010616649484566,1.6332044989358587,2.203290742087733,1.8931360149254814,1.3820522178348769
S46_left_hand,3.333888640656905,3.0065716476403916,2.4081738639942,1.9219739620002505,2.5785174770770585,2.5350460549621063,3.0758610493303045,2.437989095656296,2.3340971247081526,2.2709187138444125,1.9225236982606568,1.505890620274943,2.297858364203995,3.045066110125438,1.6346299457025943,2.0262891426803105,2.162372828489174,2.2750506288298538,2.0123605492861514,1.998469717978927,2.707053005182793,2.4214747563506647,2.1784367450996536,2.4217307214166035,3.7049462491263965,3.341952648557076,2.4367171232383997,3.1204429027942595,2.0466335955417883,1.9591881988361945,1.8719161043218198,2.7212230412861853,2.9123043572254397,2.8950809588436344,2.8781702680547445,2.2226613699085704,2.243727291464463,3.295776810037348,2.899258051232682,2.8837931805753674,2.632799450631329,2.1515460892643707,2.449736626926291,2.2595596217579756,2.833856489888117,1.8957247813142613,2.616316596263021,2.663061357145847,1.6857642861057869,2.0720440787085717,2.363895407973709,3.43317368214689,2.5321008140978023,2.0861960784430864,1.5589724589875327,1.5469627111965516,1.8567642510506215,2.4157629725338676,2.0537748518786954,2.3664988970962364,2.54710539097225,2.6886311720763034,2.8274214705163487,2.345853530940487,2.5801000567058248,3.0605975365788125,2.8799345284923428,2.4798052143771305,2.0744970257221347,2.712863405420329,2.411065266076388,2.598342078481711,2.2704677879830006,1.9763162729522177,2.8767469836900066,2.512467056056544,1.9225702611904363,1.9319784850307478,2.5005727791868306,2.5920851245450414,2.319712414139852,2.5510420666204756,2.6871123268133448,2.449710601775215,2.7722305244827403,2.0958915295610523,1.7349545660720262,3.5109896341521876,2.495162044123414,2.4610694081511486,2.498501505024774,1.6792244453167027,2.817743297990892,3.2945049527307666,1.7728355196002548,2.2128344629982113,2.7563725187059327,2.1990536463655777,2.241827031506397,2.2734715045758573,2.2572682422174437,2.7292001988269967,2.5398456288442905,2.809982551558834,1.8277102028476517,3.604785967888454,3.9084983209421966,2.9602988969436472
S46_right_hand,3.0606435845242723,3.1819952289450177,2.592286336330776,2.179061432240345,2.888581883546001,2.8501684736013604,3.325123211721439,2.7006774913317004,2.3563198834036445,1.9269185889143299,2.2453782880689963,1.5699317175360867,1.8687746434998722,3.348232764293627,2.02344088144691,1.9344383980935915,2.147780954530327,2.542744237605192,2.0059726880655884,1.6515387664989472,2.7670627184610135,2.779374781311038,2.47287765346519,2.1734358064929618,3.6547630774672992,2.724620099267675,2.9694912200388917,3.281653054753441,2.189201293342827,2.2110256750617507,2.20909909024148,2.442102147594005,3.492773850986359,3.178316079769458,3.197756251578012,2.2682365526052273,2.1968320651970203,3.598486033334348,2.7019771126341494,2.9093620352513305,2.3325952757628836,2.7460203256490203,2.239098040786297,2.077008415047133,2.869170480540425,2.152446104730907,2.549378417655535,2.6979565875120004,2.0333055913673475,2.0678694680797816,2.6432334207415717,3.6253849169511145,2.1670026432093357,1.9707112969603857,1.499555901783678,1.5584973463624583,2.1334909889555713,2.666483543303497,2.3159661733448385,2.080801669074269,2.3082176904140725,2.963608273165561,2.8777708467945726,2.274382122349457,2.655930055272317,2.907053417260692,2.9607156373972763,2.640705191229862,2.5764107725210668,2.760577828189593,2.1317860478959028,2.810051018654283,2.400914874406654,1.7486731740431845,2.7275108511877892,2.7751395362209457,2.175775980543371,2.1574446961996907,2.6244365500806555,3.088125869486411,2.4626355462034537,2.7380283738786586,2.9496580985514185,2.7705739638217666,3.314419655487675,2.2675912045661555,1.875246577626349,4.368410988834424,2.562062498494802,3.0640245650268576,2.840730675228486,1.6323158798612425,3.0034514601502336,3.240191439303534,1.5100035433887027,2.5625777676642034,2.514223266818137,2.3723975764263012,2.1395949017732314,2.2474369870191957,2.7224135824667126,2.7195377631345026,2.7524924895138496,2.9056477690244913,1.978577002642854,3.633024764629612,4.2037203721051934,3.3601591331877048
S47_left_hand,2.971015219838437,3.9207383985223823,2.0223405818755604,2.0087421311703917,1.4936426012238664,1.642143496933435,3.0368971426049485,2.231312826163041,1.8496814828212966,2.2208395417536035,1.5880532954645494,1.7366306456285772,1.4066176178839283,2.0423594878750753,2.0025239878344174,2.1976361815253247,1.6415792354397833,2.444477661426525,2.2152408854764865,2.2269011901793854,1.6311638763416907,1.9143503818584655,1.6809186787430535,1.9382200834110344,2.0010084020706285,1.8399092676794395,2.330243820990573,2.5332996087470363,1.8175662192091253,2.0717883971460096,2.0703587354449295,2.1843477717345334,2.950045932179042,2.8574867633080765,2.473270128876466,1.98777102335933,1.864130982883984,3.4229174881649693,1.8849914978499533,3.1293319112814437,1.3629665694185387,2.7559974491158217,1.7506319691734324,1.7756015803617915,1.925975867692507,2.336147535229778,2.2703058849859277,2.458189160542883,1.6557028692546294,2.108750035732835,2.5895999582884732,2.5156145610947718,1.9510866083760554,1.807544682149541,1.9661456605175722,1.8302017146071479,1.4750659989260668,2.1934003258424526,1.624508943116517,1.7859075360593173,1.411351449136796,2.7783694696699333,1.9943978667572775,2.1549200431442994,1.865627938030238,1.9414102678272294,1.8279955659370004,2.0384999855294668,2.07140439439604,2.1348276396437553,1.8736278735466454,2.2056971196824158,2.2993434644402044,1.9555629440124305,2.1250317111877077,1.9794796590713366,2.0500447179812236,2.161530090731124,1.9251598424459315,2.8683911974522163,2.242144419312961,2.247724591695858,1.9116187416793822,1.8614144043122607,2.195995944984208,1.9624405269971061,1.9342802888718091,4.242081463124147,1.652015730924579,2.81570820104395,1.5675482868570816,1.6141556824570775,2.529926099513445,2.72668415683556,1.3785617910287782,1.6715316842987564,2.281867554156872,2.0329431649400425,1.6991962901409388,2.0268298297610987,2.175888825635025,2.564531269677087,2.0828660319698957,1.4651327659728728,1.6123928518478998,2.965577076816785,2.997823473849298,3.286577639210557
S47_right_hand,4.444824638532351,4.9278314755881505,2.7132611162181868,2.6979509941763364,2.280626459869499,2.184946336669884,4.080595053509661,3.076550322070486,2.5134448200806556,2.8824303994259655,1.914597849748793,2.061790633984481,1.876398826854897,2.413804507478804,2.244270068653367,2.2346660417273276,2.4858830745963063,3.3826201101526596,2.6540979603021477,2.948770454852417,2.206321716461853,2.6108269803500033,2.5292348887543423,2.7680583561822374,2.389304457435859,2.0517218738747367,3.5543911381262987,3.5981061958125915,2.737509125998553,2.6288002605758822,2.957863507006943,3.271931108757907,3.9690436000943405,3.8364290391735048,3.350722406617777,2.6823521728703,2.7610874749274115,4.489419511112296,2.822954202525259,4.48550316459396,1.4732849655702251,3.752946785596851,2.3414205859895403,2.7277782553987926,2.5457426718388794,2.985532194890639,3.3993048091520532,3.208333905978101,2.1908131476805375,2.697101270153314,3.4758397607979203,3.4253860340729183,2.9372776399797145,2.4493785022706684,2.4879518194054873,2.52638257045051,1.810325825993369,2.9003128521947987,2.5162641994559194,2.5397261165170146,2.2005937212534166,3.794192952266364,3.392344191148137,3.1319196729932326,2.4238341875440255,2.4000428716204096,2.7764983117773006,3.109267301839441,2.89477831188881,3.046679208591995,2.535663205880311,2.9424135137411254,2.6632964749362205,2.6553320014286523,2.8986269072843545,2.8755584120801916,3.2134172435977817,2.8581813545265526,2.4120596862199557,4.162316686081976,2.8708380937187057,2.8969423311428937,2.8812362159460942,2.61860166549432,2.774579240037008,2.6794221137931484,2.845005187218418,5.488226175876115,2.4427865738601686,3.9027190317850686,1.9874180289245125,1.9132139668286636,3.7154109042268075,3.845245394204811,2.1804391339918547,2.611140838677801,3.3089144164395723,2.832630833314589,2.5497429651811903,2.6433523453993644,2.9269232790688005,4.068475845559223,2.704693896523885,2.3758093335254524,2.516107371362017,3.6333963252554495,4.25471718328592,4.4693960440167455
S48_left_hand,2.420490421091996,2.7356548147200748,1.5258594870232074,1.5207095118875111,1.7888407465948453,1.778319183392339,2.0852266194233997,1.8074209507138443,1.9707416477996098,2.3131419380159755,1.8150715600066283,1.925656219960109,2.2140592172999933,1.6978938722586434,2.3601543073444784,2.6710198276925823,1.8364285917876872,2.113044828568791,1.967026017792867,2.4148135482980972,1.7507014361600848,1.3142526314921454,1.380750848340925,1.9888873094164958,2.246961626086579,3.4315209714182666,1.548641509145117,1.7720587717728982,1.9002488998217315,1.7997984601741805,1.9340425745863448,2.565393485074435,1.8134727886091446,1.7529556598905773,2.035212292860817,1.5571587365316009,1.8124312357692929,2.1396817478401946,2.0557947584085174,2.563544611997832,1.8437530017441957,1.8934161368915943,1.8337392837686646,2.1394987189371966,1.842133643943672,2.558548523161071,2.1790261203597314,1.435146939160326,1.4882689085992862,1.610111517691899,2.00703599482512,1.5011132041514215,2.3305345586763635,2.249882058114175,2.039085407590758,2.354012707855026,1.4323490930472316,1.4379786206679248,1.6148582808378644,1.8937269851243075,1.8214040558088203,2.1246080094148057,2.0580045729247196,2.146080769521003,2.105602241274237,1.766667599690347,1.7599676940752897,1.7950933407336143,1.4653893811292749,1.4899595643054786,1.871605605727309,1.888060763073749,2.609434673040061,2.4127633626425817,2.6441928264213193,1.8247591884721945,2.1186568219580684,2.0425505321126085,1.650048035396929,2.073244546694566,1.4889711640580416,1.681565867949886,1.4461550014081181,1.3027188312004436,1.2816741492177612,1.7462820427771077,1.6141786056822238,2.797768594993324,1.7396449699125909,1.6734762084850716,1.4452408737245228,2.185636091162724,1.871987784256842,3.247139878067543,1.7677159971276868,1.4514774884733017,2.4039282846425345,1.4397094196781466,2.2830802130437755,1.95243478774593,1.6555751063990574,2.297318122551169,1.6331819871739752,2.373093294322244,1.6126858585443848,1.8787491082605199,2.297279740010898,1.9569654915467063
S48_right_hand,2.135740720706882,2.7846115183654216,1.2580515077146825,1.4772758892933893,1.3422678666145669,1.3593240963285846,2.485713040304309,1.4146532887263494,1.7475647097277913,1.6993217343643003,1.6017211819082118,1.8819621341941295,1.531531228629149,1.4578986522531114,1.5726040993620551,2.832291351711224,1.4698623934520367,1.6276278355361904,1.6089159902715846,1.6263207509581847,0.9695786655531904,1.2081169162967509,1.29508923777639,2.1128415110417946,1.7391640023547614,2.262122892260618,1.8421968595438376,1.5560457037083886,1.3422501535545994,1.1921381191412268,1.3990539894428524,1.7850345936061256,1.813456356901523,1.9247251481591718,1.4175534912144743,1.2844435892888093,1.6560994788641097,2.64625095109477,1.4215344220238177,2.189483244158059,1.3827308494196995,1.6405666524421494,1.884464923718237,1.592727427261131,1.2529547463031783,2.2967944056494574,1.797440226448309,1.8664822986852556,1.067017550752249,1.7733073534748351,1.8525663565383212,1.8028817358381528,2.1033352003142354,1.7083843157799503,1.5849251036483945,1.8781369734267621,1.4097827287961877,1.593582822759644,1.3271558419222977,1.5948986315282858,1.4114641639388474,1.810539665126596,1.7240951711948085,1.9123466146888797,1.2156061706008308,2.0144427276767667,1.4314364782380724,1.6866104514903633,1.3587911476031238,1.3473465144202899,1.4822972011750464,1.5449057219778943,1.77219725152255,1.5575814202803933,1.4957802575021513,1.5117444833570644,1.8166863738072463,1.6598966774901418,1.4497097874902307,2.0547435503647993,1.5936445115334446,1.3155984540714245,1.1347723771886566,1.2710208329142212,1.5355695433739112,1.4550307354902325,1.5167028246412797,2.350700064911844,1.2626748219878938,1.9376435916785586,1.2908767496833642,1.4799803621468437,2.028306840733602,1.9680424604436042,1.510329997960195,1.3895304023590085,1.6219290134985505,1.809172492206025,1.7772287441357033,1.5522375450423898,1.3802513698427274,2.196024456605519,1.3373634797877942,1.674161813070288,1.5829399365657773,2.327744025619096,2.036909925623231,2.2178705095705435
S49_left_hand,2.799144177485881,3.887199631213346,2.198341905867429,2.5277059794140655,2.113597049256588,2.4419691709495384,3.1194931862037443,2.712750706876968,2.586721267322989,2.4801426795266726,2.454838568975224,2.561120675081835,2.1506101995544133,2.792396920556028,3.441775081494276,3.23541722205187,2.221687927587905,3.032640284727427,3.07939042717678,2.901065911771709,1.9742272787491864,2.211152599738411,2.5395264863882154,2.3951019213746516,2.1361740987841853,2.712651826390828,2.668703902380421,2.6588322588332325,2.5650023853161223,2.846752050551856,2.7311730130901797,2.104573977762736,3.06790762169805,3.022111516700725,3.1567556577535454,2.330528725964821,2.0671020944552727,3.1626062723133037,2.0731836538731203,3.3812580602611586,2.0908116260276355,3.4704768273184174,1.9473760098881434,2.3202811580534557,2.4454266586955917,2.965546054079341,2.575420288418299,2.4360506722308166,2.4979077604545603,2.2522356508903405,2.940509265018386,2.3566854296398985,2.381302591592293,2.562061016694435,2.8025969872391805,2.8949998764568132,2.5924599667379242,2.3560738595149733,2.520112233156839,1.8269724966358891,1.7069397563747657,2.8134443439433023,2.3121115081024617,2.3796316151636434,2.4657189198703877,1.9715800176958544,1.861006605029865,2.515643942849294,2.863598172156479,2.4872063388451524,2.357281540115954,2.6284156022049014,3.8814700253180408,3.2408635821209186,2.6391518104286282,2.1769198843936044,2.734776926584372,3.2119883157917917,2.0863958861600223,3.4229866723245674,2.2804878350605438,2.7502776171727876,2.190813934805499,2.217457490089486,2.584324753429872,2.3137885882549636,2.3621286741020824,4.69419728508408,2.054250583397552,3.1024395410128784,1.970031044458968,2.8022465922785105,2.503076707631666,3.173417307725973,1.8918201165678283,2.0885530529218537,2.7081797669248053,2.1188127982398823,2.1886291101774833,2.401665552213033,2.982678802798941,2.6172428578752047,2.8213510035091867,2.1914382143135405,2.63690278221263,2.408594366280398,2.7576244107352883,3.3421790456398197
S49_right_hand,2.1967108140822407,3.247412409146193,1.563274903566771,1.8618505244654984,1.710430704509163,1.9401532876726633,2.3896883274221388,1.912980361791711,2.192159722813554,2.4877089726851507,2.032976519020909,2.600266198910236,2.19548944608409,2.1120297140277877,2.8171164261872983,3.5222070383073083,2.055895762511719,2.3595784651061837,2.4998657216603957,2.606335542110295,1.4335897902942767,1.4164914255307675,1.9682941025368104,2.1647645686158743,1.8626516066287493,2.8689863405639673,1.9092495796926798,1.8360737330327166,1.971416657068867,2.2005392786370015,2.379310303703736,1.9867561307104,1.906318902827483,2.066479314364864,2.125333253862732,1.9330053293116674,1.9317486665570536,2.443629324943009,1.7307399113134376,2.4320684944960473,1.7747096838069052,2.5638624912029178,1.848719054356721,2.042613234863849,1.8270344875645392,2.832893144843095,2.084237456868785,2.039989215025729,1.999344707578873,1.9436118540206921,2.233173922158702,1.635605026119506,2.2633579994887487,2.3401182522735944,2.5705315689063184,2.7327835136342173,2.111666609228904,1.8562040079042321,2.014179808411674,1.7020860364075356,1.7207811216558506,2.195734253524618,1.8346936529452105,2.3722150357810476,2.1309421614612742,1.8337905013022207,1.4137914419536106,1.9190615394423762,1.9499091193091116,1.6746032373384794,1.8086043469809283,1.9415911572800606,2.8858364503112997,2.7361558085112403,2.382732619561165,1.7146290582620474,2.262363228912827,2.425072664242708,1.7383865022951914,2.5155586031732278,1.8363112453336063,1.9767351075521562,1.5598548458530017,1.641574326511491,2.010698099853324,2.0567187529958835,2.0565353256478605,3.455503254122527,1.6037472294142838,2.334726388101609,1.6150668805798487,2.6541400915074655,1.899006866190964,2.6998063143870814,1.7493263462490785,1.7924317765769526,2.1947745806053627,2.004014749437578,2.4283927354372254,1.934740946711149,2.222563119538679,2.252231888936975,1.8515942933699676,2.130734127141406,2.042563260429499,1.990381546112706,2.169075649816405,2.3800179365215555
S50_left_hand,2.3416215666202813,2.3190726786910334,1.6582634785637227,1.555869741009782,2.198376789284693,2.1777833991271462,2.544991283440119,1.8507776018955675,1.9712637279838214,1.7299960131891075,1.9835767009208847,1.6140141925440739,1.785257053535168,2.4164890822818403,1.9113849924301582,2.4852365663475458,1.7710783888731996,1.7864749718589539,1.5945930833073632,1.6009177805509331,2.054842214380453,1.7728767308503908,1.6803258176999996,1.9385379995794019,2.931443639446995,2.9581960961624407,1.7927628699594527,1.857220491577508,1.6688111250118856,1.7111431134756523,1.449263963349511,1.9444233997492946,2.1975264402127475,1.9678087327889715,2.2361421116530957,1.5672180485958092,1.6216702685578583,2.426578205944798,1.8928724396291838,2.094203117106203,2.2907978512253697,1.773861717929071,1.8381108988416708,1.6842825072906105,2.195372597556288,1.9993834481252812,1.9881987247453754,1.9605385282493373,1.5710946331366618,1.7702883185048834,1.71246592045076,2.278784915509815,2.0512694299064185,1.7784664213877892,1.5861542539648252,1.6958465779998844,1.7531495457434862,2.004318807738307,1.7189406236651408,1.5769950398980868,1.9214642324111286,1.8004866629024776,2.0912801741065836,1.7584974899010666,2.117946808343854,2.45176106156158,1.9142908887796297,1.8568663196459072,1.7035698595130002,1.7645433722527928,1.7110454922782452,1.8265349682334517,2.217757485778039,1.7478457504719673,2.088924341344215,1.8595078751908671,1.6921770115687589,1.795995346004048,1.8317638220884276,2.0091916733600885,1.8085604888822786,2.013135519263589,2.076877081407479,1.9112955944268704,2.207400809486507,1.604148135195948,1.4519809589070478,2.7474865306638225,1.9696455966161595,1.9863912153003809,1.9309665980409982,1.698606441538256,2.0721916632550856,2.6364906035988875,1.5317597362639612,1.6115131062443637,1.83752221271597,1.738323301126013,1.9658566701504232,1.8583235948362427,2.013814529449778,2.053423538144808,1.9661490957739596,2.4031976390224257,1.5617876093303622,2.6017617922729785,2.727688819882948,2.3078393413889207
S50_right_hand,2.1419606811386127,2.5967418440156873,1.6203039297643351,1.6902803511069155,1.983534111070951,2.039526472276915,2.2034259389667605,1.6909009500138823,2.023185116203084,2.3819949689455218,2.128200704812779,2.3577056632965143,2.4387672933671154,1.9432095204446806,2.620859749582763,3.447316666227209,1.8691127858779781,2.0417923710080244,2.111192597001145,2.394826207276521,1.6649974808389065,1.594564206908485,1.6239755979310642,2.181891440839059,2.186963270983578,3.547048953512276,1.5381008117964374,1.808005411540539,1.6798748046571474,2.030020719156473,1.8767376886275828,1.9641342139947835,1.8575443436539292,1.781050249205257,1.964649563280992,1.7450367916891,1.7734628187891328,2.3902497872629227,1.64162806584058,2.2557337534046367,2.0430503954226213,2.1479332397928728,1.8055713348905689,1.800443311853308,1.779847390553993,2.6740117732578397,1.8751225393243267,1.6622937450440185,1.7088819016425485,1.7771863337176197,1.953146240447399,1.6868436675686906,2.2070954507641747,2.2342208560971635,2.1618526087464245,2.386063035060979,1.8868609487001202,1.6674468885392122,1.722084010638781,1.6717270398790505,1.7624103994150304,1.8496243449408396,1.6889463622226335,2.1267833414682977,2.158619735322941,2.1763108862432614,1.7146124001825904,1.6224343832435486,1.5851176324057827,1.51296876790155,1.7677931674658778,1.779270319117068,2.6725796280092933,2.407510218716467,2.3644962198083466,1.7234608885117155,1.9651869267074837,2.0536355702742815,1.8531666041904789,1.9823056968258714,1.6651309223412647,1.791329978374991,1.4810524410334263,1.4315405814762756,1.8341695841541092,1.9284452019544676,1.708960890517125,2.7606856894185556,1.6915062095176603,2.0346952359107737,1.6526235805289304,2.3669163819324863,1.729245245863044,2.4955252557571277,1.8197720668986137,1.5901227106582734,2.017304955225095,1.782627829365254,2.1093538707088295,1.8096886149299052,1.864851357538433,1.9364453269429016,1.7489991985566924,2.13103941141414,1.7336364660866341,1.9602789834103602,2.047541870230893,1.9633925343473049
S51_left_hand,1.7268224914394914,2.236575654354896,1.3607171542879934,1.4098017958010765,1.676976986890375,1.9527180544390252,1.7471068297169041,1.6215679220226376,1.7991265476907712,1.9119290414697434,1.996783986514032,1.9688696460448527,1.8173217834175974,2.0152265979253494,2.648344539693043,2.875191506438673,1.6433078811750736,1.7755486436414436,1.7286190134240196,1.9407148683141349,1.4642904843252404,1.3558316101391978,1.5350682460956957,1.7484060844228777,2.1633802075659014,3.3649735633660027,1.1763203807794085,1.4802831373897298,1.6302160293223942,1.8000070350857194,1.6894286943169938,1.7576970089901238,1.3868433646004938,1.4649943303387107,1.868009930581247,1.4584572129008424,1.3417373207382401,1.9374783237886914,1.7150260304240186,1.741416312641857,1.9796254991664965,1.788627107655702,1.3622943663978062,1.6788173802675275,1.8791245025848724,1.9864439106987466,1.5702052996036127,1.2761420521204017,1.5535238067522281,1.3552788853745434,1.6176362831180413,1.5884391674792295,1.8305293377846756,1.8834552060265193,1.841970070329002,2.045921300814966,1.8686715867441799,1.3218146951547887,1.6408581527408277,1.2709957647493484,1.4465009857868933,1.5014356095009178,1.4385052523297404,1.7379367413163684,1.9785329608322328,1.8556972117542065,1.3003130250198343,1.6914810910920672,1.4880013568913868,1.2571368583245897,1.495001668948957,1.5624782214270905,2.429922903710053,2.0987371035660174,2.142284824360206,1.5943587191365634,1.583030389375481,1.9076145122830503,1.480938425453489,1.7720312650940877,1.5318035804735237,1.7038221547922636,1.3471587748648997,1.340630570026061,1.6911421528454227,1.5050974316603696,1.4109649464789404,2.5573112798260587,1.3580833981409677,1.5273625219051585,1.4813460297846013,2.010558320826055,1.436818711528049,2.3637867133456725,1.4856099583323106,1.4391951242867917,1.7258828289793628,1.348331630207944,1.9275224523627212,1.8473553032870316,1.8350180432702583,1.3797588008406687,1.715621339202957,1.9557821929093029,1.4618705584443874,1.6737004801513213,1.7944370378107788,1.7478791250315608
S51_right_hand,2.5856342638830965,2.7975129937530125,2.018601966821392,1.8960694232070185,2.45398930800438,2.3652080921335394,2.897684598253398,1.5758819058127962,2.899995375285827,2.5844049033700713,2.5873136561096883,3.131063677352939,2.920326008950381,2.3546776931059994,2.1129327431123324,4.810449424472321,2.614571120064551,1.7492775554378106,2.255583619916066,2.0010244610428796,1.9016702884505592,1.9445324212416406,1.8104142549685833,3.260002563434096,3.116203563757181,4.060459480873427,2.409822935936946,1.7260040345949663,1.7014784717222087,1.6918235601743485,1.8566623433203784,2.7112245493396916,1.7047056381630838,2.1004701720055103,1.361337839276847,1.9033872486360917,2.533548196853462,3.175829853064643,2.1449557826422985,2.3648032463366917,2.8549962601649064,1.467816915459107,3.426507946840287,2.3491539288207184,2.1970289269381156,3.306510952475737,2.15535217782898,2.5763409940309985,1.7186662614226118,2.8904423633049774,2.2580419457801257,2.5073225877710184,3.383453809612365,2.8794271543527814,2.4647476086188185,2.861826989611746,2.67243265661047,2.0574425696148935,1.9515733080822777,2.7643327019445323,3.024388403222699,2.1087010319841295,2.6919861918087156,2.8208018758937055,2.1169202449133113,3.7759170242880313,2.33655845914473,2.209877886684374,1.4868276170252819,1.6801483529304058,2.2126102244324017,1.9765927799054028,2.1610552388312794,2.1628050640883614,2.299066913077682,2.465826617513988,2.3862948427479505,2.019531742322762,2.4768651975816236,2.2820065538696994,2.440182306761753,1.5977602316606943,1.7994281226874453,2.1071591704328263,2.187119136260955,2.258233226952397,2.275101389289575,1.4647423095172714,2.394780652150188,2.092674855537142,2.361125302510855,2.5514604729123507,2.792632288943553,2.206642434220515,2.691716453571031,2.3700414220277226,1.9643912883710812,2.7194241538451163,3.040606226479815,2.4405974336015497,1.4890306314849708,2.768920828096877,1.4367188567357583,3.0217639621694636,2.2853216143303756,3.571804778979198,2.071161680864656,2.292114743804344
S52_left_hand,2.393025382114319,2.7949041339952685,1.6782913053046145,1.6515830806838028,1.9528658961405985,1.9877490184945952,2.2698105039208034,1.8627063136023922,2.338258105988986,2.562497192419233,2.2913271933464165,2.4106383999470298,2.607357509338873,2.1659815096552792,2.445647807058658,3.0921672059522853,2.1969401152098245,2.1967834647059155,1.9135275955944018,2.7095759097397454,1.7524509426169774,1.449679718498404,1.7216979790323395,2.289727063281657,2.5296920320323215,3.637835413421636,1.8268409083372665,1.8418371024611098,2.2144963677761185,1.971767320084531,2.2340412058278387,2.770317525729846,1.723620350069115,1.934423380582315,2.02516447980412,1.862122988491858,2.01390331461842,2.3979163620053896,2.274118707532849,2.5344485201723885,2.281546391252717,1.7884341779759567,2.2006034706594684,2.4662881239888232,2.3705680328975265,2.9267972394712163,2.3795349009436153,1.8284017983957976,1.865372951602096,1.8985836711457065,2.1073560606584967,1.7505089780915197,2.7589744810991848,2.600071548623788,2.6339506647989426,2.8733748171984073,2.008058253951522,1.8012756721390781,2.0901580688972534,2.1435992219206916,2.109387081870627,2.3069530757648904,2.182388703719376,2.646768386758096,1.9470580843980088,2.208888128404155,1.928981787562058,2.062551597312612,1.7100686768910764,1.4893183590462638,2.0687411977769106,1.8816084504995216,2.7103039832822153,2.7955194033322632,2.6606827064354195,2.0048498721877825,2.083305621592415,2.3093994837149796,1.8139681261667553,2.0385680633786096,1.7773113861649652,1.8371830784946455,1.894110664530115,1.7412620094349636,1.4675214150170455,1.9964422226161618,2.019096171317586,2.5841312544016146,1.9880939194132237,2.0964435119165,1.7444263499623847,2.694337609325239,2.0153979221797225,3.2033878268406495,2.1670402144517755,1.7756032876904295,2.349486102052582,1.8721309092662097,2.593094921566697,2.2780738672025667,1.7580890952783934,2.471025446759317,1.9148538462903724,2.513150302068281,2.0422979097820426,2.22636056479847,2.232918019328751,1.9446549974794625
S52_right_hand,1.8395098292926737,2.9079977443171763,1.7928023235856916,1.884634527998052,2.094874952557973,2.2919298025110937,2.48542079713394,1.5852019510720898,2.4206534833554643,2.152635231502733,2.341359500664313,3.0987203316115,1.963292892473965,2.373756868860752,2.8700529197730824,4.09464367870766,2.0877611096517095,2.2956544276336093,2.2312621225403695,1.998658223863991,1.5361156286181354,1.6941163990395007,1.8483356452746857,2.3625270472482076,1.8690169753501764,2.983723353896535,2.0172342208979326,1.3958272844921227,1.6895638071840482,2.0501176321743966,1.7791650515867592,1.9656531344605335,1.8136041089247825,1.7971274788023042,1.7918830767721325,1.842199962884218,1.6618744927681564,2.7353224116700057,1.5271081948300052,2.1228972657631653,2.1773733045511836,2.3025866607941357,2.102212306170669,1.455763210243207,1.966942281713645,2.838702772937734,1.497680885120286,2.1698448777025567,1.9371690056989317,2.327319988130877,2.1472410131349338,1.783425387073489,2.1437930003380328,2.2952427061480014,2.3837397411828385,2.5834994736367634,2.6145773250948774,1.9746173766158694,1.6131286719097342,1.7021006520605513,1.9631035436711568,1.9340895432371707,1.802905690302294,2.166410661444497,1.9213520414279281,2.4366599891443417,1.7391879672569723,1.8913872160182548,1.670779415031655,1.5299462477577457,1.630430020571386,1.8571163254046157,2.5416358493700386,2.1621718985870326,1.867522560756972,1.8723703367495348,1.9216119776918008,2.263946172988879,2.013467895898438,2.1491750635219735,2.181588165058219,1.7557281449332085,1.5553177435263579,1.6238435024830662,2.1131100439124517,2.1104383314983743,1.8228463109421056,2.5214550771969333,1.8582234665316515,2.230728315148727,1.8550850096274711,2.7102139167725268,2.158322306971013,1.880078050620995,1.7550202816957308,1.6352857483623424,1.7652392200123526,2.1382945638763027,2.193428433231095,2.0851319217795976,2.04194138741443,1.9889128891557786,1.8407377365003383,2.302583011146408,1.9816877287829473,2.534039866611167,1.6750468514644836,2.05404047551863
S53_left_hand,1.8038679066912513,1.8798101256741289,1.6424805726517282,1.6616832078301318,2.2592670010972995,2.3301092254756983,1.8460070947360918,1.816974558476268,1.9494297966697915,1.9708335515111464,2.2522786652815756,1.7061607263802148,1.954640149051895,2.704068620167999,2.5017188902042835,2.5339128565027935,1.7050903401362179,1.8249256370023623,1.70666528353425,1.9291402762855925,2.0166756284023144,1.8364579061242245,1.992957204148746,1.4169356333209784,2.866332438007583,3.276240023945194,1.4118694512212464,2.0104956667253995,1.781985698244597,2.1812468139530177,1.7643341674200024,1.7023849279789809,2.073532936282821,1.773344326759775,2.4529354108339065,1.7159433692211863,1.6052821264139492,1.8627852450539395,1.948424423213414,1.5972367931973743,2.30514459794395,2.308482642241083,1.5785374996399786,1.6059683828742894,2.2609703309751152,2.0096631168379253,1.8200468505046286,1.7300207947939175,1.7351624934389769,1.314622005641524,1.4617586218585754,2.010196479197127,1.6969189002980665,1.6602141703292703,1.7989467164230137,1.9139336987501188,2.1027039574713062,1.7553543031801373,2.055494679112507,1.289861076021133,1.6956386294706312,1.8652974536599747,1.7528200078541705,1.7152117367508497,2.014233242495151,1.8538504250286443,1.7676523012021588,1.648252607175127,1.9320883046855284,1.7391142184805894,1.6324539013811905,1.8086013925617723,2.7309240711303064,2.112845405389583,2.4677870137224995,1.92132325654403,1.5487510647348979,1.9163673815672424,1.704488847500651,1.8702671937074298,1.6794997807508176,2.1869938909428184,1.9087154593236408,1.8768097456908088,2.443673380659739,1.7529950236829308,1.526133775359324,3.3144834133341394,1.9685934988020364,1.7907416913490297,2.2555891293557617,1.8545851224225767,1.4523904671432657,2.8644384767495,1.4964329329916224,1.7475948314048324,1.9323120786420585,1.2906888531038772,1.910473046685326,1.7930652287985556,2.2075310799918526,1.707515288106195,2.0095271064212943,2.25893019148526,1.5242809633892225,1.9592655942669415,2.7178986564062324,1.8897991416455788
S53_right_hand,2.143432107810944,2.2600926685779084,2.259716290586017,2.01845958847805,2.507221467077907,2.4974217121535167,2.773275848739108,2.2640978356794994,2.389040305292396,2.0995078956278155,2.578348137118998,1.5317057486121695,2.405259486399308,2.904323517894361,1.9940784551176272,2.782877394370085,1.8804231587994278,1.836924719138502,1.8027223766766785,1.6965187612303172,2.473736402861907,2.0856174853602836,2.2052277499761295,1.9758401940629031,3.466404621580749,3.7312190381940136,2.122389653902678,2.6504687087394467,1.7491564364449028,2.003677613401567,1.9618285296500777,1.9109747718613685,2.744148137249155,2.2593540420752567,2.6309631285222115,1.8054853401177773,2.08401896160991,2.857253408458913,2.0426398782403967,2.135065406957746,2.6826718758558425,2.244811355629785,2.2726187808412694,1.8427902611323521,2.5754520761825304,2.113648479135205,2.202751173027739,2.291289455906117,1.733845761506306,1.9725193242925503,1.9566549705750376,2.6299056845141795,2.033339358428881,1.7712888736387282,1.7572031923494702,1.6296456778138273,2.210688724211353,2.2975570578035196,1.9593413218960083,1.837092120052715,2.3330836620020374,2.1306013546898273,2.1289715274064673,2.1585598505423826,2.5878431307366183,2.733383980488111,2.408153288150183,2.0175482802459155,1.8325350390933426,2.250730587101943,1.935329505770484,2.131960340695002,2.6131521245036025,1.9809720309365269,2.7506854901800155,2.0639427938808277,1.864421031625998,1.5955975746025635,2.459944630775427,2.1289736343757855,2.012613325420108,2.2054752639295097,2.2684861695896945,2.1347594761584543,2.9878522519731003,2.210461834074718,1.5596661545837165,3.152613367635282,2.367913612424827,2.001515359226557,2.716084116614087,1.7961488657280695,2.4694751813717484,2.405362962091757,1.6828148266399032,2.0706397654081714,1.8976913088054708,1.9949626950977812,2.0585452170474237,1.8316484253441048,2.2461800204009332,2.358857674139973,2.2455995385294156,2.658120141724412,1.7957132263022428,2.9917301141227535,3.1760813769961835,2.3748525331862704
S54_left_hand,1.7830433655978952,2.6773020894150816,1.5846270832866483,1.8579417636286832,1.8382610874826368,2.2067004550303984,2.0575908257869076,1.6904321321954372,2.3076186326640564,2.4038918974236276,2.484375367334339,2.618329085652745,2.372066653903379,2.1761539150658646,3.1242820295153564,3.769634540899487,2.0477721222712164,2.241216193574843,2.417451850593041,2.4850766858529094,1.5686300800659578,1.3471181535288748,1.8089540849215224,2.116983226021234,2.073556545842248,3.654969115250441,1.5486360623163953,1.3997130863863219,1.7546905179129655,2.2978138215681807,2.1230483455877374,1.8721322915804703,1.532782578472014,1.605523396816626,2.0722168140004724,1.7338760107993707,1.7529598273781146,2.3855385018342874,1.657306256553116,2.096300777193104,2.0448530458627836,2.1461061634152396,1.8819612788331122,1.9051980852452823,1.9227625479066837,2.530129427335657,1.7281032022518146,1.5968044766753011,1.9153547273008003,1.8899517744107888,2.0139680313436417,1.4943011244264284,2.1316809676746002,2.2980820395599375,2.5734187305439926,2.670143513024945,2.1027988721316606,1.692210185192062,1.8186844099160258,1.528608980236869,1.7434073545413404,1.7897461116166986,1.6758485034397843,2.01488310921426,2.032972989475244,1.9093117017841743,1.589961282703647,1.6580256370908,1.7703795991831903,1.401092610523998,1.782696764326415,2.0203276747460155,2.9440631910992368,2.6630325931720042,2.230234383465774,1.750505166921379,2.0552024023679794,2.3036812770504365,1.7179601058335683,1.939623490173382,1.6293797413567204,1.7810987730902945,1.2985556711953465,1.4487862506191314,1.734748314661982,2.0395643311129543,1.74448133439417,2.9431663220410202,1.6649871477023233,1.8853826213182114,1.5868780738054957,2.8149281825402253,1.6303374986812187,2.60847863320882,1.78677806719068,1.5017069548211073,2.0616681624718494,1.6359584779879472,2.2950329961839566,1.8187592399838555,1.9413221248292738,1.7669762512671676,1.8776619569737338,2.1148594831019443,1.7038214195020414,1.8522804315302352,1.714562008144789,1.9349160615699812
S54_right_hand,2.3421345899937815,2.867771612111166,1.8508056618187207,2.393455496692163,2.364367019363786,2.6674838896235173,2.270975947088848,2.3465825833097598,2.7386484433358236,3.113414078377681,2.9947876539977014,3.047224623020437,2.8834872674434804,2.782392455444861,3.932926386610996,3.6720421926700033,2.525075610809672,2.7442418345888626,2.8328917676568444,3.4915605530995473,2.306180329708276,1.7744188236452056,2.4616497745313026,2.11467941913693,2.8106040942043213,4.407676922743035,1.4443819837029728,2.1326939160358473,2.734330951800539,3.2319771582259387,3.0137270053628002,2.6218571899934178,2.011207749139819,1.9732218327741118,2.8478212946759713,2.3315666551722845,2.176712103264937,2.1012006037428,2.506661968956755,2.530914285264789,2.7018551667437376,3.205822949819365,1.868851665757715,2.570677495345376,2.897182189374619,3.065206426542193,2.6179013715396855,1.7763824150965828,2.663066951577734,1.9082330173946092,2.1528175921342636,1.5406073961281666,2.386474918757875,2.8690196529863745,3.2369684074085985,3.3868547752264058,2.481582995305592,2.2137638675682982,2.80724874814758,1.837040609598396,2.016703253197167,2.141715440686701,2.217140902942878,2.620229593886715,2.861537140579286,1.9184203380075107,1.628479124253055,2.215932426804471,2.4724760671570447,2.015613703507431,2.324890120661836,2.499939875749061,4.103952981934645,3.5640181454501176,3.3966607235412707,2.001230280437067,2.3763448405295184,2.8220877945511593,1.9876383622521265,2.5169833091023777,1.9291891667609387,2.586040796324371,1.9887636432370273,1.9441957583445533,2.306366288392576,2.579245684618804,2.2473053586473197,4.002990483734283,2.142393040877348,2.211776626181858,2.0556610638668316,3.3401015142629253,1.5296231824092748,3.8391062319990827,2.2246940446035923,1.957628163386029,3.0338121965172915,1.7368074310734203,2.7986175565009948,2.3760568383947853,3.0409370516001184,2.2167396350184063,2.7224386129103846,2.4422046866462193,2.403057571750149,1.5655926884686826,2.6061192103170083,2.0771312443601917
