target,source,session,session_index,heldout_class,heldout_index,permutation_index,permutation,raw_error,action_error,gain
1,2,0train,0,left_hand,0,0,0|2|1,0.9145633891781076,0.6684299997802572,0.24613338939785046
1,2,0train,0,left_hand,0,1,1|0|2,0.9145633891781076,0.9863686376840783,-0.0718052485059707
1,2,0train,0,left_hand,0,2,1|2|0,0.9145633891781076,0.7976180684931494,0.11694532068495822
1,2,0train,0,left_hand,0,3,2|0|1,0.9145633891781076,1.0132987579939872,-0.09873536881587952
1,2,0train,0,left_hand,0,4,2|1|0,0.9145633891781076,0.8512132653015125,0.06335012387659511
1,2,0train,0,right_hand,1,0,0|2|1,1.0852193966200523,0.7710589995583736,0.31416039706167864
1,2,0train,0,right_hand,1,1,1|0|2,1.0852193966200523,0.9191299765487279,0.16608942007132443
1,2,0train,0,right_hand,1,2,1|2|0,1.0852193966200523,0.8683557539727604,0.21686364264729185
1,2,0train,0,right_hand,1,3,2|0|1,1.0852193966200523,1.012586426842395,0.07263296977765732
1,2,0train,0,right_hand,1,4,2|1|0,1.0852193966200523,1.0199692049616105,0.06525019165844181
1,2,0train,0,feet,2,0,0|2|1,1.2897404157161507,0.8249744389016154,0.46476597681453535
1,2,0train,0,feet,2,1,1|0|2,1.2897404157161507,0.80494696282707,0.4847934528890807
1,2,0train,0,feet,2,2,1|2|0,1.2897404157161507,0.7664113718956568,0.5233290438204939
1,2,0train,0,feet,2,3,2|0|1,1.2897404157161507,0.9223822989626338,0.36735811675351693
1,2,0train,0,feet,2,4,2|1|0,1.2897404157161507,0.7700590419035432,0.5196813738126075
1,2,0train,0,tongue,3,0,0|2|1,1.2626621431498937,1.2069272995129146,0.055734843636979114
1,2,0train,0,tongue,3,1,1|0|2,1.2626621431498937,1.2069804349666462,0.05568170818324747
1,2,0train,0,tongue,3,2,1|2|0,1.2626621431498937,1.2110725812990528,0.05158956185084085
1,2,0train,0,tongue,3,3,2|0|1,1.2626621431498937,1.1009218076077067,0.16174033554218692
1,2,0train,0,tongue,3,4,2|1|0,1.2626621431498937,1.0549975215892824,0.20766462156061127
1,2,1test,1,left_hand,0,0,0|2|1,1.3262036821423895,1.1791130768609472,0.14709060528144224
1,2,1test,1,left_hand,0,1,1|0|2,1.3262036821423895,1.340110303502334,-0.013906621359944582
1,2,1test,1,left_hand,0,2,1|2|0,1.3262036821423895,1.2446063299537657,0.08159735218862374
1,2,1test,1,left_hand,0,3,2|0|1,1.3262036821423895,1.3456920126685847,-0.019488330526195252
1,2,1test,1,left_hand,0,4,2|1|0,1.3262036821423895,1.2580572076835816,0.06814647445880784
1,2,1test,1,right_hand,1,0,0|2|1,0.9128264353553318,0.7938783631154627,0.11894807223986914
1,2,1test,1,right_hand,1,1,1|0|2,0.9128264353553318,0.9149177844499171,-0.002091349094585304
1,2,1test,1,right_hand,1,2,1|2|0,0.9128264353553318,0.8746693156969414,0.038157119658390415
1,2,1test,1,right_hand,1,3,2|0|1,0.9128264353553318,0.9355246202326987,-0.022698184877366856
1,2,1test,1,right_hand,1,4,2|1|0,0.9128264353553318,0.9195907359552838,-0.006764300599952033
1,2,1test,1,feet,2,0,0|2|1,0.8848558932072907,0.7564238197215563,0.1284320734857345
1,2,1test,1,feet,2,1,1|0|2,0.8848558932072907,0.7155047257079556,0.1693511674993351
1,2,1test,1,feet,2,2,1|2|0,0.8848558932072907,0.7692096042575157,0.11564628894977502
1,2,1test,1,feet,2,3,2|0|1,0.8848558932072907,0.8061055699315616,0.07875032327572917
1,2,1test,1,feet,2,4,2|1|0,0.8848558932072907,0.7803934857219751,0.10446240748531566
1,2,1test,1,tongue,3,0,0|2|1,1.5034631766906663,1.4437507153025984,0.05971246138806796
1,2,1test,1,tongue,3,1,1|0|2,1.5034631766906663,1.4564608710254483,0.047002305665218014
1,2,1test,1,tongue,3,2,1|2|0,1.5034631766906663,1.4348857071928,0.06857746949786625
1,2,1test,1,tongue,3,3,2|0|1,1.5034631766906663,1.4128100752356547,0.0906531014550116
1,2,1test,1,tongue,3,4,2|1|0,1.5034631766906663,1.3819256113489433,0.121537565341723
1,3,0train,0,left_hand,0,0,0|2|1,0.4426918429915006,0.4416022101050071,0.0010896328864934968
1,3,0train,0,left_hand,0,1,1|0|2,0.4426918429915006,0.3293439963449837,0.11334784664651693
1,3,0train,0,left_hand,0,2,1|2|0,0.4426918429915006,0.7729725346475597,-0.33028069165605906
1,3,0train,0,left_hand,0,3,2|0|1,0.4426918429915006,0.43697775597947935,0.005714087012021252
1,3,0train,0,left_hand,0,4,2|1|0,0.4426918429915006,0.7781035146341093,-0.3354116716426087
1,3,0train,0,right_hand,1,0,0|2|1,0.4703299032472656,0.3117918042272884,0.15853809901997717
1,3,0train,0,right_hand,1,1,1|0|2,0.4703299032472656,0.3096288267140027,0.16070107653326288
1,3,0train,0,right_hand,1,2,1|2|0,0.4703299032472656,0.529403986430312,-0.059074083183046355
1,3,0train,0,right_hand,1,3,2|0|1,0.4703299032472656,0.4153631975116215,0.054966705735644106
1,3,0train,0,right_hand,1,4,2|1|0,0.4703299032472656,0.7663993977267115,-0.2960694944794459
1,3,0train,0,feet,2,0,0|2|1,0.711563177210123,0.948748803093969,-0.23718562588384606
1,3,0train,0,feet,2,1,1|0|2,0.711563177210123,0.6070101697992204,0.10455300741090257
1,3,0train,0,feet,2,2,1|2|0,0.711563177210123,0.9529940179435956,-0.24143084073347265
1,3,0train,0,feet,2,3,2|0|1,0.711563177210123,0.6417146259273373,0.06984855128278566
1,3,0train,0,feet,2,4,2|1|0,0.711563177210123,0.7318100537204248,-0.02024687651030188
1,3,0train,0,tongue,3,0,0|2|1,0.3498899477509915,0.4285446631825974,-0.07865471543160585
1,3,0train,0,tongue,3,1,1|0|2,0.3498899477509915,0.23863359492141567,0.11125635282957586
1,3,0train,0,tongue,3,2,1|2|0,0.3498899477509915,0.4303640017956591,-0.08047405404466756
1,3,0train,0,tongue,3,3,2|0|1,0.3498899477509915,0.46804797592509245,-0.11815802817410093
1,3,0train,0,tongue,3,4,2|1|0,0.3498899477509915,0.40593773885408474,-0.056047791103093214
1,3,1test,1,left_hand,0,0,0|2|1,0.3827121086846448,0.2660375495211699,0.11667455916347486
1,3,1test,1,left_hand,0,1,1|0|2,0.3827121086846448,0.37069136432899874,0.01202074435564604
1,3,1test,1,left_hand,0,2,1|2|0,0.3827121086846448,0.6079449722388801,-0.22523286355423533
1,3,1test,1,left_hand,0,3,2|0|1,0.3827121086846448,0.4238570797443786,-0.041144971059733804
1,3,1test,1,left_hand,0,4,2|1|0,0.3827121086846448,0.7134505751592645,-0.3307384664746197
1,3,1test,1,right_hand,1,0,0|2|1,0.4838895075007916,0.22113203051082464,0.262757476989967
1,3,1test,1,right_hand,1,1,1|0|2,0.4838895075007916,0.3324708568949423,0.1514186506058493
1,3,1test,1,right_hand,1,2,1|2|0,0.4838895075007916,0.5948849842968283,-0.11099547679603672
1,3,1test,1,right_hand,1,3,2|0|1,0.4838895075007916,0.38463440661604326,0.09925510088474837
1,3,1test,1,right_hand,1,4,2|1|0,0.4838895075007916,0.7202253480060142,-0.2363358405052226
1,3,1test,1,feet,2,0,0|2|1,0.6925886071348515,0.9803919526094643,-0.28780334547461284
1,3,1test,1,feet,2,1,1|0|2,0.6925886071348515,0.5387380025107528,0.15385060462409872
1,3,1test,1,feet,2,2,1|2|0,0.6925886071348515,0.9870910241350488,-0.2945024170001973
1,3,1test,1,feet,2,3,2|0|1,0.6925886071348515,0.8468803500367362,-0.15429174290188474
1,3,1test,1,feet,2,4,2|1|0,0.6925886071348515,0.8309506669749538,-0.1383620598401023
1,3,1test,1,tongue,3,0,0|2|1,0.3976435859531211,0.7280546607647146,-0.3304110748115935
1,3,1test,1,tongue,3,1,1|0|2,0.3976435859531211,0.21930644629335003,0.17833713965977108
1,3,1test,1,tongue,3,2,1|2|0,0.3976435859531211,0.6648751279404823,-0.2672315419873612
1,3,1test,1,tongue,3,3,2|0|1,0.3976435859531211,0.5714738446120553,-0.1738302586589342
1,3,1test,1,tongue,3,4,2|1|0,0.3976435859531211,0.5009945230609242,-0.10335093710780308
1,4,0train,0,left_hand,0,0,0|2|1,0.6022034281812703,0.5579135783213441,0.04428984985992612
1,4,0train,0,left_hand,0,1,1|0|2,0.6022034281812703,0.5789071409010187,0.02329628728025157
1,4,0train,0,left_hand,0,2,1|2|0,0.6022034281812703,0.6625914059737452,-0.060387977792474956
1,4,0train,0,left_hand,0,3,2|0|1,0.6022034281812703,0.5745841843713682,0.027619243809902105
1,4,0train,0,left_hand,0,4,2|1|0,0.6022034281812703,0.6873675140984282,-0.08516408591715796
1,4,0train,0,right_hand,1,0,0|2|1,0.8705845628709873,0.7855864812430493,0.08499808162793798
1,4,0train,0,right_hand,1,1,1|0|2,0.8705845628709873,0.9152372228307968,-0.04465265995980949
1,4,0train,0,right_hand,1,2,1|2|0,0.8705845628709873,0.8118100053943818,0.05877455747660554
1,4,0train,0,right_hand,1,3,2|0|1,0.8705845628709873,0.9555847809650708,-0.08500021809408354
1,4,0train,0,right_hand,1,4,2|1|0,0.8705845628709873,0.8830344115737053,-0.012449848702718036
1,4,0train,0,feet,2,0,0|2|1,0.8413981890102857,0.9227468129039307,-0.08134862389364494
1,4,0train,0,feet,2,1,1|0|2,0.8413981890102857,0.6543102786880731,0.1870879103222126
1,4,0train,0,feet,2,2,1|2|0,0.8413981890102857,0.9492420806189378,-0.10784389160865204
1,4,0train,0,feet,2,3,2|0|1,0.8413981890102857,0.7792844966531045,0.06211369235718123
1,4,0train,0,feet,2,4,2|1|0,0.8413981890102857,0.7433344887903303,0.09806370021995547
1,4,0train,0,tongue,3,0,0|2|1,0.7846287622503527,0.757784915327767,0.02684384692258568
1,4,0train,0,tongue,3,1,1|0|2,0.7846287622503527,0.6489414439266202,0.1356873183237325
1,4,0train,0,tongue,3,2,1|2|0,0.7846287622503527,0.71424823695145,0.07038052529890271
1,4,0train,0,tongue,3,3,2|0|1,0.7846287622503527,0.7952696581070675,-0.010640895856714794
1,4,0train,0,tongue,3,4,2|1|0,0.7846287622503527,0.7719876784433289,0.012641083807023779
1,4,1test,1,left_hand,0,0,0|2|1,0.4849401045108955,0.3844258581250333,0.10051424638586215
1,4,1test,1,left_hand,0,1,1|0|2,0.4849401045108955,0.6842561673886325,-0.199316062877737
1,4,1test,1,left_hand,0,2,1|2|0,0.4849401045108955,0.7118709772515978,-0.22693087274070228
1,4,1test,1,left_hand,0,3,2|0|1,0.4849401045108955,0.7735962887142643,-0.28865618420336886
1,4,1test,1,left_hand,0,4,2|1|0,0.4849401045108955,0.7360343171060102,-0.2510942125951147
1,4,1test,1,right_hand,1,0,0|2|1,0.6282985847780131,0.4090145445847135,0.21928404019329967
1,4,1test,1,right_hand,1,1,1|0|2,0.6282985847780131,0.8161936197420142,-0.18789503496400106
1,4,1test,1,right_hand,1,2,1|2|0,0.6282985847780131,0.5457850540756288,0.08251353070238432
1,4,1test,1,right_hand,1,3,2|0|1,0.6282985847780131,0.8932125451137012,-0.26491396033568804
1,4,1test,1,right_hand,1,4,2|1|0,0.6282985847780131,0.7033459875799091,-0.07504740280189592
1,4,1test,1,feet,2,0,0|2|1,0.6682475371321217,0.9934027179615276,-0.32515518082940587
1,4,1test,1,feet,2,1,1|0|2,0.6682475371321217,0.295468952955439,0.3727785841766827
1,4,1test,1,feet,2,2,1|2|0,0.6682475371321217,0.9716605038188387,-0.303412966686717
1,4,1test,1,feet,2,3,2|0|1,0.6682475371321217,0.7841557168452777,-0.11590817971315603
1,4,1test,1,feet,2,4,2|1|0,0.6682475371321217,0.7014252625978962,-0.033177725465774466
1,4,1test,1,tongue,3,0,0|2|1,0.5864754203706593,0.6886195041680281,-0.10214408379736883
1,4,1test,1,tongue,3,1,1|0|2,0.5864754203706593,0.3611324837923097,0.22534293657834953
1,4,1test,1,tongue,3,2,1|2|0,0.5864754203706593,0.6255087927898332,-0.03903337241917393
1,4,1test,1,tongue,3,3,2|0|1,0.5864754203706593,0.7865563360938851,-0.20008091572322584
1,4,1test,1,tongue,3,4,2|1|0,0.5864754203706593,0.7371413706854086,-0.1506659503147494
1,5,0train,0,left_hand,0,0,0|2|1,0.7525582378837135,0.6807163849774291,0.07184185290628431
1,5,0train,0,left_hand,0,1,1|0|2,0.7525582378837135,0.6672343667683001,0.0853238711154134
1,5,0train,0,left_hand,0,2,1|2|0,0.7525582378837135,0.8116503380618093,-0.05909210017809585
1,5,0train,0,left_hand,0,3,2|0|1,0.7525582378837135,0.6866622265262461,0.06589601135746737
1,5,0train,0,left_hand,0,4,2|1|0,0.7525582378837135,0.8428418113193978,-0.09028357343568438
1,5,0train,0,right_hand,1,0,0|2|1,1.008284089397645,0.9147012274411745,0.09358286195647048
1,5,0train,0,right_hand,1,1,1|0|2,1.008284089397645,0.9033700612740566,0.10491402812358841
1,5,0train,0,right_hand,1,2,1|2|0,1.008284089397645,0.9723279304435607,0.03595615895408433
1,5,0train,0,right_hand,1,3,2|0|1,1.008284089397645,0.9752171144910637,0.03306697490658128
1,5,0train,0,right_hand,1,4,2|1|0,1.008284089397645,0.9744254051053107,0.033858684292334296
1,5,0train,0,feet,2,0,0|2|1,0.9664040923783309,0.9503467524404757,0.016057339937855186
1,5,0train,0,feet,2,1,1|0|2,0.9664040923783309,0.8788855769501852,0.0875185154281457
1,5,0train,0,feet,2,2,1|2|0,0.9664040923783309,0.9669211555616588,-0.0005170631833278927
1,5,0train,0,feet,2,3,2|0|1,0.9664040923783309,0.9194335008327326,0.04697059154559835
1,5,0train,0,feet,2,4,2|1|0,0.9664040923783309,0.8996986393580655,0.06670545302026543
1,5,0train,0,tongue,3,0,0|2|1,0.8180277240837862,0.7958797741457171,0.022147949938069122
1,5,0train,0,tongue,3,1,1|0|2,0.8180277240837862,0.7406027755027261,0.07742494858106008
1,5,0train,0,tongue,3,2,1|2|0,0.8180277240837862,0.7473760280405004,0.0706516960432858
1,5,0train,0,tongue,3,3,2|0|1,0.8180277240837862,0.8654626836796872,-0.04743495959590094
1,5,0train,0,tongue,3,4,2|1|0,0.8180277240837862,0.8349067228147689,-0.01687899873098264
1,5,1test,1,left_hand,0,0,0|2|1,0.8382298701372656,0.8068483663778282,0.03138150375943738
1,5,1test,1,left_hand,0,1,1|0|2,0.8382298701372656,0.8182318910543814,0.019997979082884143
1,5,1test,1,left_hand,0,2,1|2|0,0.8382298701372656,0.87852303923619,-0.04029316909892444
1,5,1test,1,left_hand,0,3,2|0|1,0.8382298701372656,0.8685466322921257,-0.030316762154860122
1,5,1test,1,left_hand,0,4,2|1|0,0.8382298701372656,0.887156424027747,-0.048926553890481395
1,5,1test,1,right_hand,1,0,0|2|1,0.8455431316937153,0.8614147961522609,-0.015871664458545598
1,5,1test,1,right_hand,1,1,1|0|2,0.8455431316937153,0.8087614118442986,0.036781719849416694
1,5,1test,1,right_hand,1,2,1|2|0,0.8455431316937153,0.9459146992218571,-0.1003715675281418
1,5,1test,1,right_hand,1,3,2|0|1,0.8455431316937153,0.89171858300397,-0.04617545131025469
1,5,1test,1,right_hand,1,4,2|1|0,0.8455431316937153,0.9470712365781306,-0.10152810488441533
1,5,1test,1,feet,2,0,0|2|1,0.821675645497311,0.7733959681569775,0.04827967734033345
1,5,1test,1,feet,2,1,1|0|2,0.821675645497311,0.8697547271298594,-0.04807908163254837
1,5,1test,1,feet,2,2,1|2|0,0.821675645497311,0.7933477807306906,0.028327864766620414
1,5,1test,1,feet,2,3,2|0|1,0.821675645497311,0.8156759316832601,0.005999713814050844
1,5,1test,1,feet,2,4,2|1|0,0.821675645497311,0.8528179892841452,-0.031142343786834226
1,5,1test,1,tongue,3,0,0|2|1,1.0024985585831598,0.994070127066857,0.008428431516302792
1,5,1test,1,tongue,3,1,1|0|2,1.0024985585831598,0.8632134505733233,0.1392851080098365
1,5,1test,1,tongue,3,2,1|2|0,1.0024985585831598,0.9929464967701704,0.009552061812989399
1,5,1test,1,tongue,3,3,2|0|1,1.0024985585831598,0.9126996865675819,0.0897988720155779
1,5,1test,1,tongue,3,4,2|1|0,1.0024985585831598,0.8956021818576083,0.10689637672555152
1,6,0train,0,left_hand,0,0,0|2|1,0.5722969294484469,0.5266285853187345,0.045668344129712435
1,6,0train,0,left_hand,0,1,1|0|2,0.5722969294484469,0.6095540946181656,-0.037257165169718665
1,6,0train,0,left_hand,0,2,1|2|0,0.5722969294484469,0.5463444962817391,0.02595243316670781
1,6,0train,0,left_hand,0,3,2|0|1,0.5722969294484469,0.638485682675183,-0.06618875322673612
1,6,0train,0,left_hand,0,4,2|1|0,0.5722969294484469,0.5634329405267781,0.008863988921668842
1,6,0train,0,right_hand,1,0,0|2|1,0.8151314290819072,0.7447799983277609,0.0703514307541463
1,6,0train,0,right_hand,1,1,1|0|2,0.8151314290819072,0.7469888258248174,0.06814260325708976
1,6,0train,0,right_hand,1,2,1|2|0,0.8151314290819072,0.7264392673626683,0.08869216171923888
1,6,0train,0,right_hand,1,3,2|0|1,0.8151314290819072,0.8325705923552726,-0.017439163273365477
1,6,0train,0,right_hand,1,4,2|1|0,0.8151314290819072,0.8591280422228855,-0.04399661314097836
1,6,0train,0,feet,2,0,0|2|1,0.8344157620553107,0.7289420714006203,0.10547369065469037
1,6,0train,0,feet,2,1,1|0|2,0.8344157620553107,0.5418064055165642,0.2926093565387464
1,6,0train,0,feet,2,2,1|2|0,0.8344157620553107,0.7579124200464338,0.07650334200887687
1,6,0train,0,feet,2,3,2|0|1,0.8344157620553107,0.7151640996989713,0.11925166235633933
1,6,0train,0,feet,2,4,2|1|0,0.8344157620553107,0.7477741518523765,0.08664161020293415
1,6,0train,0,tongue,3,0,0|2|1,0.7644833678602794,0.7702865298221659,-0.0058031619618865715
1,6,0train,0,tongue,3,1,1|0|2,0.7644833678602794,0.6820206012888455,0.08246276657143392
1,6,0train,0,tongue,3,2,1|2|0,0.7644833678602794,0.7554919782627026,0.008991389597576727
1,6,0train,0,tongue,3,3,2|0|1,0.7644833678602794,0.7260241850860336,0.03845918277424576
1,6,0train,0,tongue,3,4,2|1|0,0.7644833678602794,0.6640554181002669,0.10042794976001246
1,6,1test,1,left_hand,0,0,0|2|1,0.6291279084779033,0.5662262572429336,0.06290165123496971
1,6,1test,1,left_hand,0,1,1|0|2,0.6291279084779033,0.6675349240672748,-0.03840701558937143
1,6,1test,1,left_hand,0,2,1|2|0,0.6291279084779033,0.656802036216351,-0.027674127738447685
1,6,1test,1,left_hand,0,3,2|0|1,0.6291279084779033,0.6585482861366084,-0.029420377658705088
1,6,1test,1,left_hand,0,4,2|1|0,0.6291279084779033,0.6642714542356608,-0.035143545757757466
1,6,1test,1,right_hand,1,0,0|2|1,0.8058250033479958,0.7447924230015406,0.0610325803464552
1,6,1test,1,right_hand,1,1,1|0|2,0.8058250033479958,0.7900442745181792,0.015780728829816626
1,6,1test,1,right_hand,1,2,1|2|0,0.8058250033479958,0.7872423719404167,0.018582631407579098
1,6,1test,1,right_hand,1,3,2|0|1,0.8058250033479958,0.7877955231705361,0.018029480177459645
1,6,1test,1,right_hand,1,4,2|1|0,0.8058250033479958,0.8158142668998349,-0.009989263551839156
1,6,1test,1,feet,2,0,0|2|1,0.6831832331756883,0.5779123515089525,0.10527088166673582
1,6,1test,1,feet,2,1,1|0|2,0.6831832331756883,0.5543952354104136,0.12878799776527472
1,6,1test,1,feet,2,2,1|2|0,0.6831832331756883,0.5606436925670167,0.12253954060867156
1,6,1test,1,feet,2,3,2|0|1,0.6831832331756883,0.5579829681916939,0.1252002649839944
1,6,1test,1,feet,2,4,2|1|0,0.6831832331756883,0.5550136585490644,0.12816957462662393
1,6,1test,1,tongue,3,0,0|2|1,1.0076405872074676,0.9939666270030609,0.013673960204406699
1,6,1test,1,tongue,3,1,1|0|2,1.0076405872074676,0.9812122011642951,0.026428386043172547
1,6,1test,1,tongue,3,2,1|2|0,1.0076405872074676,0.9669245665516759,0.04071602065579172
1,6,1test,1,tongue,3,3,2|0|1,1.0076405872074676,0.9558920608436354,0.051748526363832204
1,6,1test,1,tongue,3,4,2|1|0,1.0076405872074676,0.9264279692947367,0.08121261791273093
1,7,0train,0,left_hand,0,0,0|2|1,0.40631056054424175,0.23056340738497005,0.1757471531592717
1,7,0train,0,left_hand,0,1,1|0|2,0.40631056054424175,0.7631181034409218,-0.35680754289668004
1,7,0train,0,left_hand,0,2,1|2|0,0.40631056054424175,1.1412665120208916,-0.7349559514766498
1,7,0train,0,left_hand,0,3,2|0|1,0.40631056054424175,0.89744582667047,-0.49113526612622826
1,7,0train,0,left_hand,0,4,2|1|0,0.40631056054424175,1.225199177989505,-0.8188886174452633
1,7,0train,0,right_hand,1,0,0|2|1,0.5695256221078074,0.46018897741379633,0.10933664469401111
1,7,0train,0,right_hand,1,1,1|0|2,0.5695256221078074,0.7961638627854638,-0.22663824067765637
1,7,0train,0,right_hand,1,2,1|2|0,0.5695256221078074,0.8434176131039292,-0.2738919909961217
1,7,0train,0,right_hand,1,3,2|0|1,0.5695256221078074,1.0143718838648839,-0.4448462617570764
1,7,0train,0,right_hand,1,4,2|1|0,0.5695256221078074,1.0700243272274452,-0.5004987051196378
1,7,0train,0,feet,2,0,0|2|1,0.7969901234246488,1.1171858503137162,-0.3201957268890674
1,7,0train,0,feet,2,1,1|0|2,0.7969901234246488,0.7507392053345021,0.0462509180901467
1,7,0train,0,feet,2,2,1|2|0,0.7969901234246488,1.1576047821249391,-0.3606146587002903
1,7,0train,0,feet,2,3,2|0|1,0.7969901234246488,1.270037121671089,-0.47304699824644025
1,7,0train,0,feet,2,4,2|1|0,0.7969901234246488,1.287300191980148,-0.4903100685554991
1,7,0train,0,tongue,3,0,0|2|1,0.34149267499316627,0.4772922575957826,-0.13579958260261632
1,7,0train,0,tongue,3,1,1|0|2,0.34149267499316627,0.24934368617766375,0.09214898881550251
1,7,0train,0,tongue,3,2,1|2|0,0.34149267499316627,0.443380570366578,-0.10188789537341175
1,7,0train,0,tongue,3,3,2|0|1,0.34149267499316627,0.7099223136025262,-0.36842963860935996
1,7,0train,0,tongue,3,4,2|1|0,0.34149267499316627,0.5306914805235519,-0.1891988055303856
1,7,1test,1,left_hand,0,0,0|2|1,0.551858087112304,0.3013553797708019,0.2505027073415021
1,7,1test,1,left_hand,0,1,1|0|2,0.551858087112304,0.8335853432015787,-0.28172725608927474
1,7,1test,1,left_hand,0,2,1|2|0,0.551858087112304,0.6948262030224833,-0.14296811591017933
1,7,1test,1,left_hand,0,3,2|0|1,0.551858087112304,0.9022589546191832,-0.35040086750687915
1,7,1test,1,left_hand,0,4,2|1|0,0.551858087112304,0.8119267174858011,-0.26006863037349714
1,7,1test,1,right_hand,1,0,0|2|1,0.5574357594848394,0.36463660673027165,0.19279915275456772
1,7,1test,1,right_hand,1,1,1|0|2,0.5574357594848394,0.7679205761586659,-0.21048481667382657
1,7,1test,1,right_hand,1,2,1|2|0,0.5574357594848394,0.6526249529936267,-0.0951891935087873
1,7,1test,1,right_hand,1,3,2|0|1,0.5574357594848394,0.8854378812631737,-0.3280021217783343
1,7,1test,1,right_hand,1,4,2|1|0,0.5574357594848394,0.8685734361710651,-0.3111376766862257
1,7,1test,1,feet,2,0,0|2|1,1.0110109736065371,1.0818533892656346,-0.07084241565909744
1,7,1test,1,feet,2,1,1|0|2,1.0110109736065371,0.749082809670554,0.26192816393598317
1,7,1test,1,feet,2,2,1|2|0,1.0110109736065371,1.0631561911852492,-0.052145217578712044
1,7,1test,1,feet,2,3,2|0|1,1.0110109736065371,1.1056603366818336,-0.09464936307529648
1,7,1test,1,feet,2,4,2|1|0,1.0110109736065371,1.0439279847506975,-0.032917011144160346
1,7,1test,1,tongue,3,0,0|2|1,0.3685876876851305,0.5100722506628935,-0.14148456297776302
1,7,1test,1,tongue,3,1,1|0|2,0.3685876876851305,0.32571671611356134,0.04287097157156916
1,7,1test,1,tongue,3,2,1|2|0,0.3685876876851305,0.5488269551339512,-0.18023926744882068
1,7,1test,1,tongue,3,3,2|0|1,0.3685876876851305,0.5137549630708357,-0.14516727538570517
1,7,1test,1,tongue,3,4,2|1|0,0.3685876876851305,0.48161619928009536,-0.11302851159496485
1,8,0train,0,left_hand,0,0,0|2|1,0.5959306762226059,0.9343303207923321,-0.33839964456972627
1,8,0train,0,left_hand,0,1,1|0|2,0.5959306762226059,0.3619352966100451,0.23399537961256078
1,8,0train,0,left_hand,0,2,1|2|0,0.5959306762226059,1.1791509523720765,-0.5832202761494706
1,8,0train,0,left_hand,0,3,2|0|1,0.5959306762226059,0.4225928211976332,0.17333785502497268
1,8,0train,0,left_hand,0,4,2|1|0,0.5959306762226059,1.0579655398022338,-0.462034863579628
1,8,0train,0,right_hand,1,0,0|2|1,0.6376470461918028,0.8844530798869114,-0.24680603369510856
1,8,0train,0,right_hand,1,1,1|0|2,0.6376470461918028,0.549070627776607,0.08857641841519581
1,8,0train,0,right_hand,1,2,1|2|0,0.6376470461918028,0.9415260505102635,-0.3038790043184607
1,8,0train,0,right_hand,1,3,2|0|1,0.6376470461918028,0.4655712561883115,0.17207579000349127
1,8,0train,0,right_hand,1,4,2|1|0,0.6376470461918028,0.818571621567381,-0.18092457537557816
1,8,0train,0,feet,2,0,0|2|1,1.7543136074377055,1.6105847735124035,0.143728833925302
1,8,0train,0,feet,2,1,1|0|2,1.7543136074377055,2.050927722791167,-0.2966141153534616
1,8,0train,0,feet,2,2,1|2|0,1.7543136074377055,1.7215689928464468,0.03274461459125866
1,8,0train,0,feet,2,3,2|0|1,1.7543136074377055,1.490741161814215,0.26357244562349047
1,8,0train,0,feet,2,4,2|1|0,1.7543136074377055,1.4622454260723423,0.29206818136536317
1,8,0train,0,tongue,3,0,0|2|1,0.6707252494378364,0.3233159542480259,0.3474092951898105
1,8,0train,0,tongue,3,1,1|0|2,0.6707252494378364,0.35379434962136386,0.31693089981647254
1,8,0train,0,tongue,3,2,1|2|0,0.6707252494378364,0.3486435458395445,0.3220817035982919
1,8,0train,0,tongue,3,3,2|0|1,0.6707252494378364,0.4954153181188146,0.17530993131902178
1,8,0train,0,tongue,3,4,2|1|0,0.6707252494378364,0.5268387077971067,0.14388654164072967
1,8,1test,1,left_hand,0,0,0|2|1,0.5315358594615223,0.6716355154590217,-0.1400996559974994
1,8,1test,1,left_hand,0,1,1|0|2,0.5315358594615223,0.3869586604134656,0.14457719904805666
1,8,1test,1,left_hand,0,2,1|2|0,0.5315358594615223,0.9634517508887047,-0.43191589142718245
1,8,1test,1,left_hand,0,3,2|0|1,0.5315358594615223,0.3520902495235243,0.17944560993799796
1,8,1test,1,left_hand,0,4,2|1|0,0.5315358594615223,0.9533917614939573,-0.42185590203243506
1,8,1test,1,right_hand,1,0,0|2|1,0.6566681228997776,0.9138094461315643,-0.25714132323178673
1,8,1test,1,right_hand,1,1,1|0|2,0.6566681228997776,0.5702486682115273,0.0864194546882503
1,8,1test,1,right_hand,1,2,1|2|0,0.6566681228997776,0.8115579696153192,-0.15488984671554162
1,8,1test,1,right_hand,1,3,2|0|1,0.6566681228997776,0.550787899135472,0.10588022376430561
1,8,1test,1,right_hand,1,4,2|1|0,0.6566681228997776,0.7401886235679228,-0.0835205006681452
1,8,1test,1,feet,2,0,0|2|1,1.3123529814362516,1.3048209006042542,0.007532080831997412
1,8,1test,1,feet,2,1,1|0|2,1.3123529814362516,1.3641810734022906,-0.05182809196603899
1,8,1test,1,feet,2,2,1|2|0,1.3123529814362516,1.3070777390085275,0.005275242427724036
1,8,1test,1,feet,2,3,2|0|1,1.3123529814362516,1.1438195567941591,0.16853342464209242
1,8,1test,1,feet,2,4,2|1|0,1.3123529814362516,1.178198828156085,0.13415415328016667
1,8,1test,1,tongue,3,0,0|2|1,0.5529771751567439,0.45648139872830984,0.0964957764284341
1,8,1test,1,tongue,3,1,1|0|2,0.5529771751567439,0.32137733014618264,0.2315998450105613
1,8,1test,1,tongue,3,2,1|2|0,0.5529771751567439,0.3894369773479261,0.16354019780881784
1,8,1test,1,tongue,3,3,2|0|1,0.5529771751567439,0.68544923914091,-0.1324720639841661
1,8,1test,1,tongue,3,4,2|1|0,0.5529771751567439,0.694972951488308,-0.14199577633156402
1,9,0train,0,left_hand,0,0,0|2|1,0.36814465355125053,0.47961670924087163,-0.1114720556896211
1,9,0train,0,left_hand,0,1,1|0|2,0.36814465355125053,0.3886577255274779,-0.02051307197622737
1,9,0train,0,left_hand,0,2,1|2|0,0.36814465355125053,1.0895855932526408,-0.7214409397013903
1,9,0train,0,left_hand,0,3,2|0|1,0.36814465355125053,0.4870201275594525,-0.11887547400820198
1,9,0train,0,left_hand,0,4,2|1|0,0.36814465355125053,1.1118136831728742,-0.7436690296216237
1,9,0train,0,right_hand,1,0,0|2|1,0.6058529596625971,0.5350104262279142,0.07084253343468294
1,9,0train,0,right_hand,1,1,1|0|2,0.6058529596625971,0.6219914508855194,-0.016138491222922324
1,9,0train,0,right_hand,1,2,1|2|0,0.6058529596625971,0.8032338542445888,-0.1973808945819917
1,9,0train,0,right_hand,1,3,2|0|1,0.6058529596625971,0.753605651096237,-0.1477526914336399
1,9,0train,0,right_hand,1,4,2|1|0,0.6058529596625971,0.8492786682103535,-0.24342570854775636
1,9,0train,0,feet,2,0,0|2|1,1.0810149035382013,1.2070998123644057,-0.12608490882620438
1,9,0train,0,feet,2,1,1|0|2,1.0810149035382013,1.0378502221261712,0.043164681412030115
1,9,0train,0,feet,2,2,1|2|0,1.0810149035382013,1.300055982848996,-0.21904107931079464
1,9,0train,0,feet,2,3,2|0|1,1.0810149035382013,1.3276793456544616,-0.24666444211626026
1,9,0train,0,feet,2,4,2|1|0,1.0810149035382013,1.3440898420247733,-0.26307493848657204
1,9,0train,0,tongue,3,0,0|2|1,0.4402798482481158,0.5004553002451578,-0.06017545199704205
1,9,0train,0,tongue,3,1,1|0|2,0.4402798482481158,0.3538256252223613,0.0864542230257545
1,9,0train,0,tongue,3,2,1|2|0,0.4402798482481158,0.49086928451542927,-0.05058943626731349
1,9,0train,0,tongue,3,3,2|0|1,0.4402798482481158,0.6511909113299285,-0.21091106308181268
1,9,0train,0,tongue,3,4,2|1|0,0.4402798482481158,0.62716942009263,-0.1868895718445142
1,9,1test,1,left_hand,0,0,0|2|1,1.816723480973653,1.6395702760792537,0.17715320489439934
1,9,1test,1,left_hand,0,1,1|0|2,1.816723480973653,1.9831049157891658,-0.16638143481551282
1,9,1test,1,left_hand,0,2,1|2|0,1.816723480973653,2.4406125415064217,-0.6238890605327687
1,9,1test,1,left_hand,0,3,2|0|1,1.816723480973653,1.9719999241839437,-0.15527644321029066
1,9,1test,1,left_hand,0,4,2|1|0,1.816723480973653,2.51290055176593,-0.696177070792277
1,9,1test,1,right_hand,1,0,0|2|1,1.1787910205332925,0.936880259265458,0.2419107612678345
1,9,1test,1,right_hand,1,1,1|0|2,1.1787910205332925,0.980227286926054,0.19856373360723856
1,9,1test,1,right_hand,1,2,1|2|0,1.1787910205332925,1.1426607320403728,0.03613028849291977
1,9,1test,1,right_hand,1,3,2|0|1,1.1787910205332925,1.093218562942407,0.08557245759088561
1,9,1test,1,right_hand,1,4,2|1|0,1.1787910205332925,1.0945977748744435,0.084193245658849
1,9,1test,1,feet,2,0,0|2|1,1.3143986082396757,1.0272257568204888,0.2871728514191869
1,9,1test,1,feet,2,1,1|0|2,1.3143986082396757,1.034220094167776,0.28017851407189975
1,9,1test,1,feet,2,2,1|2|0,1.3143986082396757,1.0455895712703909,0.2688090369692848
1,9,1test,1,feet,2,3,2|0|1,1.3143986082396757,1.528935441134985,-0.21453683289530923
1,9,1test,1,feet,2,4,2|1|0,1.3143986082396757,1.4843936060786023,-0.16999499783892658
1,9,1test,1,tongue,3,0,0|2|1,0.8810195613382735,0.9115816311201348,-0.030562069781861267
1,9,1test,1,tongue,3,1,1|0|2,0.8810195613382735,0.9428069738946587,-0.0617874125563852
1,9,1test,1,tongue,3,2,1|2|0,0.8810195613382735,0.8894186786750302,-0.00839911733675669
1,9,1test,1,tongue,3,3,2|0|1,0.8810195613382735,1.6326303146443821,-0.7516107533061086
1,9,1test,1,tongue,3,4,2|1|0,0.8810195613382735,1.54489942177439,-0.6638798604361166
2,1,0train,0,left_hand,0,0,0|2|1,8.144627680360411,5.984943636573162,2.1596840437872498
2,1,0train,0,left_hand,0,1,1|0|2,8.144627680360411,8.821826527491597,-0.6771988471311854
2,1,0train,0,left_hand,0,2,1|2|0,8.144627680360411,9.02932925203669,-0.8847015716762794
2,1,0train,0,left_hand,0,3,2|0|1,8.144627680360411,6.922827322881667,1.2218003574787444
2,1,0train,0,left_hand,0,4,2|1|0,8.144627680360411,7.4661678528546815,0.6784598275057299
2,1,0train,0,right_hand,1,0,0|2|1,12.891223518265084,9.107339744660681,3.783883773604403
2,1,0train,0,right_hand,1,1,1|0|2,12.891223518265084,10.723777954510044,2.16744556375504
2,1,0train,0,right_hand,1,2,1|2|0,12.891223518265084,11.82590887650809,1.065314641756995
2,1,0train,0,right_hand,1,3,2|0|1,12.891223518265084,10.511050306360673,2.3801732119044114
2,1,0train,0,right_hand,1,4,2|1|0,12.891223518265084,11.962316863433143,0.9289066548319411
2,1,0train,0,feet,2,0,0|2|1,1.7227759023022309,1.0769383427799368,0.645837559522294
2,1,0train,0,feet,2,1,1|0|2,1.7227759023022309,1.0391137377508493,0.6836621645513816
2,1,0train,0,feet,2,2,1|2|0,1.7227759023022309,1.1796549185585772,0.5431209837436537
2,1,0train,0,feet,2,3,2|0|1,1.7227759023022309,1.0052241040246892,0.7175517982775417
2,1,0train,0,feet,2,4,2|1|0,1.7227759023022309,1.0679329792523724,0.6548429230498585
2,1,0train,0,tongue,3,0,0|2|1,12.513058658539657,12.001841075928835,0.5112175826108221
2,1,0train,0,tongue,3,1,1|0|2,12.513058658539657,11.85732270953889,0.6557359490007677
2,1,0train,0,tongue,3,2,1|2|0,12.513058658539657,10.851181091198129,1.661877567341529
2,1,0train,0,tongue,3,3,2|0|1,12.513058658539657,11.97478219686522,0.5382764616744371
2,1,0train,0,tongue,3,4,2|1|0,12.513058658539657,10.42911320513192,2.083945453407738
2,1,1test,1,left_hand,0,0,0|2|1,10.747633832563947,9.636992679665989,1.1106411528979585
2,1,1test,1,left_hand,0,1,1|0|2,10.747633832563947,10.851598462355778,-0.10396462979183063
2,1,1test,1,left_hand,0,2,1|2|0,10.747633832563947,10.920586593606105,-0.17295276104215773
2,1,1test,1,left_hand,0,3,2|0|1,10.747633832563947,10.018556265856597,0.7290775667073497
2,1,1test,1,left_hand,0,4,2|1|0,10.747633832563947,10.312161746346256,0.4354720862176915
2,1,1test,1,right_hand,1,0,0|2|1,16.56078807690549,14.427673670556096,2.1331144063493923
2,1,1test,1,right_hand,1,1,1|0|2,16.56078807690549,16.598730309470817,-0.03794223256532803
2,1,1test,1,right_hand,1,2,1|2|0,16.56078807690549,17.179648917786775,-0.6188608408812861
2,1,1test,1,right_hand,1,3,2|0|1,16.56078807690549,15.90840117178152,0.6523869051239686
2,1,1test,1,right_hand,1,4,2|1|0,16.56078807690549,16.633155784787565,-0.07236770788207636
2,1,1test,1,feet,2,0,0|2|1,3.0790001006559216,2.570383043725721,0.5086170569302007
2,1,1test,1,feet,2,1,1|0|2,3.0790001006559216,2.5841746305594238,0.4948254700964978
2,1,1test,1,feet,2,2,1|2|0,3.0790001006559216,2.7166100728105205,0.3623900278454011
2,1,1test,1,feet,2,3,2|0|1,3.0790001006559216,2.7607992281149665,0.3182008725409551
2,1,1test,1,feet,2,4,2|1|0,3.0790001006559216,2.6908773837113893,0.38812271694453226
2,1,1test,1,tongue,3,0,0|2|1,9.610618775760353,9.233752634848095,0.37686614091225756
2,1,1test,1,tongue,3,1,1|0|2,9.610618775760353,9.282449553611567,0.3281692221487855
2,1,1test,1,tongue,3,2,1|2|0,9.610618775760353,9.014847507852666,0.5957712679076863
2,1,1test,1,tongue,3,3,2|0|1,9.610618775760353,9.185045499072528,0.42557327668782463
2,1,1test,1,tongue,3,4,2|1|0,9.610618775760353,8.838361682500702,0.7722570932596504
2,3,0train,0,left_hand,0,0,0|2|1,9.471323943864967,7.390825005207119,2.080498938657848
2,3,0train,0,left_hand,0,1,1|0|2,9.471323943864967,7.9452739124414276,1.526050031423539
2,3,0train,0,left_hand,0,2,1|2|0,9.471323943864967,8.490855162375372,0.9804687814895949
2,3,0train,0,left_hand,0,3,2|0|1,9.471323943864967,7.586459554791336,1.8848643890736305
2,3,0train,0,left_hand,0,4,2|1|0,9.471323943864967,8.351166283737854,1.1201576601271128
2,3,0train,0,right_hand,1,0,0|2|1,9.3399112871622,6.744421261511161,2.5954900256510394
2,3,0train,0,right_hand,1,1,1|0|2,9.3399112871622,6.869123934642919,2.470787352519282
2,3,0train,0,right_hand,1,2,1|2|0,9.3399112871622,7.214199419280231,2.1257118678819698
2,3,0train,0,right_hand,1,3,2|0|1,9.3399112871622,7.5077167291815075,1.832194557980693
2,3,0train,0,right_hand,1,4,2|1|0,9.3399112871622,7.732154808506115,1.6077564786560856
2,3,0train,0,feet,2,0,0|2|1,1.7742009748844974,0.9523823599153325,0.8218186149691649
2,3,0train,0,feet,2,1,1|0|2,1.7742009748844974,0.9798736762726971,0.7943272986118003
2,3,0train,0,feet,2,2,1|2|0,1.7742009748844974,1.0825847167832519,0.6916162581012455
2,3,0train,0,feet,2,3,2|0|1,1.7742009748844974,0.8875507610253903,0.886650213859107
2,3,0train,0,feet,2,4,2|1|0,1.7742009748844974,1.0399228147586803,0.734278160125817
2,3,0train,0,tongue,3,0,0|2|1,9.844762249822852,9.987212778801355,-0.14245052897850385
2,3,0train,0,tongue,3,1,1|0|2,9.844762249822852,9.691078819937816,0.15368342988503514
2,3,0train,0,tongue,3,2,1|2|0,9.844762249822852,9.905008146941471,-0.060245897118619496
2,3,0train,0,tongue,3,3,2|0|1,9.844762249822852,9.818762061679937,0.026000188142914382
2,3,0train,0,tongue,3,4,2|1|0,9.844762249822852,9.686748944431063,0.1580133053917887
2,3,1test,1,left_hand,0,0,0|2|1,9.037432771598223,7.6979916425635935,1.339441129034629
2,3,1test,1,left_hand,0,1,1|0|2,9.037432771598223,7.918689985887436,1.1187427857107863
2,3,1test,1,left_hand,0,2,1|2|0,9.037432771598223,8.088029959614575,0.9494028119836475
2,3,1test,1,left_hand,0,3,2|0|1,9.037432771598223,7.876611017553015,1.160821754045208
2,3,1test,1,left_hand,0,4,2|1|0,9.037432771598223,7.98761471081883,1.0498180607793923
2,3,1test,1,right_hand,1,0,0|2|1,12.656618499731087,9.629891718261138,3.0267267814699483
2,3,1test,1,right_hand,1,1,1|0|2,12.656618499731087,10.917656321708082,1.7389621780230051
2,3,1test,1,right_hand,1,2,1|2|0,12.656618499731087,11.265367236091588,1.3912512636394982
2,3,1test,1,right_hand,1,3,2|0|1,12.656618499731087,10.526119342995406,2.130499156735681
2,3,1test,1,right_hand,1,4,2|1|0,12.656618499731087,11.135136842366999,1.5214816573640881
2,3,1test,1,feet,2,0,0|2|1,2.369480394086541,1.3386068149204455,1.0308735791660955
2,3,1test,1,feet,2,1,1|0|2,2.369480394086541,1.3990344851237246,0.9704459089628164
2,3,1test,1,feet,2,2,1|2|0,2.369480394086541,1.1987134781403166,1.1707669159462244
2,3,1test,1,feet,2,3,2|0|1,2.369480394086541,1.2662966974958336,1.1031836965907074
2,3,1test,1,feet,2,4,2|1|0,2.369480394086541,1.342056917870092,1.027423476216449
2,3,1test,1,tongue,3,0,0|2|1,9.38680139951632,8.778859652771244,0.6079417467450767
2,3,1test,1,tongue,3,1,1|0|2,9.38680139951632,8.959842597050894,0.4269588024654265
2,3,1test,1,tongue,3,2,1|2|0,9.38680139951632,8.6318151814448,0.7549862180715206
2,3,1test,1,tongue,3,3,2|0|1,9.38680139951632,8.881927226660803,0.5048741728555175
2,3,1test,1,tongue,3,4,2|1|0,9.38680139951632,8.572938661324933,0.8138627381913874
2,4,0train,0,left_hand,0,0,0|2|1,1.927832166069433,1.32421503937161,0.6036171266978232
2,4,0train,0,left_hand,0,1,1|0|2,1.927832166069433,1.7747277977822866,0.15310436828714646
2,4,0train,0,left_hand,0,2,1|2|0,1.927832166069433,1.9485899172813588,-0.02075775121192569
2,4,0train,0,left_hand,0,3,2|0|1,1.927832166069433,1.3242763046124033,0.6035558614570298
2,4,0train,0,left_hand,0,4,2|1|0,1.927832166069433,1.861587591593836,0.06624457447559706
2,4,0train,0,right_hand,1,0,0|2|1,1.4827229439367149,1.0597828217308882,0.42294012220582666
2,4,0train,0,right_hand,1,1,1|0|2,1.4827229439367149,1.218200232877335,0.26452271105937997
2,4,0train,0,right_hand,1,2,1|2|0,1.4827229439367149,1.180362783060948,0.3023601608757669
2,4,0train,0,right_hand,1,3,2|0|1,1.4827229439367149,1.2698512339455021,0.21287170999121274
2,4,0train,0,right_hand,1,4,2|1|0,1.4827229439367149,1.1258358134582898,0.35688713047842513
2,4,0train,0,feet,2,0,0|2|1,1.0831459146186957,0.6400200649414792,0.44312584967721647
2,4,0train,0,feet,2,1,1|0|2,1.0831459146186957,0.7006457062236044,0.38250020839509125
2,4,0train,0,feet,2,2,1|2|0,1.0831459146186957,0.6392505382994653,0.4438953763192304
2,4,0train,0,feet,2,3,2|0|1,1.0831459146186957,0.6455260712496438,0.4376198433690519
2,4,0train,0,feet,2,4,2|1|0,1.0831459146186957,0.7120826833640117,0.371063231254684
2,4,0train,0,tongue,3,0,0|2|1,1.754973075113432,1.7299830230215152,0.024990052091916848
2,4,0train,0,tongue,3,1,1|0|2,1.754973075113432,1.8533270635186287,-0.09835398840519671
2,4,0train,0,tongue,3,2,1|2|0,1.754973075113432,1.4869020952748686,0.26807097983856343
2,4,0train,0,tongue,3,3,2|0|1,1.754973075113432,1.8120456967541996,-0.05707262164076754
2,4,0train,0,tongue,3,4,2|1|0,1.754973075113432,1.6604519948859406,0.0945210802274914
2,4,1test,1,left_hand,0,0,0|2|1,5.891223682896093,5.2072405838548,0.683983099041293
2,4,1test,1,left_hand,0,1,1|0|2,5.891223682896093,5.862666810875915,0.02855687202017787
2,4,1test,1,left_hand,0,2,1|2|0,5.891223682896093,6.035332398769492,-0.1441087158733989
2,4,1test,1,left_hand,0,3,2|0|1,5.891223682896093,5.826523854754145,0.06469982814194797
2,4,1test,1,left_hand,0,4,2|1|0,5.891223682896093,5.701222139132593,0.19000154376349965
2,4,1test,1,right_hand,1,0,0|2|1,3.571212258092731,3.136595451048634,0.434616807044097
2,4,1test,1,right_hand,1,1,1|0|2,3.571212258092731,4.079651516674772,-0.5084392585820416
2,4,1test,1,right_hand,1,2,1|2|0,3.571212258092731,3.87621375489564,-0.30500149680290933
2,4,1test,1,right_hand,1,3,2|0|1,3.571212258092731,4.330474931469157,-0.7592626733764258
2,4,1test,1,right_hand,1,4,2|1|0,3.571212258092731,3.785195371548638,-0.21398311345590715
2,4,1test,1,feet,2,0,0|2|1,2.0278407856066702,1.2617894427654281,0.7660513428412421
2,4,1test,1,feet,2,1,1|0|2,2.0278407856066702,1.271946151891865,0.7558946337148051
2,4,1test,1,feet,2,2,1|2|0,2.0278407856066702,1.2851366068598813,0.742704178746789
2,4,1test,1,feet,2,3,2|0|1,2.0278407856066702,1.2771641244937457,0.7506766611129245
2,4,1test,1,feet,2,4,2|1|0,2.0278407856066702,1.332559600788185,0.6952811848184852
2,4,1test,1,tongue,3,0,0|2|1,3.520931077463789,3.7253557228241734,-0.20442464536038418
2,4,1test,1,tongue,3,1,1|0|2,3.520931077463789,3.6897480980329878,-0.16881702056919856
2,4,1test,1,tongue,3,2,1|2|0,3.520931077463789,3.708461501830725,-0.187530424366936
2,4,1test,1,tongue,3,3,2|0|1,3.520931077463789,3.5853134374320823,-0.06438235996829311
2,4,1test,1,tongue,3,4,2|1|0,3.520931077463789,3.4970236621043496,0.023907415359439632
2,5,0train,0,left_hand,0,0,0|2|1,1.15144885942816,0.7395206532847174,0.4119282061434426
2,5,0train,0,left_hand,0,1,1|0|2,1.15144885942816,1.2258377499829778,-0.07438889055481779
2,5,0train,0,left_hand,0,2,1|2|0,1.15144885942816,1.3354262077520849,-0.18397734832392487
2,5,0train,0,left_hand,0,3,2|0|1,1.15144885942816,0.6750082818805602,0.47644057754759983
2,5,0train,0,left_hand,0,4,2|1|0,1.15144885942816,1.2505573863408492,-0.09910852691268923
2,5,0train,0,right_hand,1,0,0|2|1,1.5669675862922243,0.8519492369471292,0.7150183493450951
2,5,0train,0,right_hand,1,1,1|0|2,1.5669675862922243,1.0217020774428256,0.5452655088493987
2,5,0train,0,right_hand,1,2,1|2|0,1.5669675862922243,1.0546663002219354,0.5123012860702889
2,5,0train,0,right_hand,1,3,2|0|1,1.5669675862922243,0.9417008209799719,0.6252667653122524
2,5,0train,0,right_hand,1,4,2|1|0,1.5669675862922243,1.130329532367734,0.4366380539244903
2,5,0train,0,feet,2,0,0|2|1,0.9767367727810681,0.7164880556036745,0.2602487171773936
2,5,0train,0,feet,2,1,1|0|2,0.9767367727810681,0.7181685366681462,0.2585682361129219
2,5,0train,0,feet,2,2,1|2|0,0.9767367727810681,0.729316653416344,0.24742011936472408
2,5,0train,0,feet,2,3,2|0|1,0.9767367727810681,0.6884614630566377,0.2882753097244304
2,5,0train,0,feet,2,4,2|1|0,0.9767367727810681,0.7268262220517067,0.2499105507293614
2,5,0train,0,tongue,3,0,0|2|1,1.6200466485022489,1.4661391835233992,0.15390746497884966
2,5,0train,0,tongue,3,1,1|0|2,1.6200466485022489,1.497369091563696,0.12267755693855298
2,5,0train,0,tongue,3,2,1|2|0,1.6200466485022489,1.2602375643064656,0.3598090841957833
2,5,0train,0,tongue,3,3,2|0|1,1.6200466485022489,1.3322108759992555,0.2878357725029934
2,5,0train,0,tongue,3,4,2|1|0,1.6200466485022489,1.3054275345030282,0.3146191139992207
2,5,1test,1,left_hand,0,0,0|2|1,1.649178859059486,1.0905003790587942,0.5586784800006919
2,5,1test,1,left_hand,0,1,1|0|2,1.649178859059486,1.413136003438023,0.2360428556214631
2,5,1test,1,left_hand,0,2,1|2|0,1.649178859059486,1.3391014572291136,0.31007740183037247
2,5,1test,1,left_hand,0,3,2|0|1,1.649178859059486,1.1779578184142458,0.4712210406452402
2,5,1test,1,left_hand,0,4,2|1|0,1.649178859059486,1.4325174771984643,0.21666138186102168
2,5,1test,1,right_hand,1,0,0|2|1,1.6984088790734733,0.7796496437173653,0.9187592353561079
2,5,1test,1,right_hand,1,1,1|0|2,1.6984088790734733,1.2652661536909444,0.43314272538252885
2,5,1test,1,right_hand,1,2,1|2|0,1.6984088790734733,1.2957075047085176,0.4027013743649557
2,5,1test,1,right_hand,1,3,2|0|1,1.6984088790734733,0.7647408127799822,0.9336680662934911
2,5,1test,1,right_hand,1,4,2|1|0,1.6984088790734733,1.282618837417213,0.4157900416562603
2,5,1test,1,feet,2,0,0|2|1,0.8296526158342952,0.5201727448475403,0.3094798709867549
2,5,1test,1,feet,2,1,1|0|2,0.8296526158342952,0.5614783316398048,0.2681742841944904
2,5,1test,1,feet,2,2,1|2|0,0.8296526158342952,0.4994658143757277,0.3301868014585675
2,5,1test,1,feet,2,3,2|0|1,0.8296526158342952,0.6336725129525641,0.19598010288173107
2,5,1test,1,feet,2,4,2|1|0,0.8296526158342952,0.6192181871077049,0.21043442872659024
2,5,1test,1,tongue,3,0,0|2|1,1.713861538728938,1.269029507029509,0.444832031699429
2,5,1test,1,tongue,3,1,1|0|2,1.713861538728938,1.2080546257754579,0.5058069129534801
2,5,1test,1,tongue,3,2,1|2|0,1.713861538728938,1.223200981306107,0.4906605574228309
2,5,1test,1,tongue,3,3,2|0|1,1.713861538728938,1.1598530229601105,0.5540085157688275
2,5,1test,1,tongue,3,4,2|1|0,1.713861538728938,1.0980475524229905,0.6158139863059475
2,6,0train,0,left_hand,0,0,0|2|1,2.3483652303193354,2.0865662494559394,0.26179898086339604
2,6,0train,0,left_hand,0,1,1|0|2,2.3483652303193354,2.1329645446827237,0.21540068563661174
2,6,0train,0,left_hand,0,2,1|2|0,2.3483652303193354,2.085529926422764,0.2628353038965714
2,6,0train,0,left_hand,0,3,2|0|1,2.3483652303193354,2.3956001148129067,-0.04723488449357127
2,6,0train,0,left_hand,0,4,2|1|0,2.3483652303193354,1.6566591353567426,0.6917060949625928
2,6,0train,0,right_hand,1,0,0|2|1,1.748805322145166,1.2030412027767747,0.5457641193683913
2,6,0train,0,right_hand,1,1,1|0|2,1.748805322145166,1.6594716557159914,0.08933366642917462
2,6,0train,0,right_hand,1,2,1|2|0,1.748805322145166,1.4590753532738798,0.2897299688712862
2,6,0train,0,right_hand,1,3,2|0|1,1.748805322145166,1.7905914191215775,-0.041786096976411446
2,6,0train,0,right_hand,1,4,2|1|0,1.748805322145166,1.3639412254124215,0.3848640967327446
2,6,0train,0,feet,2,0,0|2|1,0.8738928254854905,0.48880993288082625,0.3850828926046643
2,6,0train,0,feet,2,1,1|0|2,0.8738928254854905,0.5078100007904478,0.3660828246950427
2,6,0train,0,feet,2,2,1|2|0,0.8738928254854905,0.4298206411386652,0.4440721843468253
2,6,0train,0,feet,2,3,2|0|1,0.8738928254854905,0.4536238339226004,0.4202689915628901
2,6,0train,0,feet,2,4,2|1|0,0.8738928254854905,0.46980088182580065,0.40409194365968987
2,6,0train,0,tongue,3,0,0|2|1,1.9512682639257206,1.882137364239728,0.06913089968599251
2,6,0train,0,tongue,3,1,1|0|2,1.9512682639257206,1.9624427549107657,-0.011174490985045082
2,6,0train,0,tongue,3,2,1|2|0,1.9512682639257206,1.8909192266131172,0.06034903731260344
2,6,0train,0,tongue,3,3,2|0|1,1.9512682639257206,2.0356148486976444,-0.0843465847719238
2,6,0train,0,tongue,3,4,2|1|0,1.9512682639257206,1.865327175364157,0.08594108856156368
2,6,1test,1,left_hand,0,0,0|2|1,3.5558090961321955,3.114207395182259,0.44160170094993667
2,6,1test,1,left_hand,0,1,1|0|2,3.5558090961321955,3.1581139324191465,0.397695163713049
2,6,1test,1,left_hand,0,2,1|2|0,3.5558090961321955,3.1965523967908034,0.35925669934139215
2,6,1test,1,left_hand,0,3,2|0|1,3.5558090961321955,3.26460958541114,0.29119951072105543
2,6,1test,1,left_hand,0,4,2|1|0,3.5558090961321955,3.036026982350994,0.5197821137812015
2,6,1test,1,right_hand,1,0,0|2|1,2.116640197787758,1.2407187342455777,0.8759214635421804
2,6,1test,1,right_hand,1,1,1|0|2,2.116640197787758,1.5288446060037233,0.5877955917840347
2,6,1test,1,right_hand,1,2,1|2|0,2.116640197787758,1.861020342812497,0.2556198549752611
2,6,1test,1,right_hand,1,3,2|0|1,2.116640197787758,1.5268738976960983,0.5897663000916598
2,6,1test,1,right_hand,1,4,2|1|0,2.116640197787758,1.4634752058887317,0.6531649918990263
2,6,1test,1,feet,2,0,0|2|1,1.6829663222808025,0.8365864869698452,0.8463798353109573
2,6,1test,1,feet,2,1,1|0|2,1.6829663222808025,0.8902406299521278,0.7927256923286746
2,6,1test,1,feet,2,2,1|2|0,1.6829663222808025,0.8159135120748637,0.8670528102059387
2,6,1test,1,feet,2,3,2|0|1,1.6829663222808025,0.788793131130005,0.8941731911507974
2,6,1test,1,feet,2,4,2|1|0,1.6829663222808025,0.8209926169826434,0.8619737052981591
2,6,1test,1,tongue,3,0,0|2|1,1.646211136164306,1.2087893579591642,0.4374217782051417
2,6,1test,1,tongue,3,1,1|0|2,1.646211136164306,1.0759096582406509,0.570301477923655
2,6,1test,1,tongue,3,2,1|2|0,1.646211136164306,1.2096504331853617,0.4365607029789442
2,6,1test,1,tongue,3,3,2|0|1,1.646211136164306,1.218314406870004,0.4278967292943019
2,6,1test,1,tongue,3,4,2|1|0,1.646211136164306,1.2382251050948054,0.4079860310695005
2,7,0train,0,left_hand,0,0,0|2|1,5.969375937918215,3.6969816266614735,2.272394311256742
2,7,0train,0,left_hand,0,1,1|0|2,5.969375937918215,5.7902822888363845,0.1790936490818309
2,7,0train,0,left_hand,0,2,1|2|0,5.969375937918215,6.433514580200988,-0.4641386422827729
2,7,0train,0,left_hand,0,3,2|0|1,5.969375937918215,4.846787408874135,1.12258852904408
2,7,0train,0,left_hand,0,4,2|1|0,5.969375937918215,5.276164771614148,0.6932111663040672
2,7,0train,0,right_hand,1,0,0|2|1,4.187397642596183,1.5731347115215943,2.614262931074589
2,7,0train,0,right_hand,1,1,1|0|2,4.187397642596183,2.800074629451376,1.3873230131448073
2,7,0train,0,right_hand,1,2,1|2|0,4.187397642596183,3.027020657550286,1.1603769850458971
2,7,0train,0,right_hand,1,3,2|0|1,4.187397642596183,2.8790089977664035,1.3083886448297797
2,7,0train,0,right_hand,1,4,2|1|0,4.187397642596183,3.180619944411748,1.0067776981844352
2,7,0train,0,feet,2,0,0|2|1,2.2338652102667598,0.7064988334360839,1.5273663768306758
2,7,0train,0,feet,2,1,1|0|2,2.2338652102667598,1.0147955519614411,1.2190696583053187
2,7,0train,0,feet,2,2,1|2|0,2.2338652102667598,0.7419134727512047,1.491951737515555
2,7,0train,0,feet,2,3,2|0|1,2.2338652102667598,0.7592347611248994,1.4746304491418605
2,7,0train,0,feet,2,4,2|1|0,2.2338652102667598,0.7688809769246091,1.4649842333421508
2,7,0train,0,tongue,3,0,0|2|1,7.669306559918685,6.560885987427101,1.1084205724915845
2,7,0train,0,tongue,3,1,1|0|2,7.669306559918685,6.67672208998511,0.9925844699335755
2,7,0train,0,tongue,3,2,1|2|0,7.669306559918685,5.888293826539311,1.7810127333793746
2,7,0train,0,tongue,3,3,2|0|1,7.669306559918685,6.20641829113733,1.4628882687813558
2,7,0train,0,tongue,3,4,2|1|0,7.669306559918685,5.6441041059798565,2.025202453938829
2,7,1test,1,left_hand,0,0,0|2|1,6.124012243130039,4.470299950862776,1.6537122922672634
2,7,1test,1,left_hand,0,1,1|0|2,6.124012243130039,5.005117459635022,1.1188947834950174
2,7,1test,1,left_hand,0,2,1|2|0,6.124012243130039,5.151922476706042,0.9720897664239976
2,7,1test,1,left_hand,0,3,2|0|1,6.124012243130039,4.865341953582441,1.2586702895475979
2,7,1test,1,left_hand,0,4,2|1|0,6.124012243130039,4.63473172095279,1.489280522177249
2,7,1test,1,right_hand,1,0,0|2|1,5.897161388948896,3.240375585888463,2.656785803060433
2,7,1test,1,right_hand,1,1,1|0|2,5.897161388948896,4.366775081699498,1.5303863072493975
2,7,1test,1,right_hand,1,2,1|2|0,5.897161388948896,4.4193072982738455,1.4778540906750504
2,7,1test,1,right_hand,1,3,2|0|1,5.897161388948896,4.3338240735900255,1.5633373153588703
2,7,1test,1,right_hand,1,4,2|1|0,5.897161388948896,4.822798510274416,1.0743628786744797
2,7,1test,1,feet,2,0,0|2|1,3.0571104949259547,0.9494780722512712,2.1076324226746834
2,7,1test,1,feet,2,1,1|0|2,3.0571104949259547,1.2932083453115508,1.7639021496144038
2,7,1test,1,feet,2,2,1|2|0,3.0571104949259547,0.9523453601158861,2.1047651348100684
2,7,1test,1,feet,2,3,2|0|1,3.0571104949259547,1.2125537337320214,1.8445567611939333
2,7,1test,1,feet,2,4,2|1|0,3.0571104949259547,1.365041683571999,1.6920688113539557
2,7,1test,1,tongue,3,0,0|2|1,6.931704522736081,6.13255549327124,0.7991490294648411
2,7,1test,1,tongue,3,1,1|0|2,6.931704522736081,6.415689185700803,0.5160153370352782
2,7,1test,1,tongue,3,2,1|2|0,6.931704522736081,6.06156745906492,0.8701370636711614
2,7,1test,1,tongue,3,3,2|0|1,6.931704522736081,5.9816780992218765,0.9500264235142044
2,7,1test,1,tongue,3,4,2|1|0,6.931704522736081,5.930011012598592,1.001693510137489
2,8,0train,0,left_hand,0,0,0|2|1,5.833724092486758,5.544855649150969,0.2888684433357893
2,8,0train,0,left_hand,0,1,1|0|2,5.833724092486758,4.774044551152404,1.0596795413343543
2,8,0train,0,left_hand,0,2,1|2|0,5.833724092486758,5.391953824078457,0.4417702684083009
2,8,0train,0,left_hand,0,3,2|0|1,5.833724092486758,3.92316068899998,1.910563403486778
2,8,0train,0,left_hand,0,4,2|1|0,5.833724092486758,6.933921261131646,-1.100197168644888
2,8,0train,0,right_hand,1,0,0|2|1,4.059383110755651,4.4500899549159465,-0.3907068441602952
2,8,0train,0,right_hand,1,1,1|0|2,4.059383110755651,3.282347552980033,0.7770355577756183
2,8,0train,0,right_hand,1,2,1|2|0,4.059383110755651,4.0642632633076365,-0.004880152551985262
2,8,0train,0,right_hand,1,3,2|0|1,4.059383110755651,3.3091940177659422,0.750189092989709
2,8,0train,0,right_hand,1,4,2|1|0,4.059383110755651,4.223763237411846,-0.1643801266561944
2,8,0train,0,feet,2,0,0|2|1,2.285133681134965,1.5824960455273949,0.7026376356075701
2,8,0train,0,feet,2,1,1|0|2,2.285133681134965,1.6132216494080405,0.6719120317269245
2,8,0train,0,feet,2,2,1|2|0,2.285133681134965,1.4218491259569888,0.8632845551779762
2,8,0train,0,feet,2,3,2|0|1,2.285133681134965,1.4876404836022723,0.7974931975326927
2,8,0train,0,feet,2,4,2|1|0,2.285133681134965,1.4423044418132727,0.8428292393216923
2,8,0train,0,tongue,3,0,0|2|1,11.25302125205528,10.943028983711237,0.30999226834404325
2,8,0train,0,tongue,3,1,1|0|2,11.25302125205528,9.822093182005105,1.4309280700501752
2,8,0train,0,tongue,3,2,1|2|0,11.25302125205528,10.959780550738573,0.2932407013167069
2,8,0train,0,tongue,3,3,2|0|1,11.25302125205528,10.6918558089958,0.5611654430594797
2,8,0train,0,tongue,3,4,2|1|0,11.25302125205528,11.065802110201606,0.1872191418536744
2,8,1test,1,left_hand,0,0,0|2|1,8.246094370725675,7.764271118967254,0.48182325175842156
2,8,1test,1,left_hand,0,1,1|0|2,8.246094370725675,7.387840680499166,0.8582536902265092
2,8,1test,1,left_hand,0,2,1|2|0,8.246094370725675,7.778901054150323,0.46719331657535257
2,8,1test,1,left_hand,0,3,2|0|1,8.246094370725675,7.139061303327409,1.107033067398266
2,8,1test,1,left_hand,0,4,2|1|0,8.246094370725675,8.26858808629844,-0.022493715572764472
2,8,1test,1,right_hand,1,0,0|2|1,4.470231213501403,4.994552653426226,-0.5243214399248224
2,8,1test,1,right_hand,1,1,1|0|2,4.470231213501403,3.540373272268495,0.9298579412329082
2,8,1test,1,right_hand,1,2,1|2|0,4.470231213501403,4.00725437369592,0.4629768398054832
2,8,1test,1,right_hand,1,3,2|0|1,4.470231213501403,3.604492910485484,0.8657383030159194
2,8,1test,1,right_hand,1,4,2|1|0,4.470231213501403,3.999375494963928,0.4708557185374751
2,8,1test,1,feet,2,0,0|2|1,2.115668057497331,1.112637555237588,1.0030305022597428
2,8,1test,1,feet,2,1,1|0|2,2.115668057497331,1.2394872902579328,0.876180767239398
2,8,1test,1,feet,2,2,1|2|0,2.115668057497331,1.2492235377287932,0.8664445197685375
2,8,1test,1,feet,2,3,2|0|1,2.115668057497331,1.0949187285291375,1.0207493289681933
2,8,1test,1,feet,2,4,2|1|0,2.115668057497331,1.024174628049451,1.0914934294478797
2,8,1test,1,tongue,3,0,0|2|1,8.317510025328536,7.914971772980291,0.40253825234824525
2,8,1test,1,tongue,3,1,1|0|2,8.317510025328536,8.045391386104672,0.2721186392238639
2,8,1test,1,tongue,3,2,1|2|0,8.317510025328536,8.063423417044698,0.25408660828383844
2,8,1test,1,tongue,3,3,2|0|1,8.317510025328536,8.010412328184076,0.3070976971444601
2,8,1test,1,tongue,3,4,2|1|0,8.317510025328536,7.931371525452652,0.38613849987588456
2,9,0train,0,left_hand,0,0,0|2|1,8.539243341016778,6.959914151127601,1.5793291898891777
2,9,0train,0,left_hand,0,1,1|0|2,8.539243341016778,7.80014127227502,0.739102068741758
2,9,0train,0,left_hand,0,2,1|2|0,8.539243341016778,8.684883997550736,-0.14564065653395808
2,9,0train,0,left_hand,0,3,2|0|1,8.539243341016778,7.015291888986478,1.5239514520303006
2,9,0train,0,left_hand,0,4,2|1|0,8.539243341016778,7.937046379237854,0.6021969617789242
2,9,0train,0,right_hand,1,0,0|2|1,3.882176056783928,3.0494265694586917,0.8327494873252363
2,9,0train,0,right_hand,1,1,1|0|2,3.882176056783928,3.2396705433894364,0.6425055133944917
2,9,0train,0,right_hand,1,2,1|2|0,3.882176056783928,3.556255221075305,0.3259208357086232
2,9,0train,0,right_hand,1,3,2|0|1,3.882176056783928,3.112360640451572,0.7698154163323561
2,9,0train,0,right_hand,1,4,2|1|0,3.882176056783928,3.3363148111752716,0.5458612456086565
2,9,0train,0,feet,2,0,0|2|1,1.7788620690576769,0.9083693278673518,0.870492741190325
2,9,0train,0,feet,2,1,1|0|2,1.7788620690576769,1.198325151712378,0.5805369173452988
2,9,0train,0,feet,2,2,1|2|0,1.7788620690576769,0.9301130377384905,0.8487490313191863
2,9,0train,0,feet,2,3,2|0|1,1.7788620690576769,0.9668023484094216,0.8120597206482553
2,9,0train,0,feet,2,4,2|1|0,1.7788620690576769,0.9764126798690822,0.8024493891885947
2,9,0train,0,tongue,3,0,0|2|1,13.188247982317606,12.85085444119186,0.3373935411257456
2,9,0train,0,tongue,3,1,1|0|2,13.188247982317606,12.697372528880349,0.4908754534372566
2,9,0train,0,tongue,3,2,1|2|0,13.188247982317606,12.438546597819577,0.749701384498028
2,9,0train,0,tongue,3,3,2|0|1,13.188247982317606,12.582780232882342,0.6054677494352632
2,9,0train,0,tongue,3,4,2|1|0,13.188247982317606,12.391393054401957,0.796854927915648
2,9,1test,1,left_hand,0,0,0|2|1,39.9514823248579,36.72128130444643,3.230201020411471
2,9,1test,1,left_hand,0,1,1|0|2,39.9514823248579,37.1982702568037,2.7532120680541965
2,9,1test,1,left_hand,0,2,1|2|0,39.9514823248579,37.8715335963204,2.0799487285375022
2,9,1test,1,left_hand,0,3,2|0|1,39.9514823248579,37.165730030141454,2.7857522947164455
2,9,1test,1,left_hand,0,4,2|1|0,39.9514823248579,37.74213762657616,2.2093446982817397
2,9,1test,1,right_hand,1,0,0|2|1,3.7068574638006884,3.655077320021213,0.051780143779475374
2,9,1test,1,right_hand,1,1,1|0|2,3.7068574638006884,3.868313664257154,-0.16145620045646547
2,9,1test,1,right_hand,1,2,1|2|0,3.7068574638006884,3.83393205591531,-0.1270745921146217
2,9,1test,1,right_hand,1,3,2|0|1,3.7068574638006884,3.5588465698713683,0.1480108939293201
2,9,1test,1,right_hand,1,4,2|1|0,3.7068574638006884,4.436365994501943,-0.729508530701255
2,9,1test,1,feet,2,0,0|2|1,4.78295174415235,2.562824627264942,2.220127116887408
2,9,1test,1,feet,2,1,1|0|2,4.78295174415235,2.652741548571455,2.130210195580895
2,9,1test,1,feet,2,2,1|2|0,4.78295174415235,2.5356253749875868,2.2473263691647634
2,9,1test,1,feet,2,3,2|0|1,4.78295174415235,2.6260973072189864,2.1568544369333638
2,9,1test,1,feet,2,4,2|1|0,4.78295174415235,2.7313565209277093,2.051595223224641
2,9,1test,1,tongue,3,0,0|2|1,20.497567541476865,19.529531145758124,0.968036395718741
2,9,1test,1,tongue,3,1,1|0|2,20.497567541476865,19.67460828843943,0.8229592530374354
2,9,1test,1,tongue,3,2,1|2|0,20.497567541476865,19.268782406620602,1.2287851348562633
2,9,1test,1,tongue,3,3,2|0|1,20.497567541476865,19.691183468724383,0.8063840727524827
2,9,1test,1,tongue,3,4,2|1|0,20.497567541476865,19.742385635310832,0.7551819061660332
3,1,0train,0,left_hand,0,0,0|2|1,0.4081608803559893,0.39865930633862656,0.009501574017362735
3,1,0train,0,left_hand,0,1,1|0|2,0.4081608803559893,0.3142001456580866,0.09396073469790267
3,1,0train,0,left_hand,0,2,1|2|0,0.4081608803559893,0.40609258435857426,0.0020682959974150372
3,1,0train,0,left_hand,0,3,2|0|1,0.4081608803559893,0.707579644145874,-0.29941876378988475
3,1,0train,0,left_hand,0,4,2|1|0,0.4081608803559893,0.7197725984377407,-0.31161171808175137
3,1,0train,0,right_hand,1,0,0|2|1,0.6966878452375069,0.47031152869814835,0.22637631653935858
3,1,0train,0,right_hand,1,1,1|0|2,0.6966878452375069,0.4964889059087558,0.20019893932875116
3,1,0train,0,right_hand,1,2,1|2|0,0.6966878452375069,0.682983023108438,0.013704822129068983
3,1,0train,0,right_hand,1,3,2|0|1,0.6966878452375069,0.7409861342124001,-0.044298288974893185
3,1,0train,0,right_hand,1,4,2|1|0,0.6966878452375069,1.1546513215479648,-0.45796347631045786
3,1,0train,0,feet,2,0,0|2|1,1.1382439206425796,1.5832968263796334,-0.4450529057370538
3,1,0train,0,feet,2,1,1|0|2,1.1382439206425796,0.9477435319572107,0.1905003886853689
3,1,0train,0,feet,2,2,1|2|0,1.1382439206425796,1.069197829946341,0.06904609069623868
3,1,0train,0,feet,2,3,2|0|1,1.1382439206425796,1.6454892062737752,-0.5072452856311955
3,1,0train,0,feet,2,4,2|1|0,1.1382439206425796,1.16902421557229,-0.03078029492971046
3,1,0train,0,tongue,3,0,0|2|1,0.45667538887740666,0.6093039489434576,-0.15262856006605097
3,1,0train,0,tongue,3,1,1|0|2,0.45667538887740666,0.27837998171839995,0.1782954071590067
3,1,0train,0,tongue,3,2,1|2|0,0.45667538887740666,0.6231152012888168,-0.16643981241141015
3,1,0train,0,tongue,3,3,2|0|1,0.45667538887740666,0.5516957197674764,-0.09502033089006978
3,1,0train,0,tongue,3,4,2|1|0,0.45667538887740666,0.5034378321287792,-0.046762443251372576
3,1,1test,1,left_hand,0,0,0|2|1,0.5012620412221669,0.3255475851869805,0.17571445603518637
3,1,1test,1,left_hand,0,1,1|0|2,0.5012620412221669,0.49747231626729016,0.0037897249548767276
3,1,1test,1,left_hand,0,2,1|2|0,0.5012620412221669,0.5555284901082377,-0.054266448886070795
3,1,1test,1,left_hand,0,3,2|0|1,0.5012620412221669,0.8128932534629061,-0.3116312122407392
3,1,1test,1,left_hand,0,4,2|1|0,0.5012620412221669,0.9211015997040526,-0.4198395584818857
3,1,1test,1,right_hand,1,0,0|2|1,0.7027830223857254,0.32411728250175714,0.3786657398839683
3,1,1test,1,right_hand,1,1,1|0|2,0.7027830223857254,0.4115145847914606,0.29126843759426485
3,1,1test,1,right_hand,1,2,1|2|0,0.7027830223857254,0.5181570666393327,0.18462595574639273
3,1,1test,1,right_hand,1,3,2|0|1,0.7027830223857254,0.882782342485454,-0.17999932009972852
3,1,1test,1,right_hand,1,4,2|1|0,0.7027830223857254,1.1213063969898065,-0.41852337460408107
3,1,1test,1,feet,2,0,0|2|1,1.602925015688245,2.302734787892721,-0.6998097722044758
3,1,1test,1,feet,2,1,1|0|2,1.602925015688245,1.2089888365808428,0.3939361791074023
3,1,1test,1,feet,2,2,1|2|0,1.602925015688245,1.8689890925380281,-0.26606407684978306
3,1,1test,1,feet,2,3,2|0|1,1.602925015688245,2.1967307958165883,-0.5938057801283432
3,1,1test,1,feet,2,4,2|1|0,1.602925015688245,1.8319332921018423,-0.22900827641359722
3,1,1test,1,tongue,3,0,0|2|1,0.44087627472909674,0.8277208947672149,-0.38684462003811815
3,1,1test,1,tongue,3,1,1|0|2,0.44087627472909674,0.2371543164559171,0.20372195827317963
3,1,1test,1,tongue,3,2,1|2|0,0.44087627472909674,0.6420060740430935,-0.20112979931399677
3,1,1test,1,tongue,3,3,2|0|1,0.44087627472909674,0.7627090667152795,-0.32183279198618275
3,1,1test,1,tongue,3,4,2|1|0,0.44087627472909674,0.5525670102390325,-0.1116907355099358
3,2,0train,0,left_hand,0,0,0|2|1,0.9805802127034234,0.760100732950408,0.2204794797530154
3,2,0train,0,left_hand,0,1,1|0|2,0.9805802127034234,0.8223756683360923,0.1582045443673311
3,2,0train,0,left_hand,0,2,1|2|0,0.9805802127034234,0.7793666172416558,0.20121359546176765
3,2,0train,0,left_hand,0,3,2|0|1,0.9805802127034234,0.8750591970775561,0.10552101562586735
3,2,0train,0,left_hand,0,4,2|1|0,0.9805802127034234,0.8751775009642153,0.10540271173920812
3,2,0train,0,right_hand,1,0,0|2|1,1.1646670852689038,0.8522021433570067,0.3124649419118971
3,2,0train,0,right_hand,1,1,1|0|2,1.1646670852689038,0.8558295931857998,0.30883749208310407
3,2,0train,0,right_hand,1,2,1|2|0,1.1646670852689038,0.8820183566678604,0.2826487286010434
3,2,0train,0,right_hand,1,3,2|0|1,1.1646670852689038,0.8988888006917276,0.2657782845771762
3,2,0train,0,right_hand,1,4,2|1|0,1.1646670852689038,0.9219719162084009,0.24269516906050292
3,2,0train,0,feet,2,0,0|2|1,2.124702888131068,0.9582561792171134,1.1664467089139545
3,2,0train,0,feet,2,1,1|0|2,2.124702888131068,1.188678244593537,0.9360246435375308
3,2,0train,0,feet,2,2,1|2|0,2.124702888131068,1.3600427673651134,0.7646601207659545
3,2,0train,0,feet,2,3,2|0|1,2.124702888131068,1.0103262859519127,1.1143766021791552
3,2,0train,0,feet,2,4,2|1|0,2.124702888131068,1.287745869692671,0.836957018438397
3,2,0train,0,tongue,3,0,0|2|1,1.2965971226263466,1.3221180891603304,-0.025520966533983724
3,2,0train,0,tongue,3,1,1|0|2,1.2965971226263466,1.2976469150425836,-0.0010497924162369277
3,2,0train,0,tongue,3,2,1|2|0,1.2965971226263466,1.3353155858317072,-0.03871846320536054
3,2,0train,0,tongue,3,3,2|0|1,1.2965971226263466,1.3107563440324275,-0.014159221406080835
3,2,0train,0,tongue,3,4,2|1|0,1.2965971226263466,1.2628807355316714,0.03371638709467528
3,2,1test,1,left_hand,0,0,0|2|1,1.4606126659832175,1.2379283892747615,0.22268427670845603
3,2,1test,1,left_hand,0,1,1|0|2,1.4606126659832175,1.2605271768741402,0.2000854891090773
3,2,1test,1,left_hand,0,2,1|2|0,1.4606126659832175,1.2510574385513573,0.20955522743186017
3,2,1test,1,left_hand,0,3,2|0|1,1.4606126659832175,1.326639051818495,0.13397361416472253
3,2,1test,1,left_hand,0,4,2|1|0,1.4606126659832175,1.2539888552882348,0.2066238106949827
3,2,1test,1,right_hand,1,0,0|2|1,1.0132111373393504,0.7510427546816748,0.2621683826576756
3,2,1test,1,right_hand,1,1,1|0|2,1.0132111373393504,0.8485055539483568,0.16470558339099362
3,2,1test,1,right_hand,1,2,1|2|0,1.0132111373393504,0.8250400785869557,0.1881710587523947
3,2,1test,1,right_hand,1,3,2|0|1,1.0132111373393504,0.9094123315077104,0.10379880583164003
3,2,1test,1,right_hand,1,4,2|1|0,1.0132111373393504,0.8810861647203085,0.13212497261904188
3,2,1test,1,feet,2,0,0|2|1,1.575991342871369,0.9112006224235203,0.6647907204478487
3,2,1test,1,feet,2,1,1|0|2,1.575991342871369,0.9700168456673212,0.6059744972040478
3,2,1test,1,feet,2,2,1|2|0,1.575991342871369,0.8129977160314001,0.7629936268399689
3,2,1test,1,feet,2,3,2|0|1,1.575991342871369,0.8224352725920032,0.7535560702793658
3,2,1test,1,feet,2,4,2|1|0,1.575991342871369,0.8996998838035646,0.6762914590678044
3,2,1test,1,tongue,3,0,0|2|1,1.6281027933349765,1.5112530739182028,0.11684971941677369
3,2,1test,1,tongue,3,1,1|0|2,1.6281027933349765,1.5526440105770034,0.07545878275797313
3,2,1test,1,tongue,3,2,1|2|0,1.6281027933349765,1.537905008854477,0.09019778448049953
3,2,1test,1,tongue,3,3,2|0|1,1.6281027933349765,1.5065932516761635,0.121509541658813
3,2,1test,1,tongue,3,4,2|1|0,1.6281027933349765,1.483774276060357,0.1443285172746196
3,4,0train,0,left_hand,0,0,0|2|1,0.5111962286029269,0.5937552627693544,-0.08255903416642751
3,4,0train,0,left_hand,0,1,1|0|2,0.5111962286029269,0.5100117558093028,0.0011844727936241028
3,4,0train,0,left_hand,0,2,1|2|0,0.5111962286029269,0.5183989494144101,-0.00720272081148321
3,4,0train,0,left_hand,0,3,2|0|1,0.5111962286029269,0.5970428283503273,-0.08584659974740039
3,4,0train,0,left_hand,0,4,2|1|0,0.5111962286029269,0.5409376532208731,-0.029741424617946155
3,4,0train,0,right_hand,1,0,0|2|1,0.7766747547347259,0.7090464624713124,0.06762829226341349
3,4,0train,0,right_hand,1,1,1|0|2,0.7766747547347259,0.7574366510144107,0.019238103720315203
3,4,0train,0,right_hand,1,2,1|2|0,0.7766747547347259,0.7043047596320704,0.07236999510265552
3,4,0train,0,right_hand,1,3,2|0|1,0.7766747547347259,0.7301454559428774,0.04652929879184853
3,4,0train,0,right_hand,1,4,2|1|0,0.7766747547347259,0.7455556456840281,0.031119109050697813
3,4,0train,0,feet,2,0,0|2|1,0.924297242082002,0.8677418673206774,0.05655537476132466
3,4,0train,0,feet,2,1,1|0|2,0.924297242082002,0.8115000020710595,0.11279724001094249
3,4,0train,0,feet,2,2,1|2|0,0.924297242082002,0.8676830779776092,0.056614164104392795
3,4,0train,0,feet,2,3,2|0|1,0.924297242082002,0.7098888174134197,0.21440842466858234
3,4,0train,0,feet,2,4,2|1|0,0.924297242082002,0.6744388990411847,0.24985834304081733
3,4,0train,0,tongue,3,0,0|2|1,0.6706073743484876,0.6514291916326824,0.01917818271580518
3,4,0train,0,tongue,3,1,1|0|2,0.6706073743484876,0.6289314755730389,0.04167589877544875
3,4,0train,0,tongue,3,2,1|2|0,0.6706073743484876,0.6510926026587704,0.01951477168971716
3,4,0train,0,tongue,3,3,2|0|1,0.6706073743484876,0.6667655603712535,0.003841813977234154
3,4,0train,0,tongue,3,4,2|1|0,0.6706073743484876,0.6879287167542558,-0.017321342405768214
3,4,1test,1,left_hand,0,0,0|2|1,0.5127268403887805,0.47144787236682306,0.04127896802195741
3,4,1test,1,left_hand,0,1,1|0|2,0.5127268403887805,0.5833017115679603,-0.07057487117917982
3,4,1test,1,left_hand,0,2,1|2|0,0.5127268403887805,0.5459744624462225,-0.03324762205744203
3,4,1test,1,left_hand,0,3,2|0|1,0.5127268403887805,0.5989774831236618,-0.08625064273488137
3,4,1test,1,left_hand,0,4,2|1|0,0.5127268403887805,0.6844874125863035,-0.17176057219752305
3,4,1test,1,right_hand,1,0,0|2|1,0.8243099601333356,0.4672640673829964,0.35704589275033916
3,4,1test,1,right_hand,1,1,1|0|2,0.8243099601333356,0.6319636338832187,0.19234632625011683
3,4,1test,1,right_hand,1,2,1|2|0,0.8243099601333356,0.5021343353286623,0.3221756248046733
3,4,1test,1,right_hand,1,3,2|0|1,0.8243099601333356,0.8353510951682943,-0.011041135034958738
3,4,1test,1,right_hand,1,4,2|1|0,0.8243099601333356,0.7276852569731755,0.09662470316016003
3,4,1test,1,feet,2,0,0|2|1,1.8767996484514828,1.6087153781764276,0.2680842702750552
3,4,1test,1,feet,2,1,1|0|2,1.8767996484514828,0.8824108883156753,0.9943887601358076
3,4,1test,1,feet,2,2,1|2|0,1.8767996484514828,1.557834387102538,0.3189652613489449
3,4,1test,1,feet,2,3,2|0|1,1.8767996484514828,1.3140391575784003,0.5627604908730826
3,4,1test,1,feet,2,4,2|1|0,1.8767996484514828,1.2224857370729334,0.6543139113785494
3,4,1test,1,tongue,3,0,0|2|1,0.5423176238422827,0.5762244106681209,-0.03390678682583825
3,4,1test,1,tongue,3,1,1|0|2,0.5423176238422827,0.3555976421049681,0.18671998173731458
3,4,1test,1,tongue,3,2,1|2|0,0.5423176238422827,0.44850872259511626,0.0938089012471664
3,4,1test,1,tongue,3,3,2|0|1,0.5423176238422827,0.5888087661744446,-0.046491142332161894
3,4,1test,1,tongue,3,4,2|1|0,0.5423176238422827,0.5330890975100111,0.009228526332271558
3,5,0train,0,left_hand,0,0,0|2|1,0.8701322456605426,0.7578222785165959,0.1123099671439467
3,5,0train,0,left_hand,0,1,1|0|2,0.8701322456605426,0.7134148207545767,0.15671742490596585
3,5,0train,0,left_hand,0,2,1|2|0,0.8701322456605426,0.741724140097779,0.1284081055627636
3,5,0train,0,left_hand,0,3,2|0|1,0.8701322456605426,0.766795450454524,0.10333679520601857
3,5,0train,0,left_hand,0,4,2|1|0,0.8701322456605426,0.7689671185134479,0.10116512714709469
3,5,0train,0,right_hand,1,0,0|2|1,0.875120848170246,0.9530872031516994,-0.07796635498145332
3,5,0train,0,right_hand,1,1,1|0|2,0.875120848170246,0.9009881472208304,-0.02586729905058438
3,5,0train,0,right_hand,1,2,1|2|0,0.875120848170246,0.9320967551953506,-0.05697590702510458
3,5,0train,0,right_hand,1,3,2|0|1,0.875120848170246,0.8747017257731405,0.00041912239710550914
3,5,0train,0,right_hand,1,4,2|1|0,0.875120848170246,0.9040611154325325,-0.02894026726228649
3,5,0train,0,feet,2,0,0|2|1,0.8110729468974079,0.9183123046176513,-0.1072393577202434
3,5,0train,0,feet,2,1,1|0|2,0.8110729468974079,0.9023334961743209,-0.09126054927691296
3,5,0train,0,feet,2,2,1|2|0,0.8110729468974079,0.9226502319684319,-0.11157728507102394
3,5,0train,0,feet,2,3,2|0|1,0.8110729468974079,0.7883003682851273,0.02277257861228066
3,5,0train,0,feet,2,4,2|1|0,0.8110729468974079,0.8073151843151744,0.0037577625822335925
3,5,0train,0,tongue,3,0,0|2|1,0.7729281603163721,0.7444266517254043,0.028501508590967783
3,5,0train,0,tongue,3,1,1|0|2,0.7729281603163721,0.7488101042329474,0.024118056083424766
3,5,0train,0,tongue,3,2,1|2|0,0.7729281603163721,0.7725725934523887,0.0003555668639834142
3,5,0train,0,tongue,3,3,2|0|1,0.7729281603163721,0.7592091012875426,0.013719059028829528
3,5,0train,0,tongue,3,4,2|1|0,0.7729281603163721,0.7725481750472097,0.0003799852691623862
3,5,1test,1,left_hand,0,0,0|2|1,0.862329527916733,0.7872520636954482,0.0750774642212848
3,5,1test,1,left_hand,0,1,1|0|2,0.862329527916733,0.8199302529676137,0.042399274949119325
3,5,1test,1,left_hand,0,2,1|2|0,0.862329527916733,0.804679681187952,0.05764984672878104
3,5,1test,1,left_hand,0,3,2|0|1,0.862329527916733,0.7897133905875545,0.07261613732917849
3,5,1test,1,left_hand,0,4,2|1|0,0.862329527916733,0.7989062880681365,0.06342323984859655
3,5,1test,1,right_hand,1,0,0|2|1,0.7514404766700264,0.8678245097852505,-0.11638403311522405
3,5,1test,1,right_hand,1,1,1|0|2,0.7514404766700264,0.81851823275403,-0.06707775608400357
3,5,1test,1,right_hand,1,2,1|2|0,0.7514404766700264,0.8839128149559289,-0.13247233828590244
3,5,1test,1,right_hand,1,3,2|0|1,0.7514404766700264,0.86969825042009,-0.11825777375006352
3,5,1test,1,right_hand,1,4,2|1|0,0.7514404766700264,0.9235264336854739,-0.1720859570154475
3,5,1test,1,feet,2,0,0|2|1,0.8831070018024864,0.7231200940147402,0.15998690778774616
3,5,1test,1,feet,2,1,1|0|2,0.8831070018024864,0.791860888160498,0.09124611364198831
3,5,1test,1,feet,2,2,1|2|0,0.8831070018024864,0.6934064450891442,0.18970055671334218
3,5,1test,1,feet,2,3,2|0|1,0.8831070018024864,0.7654118482411613,0.1176951535613251
3,5,1test,1,feet,2,4,2|1|0,0.8831070018024864,0.7114099499947131,0.17169705180777328
3,5,1test,1,tongue,3,0,0|2|1,0.904591646717874,0.9698851425230576,-0.06529349580518362
3,5,1test,1,tongue,3,1,1|0|2,0.904591646717874,0.8580747594911694,0.04651688722670455
3,5,1test,1,tongue,3,2,1|2|0,0.904591646717874,0.8902768015901693,0.014314845127704645
3,5,1test,1,tongue,3,3,2|0|1,0.904591646717874,0.8867615366897587,0.017830110028115298
3,5,1test,1,tongue,3,4,2|1|0,0.904591646717874,0.9027487996303438,0.0018428470875301306
3,6,0train,0,left_hand,0,0,0|2|1,0.5059953049725265,0.4474849178262563,0.058510387146270215
3,6,0train,0,left_hand,0,1,1|0|2,0.5059953049725265,0.46771947005224457,0.03827583492028197
3,6,0train,0,left_hand,0,2,1|2|0,0.5059953049725265,0.49010278506230415,0.01589251991022239
3,6,0train,0,left_hand,0,3,2|0|1,0.5059953049725265,0.4645059917356072,0.041489313236919345
3,6,0train,0,left_hand,0,4,2|1|0,0.5059953049725265,0.48985507078422297,0.01614023418830357
3,6,0train,0,right_hand,1,0,0|2|1,0.760776308020697,0.6019553079682022,0.15882100005249478
3,6,0train,0,right_hand,1,1,1|0|2,0.760776308020697,0.6624317692576033,0.09834453876309368
3,6,0train,0,right_hand,1,2,1|2|0,0.760776308020697,0.6242550068116348,0.13652130120906214
3,6,0train,0,right_hand,1,3,2|0|1,0.760776308020697,0.7612432818330538,-0.0004669738123568301
3,6,0train,0,right_hand,1,4,2|1|0,0.760776308020697,0.7155631774637807,0.045213130556916226
3,6,0train,0,feet,2,0,0|2|1,1.4007369384671964,0.8410278605056167,0.5597090779615796
3,6,0train,0,feet,2,1,1|0|2,1.4007369384671964,0.7114926991083986,0.6892442393587978
3,6,0train,0,feet,2,2,1|2|0,1.4007369384671964,0.7408596908265241,0.6598772476406722
3,6,0train,0,feet,2,3,2|0|1,1.4007369384671964,0.7899607561294325,0.6107761823377639
3,6,0train,0,feet,2,4,2|1|0,1.4007369384671964,0.8333836667776315,0.5673532716895648
3,6,0train,0,tongue,3,0,0|2|1,0.674585934513405,0.6451400426545327,0.029445891858872253
3,6,0train,0,tongue,3,1,1|0|2,0.674585934513405,0.6022934404788111,0.07229249403459392
3,6,0train,0,tongue,3,2,1|2|0,0.674585934513405,0.6649863085422892,0.009599625971115744
3,6,0train,0,tongue,3,3,2|0|1,0.674585934513405,0.6486622498894159,0.025923684623989085
3,6,0train,0,tongue,3,4,2|1|0,0.674585934513405,0.6240509753233899,0.05053495919001505
3,6,1test,1,left_hand,0,0,0|2|1,0.5488794842173002,0.5706563674289509,-0.02177688321165072
3,6,1test,1,left_hand,0,1,1|0|2,0.5488794842173002,0.512911924833613,0.03596755938368712
3,6,1test,1,left_hand,0,2,1|2|0,0.5488794842173002,0.5802100667993507,-0.03133058258205057
3,6,1test,1,left_hand,0,3,2|0|1,0.5488794842173002,0.5812363806545036,-0.03235689643720341
3,6,1test,1,left_hand,0,4,2|1|0,0.5488794842173002,0.5798509051378767,-0.030971420920576587
3,6,1test,1,right_hand,1,0,0|2|1,0.7876518084138744,0.7149427786501148,0.07270902976375959
3,6,1test,1,right_hand,1,1,1|0|2,0.7876518084138744,0.6882625859826692,0.09938922243120518
3,6,1test,1,right_hand,1,2,1|2|0,0.7876518084138744,0.7709864398046952,0.01666536860917922
3,6,1test,1,right_hand,1,3,2|0|1,0.7876518084138744,0.7062640871703092,0.08138772124356519
3,6,1test,1,right_hand,1,4,2|1|0,0.7876518084138744,0.7230116872265554,0.06464012118731899
3,6,1test,1,feet,2,0,0|2|1,1.4979476878816462,0.9529468775195493,0.5450008103620969
3,6,1test,1,feet,2,1,1|0|2,1.4979476878816462,1.1257473152555197,0.3722003726261265
3,6,1test,1,feet,2,2,1|2|0,1.4979476878816462,1.0174915410482708,0.48045614683337545
3,6,1test,1,feet,2,3,2|0|1,1.4979476878816462,0.99824592173052,0.49970176615112627
3,6,1test,1,feet,2,4,2|1|0,1.4979476878816462,0.9541262822357429,0.5438214056459033
3,6,1test,1,tongue,3,0,0|2|1,1.0220887153683538,0.9775894067632966,0.04449930860505713
3,6,1test,1,tongue,3,1,1|0|2,1.0220887153683538,0.9744932478507271,0.047595467517626666
3,6,1test,1,tongue,3,2,1|2|0,1.0220887153683538,0.9622779661081354,0.05981074926021834
3,6,1test,1,tongue,3,3,2|0|1,1.0220887153683538,0.9450540561949575,0.07703465917339625
3,6,1test,1,tongue,3,4,2|1|0,1.0220887153683538,0.9493126728976466,0.07277604247070713
3,7,0train,0,left_hand,0,0,0|2|1,0.6121377145683514,0.7477200148324502,-0.1355823002640988
3,7,0train,0,left_hand,0,1,1|0|2,0.6121377145683514,0.44965498675463694,0.16248272781371448
3,7,0train,0,left_hand,0,2,1|2|0,0.6121377145683514,0.44340314888519683,0.1687345656831546
3,7,0train,0,left_hand,0,3,2|0|1,0.6121377145683514,0.6211134956701164,-0.008975781101765001
3,7,0train,0,left_hand,0,4,2|1|0,0.6121377145683514,0.6370429885997094,-0.024905274031358005
3,7,0train,0,right_hand,1,0,0|2|1,0.5922013814916778,0.5463304962453923,0.045870885246285464
3,7,0train,0,right_hand,1,1,1|0|2,0.5922013814916778,0.6871593756445451,-0.09495799415286732
3,7,0train,0,right_hand,1,2,1|2|0,0.5922013814916778,0.703822256432522,-0.11162087494084427
3,7,0train,0,right_hand,1,3,2|0|1,0.5922013814916778,0.9042446386551187,-0.31204325716344095
3,7,0train,0,right_hand,1,4,2|1|0,0.5922013814916778,0.9297566799718896,-0.3375552984802118
3,7,0train,0,feet,2,0,0|2|1,0.8091931836409428,1.0338466729756783,-0.2246534893347355
3,7,0train,0,feet,2,1,1|0|2,0.8091931836409428,0.7443612849526207,0.06483189868832218
3,7,0train,0,feet,2,2,1|2|0,0.8091931836409428,0.8826207576900893,-0.07342757404914646
3,7,0train,0,feet,2,3,2|0|1,0.8091931836409428,1.0238601461789407,-0.21466696253799789
3,7,0train,0,feet,2,4,2|1|0,0.8091931836409428,0.8921551709214393,-0.08296198728049642
3,7,0train,0,tongue,3,0,0|2|1,0.3204464097030609,0.33818636264445845,-0.017739952941397574
3,7,0train,0,tongue,3,1,1|0|2,0.3204464097030609,0.2656403040628491,0.054806105640211766
3,7,0train,0,tongue,3,2,1|2|0,0.3204464097030609,0.3470446629037757,-0.02659825320071485
3,7,0train,0,tongue,3,3,2|0|1,0.3204464097030609,0.3549544981571479,-0.03450808845408704
3,7,0train,0,tongue,3,4,2|1|0,0.3204464097030609,0.34676962047534815,-0.026323210772287275
3,7,1test,1,left_hand,0,0,0|2|1,0.5723378865840869,0.33427266620194707,0.23806522038213984
3,7,1test,1,left_hand,0,1,1|0|2,0.5723378865840869,0.5628571803176099,0.009480706266477013
3,7,1test,1,left_hand,0,2,1|2|0,0.5723378865840869,0.4686583501010531,0.1036795364830338
3,7,1test,1,left_hand,0,3,2|0|1,0.5723378865840869,0.7648680845147561,-0.19253019793066917
3,7,1test,1,left_hand,0,4,2|1|0,0.5723378865840869,0.5576102850119607,0.014727601572126159
3,7,1test,1,right_hand,1,0,0|2|1,0.46153752660260366,0.33573282706719654,0.12580469953540713
3,7,1test,1,right_hand,1,1,1|0|2,0.46153752660260366,0.5947173313729273,-0.1331798047703236
3,7,1test,1,right_hand,1,2,1|2|0,0.46153752660260366,0.5597102174738996,-0.09817269087129593
3,7,1test,1,right_hand,1,3,2|0|1,0.46153752660260366,0.8832560277474163,-0.42171850114481263
3,7,1test,1,right_hand,1,4,2|1|0,0.46153752660260366,0.9508750382561693,-0.4893375116535656
3,7,1test,1,feet,2,0,0|2|1,0.9699225883597389,1.2491908693046467,-0.27926828094490785
3,7,1test,1,feet,2,1,1|0|2,0.9699225883597389,0.6898572659779516,0.2800653223817873
3,7,1test,1,feet,2,2,1|2|0,0.9699225883597389,1.0195386647064846,-0.0496160763467457
3,7,1test,1,feet,2,3,2|0|1,0.9699225883597389,0.9575586513612663,0.012363936998472602
3,7,1test,1,feet,2,4,2|1|0,0.9699225883597389,0.9802749074731849,-0.010352319113446029
3,7,1test,1,tongue,3,0,0|2|1,0.26948578814815477,0.38939419225933863,-0.11990840411118386
3,7,1test,1,tongue,3,1,1|0|2,0.26948578814815477,0.2703525166232222,-0.0008667284750674131
3,7,1test,1,tongue,3,2,1|2|0,0.26948578814815477,0.337642960441173,-0.06815717229301821
3,7,1test,1,tongue,3,3,2|0|1,0.26948578814815477,0.33738540926485755,-0.06789962111670278
3,7,1test,1,tongue,3,4,2|1|0,0.26948578814815477,0.3228450377775355,-0.05335924962938071
3,8,0train,0,left_hand,0,0,0|2|1,0.4494451430562647,0.5995291775103907,-0.150084034454126
3,8,0train,0,left_hand,0,1,1|0|2,0.4494451430562647,0.529662325166282,-0.08021718211001727
3,8,0train,0,left_hand,0,2,1|2|0,0.4494451430562647,0.4881950999409561,-0.038749956884691406
3,8,0train,0,left_hand,0,3,2|0|1,0.4494451430562647,0.6084566257294152,-0.15901148267315046
3,8,0train,0,left_hand,0,4,2|1|0,0.4494451430562647,0.39442677518784963,0.055018367868415075
3,8,0train,0,right_hand,1,0,0|2|1,0.7564788021492524,0.5238230837931867,0.2326557183560658
3,8,0train,0,right_hand,1,1,1|0|2,0.7564788021492524,0.37191695692813387,0.3845618452211186
3,8,0train,0,right_hand,1,2,1|2|0,0.7564788021492524,0.5676801208115771,0.1887986813376753
3,8,0train,0,right_hand,1,3,2|0|1,0.7564788021492524,0.47120079454743796,0.2852780076018145
3,8,0train,0,right_hand,1,4,2|1|0,0.7564788021492524,0.5149525375462276,0.24152626460302484
3,8,0train,0,feet,2,0,0|2|1,1.317987811513802,1.5308474848080922,-0.21285967329429023
3,8,0train,0,feet,2,1,1|0|2,1.317987811513802,1.9861958053771267,-0.6682079938633247
3,8,0train,0,feet,2,2,1|2|0,1.317987811513802,1.7561031857070495,-0.43811537419324753
3,8,0train,0,feet,2,3,2|0|1,1.317987811513802,1.2598160953997366,0.05817171611406535
3,8,0train,0,feet,2,4,2|1|0,1.317987811513802,1.5829327176059171,-0.2649449060921152
3,8,0train,0,tongue,3,0,0|2|1,0.4670577993547983,0.2627078100180417,0.20434998933675658
3,8,0train,0,tongue,3,1,1|0|2,0.4670577993547983,0.28887460155387457,0.17818319780092373
3,8,0train,0,tongue,3,2,1|2|0,0.4670577993547983,0.28317119946023617,0.18388659989456213
3,8,0train,0,tongue,3,3,2|0|1,0.4670577993547983,0.2855833850314734,0.1814744143233249
3,8,0train,0,tongue,3,4,2|1|0,0.4670577993547983,0.33670242672936784,0.13035537262543045
3,8,1test,1,left_hand,0,0,0|2|1,0.5427746185727017,0.5843411111014527,-0.041566492528751
3,8,1test,1,left_hand,0,1,1|0|2,0.5427746185727017,0.3325338900384961,0.2102407285342056
3,8,1test,1,left_hand,0,2,1|2|0,0.5427746185727017,0.6003141615384986,-0.057539542965796886
3,8,1test,1,left_hand,0,3,2|0|1,0.5427746185727017,0.36402395642375823,0.17875066214894347
3,8,1test,1,left_hand,0,4,2|1|0,0.5427746185727017,0.6812644565056767,-0.13848983793297498
3,8,1test,1,right_hand,1,0,0|2|1,0.8083040658696573,0.7609953680581958,0.04730869781146152
3,8,1test,1,right_hand,1,1,1|0|2,0.8083040658696573,0.49730122913948277,0.31100283673017454
3,8,1test,1,right_hand,1,2,1|2|0,0.8083040658696573,0.770402492411408,0.037901573458249294
3,8,1test,1,right_hand,1,3,2|0|1,0.8083040658696573,0.4793198517880981,0.3289842140815592
3,8,1test,1,right_hand,1,4,2|1|0,0.8083040658696573,0.6124925915341637,0.19581147433549362
3,8,1test,1,feet,2,0,0|2|1,1.1529252988198857,1.1966720108014162,-0.04374671198153046
3,8,1test,1,feet,2,1,1|0|2,1.1529252988198857,1.2897143510543314,-0.1367890522344457
3,8,1test,1,feet,2,2,1|2|0,1.1529252988198857,1.428637818638344,-0.27571251981845823
3,8,1test,1,feet,2,3,2|0|1,1.1529252988198857,1.0999741005548973,0.0529511982649884
3,8,1test,1,feet,2,4,2|1|0,1.1529252988198857,1.2102295487667492,-0.05730424994686345
3,8,1test,1,tongue,3,0,0|2|1,0.5362642592474758,0.338990953507174,0.19727330574030177
3,8,1test,1,tongue,3,1,1|0|2,0.5362642592474758,0.2587939446515005,0.27747031459597526
3,8,1test,1,tongue,3,2,1|2|0,0.5362642592474758,0.2789467842858332,0.2573174749616426
3,8,1test,1,tongue,3,3,2|0|1,0.5362642592474758,0.47740570655600717,0.05885855269146861
3,8,1test,1,tongue,3,4,2|1|0,0.5362642592474758,0.4826382991029863,0.053625960144489504
3,9,0train,0,left_hand,0,0,0|2|1,0.4826034993087858,0.5379049314507118,-0.05530143214192601
3,9,0train,0,left_hand,0,1,1|0|2,0.4826034993087858,0.38232949929255183,0.10027400001623399
3,9,0train,0,left_hand,0,2,1|2|0,0.4826034993087858,0.39889986121246523,0.08370363809632059
3,9,0train,0,left_hand,0,3,2|0|1,0.4826034993087858,0.4604627947469621,0.02214070456182371
3,9,0train,0,left_hand,0,4,2|1|0,0.4826034993087858,0.3865026420759371,0.09610085723284872
3,9,0train,0,right_hand,1,0,0|2|1,0.569683859672413,0.4626842297772853,0.10699962989512768
3,9,0train,0,right_hand,1,1,1|0|2,0.569683859672413,0.4824711903715172,0.08721266930089577
3,9,0train,0,right_hand,1,2,1|2|0,0.569683859672413,0.6677281933676826,-0.09804433369526966
3,9,0train,0,right_hand,1,3,2|0|1,0.569683859672413,0.6378449886441981,-0.06816112897178517
3,9,0train,0,right_hand,1,4,2|1|0,0.569683859672413,0.776196866182933,-0.20651300651052007
3,9,0train,0,feet,2,0,0|2|1,0.7892291245090781,1.074234770604034,-0.28500564609495593
3,9,0train,0,feet,2,1,1|0|2,0.7892291245090781,0.9843597246764917,-0.19513060016741357
3,9,0train,0,feet,2,2,1|2|0,0.7892291245090781,0.965828406773363,-0.1765992822642849
3,9,0train,0,feet,2,3,2|0|1,0.7892291245090781,1.1726561205832706,-0.3834269960741925
3,9,0train,0,feet,2,4,2|1|0,0.7892291245090781,1.2003033612554181,-0.41107423674634
3,9,0train,0,tongue,3,0,0|2|1,0.35378693124034954,0.32583018993198193,0.027956741308367616
3,9,0train,0,tongue,3,1,1|0|2,0.35378693124034954,0.27355109782531695,0.0802358334150326
3,9,0train,0,tongue,3,2,1|2|0,0.35378693124034954,0.3555227983336839,-0.0017358670933343423
3,9,0train,0,tongue,3,3,2|0|1,0.35378693124034954,0.3705618524334484,-0.01677492119309887
3,9,0train,0,tongue,3,4,2|1|0,0.35378693124034954,0.3922934130034369,-0.03850648176308735
3,9,1test,1,left_hand,0,0,0|2|1,2.7958256727869,2.6275743068569772,0.16825136592992296
3,9,1test,1,left_hand,0,1,1|0|2,2.7958256727869,2.6314514982161015,0.16437417457079873
3,9,1test,1,left_hand,0,2,1|2|0,2.7958256727869,2.6542056795497144,0.14161999323718577
3,9,1test,1,left_hand,0,3,2|0|1,2.7958256727869,2.6244064247257786,0.17141924806112163
3,9,1test,1,left_hand,0,4,2|1|0,2.7958256727869,2.6852072202757293,0.11061845251117086
3,9,1test,1,right_hand,1,0,0|2|1,1.1962248274991025,0.800644485041132,0.3955803424579706
3,9,1test,1,right_hand,1,1,1|0|2,1.1962248274991025,0.9489957966320819,0.24722903086702064
3,9,1test,1,right_hand,1,2,1|2|0,1.1962248274991025,0.9214835428885779,0.2747412846105246
3,9,1test,1,right_hand,1,3,2|0|1,1.1962248274991025,1.1408031318278744,0.05542169567122812
3,9,1test,1,right_hand,1,4,2|1|0,1.1962248274991025,1.0625093335991105,0.13371549389999204
3,9,1test,1,feet,2,0,0|2|1,1.283401390212179,1.3777077615296558,-0.09430637131747677
3,9,1test,1,feet,2,1,1|0|2,1.283401390212179,1.2074046710323392,0.07599671917983986
3,9,1test,1,feet,2,2,1|2|0,1.283401390212179,1.2693900877436237,0.014011302468555309
3,9,1test,1,feet,2,3,2|0|1,1.283401390212179,1.872135053381341,-0.588733663169162
3,9,1test,1,feet,2,4,2|1|0,1.283401390212179,1.8159270972060575,-0.5325257069938785
3,9,1test,1,tongue,3,0,0|2|1,0.964262443639393,0.9319476805172123,0.03231476312218062
3,9,1test,1,tongue,3,1,1|0|2,0.964262443639393,0.8861137176896904,0.07814872594970257
3,9,1test,1,tongue,3,2,1|2|0,0.964262443639393,0.8846302858344111,0.0796321578049819
3,9,1test,1,tongue,3,3,2|0|1,0.964262443639393,1.2085348292663411,-0.2442723856269482
3,9,1test,1,tongue,3,4,2|1|0,0.964262443639393,1.2966611086053839,-0.3323986649659909
4,1,0train,0,left_hand,0,0,0|2|1,2.9320494135108133,2.6005525147030144,0.33149689880779887
4,1,0train,0,left_hand,0,1,1|0|2,2.9320494135108133,2.938660778069556,-0.006611364558742672
4,1,0train,0,left_hand,0,2,1|2|0,2.9320494135108133,2.882376761961455,0.04967265154935818
4,1,0train,0,left_hand,0,3,2|0|1,2.9320494135108133,3.1247601147560875,-0.19271070124527423
4,1,0train,0,left_hand,0,4,2|1|0,2.9320494135108133,3.318187225593372,-0.3861378120825587
4,1,0train,0,right_hand,1,0,0|2|1,11.225085152790175,10.046149309664383,1.1789358431257924
4,1,0train,0,right_hand,1,1,1|0|2,11.225085152790175,11.991591889685024,-0.7665067368948488
4,1,0train,0,right_hand,1,2,1|2|0,11.225085152790175,12.5123074743682,-1.2872223215780245
4,1,0train,0,right_hand,1,3,2|0|1,11.225085152790175,10.269152634000374,0.9559325187898011
4,1,0train,0,right_hand,1,4,2|1|0,11.225085152790175,11.618682133060602,-0.3935969802704271
4,1,0train,0,feet,2,0,0|2|1,4.564270317148537,4.795201469662968,-0.23093115251443042
4,1,0train,0,feet,2,1,1|0|2,4.564270317148537,3.715232865805738,0.8490374513427992
4,1,0train,0,feet,2,2,1|2|0,4.564270317148537,4.172561920758738,0.3917083963897996
4,1,0train,0,feet,2,3,2|0|1,4.564270317148537,4.979779828513888,-0.4155095113653511
4,1,0train,0,feet,2,4,2|1|0,4.564270317148537,4.073342245227368,0.49092807192116883
4,1,0train,0,tongue,3,0,0|2|1,9.09427392487625,8.696250594020412,0.3980233308558372
4,1,0train,0,tongue,3,1,1|0|2,9.09427392487625,7.440336374228326,1.6539375506479237
4,1,0train,0,tongue,3,2,1|2|0,9.09427392487625,9.20266650674177,-0.10839258186551959
4,1,0train,0,tongue,3,3,2|0|1,9.09427392487625,8.440150371183597,0.6541235536926528
4,1,0train,0,tongue,3,4,2|1|0,9.09427392487625,9.046219186332443,0.04805473854380615
4,1,1test,1,left_hand,0,0,0|2|1,1.0768910846758626,0.7886358157817361,0.28825526889412645
4,1,1test,1,left_hand,0,1,1|0|2,1.0768910846758626,1.458793709940794,-0.38190262526493135
4,1,1test,1,left_hand,0,2,1|2|0,1.0768910846758626,1.7176537964627903,-0.6407627117869277
4,1,1test,1,left_hand,0,3,2|0|1,1.0768910846758626,1.5371352092325774,-0.4602441245567148
4,1,1test,1,left_hand,0,4,2|1|0,1.0768910846758626,1.7159895165316499,-0.6390984318557873
4,1,1test,1,right_hand,1,0,0|2|1,2.656217628077865,1.7568842247461678,0.8993334033316973
4,1,1test,1,right_hand,1,1,1|0|2,2.656217628077865,3.5462207969310526,-0.8900031688531875
4,1,1test,1,right_hand,1,2,1|2|0,2.656217628077865,3.753695177473504,-1.0974775493956388
4,1,1test,1,right_hand,1,3,2|0|1,2.656217628077865,2.3557323095826144,0.30048531849525073
4,1,1test,1,right_hand,1,4,2|1|0,2.656217628077865,3.1307686714849376,-0.47455104340707255
4,1,1test,1,feet,2,0,0|2|1,1.1861420275911199,1.7786251172848748,-0.592483089693755
4,1,1test,1,feet,2,1,1|0|2,1.1861420275911199,0.5657641049240705,0.6203779226670494
4,1,1test,1,feet,2,2,1|2|0,1.1861420275911199,1.3243027953757223,-0.1381607677846024
4,1,1test,1,feet,2,3,2|0|1,1.1861420275911199,1.6273843558354673,-0.4412423282443474
4,1,1test,1,feet,2,4,2|1|0,1.1861420275911199,1.2604789318059326,-0.07433690421481276
4,1,1test,1,tongue,3,0,0|2|1,2.3047168631095136,2.6638356930111162,-0.3591188299016026
4,1,1test,1,tongue,3,1,1|0|2,2.3047168631095136,1.4211332402490484,0.8835836228604652
4,1,1test,1,tongue,3,2,1|2|0,2.3047168631095136,3.0171651875488883,-0.7124483244393747
4,1,1test,1,tongue,3,3,2|0|1,2.3047168631095136,2.584436940995686,-0.27972007788617237
4,1,1test,1,tongue,3,4,2|1|0,2.3047168631095136,2.813375248743999,-0.5086583856344853
4,2,0train,0,left_hand,0,0,0|2|1,1.053998177923433,0.7102380690746378,0.34376010884879526
4,2,0train,0,left_hand,0,1,1|0|2,1.053998177923433,0.8957402601784102,0.15825791774502285
4,2,0train,0,left_hand,0,2,1|2|0,1.053998177923433,0.7417975601779516,0.31220061774548147
4,2,0train,0,left_hand,0,3,2|0|1,1.053998177923433,0.9934629719391671,0.06053520598426598
4,2,0train,0,left_hand,0,4,2|1|0,1.053998177923433,0.9862518467566491,0.06774633116678397
4,2,0train,0,right_hand,1,0,0|2|1,1.6093929666916114,1.3087960657508406,0.30059690094077074
4,2,0train,0,right_hand,1,1,1|0|2,1.6093929666916114,1.4849003349826322,0.12449263170897917
4,2,0train,0,right_hand,1,2,1|2|0,1.6093929666916114,1.415438314565208,0.19395465212640328
4,2,0train,0,right_hand,1,3,2|0|1,1.6093929666916114,1.2456971332396207,0.36369583345199064
4,2,0train,0,right_hand,1,4,2|1|0,1.6093929666916114,1.119017884811036,0.49037508188057544
4,2,0train,0,feet,2,0,0|2|1,4.398760042921445,2.6312411288768502,1.767518914044595
4,2,0train,0,feet,2,1,1|0|2,4.398760042921445,2.725663627496492,1.6730964154249532
4,2,0train,0,feet,2,2,1|2|0,4.398760042921445,2.6018863159328443,1.796873726988601
4,2,0train,0,feet,2,3,2|0|1,4.398760042921445,2.9580818782547733,1.440678164666672
4,2,0train,0,feet,2,4,2|1|0,4.398760042921445,2.8558391631749225,1.5429208797465228
4,2,0train,0,tongue,3,0,0|2|1,2.0525698455730748,1.806566392219731,0.24600345335334373
4,2,0train,0,tongue,3,1,1|0|2,2.0525698455730748,2.1728177771423156,-0.12024793156924085
4,2,0train,0,tongue,3,2,1|2|0,2.0525698455730748,2.2088625004096594,-0.1562926548365846
4,2,0train,0,tongue,3,3,2|0|1,2.0525698455730748,1.815240067535965,0.23732977803710975
4,2,0train,0,tongue,3,4,2|1|0,2.0525698455730748,1.9236578398196407,0.1289120057534341
4,2,1test,1,left_hand,0,0,0|2|1,1.6143085989566437,1.448592889677066,0.1657157092795778
4,2,1test,1,left_hand,0,1,1|0|2,1.6143085989566437,1.6436010951844937,-0.029292496227850018
4,2,1test,1,left_hand,0,2,1|2|0,1.6143085989566437,1.6038837229978338,0.01042487595880992
4,2,1test,1,left_hand,0,3,2|0|1,1.6143085989566437,1.6338982414459993,-0.019589642489355574
4,2,1test,1,left_hand,0,4,2|1|0,1.6143085989566437,1.5643933619092096,0.04991523704743406
4,2,1test,1,right_hand,1,0,0|2|1,0.8321860775129192,0.7428806653753429,0.08930541213757626
4,2,1test,1,right_hand,1,1,1|0|2,0.8321860775129192,0.989923132760262,-0.15773705524734283
4,2,1test,1,right_hand,1,2,1|2|0,0.8321860775129192,1.0197537418395488,-0.18756766432662964
4,2,1test,1,right_hand,1,3,2|0|1,0.8321860775129192,0.9631103461014772,-0.130924268588558
4,2,1test,1,right_hand,1,4,2|1|0,0.8321860775129192,0.902658958066011,-0.07047288055309187
4,2,1test,1,feet,2,0,0|2|1,1.0344178963725719,0.6329497253259672,0.4014681710466047
4,2,1test,1,feet,2,1,1|0|2,1.0344178963725719,0.6267286845811301,0.4076892117914418
4,2,1test,1,feet,2,2,1|2|0,1.0344178963725719,0.6388209945136893,0.3955969018588825
4,2,1test,1,feet,2,3,2|0|1,1.0344178963725719,0.6539137651279155,0.3805041312446563
4,2,1test,1,feet,2,4,2|1|0,1.0344178963725719,0.7246995444205626,0.30971835195200925
4,2,1test,1,tongue,3,0,0|2|1,2.1645455693996563,2.2397202659192907,-0.07517469651963449
4,2,1test,1,tongue,3,1,1|0|2,2.1645455693996563,2.1811289539716596,-0.016583384572003368
4,2,1test,1,tongue,3,2,1|2|0,2.1645455693996563,2.217479339925097,-0.05293377052544068
4,2,1test,1,tongue,3,3,2|0|1,2.1645455693996563,2.200093176208662,-0.03554760680900593
4,2,1test,1,tongue,3,4,2|1|0,2.1645455693996563,2.1525827232260966,0.011962846173559694
4,3,0train,0,left_hand,0,0,0|2|1,2.6995156187726757,3.0839915479502684,-0.38447592917759277
4,3,0train,0,left_hand,0,1,1|0|2,2.6995156187726757,2.7018080364002377,-0.002292417627562049
4,3,0train,0,left_hand,0,2,1|2|0,2.6995156187726757,3.119116788651379,-0.4196011698787032
4,3,0train,0,left_hand,0,3,2|0|1,2.6995156187726757,2.795142227519766,-0.09562660874709028
4,3,0train,0,left_hand,0,4,2|1|0,2.6995156187726757,2.9159719731121654,-0.21645635433948973
4,3,0train,0,right_hand,1,0,0|2|1,6.760553115138541,6.08888592725701,0.671667187881531
4,3,0train,0,right_hand,1,1,1|0|2,6.760553115138541,6.281901354006015,0.47865176113252605
4,3,0train,0,right_hand,1,2,1|2|0,6.760553115138541,6.40464010476347,0.3559130103750716
4,3,0train,0,right_hand,1,3,2|0|1,6.760553115138541,6.2184490247944115,0.5421040903441297
4,3,0train,0,right_hand,1,4,2|1|0,6.760553115138541,6.911111056993368,-0.15055794185482707
4,3,0train,0,feet,2,0,0|2|1,3.13443716349066,3.1154192275185224,0.019017935972137412
4,3,0train,0,feet,2,1,1|0|2,3.13443716349066,2.2746585618606923,0.8597786016299676
4,3,0train,0,feet,2,2,1|2|0,3.13443716349066,2.4843211357101582,0.6501160277805016
4,3,0train,0,feet,2,3,2|0|1,3.13443716349066,2.7054701811740007,0.4289669823166591
4,3,0train,0,feet,2,4,2|1|0,3.13443716349066,2.1582684486867136,0.9761687148039462
4,3,0train,0,tongue,3,0,0|2|1,5.955195047290311,5.79953098441506,0.1556640628752506
4,3,0train,0,tongue,3,1,1|0|2,5.955195047290311,5.516116314352359,0.4390787329379524
4,3,0train,0,tongue,3,2,1|2|0,5.955195047290311,5.911779966216309,0.04341508107400216
4,3,0train,0,tongue,3,3,2|0|1,5.955195047290311,6.103026658826799,-0.14783161153648816
4,3,0train,0,tongue,3,4,2|1|0,5.955195047290311,6.17907870026398,-0.22388365297366875
4,3,1test,1,left_hand,0,0,0|2|1,0.8693148876758187,0.811029023134221,0.058285864541597676
4,3,1test,1,left_hand,0,1,1|0|2,0.8693148876758187,0.9076201230791798,-0.03830523540336117
4,3,1test,1,left_hand,0,2,1|2|0,0.8693148876758187,1.0612068951638036,-0.19189200748798496
4,3,1test,1,left_hand,0,3,2|0|1,0.8693148876758187,1.0063071754172543,-0.13699228774143568
4,3,1test,1,left_hand,0,4,2|1|0,0.8693148876758187,1.205195355740249,-0.3358804680644304
4,3,1test,1,right_hand,1,0,0|2|1,2.3994575127146236,1.5418646692741071,0.8575928434405165
4,3,1test,1,right_hand,1,1,1|0|2,2.3994575127146236,1.8442346903488884,0.5552228223657352
4,3,1test,1,right_hand,1,2,1|2|0,2.3994575127146236,2.4567688962721776,-0.05731138355755405
4,3,1test,1,right_hand,1,3,2|0|1,2.3994575127146236,1.6427215409371638,0.7567359717774598
4,3,1test,1,right_hand,1,4,2|1|0,2.3994575127146236,2.178150583217092,0.2213069294975316
4,3,1test,1,feet,2,0,0|2|1,1.4393929703843407,1.2455740479401476,0.19381892244419308
4,3,1test,1,feet,2,1,1|0|2,1.4393929703843407,0.6883737759920888,0.7510191943922518
4,3,1test,1,feet,2,2,1|2|0,1.4393929703843407,0.9812885114705773,0.4581044589137634
4,3,1test,1,feet,2,3,2|0|1,1.4393929703843407,1.1888968160495779,0.2504961543347628
4,3,1test,1,feet,2,4,2|1|0,1.4393929703843407,0.8936408098051538,0.5457521605791869
4,3,1test,1,tongue,3,0,0|2|1,1.9222007197597404,2.125365806339882,-0.20316508658014154
4,3,1test,1,tongue,3,1,1|0|2,1.9222007197597404,1.2288378085346499,0.6933629112250905
4,3,1test,1,tongue,3,2,1|2|0,1.9222007197597404,2.09725717057826,-0.1750564508185195
4,3,1test,1,tongue,3,3,2|0|1,1.9222007197597404,1.6789407398072018,0.24325997995253856
4,3,1test,1,tongue,3,4,2|1|0,1.9222007197597404,1.8970260473031073,0.025174672456633074
4,5,0train,0,left_hand,0,0,0|2|1,0.8505494377170957,0.5588401630822373,0.2917092746348584
4,5,0train,0,left_hand,0,1,1|0|2,0.8505494377170957,0.4922491444228002,0.35830029329429547
4,5,0train,0,left_hand,0,2,1|2|0,0.8505494377170957,0.5550833505004941,0.2954660872166016
4,5,0train,0,left_hand,0,3,2|0|1,0.8505494377170957,0.6969006009231029,0.15364883679399277
4,5,0train,0,left_hand,0,4,2|1|0,0.8505494377170957,0.6447604909455873,0.20578894677150839
4,5,0train,0,right_hand,1,0,0|2|1,1.1830456483303449,0.7393573757639802,0.44368827256636467
4,5,0train,0,right_hand,1,1,1|0|2,1.1830456483303449,1.1414794390060996,0.04156620932424526
4,5,0train,0,right_hand,1,2,1|2|0,1.1830456483303449,1.0121447437596813,0.17090090457066354
4,5,0train,0,right_hand,1,3,2|0|1,1.1830456483303449,1.0243376750846103,0.1587079732457346
4,5,0train,0,right_hand,1,4,2|1|0,1.1830456483303449,0.9276816632034626,0.2553639851268823
4,5,0train,0,feet,2,0,0|2|1,1.1441204871227144,0.9389250627354229,0.20519542438729155
4,5,0train,0,feet,2,1,1|0|2,1.1441204871227144,0.9970489293784442,0.14707155774427016
4,5,0train,0,feet,2,2,1|2|0,1.1441204871227144,0.9267361886969766,0.2173842984257378
4,5,0train,0,feet,2,3,2|0|1,1.1441204871227144,0.9477218904880035,0.19639859663471093
4,5,0train,0,feet,2,4,2|1|0,1.1441204871227144,0.780368275287943,0.36375221183477147
4,5,0train,0,tongue,3,0,0|2|1,1.1608187942239168,0.6796940797048833,0.4811247145190335
4,5,0train,0,tongue,3,1,1|0|2,1.1608187942239168,0.7341208382043235,0.42669795601959326
4,5,0train,0,tongue,3,2,1|2|0,1.1608187942239168,0.7765314335560146,0.38428736066790214
4,5,0train,0,tongue,3,3,2|0|1,1.1608187942239168,0.7437808127337414,0.41703798149017535
4,5,0train,0,tongue,3,4,2|1|0,1.1608187942239168,0.8995073713663263,0.26131142285759046
4,5,1test,1,left_hand,0,0,0|2|1,0.9562663380918636,0.7513499623990879,0.20491637569277565
4,5,1test,1,left_hand,0,1,1|0|2,0.9562663380918636,0.8158723913569391,0.14039394673492445
4,5,1test,1,left_hand,0,2,1|2|0,0.9562663380918636,0.8135926647168918,0.14267367337497172
4,5,1test,1,left_hand,0,3,2|0|1,0.9562663380918636,0.8350424701972066,0.121223867894657
4,5,1test,1,left_hand,0,4,2|1|0,0.9562663380918636,0.8382707578487629,0.11799558024310064
4,5,1test,1,right_hand,1,0,0|2|1,0.9090137794313427,0.6910042045656363,0.21800957486570638
4,5,1test,1,right_hand,1,1,1|0|2,0.9090137794313427,0.9732511170152883,-0.06423733758394568
4,5,1test,1,right_hand,1,2,1|2|0,0.9090137794313427,0.907999638596018,0.001014140835324695
4,5,1test,1,right_hand,1,3,2|0|1,0.9090137794313427,0.7246491489602669,0.18436463047107576
4,5,1test,1,right_hand,1,4,2|1|0,0.9090137794313427,0.9010156621448027,0.007998117286539985
4,5,1test,1,feet,2,0,0|2|1,0.9787301114499378,0.6619749552026926,0.31675515624724526
4,5,1test,1,feet,2,1,1|0|2,0.9787301114499378,0.8105010933625592,0.16822901808737867
4,5,1test,1,feet,2,2,1|2|0,0.9787301114499378,0.7368176519735584,0.2419124594763794
4,5,1test,1,feet,2,3,2|0|1,0.9787301114499378,0.7308475574673582,0.24788255398257963
4,5,1test,1,feet,2,4,2|1|0,0.9787301114499378,0.7392382885102418,0.23949182293969606
4,5,1test,1,tongue,3,0,0|2|1,1.28157839320209,0.924038636588117,0.3575397566139731
4,5,1test,1,tongue,3,1,1|0|2,1.28157839320209,0.8905514298798021,0.39102696332228803
4,5,1test,1,tongue,3,2,1|2|0,1.28157839320209,1.0728262083578166,0.2087521848442735
4,5,1test,1,tongue,3,3,2|0|1,1.28157839320209,0.8267059278977814,0.4548724653043087
4,5,1test,1,tongue,3,4,2|1|0,1.28157839320209,0.9833579829380649,0.29822041026402524
4,6,0train,0,left_hand,0,0,0|2|1,0.6054785613944926,0.5477171441042933,0.057761417290199346
4,6,0train,0,left_hand,0,1,1|0|2,0.6054785613944926,0.6187612806515086,-0.013282719257015962
4,6,0train,0,left_hand,0,2,1|2|0,0.6054785613944926,0.48841799801794805,0.11706056337654458
4,6,0train,0,left_hand,0,3,2|0|1,0.6054785613944926,0.7289680277816143,-0.12348946638712166
4,6,0train,0,left_hand,0,4,2|1|0,0.6054785613944926,0.7925169244070743,-0.1870383630125817
4,6,0train,0,right_hand,1,0,0|2|1,1.441972482398466,1.0420819330762747,0.39989054932219137
4,6,0train,0,right_hand,1,1,1|0|2,1.441972482398466,1.391202159422394,0.05077032297607209
4,6,0train,0,right_hand,1,2,1|2|0,1.441972482398466,1.5482092444195696,-0.10623676202110355
4,6,0train,0,right_hand,1,3,2|0|1,1.441972482398466,1.2761365096918225,0.16583597270664363
4,6,0train,0,right_hand,1,4,2|1|0,1.441972482398466,1.3816977066954472,0.06027477570301887
4,6,0train,0,feet,2,0,0|2|1,1.9416092191519856,1.6405362090451434,0.3010730101068422
4,6,0train,0,feet,2,1,1|0|2,1.9416092191519856,1.3953607715209504,0.5462484476310352
4,6,0train,0,feet,2,2,1|2|0,1.9416092191519856,1.5582397570114905,0.38336946214049505
4,6,0train,0,feet,2,3,2|0|1,1.9416092191519856,1.7013903734980809,0.24021884565390472
4,6,0train,0,feet,2,4,2|1|0,1.9416092191519856,1.7609670194753706,0.180642199676615
4,6,0train,0,tongue,3,0,0|2|1,1.1234931176418828,0.8075243972713573,0.3159687203705255
4,6,0train,0,tongue,3,1,1|0|2,1.1234931176418828,0.6839548258438383,0.4395382917980445
4,6,0train,0,tongue,3,2,1|2|0,1.1234931176418828,0.89321759478095,0.23027552286093278
4,6,0train,0,tongue,3,3,2|0|1,1.1234931176418828,0.6921649856725187,0.43132813196936404
4,6,0train,0,tongue,3,4,2|1|0,1.1234931176418828,0.8693590788147622,0.2541340388271206
4,6,1test,1,left_hand,0,0,0|2|1,0.44290137774555477,0.43909499849471795,0.003806379250836822
4,6,1test,1,left_hand,0,1,1|0|2,0.44290137774555477,0.562348024936698,-0.11944664719114323
4,6,1test,1,left_hand,0,2,1|2|0,0.44290137774555477,0.5125692942243931,-0.06966791647883835
4,6,1test,1,left_hand,0,3,2|0|1,0.44290137774555477,0.5757360729920982,-0.1328346952465434
4,6,1test,1,left_hand,0,4,2|1|0,0.44290137774555477,0.47971669856912147,-0.0368153208235667
4,6,1test,1,right_hand,1,0,0|2|1,0.9200101122152549,0.7241157137866264,0.19589439842862844
4,6,1test,1,right_hand,1,1,1|0|2,0.9200101122152549,0.8048625278764985,0.11514758433875638
4,6,1test,1,right_hand,1,2,1|2|0,0.9200101122152549,0.9713033617064208,-0.05129324949116598
4,6,1test,1,right_hand,1,3,2|0|1,0.9200101122152549,0.7313397446888785,0.18867036752637634
4,6,1test,1,right_hand,1,4,2|1|0,0.9200101122152549,0.8067087840481365,0.11330132816711835
4,6,1test,1,feet,2,0,0|2|1,0.42568722037471185,0.510658956782216,-0.0849717364075041
4,6,1test,1,feet,2,1,1|0|2,0.42568722037471185,0.45650098943344664,-0.030813769058734786
4,6,1test,1,feet,2,2,1|2|0,0.42568722037471185,0.4897475437654611,-0.06406032339074924
4,6,1test,1,feet,2,3,2|0|1,0.42568722037471185,0.4720997427304525,-0.04641252235574067
4,6,1test,1,feet,2,4,2|1|0,0.42568722037471185,0.48216516661498937,-0.05647794624027752
4,6,1test,1,tongue,3,0,0|2|1,1.4038806737715153,1.0868390893126216,0.31704158445889363
4,6,1test,1,tongue,3,1,1|0|2,1.4038806737715153,1.1002657611487883,0.303614912622727
4,6,1test,1,tongue,3,2,1|2|0,1.4038806737715153,1.1243670242182515,0.27951364955326374
4,6,1test,1,tongue,3,3,2|0|1,1.4038806737715153,1.1177728955491362,0.2861077782223791
4,6,1test,1,tongue,3,4,2|1|0,1.4038806737715153,1.0750654713828585,0.3288152023886568
4,7,0train,0,left_hand,0,0,0|2|1,2.3488624079594755,1.768786758309032,0.5800756496504436
4,7,0train,0,left_hand,0,1,1|0|2,2.3488624079594755,1.8902041526800293,0.45865825527944626
4,7,0train,0,left_hand,0,2,1|2|0,2.3488624079594755,2.049907331907776,0.29895507605169946
4,7,0train,0,left_hand,0,3,2|0|1,2.3488624079594755,2.2246634308578015,0.12419897710167405
4,7,0train,0,left_hand,0,4,2|1|0,2.3488624079594755,2.5415070328111735,-0.19264462485169798
4,7,0train,0,right_hand,1,0,0|2|1,2.677612667262524,2.1446343490736712,0.5329783181888526
4,7,0train,0,right_hand,1,1,1|0|2,2.677612667262524,2.9841690973611117,-0.3065564300985879
4,7,0train,0,right_hand,1,2,1|2|0,2.677612667262524,3.111496266076333,-0.433883598813809
4,7,0train,0,right_hand,1,3,2|0|1,2.677612667262524,2.731733080753522,-0.054120413490998054
4,7,0train,0,right_hand,1,4,2|1|0,2.677612667262524,2.748291688048922,-0.0706790207863981
4,7,0train,0,feet,2,0,0|2|1,3.058574818490536,2.8940698215094067,0.1645049969811292
4,7,0train,0,feet,2,1,1|0|2,3.058574818490536,1.9875333663572547,1.0710414521332812
4,7,0train,0,feet,2,2,1|2|0,3.058574818490536,2.4442649151544824,0.6143099033360535
4,7,0train,0,feet,2,3,2|0|1,3.058574818490536,2.8659115912088473,0.1926632272816886
4,7,0train,0,feet,2,4,2|1|0,3.058574818490536,2.5699963901922516,0.48857842829828435
4,7,0train,0,tongue,3,0,0|2|1,4.442633623536055,3.621915242863986,0.8207183806720688
4,7,0train,0,tongue,3,1,1|0|2,4.442633623536055,3.4349410458313927,1.007692577704662
4,7,0train,0,tongue,3,2,1|2|0,4.442633623536055,3.750717413759438,0.6919162097766165
4,7,0train,0,tongue,3,3,2|0|1,4.442633623536055,3.9615266287364523,0.4811069947996023
4,7,0train,0,tongue,3,4,2|1|0,4.442633623536055,4.272704553702634,0.1699290698334206
4,7,1test,1,left_hand,0,0,0|2|1,1.0117230039107477,0.3664196233412991,0.6453033805694486
4,7,1test,1,left_hand,0,1,1|0|2,1.0117230039107477,0.8307400461197393,0.18098295779100837
4,7,1test,1,left_hand,0,2,1|2|0,1.0117230039107477,0.8972881978559667,0.11443480605478096
4,7,1test,1,left_hand,0,3,2|0|1,1.0117230039107477,0.9533684050672261,0.058354598843521566
4,7,1test,1,left_hand,0,4,2|1|0,1.0117230039107477,0.9357170339912445,0.07600596991950315
4,7,1test,1,right_hand,1,0,0|2|1,1.1403484855239276,0.4696826827888223,0.6706658027351053
4,7,1test,1,right_hand,1,1,1|0|2,1.1403484855239276,1.289402278544157,-0.14905379302022936
4,7,1test,1,right_hand,1,2,1|2|0,1.1403484855239276,1.3307617003301508,-0.1904132148062232
4,7,1test,1,right_hand,1,3,2|0|1,1.1403484855239276,1.2620421387283605,-0.12169365320443282
4,7,1test,1,right_hand,1,4,2|1|0,1.1403484855239276,1.1023727582873493,0.03797572723657838
4,7,1test,1,feet,2,0,0|2|1,1.9319344611518032,1.3240315388362627,0.6079029223155406
4,7,1test,1,feet,2,1,1|0|2,1.9319344611518032,0.8859021497568319,1.0460323113949714
4,7,1test,1,feet,2,2,1|2|0,1.9319344611518032,1.1493379785149347,0.7825964826368685
4,7,1test,1,feet,2,3,2|0|1,1.9319344611518032,1.4746287052578253,0.4573057558939779
4,7,1test,1,feet,2,4,2|1|0,1.9319344611518032,1.3215650468420839,0.6103694143097194
4,7,1test,1,tongue,3,0,0|2|1,1.2198331612738047,1.0692783199511529,0.15055484132265184
4,7,1test,1,tongue,3,1,1|0|2,1.2198331612738047,0.6882773731092927,0.531555788164512
4,7,1test,1,tongue,3,2,1|2|0,1.2198331612738047,1.0150751687287998,0.20475799254500493
4,7,1test,1,tongue,3,3,2|0|1,1.2198331612738047,1.1440181119935438,0.07581504928026095
4,7,1test,1,tongue,3,4,2|1|0,1.2198331612738047,1.2214500641836679,-0.0016169029098631604
4,8,0train,0,left_hand,0,0,0|2|1,1.8885813543190122,2.564969822236356,-0.6763884679173437
4,8,0train,0,left_hand,0,1,1|0|2,1.8885813543190122,2.141780967494218,-0.2531996131752057
4,8,0train,0,left_hand,0,2,1|2|0,1.8885813543190122,2.525691668366736,-0.6371103140477237
4,8,0train,0,left_hand,0,3,2|0|1,1.8885813543190122,1.9943854672876444,-0.10580411296863224
4,8,0train,0,left_hand,0,4,2|1|0,1.8885813543190122,2.171745241095447,-0.283163886776435
4,8,0train,0,right_hand,1,0,0|2|1,2.9952216181483347,3.5268396293977307,-0.531618011249396
4,8,0train,0,right_hand,1,1,1|0|2,2.9952216181483347,3.0942716900256984,-0.0990500718773637
4,8,0train,0,right_hand,1,2,1|2|0,2.9952216181483347,3.2873240214470094,-0.29210240329867476
4,8,0train,0,right_hand,1,3,2|0|1,2.9952216181483347,3.0216178353351357,-0.026396217186801074
4,8,0train,0,right_hand,1,4,2|1|0,2.9952216181483347,3.83285405089413,-0.8376324327457954
4,8,0train,0,feet,2,0,0|2|1,4.032674605952779,3.4884514530601813,0.5442231528925974
4,8,0train,0,feet,2,1,1|0|2,4.032674605952779,4.04881997384237,-0.016145367889591533
4,8,0train,0,feet,2,2,1|2|0,4.032674605952779,3.9628222018943573,0.06985240405842141
4,8,0train,0,feet,2,3,2|0|1,4.032674605952779,3.3292034935081727,0.703471112444606
4,8,0train,0,feet,2,4,2|1|0,4.032674605952779,3.3128810089975174,0.7197935969552613
4,8,0train,0,tongue,3,0,0|2|1,7.520420226978039,7.168837739052491,0.3515824879255476
4,8,0train,0,tongue,3,1,1|0|2,7.520420226978039,7.4954394065683125,0.024980820409726157
4,8,0train,0,tongue,3,2,1|2|0,7.520420226978039,7.260374209360972,0.2600460176170669
4,8,0train,0,tongue,3,3,2|0|1,7.520420226978039,7.549071409603677,-0.02865118262563815
4,8,0train,0,tongue,3,4,2|1|0,7.520420226978039,7.857100887054295,-0.3366806600762562
4,8,1test,1,left_hand,0,0,0|2|1,0.8349991337719941,1.0803995963454815,-0.24540046257348747
4,8,1test,1,left_hand,0,1,1|0|2,0.8349991337719941,0.6143821520709936,0.22061698170100053
4,8,1test,1,left_hand,0,2,1|2|0,0.8349991337719941,1.3436819393399866,-0.5086828055679925
4,8,1test,1,left_hand,0,3,2|0|1,0.8349991337719941,0.6929608934945114,0.14203824027748269
4,8,1test,1,left_hand,0,4,2|1|0,0.8349991337719941,1.1121072140479142,-0.27710808027592015
4,8,1test,1,right_hand,1,0,0|2|1,1.0903743371115895,1.5371407985819698,-0.44676646147038035
4,8,1test,1,right_hand,1,1,1|0|2,1.0903743371115895,0.8896781769771561,0.20069616013443337
4,8,1test,1,right_hand,1,2,1|2|0,1.0903743371115895,1.222959120648739,-0.13258478353714942
4,8,1test,1,right_hand,1,3,2|0|1,1.0903743371115895,1.1405556107773762,-0.05018127366578673
4,8,1test,1,right_hand,1,4,2|1|0,1.0903743371115895,1.454134259863118,-0.36375992275152846
4,8,1test,1,feet,2,0,0|2|1,1.6896502071478523,1.3947062959958108,0.29494391115204155
4,8,1test,1,feet,2,1,1|0|2,1.6896502071478523,1.5587569152975145,0.13089329185033782
4,8,1test,1,feet,2,2,1|2|0,1.6896502071478523,1.354778725991403,0.33487148115644927
4,8,1test,1,feet,2,3,2|0|1,1.6896502071478523,1.2911886051149606,0.3984616020328917
4,8,1test,1,feet,2,4,2|1|0,1.6896502071478523,1.3180141962418968,0.37163601090595555
4,8,1test,1,tongue,3,0,0|2|1,1.406584414415601,1.4724466797358529,-0.06586226532025186
4,8,1test,1,tongue,3,1,1|0|2,1.406584414415601,1.470195236115147,-0.0636108216995459
4,8,1test,1,tongue,3,2,1|2|0,1.406584414415601,1.4294124827559909,-0.022828068340389862
4,8,1test,1,tongue,3,3,2|0|1,1.406584414415601,1.8619596868272652,-0.4553752724116642
4,8,1test,1,tongue,3,4,2|1|0,1.406584414415601,1.6941955733680523,-0.28761115895245126
4,9,0train,0,left_hand,0,0,0|2|1,3.183431590688041,2.998955734048638,0.1844758566394029
4,9,0train,0,left_hand,0,1,1|0|2,3.183431590688041,2.748786891526968,0.4346446991610726
4,9,0train,0,left_hand,0,2,1|2|0,3.183431590688041,2.8583154776099433,0.3251161130780975
4,9,0train,0,left_hand,0,3,2|0|1,3.183431590688041,2.9055362214995193,0.27789536918852153
4,9,0train,0,left_hand,0,4,2|1|0,3.183431590688041,3.0851094267889767,0.09832216389906412
4,9,0train,0,right_hand,1,0,0|2|1,2.7854837450463203,3.0319604757062724,-0.24647673065995201
4,9,0train,0,right_hand,1,1,1|0|2,2.7854837450463203,3.0324865348026067,-0.2470027897562863
4,9,0train,0,right_hand,1,2,1|2|0,2.7854837450463203,3.056390792217091,-0.27090704717077063
4,9,0train,0,right_hand,1,3,2|0|1,2.7854837450463203,2.900350367696076,-0.11486662264975545
4,9,0train,0,right_hand,1,4,2|1|0,2.7854837450463203,3.0257372293343727,-0.24025348428805238
4,9,0train,0,feet,2,0,0|2|1,3.078012079634556,2.6596062200055073,0.41840585962904875
4,9,0train,0,feet,2,1,1|0|2,3.078012079634556,2.2435060890577754,0.8345059905767807
4,9,0train,0,feet,2,2,1|2|0,3.078012079634556,2.351754559735526,0.72625751989903
4,9,0train,0,feet,2,3,2|0|1,3.078012079634556,2.64912739685035,0.4288846827842061
4,9,0train,0,feet,2,4,2|1|0,3.078012079634556,2.647330780057297,0.43068129957725887
4,9,0train,0,tongue,3,0,0|2|1,9.046412803522148,8.765189420966172,0.2812233825559769
4,9,0train,0,tongue,3,1,1|0|2,9.046412803522148,8.664412659015255,0.38200014450689324
4,9,0train,0,tongue,3,2,1|2|0,9.046412803522148,8.75545499459804,0.2909578089241087
4,9,0train,0,tongue,3,3,2|0|1,9.046412803522148,9.159353319655645,-0.11294051613349687
4,9,0train,0,tongue,3,4,2|1|0,9.046412803522148,9.27184612027416,-0.22543331675201195
4,9,1test,1,left_hand,0,0,0|2|1,5.5289000169543385,4.7005194760779965,0.828380540876342
4,9,1test,1,left_hand,0,1,1|0|2,5.5289000169543385,5.348428803103585,0.18047121385075382
4,9,1test,1,left_hand,0,2,1|2|0,5.5289000169543385,5.675298342128535,-0.1463983251741965
4,9,1test,1,left_hand,0,3,2|0|1,5.5289000169543385,5.284071786471862,0.2448282304824767
4,9,1test,1,left_hand,0,4,2|1|0,5.5289000169543385,5.5808815572387,-0.05198154028436175
4,9,1test,1,right_hand,1,0,0|2|1,1.4393899113659083,1.5191427343344273,-0.07975282296851893
4,9,1test,1,right_hand,1,1,1|0|2,1.4393899113659083,1.8279089104162687,-0.38851899905036036
4,9,1test,1,right_hand,1,2,1|2|0,1.4393899113659083,1.6344687860042257,-0.1950788746383174
4,9,1test,1,right_hand,1,3,2|0|1,1.4393899113659083,1.5788506750672622,-0.13946076370135385
4,9,1test,1,right_hand,1,4,2|1|0,1.4393899113659083,1.791726870004486,-0.3523369586385776
4,9,1test,1,feet,2,0,0|2|1,2.5794696406512627,1.4250964483043322,1.1543731923469305
4,9,1test,1,feet,2,1,1|0|2,2.5794696406512627,1.5365789805115724,1.0428906601396903
4,9,1test,1,feet,2,2,1|2|0,2.5794696406512627,1.3841883784227262,1.1952812622285365
4,9,1test,1,feet,2,3,2|0|1,2.5794696406512627,2.0055133738109174,0.5739562668403453
4,9,1test,1,feet,2,4,2|1|0,2.5794696406512627,2.0164062714401916,0.5630633692110711
4,9,1test,1,tongue,3,0,0|2|1,5.516266661847986,5.265942750116026,0.25032391173196
4,9,1test,1,tongue,3,1,1|0|2,5.516266661847986,5.29335834732971,0.22290831451827575
4,9,1test,1,tongue,3,2,1|2|0,5.516266661847986,5.281815981275802,0.2344506805721842
4,9,1test,1,tongue,3,3,2|0|1,5.516266661847986,6.2355087829953835,-0.7192421211473974
4,9,1test,1,tongue,3,4,2|1|0,5.516266661847986,6.509086425265454,-0.9928197634174678
5,1,0train,0,left_hand,0,0,0|2|1,7.355515264016248,6.758742356431216,0.5967729075850317
5,1,0train,0,left_hand,0,1,1|0|2,7.355515264016248,6.506711470509231,0.8488037935070167
5,1,0train,0,left_hand,0,2,1|2|0,7.355515264016248,6.854720156892202,0.5007951071240457
5,1,0train,0,left_hand,0,3,2|0|1,7.355515264016248,8.150776299554526,-0.7952610355382781
5,1,0train,0,left_hand,0,4,2|1|0,7.355515264016248,8.382277092733828,-1.0267618287175804
5,1,0train,0,right_hand,1,0,0|2|1,25.747323571959125,23.49323746939407,2.2540861025650543
5,1,0train,0,right_hand,1,1,1|0|2,25.747323571959125,23.134470201172412,2.6128533707867128
5,1,0train,0,right_hand,1,2,1|2|0,25.747323571959125,24.53764886150471,1.209674710454415
5,1,0train,0,right_hand,1,3,2|0|1,25.747323571959125,24.642082440779273,1.1052411311798522
5,1,0train,0,right_hand,1,4,2|1|0,25.747323571959125,25.357076139029537,0.39024743292958775
5,1,0train,0,feet,2,0,0|2|1,10.68040434512669,10.522445214598152,0.15795913052853727
5,1,0train,0,feet,2,1,1|0|2,10.68040434512669,9.786217295393946,0.8941870497327429
5,1,0train,0,feet,2,2,1|2|0,10.68040434512669,9.893781120665825,0.7866232244608646
5,1,0train,0,feet,2,3,2|0|1,10.68040434512669,10.629451653890241,0.05095269123644819
5,1,0train,0,feet,2,4,2|1|0,10.68040434512669,10.035709328650501,0.644695016476188
5,1,0train,0,tongue,3,0,0|2|1,12.09043634618706,11.6841787163354,0.4062576298516607
5,1,0train,0,tongue,3,1,1|0|2,12.09043634618706,10.874774723193095,1.2156616229939647
5,1,0train,0,tongue,3,2,1|2|0,12.09043634618706,13.05523460964561,-0.964798263458551
5,1,0train,0,tongue,3,3,2|0|1,12.09043634618706,11.241906992417727,0.848529353769333
5,1,0train,0,tongue,3,4,2|1|0,12.09043634618706,12.131462030673497,-0.04102568448643673
5,1,1test,1,left_hand,0,0,0|2|1,13.937028807907154,13.652294524661896,0.2847342832452586
5,1,1test,1,left_hand,0,1,1|0|2,13.937028807907154,13.641698424375393,0.2953303835317609
5,1,1test,1,left_hand,0,2,1|2|0,13.937028807907154,14.404088592137606,-0.467059784230452
5,1,1test,1,left_hand,0,3,2|0|1,13.937028807907154,14.727901398763043,-0.7908725908558889
5,1,1test,1,left_hand,0,4,2|1|0,13.937028807907154,14.816984813167748,-0.8799560052605937
5,1,1test,1,right_hand,1,0,0|2|1,18.76827636667813,19.214840108944152,-0.44656374226602225
5,1,1test,1,right_hand,1,1,1|0|2,18.76827636667813,17.870139112493952,0.8981372541841779
5,1,1test,1,right_hand,1,2,1|2|0,18.76827636667813,19.6005001052193,-0.8322237385411704
5,1,1test,1,right_hand,1,3,2|0|1,18.76827636667813,21.14262123108082,-2.3743448644026905
5,1,1test,1,right_hand,1,4,2|1|0,18.76827636667813,21.060468574235045,-2.2921922075569157
5,1,1test,1,feet,2,0,0|2|1,9.041541144677785,8.686642205924697,0.3548989387530881
5,1,1test,1,feet,2,1,1|0|2,9.041541144677785,9.697837691720341,-0.6562965470425564
5,1,1test,1,feet,2,2,1|2|0,9.041541144677785,8.932575555841034,0.10896558883675134
5,1,1test,1,feet,2,3,2|0|1,9.041541144677785,8.80766554246773,0.23387560221005543
5,1,1test,1,feet,2,4,2|1|0,9.041541144677785,9.23153987150963,-0.1899987268318455
5,1,1test,1,tongue,3,0,0|2|1,11.03720724080064,10.88453829494494,0.1526689458556998
5,1,1test,1,tongue,3,1,1|0|2,11.03720724080064,9.537157824248364,1.500049416552276
5,1,1test,1,tongue,3,2,1|2|0,11.03720724080064,10.237032331989303,0.8001749088113375
5,1,1test,1,tongue,3,3,2|0|1,11.03720724080064,10.77176245991017,0.26544478089047097
5,1,1test,1,tongue,3,4,2|1|0,11.03720724080064,9.890870541016834,1.1463366997838058
5,2,0train,0,left_hand,0,0,0|2|1,1.2637472311946802,0.7259738426687717,0.5377733885259085
5,2,0train,0,left_hand,0,1,1|0|2,1.2637472311946802,1.3010566099780183,-0.037309378783338065
5,2,0train,0,left_hand,0,2,1|2|0,1.2637472311946802,0.7030986998737226,0.5606485313209576
5,2,0train,0,left_hand,0,3,2|0|1,1.2637472311946802,1.4506025861071365,-0.1868553549124563
5,2,0train,0,left_hand,0,4,2|1|0,1.2637472311946802,1.3576664846745903,-0.09391925347991004
5,2,0train,0,right_hand,1,0,0|2|1,3.36846933886585,1.870917619475144,1.4975517193907062
5,2,0train,0,right_hand,1,1,1|0|2,3.36846933886585,2.1448900772535966,1.2235792616122536
5,2,0train,0,right_hand,1,2,1|2|0,3.36846933886585,1.8869658740134634,1.4815034648523868
5,2,0train,0,right_hand,1,3,2|0|1,3.36846933886585,2.317096451369803,1.051372887496047
5,2,0train,0,right_hand,1,4,2|1|0,3.36846933886585,2.6100840429131753,0.7583852959526749
5,2,0train,0,feet,2,0,0|2|1,8.081277012926108,5.891566962394305,2.1897100505318035
5,2,0train,0,feet,2,1,1|0|2,8.081277012926108,5.7904750231026005,2.2908019898235077
5,2,0train,0,feet,2,2,1|2|0,8.081277012926108,5.907785316799872,2.173491696126236
5,2,0train,0,feet,2,3,2|0|1,8.081277012926108,5.9978579697846275,2.0834190431414807
5,2,0train,0,feet,2,4,2|1|0,8.081277012926108,6.002679533109999,2.078597479816109
5,2,0train,0,tongue,3,0,0|2|1,2.416157002796998,2.1961144307724356,0.22004257202456223
5,2,0train,0,tongue,3,1,1|0|2,2.416157002796998,2.3189750109915432,0.09718199180545462
5,2,0train,0,tongue,3,2,1|2|0,2.416157002796998,1.9337100486579706,0.4824469541390273
5,2,0train,0,tongue,3,3,2|0|1,2.416157002796998,1.97609564119864,0.44006136159835796
5,2,0train,0,tongue,3,4,2|1|0,2.416157002796998,1.9432500192563278,0.47290698354067007
5,2,1test,1,left_hand,0,0,0|2|1,3.3835468281478827,2.3342704214570342,1.0492764066908484
5,2,1test,1,left_hand,0,1,1|0|2,3.3835468281478827,2.8669040597144093,0.5166427684334733
5,2,1test,1,left_hand,0,2,1|2|0,3.3835468281478827,2.489550878217479,0.8939959499304035
5,2,1test,1,left_hand,0,3,2|0|1,3.3835468281478827,2.71251898188387,0.6710278462640127
5,2,1test,1,left_hand,0,4,2|1|0,3.3835468281478827,2.8577977276945066,0.5257491004533761
5,2,1test,1,right_hand,1,0,0|2|1,2.0779643115219057,0.8226654693587834,1.2552988421631224
5,2,1test,1,right_hand,1,1,1|0|2,2.0779643115219057,1.5260350274375691,0.5519292840843366
5,2,1test,1,right_hand,1,2,1|2|0,2.0779643115219057,0.9587450776562356,1.1192192338656701
5,2,1test,1,right_hand,1,3,2|0|1,2.0779643115219057,1.5567638033348625,0.5212005081870432
5,2,1test,1,right_hand,1,4,2|1|0,2.0779643115219057,1.6270341288640353,0.45093018265787044
5,2,1test,1,feet,2,0,0|2|1,2.6236214909165243,1.5803871426675187,1.0432343482490056
5,2,1test,1,feet,2,1,1|0|2,2.6236214909165243,1.7354362074997074,0.8881852834168169
5,2,1test,1,feet,2,2,1|2|0,2.6236214909165243,2.04177381341266,0.5818476775038643
5,2,1test,1,feet,2,3,2|0|1,2.6236214909165243,1.6729020844011286,0.9507194065153957
5,2,1test,1,feet,2,4,2|1|0,2.6236214909165243,1.8751321460309227,0.7484893448856016
5,2,1test,1,tongue,3,0,0|2|1,2.9518386733690036,2.13016615431172,0.8216725190572838
5,2,1test,1,tongue,3,1,1|0|2,2.9518386733690036,1.8811028439397448,1.0707358294292588
5,2,1test,1,tongue,3,2,1|2|0,2.9518386733690036,2.005749736715406,0.9460889366535978
5,2,1test,1,tongue,3,3,2|0|1,2.9518386733690036,2.138626723722666,0.8132119496463375
5,2,1test,1,tongue,3,4,2|1|0,2.9518386733690036,2.0479769470107922,0.9038617263582114
5,3,0train,0,left_hand,0,0,0|2|1,9.224193226926918,8.097677023297788,1.12651620362913
5,3,0train,0,left_hand,0,1,1|0|2,9.224193226926918,7.603685136420383,1.6205080905065348
5,3,0train,0,left_hand,0,2,1|2|0,9.224193226926918,7.949298171883126,1.2748950550437916
5,3,0train,0,left_hand,0,3,2|0|1,9.224193226926918,7.810782574159293,1.4134106527676247
5,3,0train,0,left_hand,0,4,2|1|0,9.224193226926918,8.164715885072008,1.05947734185491
5,3,0train,0,right_hand,1,0,0|2|1,15.086259199006568,16.30860703354828,-1.2223478345417131
5,3,0train,0,right_hand,1,1,1|0|2,15.086259199006568,15.393257969821187,-0.30699877081461935
5,3,0train,0,right_hand,1,2,1|2|0,15.086259199006568,15.186128865608756,-0.09986966660218854
5,3,0train,0,right_hand,1,3,2|0|1,15.086259199006568,15.74807662219255,-0.6618174231859815
5,3,0train,0,right_hand,1,4,2|1|0,15.086259199006568,15.313922201038451,-0.22766300203188372
5,3,0train,0,feet,2,0,0|2|1,5.6035980630747515,5.966070835366784,-0.36247277229203245
5,3,0train,0,feet,2,1,1|0|2,5.6035980630747515,6.3544529289402645,-0.750854865865513
5,3,0train,0,feet,2,2,1|2|0,5.6035980630747515,5.698384429530367,-0.09478636645561522
5,3,0train,0,feet,2,3,2|0|1,5.6035980630747515,6.714788179179162,-1.1111901161044102
5,3,0train,0,feet,2,4,2|1|0,5.6035980630747515,5.897404102760123,-0.29380603968537145
5,3,0train,0,tongue,3,0,0|2|1,8.752597166231524,8.485604524772606,0.2669926414589181
5,3,0train,0,tongue,3,1,1|0|2,8.752597166231524,8.460417120064994,0.29218004616653026
5,3,0train,0,tongue,3,2,1|2|0,8.752597166231524,8.63622032176114,0.1163768444703841
5,3,0train,0,tongue,3,3,2|0|1,8.752597166231524,8.902785051823743,-0.15018788559221896
5,3,0train,0,tongue,3,4,2|1|0,8.752597166231524,8.742267799387374,0.0103293668441502
5,3,1test,1,left_hand,0,0,0|2|1,10.946813202561023,10.149248180139592,0.7975650224214306
5,3,1test,1,left_hand,0,1,1|0|2,10.946813202561023,10.39664527080376,0.5501679317572634
5,3,1test,1,left_hand,0,2,1|2|0,10.946813202561023,10.491984356723897,0.4548288458371257
5,3,1test,1,left_hand,0,3,2|0|1,10.946813202561023,10.348821396750562,0.5979918058104605
5,3,1test,1,left_hand,0,4,2|1|0,10.946813202561023,10.041326840473898,0.9054863620871245
5,3,1test,1,right_hand,1,0,0|2|1,11.484395816283499,12.954075025325292,-1.469679209041793
5,3,1test,1,right_hand,1,1,1|0|2,11.484395816283499,12.167070176776027,-0.6826743604925287
5,3,1test,1,right_hand,1,2,1|2|0,11.484395816283499,13.52403655002158,-2.0396407337380804
5,3,1test,1,right_hand,1,3,2|0|1,11.484395816283499,14.248661281338755,-2.7642654650552565
5,3,1test,1,right_hand,1,4,2|1|0,11.484395816283499,14.066517372686201,-2.5821215564027025
5,3,1test,1,feet,2,0,0|2|1,4.198725793013498,3.195029200697485,1.0036965923160128
5,3,1test,1,feet,2,1,1|0|2,4.198725793013498,3.8169539787629247,0.38177181425057327
5,3,1test,1,feet,2,2,1|2|0,4.198725793013498,3.467881232834455,0.730844560179043
5,3,1test,1,feet,2,3,2|0|1,4.198725793013498,3.280198123666486,0.9185276693470121
5,3,1test,1,feet,2,4,2|1|0,4.198725793013498,3.310152156876469,0.8885736361370289
5,3,1test,1,tongue,3,0,0|2|1,8.982666307302273,8.862910269851904,0.11975603745036878
5,3,1test,1,tongue,3,1,1|0|2,8.982666307302273,8.479042742615981,0.5036235646862917
5,3,1test,1,tongue,3,2,1|2|0,8.982666307302273,8.815443860291062,0.16722244701121092
5,3,1test,1,tongue,3,3,2|0|1,8.982666307302273,8.864270833831695,0.11839547347057788
5,3,1test,1,tongue,3,4,2|1|0,8.982666307302273,8.756389119711859,0.22627718759041393
5,4,0train,0,left_hand,0,0,0|2|1,1.7074362089736503,1.1138367007280907,0.5935995082455596
5,4,0train,0,left_hand,0,1,1|0|2,1.7074362089736503,0.9777528602695477,0.7296833487041027
5,4,0train,0,left_hand,0,2,1|2|0,1.7074362089736503,1.3515857183623678,0.3558504906112825
5,4,0train,0,left_hand,0,3,2|0|1,1.7074362089736503,1.272852507659808,0.4345837013138423
5,4,0train,0,left_hand,0,4,2|1|0,1.7074362089736503,1.3295808759878018,0.3778553329858485
5,4,0train,0,right_hand,1,0,0|2|1,2.3429984267461643,1.6010974657075974,0.741900961038567
5,4,0train,0,right_hand,1,1,1|0|2,2.3429984267461643,2.2397140290307496,0.10328439771541476
5,4,0train,0,right_hand,1,2,1|2|0,2.3429984267461643,2.0781949451553805,0.2648034815907838
5,4,0train,0,right_hand,1,3,2|0|1,2.3429984267461643,2.0285842013604864,0.31441422538567787
5,4,0train,0,right_hand,1,4,2|1|0,2.3429984267461643,1.978332793155256,0.3646656335909084
5,4,0train,0,feet,2,0,0|2|1,2.3309390211717265,1.9909107564649389,0.3400282647067876
5,4,0train,0,feet,2,1,1|0|2,2.3309390211717265,2.0789718420323586,0.25196717913936784
5,4,0train,0,feet,2,2,1|2|0,2.3309390211717265,1.812107051000739,0.5188319701709874
5,4,0train,0,feet,2,3,2|0|1,2.3309390211717265,1.8996636714688548,0.4312753497028716
5,4,0train,0,feet,2,4,2|1|0,2.3309390211717265,1.6172637719595666,0.7136752492121599
5,4,0train,0,tongue,3,0,0|2|1,1.4802483167293112,0.888717325818766,0.5915309909105453
5,4,0train,0,tongue,3,1,1|0|2,1.4802483167293112,0.9901934837842418,0.49005483294506946
5,4,0train,0,tongue,3,2,1|2|0,1.4802483167293112,0.9157396685926225,0.5645086481366888
5,4,0train,0,tongue,3,3,2|0|1,1.4802483167293112,0.9893530492510654,0.49089526747824586
5,4,0train,0,tongue,3,4,2|1|0,1.4802483167293112,1.0474530355081155,0.4327952812211957
5,4,1test,1,left_hand,0,0,0|2|1,7.159822460666272,5.615118089602663,1.5447043710636095
5,4,1test,1,left_hand,0,1,1|0|2,7.159822460666272,5.974292947548138,1.1855295131181345
5,4,1test,1,left_hand,0,2,1|2|0,7.159822460666272,5.880303113549644,1.2795193471166284
5,4,1test,1,left_hand,0,3,2|0|1,7.159822460666272,6.188907927597667,0.9709145330686058
5,4,1test,1,left_hand,0,4,2|1|0,7.159822460666272,6.339976251998776,0.8198462086674967
5,4,1test,1,right_hand,1,0,0|2|1,4.772671215092482,3.601139338881793,1.1715318762106892
5,4,1test,1,right_hand,1,1,1|0|2,4.772671215092482,4.980784100522554,-0.20811288543007134
5,4,1test,1,right_hand,1,2,1|2|0,4.772671215092482,3.8026739754450727,0.9699972396474097
5,4,1test,1,right_hand,1,3,2|0|1,4.772671215092482,4.885322091734954,-0.11265087664247186
5,4,1test,1,right_hand,1,4,2|1|0,4.772671215092482,4.679704422903961,0.09296679218852155
5,4,1test,1,feet,2,0,0|2|1,6.0674425222168535,4.173599924308825,1.8938425979080282
5,4,1test,1,feet,2,1,1|0|2,6.0674425222168535,5.197767646485647,0.8696748757312065
5,4,1test,1,feet,2,2,1|2|0,6.0674425222168535,4.483223233202259,1.5842192890145945
5,4,1test,1,feet,2,3,2|0|1,6.0674425222168535,4.5592674960259885,1.508175026190865
5,4,1test,1,feet,2,4,2|1|0,6.0674425222168535,4.492249409118928,1.5751931130979253
5,4,1test,1,tongue,3,0,0|2|1,3.5904828188785727,2.581920883806482,1.0085619350720907
5,4,1test,1,tongue,3,1,1|0|2,3.5904828188785727,2.477227304303913,1.1132555145746599
5,4,1test,1,tongue,3,2,1|2|0,3.5904828188785727,2.28832857479275,1.3021542440858225
5,4,1test,1,tongue,3,3,2|0|1,3.5904828188785727,3.070390483032368,0.5200923358462046
5,4,1test,1,tongue,3,4,2|1|0,3.5904828188785727,2.7524002587939136,0.8380825600846591
5,6,0train,0,left_hand,0,0,0|2|1,2.3973013913606733,1.4935587804421804,0.903742610918493
5,6,0train,0,left_hand,0,1,1|0|2,2.3973013913606733,1.7139981387219478,0.6833032526387255
5,6,0train,0,left_hand,0,2,1|2|0,2.3973013913606733,1.4504729752905512,0.9468284160701221
5,6,0train,0,left_hand,0,3,2|0|1,2.3973013913606733,1.8289918675082393,0.568309523852434
5,6,0train,0,left_hand,0,4,2|1|0,2.3973013913606733,1.669340406724841,0.7279609846358324
5,6,0train,0,right_hand,1,0,0|2|1,3.4042855572898043,2.1968274016485276,1.2074581556412767
5,6,0train,0,right_hand,1,1,1|0|2,3.4042855572898043,2.4742845271083382,0.9300010301814661
5,6,0train,0,right_hand,1,2,1|2|0,3.4042855572898043,2.654167713183234,0.7501178441065703
5,6,0train,0,right_hand,1,3,2|0|1,3.4042855572898043,2.7396053909611715,0.6646801663286328
5,6,0train,0,right_hand,1,4,2|1|0,3.4042855572898043,2.723971862160772,0.6803136951290325
5,6,0train,0,feet,2,0,0|2|1,5.316103074629846,3.7473437550823028,1.5687593195475436
5,6,0train,0,feet,2,1,1|0|2,5.316103074629846,3.2836866098755064,2.03241646475434
5,6,0train,0,feet,2,2,1|2|0,5.316103074629846,3.462841932564555,1.8532611420652914
5,6,0train,0,feet,2,3,2|0|1,5.316103074629846,3.5173760590189063,1.79872701561094
5,6,0train,0,feet,2,4,2|1|0,5.316103074629846,3.6557222565094523,1.660380818120394
5,6,0train,0,tongue,3,0,0|2|1,1.5774833138698046,0.9195719438079175,0.657911370061887
5,6,0train,0,tongue,3,1,1|0|2,1.5774833138698046,0.8818688444857711,0.6956144693840335
5,6,0train,0,tongue,3,2,1|2|0,1.5774833138698046,0.9864232420104287,0.5910600718593758
5,6,0train,0,tongue,3,3,2|0|1,1.5774833138698046,1.0006137016817591,0.5768696121880454
5,6,0train,0,tongue,3,4,2|1|0,1.5774833138698046,1.0911807811201617,0.48630253274964286
5,6,1test,1,left_hand,0,0,0|2|1,3.2164455177970184,2.1171733956730407,1.0992721221239776
5,6,1test,1,left_hand,0,1,1|0|2,3.2164455177970184,2.62619988177599,0.5902456360210282
5,6,1test,1,left_hand,0,2,1|2|0,3.2164455177970184,2.462944201684799,0.7535013161122195
5,6,1test,1,left_hand,0,3,2|0|1,3.2164455177970184,2.380588965856599,0.8358565519404193
5,6,1test,1,left_hand,0,4,2|1|0,3.2164455177970184,2.75849784941341,0.45794766838360834
5,6,1test,1,right_hand,1,0,0|2|1,1.9472504064615819,1.3553344561592773,0.5919159503023046
5,6,1test,1,right_hand,1,1,1|0|2,1.9472504064615819,1.7310466972485046,0.2162037092130773
5,6,1test,1,right_hand,1,2,1|2|0,1.9472504064615819,1.6042578962528662,0.3429925102087157
5,6,1test,1,right_hand,1,3,2|0|1,1.9472504064615819,1.9189136313955306,0.028336775066051256
5,6,1test,1,right_hand,1,4,2|1|0,1.9472504064615819,2.1689699874459207,-0.22171958098433886
5,6,1test,1,feet,2,0,0|2|1,4.414319948103386,2.9264198009260793,1.4879001471773066
5,6,1test,1,feet,2,1,1|0|2,4.414319948103386,3.140018472587451,1.274301475515935
5,6,1test,1,feet,2,2,1|2|0,4.414319948103386,3.291957558118246,1.12236238998514
5,6,1test,1,feet,2,3,2|0|1,4.414319948103386,2.9873190971376657,1.4270008509657202
5,6,1test,1,feet,2,4,2|1|0,4.414319948103386,3.3682365609630622,1.0460833871403237
5,6,1test,1,tongue,3,0,0|2|1,2.2341682114316592,1.1419309107699764,1.0922373006616828
5,6,1test,1,tongue,3,1,1|0|2,2.2341682114316592,1.1738714381019109,1.0602967733297484
5,6,1test,1,tongue,3,2,1|2|0,2.2341682114316592,0.9820774252567281,1.252090786174931
5,6,1test,1,tongue,3,3,2|0|1,2.2341682114316592,1.0032417808448049,1.2309264305868544
5,6,1test,1,tongue,3,4,2|1|0,2.2341682114316592,0.9610524604614588,1.2731157509702005
5,7,0train,0,left_hand,0,0,0|2|1,4.438624816672624,4.078685340115788,0.35993947655683556
5,7,0train,0,left_hand,0,1,1|0|2,4.438624816672624,4.231935402837038,0.20668941383558526
5,7,0train,0,left_hand,0,2,1|2|0,4.438624816672624,4.479500800231021,-0.040875983558397166
5,7,0train,0,left_hand,0,3,2|0|1,4.438624816672624,5.627696654691125,-1.189071838018501
5,7,0train,0,left_hand,0,4,2|1|0,4.438624816672624,5.464896261721519,-1.026271445048895
5,7,0train,0,right_hand,1,0,0|2|1,4.925192941599595,3.7628663776880664,1.1623265639115283
5,7,0train,0,right_hand,1,1,1|0|2,4.925192941599595,5.32843388898216,-0.40324094738256555
5,7,0train,0,right_hand,1,2,1|2|0,4.925192941599595,5.768885796730369,-0.8436928551307741
5,7,0train,0,right_hand,1,3,2|0|1,4.925192941599595,5.545210899307582,-0.6200179577079874
5,7,0train,0,right_hand,1,4,2|1|0,4.925192941599595,5.461382058672506,-0.5361891170729116
5,7,0train,0,feet,2,0,0|2|1,5.438526893728488,5.029662771354215,0.40886412237427283
5,7,0train,0,feet,2,1,1|0|2,5.438526893728488,4.562327051938191,0.8761998417902968
5,7,0train,0,feet,2,2,1|2|0,5.438526893728488,4.879399146471199,0.5591277472572891
5,7,0train,0,feet,2,3,2|0|1,5.438526893728488,5.165308374690517,0.2732185190379708
5,7,0train,0,feet,2,4,2|1|0,5.438526893728488,5.094681812872766,0.3438450808557221
5,7,0train,0,tongue,3,0,0|2|1,5.7142907525480675,5.068739438197247,0.6455513143508202
5,7,0train,0,tongue,3,1,1|0|2,5.7142907525480675,5.150672974080312,0.5636177784677558
5,7,0train,0,tongue,3,2,1|2|0,5.7142907525480675,5.84517649507931,-0.13088574253124285
5,7,0train,0,tongue,3,3,2|0|1,5.7142907525480675,5.3273324428834785,0.386958309664589
5,7,0train,0,tongue,3,4,2|1|0,5.7142907525480675,5.803064746607827,-0.08877399405975961
5,7,1test,1,left_hand,0,0,0|2|1,5.892565275569455,4.987136420383142,0.9054288551863126
5,7,1test,1,left_hand,0,1,1|0|2,5.892565275569455,6.168307503924054,-0.2757422283545994
5,7,1test,1,left_hand,0,2,1|2|0,5.892565275569455,5.8786107345349725,0.013954541034482126
5,7,1test,1,left_hand,0,3,2|0|1,5.892565275569455,5.76377245930769,0.12879281626176464
5,7,1test,1,left_hand,0,4,2|1|0,5.892565275569455,6.139653612064267,-0.2470883364948122
5,7,1test,1,right_hand,1,0,0|2|1,4.017655894038822,4.344959453883287,-0.3273035598444647
5,7,1test,1,right_hand,1,1,1|0|2,4.017655894038822,5.120293493918647,-1.1026375998798246
5,7,1test,1,right_hand,1,2,1|2|0,4.017655894038822,5.288775206639681,-1.2711193126008586
5,7,1test,1,right_hand,1,3,2|0|1,4.017655894038822,5.335796373829498,-1.3181404797906762
5,7,1test,1,right_hand,1,4,2|1|0,4.017655894038822,5.243938139394878,-1.2262822453560558
5,7,1test,1,feet,2,0,0|2|1,4.947300813116311,3.4540920379276248,1.4932087751886867
5,7,1test,1,feet,2,1,1|0|2,4.947300813116311,4.002673569775164,0.9446272433411478
5,7,1test,1,feet,2,2,1|2|0,4.947300813116311,3.0984781686825795,1.848822644433732
5,7,1test,1,feet,2,3,2|0|1,4.947300813116311,3.2219978501431203,1.725302962973191
5,7,1test,1,feet,2,4,2|1|0,4.947300813116311,3.446021765440736,1.5012790476755753
5,7,1test,1,tongue,3,0,0|2|1,5.858624263380147,5.415731387781839,0.44289287559830814
5,7,1test,1,tongue,3,1,1|0|2,5.858624263380147,5.181258845784327,0.6773654175958201
5,7,1test,1,tongue,3,2,1|2|0,5.858624263380147,5.36879576833963,0.4898284950405172
5,7,1test,1,tongue,3,3,2|0|1,5.858624263380147,5.48233166476985,0.37629259861029674
5,7,1test,1,tongue,3,4,2|1|0,5.858624263380147,5.206682158178083,0.651942105202064
5,8,0train,0,left_hand,0,0,0|2|1,6.4922662331727,6.132328183190975,0.3599380499817251
5,8,0train,0,left_hand,0,1,1|0|2,6.4922662331727,4.839332249200893,1.6529339839718062
5,8,0train,0,left_hand,0,2,1|2|0,6.4922662331727,6.535162749127736,-0.04289651595503674
5,8,0train,0,left_hand,0,3,2|0|1,6.4922662331727,4.764525761737333,1.727740471435367
5,8,0train,0,left_hand,0,4,2|1|0,6.4922662331727,4.997475808473826,1.4947904246988735
5,8,0train,0,right_hand,1,0,0|2|1,9.098126540920227,8.82305355085499,0.27507299006523667
5,8,0train,0,right_hand,1,1,1|0|2,9.098126540920227,7.8257619668577885,1.272364574062438
5,8,0train,0,right_hand,1,2,1|2|0,9.098126540920227,8.092628926355385,1.0054976145648418
5,8,0train,0,right_hand,1,3,2|0|1,9.098126540920227,7.894612597553644,1.2035139433665822
5,8,0train,0,right_hand,1,4,2|1|0,9.098126540920227,7.746643796750053,1.3514827441701733
5,8,0train,0,feet,2,0,0|2|1,5.88341543306879,5.375959617634708,0.5074558154340822
5,8,0train,0,feet,2,1,1|0|2,5.88341543306879,6.288295252134559,-0.4048798190657692
5,8,0train,0,feet,2,2,1|2|0,5.88341543306879,5.8796200848060645,0.0037953482627255397
5,8,0train,0,feet,2,3,2|0|1,5.88341543306879,5.285891536369298,0.5975238966994922
5,8,0train,0,feet,2,4,2|1|0,5.88341543306879,5.698322944913385,0.18509248815540502
5,8,0train,0,tongue,3,0,0|2|1,12.594958000471289,10.408852562907517,2.1861054375637714
5,8,0train,0,tongue,3,1,1|0|2,12.594958000471289,10.652633185875134,1.9423248145961551
5,8,0train,0,tongue,3,2,1|2|0,12.594958000471289,10.523753817630954,2.0712041828403347
5,8,0train,0,tongue,3,3,2|0|1,12.594958000471289,10.838108841675412,1.7568491587958768
5,8,0train,0,tongue,3,4,2|1|0,12.594958000471289,10.643103196771559,1.9518548036997299
5,8,1test,1,left_hand,0,0,0|2|1,10.637702019356654,10.96767229086836,-0.32997027151170677
5,8,1test,1,left_hand,0,1,1|0|2,10.637702019356654,9.471633820619513,1.1660681987371415
5,8,1test,1,left_hand,0,2,1|2|0,10.637702019356654,10.313651982194447,0.32405003716220726
5,8,1test,1,left_hand,0,3,2|0|1,10.637702019356654,9.136125930885697,1.5015760884709568
5,8,1test,1,left_hand,0,4,2|1|0,10.637702019356654,10.276906924134602,0.360795095222052
5,8,1test,1,right_hand,1,0,0|2|1,4.902890195579959,5.163631255012849,-0.26074105943289005
5,8,1test,1,right_hand,1,1,1|0|2,4.902890195579959,4.399744258477769,0.5031459371021896
5,8,1test,1,right_hand,1,2,1|2|0,4.902890195579959,4.9030250743632084,-0.0001348787832498033
5,8,1test,1,right_hand,1,3,2|0|1,4.902890195579959,4.221863612692367,0.6810265828875917
5,8,1test,1,right_hand,1,4,2|1|0,4.902890195579959,4.521393277563777,0.3814969180161816
5,8,1test,1,feet,2,0,0|2|1,2.8974047520534483,2.529050696836058,0.3683540552173903
5,8,1test,1,feet,2,1,1|0|2,2.8974047520534483,2.5433473816465932,0.35405737040685503
5,8,1test,1,feet,2,2,1|2|0,2.8974047520534483,2.492554149801409,0.40485060225203906
5,8,1test,1,feet,2,3,2|0|1,2.8974047520534483,2.2713418326524764,0.6260629194009719
5,8,1test,1,feet,2,4,2|1|0,2.8974047520534483,2.4436179263106634,0.45378682574278484
5,8,1test,1,tongue,3,0,0|2|1,9.64154341049567,7.318694457562467,2.322848952933203
5,8,1test,1,tongue,3,1,1|0|2,9.64154341049567,7.288525033963142,2.3530183765325274
5,8,1test,1,tongue,3,2,1|2|0,9.64154341049567,7.341606556401053,2.299936854094617
5,8,1test,1,tongue,3,3,2|0|1,9.64154341049567,7.5697159966743195,2.0718274138213504
5,8,1test,1,tongue,3,4,2|1|0,9.64154341049567,7.54643574151183,2.0951076689838395
5,9,0train,0,left_hand,0,0,0|2|1,7.845600629161811,7.119020352288938,0.7265802768728724
5,9,0train,0,left_hand,0,1,1|0|2,7.845600629161811,6.982402623374658,0.8631980057871527
5,9,0train,0,left_hand,0,2,1|2|0,7.845600629161811,7.572354033317723,0.27324659584408817
5,9,0train,0,left_hand,0,3,2|0|1,7.845600629161811,7.652220551355182,0.19338007780662902
5,9,0train,0,left_hand,0,4,2|1|0,7.845600629161811,7.723164702389685,0.122435926772126
5,9,0train,0,right_hand,1,0,0|2|1,7.362617755351145,6.963426004449416,0.3991917509017293
5,9,0train,0,right_hand,1,1,1|0|2,7.362617755351145,6.977603866316135,0.38501388903501077
5,9,0train,0,right_hand,1,2,1|2|0,7.362617755351145,7.193200778187689,0.16941697716345594
5,9,0train,0,right_hand,1,3,2|0|1,7.362617755351145,6.899630834391753,0.4629869209593922
5,9,0train,0,right_hand,1,4,2|1|0,7.362617755351145,7.377553491611267,-0.01493573626012168
5,9,0train,0,feet,2,0,0|2|1,4.457574949552884,4.16431094680815,0.29326400274473396
5,9,0train,0,feet,2,1,1|0|2,4.457574949552884,3.5884393437932114,0.8691356057596722
5,9,0train,0,feet,2,2,1|2|0,4.457574949552884,3.9981963269146368,0.4593786226382468
5,9,0train,0,feet,2,3,2|0|1,4.457574949552884,4.477574009185001,-0.019999059632117344
5,9,0train,0,feet,2,4,2|1|0,4.457574949552884,4.553787578993548,-0.09621262944066444
5,9,0train,0,tongue,3,0,0|2|1,13.64791600799109,12.670531093014953,0.9773849149761382
5,9,0train,0,tongue,3,1,1|0|2,13.64791600799109,12.759471285819208,0.888444722171883
5,9,0train,0,tongue,3,2,1|2|0,13.64791600799109,12.929878402104467,0.7180376058866234
5,9,0train,0,tongue,3,3,2|0|1,13.64791600799109,12.987659585756987,0.6602564222341041
5,9,0train,0,tongue,3,4,2|1|0,13.64791600799109,13.268681469123317,0.3792345388677738
5,9,1test,1,left_hand,0,0,0|2|1,62.97769965999541,60.54710737985134,2.4305922801440687
5,9,1test,1,left_hand,0,1,1|0|2,62.97769965999541,61.93327253028068,1.0444271297147267
5,9,1test,1,left_hand,0,2,1|2|0,62.97769965999541,62.01061085487853,0.9670888051168802
5,9,1test,1,left_hand,0,3,2|0|1,62.97769965999541,62.190454455871134,0.7872452041242752
5,9,1test,1,left_hand,0,4,2|1|0,62.97769965999541,60.767969760646324,2.2097298993490853
5,9,1test,1,right_hand,1,0,0|2|1,4.594196336181261,5.788600428250771,-1.1944040920695098
5,9,1test,1,right_hand,1,1,1|0|2,4.594196336181261,4.546379969526072,0.04781636665518896
5,9,1test,1,right_hand,1,2,1|2|0,4.594196336181261,5.096480639766489,-0.5022843035852285
5,9,1test,1,right_hand,1,3,2|0|1,4.594196336181261,5.068723991365308,-0.4745276551840476
5,9,1test,1,right_hand,1,4,2|1|0,4.594196336181261,5.032504117220178,-0.4383077810389171
5,9,1test,1,feet,2,0,0|2|1,9.722302471891387,7.621683409767122,2.100619062124265
5,9,1test,1,feet,2,1,1|0|2,9.722302471891387,7.768674598637292,1.9536278732540957
5,9,1test,1,feet,2,2,1|2|0,9.722302471891387,7.843772907192379,1.878529564699008
5,9,1test,1,feet,2,3,2|0|1,9.722302471891387,8.093954126653596,1.6283483452377912
5,9,1test,1,feet,2,4,2|1|0,9.722302471891387,7.513709231803794,2.208593240087593
5,9,1test,1,tongue,3,0,0|2|1,25.079020742471748,24.030577606350622,1.0484431361211257
5,9,1test,1,tongue,3,1,1|0|2,25.079020742471748,23.076229802809102,2.0027909396626455
5,9,1test,1,tongue,3,2,1|2|0,25.079020742471748,23.24092190080463,1.8380988416671187
5,9,1test,1,tongue,3,3,2|0|1,25.079020742471748,23.592779213824862,1.486241528646886
5,9,1test,1,tongue,3,4,2|1|0,25.079020742471748,23.363094894784368,1.7159258476873802
6,1,0train,0,left_hand,0,0,0|2|1,1.9952152020067142,1.850195188642265,0.14502001336444925
6,1,0train,0,left_hand,0,1,1|0|2,1.9952152020067142,2.1696135760607205,-0.17439837405400627
6,1,0train,0,left_hand,0,2,1|2|0,1.9952152020067142,2.230495607752987,-0.23528040574627274
6,1,0train,0,left_hand,0,3,2|0|1,1.9952152020067142,1.8175332986358927,0.17768190337082146
6,1,0train,0,left_hand,0,4,2|1|0,1.9952152020067142,2.025443166813775,-0.030227964807060692
6,1,0train,0,right_hand,1,0,0|2|1,7.201152850739464,6.599703780325369,0.6014490704140956
6,1,0train,0,right_hand,1,1,1|0|2,7.201152850739464,6.643134898925078,0.558017951814386
6,1,0train,0,right_hand,1,2,1|2|0,7.201152850739464,7.259570016578456,-0.058417165838991814
6,1,0train,0,right_hand,1,3,2|0|1,7.201152850739464,6.407362451458265,0.7937903992811988
6,1,0train,0,right_hand,1,4,2|1|0,7.201152850739464,7.55593179586684,-0.35477894512737596
6,1,0train,0,feet,2,0,0|2|1,1.9672019086082586,1.6609753534896148,0.30622655511864383
6,1,0train,0,feet,2,1,1|0|2,1.9672019086082586,1.2135983853462498,0.7536035232620089
6,1,0train,0,feet,2,2,1|2|0,1.9672019086082586,1.681327082791441,0.28587482581681756
6,1,0train,0,feet,2,3,2|0|1,1.9672019086082586,1.7489378882046809,0.21826402040357773
6,1,0train,0,feet,2,4,2|1|0,1.9672019086082586,1.7194766584006385,0.24772525020762015
6,1,0train,0,tongue,3,0,0|2|1,7.941044572655525,7.853053629424709,0.08799094323081658
6,1,0train,0,tongue,3,1,1|0|2,7.941044572655525,7.164461262152402,0.7765833105031232
6,1,0train,0,tongue,3,2,1|2|0,7.941044572655525,7.406163361165943,0.5348812114895827
6,1,0train,0,tongue,3,3,2|0|1,7.941044572655525,7.8439000558856975,0.09714451676982794
6,1,0train,0,tongue,3,4,2|1|0,7.941044572655525,6.887138629628329,1.0539059430271962
6,1,1test,1,left_hand,0,0,0|2|1,3.2573265480625184,2.980187791051116,0.27713875701140234
6,1,1test,1,left_hand,0,1,1|0|2,3.2573265480625184,3.46789488154212,-0.21056833347960158
6,1,1test,1,left_hand,0,2,1|2|0,3.2573265480625184,3.5490644028684386,-0.2917378548059202
6,1,1test,1,left_hand,0,3,2|0|1,3.2573265480625184,3.302437989512473,-0.045111441449954714
6,1,1test,1,left_hand,0,4,2|1|0,3.2573265480625184,3.3069863123059906,-0.04965976424347218
6,1,1test,1,right_hand,1,0,0|2|1,9.32003507136139,8.596369456887642,0.7236656144737488
6,1,1test,1,right_hand,1,1,1|0|2,9.32003507136139,8.934821979436375,0.3852130919250154
6,1,1test,1,right_hand,1,2,1|2|0,9.32003507136139,9.11739085984962,0.20264421151177103
6,1,1test,1,right_hand,1,3,2|0|1,9.32003507136139,9.027647174685614,0.2923878966757769
6,1,1test,1,right_hand,1,4,2|1|0,9.32003507136139,9.56024740727296,-0.2402123359115702
6,1,1test,1,feet,2,0,0|2|1,1.5167793930499647,1.3234589893546045,0.1933204036953602
6,1,1test,1,feet,2,1,1|0|2,1.5167793930499647,1.187138365719089,0.32964102733087564
6,1,1test,1,feet,2,2,1|2|0,1.5167793930499647,1.10253359556507,0.41424579748489476
6,1,1test,1,feet,2,3,2|0|1,1.5167793930499647,1.3605464527000157,0.15623294034994895
6,1,1test,1,feet,2,4,2|1|0,1.5167793930499647,1.2227551639941043,0.29402422905586034
6,1,1test,1,tongue,3,0,0|2|1,10.04371439705552,9.742214616402535,0.30149978065298555
6,1,1test,1,tongue,3,1,1|0|2,10.04371439705552,9.769514984638228,0.2741994124172926
6,1,1test,1,tongue,3,2,1|2|0,10.04371439705552,9.446131743326678,0.5975826537288427
6,1,1test,1,tongue,3,3,2|0|1,10.04371439705552,9.575364431097045,0.4683499659584758
6,1,1test,1,tongue,3,4,2|1|0,10.04371439705552,9.299391063998982,0.7443233330565384
6,2,0train,0,left_hand,0,0,0|2|1,0.9193408271396095,0.7431290040090273,0.17621182313058226
6,2,0train,0,left_hand,0,1,1|0|2,0.9193408271396095,0.8485031588872376,0.07083766825237192
6,2,0train,0,left_hand,0,2,1|2|0,0.9193408271396095,0.943632032430998,-0.024291205291388507
6,2,0train,0,left_hand,0,3,2|0|1,0.9193408271396095,0.843801591393116,0.07553923574649357
6,2,0train,0,left_hand,0,4,2|1|0,0.9193408271396095,0.7050838603160109,0.21425696682359863
6,2,0train,0,right_hand,1,0,0|2|1,1.300586572331393,0.8454564020104465,0.4551301703209465
6,2,0train,0,right_hand,1,1,1|0|2,1.300586572331393,1.2227812947797065,0.07780527755168642
6,2,0train,0,right_hand,1,2,1|2|0,1.300586572331393,1.4028623810556284,-0.10227580872423547
6,2,0train,0,right_hand,1,3,2|0|1,1.300586572331393,1.0503700086039933,0.25021656372739964
6,2,0train,0,right_hand,1,4,2|1|0,1.300586572331393,1.0396738022759362,0.26091277005545677
6,2,0train,0,feet,2,0,0|2|1,1.5424039635354247,0.7590669617207855,0.7833370018146393
6,2,0train,0,feet,2,1,1|0|2,1.5424039635354247,0.9711890838047816,0.5712148797306431
6,2,0train,0,feet,2,2,1|2|0,1.5424039635354247,0.909025688875259,0.6333782746601657
6,2,0train,0,feet,2,3,2|0|1,1.5424039635354247,0.8047053875690323,0.7376985759663924
6,2,0train,0,feet,2,4,2|1|0,1.5424039635354247,0.8320462678467269,0.7103576956886979
6,2,0train,0,tongue,3,0,0|2|1,2.045268137908988,1.979727737425171,0.06554040048381693
6,2,0train,0,tongue,3,1,1|0|2,2.045268137908988,2.0528379805332695,-0.00756984262428162
6,2,0train,0,tongue,3,2,1|2|0,2.045268137908988,2.1244258664000526,-0.07915772849106473
6,2,0train,0,tongue,3,3,2|0|1,2.045268137908988,1.95761463456428,0.0876535033447079
6,2,0train,0,tongue,3,4,2|1|0,2.045268137908988,2.0116014119780896,0.033666725930898256
6,2,1test,1,left_hand,0,0,0|2|1,2.2717375253343657,2.037125408388411,0.23461211694595452
6,2,1test,1,left_hand,0,1,1|0|2,2.2717375253343657,1.9935932047927574,0.2781443205416083
6,2,1test,1,left_hand,0,2,1|2|0,2.2717375253343657,2.004736752156782,0.26700077317758364
6,2,1test,1,left_hand,0,3,2|0|1,2.2717375253343657,2.083399158051053,0.18833836728331255
6,2,1test,1,left_hand,0,4,2|1|0,2.2717375253343657,2.0281425667797808,0.2435949585545849
6,2,1test,1,right_hand,1,0,0|2|1,1.3493700194012326,0.7168589583092139,0.6325110610920187
6,2,1test,1,right_hand,1,1,1|0|2,1.3493700194012326,0.9802278597739444,0.36914215962728814
6,2,1test,1,right_hand,1,2,1|2|0,1.3493700194012326,1.0027791288364056,0.34659089056482695
6,2,1test,1,right_hand,1,3,2|0|1,1.3493700194012326,1.0566025638965397,0.29276745550469285
6,2,1test,1,right_hand,1,4,2|1|0,1.3493700194012326,0.8347777013655239,0.5145923180357087
6,2,1test,1,feet,2,0,0|2|1,1.0738002245397404,0.5488880126116068,0.5249122119281336
6,2,1test,1,feet,2,1,1|0|2,1.0738002245397404,0.5266046283099584,0.5471955962297821
6,2,1test,1,feet,2,2,1|2|0,1.0738002245397404,0.5467505504956873,0.5270496740440531
6,2,1test,1,feet,2,3,2|0|1,1.0738002245397404,0.5680866158135894,0.505713608726151
6,2,1test,1,feet,2,4,2|1|0,1.0738002245397404,0.5040602176314817,0.5697400069082588
6,2,1test,1,tongue,3,0,0|2|1,2.566939794658642,1.9089065754341838,0.6580332192244582
6,2,1test,1,tongue,3,1,1|0|2,2.566939794658642,1.8100264923990788,0.7569133022595633
6,2,1test,1,tongue,3,2,1|2|0,2.566939794658642,1.9350461117868205,0.6318936828718216
6,2,1test,1,tongue,3,3,2|0|1,2.566939794658642,1.8653025361450177,0.7016372585136244
6,2,1test,1,tongue,3,4,2|1|0,2.566939794658642,1.727512710872179,0.839427083786463
6,3,0train,0,left_hand,0,0,0|2|1,1.9133083121779189,1.7350367835818792,0.17827152859603967
6,3,0train,0,left_hand,0,1,1|0|2,1.9133083121779189,1.8625670960993725,0.050741216078546314
6,3,0train,0,left_hand,0,2,1|2|0,1.9133083121779189,1.7235318412733582,0.18977647090456062
6,3,0train,0,left_hand,0,3,2|0|1,1.9133083121779189,1.8194812935201228,0.09382701865779608
6,3,0train,0,left_hand,0,4,2|1|0,1.9133083121779189,1.7589442425394282,0.1543640696384907
6,3,0train,0,right_hand,1,0,0|2|1,4.537281539644595,3.6437888038905584,0.8934927357540365
6,3,0train,0,right_hand,1,1,1|0|2,4.537281539644595,4.001983487857146,0.535298051787449
6,3,0train,0,right_hand,1,2,1|2|0,4.537281539644595,4.374332475113114,0.16294906453148084
6,3,0train,0,right_hand,1,3,2|0|1,4.537281539644595,3.66939332565856,0.8678882139860349
6,3,0train,0,right_hand,1,4,2|1|0,4.537281539644595,4.104332727354591,0.4329488122900038
6,3,0train,0,feet,2,0,0|2|1,2.0644346771054907,1.334586661369233,0.7298480157362577
6,3,0train,0,feet,2,1,1|0|2,2.0644346771054907,1.0531807778948636,1.011253899210627
6,3,0train,0,feet,2,2,1|2|0,2.0644346771054907,1.1806245962260982,0.8838100808793925
6,3,0train,0,feet,2,3,2|0|1,2.0644346771054907,1.0267024824948894,1.0377321946106013
6,3,0train,0,feet,2,4,2|1|0,2.0644346771054907,1.11713096403735,0.9473037130681408
6,3,0train,0,tongue,3,0,0|2|1,5.368719726805777,5.330620788855287,0.03809893795049035
6,3,0train,0,tongue,3,1,1|0|2,5.368719726805777,4.828061804799184,0.5406579220065932
6,3,0train,0,tongue,3,2,1|2|0,5.368719726805777,5.134397110956634,0.23432261584914293
6,3,0train,0,tongue,3,3,2|0|1,5.368719726805777,5.2546066147143105,0.11411311209146646
6,3,0train,0,tongue,3,4,2|1|0,5.368719726805777,4.966983902496073,0.40173582430970356
6,3,1test,1,left_hand,0,0,0|2|1,2.1697351806791887,2.145263574123352,0.0244716065558368
6,3,1test,1,left_hand,0,1,1|0|2,2.1697351806791887,2.027947487133995,0.1417876935451936
6,3,1test,1,left_hand,0,2,1|2|0,2.1697351806791887,2.3009073420948845,-0.13117216141569576
6,3,1test,1,left_hand,0,3,2|0|1,2.1697351806791887,2.270090202518211,-0.10035502183902212
6,3,1test,1,left_hand,0,4,2|1|0,2.1697351806791887,2.556350392205158,-0.3866152115259691
6,3,1test,1,right_hand,1,0,0|2|1,6.2724329292506775,5.499417300931322,0.7730156283193557
6,3,1test,1,right_hand,1,1,1|0|2,6.2724329292506775,5.385182014002843,0.8872509152478347
6,3,1test,1,right_hand,1,2,1|2|0,6.2724329292506775,5.687064346652881,0.5853685825977966
6,3,1test,1,right_hand,1,3,2|0|1,6.2724329292506775,5.796936109392268,0.4754968198584093
6,3,1test,1,right_hand,1,4,2|1|0,6.2724329292506775,5.705988496968923,0.5664444322817541
6,3,1test,1,feet,2,0,0|2|1,1.4369577664786053,0.9483791438027636,0.48857862267584173
6,3,1test,1,feet,2,1,1|0|2,1.4369577664786053,1.056741574527316,0.3802161919512892
6,3,1test,1,feet,2,2,1|2|0,1.4369577664786053,0.97151432512044,0.4654434413581653
6,3,1test,1,feet,2,3,2|0|1,1.4369577664786053,0.9734990796143987,0.46345868686420655
6,3,1test,1,feet,2,4,2|1|0,1.4369577664786053,0.9341626803553962,0.5027950861232091
6,3,1test,1,tongue,3,0,0|2|1,9.188710078516788,8.717417686120868,0.47129239239592025
6,3,1test,1,tongue,3,1,1|0|2,9.188710078516788,8.921643665898477,0.2670664126183109
6,3,1test,1,tongue,3,2,1|2|0,9.188710078516788,8.569209728122624,0.6195003503941638
6,3,1test,1,tongue,3,3,2|0|1,9.188710078516788,8.568642393782639,0.6200676847341491
6,3,1test,1,tongue,3,4,2|1|0,9.188710078516788,8.53663998219947,0.6520700963173187
6,4,0train,0,left_hand,0,0,0|2|1,0.4335498477872561,0.3717617731969113,0.0617880745903448
6,4,0train,0,left_hand,0,1,1|0|2,0.4335498477872561,0.5474901813497616,-0.11394033356250549
6,4,0train,0,left_hand,0,2,1|2|0,0.4335498477872561,0.5106076931554776,-0.07705784536822152
6,4,0train,0,left_hand,0,3,2|0|1,0.4335498477872561,0.3798901982738309,0.05365964951342517
6,4,0train,0,left_hand,0,4,2|1|0,0.4335498477872561,0.6165626940727517,-0.18301284628549558
6,4,0train,0,right_hand,1,0,0|2|1,0.9879903010379787,0.7276037087971745,0.2603865922408042
6,4,0train,0,right_hand,1,1,1|0|2,0.9879903010379787,0.9339496054004034,0.0540406956375753
6,4,0train,0,right_hand,1,2,1|2|0,0.9879903010379787,0.8824443839296289,0.10554591710834982
6,4,0train,0,right_hand,1,3,2|0|1,0.9879903010379787,1.061550438715711,-0.0735601376777324
6,4,0train,0,right_hand,1,4,2|1|0,0.9879903010379787,0.845690820834546,0.14229948020343264
6,4,0train,0,feet,2,0,0|2|1,0.8438368341155451,0.7251575805958979,0.11867925351964725
6,4,0train,0,feet,2,1,1|0|2,0.8438368341155451,0.5511006662652916,0.29273616785025347
6,4,0train,0,feet,2,2,1|2|0,0.8438368341155451,0.6484622380460138,0.19537459606953134
6,4,0train,0,feet,2,3,2|0|1,0.8438368341155451,0.6396445440491092,0.2041922900664359
6,4,0train,0,feet,2,4,2|1|0,0.8438368341155451,0.7269240451057186,0.11691278900982649
6,4,0train,0,tongue,3,0,0|2|1,1.006876492517152,0.6729276855773598,0.33394880693979223
6,4,0train,0,tongue,3,1,1|0|2,1.006876492517152,0.6083500222435648,0.39852647027358723
6,4,0train,0,tongue,3,2,1|2|0,1.006876492517152,0.5818170044880272,0.42505948802912485
6,4,0train,0,tongue,3,3,2|0|1,1.006876492517152,0.8618513206571559,0.1450251718599962
6,4,0train,0,tongue,3,4,2|1|0,1.006876492517152,0.7447102828823156,0.2621662096348365
6,4,1test,1,left_hand,0,0,0|2|1,1.0326322853211893,0.9252612483902144,0.10737103693097494
6,4,1test,1,left_hand,0,1,1|0|2,1.0326322853211893,1.340633144833749,-0.3080008595125596
6,4,1test,1,left_hand,0,2,1|2|0,1.0326322853211893,1.2634247735066142,-0.23079248818542486
6,4,1test,1,left_hand,0,3,2|0|1,1.0326322853211893,1.1433823769427727,-0.11075009162158334
6,4,1test,1,left_hand,0,4,2|1|0,1.0326322853211893,1.0530514805940845,-0.020419195272895152
6,4,1test,1,right_hand,1,0,0|2|1,2.516934047921034,2.043596116738312,0.47333793118272194
6,4,1test,1,right_hand,1,1,1|0|2,2.516934047921034,2.1586528488045347,0.35828119911649914
6,4,1test,1,right_hand,1,2,1|2|0,2.516934047921034,2.0849198464784955,0.4320142014425383
6,4,1test,1,right_hand,1,3,2|0|1,2.516934047921034,2.462515343381881,0.05441870453915287
6,4,1test,1,right_hand,1,4,2|1|0,2.516934047921034,2.043813399999089,0.47312064792194475
6,4,1test,1,feet,2,0,0|2|1,0.5324471483764724,0.5328817814833205,-0.0004346331068481035
6,4,1test,1,feet,2,1,1|0|2,0.5324471483764724,0.47622748346566884,0.0562196649108036
6,4,1test,1,feet,2,2,1|2|0,0.5324471483764724,0.5964636225048436,-0.06401647412837119
6,4,1test,1,feet,2,3,2|0|1,0.5324471483764724,0.629204554961552,-0.09675740658507959
6,4,1test,1,feet,2,4,2|1|0,0.5324471483764724,0.550214994968565,-0.017767846592092518
6,4,1test,1,tongue,3,0,0|2|1,3.5608291250605832,2.6505856719648553,0.910243453095728
6,4,1test,1,tongue,3,1,1|0|2,3.5608291250605832,2.8949752113442737,0.6658539137163095
6,4,1test,1,tongue,3,2,1|2|0,3.5608291250605832,2.6349226893097764,0.9259064357508069
6,4,1test,1,tongue,3,3,2|0|1,3.5608291250605832,2.885671769845831,0.6751573552147523
6,4,1test,1,tongue,3,4,2|1|0,3.5608291250605832,2.8437813796310043,0.7170477454295789
6,5,0train,0,left_hand,0,0,0|2|1,0.8551021134973695,0.5215416923868978,0.3335604211104717
6,5,0train,0,left_hand,0,1,1|0|2,0.8551021134973695,0.590203747342003,0.26489836615536655
6,5,0train,0,left_hand,0,2,1|2|0,0.8551021134973695,0.622180105988626,0.23292200750874348
6,5,0train,0,left_hand,0,3,2|0|1,0.8551021134973695,0.5204350067892697,0.33466710670809985
6,5,0train,0,left_hand,0,4,2|1|0,0.8551021134973695,0.58366651898381,0.2714355945135596
6,5,0train,0,right_hand,1,0,0|2|1,1.1777448022177985,0.7612016762808304,0.4165431259369682
6,5,0train,0,right_hand,1,1,1|0|2,1.1777448022177985,0.8647414174863542,0.3130033847314443
6,5,0train,0,right_hand,1,2,1|2|0,1.1777448022177985,0.9616909142970712,0.21605388792072733
6,5,0train,0,right_hand,1,3,2|0|1,1.1777448022177985,1.0095133037948114,0.16823149842298712
6,5,0train,0,right_hand,1,4,2|1|0,1.1777448022177985,1.0117198600392423,0.16602494217855623
6,5,0train,0,feet,2,0,0|2|1,1.1340465881663049,0.7945579859273963,0.33948860223890853
6,5,0train,0,feet,2,1,1|0|2,1.1340465881663049,0.638625460995151,0.49542112717115383
6,5,0train,0,feet,2,2,1|2|0,1.1340465881663049,0.7860554870810056,0.3479911010852993
6,5,0train,0,feet,2,3,2|0|1,1.1340465881663049,0.7292805939530644,0.40476599421324044
6,5,0train,0,feet,2,4,2|1|0,1.1340465881663049,0.7882874341301361,0.34575915403616875
6,5,0train,0,tongue,3,0,0|2|1,1.1086651966831456,0.7029736787514709,0.4056915179316747
6,5,0train,0,tongue,3,1,1|0|2,1.1086651966831456,0.5954250628050813,0.5132401338780642
6,5,0train,0,tongue,3,2,1|2|0,1.1086651966831456,0.7455985590598582,0.3630666376232874
6,5,0train,0,tongue,3,3,2|0|1,1.1086651966831456,0.7717622083514689,0.33690298833167664
6,5,0train,0,tongue,3,4,2|1|0,1.1086651966831456,0.6684181538003037,0.4402470428828419
6,5,1test,1,left_hand,0,0,0|2|1,1.0015934648667686,0.659280202345386,0.3423132625213826
6,5,1test,1,left_hand,0,1,1|0|2,1.0015934648667686,0.8254564211946753,0.17613704367209326
6,5,1test,1,left_hand,0,2,1|2|0,1.0015934648667686,0.7078667824463145,0.2937266824204541
6,5,1test,1,left_hand,0,3,2|0|1,1.0015934648667686,0.8103782590186037,0.19121520584816487
6,5,1test,1,left_hand,0,4,2|1|0,1.0015934648667686,0.8715086610897408,0.1300848037770278
6,5,1test,1,right_hand,1,0,0|2|1,1.0146353459019688,0.6700418277091555,0.34459351819281325
6,5,1test,1,right_hand,1,1,1|0|2,1.0146353459019688,0.8728501433242017,0.14178520257776706
6,5,1test,1,right_hand,1,2,1|2|0,1.0146353459019688,0.9728165522432748,0.04181879365869401
6,5,1test,1,right_hand,1,3,2|0|1,1.0146353459019688,0.8789224125160773,0.13571293338589152
6,5,1test,1,right_hand,1,4,2|1|0,1.0146353459019688,1.085750911965245,-0.07111556606327629
6,5,1test,1,feet,2,0,0|2|1,0.8906498100242897,0.6426197119707152,0.24803009805357445
6,5,1test,1,feet,2,1,1|0|2,0.8906498100242897,0.6151221142676118,0.2755276957566779
6,5,1test,1,feet,2,2,1|2|0,0.8906498100242897,0.6493254896090733,0.24132432041521634
6,5,1test,1,feet,2,3,2|0|1,0.8906498100242897,0.655886832400112,0.23476297762417764
6,5,1test,1,feet,2,4,2|1|0,0.8906498100242897,0.697972153243526,0.19267765678076365
6,5,1test,1,tongue,3,0,0|2|1,2.022689081721977,0.9819882256608676,1.0407008560611093
6,5,1test,1,tongue,3,1,1|0|2,2.022689081721977,1.001311624568681,1.0213774571532959
6,5,1test,1,tongue,3,2,1|2|0,2.022689081721977,0.8529991993232129,1.169689882398764
6,5,1test,1,tongue,3,3,2|0|1,2.022689081721977,1.0704246884796285,0.9522643932423485
6,5,1test,1,tongue,3,4,2|1|0,2.022689081721977,0.8567273148464953,1.1659617668754816
6,7,0train,0,left_hand,0,0,0|2|1,1.6299910685844772,1.2409508575195158,0.38904021106496134
6,7,0train,0,left_hand,0,1,1|0|2,1.6299910685844772,1.5559639968817165,0.07402707170276068
6,7,0train,0,left_hand,0,2,1|2|0,1.6299910685844772,1.5913416699575653,0.03864939862691186
6,7,0train,0,left_hand,0,3,2|0|1,1.6299910685844772,1.3066875994809921,0.32330346910348506
6,7,0train,0,left_hand,0,4,2|1|0,1.6299910685844772,1.4935065190563923,0.13648454952808486
6,7,0train,0,right_hand,1,0,0|2|1,1.9178486066067106,1.293374148957925,0.6244744576487857
6,7,0train,0,right_hand,1,1,1|0|2,1.9178486066067106,1.7831470501885542,0.1347015564181564
6,7,0train,0,right_hand,1,2,1|2|0,1.9178486066067106,1.822862991947077,0.09498561465963373
6,7,0train,0,right_hand,1,3,2|0|1,1.9178486066067106,1.6179979014965302,0.2998507051101804
6,7,0train,0,right_hand,1,4,2|1|0,1.9178486066067106,1.890153174037681,0.027695432569029732
6,7,0train,0,feet,2,0,0|2|1,2.4433920402949143,1.3834766830497212,1.0599153572451931
6,7,0train,0,feet,2,1,1|0|2,2.4433920402949143,1.1592413088415612,1.2841507314533531
6,7,0train,0,feet,2,2,1|2|0,2.4433920402949143,1.405486590088666,1.0379054502062484
6,7,0train,0,feet,2,3,2|0|1,2.4433920402949143,1.5681646091628632,0.8752274311320511
6,7,0train,0,feet,2,4,2|1|0,2.4433920402949143,1.4346368780607988,1.0087551622341155
6,7,0train,0,tongue,3,0,0|2|1,3.9170862464398617,3.3736270180116157,0.543459228428246
6,7,0train,0,tongue,3,1,1|0|2,3.9170862464398617,3.289619254238231,0.6274669922016307
6,7,0train,0,tongue,3,2,1|2|0,3.9170862464398617,3.1957822118939925,0.7213040345458692
6,7,0train,0,tongue,3,3,2|0|1,3.9170862464398617,3.4338856792169774,0.4832005672228843
6,7,0train,0,tongue,3,4,2|1|0,3.9170862464398617,3.504046440394129,0.41303980604573276
6,7,1test,1,left_hand,0,0,0|2|1,1.7660278206774602,1.1833320996469021,0.5826957210305581
6,7,1test,1,left_hand,0,1,1|0|2,1.7660278206774602,1.4501780224026648,0.3158497982747954
6,7,1test,1,left_hand,0,2,1|2|0,1.7660278206774602,1.4953622774589772,0.270665543218483
6,7,1test,1,left_hand,0,3,2|0|1,1.7660278206774602,1.635105029442922,0.13092279123453832
6,7,1test,1,left_hand,0,4,2|1|0,1.7660278206774602,1.4964767416709703,0.2695510790064899
6,7,1test,1,right_hand,1,0,0|2|1,2.459494958617301,2.550660371293518,-0.09116541267621692
6,7,1test,1,right_hand,1,1,1|0|2,2.459494958617301,2.124250547191742,0.33524441142555883
6,7,1test,1,right_hand,1,2,1|2|0,2.459494958617301,1.977526176496756,0.48196878212054495
6,7,1test,1,right_hand,1,3,2|0|1,2.459494958617301,2.70910048319862,-0.24960552458131913
6,7,1test,1,right_hand,1,4,2|1|0,2.459494958617301,2.435426686507521,0.024068272109779798
6,7,1test,1,feet,2,0,0|2|1,2.171583410383578,1.178729707447167,0.9928537029364108
6,7,1test,1,feet,2,1,1|0|2,2.171583410383578,1.2960547805178928,0.875528629865685
6,7,1test,1,feet,2,2,1|2|0,2.171583410383578,1.1258686062468162,1.0457148041367617
6,7,1test,1,feet,2,3,2|0|1,2.171583410383578,1.2285354968717024,0.9430479135118754
6,7,1test,1,feet,2,4,2|1|0,2.171583410383578,1.0976079411343123,1.0739754692492656
6,7,1test,1,tongue,3,0,0|2|1,6.292680941731486,5.369039678113972,0.9236412636175144
6,7,1test,1,tongue,3,1,1|0|2,6.292680941731486,5.772161663341285,0.5205192783902017
6,7,1test,1,tongue,3,2,1|2|0,6.292680941731486,5.076213685907115,1.2164672558243712
6,7,1test,1,tongue,3,3,2|0|1,6.292680941731486,5.209738383643238,1.0829425580882486
6,7,1test,1,tongue,3,4,2|1|0,6.292680941731486,5.035176301383451,1.257504640348035
6,8,0train,0,left_hand,0,0,0|2|1,1.4274063704106783,1.5299407759753585,-0.10253440556468019
6,8,0train,0,left_hand,0,1,1|0|2,1.4274063704106783,1.3485337560868098,0.0788726143238685
6,8,0train,0,left_hand,0,2,1|2|0,1.4274063704106783,1.6653359517203306,-0.23792958130965225
6,8,0train,0,left_hand,0,3,2|0|1,1.4274063704106783,1.6498533057880993,-0.222446935377421
6,8,0train,0,left_hand,0,4,2|1|0,1.4274063704106783,1.7377096870710276,-0.31030331666034927
6,8,0train,0,right_hand,1,0,0|2|1,2.3715283281919075,2.337397213730576,0.034131114461331435
6,8,0train,0,right_hand,1,1,1|0|2,2.3715283281919075,1.7729030558960868,0.5986252722958207
6,8,0train,0,right_hand,1,2,1|2|0,2.3715283281919075,2.356356825089265,0.015171503102642703
6,8,0train,0,right_hand,1,3,2|0|1,2.3715283281919075,2.540425250902224,-0.1688969227103163
6,8,0train,0,right_hand,1,4,2|1|0,2.3715283281919075,2.3397238977125343,0.0318044304793732
6,8,0train,0,feet,2,0,0|2|1,3.058116472973257,2.318046243503178,0.7400702294700792
6,8,0train,0,feet,2,1,1|0|2,3.058116472973257,2.53219281706968,0.5259236559035769
6,8,0train,0,feet,2,2,1|2|0,3.058116472973257,2.189165574741872,0.8689508982313852
6,8,0train,0,feet,2,3,2|0|1,3.058116472973257,2.1259439003027047,0.9321725726705523
6,8,0train,0,feet,2,4,2|1|0,3.058116472973257,2.163010190856527,0.8951062821167302
6,8,0train,0,tongue,3,0,0|2|1,7.80330495460138,6.438437838376567,1.3648671162248132
6,8,0train,0,tongue,3,1,1|0|2,7.80330495460138,6.527222663372173,1.2760822912292067
6,8,0train,0,tongue,3,2,1|2|0,7.80330495460138,6.661812736430435,1.1414922181709448
6,8,0train,0,tongue,3,3,2|0|1,7.80330495460138,6.572889374356295,1.2304155802450847
6,8,0train,0,tongue,3,4,2|1|0,7.80330495460138,6.596063114722281,1.2072418398790994
6,8,1test,1,left_hand,0,0,0|2|1,2.285056417801613,2.274781259936626,0.010275157864986895
6,8,1test,1,left_hand,0,1,1|0|2,2.285056417801613,2.3233393540517135,-0.03828293625010071
6,8,1test,1,left_hand,0,2,1|2|0,2.285056417801613,2.2798937989496078,0.005162618852005085
6,8,1test,1,left_hand,0,3,2|0|1,2.285056417801613,1.9926124617376302,0.29244395606398266
6,8,1test,1,left_hand,0,4,2|1|0,2.285056417801613,2.5222960467980426,-0.2372396289964298
6,8,1test,1,right_hand,1,0,0|2|1,2.5767630658630907,2.540474936849382,0.03628812901370848
6,8,1test,1,right_hand,1,1,1|0|2,2.5767630658630907,2.368602530349262,0.20816053551382874
6,8,1test,1,right_hand,1,2,1|2|0,2.5767630658630907,2.3368562042457124,0.2399068616173783
6,8,1test,1,right_hand,1,3,2|0|1,2.5767630658630907,2.3801915463648995,0.19657151949819118
6,8,1test,1,right_hand,1,4,2|1|0,2.5767630658630907,2.23402268741557,0.3427403784475205
6,8,1test,1,feet,2,0,0|2|1,1.7366976016895643,1.3473117715881155,0.3893858301014488
6,8,1test,1,feet,2,1,1|0|2,1.7366976016895643,1.4140158272831655,0.3226817744063988
6,8,1test,1,feet,2,2,1|2|0,1.7366976016895643,1.3804254785579704,0.35627212313159395
6,8,1test,1,feet,2,3,2|0|1,1.7366976016895643,1.3732023916495404,0.36349521004002394
6,8,1test,1,feet,2,4,2|1|0,1.7366976016895643,1.352687347563459,0.38401025412610523
6,8,1test,1,tongue,3,0,0|2|1,9.984763103735114,7.563938530169415,2.4208245735656986
6,8,1test,1,tongue,3,1,1|0|2,9.984763103735114,7.587083612471715,2.397679491263399
6,8,1test,1,tongue,3,2,1|2|0,9.984763103735114,7.527540072206129,2.4572230315289847
6,8,1test,1,tongue,3,3,2|0|1,9.984763103735114,7.374086468707357,2.6106766350277573
6,8,1test,1,tongue,3,4,2|1|0,9.984763103735114,7.805992370338226,2.178770733396888
6,9,0train,0,left_hand,0,0,0|2|1,2.165681306358708,1.6418091684217473,0.5238721379369606
6,9,0train,0,left_hand,0,1,1|0|2,2.165681306358708,1.957651243080531,0.20803006327817686
6,9,0train,0,left_hand,0,2,1|2|0,2.165681306358708,2.022590287324676,0.14309101903403176
6,9,0train,0,left_hand,0,3,2|0|1,2.165681306358708,1.8513602434698337,0.3143210628888742
6,9,0train,0,left_hand,0,4,2|1|0,2.165681306358708,1.9250310244977658,0.24065028186094217
6,9,0train,0,right_hand,1,0,0|2|1,1.8295626149602993,1.5397093644690112,0.2898532504912881
6,9,0train,0,right_hand,1,1,1|0|2,1.8295626149602993,1.8637108344736597,-0.034148219513360445
6,9,0train,0,right_hand,1,2,1|2|0,1.8295626149602993,2.0735531213855904,-0.2439905064252912
6,9,0train,0,right_hand,1,3,2|0|1,1.8295626149602993,1.7569818543605944,0.07258076059970486
6,9,0train,0,right_hand,1,4,2|1|0,1.8295626149602993,2.0807649487380595,-0.25120233377776024
6,9,0train,0,feet,2,0,0|2|1,2.471045235944149,1.585066079519849,0.8859791564242998
6,9,0train,0,feet,2,1,1|0|2,2.471045235944149,1.5088804427644438,0.962164793179705
6,9,0train,0,feet,2,2,1|2|0,2.471045235944149,1.4420675094257898,1.028977726518359
6,9,0train,0,feet,2,3,2|0|1,2.471045235944149,1.6020508441110979,0.8689943918330509
6,9,0train,0,feet,2,4,2|1|0,2.471045235944149,1.4724886614397212,0.9985565745044276
6,9,0train,0,tongue,3,0,0|2|1,8.409143193583914,7.7085578505188215,0.7005853430650921
6,9,0train,0,tongue,3,1,1|0|2,8.409143193583914,7.584416545125837,0.8247266484580766
6,9,0train,0,tongue,3,2,1|2|0,8.409143193583914,7.7105408976798655,0.6986022959040481
6,9,0train,0,tongue,3,3,2|0|1,8.409143193583914,7.964931568785741,0.44421162479817244
6,9,0train,0,tongue,3,4,2|1|0,8.409143193583914,7.855579593263492,0.5535636003204214
6,9,1test,1,left_hand,0,0,0|2|1,15.914487159476469,14.868461531471027,1.0460256280054416
6,9,1test,1,left_hand,0,1,1|0|2,15.914487159476469,14.776583967813893,1.1379031916625753
6,9,1test,1,left_hand,0,2,1|2|0,15.914487159476469,15.503659206095158,0.41082795338131106
6,9,1test,1,left_hand,0,3,2|0|1,15.914487159476469,14.9801169489055,0.9343702105709681
6,9,1test,1,left_hand,0,4,2|1|0,15.914487159476469,15.004360179035178,0.9101269804412908
6,9,1test,1,right_hand,1,0,0|2|1,2.4034814282410752,2.450040334502753,-0.0465589062616778
6,9,1test,1,right_hand,1,1,1|0|2,2.4034814282410752,2.302074199615371,0.10140722862570417
6,9,1test,1,right_hand,1,2,1|2|0,2.4034814282410752,2.397420971792502,0.006060456448573337
6,9,1test,1,right_hand,1,3,2|0|1,2.4034814282410752,2.361944906417359,0.04153652182371603
6,9,1test,1,right_hand,1,4,2|1|0,2.4034814282410752,2.95189384859323,-0.5484124203521548
6,9,1test,1,feet,2,0,0|2|1,2.7676138013365006,1.7745001336792157,0.9931136676572849
6,9,1test,1,feet,2,1,1|0|2,2.7676138013365006,1.7381580138329913,1.0294557875035093
6,9,1test,1,feet,2,2,1|2|0,2.7676138013365006,1.764572459305738,1.0030413420307627
6,9,1test,1,feet,2,3,2|0|1,2.7676138013365006,1.8360144343328568,0.9315993670036438
6,9,1test,1,feet,2,4,2|1|0,2.7676138013365006,1.8136046333710174,0.9540091679654832
6,9,1test,1,tongue,3,0,0|2|1,24.429424546808157,22.148823438523856,2.2806011082843014
6,9,1test,1,tongue,3,1,1|0|2,24.429424546808157,22.825594076045327,1.60383047076283
6,9,1test,1,tongue,3,2,1|2|0,24.429424546808157,22.297085161547873,2.132339385260284
6,9,1test,1,tongue,3,3,2|0|1,24.429424546808157,22.021900929986796,2.4075236168213614
6,9,1test,1,tongue,3,4,2|1|0,24.429424546808157,21.939647193027657,2.4897773537805
7,1,0train,0,left_hand,0,0,0|2|1,0.605978987635792,0.38048376985155846,0.2254952177842336
7,1,0train,0,left_hand,0,1,1|0|2,0.605978987635792,1.0789780495403773,-0.4729990619045853
7,1,0train,0,left_hand,0,2,1|2|0,0.605978987635792,1.329654520009991,-0.7236755323741989
7,1,0train,0,left_hand,0,3,2|0|1,0.605978987635792,1.6627061518376804,-1.0567271642018885
7,1,0train,0,left_hand,0,4,2|1|0,0.605978987635792,1.8447902569313288,-1.2388112692955366
7,1,0train,0,right_hand,1,0,0|2|1,2.8598787140099597,2.3277979279461416,0.5320807860638181
7,1,0train,0,right_hand,1,1,1|0|2,2.8598787140099597,4.018341221796587,-1.158462507786627
7,1,0train,0,right_hand,1,2,1|2|0,2.8598787140099597,5.186730728197201,-2.3268520141872413
7,1,0train,0,right_hand,1,3,2|0|1,2.8598787140099597,4.2678721056313105,-1.4079933916213507
7,1,0train,0,right_hand,1,4,2|1|0,2.8598787140099597,5.420232161170525,-2.5603534471605656
7,1,0train,0,feet,2,0,0|2|1,1.5833419049543989,2.208488598123041,-0.625146693168642
7,1,0train,0,feet,2,1,1|0|2,1.5833419049543989,1.39107499213279,0.1922669128216088
7,1,0train,0,feet,2,2,1|2|0,1.5833419049543989,2.5699622984988375,-0.9866203935444386
7,1,0train,0,feet,2,3,2|0|1,1.5833419049543989,2.2663078023053065,-0.6829658973509076
7,1,0train,0,feet,2,4,2|1|0,1.5833419049543989,2.4593208318546584,-0.8759789269002596
7,1,0train,0,tongue,3,0,0|2|1,0.6333849346230999,0.8693720884770862,-0.2359871538539864
7,1,0train,0,tongue,3,1,1|0|2,0.6333849346230999,0.4357743865480648,0.1976105480750351
7,1,0train,0,tongue,3,2,1|2|0,0.6333849346230999,1.3361004625262825,-0.7027155279031826
7,1,0train,0,tongue,3,3,2|0|1,0.6333849346230999,0.8161809266430422,-0.18279599201994234
7,1,0train,0,tongue,3,4,2|1|0,0.6333849346230999,0.9521224874136706,-0.3187375527905707
7,1,1test,1,left_hand,0,0,0|2|1,1.2943655698688912,0.6994129851904686,0.5949525846784226
7,1,1test,1,left_hand,0,1,1|0|2,1.2943655698688912,1.9536032526041343,-0.6592376827352431
7,1,1test,1,left_hand,0,2,1|2|0,1.2943655698688912,2.0060767955680068,-0.7117112256991156
7,1,1test,1,left_hand,0,3,2|0|1,1.2943655698688912,1.6551282813200066,-0.3607627114511154
7,1,1test,1,left_hand,0,4,2|1|0,1.2943655698688912,1.9354599325318305,-0.6410943626629393
7,1,1test,1,right_hand,1,0,0|2|1,2.14653574898473,1.3447106464169893,0.8018251025677405
7,1,1test,1,right_hand,1,1,1|0|2,2.14653574898473,2.920279491048748,-0.7737437420640183
7,1,1test,1,right_hand,1,2,1|2|0,2.14653574898473,3.3808300241984335,-1.2342942752137036
7,1,1test,1,right_hand,1,3,2|0|1,2.14653574898473,2.541362627116353,-0.3948268781316231
7,1,1test,1,right_hand,1,4,2|1|0,2.14653574898473,3.39904568790341,-1.25250993891868
7,1,1test,1,feet,2,0,0|2|1,2.544072703290031,2.656136423131512,-0.11206371984148111
7,1,1test,1,feet,2,1,1|0|2,2.544072703290031,1.8557092959239834,0.6883634073660476
7,1,1test,1,feet,2,2,1|2|0,2.544072703290031,2.7027458668015467,-0.15867316351151572
7,1,1test,1,feet,2,3,2|0|1,2.544072703290031,2.6876843696655337,-0.1436116663755027
7,1,1test,1,feet,2,4,2|1|0,2.544072703290031,2.7293411698331793,-0.18526846654314832
7,1,1test,1,tongue,3,0,0|2|1,0.6386095098895554,0.8518442415649804,-0.21323473167542495
7,1,1test,1,tongue,3,1,1|0|2,0.6386095098895554,0.5412207367822424,0.09738877310731309
7,1,1test,1,tongue,3,2,1|2|0,0.6386095098895554,0.8740609771353945,-0.2354514672458391
7,1,1test,1,tongue,3,3,2|0|1,0.6386095098895554,0.9316935839615894,-0.29308407407203396
7,1,1test,1,tongue,3,4,2|1|0,0.6386095098895554,0.8204930736056306,-0.18188356371607517
7,2,0train,0,left_hand,0,0,0|2|1,0.9997029225621347,0.605114092407889,0.3945888301542456
7,2,0train,0,left_hand,0,1,1|0|2,0.9997029225621347,0.9989335228471107,0.0007693997150239884
7,2,0train,0,left_hand,0,2,1|2|0,0.9997029225621347,0.7686789466765691,0.23102397588556556
7,2,0train,0,left_hand,0,3,2|0|1,0.9997029225621347,1.037356946697736,-0.03765402413560126
7,2,0train,0,left_hand,0,4,2|1|0,0.9997029225621347,0.864614076539101,0.13508884602303362
7,2,0train,0,right_hand,1,0,0|2|1,1.7701169522574922,0.659477715075864,1.1106392371816283
7,2,0train,0,right_hand,1,1,1|0|2,1.7701169522574922,1.142350975330293,0.6277659769271993
7,2,0train,0,right_hand,1,2,1|2|0,1.7701169522574922,1.2539120438113274,0.5162049084461648
7,2,0train,0,right_hand,1,3,2|0|1,1.7701169522574922,1.2349604827833578,0.5351564694741344
7,2,0train,0,right_hand,1,4,2|1|0,1.7701169522574922,1.303642536336249,0.4664744159212433
7,2,0train,0,feet,2,0,0|2|1,3.3224025542134847,1.0484419189514809,2.2739606352620036
7,2,0train,0,feet,2,1,1|0|2,3.3224025542134847,1.5462584542806448,1.77614409993284
7,2,0train,0,feet,2,2,1|2|0,3.3224025542134847,1.139177004012209,2.183225550201276
7,2,0train,0,feet,2,3,2|0|1,3.3224025542134847,1.2227551439265678,2.099647410286917
7,2,0train,0,feet,2,4,2|1|0,3.3224025542134847,1.213006001389595,2.10939655282389
7,2,0train,0,tongue,3,0,0|2|1,1.435377432752736,1.2130525626165982,0.22232487013613778
7,2,0train,0,tongue,3,1,1|0|2,1.435377432752736,1.2245564545896794,0.21082097816305656
7,2,0train,0,tongue,3,2,1|2|0,1.435377432752736,1.155093665310873,0.280283767441863
7,2,0train,0,tongue,3,3,2|0|1,1.435377432752736,1.1094715673889195,0.3259058653638165
7,2,0train,0,tongue,3,4,2|1|0,1.435377432752736,1.0507604514893392,0.38461698126339683
7,2,1test,1,left_hand,0,0,0|2|1,1.7724049685940797,1.2872311717929115,0.48517379680116823
7,2,1test,1,left_hand,0,1,1|0|2,1.7724049685940797,1.4488980376213285,0.3235069309727512
7,2,1test,1,left_hand,0,2,1|2|0,1.7724049685940797,1.496889598974835,0.2755153696192447
7,2,1test,1,left_hand,0,3,2|0|1,1.7724049685940797,1.4871373716452296,0.28526759694885007
7,2,1test,1,left_hand,0,4,2|1|0,1.7724049685940797,1.351870487958339,0.4205344806357407
7,2,1test,1,right_hand,1,0,0|2|1,1.2516806052291916,0.6852621892720666,0.5664184159571249
7,2,1test,1,right_hand,1,1,1|0|2,1.2516806052291916,0.9754728808929368,0.27620772433625473
7,2,1test,1,right_hand,1,2,1|2|0,1.2516806052291916,0.9308076167424901,0.3208729884867014
7,2,1test,1,right_hand,1,3,2|0|1,1.2516806052291916,0.9437457406923954,0.3079348645367962
7,2,1test,1,right_hand,1,4,2|1|0,1.2516806052291916,1.07966320749913,0.17201739773006164
7,2,1test,1,feet,2,0,0|2|1,2.210790701360013,0.6588579017281813,1.5519327996318317
7,2,1test,1,feet,2,1,1|0|2,2.210790701360013,0.8878359697921866,1.3229547315678265
7,2,1test,1,feet,2,2,1|2|0,2.210790701360013,0.9407576502154598,1.2700330511445532
7,2,1test,1,feet,2,3,2|0|1,2.210790701360013,0.7067725475364235,1.5040181538235895
7,2,1test,1,feet,2,4,2|1|0,2.210790701360013,0.9772590859251602,1.2335316154348528
7,2,1test,1,tongue,3,0,0|2|1,1.8787805030892262,1.6880795784573974,0.19070092463182875
7,2,1test,1,tongue,3,1,1|0|2,1.8787805030892262,1.743381226728506,0.13539927636072013
7,2,1test,1,tongue,3,2,1|2|0,1.8787805030892262,1.635834028990489,0.24294647409873726
7,2,1test,1,tongue,3,3,2|0|1,1.8787805030892262,1.6496729526533513,0.22910755043587483
7,2,1test,1,tongue,3,4,2|1|0,1.8787805030892262,1.607388493464852,0.27139200962437426
7,3,0train,0,left_hand,0,0,0|2|1,0.9901904522710101,1.0497834480440555,-0.05959299577304544
7,3,0train,0,left_hand,0,1,1|0|2,0.9901904522710101,0.7347669494762449,0.2554235027947652
7,3,0train,0,left_hand,0,2,1|2|0,0.9901904522710101,1.056741839491487,-0.06655138722047682
7,3,0train,0,left_hand,0,3,2|0|1,0.9901904522710101,0.7134596121287919,0.27673084014221816
7,3,0train,0,left_hand,0,4,2|1|0,0.9901904522710101,1.0156252883925703,-0.025434836121560167
7,3,0train,0,right_hand,1,0,0|2|1,2.007558098009647,1.8338896978664478,0.17366840014319918
7,3,0train,0,right_hand,1,1,1|0|2,2.007558098009647,2.3033263544921057,-0.29576825648245864
7,3,0train,0,right_hand,1,2,1|2|0,2.007558098009647,3.017351333987863,-1.0097932359782158
7,3,0train,0,right_hand,1,3,2|0|1,2.007558098009647,2.3837210649259197,-0.3761629669162727
7,3,0train,0,right_hand,1,4,2|1|0,2.007558098009647,3.1451042237579987,-1.1375461257483517
7,3,0train,0,feet,2,0,0|2|1,1.004967711288939,1.37103076949029,-0.3660630582013509
7,3,0train,0,feet,2,1,1|0|2,1.004967711288939,0.88356453507632,0.12140317621261898
7,3,0train,0,feet,2,2,1|2|0,1.004967711288939,1.2213991717636246,-0.21643146047468553
7,3,0train,0,feet,2,3,2|0|1,1.004967711288939,1.0830628305825276,-0.07809511929358859
7,3,0train,0,feet,2,4,2|1|0,1.004967711288939,1.0518700532460308,-0.04690234195709175
7,3,0train,0,tongue,3,0,0|2|1,0.45537124708304993,0.4842843470217361,-0.028913099938686182
7,3,0train,0,tongue,3,1,1|0|2,0.45537124708304993,0.36780368409699515,0.08756756298605478
7,3,0train,0,tongue,3,2,1|2|0,0.45537124708304993,0.47837940854012007,-0.02300816145707013
7,3,0train,0,tongue,3,3,2|0|1,0.45537124708304993,0.4999438820893066,-0.04457263500625669
7,3,0train,0,tongue,3,4,2|1|0,0.45537124708304993,0.43934759863243206,0.016023648450617878
7,3,1test,1,left_hand,0,0,0|2|1,1.024918710032178,0.5951971194079526,0.4297215906242253
7,3,1test,1,left_hand,0,1,1|0|2,1.024918710032178,1.0929978514280287,-0.0680791413958508
7,3,1test,1,left_hand,0,2,1|2|0,1.024918710032178,1.2506439946865606,-0.22572528465438269
7,3,1test,1,left_hand,0,3,2|0|1,1.024918710032178,0.8584574931835617,0.16646121684861626
7,3,1test,1,left_hand,0,4,2|1|0,1.024918710032178,1.0290086763462294,-0.004089966314051452
7,3,1test,1,right_hand,1,0,0|2|1,1.2237008523245452,0.9684028948662848,0.25529795745826034
7,3,1test,1,right_hand,1,1,1|0|2,1.2237008523245452,1.5586731304802122,-0.334972278155667
7,3,1test,1,right_hand,1,2,1|2|0,1.2237008523245452,2.2704413340160956,-1.0467404816915504
7,3,1test,1,right_hand,1,3,2|0|1,1.2237008523245452,1.3796957104870793,-0.1559948581625341
7,3,1test,1,right_hand,1,4,2|1|0,1.2237008523245452,2.4985843817516162,-1.274883529427071
7,3,1test,1,feet,2,0,0|2|1,1.0545637993755947,1.4526307665136924,-0.39806696713809764
7,3,1test,1,feet,2,1,1|0|2,1.0545637993755947,0.7323160641602254,0.3222477352153693
7,3,1test,1,feet,2,2,1|2|0,1.0545637993755947,1.1022912301787282,-0.047727430803133464
7,3,1test,1,feet,2,3,2|0|1,1.0545637993755947,1.104202675083722,-0.049638875708127195
7,3,1test,1,feet,2,4,2|1|0,1.0545637993755947,0.9945106340188593,0.06005316535673544
7,3,1test,1,tongue,3,0,0|2|1,0.4211217551403634,0.5924001050153668,-0.1712783498750034
7,3,1test,1,tongue,3,1,1|0|2,0.4211217551403634,0.4430873738235318,-0.02196561868316843
7,3,1test,1,tongue,3,2,1|2|0,0.4211217551403634,0.5390688174348119,-0.11794706229444857
7,3,1test,1,tongue,3,3,2|0|1,0.4211217551403634,0.5079363020641058,-0.08681454692374241
7,3,1test,1,tongue,3,4,2|1|0,0.4211217551403634,0.49278857284852196,-0.07166681770815858
7,4,0train,0,left_hand,0,0,0|2|1,0.7194969720600238,0.5550762395416857,0.1644207325183381
7,4,0train,0,left_hand,0,1,1|0|2,0.7194969720600238,0.5692320177702339,0.15026495428978992
7,4,0train,0,left_hand,0,2,1|2|0,0.7194969720600238,0.6743799762757555,0.04511699578426831
7,4,0train,0,left_hand,0,3,2|0|1,0.7194969720600238,0.6173792979173746,0.10211767414264927
7,4,0train,0,left_hand,0,4,2|1|0,0.7194969720600238,0.7131074901259459,0.006389481934077956
7,4,0train,0,right_hand,1,0,0|2|1,1.042805756542445,0.8028085516351384,0.23999720490730647
7,4,0train,0,right_hand,1,1,1|0|2,1.042805756542445,1.0914737699993626,-0.048668013456917736
7,4,0train,0,right_hand,1,2,1|2|0,1.042805756542445,0.9502927797767631,0.09251297676568182
7,4,0train,0,right_hand,1,3,2|0|1,1.042805756542445,1.19528238091726,-0.15247662437481502
7,4,0train,0,right_hand,1,4,2|1|0,1.042805756542445,1.000940226740588,0.04186552980185687
7,4,0train,0,feet,2,0,0|2|1,1.120136865083888,1.037257412870778,0.08287945221311
7,4,0train,0,feet,2,1,1|0|2,1.120136865083888,0.7041571483208681,0.41597971676302004
7,4,0train,0,feet,2,2,1|2|0,1.120136865083888,1.0883203867339741,0.03181647834991397
7,4,0train,0,feet,2,3,2|0|1,1.120136865083888,0.8848754204753214,0.23526144460856668
7,4,0train,0,feet,2,4,2|1|0,1.120136865083888,0.8792459421351798,0.24089092294870829
7,4,0train,0,tongue,3,0,0|2|1,0.7109237592983916,0.5806836392016684,0.13024012009672314
7,4,0train,0,tongue,3,1,1|0|2,0.7109237592983916,0.5127443485817975,0.19817941071659406
7,4,0train,0,tongue,3,2,1|2|0,0.7109237592983916,0.6631974566778228,0.04772630262056876
7,4,0train,0,tongue,3,3,2|0|1,0.7109237592983916,0.630260173178436,0.08066358611995561
7,4,0train,0,tongue,3,4,2|1|0,0.7109237592983916,0.7013329390623115,0.009590820236080044
7,4,1test,1,left_hand,0,0,0|2|1,1.068581093587646,0.4174659738199966,0.6511151197676495
7,4,1test,1,left_hand,0,1,1|0|2,1.068581093587646,0.8985486470480863,0.17003244653955973
7,4,1test,1,left_hand,0,2,1|2|0,1.068581093587646,1.004377128152343,0.06420396543530305
7,4,1test,1,left_hand,0,3,2|0|1,1.068581093587646,0.9585550921833638,0.11002600140428231
7,4,1test,1,left_hand,0,4,2|1|0,1.068581093587646,1.0021564033069992,0.0664246902806469
7,4,1test,1,right_hand,1,0,0|2|1,1.0386837028430853,0.5505876219398705,0.48809608090321477
7,4,1test,1,right_hand,1,1,1|0|2,1.0386837028430853,1.1604590416901785,-0.12177533884709324
7,4,1test,1,right_hand,1,2,1|2|0,1.0386837028430853,1.0396906332164022,-0.0010069303733168944
7,4,1test,1,right_hand,1,3,2|0|1,1.0386837028430853,1.188642844050077,-0.1499591412069916
7,4,1test,1,right_hand,1,4,2|1|0,1.0386837028430853,0.9837678518923424,0.05491585095074292
7,4,1test,1,feet,2,0,0|2|1,2.7388403072006566,1.7615061012255642,0.9773342059750925
7,4,1test,1,feet,2,1,1|0|2,2.7388403072006566,1.2941853390504703,1.4446549681501863
7,4,1test,1,feet,2,2,1|2|0,2.7388403072006566,2.0957626920987864,0.6430776151018702
7,4,1test,1,feet,2,3,2|0|1,2.7388403072006566,1.71016260101422,1.0286777061864367
7,4,1test,1,feet,2,4,2|1|0,2.7388403072006566,1.8865452034158767,0.8522951037847799
7,4,1test,1,tongue,3,0,0|2|1,0.5378079637810551,0.4714353769505156,0.06637258683053948
7,4,1test,1,tongue,3,1,1|0|2,0.5378079637810551,0.32422908871386974,0.21357887506718537
7,4,1test,1,tongue,3,2,1|2|0,0.5378079637810551,0.48283622672175425,0.05497173705930086
7,4,1test,1,tongue,3,3,2|0|1,0.5378079637810551,0.48358813803427975,0.05421982574677536
7,4,1test,1,tongue,3,4,2|1|0,0.5378079637810551,0.5345849995689066,0.003222964212148516
7,5,0train,0,left_hand,0,0,0|2|1,0.677290376655128,0.6144908120010295,0.06279956465409853
7,5,0train,0,left_hand,0,1,1|0|2,0.677290376655128,0.6149429559260327,0.06234742072909538
7,5,0train,0,left_hand,0,2,1|2|0,0.677290376655128,0.8280397036037928,-0.15074932694866472
7,5,0train,0,left_hand,0,3,2|0|1,0.677290376655128,0.6903729207806084,-0.013082544125480378
7,5,0train,0,left_hand,0,4,2|1|0,0.677290376655128,0.8249469167258904,-0.14765654007076234
7,5,0train,0,right_hand,1,0,0|2|1,0.9685196129787531,0.755998708461932,0.21252090451682115
7,5,0train,0,right_hand,1,1,1|0|2,0.9685196129787531,1.051624600755891,-0.08310498777713782
7,5,0train,0,right_hand,1,2,1|2|0,0.9685196129787531,1.1279391723873538,-0.15941955940860064
7,5,0train,0,right_hand,1,3,2|0|1,0.9685196129787531,1.1408344109270114,-0.17231479794825832
7,5,0train,0,right_hand,1,4,2|1|0,0.9685196129787531,1.0871579381529004,-0.1186383251741473
7,5,0train,0,feet,2,0,0|2|1,0.9776290827150323,0.8609456668432579,0.11668341587177444
7,5,0train,0,feet,2,1,1|0|2,0.9776290827150323,0.7473318268565734,0.23029725585845895
7,5,0train,0,feet,2,2,1|2|0,0.9776290827150323,0.9510466491849562,0.026582433530076166
7,5,0train,0,feet,2,3,2|0|1,0.9776290827150323,0.8600295209403935,0.11759956177463882
7,5,0train,0,feet,2,4,2|1|0,0.9776290827150323,0.9475106124421564,0.030118470272875952
7,5,0train,0,tongue,3,0,0|2|1,0.7170917380232884,0.6095484430142362,0.10754329500905224
7,5,0train,0,tongue,3,1,1|0|2,0.7170917380232884,0.6552961288754823,0.06179560914780613
7,5,0train,0,tongue,3,2,1|2|0,0.7170917380232884,0.6783199177139233,0.0387718203093651
7,5,0train,0,tongue,3,3,2|0|1,0.7170917380232884,0.7412123128535282,-0.02412057483023977
7,5,0train,0,tongue,3,4,2|1|0,0.7170917380232884,0.7349001387364786,-0.01780840071319023
7,5,1test,1,left_hand,0,0,0|2|1,0.8312408507221211,0.7215142279989816,0.10972662272313949
7,5,1test,1,left_hand,0,1,1|0|2,0.8312408507221211,0.8628719083027413,-0.03163105758062024
7,5,1test,1,left_hand,0,2,1|2|0,0.8312408507221211,0.8191589453067075,0.01208190541541354
7,5,1test,1,left_hand,0,3,2|0|1,0.8312408507221211,0.8047499758025596,0.02649087491956148
7,5,1test,1,left_hand,0,4,2|1|0,0.8312408507221211,0.8832468929835207,-0.0520060422613996
7,5,1test,1,right_hand,1,0,0|2|1,0.6969913913470652,0.7782368968024592,-0.081245505455394
7,5,1test,1,right_hand,1,1,1|0|2,0.6969913913470652,0.9024625633743852,-0.20547117202732001
7,5,1test,1,right_hand,1,2,1|2|0,0.6969913913470652,0.9039556445739029,-0.20696425322683765
7,5,1test,1,right_hand,1,3,2|0|1,0.6969913913470652,0.9263927476159309,-0.2294013562688657
7,5,1test,1,right_hand,1,4,2|1|0,0.6969913913470652,0.9096888648139427,-0.2126974734668775
7,5,1test,1,feet,2,0,0|2|1,1.13135765106094,0.7808346896916959,0.3505229613692441
7,5,1test,1,feet,2,1,1|0|2,1.13135765106094,0.8752761101334038,0.2560815409275362
7,5,1test,1,feet,2,2,1|2|0,1.13135765106094,0.7737899233995029,0.3575677276614371
7,5,1test,1,feet,2,3,2|0|1,1.13135765106094,0.6939491680568415,0.4374084830040985
7,5,1test,1,feet,2,4,2|1|0,1.13135765106094,0.764049474481324,0.367308176579616
7,5,1test,1,tongue,3,0,0|2|1,0.9219656977608834,0.857367326313496,0.06459837144738745
7,5,1test,1,tongue,3,1,1|0|2,0.9219656977608834,0.8131634789708524,0.10880221879003105
7,5,1test,1,tongue,3,2,1|2|0,0.9219656977608834,0.8468662192610935,0.07509947849978993
7,5,1test,1,tongue,3,3,2|0|1,0.9219656977608834,0.8467393441407228,0.07522635362016061
7,5,1test,1,tongue,3,4,2|1|0,0.9219656977608834,0.8124285237847777,0.10953717397610574
7,6,0train,0,left_hand,0,0,0|2|1,0.6972946775649991,0.5372968488331128,0.15999782873188628
7,6,0train,0,left_hand,0,1,1|0|2,0.6972946775649991,0.6415821472059045,0.055712530359094625
7,6,0train,0,left_hand,0,2,1|2|0,0.6972946775649991,0.5833506457165091,0.11394403184849
7,6,0train,0,left_hand,0,3,2|0|1,0.6972946775649991,0.6914596156249321,0.005835061940066999
7,6,0train,0,left_hand,0,4,2|1|0,0.6972946775649991,0.6486765542742483,0.04861812329075077
7,6,0train,0,right_hand,1,0,0|2|1,1.0901199279044431,0.677611240520694,0.41250868738374913
7,6,0train,0,right_hand,1,1,1|0|2,1.0901199279044431,0.9688379216978211,0.121282006206622
7,6,0train,0,right_hand,1,2,1|2|0,1.0901199279044431,0.9600357115294792,0.13008421637496392
7,6,0train,0,right_hand,1,3,2|0|1,1.0901199279044431,0.9751087426036892,0.11501118530075394
7,6,0train,0,right_hand,1,4,2|1|0,1.0901199279044431,0.9969633124953666,0.0931566154090765
7,6,0train,0,feet,2,0,0|2|1,2.0589627210255737,1.1803467622011776,0.878615958824396
7,6,0train,0,feet,2,1,1|0|2,2.0589627210255737,1.035944125508361,1.0230185955172126
7,6,0train,0,feet,2,2,1|2|0,2.0589627210255737,1.2569926435088181,0.8019700775167555
7,6,0train,0,feet,2,3,2|0|1,2.0589627210255737,1.2459175513452772,0.8130451696802965
7,6,0train,0,feet,2,4,2|1|0,2.0589627210255737,1.2361779216424822,0.8227847993830915
7,6,0train,0,tongue,3,0,0|2|1,0.699422949508727,0.6574274410973994,0.0419955084113276
7,6,0train,0,tongue,3,1,1|0|2,0.699422949508727,0.5751390254870508,0.1242839240216762
7,6,0train,0,tongue,3,2,1|2|0,0.699422949508727,0.6273657543134313,0.07205719519529563
7,6,0train,0,tongue,3,3,2|0|1,0.699422949508727,0.5530049216495222,0.14641802785920477
7,6,0train,0,tongue,3,4,2|1|0,0.699422949508727,0.6136106254101896,0.08581232409853734
7,6,1test,1,left_hand,0,0,0|2|1,0.8000271655567146,0.5522401556582943,0.24778700989842029
7,6,1test,1,left_hand,0,1,1|0|2,0.8000271655567146,0.63106170982314,0.16896545573357458
7,6,1test,1,left_hand,0,2,1|2|0,0.8000271655567146,0.665009101226352,0.13501806433036256
7,6,1test,1,left_hand,0,3,2|0|1,0.8000271655567146,0.6804201940503324,0.11960697150638222
7,6,1test,1,left_hand,0,4,2|1|0,0.8000271655567146,0.6935391665034587,0.1064879990532559
7,6,1test,1,right_hand,1,0,0|2|1,0.8188652269722291,0.8044220851691745,0.014443141803054615
7,6,1test,1,right_hand,1,1,1|0|2,0.8188652269722291,0.7070680252040189,0.11179720176821017
7,6,1test,1,right_hand,1,2,1|2|0,0.8188652269722291,0.8469801521499494,-0.028114925177720296
7,6,1test,1,right_hand,1,3,2|0|1,0.8188652269722291,0.6602463074077966,0.15861891956443253
7,6,1test,1,right_hand,1,4,2|1|0,0.8188652269722291,0.8706506111710037,-0.05178538419877465
7,6,1test,1,feet,2,0,0|2|1,2.4613022205994795,1.3493309089352066,1.1119713116642729
7,6,1test,1,feet,2,1,1|0|2,2.4613022205994795,1.495057575826932,0.9662446447725475
7,6,1test,1,feet,2,2,1|2|0,2.4613022205994795,1.3810200480790265,1.080282172520453
7,6,1test,1,feet,2,3,2|0|1,2.4613022205994795,1.272299182144497,1.1890030384549823
7,6,1test,1,feet,2,4,2|1|0,2.4613022205994795,1.2623650022870934,1.198937218312386
7,6,1test,1,tongue,3,0,0|2|1,1.0938091891144037,0.9571141234083752,0.13669506570602852
7,6,1test,1,tongue,3,1,1|0|2,1.0938091891144037,0.9961751748124711,0.09763401430193264
7,6,1test,1,tongue,3,2,1|2|0,1.0938091891144037,0.9139311713212858,0.17987801779311796
7,6,1test,1,tongue,3,3,2|0|1,1.0938091891144037,0.9099502605205826,0.18385892859382114
7,6,1test,1,tongue,3,4,2|1|0,1.0938091891144037,0.8637770627613596,0.23003212635304415
7,8,0train,0,left_hand,0,0,0|2|1,1.0848491183942295,1.3780288455763623,-0.2931797271821328
7,8,0train,0,left_hand,0,1,1|0|2,1.0848491183942295,0.4597531195408974,0.625095998853332
7,8,0train,0,left_hand,0,2,1|2|0,1.0848491183942295,1.557959149506328,-0.4731100311120986
7,8,0train,0,left_hand,0,3,2|0|1,1.0848491183942295,0.5259075073980979,0.5589416109961316
7,8,0train,0,left_hand,0,4,2|1|0,1.0848491183942295,1.29535107489239,-0.2105019564981605
7,8,0train,0,right_hand,1,0,0|2|1,1.8365268330495044,2.263233014444158,-0.42670618139465355
7,8,0train,0,right_hand,1,1,1|0|2,1.8365268330495044,0.9194468359851106,0.9170799970643938
7,8,0train,0,right_hand,1,2,1|2|0,1.8365268330495044,1.800611949639956,0.035914883409548404
7,8,0train,0,right_hand,1,3,2|0|1,1.8365268330495044,0.9938576697187361,0.8426691633307682
7,8,0train,0,right_hand,1,4,2|1|0,1.8365268330495044,1.8589465718733313,-0.022419738823826973
7,8,0train,0,feet,2,0,0|2|1,1.4035882835177722,1.4867330015545173,-0.08314471803674506
7,8,0train,0,feet,2,1,1|0|2,1.4035882835177722,1.8225683463921265,-0.4189800628743543
7,8,0train,0,feet,2,2,1|2|0,1.4035882835177722,1.60895529762965,-0.20536701411187774
7,8,0train,0,feet,2,3,2|0|1,1.4035882835177722,1.3364005152765073,0.06718776824126493
7,8,0train,0,feet,2,4,2|1|0,1.4035882835177722,1.473901891670372,-0.0703136081525999
7,8,0train,0,tongue,3,0,0|2|1,0.9216124642341422,0.4022972564060786,0.5193152078280636
7,8,0train,0,tongue,3,1,1|0|2,0.9216124642341422,0.5800848157039495,0.3415276485301927
7,8,0train,0,tongue,3,2,1|2|0,0.9216124642341422,0.464787222435816,0.45682524179832623
7,8,0train,0,tongue,3,3,2|0|1,0.9216124642341422,0.5894294917723627,0.3321829724617795
7,8,0train,0,tongue,3,4,2|1|0,0.9216124642341422,0.6339295162121368,0.28768294802200545
7,8,1test,1,left_hand,0,0,0|2|1,1.5765723983310755,1.3025877699521458,0.2739846283789298
7,8,1test,1,left_hand,0,1,1|0|2,1.5765723983310755,0.6159933951856932,0.9605790031453824
7,8,1test,1,left_hand,0,2,1|2|0,1.5765723983310755,1.413471578010041,0.16310082032103446
7,8,1test,1,left_hand,0,3,2|0|1,1.5765723983310755,0.7053604515098346,0.8712119468212409
7,8,1test,1,left_hand,0,4,2|1|0,1.5765723983310755,1.4060722185574102,0.17050017977366538
7,8,1test,1,right_hand,1,0,0|2|1,1.2833329757756402,1.4214887372154534,-0.13815576143981323
7,8,1test,1,right_hand,1,1,1|0|2,1.2833329757756402,0.7075263917832888,0.5758065839923514
7,8,1test,1,right_hand,1,2,1|2|0,1.2833329757756402,1.2765086337162626,0.006824342059377653
7,8,1test,1,right_hand,1,3,2|0|1,1.2833329757756402,0.7420200200992005,0.5413129556764397
7,8,1test,1,right_hand,1,4,2|1|0,1.2833329757756402,1.295261723652036,-0.011928747876395862
7,8,1test,1,feet,2,0,0|2|1,1.2478656197454039,1.1901507858827718,0.0577148338626321
7,8,1test,1,feet,2,1,1|0|2,1.2478656197454039,1.0669291302581732,0.18093648948723073
7,8,1test,1,feet,2,2,1|2|0,1.2478656197454039,1.1530804006522535,0.09478521909315041
7,8,1test,1,feet,2,3,2|0|1,1.2478656197454039,1.0006342059047235,0.24723141384068037
7,8,1test,1,feet,2,4,2|1|0,1.2478656197454039,1.0734090752055285,0.17445654453987536
7,8,1test,1,tongue,3,0,0|2|1,0.6370433498865942,0.4248563123084805,0.2121870375781137
7,8,1test,1,tongue,3,1,1|0|2,0.6370433498865942,0.3370874114703667,0.2999559384162275
7,8,1test,1,tongue,3,2,1|2|0,0.6370433498865942,0.4415658132931128,0.19547753659348138
7,8,1test,1,tongue,3,3,2|0|1,0.6370433498865942,0.4945249396899499,0.14251841019664424
7,8,1test,1,tongue,3,4,2|1|0,0.6370433498865942,0.4636728540179028,0.17337049586869135
7,9,0train,0,left_hand,0,0,0|2|1,0.646314663361755,0.8166851417041877,-0.17037047834243269
7,9,0train,0,left_hand,0,1,1|0|2,0.646314663361755,0.6213180174225872,0.02499664593916784
7,9,0train,0,left_hand,0,2,1|2|0,0.646314663361755,1.492764924180124,-0.8464502608183689
7,9,0train,0,left_hand,0,3,2|0|1,0.646314663361755,0.8602712926184279,-0.21395662925667291
7,9,0train,0,left_hand,0,4,2|1|0,0.646314663361755,1.6229558497916767,-0.9766411864299217
7,9,0train,0,right_hand,1,0,0|2|1,1.4210585665737088,1.2211129451166773,0.19994562145703143
7,9,0train,0,right_hand,1,1,1|0|2,1.4210585665737088,1.2610985462305713,0.1599600203431375
7,9,0train,0,right_hand,1,2,1|2|0,1.4210585665737088,1.699066016448398,-0.27800744987468917
7,9,0train,0,right_hand,1,3,2|0|1,1.4210585665737088,1.4651501761544947,-0.04409160958078595
7,9,0train,0,right_hand,1,4,2|1|0,1.4210585665737088,1.791431287902207,-0.3703727213284982
7,9,0train,0,feet,2,0,0|2|1,0.9980865774618916,1.1203639986347111,-0.12227742117281959
7,9,0train,0,feet,2,1,1|0|2,0.9980865774618916,0.8968296223617521,0.10125695510013943
7,9,0train,0,feet,2,2,1|2|0,0.9980865774618916,1.2151776798266003,-0.21709110236470874
7,9,0train,0,feet,2,3,2|0|1,0.9980865774618916,1.4086910789144822,-0.41060450145259064
7,9,0train,0,feet,2,4,2|1|0,0.9980865774618916,1.5661352219373907,-0.5680486444754992
7,9,0train,0,tongue,3,0,0|2|1,0.7614435223870477,0.6127208779610973,0.1487226444259504
7,9,0train,0,tongue,3,1,1|0|2,0.7614435223870477,0.5906740794845219,0.17076944290252583
7,9,0train,0,tongue,3,2,1|2|0,0.7614435223870477,0.8029960943308068,-0.041552571943759053
7,9,0train,0,tongue,3,3,2|0|1,0.7614435223870477,0.9538377294291361,-0.19239420704208843
7,9,0train,0,tongue,3,4,2|1|0,0.7614435223870477,1.04258960897228,-0.2811460865852322
7,9,1test,1,left_hand,0,0,0|2|1,6.091491643776923,5.779592619693957,0.3118990240829662
7,9,1test,1,left_hand,0,1,1|0|2,6.091491643776923,6.37974600591897,-0.28825436214204725
7,9,1test,1,left_hand,0,2,1|2|0,6.091491643776923,6.269877163511097,-0.17838551973417438
7,9,1test,1,left_hand,0,3,2|0|1,6.091491643776923,6.632500343610056,-0.5410086998331334
7,9,1test,1,left_hand,0,4,2|1|0,6.091491643776923,6.474054443556794,-0.38256279977987084
7,9,1test,1,right_hand,1,0,0|2|1,1.6741553529346178,1.481987206925896,0.1921681460087219
7,9,1test,1,right_hand,1,1,1|0|2,1.6741553529346178,1.5845920969884952,0.08956325594612258
7,9,1test,1,right_hand,1,2,1|2|0,1.6741553529346178,1.4998646787925787,0.17429067414203914
7,9,1test,1,right_hand,1,3,2|0|1,1.6741553529346178,1.5906400386764312,0.08351531425818659
7,9,1test,1,right_hand,1,4,2|1|0,1.6741553529346178,1.4829371134067153,0.1912182395279025
7,9,1test,1,feet,2,0,0|2|1,2.1631250151405816,1.7473258997957481,0.4157991153448335
7,9,1test,1,feet,2,1,1|0|2,2.1631250151405816,1.7622141746118574,0.4009108405287243
7,9,1test,1,feet,2,2,1|2|0,2.1631250151405816,1.6313940049503666,0.5317310101902151
7,9,1test,1,feet,2,3,2|0|1,2.1631250151405816,2.3008039273201737,-0.13767891217959205
7,9,1test,1,feet,2,4,2|1|0,2.1631250151405816,2.325219346979682,-0.16209433183910038
7,9,1test,1,tongue,3,0,0|2|1,1.5915602764002974,1.5838935748317382,0.007666701568559198
7,9,1test,1,tongue,3,1,1|0|2,1.5915602764002974,1.5909228629859777,0.0006374134143196653
7,9,1test,1,tongue,3,2,1|2|0,1.5915602764002974,1.679728214918699,-0.08816793851840155
7,9,1test,1,tongue,3,3,2|0|1,1.5915602764002974,1.8531412699422263,-0.2615809935419289
7,9,1test,1,tongue,3,4,2|1|0,1.5915602764002974,1.94009618808816,-0.3485359116878626
8,1,0train,0,left_hand,0,0,0|2|1,0.8217869013854121,1.265337648049742,-0.4435507466643299
8,1,0train,0,left_hand,0,1,1|0|2,0.8217869013854121,0.4746466508518628,0.3471402505335493
8,1,0train,0,left_hand,0,2,1|2|0,0.8217869013854121,0.5352633435890122,0.28652355779639993
8,1,0train,0,left_hand,0,3,2|0|1,0.8217869013854121,1.595507919739422,-0.7737210183540099
8,1,0train,0,left_hand,0,4,2|1|0,0.8217869013854121,1.5227665011007887,-0.7009795997153766
8,1,0train,0,right_hand,1,0,0|2|1,1.873236768617147,2.5579449792262725,-0.6847082106091256
8,1,0train,0,right_hand,1,1,1|0|2,1.873236768617147,1.7353594840646414,0.13787728455250559
8,1,0train,0,right_hand,1,2,1|2|0,1.873236768617147,1.3579391970436296,0.5152975715735173
8,1,0train,0,right_hand,1,3,2|0|1,1.873236768617147,2.779664265847708,-0.9064274972305613
8,1,0train,0,right_hand,1,4,2|1|0,1.873236768617147,2.32191784737945,-0.44868107876230323
8,1,0train,0,feet,2,0,0|2|1,3.559680129045863,3.3241507638018724,0.2355293652439907
8,1,0train,0,feet,2,1,1|0|2,3.559680129045863,4.15227092174011,-0.5925907926942466
8,1,0train,0,feet,2,2,1|2|0,3.559680129045863,2.964494470777404,0.5951856582684592
8,1,0train,0,feet,2,3,2|0|1,3.559680129045863,3.454383931412167,0.10529619763369613
8,1,0train,0,feet,2,4,2|1|0,3.559680129045863,2.9547732207985304,0.6049069082473326
8,1,0train,0,tongue,3,0,0|2|1,0.6710967629180464,0.3027647891035238,0.36833197381452265
8,1,0train,0,tongue,3,1,1|0|2,0.6710967629180464,0.3813157146182585,0.28978104829978796
8,1,0train,0,tongue,3,2,1|2|0,0.6710967629180464,0.5036562330820533,0.1674405298359931
8,1,0train,0,tongue,3,3,2|0|1,0.6710967629180464,0.3529200719969563,0.31817669092109013
8,1,0train,0,tongue,3,4,2|1|0,0.6710967629180464,0.5190835185666761,0.1520132443513703
8,1,1test,1,left_hand,0,0,0|2|1,0.7139702363893575,0.8328483063208,-0.11887806993144245
8,1,1test,1,left_hand,0,1,1|0|2,0.7139702363893575,0.4878420257886695,0.22612821060068805
8,1,1test,1,left_hand,0,2,1|2|0,0.7139702363893575,0.45747560746721944,0.2564946289221381
8,1,1test,1,left_hand,0,3,2|0|1,0.7139702363893575,1.2830506552892564,-0.5690804188998989
8,1,1test,1,left_hand,0,4,2|1|0,0.7139702363893575,1.1680474103389138,-0.45407717394955627
8,1,1test,1,right_hand,1,0,0|2|1,2.4475932099701034,3.2123379072289007,-0.7647446972587972
8,1,1test,1,right_hand,1,1,1|0|2,2.4475932099701034,2.1258100349229556,0.3217831750471478
8,1,1test,1,right_hand,1,2,1|2|0,2.4475932099701034,2.0648401347008902,0.3827530752692132
8,1,1test,1,right_hand,1,3,2|0|1,2.4475932099701034,3.0088680963946044,-0.561274886424501
8,1,1test,1,right_hand,1,4,2|1|0,2.4475932099701034,2.6826304549434665,-0.2350372449733631
8,1,1test,1,feet,2,0,0|2|1,6.560447758205583,6.807279818830635,-0.24683206062505203
8,1,1test,1,feet,2,1,1|0|2,6.560447758205583,6.857360444403191,-0.2969126861976079
8,1,1test,1,feet,2,2,1|2|0,6.560447758205583,5.830018358578656,0.7304293996269271
8,1,1test,1,feet,2,3,2|0|1,6.560447758205583,6.468301767561357,0.09214599064422568
8,1,1test,1,feet,2,4,2|1|0,6.560447758205583,5.929422155910216,0.6310256022953666
8,1,1test,1,tongue,3,0,0|2|1,0.6517793237305206,0.5691301858596309,0.08264913787088968
8,1,1test,1,tongue,3,1,1|0|2,0.6517793237305206,0.3644255045541815,0.2873538191763391
8,1,1test,1,tongue,3,2,1|2|0,0.6517793237305206,0.8413578025534287,-0.18957847882290813
8,1,1test,1,tongue,3,3,2|0|1,0.6517793237305206,0.46995833831729,0.1818209854132306
8,1,1test,1,tongue,3,4,2|1|0,0.6517793237305206,0.8412645218948561,-0.1894851981643355
8,2,0train,0,left_hand,0,0,0|2|1,0.9033414414823695,0.847948518300322,0.05539292318204747
8,2,0train,0,left_hand,0,1,1|0|2,0.9033414414823695,0.7106032683508364,0.19273817313153307
8,2,0train,0,left_hand,0,2,1|2|0,0.9033414414823695,0.6113884661138007,0.2919529753685688
8,2,0train,0,left_hand,0,3,2|0|1,0.9033414414823695,0.8465989837905904,0.0567424576917791
8,2,0train,0,left_hand,0,4,2|1|0,0.9033414414823695,1.0692345346170997,-0.16589309313473022
8,2,0train,0,right_hand,1,0,0|2|1,1.0039122897834039,1.0914009028953677,-0.08748861311196388
8,2,0train,0,right_hand,1,1,1|0|2,1.0039122897834039,0.8011371732103225,0.20277511657308134
8,2,0train,0,right_hand,1,2,1|2|0,1.0039122897834039,0.8258165782595998,0.1780957115238041
8,2,0train,0,right_hand,1,3,2|0|1,1.0039122897834039,0.9690730031151528,0.03483928666825109
8,2,0train,0,right_hand,1,4,2|1|0,1.0039122897834039,0.9402232695288094,0.06368902025459444
8,2,0train,0,feet,2,0,0|2|1,3.4712738339774916,2.335682513958184,1.1355913200193077
8,2,0train,0,feet,2,1,1|0|2,3.4712738339774916,2.408072686987703,1.0632011469897886
8,2,0train,0,feet,2,2,1|2|0,3.4712738339774916,2.1724266332601525,1.298847200717339
8,2,0train,0,feet,2,3,2|0|1,3.4712738339774916,2.194573439489051,1.2767003944884405
8,2,0train,0,feet,2,4,2|1|0,3.4712738339774916,2.1825376154718517,1.28873621850564
8,2,0train,0,tongue,3,0,0|2|1,1.1361438100107097,1.103789222139916,0.032354587870793816
8,2,0train,0,tongue,3,1,1|0|2,1.1361438100107097,1.0145256548741994,0.12161815513651031
8,2,0train,0,tongue,3,2,1|2|0,1.1361438100107097,1.0780926227102061,0.058051187300503626
8,2,0train,0,tongue,3,3,2|0|1,1.1361438100107097,1.1131386654229936,0.023005144587716186
8,2,0train,0,tongue,3,4,2|1|0,1.1361438100107097,1.1080949021162534,0.028048907894456354
8,2,1test,1,left_hand,0,0,0|2|1,1.3667629791780374,1.2574647124056961,0.10929826677234122
8,2,1test,1,left_hand,0,1,1|0|2,1.3667629791780374,1.249546882521813,0.11721609665622434
8,2,1test,1,left_hand,0,2,1|2|0,1.3667629791780374,1.1576165765051898,0.20914640267284756
8,2,1test,1,left_hand,0,3,2|0|1,1.3667629791780374,1.2926220438877842,0.07414093529025312
8,2,1test,1,left_hand,0,4,2|1|0,1.3667629791780374,1.3419191841842855,0.02484379499375189
8,2,1test,1,right_hand,1,0,0|2|1,0.9183970941305655,0.944276123212274,-0.025879029081708582
8,2,1test,1,right_hand,1,1,1|0|2,0.9183970941305655,0.7062236486887304,0.21217344544183503
8,2,1test,1,right_hand,1,2,1|2|0,0.9183970941305655,0.714791942405423,0.20360515172514249
8,2,1test,1,right_hand,1,3,2|0|1,0.9183970941305655,0.8246731863531306,0.09372390777743489
8,2,1test,1,right_hand,1,4,2|1|0,0.9183970941305655,0.8065205427184234,0.11187655141214203
8,2,1test,1,feet,2,0,0|2|1,3.0394373286781353,1.7513777624079696,1.2880595662701657
8,2,1test,1,feet,2,1,1|0|2,3.0394373286781353,1.8364670770070146,1.2029702516711207
8,2,1test,1,feet,2,2,1|2|0,3.0394373286781353,1.5555874836372523,1.483849845040883
8,2,1test,1,feet,2,3,2|0|1,3.0394373286781353,1.8797475473442125,1.1596897813339229
8,2,1test,1,feet,2,4,2|1|0,3.0394373286781353,1.5045549492050942,1.534882379473041
8,2,1test,1,tongue,3,0,0|2|1,1.5336566848593212,1.4996798623021308,0.03397682255719037
8,2,1test,1,tongue,3,1,1|0|2,1.5336566848593212,1.4701497099723184,0.06350697488700274
8,2,1test,1,tongue,3,2,1|2|0,1.5336566848593212,1.4648353953276918,0.06882128953162936
8,2,1test,1,tongue,3,3,2|0|1,1.5336566848593212,1.4641006229535363,0.0695560619057849
8,2,1test,1,tongue,3,4,2|1|0,1.5336566848593212,1.4552993475808969,0.07835733727842431
8,3,0train,0,left_hand,0,0,0|2|1,0.6722182613034973,0.8575358941753237,-0.18531763287182645
8,3,0train,0,left_hand,0,1,1|0|2,0.6722182613034973,0.7697337692412259,-0.09751550793772867
8,3,0train,0,left_hand,0,2,1|2|0,0.6722182613034973,0.7666613018364979,-0.09444304053300068
8,3,0train,0,left_hand,0,3,2|0|1,0.6722182613034973,0.7841910053767325,-0.11197274407323521
8,3,0train,0,left_hand,0,4,2|1|0,0.6722182613034973,0.5682055449050317,0.10401271639846554
8,3,0train,0,right_hand,1,0,0|2|1,1.50028387806668,1.0684968419800194,0.4317870360866607
8,3,0train,0,right_hand,1,1,1|0|2,1.50028387806668,0.7989901642732388,0.7012937137934413
8,3,0train,0,right_hand,1,2,1|2|0,1.50028387806668,0.866780750620417,0.633503127446263
8,3,0train,0,right_hand,1,3,2|0|1,1.50028387806668,1.0165894938811901,0.48369438418548993
8,3,0train,0,right_hand,1,4,2|1|0,1.50028387806668,1.0837706371052724,0.4165132409614076
8,3,0train,0,feet,2,0,0|2|1,1.6718344205135083,1.8569152771336699,-0.1850808566201616
8,3,0train,0,feet,2,1,1|0|2,1.6718344205135083,2.2635522581709258,-0.5917178376574175
8,3,0train,0,feet,2,2,1|2|0,1.6718344205135083,1.6506130111374022,0.02122140937610606
8,3,0train,0,feet,2,3,2|0|1,1.6718344205135083,2.2314026047048454,-0.5595681841913371
8,3,0train,0,feet,2,4,2|1|0,1.6718344205135083,1.9562899174820758,-0.28445549696856753
8,3,0train,0,tongue,3,0,0|2|1,0.35804282513068675,0.2172632766981303,0.14077954843255644
8,3,0train,0,tongue,3,1,1|0|2,0.35804282513068675,0.22177755009804842,0.13626527503263833
8,3,0train,0,tongue,3,2,1|2|0,0.35804282513068675,0.25301353233098467,0.10502929279970208
8,3,0train,0,tongue,3,3,2|0|1,0.35804282513068675,0.21142089434595393,0.14662193078473282
8,3,0train,0,tongue,3,4,2|1|0,0.35804282513068675,0.27415181322031706,0.08389101191036968
8,3,1test,1,left_hand,0,0,0|2|1,0.5566400548077564,0.5394836028583364,0.01715645194941995
8,3,1test,1,left_hand,0,1,1|0|2,0.5566400548077564,0.34743317014389313,0.20920688466386322
8,3,1test,1,left_hand,0,2,1|2|0,0.5566400548077564,0.38531945132889545,0.1713206034788609
8,3,1test,1,left_hand,0,3,2|0|1,0.5566400548077564,0.5859794265754407,-0.029339371767684308
8,3,1test,1,left_hand,0,4,2|1|0,0.5566400548077564,0.6526357318812391,-0.09599567707348278
8,3,1test,1,right_hand,1,0,0|2|1,2.074402428822539,1.9872446396709493,0.08715778915158956
8,3,1test,1,right_hand,1,1,1|0|2,2.074402428822539,1.4349786415911259,0.639423787231413
8,3,1test,1,right_hand,1,2,1|2|0,2.074402428822539,1.2342142530926838,0.840188175729855
8,3,1test,1,right_hand,1,3,2|0|1,2.074402428822539,1.8220824775534183,0.25231995126912055
8,3,1test,1,right_hand,1,4,2|1|0,2.074402428822539,1.5519366033653894,0.5224658254571495
8,3,1test,1,feet,2,0,0|2|1,2.490268212222716,2.629736275463806,-0.13946806324108962
8,3,1test,1,feet,2,1,1|0|2,2.490268212222716,2.890334255362542,-0.40006604313982574
8,3,1test,1,feet,2,2,1|2|0,2.490268212222716,2.433336098834997,0.05693211338771942
8,3,1test,1,feet,2,3,2|0|1,2.490268212222716,3.0515452661607636,-0.5612770539380474
8,3,1test,1,feet,2,4,2|1|0,2.490268212222716,2.229254859886847,0.2610133523358691
8,3,1test,1,tongue,3,0,0|2|1,0.5700979510710508,0.38393369854794135,0.18616425252310942
8,3,1test,1,tongue,3,1,1|0|2,0.5700979510710508,0.3079063508023903,0.26219160026866045
8,3,1test,1,tongue,3,2,1|2|0,0.5700979510710508,0.5237342548551389,0.046363696215911854
8,3,1test,1,tongue,3,3,2|0|1,0.5700979510710508,0.34129351742255226,0.2288044336484985
8,3,1test,1,tongue,3,4,2|1|0,0.5700979510710508,0.5007659860288551,0.06933196504219563
8,4,0train,0,left_hand,0,0,0|2|1,0.5348981660428516,0.7322061377729852,-0.1973079717301336
8,4,0train,0,left_hand,0,1,1|0|2,0.5348981660428516,0.5757885535935563,-0.04089038755070473
8,4,0train,0,left_hand,0,2,1|2|0,0.5348981660428516,0.5707914699582503,-0.03589330391539869
8,4,0train,0,left_hand,0,3,2|0|1,0.5348981660428516,0.7359047693757925,-0.20100660333294096
8,4,0train,0,left_hand,0,4,2|1|0,0.5348981660428516,0.647604792359438,-0.11270662631658646
8,4,0train,0,right_hand,1,0,0|2|1,0.682437056162866,0.8022591594428466,-0.11982210327998066
8,4,0train,0,right_hand,1,1,1|0|2,0.682437056162866,0.6783484871226485,0.004088569040217482
8,4,0train,0,right_hand,1,2,1|2|0,0.682437056162866,0.7729378695739397,-0.09050081341107374
8,4,0train,0,right_hand,1,3,2|0|1,0.682437056162866,0.76659935254769,-0.08416229638482398
8,4,0train,0,right_hand,1,4,2|1|0,0.682437056162866,0.8269910495104484,-0.14455399334758245
8,4,0train,0,feet,2,0,0|2|1,1.5084368668027979,1.304777999041053,0.2036588677617448
8,4,0train,0,feet,2,1,1|0|2,1.5084368668027979,1.5280852197298815,-0.019648352927083668
8,4,0train,0,feet,2,2,1|2|0,1.5084368668027979,1.294491547197483,0.21394531960531493
8,4,0train,0,feet,2,3,2|0|1,1.5084368668027979,1.4269330670047293,0.08150379979806854
8,4,0train,0,feet,2,4,2|1|0,1.5084368668027979,1.3792120721217105,0.12922479468108738
8,4,0train,0,tongue,3,0,0|2|1,0.6492004167659586,0.6163155426542587,0.032884874111699935
8,4,0train,0,tongue,3,1,1|0|2,0.6492004167659586,0.6470442385097942,0.0021561782561644316
8,4,0train,0,tongue,3,2,1|2|0,0.6492004167659586,0.6615068558023565,-0.012306439036397832
8,4,0train,0,tongue,3,3,2|0|1,0.6492004167659586,0.6231279416872172,0.02607247507874144
8,4,0train,0,tongue,3,4,2|1|0,0.6492004167659586,0.6579014699452237,-0.008701053179265061
8,4,1test,1,left_hand,0,0,0|2|1,0.505068035075798,0.6449408440661192,-0.13987280899032117
8,4,1test,1,left_hand,0,1,1|0|2,0.505068035075798,0.3513664194889077,0.15370161558689033
8,4,1test,1,left_hand,0,2,1|2|0,0.505068035075798,0.3845930898004701,0.12047494527532793
8,4,1test,1,left_hand,0,3,2|0|1,0.505068035075798,0.7571307296887673,-0.25206269461296926
8,4,1test,1,left_hand,0,4,2|1|0,0.505068035075798,0.6379778193459882,-0.13290978427019018
8,4,1test,1,right_hand,1,0,0|2|1,0.9613274723367098,1.412191087340634,-0.45086361500392425
8,4,1test,1,right_hand,1,1,1|0|2,0.9613274723367098,0.8517545318891904,0.10957294044751942
8,4,1test,1,right_hand,1,2,1|2|0,0.9613274723367098,0.9578798495786359,0.003447622758073865
8,4,1test,1,right_hand,1,3,2|0|1,0.9613274723367098,0.9823475621776083,-0.021020089840898537
8,4,1test,1,right_hand,1,4,2|1|0,0.9613274723367098,1.3161664156668624,-0.35483894333015265
8,4,1test,1,feet,2,0,0|2|1,4.758612025801909,3.9492593405127665,0.8093526852891428
8,4,1test,1,feet,2,1,1|0|2,4.758612025801909,4.341396683113729,0.4172153426881806
8,4,1test,1,feet,2,2,1|2|0,4.758612025801909,3.5617992489157415,1.1968127768861678
8,4,1test,1,feet,2,3,2|0|1,4.758612025801909,3.985737134782749,0.7728748910191605
8,4,1test,1,feet,2,4,2|1|0,4.758612025801909,3.62830967087813,1.1303023549237792
8,4,1test,1,tongue,3,0,0|2|1,0.4218824023515676,0.40049862849540824,0.02138377385615936
8,4,1test,1,tongue,3,1,1|0|2,0.4218824023515676,0.48960156050457515,-0.06771915815300755
8,4,1test,1,tongue,3,2,1|2|0,0.4218824023515676,0.5384470894906079,-0.11656468713904033
8,4,1test,1,tongue,3,3,2|0|1,0.4218824023515676,0.4365333348993061,-0.014650932547738527
8,4,1test,1,tongue,3,4,2|1|0,0.4218824023515676,0.5442096784165948,-0.12232727606502725
8,5,0train,0,left_hand,0,0,0|2|1,0.9159817204749054,0.8687438436277969,0.04723787684710856
8,5,0train,0,left_hand,0,1,1|0|2,0.9159817204749054,0.6922257303402771,0.22375599013462832
8,5,0train,0,left_hand,0,2,1|2|0,0.9159817204749054,0.6652156340580228,0.2507660864168827
8,5,0train,0,left_hand,0,3,2|0|1,0.9159817204749054,0.8486344975757613,0.06734722289914419
8,5,0train,0,left_hand,0,4,2|1|0,0.9159817204749054,0.7383004553041782,0.17768126517072724
8,5,0train,0,right_hand,1,0,0|2|1,1.0466828724576724,1.0510681798581563,-0.004385307400483818
8,5,0train,0,right_hand,1,1,1|0|2,1.0466828724576724,0.9122052461874783,0.1344776262701941
8,5,0train,0,right_hand,1,2,1|2|0,1.0466828724576724,0.9090536942092662,0.13762917824840626
8,5,0train,0,right_hand,1,3,2|0|1,1.0466828724576724,0.952971676864598,0.09371119559307439
8,5,0train,0,right_hand,1,4,2|1|0,1.0466828724576724,0.8542889043930825,0.19239396806458997
8,5,0train,0,feet,2,0,0|2|1,1.0802003737124162,1.0176344390432592,0.06256593466915694
8,5,0train,0,feet,2,1,1|0|2,1.0802003737124162,1.0811443124803728,-0.0009439387679566202
8,5,0train,0,feet,2,2,1|2|0,1.0802003737124162,1.0011216235904745,0.07907875012194165
8,5,0train,0,feet,2,3,2|0|1,1.0802003737124162,1.086376087144095,-0.006175713431678886
8,5,0train,0,feet,2,4,2|1|0,1.0802003737124162,1.0503489442832339,0.029851429429182286
8,5,0train,0,tongue,3,0,0|2|1,0.8526352035079263,0.7266127244094218,0.1260224790985045
8,5,0train,0,tongue,3,1,1|0|2,0.8526352035079263,0.7368967071205142,0.11573849638741207
8,5,0train,0,tongue,3,2,1|2|0,0.8526352035079263,0.7336516336301196,0.11898356987780667
8,5,0train,0,tongue,3,3,2|0|1,0.8526352035079263,0.7099597157616588,0.14267548774626748
8,5,0train,0,tongue,3,4,2|1|0,0.8526352035079263,0.718857278519984,0.13377792498794228
8,5,1test,1,left_hand,0,0,0|2|1,0.8593860393376842,0.8860432828114834,-0.026657243473799164
8,5,1test,1,left_hand,0,1,1|0|2,0.8593860393376842,0.7539691204340886,0.10541691890359561
8,5,1test,1,left_hand,0,2,1|2|0,0.8593860393376842,0.7373218917923156,0.12206414754536865
8,5,1test,1,left_hand,0,3,2|0|1,0.8593860393376842,0.8406720603672619,0.018713978970422263
8,5,1test,1,left_hand,0,4,2|1|0,0.8593860393376842,0.8217995021806086,0.037586537157075606
8,5,1test,1,right_hand,1,0,0|2|1,0.82329759807939,0.8403592631929843,-0.017061665113594304
8,5,1test,1,right_hand,1,1,1|0|2,0.82329759807939,0.7447400145664569,0.07855758351293307
8,5,1test,1,right_hand,1,2,1|2|0,0.82329759807939,0.6576950756779346,0.16560252240145534
8,5,1test,1,right_hand,1,3,2|0|1,0.82329759807939,0.7733946209206661,0.04990297715872383
8,5,1test,1,right_hand,1,4,2|1|0,0.82329759807939,0.7219655991978634,0.10133199888152655
8,5,1test,1,feet,2,0,0|2|1,1.3162850206428685,0.9547494406418943,0.3615355800009742
8,5,1test,1,feet,2,1,1|0|2,1.3162850206428685,1.0927992704776335,0.22348575016523498
8,5,1test,1,feet,2,2,1|2|0,1.3162850206428685,1.0737339188633925,0.24255110177947592
8,5,1test,1,feet,2,3,2|0|1,1.3162850206428685,1.0346289109475537,0.28165610969531474
8,5,1test,1,feet,2,4,2|1|0,1.3162850206428685,1.1936772581762258,0.12260776246664262
8,5,1test,1,tongue,3,0,0|2|1,1.0322015201786792,0.7560757708501841,0.2761257493284951
8,5,1test,1,tongue,3,1,1|0|2,1.0322015201786792,0.7566900042573643,0.27551151592131484
8,5,1test,1,tongue,3,2,1|2|0,1.0322015201786792,0.7978056725877533,0.2343958475909259
8,5,1test,1,tongue,3,3,2|0|1,1.0322015201786792,0.7600678140968908,0.27213370608178833
8,5,1test,1,tongue,3,4,2|1|0,1.0322015201786792,0.8193911242578781,0.2128103959208011
8,6,0train,0,left_hand,0,0,0|2|1,0.5646024705472399,0.6217300276522209,-0.057127557104980964
8,6,0train,0,left_hand,0,1,1|0|2,0.5646024705472399,0.5983285204347866,-0.03372604988754668
8,6,0train,0,left_hand,0,2,1|2|0,0.5646024705472399,0.6295112097638378,-0.0649087392165979
8,6,0train,0,left_hand,0,3,2|0|1,0.5646024705472399,0.6654308680406013,-0.10082839749336137
8,6,0train,0,left_hand,0,4,2|1|0,0.5646024705472399,0.6872854877818013,-0.12268301723456143
8,6,0train,0,right_hand,1,0,0|2|1,0.7886172046005656,0.7535795670556085,0.035037637544957145
8,6,0train,0,right_hand,1,1,1|0|2,0.7886172046005656,0.5973719110962552,0.1912452935043104
8,6,0train,0,right_hand,1,2,1|2|0,0.7886172046005656,0.8398211210904633,-0.05120391648989764
8,6,0train,0,right_hand,1,3,2|0|1,0.7886172046005656,0.8196098185480705,-0.030992613947504855
8,6,0train,0,right_hand,1,4,2|1|0,0.7886172046005656,0.8602409387432213,-0.07162373414265566
8,6,0train,0,feet,2,0,0|2|1,2.63203297876247,2.028060628769965,0.6039723499925049
8,6,0train,0,feet,2,1,1|0|2,2.63203297876247,2.163283071521186,0.46874990724128374
8,6,0train,0,feet,2,2,1|2|0,2.63203297876247,1.844927314148104,0.7871056646143659
8,6,0train,0,feet,2,3,2|0|1,2.63203297876247,1.7570090275137737,0.8750239512486961
8,6,0train,0,feet,2,4,2|1|0,2.63203297876247,1.8622539402397753,0.7697790385226946
8,6,0train,0,tongue,3,0,0|2|1,0.751639293199008,0.6185179133117956,0.1331213798872124
8,6,0train,0,tongue,3,1,1|0|2,0.751639293199008,0.6281850788915411,0.12345421430746695
8,6,0train,0,tongue,3,2,1|2|0,0.751639293199008,0.619919009448919,0.13172028375008904
8,6,0train,0,tongue,3,3,2|0|1,0.751639293199008,0.6354874773294866,0.11615181586952139
8,6,0train,0,tongue,3,4,2|1|0,0.751639293199008,0.6377458564755146,0.11389343672349339
8,6,1test,1,left_hand,0,0,0|2|1,0.5928190048053446,0.5780025172964292,0.014816487508915399
8,6,1test,1,left_hand,0,1,1|0|2,0.5928190048053446,0.6049406770979309,-0.012121672292586316
8,6,1test,1,left_hand,0,2,1|2|0,0.5928190048053446,0.5302000891365023,0.06261891566884226
8,6,1test,1,left_hand,0,3,2|0|1,0.5928190048053446,0.6139413261585039,-0.02112232135315939
8,6,1test,1,left_hand,0,4,2|1|0,0.5928190048053446,0.6814712560890755,-0.088652251283731
8,6,1test,1,right_hand,1,0,0|2|1,0.8304069668557136,0.8731525948206126,-0.042745627964899
8,6,1test,1,right_hand,1,1,1|0|2,0.8304069668557136,0.8013061223381971,0.02910084451751649
8,6,1test,1,right_hand,1,2,1|2|0,0.8304069668557136,0.7167129312140481,0.11369403564166547
8,6,1test,1,right_hand,1,3,2|0|1,0.8304069668557136,0.762441941231459,0.06796502562425455
8,6,1test,1,right_hand,1,4,2|1|0,0.8304069668557136,0.7570037174809168,0.07340324937479681
8,6,1test,1,feet,2,0,0|2|1,3.9104055746981934,3.0134739850466494,0.896931589651544
8,6,1test,1,feet,2,1,1|0|2,3.9104055746981934,3.1320249480323654,0.778380626665828
8,6,1test,1,feet,2,2,1|2|0,3.9104055746981934,3.2528447645623517,0.6575608101358417
8,6,1test,1,feet,2,3,2|0|1,3.9104055746981934,3.146951090020792,0.7634544846774012
8,6,1test,1,feet,2,4,2|1|0,3.9104055746981934,3.1002376212423917,0.8101679534558017
8,6,1test,1,tongue,3,0,0|2|1,1.1807078121232004,0.8583023668101255,0.3224054453130749
8,6,1test,1,tongue,3,1,1|0|2,1.1807078121232004,0.8967917369107532,0.2839160752124472
8,6,1test,1,tongue,3,2,1|2|0,1.1807078121232004,0.9063366355088941,0.2743711766143063
8,6,1test,1,tongue,3,3,2|0|1,1.1807078121232004,0.886728624975002,0.2939791871481984
8,6,1test,1,tongue,3,4,2|1|0,1.1807078121232004,0.891948271574864,0.2887595405483364
8,7,0train,0,left_hand,0,0,0|2|1,1.0030748889323295,1.2593267146917144,-0.2562518257593849
8,7,0train,0,left_hand,0,1,1|0|2,1.0030748889323295,0.4159140881569532,0.5871608007753764
8,7,0train,0,left_hand,0,2,1|2|0,1.0030748889323295,0.4881684737244414,0.5149064152078882
8,7,0train,0,left_hand,0,3,2|0|1,1.0030748889323295,1.452034913297634,-0.44896002436530447
8,7,0train,0,left_hand,0,4,2|1|0,1.0030748889323295,1.2490700487119508,-0.24599515977962128
8,7,0train,0,right_hand,1,0,0|2|1,1.0744228880351725,1.262656944295224,-0.18823405626005152
8,7,0train,0,right_hand,1,1,1|0|2,1.0744228880351725,0.5867621474192877,0.4876607406158848
8,7,0train,0,right_hand,1,2,1|2|0,1.0744228880351725,0.6020183295783648,0.47240455845680773
8,7,0train,0,right_hand,1,3,2|0|1,1.0744228880351725,1.0822576572149254,-0.007834769179752898
8,7,0train,0,right_hand,1,4,2|1|0,1.0744228880351725,1.1416224944585296,-0.0671996064233571
8,7,0train,0,feet,2,0,0|2|1,1.4335792622912225,1.4520607312510958,-0.01848146895987335
8,7,0train,0,feet,2,1,1|0|2,1.4335792622912225,1.9962870958208512,-0.5627078335296287
8,7,0train,0,feet,2,2,1|2|0,1.4335792622912225,1.44147726619899,-0.007898003907767626
8,7,0train,0,feet,2,3,2|0|1,1.4335792622912225,1.6600144400024726,-0.2264351777112501
8,7,0train,0,feet,2,4,2|1|0,1.4335792622912225,1.6308998966843797,-0.19732063439315728
8,7,0train,0,tongue,3,0,0|2|1,0.49716722564203375,0.2330569740426584,0.26411025159937535
8,7,0train,0,tongue,3,1,1|0|2,0.49716722564203375,0.3410306178867728,0.15613660775526095
8,7,0train,0,tongue,3,2,1|2|0,0.49716722564203375,0.3256939903786362,0.17147323526339753
8,7,0train,0,tongue,3,3,2|0|1,0.49716722564203375,0.2488932840616185,0.24827394158041524
8,7,0train,0,tongue,3,4,2|1|0,0.49716722564203375,0.3456119741292303,0.15155525151280347
8,7,1test,1,left_hand,0,0,0|2|1,0.9028839157961566,0.7437957187891455,0.15908819700701105
8,7,1test,1,left_hand,0,1,1|0|2,0.9028839157961566,0.3558326718789848,0.5470512439171717
8,7,1test,1,left_hand,0,2,1|2|0,0.9028839157961566,0.39367998058762715,0.5092039352085294
8,7,1test,1,left_hand,0,3,2|0|1,0.9028839157961566,0.8922140067879399,0.010669909008216627
8,7,1test,1,left_hand,0,4,2|1|0,0.9028839157961566,0.8155784594797747,0.08730545631638187
8,7,1test,1,right_hand,1,0,0|2|1,1.2421938034516307,1.3756466309453053,-0.1334528274936746
8,7,1test,1,right_hand,1,1,1|0|2,1.2421938034516307,0.6062016177585609,0.6359921856930698
8,7,1test,1,right_hand,1,2,1|2|0,1.2421938034516307,0.7374114203649289,0.5047823830867018
8,7,1test,1,right_hand,1,3,2|0|1,1.2421938034516307,1.2261591187258862,0.01603468472574443
8,7,1test,1,right_hand,1,4,2|1|0,1.2421938034516307,1.2659564467964408,-0.023762643344810153
8,7,1test,1,feet,2,0,0|2|1,2.4790026445449853,2.3491174435117643,0.129885201033221
8,7,1test,1,feet,2,1,1|0|2,2.4790026445449853,2.1733915249636886,0.3056111195812967
8,7,1test,1,feet,2,2,1|2|0,2.4790026445449853,1.9342053081200608,0.5447973364249246
8,7,1test,1,feet,2,3,2|0|1,2.4790026445449853,2.5056577214990563,-0.02665507695407099
8,7,1test,1,feet,2,4,2|1|0,2.4790026445449853,2.18831732727615,0.2906853172688355
8,7,1test,1,tongue,3,0,0|2|1,0.43337893951485545,0.306768068812597,0.12661087070225846
8,7,1test,1,tongue,3,1,1|0|2,0.43337893951485545,0.3142005447247767,0.11917839479007875
8,7,1test,1,tongue,3,2,1|2|0,0.43337893951485545,0.3580681051345419,0.07531083438031355
8,7,1test,1,tongue,3,3,2|0|1,0.43337893951485545,0.3139006505099374,0.11947828900491808
8,7,1test,1,tongue,3,4,2|1|0,0.43337893951485545,0.31035554110884583,0.12302339840600962
8,9,0train,0,left_hand,0,0,0|2|1,0.8987701745390242,1.3128530567595416,-0.41408288222051737
8,9,0train,0,left_hand,0,1,1|0|2,0.8987701745390242,0.8438754183909958,0.05489475614802841
8,9,0train,0,left_hand,0,2,1|2|0,0.8987701745390242,0.8346247833406178,0.06414539119840634
8,9,0train,0,left_hand,0,3,2|0|1,0.8987701745390242,1.1200539815578965,-0.2212838070188723
8,9,0train,0,left_hand,0,4,2|1|0,0.8987701745390242,0.9742276209428476,-0.07545744640382346
8,9,0train,0,right_hand,1,0,0|2|1,0.6033104665695841,0.9298795812950035,-0.3265691147254194
8,9,0train,0,right_hand,1,1,1|0|2,0.6033104665695841,0.6580549790116594,-0.054744512442075344
8,9,0train,0,right_hand,1,2,1|2|0,0.6033104665695841,0.7430881723058341,-0.13977770573625004
8,9,0train,0,right_hand,1,3,2|0|1,0.6033104665695841,0.9854039129110703,-0.38209344634148623
8,9,0train,0,right_hand,1,4,2|1|0,0.6033104665695841,0.828958557484004,-0.22564809091441995
8,9,0train,0,feet,2,0,0|2|1,0.8763424549493006,1.2377042664803084,-0.36136181153100777
8,9,0train,0,feet,2,1,1|0|2,0.8763424549493006,1.5136728234270125,-0.6373303684777119
8,9,0train,0,feet,2,2,1|2|0,0.8763424549493006,1.2395573628660144,-0.36321490791671374
8,9,0train,0,feet,2,3,2|0|1,0.8763424549493006,1.2851694319782367,-0.4088269770289361
8,9,0train,0,feet,2,4,2|1|0,0.8763424549493006,1.3547670752651033,-0.4784246203158027
8,9,0train,0,tongue,3,0,0|2|1,0.29406340750306387,0.2038877729182786,0.09017563458478528
8,9,0train,0,tongue,3,1,1|0|2,0.29406340750306387,0.286444568429001,0.007618839074062855
8,9,0train,0,tongue,3,2,1|2|0,0.29406340750306387,0.24455516936758456,0.049508238135479304
8,9,0train,0,tongue,3,3,2|0|1,0.29406340750306387,0.25957499244824356,0.03448841505482031
8,9,0train,0,tongue,3,4,2|1|0,0.29406340750306387,0.27247164316858186,0.02159176433448201
8,9,1test,1,left_hand,0,0,0|2|1,3.826976049410763,3.12980422865099,0.697171820759773
8,9,1test,1,left_hand,0,1,1|0|2,3.826976049410763,2.753934827552759,1.0730412218580043
8,9,1test,1,left_hand,0,2,1|2|0,3.826976049410763,2.8368928710296264,0.9900831783811368
8,9,1test,1,left_hand,0,3,2|0|1,3.826976049410763,3.1565858109249763,0.6703902384857869
8,9,1test,1,left_hand,0,4,2|1|0,3.826976049410763,3.0224000240793494,0.8045760253314138
8,9,1test,1,right_hand,1,0,0|2|1,1.098161167054936,1.4213179504299895,-0.3231567833750535
8,9,1test,1,right_hand,1,1,1|0|2,1.098161167054936,1.0388238272162789,0.05933733983865719
8,9,1test,1,right_hand,1,2,1|2|0,1.098161167054936,1.3424894524224904,-0.24432828536755435
8,9,1test,1,right_hand,1,3,2|0|1,1.098161167054936,1.0854949210967446,0.012666245958191436
8,9,1test,1,right_hand,1,4,2|1|0,1.098161167054936,1.2208100712499894,-0.12264890419505337
8,9,1test,1,feet,2,0,0|2|1,4.193895723431622,4.925805088191203,-0.7319093647595816
8,9,1test,1,feet,2,1,1|0|2,4.193895723431622,4.545531867136119,-0.35163614370449725
8,9,1test,1,feet,2,2,1|2|0,4.193895723431622,5.054136836284304,-0.8602411128526821
8,9,1test,1,feet,2,3,2|0|1,4.193895723431622,4.0615297502015295,0.13236597323009214
8,9,1test,1,feet,2,4,2|1|0,4.193895723431622,4.704617122445706,-0.5107213990140842
8,9,1test,1,tongue,3,0,0|2|1,0.9392296916559111,0.8995525238975854,0.03967716775832564
8,9,1test,1,tongue,3,1,1|0|2,0.9392296916559111,1.116375929327992,-0.17714623767208093
8,9,1test,1,tongue,3,2,1|2|0,0.9392296916559111,1.06274228748464,-0.12351259582872887
8,9,1test,1,tongue,3,3,2|0|1,0.9392296916559111,1.1188269660687142,-0.17959727441280315
8,9,1test,1,tongue,3,4,2|1|0,0.9392296916559111,1.04943075583261,-0.11020106417669884
9,1,0train,0,left_hand,0,0,0|2|1,0.3415354613497074,0.415658745122666,-0.07412328377295857
9,1,0train,0,left_hand,0,1,1|0|2,0.3415354613497074,0.38945394003783285,-0.04791847868812543
9,1,0train,0,left_hand,0,2,1|2|0,0.3415354613497074,0.46074973408566766,-0.11921427273596025
9,1,0train,0,left_hand,0,3,2|0|1,0.3415354613497074,1.0414401098340749,-0.6999046484843674
9,1,0train,0,left_hand,0,4,2|1|0,0.3415354613497074,1.0203944107303664,-0.6788589493806589
9,1,0train,0,right_hand,1,0,0|2|1,2.1353927248395452,1.9485234731535077,0.18686925168603752
9,1,0train,0,right_hand,1,1,1|0|2,2.1353927248395452,2.079745264461975,0.05564746037757029
9,1,0train,0,right_hand,1,2,1|2|0,2.1353927248395452,2.7642488016398605,-0.6288560768003153
9,1,0train,0,right_hand,1,3,2|0|1,2.1353927248395452,2.871199115727661,-0.7358063908881158
9,1,0train,0,right_hand,1,4,2|1|0,2.1353927248395452,2.9192974166482095,-0.7839046918086643
9,1,0train,0,feet,2,0,0|2|1,2.689003109431402,2.9521219069438738,-0.2631187975124716
9,1,0train,0,feet,2,1,1|0|2,2.689003109431402,2.5814898255142564,0.10751328391714576
9,1,0train,0,feet,2,2,1|2|0,2.689003109431402,3.335086530348638,-0.6460834209172357
9,1,0train,0,feet,2,3,2|0|1,2.689003109431402,3.1311484493868935,-0.4421453399554913
9,1,0train,0,feet,2,4,2|1|0,2.689003109431402,3.3697052420684477,-0.6807021326370455
9,1,0train,0,tongue,3,0,0|2|1,0.39350296834000503,0.45067835332543194,-0.0571753849854269
9,1,0train,0,tongue,3,1,1|0|2,0.39350296834000503,0.30011635802288283,0.0933866103171222
9,1,0train,0,tongue,3,2,1|2|0,0.39350296834000503,0.6001735578248321,-0.20667058948482703
9,1,0train,0,tongue,3,3,2|0|1,0.39350296834000503,0.44074045089049363,-0.047237482550488596
9,1,0train,0,tongue,3,4,2|1|0,0.39350296834000503,0.5730804913820774,-0.17957752304207236
9,1,1test,1,left_hand,0,0,0|2|1,0.4434505150818821,0.4007574362134631,0.042693078868419
9,1,1test,1,left_hand,0,1,1|0|2,0.4434505150818821,0.48390251395314743,-0.04045199887126533
9,1,1test,1,left_hand,0,2,1|2|0,0.4434505150818821,0.47129548210293765,-0.027844967021055544
9,1,1test,1,left_hand,0,3,2|0|1,0.4434505150818821,0.5910770003117403,-0.14762648522985816
9,1,1test,1,left_hand,0,4,2|1|0,0.4434505150818821,0.5838494467174347,-0.14039893163555256
9,1,1test,1,right_hand,1,0,0|2|1,5.919058326197898,4.804880079784971,1.1141782464129264
9,1,1test,1,right_hand,1,1,1|0|2,5.919058326197898,4.921440707958348,0.9976176182395493
9,1,1test,1,right_hand,1,2,1|2|0,5.919058326197898,5.4798606836719745,0.4391976425259232
9,1,1test,1,right_hand,1,3,2|0|1,5.919058326197898,5.315954676149327,0.6031036500485705
9,1,1test,1,right_hand,1,4,2|1|0,5.919058326197898,5.426563397894201,0.4924949283036968
9,1,1test,1,feet,2,0,0|2|1,1.4179414285992673,1.086747227952672,0.3311942006465953
9,1,1test,1,feet,2,1,1|0|2,1.4179414285992673,1.133456465229942,0.2844849633693254
9,1,1test,1,feet,2,2,1|2|0,1.4179414285992673,1.656780642003591,-0.2388392134043238
9,1,1test,1,feet,2,3,2|0|1,1.4179414285992673,1.1167301446992663,0.30121128390000096
9,1,1test,1,feet,2,4,2|1|0,1.4179414285992673,1.620430876286488,-0.20248944768722077
9,1,1test,1,tongue,3,0,0|2|1,0.37068121937911375,0.40025540473668875,-0.029574185357575
9,1,1test,1,tongue,3,1,1|0|2,0.37068121937911375,0.3949234115928892,-0.024242192213775438
9,1,1test,1,tongue,3,2,1|2|0,0.37068121937911375,0.6848253248333458,-0.31414410545423205
9,1,1test,1,tongue,3,3,2|0|1,0.37068121937911375,0.3742974597124795,-0.0036162403333657722
9,1,1test,1,tongue,3,4,2|1|0,0.37068121937911375,0.6658809436342121,-0.2951997242550984
9,2,0train,0,left_hand,0,0,0|2|1,0.889568244071679,0.7157346296086462,0.1738336144630328
9,2,0train,0,left_hand,0,1,1|0|2,0.889568244071679,0.8185753726377158,0.07099287143396316
9,2,0train,0,left_hand,0,2,1|2|0,0.889568244071679,0.759864736211146,0.12970350786053297
9,2,0train,0,left_hand,0,3,2|0|1,0.889568244071679,0.8965162032645488,-0.006947959192869835
9,2,0train,0,left_hand,0,4,2|1|0,0.889568244071679,0.8379754071312683,0.051592836940410725
9,2,0train,0,right_hand,1,0,0|2|1,1.1518851001130375,0.91039366091892,0.24149143919411742
9,2,0train,0,right_hand,1,1,1|0|2,1.1518851001130375,0.9427303474329053,0.20915475268013217
9,2,0train,0,right_hand,1,2,1|2|0,1.1518851001130375,0.9779123867210245,0.17397271339201292
9,2,0train,0,right_hand,1,3,2|0|1,1.1518851001130375,1.0688427781377328,0.0830423219753047
9,2,0train,0,right_hand,1,4,2|1|0,1.1518851001130375,0.9315731468471254,0.22031195326591202
9,2,0train,0,feet,2,0,0|2|1,3.312648977075992,1.6862013585702496,1.6264476185057424
9,2,0train,0,feet,2,1,1|0|2,3.312648977075992,2.1920966248938023,1.1205523521821896
9,2,0train,0,feet,2,2,1|2|0,3.312648977075992,1.7698710232713173,1.5427779538046746
9,2,0train,0,feet,2,3,2|0|1,3.312648977075992,1.7609296271162393,1.5517193499597526
9,2,0train,0,feet,2,4,2|1|0,3.312648977075992,1.7316034436180348,1.5810455334579572
9,2,0train,0,tongue,3,0,0|2|1,1.1894056266015474,1.138068158039938,0.051337468561609256
9,2,0train,0,tongue,3,1,1|0|2,1.1894056266015474,1.1491465578667401,0.040259068734807224
9,2,0train,0,tongue,3,2,1|2|0,1.1894056266015474,1.1188286052041485,0.07057702139739885
9,2,0train,0,tongue,3,3,2|0|1,1.1894056266015474,1.0959656010085737,0.09344002559297371
9,2,0train,0,tongue,3,4,2|1|0,1.1894056266015474,1.107193696978394,0.08221192962315338
9,2,1test,1,left_hand,0,0,0|2|1,1.20333514066408,1.1048313316846248,0.09850380897945521
9,2,1test,1,left_hand,0,1,1|0|2,1.20333514066408,1.1146982405125394,0.08863690015154058
9,2,1test,1,left_hand,0,2,1|2|0,1.20333514066408,1.1128547185543898,0.0904804221096902
9,2,1test,1,left_hand,0,3,2|0|1,1.20333514066408,1.1352638035460487,0.06807133711803126
9,2,1test,1,left_hand,0,4,2|1|0,1.20333514066408,1.131955221150994,0.07137991951308598
9,2,1test,1,right_hand,1,0,0|2|1,1.0259563798499731,1.00379899896761,0.022157380882363187
9,2,1test,1,right_hand,1,1,1|0|2,1.0259563798499731,1.1367626491647453,-0.11080626931477222
9,2,1test,1,right_hand,1,2,1|2|0,1.0259563798499731,0.9404182821950907,0.0855380976548824
9,2,1test,1,right_hand,1,3,2|0|1,1.0259563798499731,1.0522319566820728,-0.02627557683209969
9,2,1test,1,right_hand,1,4,2|1|0,1.0259563798499731,1.2118430187184341,-0.18588663886846102
9,2,1test,1,feet,2,0,0|2|1,1.4828254964446996,0.7870145571624043,0.6958109392822953
9,2,1test,1,feet,2,1,1|0|2,1.4828254964446996,0.8012658885193775,0.6815596079253221
9,2,1test,1,feet,2,2,1|2|0,1.4828254964446996,0.7973345521078077,0.685490944336892
9,2,1test,1,feet,2,3,2|0|1,1.4828254964446996,0.7844446691582015,0.6983808272864981
9,2,1test,1,feet,2,4,2|1|0,1.4828254964446996,0.8339980016746473,0.6488274947700523
9,2,1test,1,tongue,3,0,0|2|1,1.3491455436026059,1.283180739330193,0.0659648042724128
9,2,1test,1,tongue,3,1,1|0|2,1.3491455436026059,1.294919325633794,0.054226217968811774
9,2,1test,1,tongue,3,2,1|2|0,1.3491455436026059,1.291445821431313,0.05769972217129293
9,2,1test,1,tongue,3,3,2|0|1,1.3491455436026059,1.268740741524462,0.08040480207814382
9,2,1test,1,tongue,3,4,2|1|0,1.3491455436026059,1.3090905576965919,0.04005498590601397
9,3,0train,0,left_hand,0,0,0|2|1,0.48559914506430607,0.4975323803697793,-0.011933235305473244
9,3,0train,0,left_hand,0,1,1|0|2,0.48559914506430607,0.3629600664255382,0.12263907863876788
9,3,0train,0,left_hand,0,2,1|2|0,0.48559914506430607,0.4685115102656447,0.017087634798661377
9,3,0train,0,left_hand,0,3,2|0|1,0.48559914506430607,0.408659653228868,0.07693949183543808
9,3,0train,0,left_hand,0,4,2|1|0,0.48559914506430607,0.42955495144037303,0.056044193623933036
9,3,0train,0,right_hand,1,0,0|2|1,1.3555289530512884,1.1510910440349087,0.2044379090163797
9,3,0train,0,right_hand,1,1,1|0|2,1.3555289530512884,1.157507928604711,0.19802102444657743
9,3,0train,0,right_hand,1,2,1|2|0,1.3555289530512884,1.6970716744838659,-0.34154272143257747
9,3,0train,0,right_hand,1,3,2|0|1,1.3555289530512884,1.4689255761578948,-0.11339662310660636
9,3,0train,0,right_hand,1,4,2|1|0,1.3555289530512884,1.7698081437835567,-0.41427919073226827
9,3,0train,0,feet,2,0,0|2|1,1.2272720752169612,1.620310902932052,-0.3930388277150907
9,3,0train,0,feet,2,1,1|0|2,1.2272720752169612,1.489250712713206,-0.2619786374962447
9,3,0train,0,feet,2,2,1|2|0,1.2272720752169612,1.808411774575399,-0.5811396993584377
9,3,0train,0,feet,2,3,2|0|1,1.2272720752169612,1.501928874013519,-0.2746567987965578
9,3,0train,0,feet,2,4,2|1|0,1.2272720752169612,1.7827108940433192,-0.5554388188263579
9,3,0train,0,tongue,3,0,0|2|1,0.24226174943834622,0.2500314757068473,-0.007769726268501087
9,3,0train,0,tongue,3,1,1|0|2,0.24226174943834622,0.19548444911404947,0.04677730032429675
9,3,0train,0,tongue,3,2,1|2|0,0.24226174943834622,0.27249516692807346,-0.030233417489727243
9,3,0train,0,tongue,3,3,2|0|1,0.24226174943834622,0.2270103107278819,0.015251438710464332
9,3,0train,0,tongue,3,4,2|1|0,0.24226174943834622,0.2546706748793116,-0.01240892544096539
9,3,1test,1,left_hand,0,0,0|2|1,0.5210432902039546,0.466872686745585,0.05417060345836955
9,3,1test,1,left_hand,0,1,1|0|2,0.5210432902039546,0.49274777374432105,0.02829551645963352
9,3,1test,1,left_hand,0,2,1|2|0,0.5210432902039546,0.49128298554282634,0.029760304661128223
9,3,1test,1,left_hand,0,3,2|0|1,0.5210432902039546,0.4976070744895753,0.02343621571437926
9,3,1test,1,left_hand,0,4,2|1|0,0.5210432902039546,0.4978451021241379,0.023198188079816662
9,3,1test,1,right_hand,1,0,0|2|1,4.135743122262508,2.7545166120049682,1.38122651025754
9,3,1test,1,right_hand,1,1,1|0|2,4.135743122262508,2.9584384269337374,1.177304695328771
9,3,1test,1,right_hand,1,2,1|2|0,4.135743122262508,3.8119679327073155,0.3237751895551928
9,3,1test,1,right_hand,1,3,2|0|1,4.135743122262508,3.307370263322678,0.8283728589398303
9,3,1test,1,right_hand,1,4,2|1|0,4.135743122262508,3.8387043945426647,0.29703872771984363
9,3,1test,1,feet,2,0,0|2|1,0.5982129951180953,0.660377976299611,-0.0621649811815157
9,3,1test,1,feet,2,1,1|0|2,0.5982129951180953,0.5323495661460163,0.06586342897207909
9,3,1test,1,feet,2,2,1|2|0,0.5982129951180953,0.8202973267074049,-0.2220843315893095
9,3,1test,1,feet,2,3,2|0|1,0.5982129951180953,0.5541820193795779,0.04403097573851744
9,3,1test,1,feet,2,4,2|1|0,0.5982129951180953,0.8628648902916108,-0.2646518951735155
9,3,1test,1,tongue,3,0,0|2|1,0.3659211710327044,0.36299677313065554,0.0029243979020488475
9,3,1test,1,tongue,3,1,1|0|2,0.3659211710327044,0.3548856342675082,0.011035536765196197
9,3,1test,1,tongue,3,2,1|2|0,0.3659211710327044,0.45036790947509775,-0.08444673844239337
9,3,1test,1,tongue,3,3,2|0|1,0.3659211710327044,0.3573921553997315,0.00852901563297287
9,3,1test,1,tongue,3,4,2|1|0,0.3659211710327044,0.44750287783012177,-0.08158170679741739
9,4,0train,0,left_hand,0,0,0|2|1,0.6065753606317474,0.5327508815983257,0.07382447903342171
9,4,0train,0,left_hand,0,1,1|0|2,0.6065753606317474,0.4936723683454407,0.11290299228630674
9,4,0train,0,left_hand,0,2,1|2|0,0.6065753606317474,0.5860605746475716,0.020514785984175887
9,4,0train,0,left_hand,0,3,2|0|1,0.6065753606317474,0.5763439035086722,0.03023145712307529
9,4,0train,0,left_hand,0,4,2|1|0,0.6065753606317474,0.6361081409669709,-0.02953278033522344
9,4,0train,0,right_hand,1,0,0|2|1,0.7614343610234391,0.8134873709979107,-0.0520530099744716
9,4,0train,0,right_hand,1,1,1|0|2,0.7614343610234391,0.8483734189837949,-0.08693905796035584
9,4,0train,0,right_hand,1,2,1|2|0,0.7614343610234391,0.7849811997807199,-0.023546838757280808
9,4,0train,0,right_hand,1,3,2|0|1,0.7614343610234391,0.857261917092106,-0.09582755606866689
9,4,0train,0,right_hand,1,4,2|1|0,0.7614343610234391,0.8770506727106504,-0.11561631168721132
9,4,0train,0,feet,2,0,0|2|1,1.4114326461340485,1.2849976669872756,0.12643497914677293
9,4,0train,0,feet,2,1,1|0|2,1.4114326461340485,1.0483823365531637,0.3630503095808848
9,4,0train,0,feet,2,2,1|2|0,1.4114326461340485,1.2535287845530658,0.15790386158098269
9,4,0train,0,feet,2,3,2|0|1,1.4114326461340485,1.0733688706305118,0.3380637755035367
9,4,0train,0,feet,2,4,2|1|0,1.4114326461340485,1.2242425037901739,0.18719014234387465
9,4,0train,0,tongue,3,0,0|2|1,0.6975764313977513,0.6636058696480164,0.033970561749734896
9,4,0train,0,tongue,3,1,1|0|2,0.6975764313977513,0.6595198666610065,0.03805656473674479
9,4,0train,0,tongue,3,2,1|2|0,0.6975764313977513,0.6942894915322525,0.0032869398654987725
9,4,0train,0,tongue,3,3,2|0|1,0.6975764313977513,0.6813962027480287,0.016180228649722572
9,4,0train,0,tongue,3,4,2|1|0,0.6975764313977513,0.7115886819767111,-0.014012250578959828
9,4,1test,1,left_hand,0,0,0|2|1,0.6077310010384507,0.5175354234606918,0.09019557757775887
9,4,1test,1,left_hand,0,1,1|0|2,0.6077310010384507,0.5898232247815133,0.017907776256937402
9,4,1test,1,left_hand,0,2,1|2|0,0.6077310010384507,0.5711101223034667,0.036620878734983986
9,4,1test,1,left_hand,0,3,2|0|1,0.6077310010384507,0.6346727521563055,-0.026941751117854795
9,4,1test,1,left_hand,0,4,2|1|0,0.6077310010384507,0.6131854491402142,-0.005454448101763543
9,4,1test,1,right_hand,1,0,0|2|1,1.7096085529532765,1.7970114768855128,-0.08740292393223625
9,4,1test,1,right_hand,1,1,1|0|2,1.7096085529532765,2.1162137416962183,-0.4066051887429418
9,4,1test,1,right_hand,1,2,1|2|0,1.7096085529532765,1.9946193187754007,-0.28501076582212415
9,4,1test,1,right_hand,1,3,2|0|1,1.7096085529532765,1.9855830014554907,-0.2759744485022142
9,4,1test,1,right_hand,1,4,2|1|0,1.7096085529532765,2.029100529227893,-0.3194919762746167
9,4,1test,1,feet,2,0,0|2|1,1.5676976036581185,0.8684899750077305,0.699207628650388
9,4,1test,1,feet,2,1,1|0|2,1.5676976036581185,0.9049207536953445,0.662776849962774
9,4,1test,1,feet,2,2,1|2|0,1.5676976036581185,1.236696064164746,0.3310015394933725
9,4,1test,1,feet,2,3,2|0|1,1.5676976036581185,0.862979296234596,0.7047183074235225
9,4,1test,1,feet,2,4,2|1|0,1.5676976036581185,1.192785891401268,0.3749117122568506
9,4,1test,1,tongue,3,0,0|2|1,0.5905987450330756,0.554649637313544,0.03594910771953164
9,4,1test,1,tongue,3,1,1|0|2,0.5905987450330756,0.5764468679506541,0.014151877082421493
9,4,1test,1,tongue,3,2,1|2|0,0.5905987450330756,0.6652962114505079,-0.07469746641743225
9,4,1test,1,tongue,3,3,2|0|1,0.5905987450330756,0.5618626190947064,0.028736125938369272
9,4,1test,1,tongue,3,4,2|1|0,0.5905987450330756,0.6965890631736815,-0.10599031814060589
9,5,0train,0,left_hand,0,0,0|2|1,0.744681414904046,0.6933755274567068,0.051305887447339216
9,5,0train,0,left_hand,0,1,1|0|2,0.744681414904046,0.6674544902149531,0.07722692468909298
9,5,0train,0,left_hand,0,2,1|2|0,0.744681414904046,0.7500770379721594,-0.005395623068113364
9,5,0train,0,left_hand,0,3,2|0|1,0.744681414904046,0.7188848690418493,0.025796545862196707
9,5,0train,0,left_hand,0,4,2|1|0,0.744681414904046,0.7364015600568473,0.008279854847198731
9,5,0train,0,right_hand,1,0,0|2|1,1.0162337216477682,0.8772476749475875,0.13898604670018067
9,5,0train,0,right_hand,1,1,1|0|2,1.0162337216477682,0.9713367893689847,0.04489693227878344
9,5,0train,0,right_hand,1,2,1|2|0,1.0162337216477682,0.9626317432195236,0.053601978428244546
9,5,0train,0,right_hand,1,3,2|0|1,1.0162337216477682,0.9629040751247216,0.0533296465230465
9,5,0train,0,right_hand,1,4,2|1|0,1.0162337216477682,0.995495805387256,0.020737916260512135
9,5,0train,0,feet,2,0,0|2|1,1.0032966050370784,1.030347103659603,-0.02705049862252462
9,5,0train,0,feet,2,1,1|0|2,1.0032966050370784,0.8760129864779121,0.12728361855916626
9,5,0train,0,feet,2,2,1|2|0,1.0032966050370784,1.0439269518146612,-0.040630346777582815
9,5,0train,0,feet,2,3,2|0|1,1.0032966050370784,0.9372323242262112,0.06606428081086724
9,5,0train,0,feet,2,4,2|1|0,1.0032966050370784,0.9586808916304845,0.04461571340659387
9,5,0train,0,tongue,3,0,0|2|1,0.8252995220071603,0.7643600044717914,0.06093951753536886
9,5,0train,0,tongue,3,1,1|0|2,0.8252995220071603,0.7630794372257976,0.06222008478136265
9,5,0train,0,tongue,3,2,1|2|0,0.8252995220071603,0.7966132245208004,0.02868629748635987
9,5,0train,0,tongue,3,3,2|0|1,0.8252995220071603,0.7854384305186333,0.03986109148852701
9,5,0train,0,tongue,3,4,2|1|0,0.8252995220071603,0.8099751723002659,0.015324349706894336
9,5,1test,1,left_hand,0,0,0|2|1,0.9245620489161135,0.8871852265230501,0.03737682239306339
9,5,1test,1,left_hand,0,1,1|0|2,0.9245620489161135,0.905126390544143,0.019435658371970477
9,5,1test,1,left_hand,0,2,1|2|0,0.9245620489161135,0.9171645432085345,0.007397505707579022
9,5,1test,1,left_hand,0,3,2|0|1,0.9245620489161135,0.8982281973009436,0.02633385161516988
9,5,1test,1,left_hand,0,4,2|1|0,0.9245620489161135,0.8884666371346173,0.03609541178149622
9,5,1test,1,right_hand,1,0,0|2|1,1.0392899507152098,1.3383488104167582,-0.29905885970154844
9,5,1test,1,right_hand,1,1,1|0|2,1.0392899507152098,1.093234966437304,-0.0539450157220942
9,5,1test,1,right_hand,1,2,1|2|0,1.0392899507152098,1.2099914076856617,-0.17070145697045191
9,5,1test,1,right_hand,1,3,2|0|1,1.0392899507152098,1.2100028494253652,-0.17071289871015538
9,5,1test,1,right_hand,1,4,2|1|0,1.0392899507152098,1.114550296640167,-0.07526034592495723
9,5,1test,1,feet,2,0,0|2|1,0.9531434793966057,0.7608287734246406,0.1923147059719651
9,5,1test,1,feet,2,1,1|0|2,0.9531434793966057,0.7854329516406978,0.1677105277559079
9,5,1test,1,feet,2,2,1|2|0,0.9531434793966057,0.7855499398686082,0.1675935395279975
9,5,1test,1,feet,2,3,2|0|1,0.9531434793966057,0.7751181299582087,0.17802534943839698
9,5,1test,1,feet,2,4,2|1|0,0.9531434793966057,0.7766942268297937,0.176449252566812
9,5,1test,1,tongue,3,0,0|2|1,0.958407417228979,0.9143308571871896,0.04407656004178939
9,5,1test,1,tongue,3,1,1|0|2,0.958407417228979,0.881464403331109,0.07694301389787006
9,5,1test,1,tongue,3,2,1|2|0,0.958407417228979,0.9220403932806921,0.03636702394828695
9,5,1test,1,tongue,3,3,2|0|1,0.958407417228979,0.8876346963220243,0.07077272090695474
9,5,1test,1,tongue,3,4,2|1|0,0.958407417228979,0.8986814227285125,0.05972599450046656
9,6,0train,0,left_hand,0,0,0|2|1,0.5762932376970029,0.4328739596140902,0.14341927808291272
9,6,0train,0,left_hand,0,1,1|0|2,0.5762932376970029,0.5208781653915354,0.055415072305467494
9,6,0train,0,left_hand,0,2,1|2|0,0.5762932376970029,0.5010368041222403,0.07525643357476264
9,6,0train,0,left_hand,0,3,2|0|1,0.5762932376970029,0.5569438259336098,0.01934941176339311
9,6,0train,0,left_hand,0,4,2|1|0,0.5762932376970029,0.5155332259307828,0.060760011766220146
9,6,0train,0,right_hand,1,0,0|2|1,0.7299336945420339,0.6089180821757894,0.12101561236624458
9,6,0train,0,right_hand,1,1,1|0|2,0.7299336945420339,0.6814535790906081,0.04848011545142583
9,6,0train,0,right_hand,1,2,1|2|0,0.7299336945420339,0.694874369435495,0.035059325106538974
9,6,0train,0,right_hand,1,3,2|0|1,0.7299336945420339,0.8147416028388144,-0.08480790829678042
9,6,0train,0,right_hand,1,4,2|1|0,0.7299336945420339,0.8180536496929384,-0.08811995515090443
9,6,0train,0,feet,2,0,0|2|1,2.6071971998185433,1.625803053907571,0.9813941459109723
9,6,0train,0,feet,2,1,1|0|2,2.6071971998185433,1.624990714197882,0.9822064856206612
9,6,0train,0,feet,2,2,1|2|0,2.6071971998185433,1.6427840487312637,0.9644131510872795
9,6,0train,0,feet,2,3,2|0|1,2.6071971998185433,1.7041736780611996,0.9030235217573437
9,6,0train,0,feet,2,4,2|1|0,2.6071971998185433,1.6106445875275825,0.9965526122909607
9,6,0train,0,tongue,3,0,0|2|1,0.7235380250478085,0.6744346071083509,0.049103417939457605
9,6,0train,0,tongue,3,1,1|0|2,0.7235380250478085,0.6637722796648475,0.05976574538296098
9,6,0train,0,tongue,3,2,1|2|0,0.7235380250478085,0.6728602857409212,0.05067773930688735
9,6,0train,0,tongue,3,3,2|0|1,0.7235380250478085,0.6637664521089134,0.05977157293889512
9,6,0train,0,tongue,3,4,2|1|0,0.7235380250478085,0.6753577357221662,0.048180289325642334
9,6,1test,1,left_hand,0,0,0|2|1,0.7502856404118904,0.6967658248606853,0.05351981555120511
9,6,1test,1,left_hand,0,1,1|0|2,0.7502856404118904,0.6969018268335382,0.0533838135783522
9,6,1test,1,left_hand,0,2,1|2|0,0.7502856404118904,0.7022997462889271,0.04798589412296328
9,6,1test,1,left_hand,0,3,2|0|1,0.7502856404118904,0.7087531103470315,0.04153253006485891
9,6,1test,1,left_hand,0,4,2|1|0,0.7502856404118904,0.7042731798737062,0.0460124605381842
9,6,1test,1,right_hand,1,0,0|2|1,1.0434695093357398,1.1562984251298476,-0.11282891579410781
9,6,1test,1,right_hand,1,1,1|0|2,1.0434695093357398,1.0181492325457961,0.02532027678994364
9,6,1test,1,right_hand,1,2,1|2|0,1.0434695093357398,1.0603687908366999,-0.016899281500960095
9,6,1test,1,right_hand,1,3,2|0|1,1.0434695093357398,0.9795084869477456,0.06396102238799417
9,6,1test,1,right_hand,1,4,2|1|0,1.0434695093357398,1.2533413902687232,-0.20987188093298337
9,6,1test,1,feet,2,0,0|2|1,1.3447807022132232,0.8921421185681643,0.45263858364505893
9,6,1test,1,feet,2,1,1|0|2,1.3447807022132232,0.875638578629466,0.4691421235837572
9,6,1test,1,feet,2,2,1|2|0,1.3447807022132232,0.8907812981827522,0.453999404030471
9,6,1test,1,feet,2,3,2|0|1,1.3447807022132232,0.9049741763023815,0.4398065259108417
9,6,1test,1,feet,2,4,2|1|0,1.3447807022132232,0.9014375430432485,0.4433431591699747
9,6,1test,1,tongue,3,0,0|2|1,1.0311920744780498,0.9441746007667177,0.08701747371133217
9,6,1test,1,tongue,3,1,1|0|2,1.0311920744780498,0.9526365726773129,0.0785555018007369
9,6,1test,1,tongue,3,2,1|2|0,1.0311920744780498,0.9267955581764825,0.10439651630156732
9,6,1test,1,tongue,3,3,2|0|1,1.0311920744780498,0.9383824489518382,0.09280962552621164
9,6,1test,1,tongue,3,4,2|1|0,1.0311920744780498,0.9302911597853074,0.10090091469274243
9,7,0train,0,left_hand,0,0,0|2|1,0.40203314504253784,0.5525350112565548,-0.15050186621401695
9,7,0train,0,left_hand,0,1,1|0|2,0.40203314504253784,0.44315405815900116,-0.04112091311646332
9,7,0train,0,left_hand,0,2,1|2|0,0.40203314504253784,0.5607127875864854,-0.1586796425439475
9,7,0train,0,left_hand,0,3,2|0|1,0.40203314504253784,0.9147374696428894,-0.5127043246003515
9,7,0train,0,left_hand,0,4,2|1|0,0.40203314504253784,1.0088210326177818,-0.6067878875752439
9,7,0train,0,right_hand,1,0,0|2|1,0.9974431538026571,0.8119501420405112,0.18549301176214594
9,7,0train,0,right_hand,1,1,1|0|2,0.9974431538026571,0.9077140409934975,0.08972911280915963
9,7,0train,0,right_hand,1,2,1|2|0,0.9974431538026571,1.011744865419002,-0.014301711616344859
9,7,0train,0,right_hand,1,3,2|0|1,0.9974431538026571,1.1117099337371852,-0.11426677993452805
9,7,0train,0,right_hand,1,4,2|1|0,0.9974431538026571,1.2618248903303282,-0.26438173652767105
9,7,0train,0,feet,2,0,0|2|1,1.2497008683076054,1.3845214259422745,-0.13482055763466905
9,7,0train,0,feet,2,1,1|0|2,1.2497008683076054,1.1305190975205337,0.1191817707870717
9,7,0train,0,feet,2,2,1|2|0,1.2497008683076054,1.6737017830288135,-0.42400091472120804
9,7,0train,0,feet,2,3,2|0|1,1.2497008683076054,1.5965491569749084,-0.346848288667303
9,7,0train,0,feet,2,4,2|1|0,1.2497008683076054,1.8630045865942912,-0.6133037182866858
9,7,0train,0,tongue,3,0,0|2|1,0.36691930682879087,0.31425252485030486,0.05266678197848601
9,7,0train,0,tongue,3,1,1|0|2,0.36691930682879087,0.2957506691747191,0.07116863765407178
9,7,0train,0,tongue,3,2,1|2|0,0.36691930682879087,0.4331713325588141,-0.06625202573002326
9,7,0train,0,tongue,3,3,2|0|1,0.36691930682879087,0.38230987776159026,-0.015390570932799386
9,7,0train,0,tongue,3,4,2|1|0,0.36691930682879087,0.4878459403984216,-0.12092663356963074
9,7,1test,1,left_hand,0,0,0|2|1,0.6339433435387937,0.6043736641093411,0.029569679429452544
9,7,1test,1,left_hand,0,1,1|0|2,0.6339433435387937,0.6712226920170603,-0.03727934847826664
9,7,1test,1,left_hand,0,2,1|2|0,0.6339433435387937,0.6847712384334305,-0.050827894894636794
9,7,1test,1,left_hand,0,3,2|0|1,0.6339433435387937,0.6555427624063265,-0.021599418867532805
9,7,1test,1,left_hand,0,4,2|1|0,0.6339433435387937,0.6716982687893726,-0.037754925250578886
9,7,1test,1,right_hand,1,0,0|2|1,2.183072987537967,1.8928727923302469,0.2902001952077202
9,7,1test,1,right_hand,1,1,1|0|2,2.183072987537967,1.95984251152316,0.22323047601480717
9,7,1test,1,right_hand,1,2,1|2|0,2.183072987537967,2.074170840850344,0.10890214668762299
9,7,1test,1,right_hand,1,3,2|0|1,2.183072987537967,1.8836175324355624,0.2994554551024047
9,7,1test,1,right_hand,1,4,2|1|0,2.183072987537967,1.9374881571754676,0.24558483036249945
9,7,1test,1,feet,2,0,0|2|1,0.927340382101274,0.756758474931795,0.17058190716947896
9,7,1test,1,feet,2,1,1|0|2,0.927340382101274,0.7751106083587608,0.15222977374251323
9,7,1test,1,feet,2,2,1|2|0,0.927340382101274,0.9708433114923573,-0.043502929391083245
9,7,1test,1,feet,2,3,2|0|1,0.927340382101274,0.7652220140386078,0.16211836806266622
9,7,1test,1,feet,2,4,2|1|0,0.927340382101274,0.9338119152818508,-0.006471533180576805
9,7,1test,1,tongue,3,0,0|2|1,0.3864947199751327,0.3817930953852872,0.004701624589845466
9,7,1test,1,tongue,3,1,1|0|2,0.3864947199751327,0.3853964099649301,0.0010983100102026078
9,7,1test,1,tongue,3,2,1|2|0,0.3864947199751327,0.45868305354471256,-0.07218833356957988
9,7,1test,1,tongue,3,3,2|0|1,0.3864947199751327,0.40508979031074854,-0.01859507033561586
9,7,1test,1,tongue,3,4,2|1|0,0.3864947199751327,0.4574404840838774,-0.0709457641087447
9,8,0train,0,left_hand,0,0,0|2|1,0.604647810013168,0.8086469532372549,-0.20399914322408685
9,8,0train,0,left_hand,0,1,1|0|2,0.604647810013168,0.5473587673878227,0.05728904262534529
9,8,0train,0,left_hand,0,2,1|2|0,0.604647810013168,0.7990647470881208,-0.19441693707495278
9,8,0train,0,left_hand,0,3,2|0|1,0.604647810013168,0.5531699403379439,0.051477869675224164
9,8,0train,0,left_hand,0,4,2|1|0,0.604647810013168,0.6304043689914842,-0.02575655897831619
9,8,0train,0,right_hand,1,0,0|2|1,0.7238341404747471,1.149541183935863,-0.42570704346111576
9,8,0train,0,right_hand,1,1,1|0|2,0.7238341404747471,0.7815376104710564,-0.057703469996309265
9,8,0train,0,right_hand,1,2,1|2|0,0.7238341404747471,1.2246952238057687,-0.5008610833310215
9,8,0train,0,right_hand,1,3,2|0|1,0.7238341404747471,0.8846255982250812,-0.1607914577503341
9,8,0train,0,right_hand,1,4,2|1|0,0.7238341404747471,1.0484619747460702,-0.324627834271323
9,8,0train,0,feet,2,0,0|2|1,1.0743102827702231,1.5186301818226324,-0.4443198990524093
9,8,0train,0,feet,2,1,1|0|2,1.0743102827702231,1.435076080843871,-0.36076579807364784
9,8,0train,0,feet,2,2,1|2|0,1.0743102827702231,1.6527301242181875,-0.5784198414479644
9,8,0train,0,feet,2,3,2|0|1,1.0743102827702231,1.3478639000649795,-0.27355361729475636
9,8,0train,0,feet,2,4,2|1|0,1.0743102827702231,1.7916828201436714,-0.7173725373734483
9,8,0train,0,tongue,3,0,0|2|1,0.2626755811039455,0.17507588805106505,0.08759969305288046
9,8,0train,0,tongue,3,1,1|0|2,0.2626755811039455,0.24423189158868716,0.01844368951525835
9,8,0train,0,tongue,3,2,1|2|0,0.2626755811039455,0.2303132536665889,0.03236232743735662
9,8,0train,0,tongue,3,3,2|0|1,0.2626755811039455,0.2150826913447113,0.0475928897592342
9,8,0train,0,tongue,3,4,2|1|0,0.2626755811039455,0.24476108980286326,0.017914491301082247
9,8,1test,1,left_hand,0,0,0|2|1,0.6954478038664639,0.583832905699726,0.11161489816673786
9,8,1test,1,left_hand,0,1,1|0|2,0.6954478038664639,0.5070814063836387,0.18836639748282513
9,8,1test,1,left_hand,0,2,1|2|0,0.6954478038664639,0.574992486857729,0.12045531700873491
9,8,1test,1,left_hand,0,3,2|0|1,0.6954478038664639,0.5207620402340286,0.17468576363243526
9,8,1test,1,left_hand,0,4,2|1|0,0.6954478038664639,0.5837355861456847,0.11171221772077922
9,8,1test,1,right_hand,1,0,0|2|1,1.4794100941426227,1.8928050123022528,-0.41339491815963014
9,8,1test,1,right_hand,1,1,1|0|2,1.4794100941426227,1.6227823637175047,-0.14337226957488203
9,8,1test,1,right_hand,1,2,1|2|0,1.4794100941426227,1.6473118869356373,-0.16790179279301465
9,8,1test,1,right_hand,1,3,2|0|1,1.4794100941426227,1.5590123678464602,-0.07960227370383754
9,8,1test,1,right_hand,1,4,2|1|0,1.4794100941426227,1.4946375570204289,-0.015227462877806186
9,8,1test,1,feet,2,0,0|2|1,0.905036323378864,1.1414194190696465,-0.23638309569078253
9,8,1test,1,feet,2,1,1|0|2,0.905036323378864,0.9671474393003888,-0.06211111592152485
9,8,1test,1,feet,2,2,1|2|0,0.905036323378864,0.9570584598669347,-0.05202213648807075
9,8,1test,1,feet,2,3,2|0|1,0.905036323378864,1.0563795959763866,-0.15134327259752267
9,8,1test,1,feet,2,4,2|1|0,0.905036323378864,0.9778355912453934,-0.07279926786652946
9,8,1test,1,tongue,3,0,0|2|1,0.33526905588672556,0.3409249013804306,-0.005655845493705014
9,8,1test,1,tongue,3,1,1|0|2,0.33526905588672556,0.3760477140908256,-0.04077865820410004
9,8,1test,1,tongue,3,2,1|2|0,0.33526905588672556,0.41232917219078796,-0.0770601163040624
9,8,1test,1,tongue,3,3,2|0|1,0.33526905588672556,0.38328451355985527,-0.0480154576731297
9,8,1test,1,tongue,3,4,2|1|0,0.33526905588672556,0.3868716855134169,-0.05160262962669132
