target,source,session,session_index,heldout_class,heldout_index,raw_error,action_error,gain,half_A_raw_error,half_A_action_error,half_A_gain,half_B_raw_error,half_B_action_error,half_B_gain,D_eq,D_split,D_threshold,prediction_normalization,equivalent_prediction_count,identifiability,best_objective,best_gradient_norm,best_determinant
1,2,0train,0,left_hand,0,0.9145633891781076,0.6642530372397131,0.25031035193839457,0.88219337378196,0.5375820487937976,0.3446113249881625,1.0541035280239537,0.9042988945667252,0.1498046334572285,0.0,1.4362532862609876,1.4362532862609876,0.32869199449598263,1,PREDICTIVELY_IDENTIFIABLE,3.0172877416512125,3.8061097630922464e-07,-1.0000000000000009
1,2,0train,0,right_hand,1,1.0852193966200523,0.7581277504433909,0.3270916461766614,1.170261977919087,0.8348412297749734,0.3354207481441136,1.0414039250579659,0.7675028729832963,0.2739010520746695,0.0,1.3525648223658984,1.3525648223658984,0.35108606692715083,1,PREDICTIVELY_IDENTIFIABLE,2.544423112684143,1.5148665299482112e-08,-1.000000000000011
1,2,0train,0,feet,2,1.2897404157161507,0.8134037845324024,0.47633663118374836,1.3361367268739315,0.6842503942056067,0.6518863326683247,1.3409495660464148,0.9472669337480029,0.39368263229841194,0.0,1.3061985085838648,1.3061985085838648,0.6734734015407012,1,PREDICTIVELY_IDENTIFIABLE,3.3293089619537417,3.5346021918477705e-07,0.9999999999999991
1,2,0train,0,tongue,3,1.2626621431498937,1.1925888528218298,0.07007329032806386,1.3060702587737858,1.1219433981958116,0.18412686057797423,1.2541275307111874,1.1918919267666643,0.0622356039445231,0.0,1.2518321157475847,1.2518321157475847,0.4199601113442727,1,PREDICTIVELY_IDENTIFIABLE,1.7548511674722547,7.4825843902912375e-06,-0.9999999999999982
1,2,1test,1,left_hand,0,1.3262036821423895,1.1578814567505393,0.16832222539185016,1.6277562403152868,1.4337737583753722,0.19398248193991452,1.114495932751116,0.9288741102411852,0.18562182250993076,0.0,1.3835078844910405,1.3835078844910405,0.386597550054466,1,PREDICTIVELY_IDENTIFIABLE,3.787449299840661,2.6273551214599217e-06,-0.9999999999999969
1,2,1test,1,right_hand,1,0.9128264353553318,0.7954379547647767,0.11738848059055507,0.9859628451203574,0.8676915350816724,0.11827131003868496,0.8816858480429203,0.7363764404597258,0.14530940758319444,0.0,1.3849349497956156,1.3849349497956156,0.3093068910204542,1,PREDICTIVELY_IDENTIFIABLE,3.8038743688526457,4.710881234624796e-06,1.0000000000000024
1,2,1test,1,feet,2,0.8848558932072907,0.7009216546925382,0.18393423851475255,1.09674740682527,0.8802865845410305,0.21646082228423957,0.8254771355593719,0.6742148307519682,0.15126230480740366,0.0,1.3280310905876296,1.3280310905876296,0.5319799460726726,1,PREDICTIVELY_IDENTIFIABLE,4.538379017623344,6.089410525689275e-07,0.999999999999996
1,2,1test,1,tongue,3,1.5034631766906663,1.4898249922840217,0.01363818440664466,1.8546031889465469,1.7947486626970584,0.059854526249488504,1.3231192074973037,1.2518417106386237,0.07127749685868001,0.0,1.2444349752090107,1.2444349752090107,0.4923803364299254,1,PREDICTIVELY_IDENTIFIABLE,2.999099727022887,1.5426312320428692e-06,-0.9999999999999966
1,3,0train,0,left_hand,0,0.4426918429915006,0.4403496051101237,0.002342237881376885,0.9503859269535053,0.9175707653977258,0.03281516155577957,0.45699962020730744,0.4006851790695963,0.05631444113771117,0.0,0.8471679165793362,0.8471679165793362,1.021534196457224,1,PREDICTIVELY_IDENTIFIABLE,0.8279120747595214,2.3620492149127314e-06,1.0000000000000009
1,3,0train,0,right_hand,1,0.4703299032472656,0.3227297648364968,0.1476001384107688,0.49168748891995995,0.3269067382622076,0.16478075065775233,0.5526673734148096,0.4431249085802604,0.10954246483454927,0.0,0.7754510476902619,0.7754510476902619,0.9942236030393692,1,PREDICTIVELY_IDENTIFIABLE,0.7005336003714192,1.3738467598161825e-06,-1.0000000000000007
1,3,0train,0,feet,2,0.711563177210123,0.6200129318219534,0.09155024538816958,0.7955197146693905,0.6714119169628282,0.12410779770656233,0.7822682906038122,0.8218624290746229,-0.039594138470810725,0.0,1.0286141211166102,1.0286141211166102,0.6154216224351955,1,PREDICTIVELY_IDENTIFIABLE,0.767874597360569,1.5749576946767217e-06,1.0000000000000018
1,3,0train,0,tongue,3,0.3498899477509915,0.21772070517801886,0.13216924257297266,0.5414434608407729,0.32140848919777454,0.22003497164299834,0.4153731332106886,0.31341924608979194,0.10195388712089665,0.0,0.7618891665670104,0.7618891665670104,1.1571992184447009,1,PREDICTIVELY_IDENTIFIABLE,0.8112682017993549,9.60482472758789e-07,0.9999999999999986
1,3,1test,1,left_hand,0,0.3827121086846448,0.2402211202655973,0.14249098841904748,0.38371379545847756,0.24087214591178363,0.14284164954669393,0.5621918381033078,0.454355499877369,0.10783633822593874,0.0,0.778715039224274,0.778715039224274,0.9616435125793582,1,PREDICTIVELY_IDENTIFIABLE,0.7778792208960126,3.929207526184055e-06,-1.0000000000000024
1,3,1test,1,right_hand,1,0.4838895075007916,0.18420090086868499,0.2996886066321066,0.5135524755253273,0.186125777962712,0.32742669756261533,0.524938557196596,0.29572365412173995,0.22921490307485604,0.0,0.5857623544274777,0.5857623544274777,1.0931970801625561,1,PREDICTIVELY_IDENTIFIABLE,0.6836753391179179,1.3895221117591211e-06,1.0000000000000033
1,3,1test,1,feet,2,0.6925886071348515,0.5470908118446218,0.14549779529022966,0.8037688669059737,0.5813059882367094,0.22246287866926429,0.7008139293587876,0.5235771150743804,0.17723681428440718,0.0,1.1312057349208255,1.1312057349208255,0.6522962880137929,1,PREDICTIVELY_IDENTIFIABLE,0.5085311414853285,8.16599190370017e-06,1.0000000000000018
1,3,1test,1,tongue,3,0.3976435859531211,0.18074791133677084,0.21689567461635026,0.6784262952404637,0.45735678033172056,0.22106951490874316,0.4143578174396371,0.18504730105555106,0.22931051638408606,0.0,0.5415280354898279,0.5415280354898279,1.1822752681469029,1,PREDICTIVELY_IDENTIFIABLE,0.7907943223573123,1.5244144930817145e-06,-1.000000000000006
1,4,0train,0,left_hand,0,0.6022034281812703,0.5630589451616844,0.03914448301958584,0.738596705174565,0.7634244648412601,-0.02482775966669515,0.5684916218205158,0.47111952165926585,0.09737210016124997,0.0,1.2462893022694275,1.2462893022694275,0.44453279663275513,1,PREDICTIVELY_IDENTIFIABLE,2.3117788458481026,2.2692591788245327e-06,-1.0000000000000033
1,4,0train,0,right_hand,1,0.8705845628709873,0.8580468912833122,0.012537671587675048,0.9329756139286417,0.8593921700214048,0.07358344390723692,0.8499553751487641,0.7741505994965805,0.07580477565218358,0.0,1.4538756738902805,1.4538756738902805,0.33698653572500836,1,PREDICTIVELY_IDENTIFIABLE,1.6966557626188135,5.0672204209670794e-08,-0.9999999999999958
1,4,0train,0,feet,2,0.8413981890102857,0.6934303891027502,0.1479677999075355,1.0248566977759652,0.8224488822349526,0.20240781554101261,0.8359076476634089,0.5499807281995776,0.2859269194638313,0.0,1.5055753047380178,1.5055753047380178,0.3341941131321397,1,PREDICTIVELY_IDENTIFIABLE,2.4268440174948784,5.579780141844666e-06,-0.9999999999999981
1,4,0train,0,tongue,3,0.7846287622503527,0.6754897836543035,0.10913897859604926,0.9054226781298086,0.7400678028991993,0.16535487523060932,0.7155561699085967,0.6154116030897625,0.10014456681883421,0.0,1.2037487660663828,1.2037487660663828,0.38832405938361103,1,PREDICTIVELY_IDENTIFIABLE,1.6744137490665085,6.914783403711318e-08,-1.0000000000000113
1,4,1test,1,left_hand,0,0.4849401045108955,0.37363226238991176,0.11130784212098371,0.5014419812486558,0.4577397407438808,0.043702240504775,0.5869895049007245,0.36032225319115696,0.22666725170956759,0.0,0.6644557403186203,0.6644557403186203,0.7385307349548704,1,PREDICTIVELY_IDENTIFIABLE,1.2513207400313393,5.458729844632062e-08,1.0000000000000049
1,4,1test,1,right_hand,1,0.6282985847780131,0.4499476404630666,0.17835094431494652,0.6050397365510639,0.525190968203574,0.07984876834748988,0.7300498645580091,0.38234196298444983,0.3477079015735593,0.0,0.9117805844874719,0.9117805844874719,0.6407479194129064,1,PREDICTIVELY_IDENTIFIABLE,0.9306398407483608,2.2803184838947338e-08,-0.9999999999999993
1,4,1test,1,feet,2,0.6682475371321217,0.28464980051501276,0.38359773661710894,0.5321952396962705,0.3009576126573138,0.23123762703895667,0.9030543586107967,0.32990054596883356,0.5731538126419632,0.0,0.7395251339528697,0.7395251339528697,0.7448420301229215,1,PREDICTIVELY_IDENTIFIABLE,1.3793271637874884,1.3756227180937008e-07,-1.0000000000000098
1,4,1test,1,tongue,3,0.5864754203706593,0.37818628717800634,0.2082891331926529,0.5489070189794036,0.41201220708921904,0.1368948118901846,0.6899056125074624,0.4575636986285006,0.2323419138789618,0.0,0.8012723798936374,0.8012723798936374,0.6279804099478166,1,PREDICTIVELY_IDENTIFIABLE,1.057736829396747,9.135321986605306e-08,0.9999999999999972
1,5,0train,0,left_hand,0,0.7525582378837135,0.6792617278612999,0.07329651002241355,0.8934400172010059,0.7702724954090582,0.12316752179194768,0.7321635419267032,0.5711746128203052,0.16098892910639795,0.0,1.316945529250953,1.316945529250953,0.3137482738327646,1,PREDICTIVELY_IDENTIFIABLE,2.753198927297097,8.281510350472902e-07,-1.000000000000001
1,5,0train,0,right_hand,1,1.008284089397645,0.9549479802525183,0.053336109145126764,1.0892750138945093,0.9796848603319382,0.10959015356257107,0.9559478868908348,0.8231199444497815,0.13282794244105323,0.0,1.5982969633555153,1.5982969633555153,0.23945687015542086,1,PREDICTIVELY_IDENTIFIABLE,2.093328042062447,3.4487816059478832e-06,-1.0000000000000078
1,5,0train,0,feet,2,0.9664040923783309,0.9021037699165215,0.06430032246180939,1.154944822960474,0.8455225472189537,0.30942227574152026,0.9080438277979479,0.852710422064098,0.05533340573384993,0.0,1.7314959267123442,1.7314959267123442,0.23413655311630843,1,PREDICTIVELY_IDENTIFIABLE,2.8539771023805045,1.6171553564945613e-07,-0.9999999999999972
1,5,0train,0,tongue,3,0.8180277240837862,0.7582717596411818,0.05975596444260445,0.9176497358377348,0.8867166489750649,0.030933086862669934,0.7713494801311506,0.6383793351889987,0.13297014494215187,0.0,1.3407534576791904,1.3407534576791904,0.343881827826981,1,PREDICTIVELY_IDENTIFIABLE,2.1413077877851565,5.5040600012031156e-06,1.0000000000000024
1,5,1test,1,left_hand,0,0.8382298701372656,0.8527558479298201,-0.01452597779255449,0.9544905076904429,0.8602285748756119,0.09426193281483097,0.7995083200645081,0.7642904670374758,0.035217853027032286,0.0,1.4949819301731546,1.4949819301731546,0.2699024838013476,1,PREDICTIVELY_IDENTIFIABLE,3.0295850399362623,9.025563553008041e-07,-0.9999999999999996
1,5,1test,1,right_hand,1,0.8455431316937153,0.8278882768972888,0.017654854796426478,0.8662397325963505,0.8261373614084869,0.04010237118786353,0.8591458189336646,0.7717262743098667,0.08741954462379786,0.0,1.428615769635071,1.428615769635071,0.2796350973407753,1,PREDICTIVELY_IDENTIFIABLE,2.62669324081238,6.516260365620736e-06,1.0000000000000047
1,5,1test,1,feet,2,0.821675645497311,0.866093983322613,-0.04441833782530202,0.8520187434382758,0.8701688615872157,-0.018150118148939964,0.8735182565673313,0.8769911009899907,-0.0034728444226593824,0.0,1.5162216689124155,1.5162216689124155,0.2991526226829355,1,PREDICTIVELY_IDENTIFIABLE,3.2033773265701253,1.6730109438322001e-07,0.9999999999999937
1,5,1test,1,tongue,3,1.0024985585831598,0.8730558460735801,0.12944271250957973,1.238761329226858,1.0377672718125877,0.20099405741427034,0.899248454773081,0.758050304352143,0.14119815042093797,0.0,1.5691541586866116,1.5691541586866116,0.37518222786391353,1,PREDICTIVELY_IDENTIFIABLE,2.781298197523666,6.058138284876932e-06,0.9999999999999979
1,6,0train,0,left_hand,0,0.5722969294484469,0.5785182769964923,-0.006221347548045375,0.7247397223041478,0.5660725915353829,0.15866713076876493,0.5379444065793871,0.46720133022870036,0.07074307635068677,0.0,1.0468637263312948,1.0468637263312948,0.5253317795425726,1,PREDICTIVELY_IDENTIFIABLE,2.0183688278867677,4.7308760299537456e-07,1.0000000000000036
1,6,0train,0,right_hand,1,0.8151314290819072,0.6744464364417623,0.1406849926401449,0.8459759643453655,0.572204609902184,0.27377135444318146,0.8794968856338446,0.8006025300727728,0.07889435556107183,0.0,1.5210371177256494,1.5210371177256494,0.4071127414521279,1,PREDICTIVELY_IDENTIFIABLE,1.4999703078074134,4.0417367205356255e-06,0.9999999999999982
1,6,0train,0,feet,2,0.8344157620553107,0.5587618412972202,0.2756539207580905,1.0444498636694337,0.634069233811736,0.41038062985769774,0.8212225335172026,0.602219670518167,0.2190028629990356,0.0,1.216809800719619,1.216809800719619,0.5069328894161766,1,PREDICTIVELY_IDENTIFIABLE,2.1467636756729203,2.54566191665243e-06,1.0000000000000036
1,6,0train,0,tongue,3,0.7644833678602794,0.6462328290424507,0.11825053881782865,0.7791576345663234,0.6599597439914774,0.11919789057484598,0.8300964116142148,0.7284738273901864,0.10162258422402837,0.0,1.2115956349493304,1.2115956349493304,0.4101959861134117,1,PREDICTIVELY_IDENTIFIABLE,1.3591385815192671,9.830308706579853e-07,1.0000000000000029
1,6,1test,1,left_hand,0,0.6291279084779033,0.5403663189484046,0.08876158952949875,0.5781884790401025,0.4524674256813669,0.12572105335873562,0.8388822897271924,0.7033275423970576,0.13555474733013473,0.0,1.0941914473061378,1.0941914473061378,0.48367009916519055,1,PREDICTIVELY_IDENTIFIABLE,2.6707404701726514,1.5758302548893302e-06,0.9999999999999977
1,6,1test,1,right_hand,1,0.8058250033479958,0.7287720386067916,0.07705296474120416,0.7790113383229946,0.6388763706070816,0.14013496771591305,0.9039867767315987,0.8489179474182789,0.0550688293133198,0.0,1.424487290940548,1.424487290940548,0.38738926988341393,1,PREDICTIVELY_IDENTIFIABLE,2.0941453446479388,1.4129583862387014e-07,-0.9999999999999988
1,6,1test,1,feet,2,0.6831832331756883,0.5916982604979818,0.0914849726777065,0.50329088516236,0.43962330814460776,0.06366757701775222,1.072023498356079,0.8491782040939307,0.22284529426214827,0.0,1.0326449580095258,1.0326449580095258,0.6659953985697825,1,PREDICTIVELY_IDENTIFIABLE,2.8020481205069134,4.041380856731584e-06,1.0000000000000069
1,6,1test,1,tongue,3,1.0076405872074676,0.9961074814179441,0.01153310578952349,0.9643304528373917,0.8129617715735744,0.1513686812638173,1.1131055046034155,1.1700484086665845,-0.05694290406316904,0.0,1.6138151263698277,1.6138151263698277,0.39430803497952954,1,PREDICTIVELY_IDENTIFIABLE,1.8608917511187053,6.318298410290735e-06,-1.0000000000000064
1,7,0train,0,left_hand,0,0.40631056054424175,0.2411855155653246,0.16512504497891714,0.5406959188524859,0.4010650123897112,0.1396309064627747,0.525775761254625,0.3869621495875835,0.13881361166704148,0.0,0.7865140953533195,0.7865140953533195,0.8031896641999361,1,PREDICTIVELY_IDENTIFIABLE,1.1876136931579655,2.2806282481020105e-06,-0.9999999999999912
1,7,0train,0,right_hand,1,0.5695256221078074,0.47454625571419773,0.09497936639360971,0.6024902385083732,0.5215142468919358,0.08097599161643743,0.5976468666317551,0.5153443814409819,0.08230248519077321,0.0,0.8543248750633032,0.8543248750633032,0.5399887550786338,1,PREDICTIVELY_IDENTIFIABLE,0.7479766793265057,4.06181809654419e-06,-0.9999999999999981
1,7,0train,0,feet,2,0.7969901234246488,0.7411093407202642,0.05588078270438457,0.9050547050358406,0.8006513078854934,0.10440339715034719,0.8111546228742956,0.7146148944800736,0.09653972839422198,0.0,1.1145404415431475,1.1145404415431475,0.5522335710478362,1,PREDICTIVELY_IDENTIFIABLE,1.003120318511392,1.1077086327974687e-08,-1.000000000000009
1,7,0train,0,tongue,3,0.34149267499316627,0.25786716757553596,0.08362550741763031,0.41483426055073724,0.30286176376405244,0.1119724967866848,0.3992313558889735,0.31094037723826484,0.08829097865070867,0.0,0.7301611472504794,0.7301611472504794,0.9707402431657176,1,PREDICTIVELY_IDENTIFIABLE,1.0179439459044868,1.0807172958199427e-07,1.0000000000000038
1,7,1test,1,left_hand,0,0.551858087112304,0.30715860387376953,0.24469948323853447,0.6724063970688079,0.40455045073226414,0.26785594633654375,0.5954634269594803,0.43654203171573347,0.15892139524374682,0.0,0.8922277672923454,0.8922277672923454,0.7186139493028552,1,PREDICTIVELY_IDENTIFIABLE,1.3842841631022416,2.2163144471027257e-07,1.000000000000009
1,7,1test,1,right_hand,1,0.5574357594848394,0.3741477372659278,0.18328802221891155,0.584520326357352,0.4054171234500609,0.17910320290729104,0.5945256338609654,0.43517454330115335,0.159351090559812,0.0,0.8195661434042426,0.8195661434042426,0.6713737255228351,1,PREDICTIVELY_IDENTIFIABLE,1.1126082852272665,4.12143478585769e-08,1.0000000000000042
1,7,1test,1,feet,2,1.0110109736065371,0.715602148991091,0.29540882461544615,1.0607602359464698,0.7135040776987347,0.34725615824773515,1.0234546879653883,0.7578402479052725,0.2656144400601158,0.0,1.0161939733661085,1.0161939733661085,0.6255715859806181,1,PREDICTIVELY_IDENTIFIABLE,1.0569520178470428,3.6973593263571417e-06,1.0000000000000038
1,7,1test,1,tongue,3,0.3685876876851305,0.2896542416488145,0.07893344603631602,0.4792219433730723,0.34052430807527795,0.13869763529779433,0.41693082522652414,0.3827340555973289,0.03419676962919521,0.0,0.709415620241955,0.709415620241955,0.945763826852717,1,PREDICTIVELY_IDENTIFIABLE,1.347259171128092,1.8764269336545571e-06,-0.999999999999999
1,8,0train,0,left_hand,0,0.5959306762226059,0.7428546196563106,-0.14692394343370474,0.8330403777494708,0.9342636539192611,-0.10122327616979032,0.6467915582448179,0.7533598865749062,-0.10656832833008822,0.0,1.0656855529164795,1.0656855529164795,0.8352877305506445,1,PREDICTIVELY_IDENTIFIABLE,1.980940765326877,2.7929014765131616e-06,-0.9999999999999991
1,8,0train,0,right_hand,1,0.6376470461918028,0.9482466461807839,-0.3105995999889811,0.6736945078208448,0.7766729304039361,-0.10297842258309131,0.6860654998957707,0.7497109455914956,-0.06364544569572494,0.0,1.1240453290385002,1.1240453290385002,0.7059854155661267,1,PREDICTIVELY_IDENTIFIABLE,1.6258800264116613,2.7062806195592715e-08,-1.0000000000000127
1,8,0train,0,feet,2,1.7543136074377055,2.061413248092806,-0.3070996406551003,1.6687019569940291,1.7370641611994093,-0.0683622042053802,1.9025308147803324,2.355632549318811,-0.45310173453847846,0.0,1.220613433640068,1.220613433640068,0.5464265798769057,1,PREDICTIVELY_IDENTIFIABLE,1.2803318154889582,1.9189856495047642e-07,1.0000000000000016
1,8,0train,0,tongue,3,0.6707252494378364,0.3675025576585974,0.303222691779239,0.7529591846715488,0.4166534868969994,0.3363056977745494,0.689546418355472,0.4424291735975371,0.24711724475793495,0.0,0.7739303781084828,0.7739303781084828,1.321678905013761,1,PREDICTIVELY_IDENTIFIABLE,1.929860427171574,1.1980116215435884e-07,1.0
1,8,1test,1,left_hand,0,0.5315358594615223,0.5959083015423863,-0.06437244208086401,0.4028905756575497,0.5085320981474993,-0.10564152248994962,0.7614171322656483,0.7569575954184383,0.0044595368472100105,0.0,1.0378371255330785,1.0378371255330785,0.9495911194372054,1,PREDICTIVELY_IDENTIFIABLE,2.2770269440900486,5.895729302227608e-06,0.9999999999999974
1,8,1test,1,right_hand,1,0.6566681228997776,0.7757122791884953,-0.11904415628871767,0.6084076926273284,0.6746844017251467,-0.06627670909781824,0.746467492721039,1.0478393732195344,-0.3013718804984954,0.0,1.4242595813830912,1.4242595813830912,0.682400503517713,1,PREDICTIVELY_IDENTIFIABLE,1.615279831778656,2.1105487559680023e-06,-1.000000000000006
1,8,1test,1,feet,2,1.3123529814362516,1.3921054662930878,-0.07975248485683628,1.353946568665637,1.4541288021995669,-0.10018223353392997,1.2674581928017707,1.3373836262215308,-0.0699254334197601,0.0,1.4161567366497751,1.4161567366497751,0.44383590167153086,1,PREDICTIVELY_IDENTIFIABLE,1.450864815948953,2.964428848387432e-07,-1.0000000000000064
1,8,1test,1,tongue,3,0.5529771751567439,0.416530405501291,0.13644676965545294,0.6280065524931775,0.597535381849229,0.030471170643948442,0.6160089429925226,0.41260009893040234,0.2034088440621203,0.0,0.8059168140855033,0.8059168140855033,1.1466563785693842,1,PREDICTIVELY_IDENTIFIABLE,2.293888929648462,7.431142265695258e-06,0.9999999999999997
1,9,0train,0,left_hand,0,0.36814465355125053,0.4326267687412627,-0.06448211519001218,0.520535554539575,0.4614474227213254,0.05908813181824962,0.37821840852695315,0.5313059044806829,-0.15308749595372978,0.0,0.9181224756122123,0.9181224756122123,1.0183784158883495,1,PREDICTIVELY_IDENTIFIABLE,1.4965923431937278,1.040768024717948e-06,-1.0000000000000038
1,9,0train,0,right_hand,1,0.6058529596625971,0.5170238289372258,0.08882913072537135,0.516257780671759,0.4181645212742134,0.0980932593975456,0.8146702647768591,0.7747982194492748,0.03987204532758426,0.0,1.2150827324593456,1.2150827324593456,0.6445351809558063,1,PREDICTIVELY_IDENTIFIABLE,1.0233531689856643,5.526408963773955e-06,1.0000000000000018
1,9,0train,0,feet,2,1.0810149035382013,1.1037767147059905,-0.022761811167789192,1.2299729759050306,1.0870266476851491,0.1429463282198815,1.0650019295813646,1.091787998435296,-0.026786068853931422,0.0,1.3277864258823446,1.3277864258823446,0.49351899886574524,1,PREDICTIVELY_IDENTIFIABLE,1.1539630794419455,1.2002277824096568e-06,1.0000000000000038
1,9,0train,0,tongue,3,0.4402798482481158,0.3326063911631107,0.10767345708500509,0.5941523351954285,0.3622007723070317,0.23195156288839686,0.40719214618958055,0.36425471545624977,0.042937430733330784,0.0,0.6402423771856321,0.6402423771856321,1.3984166952598047,1,PREDICTIVELY_IDENTIFIABLE,1.2766977552452972,9.291713177075082e-09,1.0000000000000107
1,9,1test,1,left_hand,0,1.816723480973653,1.6023737721976952,0.21434970877595783,2.4818708897709416,2.163808144417946,0.3180627453529956,1.2924546361693863,1.3172549658827488,-0.024800329713362546,0.0,0.6231322486932491,0.6231322486932491,2.227574545553498,1,PREDICTIVELY_IDENTIFIABLE,3.1226736373387887,2.512979688133149e-07,-1.000000000000002
1,9,1test,1,right_hand,1,1.1787910205332925,0.9447400822413045,0.2340509382919881,1.118498997672917,0.9114019445864507,0.2070970530864662,1.2589650675693675,1.0386889701775643,0.2202760973918032,0.0,1.3654417592243533,1.3654417592243533,0.5879333433060744,1,PREDICTIVELY_IDENTIFIABLE,3.425302147822279,3.2188782613629867e-06,-0.9999999999999933
1,9,1test,1,feet,2,1.3143986082396757,1.0506860996209082,0.2637125086187675,1.4873776322858507,1.1581215980545971,0.3292560342312536,1.2559328113612318,1.0745005836725412,0.1814322276886906,0.0,1.2935245319473212,1.2935245319473212,0.9554286019114696,1,PREDICTIVELY_IDENTIFIABLE,4.040322675855996,6.873614986286363e-09,-1.0000000000000078
1,9,1test,1,tongue,3,0.8810195613382735,0.9719116261394086,-0.0908920648011351,1.7626104178555657,2.0682249812717743,-0.30561456341620863,0.616547035056558,0.6223790249387892,-0.005831989882231214,0.0,0.7081090760057345,0.7081090760057345,1.919209842534094,1,PREDICTIVELY_IDENTIFIABLE,3.6968426001065557,2.8040853659018608e-08,-1.0000000000000153
2,1,0train,0,left_hand,0,8.144627680360411,6.019784222305474,2.1248434580549374,3.217225640525803,1.960480417509177,1.256745223016626,12.20527719758415,10.47071601608344,1.7345611815007107,0.0,0.9649010904574076,0.9649010904574076,0.9808844248892614,1,PREDICTIVELY_IDENTIFIABLE,3.020669718569563,1.0195552902110645e-06,1.0000000000000042
2,1,0train,0,right_hand,1,12.891223518265084,9.005731286657117,3.8854922316079676,11.503791631773435,8.206572324229079,3.2972193075443563,8.96987116789502,6.670743525636158,2.2991276422588625,0.0,0.9231757907235734,0.9231757907235734,1.2100460271357811,1,PREDICTIVELY_IDENTIFIABLE,2.5444231126841492,1.6908232685133663e-08,-1.0000000000000107
2,1,0train,0,feet,2,1.7227759023022309,1.0335421990264775,0.6892337032757534,1.6418563409928109,0.8408125191829728,0.801043821809838,1.8642351869160017,1.3169237637311357,0.5473114231848659,0.0,0.8751017670778658,0.8751017670778658,0.7783656963593756,1,PREDICTIVELY_IDENTIFIABLE,3.3247658591345313,1.0894654555665846e-06,-1.000000000000003
2,1,0train,0,tongue,3,12.513058658539657,11.755556930657166,0.7575017278824916,8.190857344123238,7.036128377886822,1.1547289662364157,14.621030133051457,13.877076775478034,0.7439533575734227,0.0,0.7592846006456269,0.7592846006456269,1.3220448920963839,1,PREDICTIVELY_IDENTIFIABLE,1.7451575374482333,1.2541877249737768e-07,1.0000000000000042
2,1,1test,1,left_hand,0,10.747633832563947,9.38353906224279,1.3640947703211577,6.469391093365266,5.671832458288415,0.7975586350768502,16.035123499049014,13.215501904035268,2.8196215950137464,0.0,0.9771696840245383,0.9771696840245383,1.1005516105860318,1,PREDICTIVELY_IDENTIFIABLE,3.7874493005985155,3.1533289329919318e-06,-1.0000000000000002
2,1,1test,1,right_hand,1,16.56078807690549,14.431085938649554,2.1297021382559347,14.255157657342643,12.752345053657724,1.5028126036849194,13.171603867980645,11.000810332986854,2.1707935349937912,0.0,0.9430021679753613,0.9430021679753613,1.3174556102204766,1,PREDICTIVELY_IDENTIFIABLE,3.803874366906833,1.961166852763834e-06,1.0
2,1,1test,1,feet,2,3.0790001006559216,2.4586258673194594,0.6203742333364621,3.4702535091926774,2.794125975502052,0.6761275336906252,2.7683057141278136,2.2610351170280256,0.507270597099788,0.0,0.7569652480052016,0.7569652480052016,0.9923476345788159,1,PREDICTIVELY_IDENTIFIABLE,4.53869764268036,2.3902471518359395e-07,-1.000000000000002
2,1,1test,1,tongue,3,9.610618775760353,9.43029511970965,0.1803236560507031,5.452354861840459,5.277736051640817,0.1746188101996422,13.30639838117006,12.589571958885076,0.7168264222849849,0.0,0.8153874265189421,0.8153874265189421,1.2448871329029234,1,PREDICTIVELY_IDENTIFIABLE,2.9957920513597798,9.741845880363802e-06,-0.9999999999999969
2,3,0train,0,left_hand,0,9.471323943864967,8.656201696917059,0.815122246947908,6.513728367036948,5.58454601330408,0.9291823537328678,7.957498263030283,6.345967043342911,1.6115312196873717,0.0,1.246602811347025,1.246602811347025,1.0215341964572238,1,PREDICTIVELY_IDENTIFIABLE,2.4164633279933834,3.898734094525993e-06,1.0000000000000047
2,3,0train,0,right_hand,1,9.3399112871622,6.588408968694974,2.7515023184672263,10.328887988932106,7.7094003718868676,2.6194876170452384,5.192350110529681,3.4637581646096103,1.7285919459200705,0.0,1.2916485335628816,1.2916485335628816,0.9942236030393692,1,PREDICTIVELY_IDENTIFIABLE,2.4722538263682408,4.2066653567298375e-06,1.0
2,3,0train,0,feet,2,1.7742009748844974,0.9890294209643767,0.7851715539201206,1.6829732576279544,0.9984740706497699,0.6844991869781845,1.8962183381053146,1.0134898105459578,0.8827285275593568,0.0,1.3105403393367978,1.3105403393367978,0.6154216224351957,1,PREDICTIVELY_IDENTIFIABLE,2.8630406269088793,1.6726118112315443e-06,1.0000000000000022
2,3,0train,0,tongue,3,9.844762249822852,9.96457539919551,-0.11981314937265886,10.459843176796932,9.847159576505963,0.6126836002909695,6.411057767958402,6.522287169122397,-0.11122940116399516,0.0,0.9168875597239238,0.9168875597239238,1.1571992184447004,1,PREDICTIVELY_IDENTIFIABLE,1.6361275921087288,5.707213047850926e-06,-0.9999999999999958
2,3,1test,1,left_hand,0,9.037432771598223,7.388026805826299,1.6494059657719236,6.570767390919769,5.825872152832079,0.7448952380876896,9.899100610087995,7.475682936731066,2.423417673356929,0.0,1.030196016291649,1.030196016291649,0.9616435125793567,1,PREDICTIVELY_IDENTIFIABLE,2.9722920055429896,1.210155338417479e-06,-0.9999999999999962
2,3,1test,1,right_hand,1,12.656618499731087,9.47888052595776,3.1777379737733273,11.959557440595699,8.715992523207564,3.2435649173881345,8.96978748188682,6.83356422935034,2.136223252536481,0.0,0.8550841369977012,0.8550841369977012,1.0931970801625557,1,PREDICTIVELY_IDENTIFIABLE,3.185875493975,3.6990343250810238e-06,1.000000000000007
2,3,1test,1,feet,2,2.369480394086541,1.4172168822611286,0.9522635118254124,2.633095642691566,1.4984652086655883,1.1346304340259779,2.0054321427387545,1.332816444523244,0.6726156982155105,0.0,1.14753226419964,1.14753226419964,0.6522962880137935,1,PREDICTIVELY_IDENTIFIABLE,3.7518533513574286,3.717475136380138e-06,-1.000000000000004
2,3,1test,1,tongue,3,9.38680139951632,9.086182797651368,0.3006186018649526,8.51154382446741,8.050321941745132,0.4612218827222776,8.047196438042636,7.586402030120348,0.46079440792228876,0.0,0.7558306208514143,0.7558306208514143,1.1822752681469033,1,PREDICTIVELY_IDENTIFIABLE,2.0100773089737785,6.544035133476133e-08,-1.000000000000003
2,4,0train,0,left_hand,0,1.927832166069433,1.6213126159908902,0.3065195500785429,1.2132550944838152,0.8740495277000526,0.33920556678376257,4.149287661289961,3.2167402898867903,0.9325473714031705,0.0,1.2492369175874432,1.2492369175874432,0.44453279663275524,1,PREDICTIVELY_IDENTIFIABLE,0.4914000424989182,3.0272495591648606e-08,-1.000000000000003
2,4,0train,0,right_hand,1,1.4827229439367149,1.130250331949601,0.352472611987114,1.7686169741798519,1.038405028890531,0.7302119452893208,1.2791554673767571,0.7739349222887378,0.5052205450880193,0.0,1.3301632798779568,1.3301632798779568,0.3369865357250084,1,PREDICTIVELY_IDENTIFIABLE,0.549084006184215,1.3905540597402315e-07,0.9999999999999981
2,4,0train,0,feet,2,1.0831459146186957,0.7274273216689499,0.35571859294974584,1.2649742851356203,0.7794138037791001,0.4855604813565202,1.148245085183025,0.7071303386734713,0.44111474650955373,0.0,1.5203994739544306,1.5203994739544306,0.33419411313213987,1,PREDICTIVELY_IDENTIFIABLE,0.352494515358867,2.131868215177411e-06,1.0000000000000038
2,4,0train,0,tongue,3,1.754973075113432,1.899937382573464,-0.14496430746003197,1.4483711014993614,1.2494786368808835,0.19889246461847798,2.242681817425761,2.2764686799362277,-0.0337868625104667,0.0,1.2704774561514431,1.2704774561514431,0.3883240593836107,1,PREDICTIVELY_IDENTIFIABLE,0.33705272314192436,6.547490934256071e-07,1.000000000000003
2,4,1test,1,left_hand,0,5.891223682896093,5.252106370972048,0.6391173119240445,4.508405902822453,3.9860434360008474,0.5223624668216056,5.920035563024239,5.24836352488301,0.6716720381412289,0.0,0.8126270177085214,0.8126270177085214,0.7385307349548699,1,PREDICTIVELY_IDENTIFIABLE,1.2167138587154456,5.767916111835848e-07,0.9999999999999931
2,4,1test,1,right_hand,1,3.571212258092731,2.786807732779913,0.784404525312818,3.7302295202216,2.9137320235627873,0.8164974966588128,3.010399921938841,2.5382220764553756,0.4721778454834653,0.0,0.847170844544936,0.847170844544936,0.6407479194129064,1,PREDICTIVELY_IDENTIFIABLE,1.7277746453351759,9.880309038068367e-07,1.0000000000000024
2,4,1test,1,feet,2,2.0278407856066702,1.3801557839711698,0.6476850016355005,2.3857756410626463,1.625887861002215,0.7598877800604313,1.6348252671838122,1.157717203070522,0.4771080641132901,0.0,0.7696984708215208,0.7696984708215208,0.7448420301229207,1,PREDICTIVELY_IDENTIFIABLE,1.7106284150145958,3.3910788207442665e-06,-0.9999999999999957
2,4,1test,1,tongue,3,3.520931077463789,3.6012277068126783,-0.08029662934888915,3.2088929514337448,3.1657789885961374,0.04311396283760738,3.2710829893408673,3.2770595948736694,-0.005976605532802104,0.0,0.8518516766832599,0.8518516766832599,0.6279804099478173,1,PREDICTIVELY_IDENTIFIABLE,1.119341359063053,1.1591665019443502e-06,1.0000000000000067
2,5,0train,0,left_hand,0,1.15144885942816,0.9470006873892413,0.20444817203891874,1.1329039240666383,0.6735379855072726,0.4593659385593657,2.13873610061733,1.5502627680621872,0.588473332555143,0.0,1.3907600968095657,1.3907600968095657,0.3137482738327644,1,PREDICTIVELY_IDENTIFIABLE,0.47002067477600035,2.8915411535255258e-06,-0.9999999999999958
2,5,0train,0,right_hand,1,1.5669675862922243,0.7711422095441267,0.7958253767480976,1.5951517694561623,0.9799001147024888,0.6152516547536735,1.5293752682307744,0.8515317578111826,0.6778435104195918,0.0,1.6678805488224526,1.6678805488224526,0.23945687015542066,1,PREDICTIVELY_IDENTIFIABLE,0.47634760807471704,6.98401716202262e-07,-0.9999999999999991
2,5,0train,0,feet,2,0.9767367727810681,0.7317847155205051,0.24495205726056302,1.1659703203971508,0.6732746484993607,0.49269567189779007,0.9346363686414301,0.7217615856743211,0.21287478296710893,0.0,1.5549410328755455,1.5549410328755455,0.23413655311630857,1,PREDICTIVELY_IDENTIFIABLE,0.24377272764618907,6.530937603581152e-07,1.000000000000002
2,5,0train,0,tongue,3,1.6200466485022489,1.6889872151348073,-0.06894056663255843,1.1852601050365716,0.7977381138838804,0.38752199115269126,2.4643076121485623,1.918570291069432,0.5457373210791303,0.0,1.5650042545149392,1.5650042545149392,0.34388182782698123,1,PREDICTIVELY_IDENTIFIABLE,0.35575503240941253,4.367113180371041e-06,-1.0000000000000018
2,5,1test,1,left_hand,0,1.649178859059486,1.3082293852849587,0.34094947377452733,1.2677547134696923,1.0045513349397495,0.2632033785299428,2.206097693375492,1.3393708332799936,0.8667268600954983,0.0,1.5523731699599868,1.5523731699599868,0.2699024838013477,1,PREDICTIVELY_IDENTIFIABLE,0.34033827354040685,5.601589319577879e-06,-1.0000000000000064
2,5,1test,1,right_hand,1,1.6984088790734733,0.7801433416272313,0.918265537446242,1.6144427690585648,1.0479695382952516,0.5664732307633131,1.8545765022416265,1.0210377006339117,0.8335388016077148,0.0,1.4868854883361586,1.4868854883361586,0.2796350973407753,1,PREDICTIVELY_IDENTIFIABLE,0.44282186348865277,6.09111871587766e-08,-1.000000000000007
2,5,1test,1,feet,2,0.8296526158342952,0.5462187293248535,0.2834338865094417,0.9574845363176818,0.6725019594904632,0.2849825768272186,0.9562478915334583,0.594499698213473,0.3617481933199853,0.0,1.2725623011124665,1.2725623011124665,0.2991526226829356,1,PREDICTIVELY_IDENTIFIABLE,0.3808664594461246,8.206554283803167e-06,-0.9999999999999982
2,5,1test,1,tongue,3,1.713861538728938,1.1242193430819436,0.5896421956469944,1.448249163593772,0.8258034491034231,0.6224457144903489,2.203613448705003,1.3879773206683332,0.81563612803667,0.0,1.3962474856864286,1.3962474856864286,0.3751822278639135,1,PREDICTIVELY_IDENTIFIABLE,0.2744023144349945,2.2693371052643076e-06,-0.999999999999994
2,6,0train,0,left_hand,0,2.3483652303193354,1.9770811792132768,0.37128405110605867,1.2180874558674526,0.8389080671773538,0.3791793886900988,4.663414814662958,3.578107423435789,1.0853073912271691,0.0,1.1197517430820636,1.1197517430820636,0.5253317795425729,1,PREDICTIVELY_IDENTIFIABLE,0.41696205277022413,1.3414181809235038e-08,1.0000000000000104
2,6,0train,0,right_hand,1,1.748805322145166,1.1407524295707574,0.6080528925744086,2.0211404606130654,1.4331210125713074,0.588019448041758,2.017988721046797,1.163970492791657,0.8540182282551398,0.0,1.4630041162999923,1.4630041162999923,0.4071127414521277,1,PREDICTIVELY_IDENTIFIABLE,0.47181360034592335,6.868955439249673e-07,0.999999999999997
2,6,0train,0,feet,2,0.8738928254854905,0.5296861236158401,0.3442067018696504,0.7824352931388134,0.640767393630884,0.14166789950792946,1.2589172386351521,0.5667713043539291,0.6921459342812231,0.0,1.0507548717857167,1.0507548717857167,0.5069328894161761,1,PREDICTIVELY_IDENTIFIABLE,0.418155781232068,5.264957979781132e-07,-0.9999999999999963
2,6,0train,0,tongue,3,1.9512682639257206,1.9449283335175775,0.0063399304081430685,1.7427459737042177,1.6277680947326936,0.11497787897152412,2.4142086728487406,2.2428083066401863,0.17140036620855437,0.0,1.3763401003971198,1.3763401003971198,0.410195986113412,1,PREDICTIVELY_IDENTIFIABLE,0.3141341011755281,1.5387504890118515e-08,-1.000000000000008
2,6,1test,1,left_hand,0,3.5558090961321955,2.940770824635169,0.6150382714970264,3.17771602989936,2.694469977438012,0.483246052461348,3.641052319782091,2.741024488923678,0.9000278308584133,0.0,1.152149965068491,1.152149965068491,0.48367009916519055,1,PREDICTIVELY_IDENTIFIABLE,0.404323876783918,9.515063898313613e-06,-0.9999999999999989
2,6,1test,1,right_hand,1,2.116640197787758,1.3073043385980327,0.8093358591897253,2.894359176086657,1.608066865585228,1.286292310501429,1.931370947946893,1.2645126377975002,0.6668583101493928,0.0,1.3575039025466626,1.3575039025466626,0.3873892698834141,1,PREDICTIVELY_IDENTIFIABLE,0.7331741233561001,5.427059143340353e-08,1.0000000000000024
2,6,1test,1,feet,2,1.6829663222808025,0.8503629342828148,0.8326033879979876,1.9274677392551047,1.1113530645453895,0.8161146747097152,1.6753389783480916,0.8535481132898329,0.8217908650582587,0.0,0.8945673591895479,0.8945673591895479,0.6659953985697826,1,PREDICTIVELY_IDENTIFIABLE,0.6171961755874154,5.8477463919843456e-08,1.0000000000000024
2,6,1test,1,tongue,3,1.646211136164306,1.1425529652841186,0.5036581708801873,1.7044676369499283,1.2732964472687553,0.43117118968117296,1.9726902153182144,1.0412873570955017,0.9314028582227127,0.0,1.709397692397155,1.709397692397155,0.39430803497952954,1,PREDICTIVELY_IDENTIFIABLE,0.5970337860777855,1.841021898305284e-07,-1.000000000000001
2,7,0train,0,left_hand,0,5.969375937918215,3.816957749778848,2.1524181881393676,4.0961915889626095,2.4931688208997262,1.6030227680628832,5.659793337379757,3.7568117683016533,1.9029815690781033,0.0,1.1150458618636157,1.1150458618636157,0.8031896641999364,1,PREDICTIVELY_IDENTIFIABLE,1.3530321396451772,3.757112952965352e-06,0.9999999999999993
2,7,0train,0,right_hand,1,4.187397642596183,1.5936749586784924,2.593722683917691,3.9090225079390826,1.7775150358786802,2.1315074720604024,3.2266933150288444,1.5591634138278656,1.6675299012009788,0.0,1.181613751754981,1.181613751754981,0.5399887550786339,1,PREDICTIVELY_IDENTIFIABLE,1.5378825254045876,2.8328986947543965e-06,0.9999999999999938
2,7,0train,0,feet,2,2.2338652102667598,0.9671009022558106,1.2667643080109492,2.35885004604574,1.0008081377866453,1.3580419082590947,2.0844984559454045,0.8468631433299582,1.2376353126154465,0.0,1.1879046622692366,1.1879046622692366,0.5522335710478358,1,PREDICTIVELY_IDENTIFIABLE,1.3840392974776845,2.76147836532578e-07,1.000000000000002
2,7,0train,0,tongue,3,7.669306559918685,6.812658119207995,0.85664844071069,6.5591032302920755,5.680052367100566,0.8790508631915097,6.869801126233484,6.106014680384655,0.7637864458488286,0.0,0.9139055846925983,0.9139055846925983,0.9707402431657167,1,PREDICTIVELY_IDENTIFIABLE,0.6113213509017554,5.965515158556662e-06,-0.999999999999997
2,7,1test,1,left_hand,0,6.124012243130039,4.03608363285262,2.0879286102774195,4.753293319688651,3.5167150899032644,1.2365782297853865,6.3514971536107225,3.4517260715318625,2.89977108207886,0.0,0.9619725860852444,0.9619725860852444,0.718613949302855,1,PREDICTIVELY_IDENTIFIABLE,1.807071442986822,2.9532156593960924e-07,1.0000000000000062
2,7,1test,1,right_hand,1,5.897161388948896,3.2106800041821937,2.686481384766702,6.2124214281826315,3.416208722353795,2.7962127058288364,4.154230538822661,2.169119760237167,1.9851107785854945,0.0,0.9764239591734506,0.9764239591734506,0.6713737255228349,1,PREDICTIVELY_IDENTIFIABLE,2.1089069872182664,6.394523437230689e-06,1.0000000000000093
2,7,1test,1,feet,2,3.0571104949259547,1.0653538029255325,1.9917566920004222,3.2624931497262115,1.0952216571274986,2.167271492598713,2.669370705262716,1.2337044838751992,1.4356662213875169,0.0,1.200191861446011,1.200191861446011,0.6255715859806181,1,PREDICTIVELY_IDENTIFIABLE,2.1450611413588954,4.426332362814551e-09,0.999999999999999
2,7,1test,1,tongue,3,6.931704522736081,6.441904157934017,0.4898003648020639,5.955395317554829,5.20831446661434,0.7470808509404891,6.518219393963384,5.719595910439102,0.798623483524282,0.0,0.7816231143710182,0.7816231143710182,0.9457638268527162,1,PREDICTIVELY_IDENTIFIABLE,0.92849021975036,1.4318184449572008e-06,-0.9999999999999936
2,8,0train,0,left_hand,0,5.833724092486758,6.504824561289765,-0.6711004688030071,4.080243378486453,4.264764757219666,-0.18452137873321295,5.339598279886671,4.831907713874825,0.5076905660118456,0.0,1.266632277214714,1.266632277214714,0.8352877305506446,1,PREDICTIVELY_IDENTIFIABLE,2.474119670096965,5.530422365154893e-08,1.0
2,8,0train,0,right_hand,1,4.059383110755651,4.167881001893327,-0.1084978911376755,4.22431277183416,3.978893712600153,0.24541905923400753,3.0097891468213476,2.501603234941156,0.5081859118801915,0.0,1.2874646921636193,1.2874646921636193,0.7059854155661255,1,PREDICTIVELY_IDENTIFIABLE,2.659226534788699,5.060108321890037e-06,-1.0000000000000009
2,8,0train,0,feet,2,2.285133681134965,1.627168031843985,0.65796564929098,2.0506220390915124,1.3978545567771308,0.6527674823143816,2.5365212282332172,1.8259223642226843,0.710598864010533,0.0,1.273070489009242,1.273070489009242,0.5464265798769058,1,PREDICTIVELY_IDENTIFIABLE,2.430245209547599,1.5061121135751033e-08,1.0000000000000024
2,8,0train,0,tongue,3,11.25302125205528,10.391001093585897,0.8620201584693827,8.38870484995293,7.839771233193373,0.5489336167595571,11.932953377902134,10.35765360164019,1.5752997762619447,0.0,0.9384267448293602,0.9384267448293602,1.3216789050137603,1,PREDICTIVELY_IDENTIFIABLE,1.3669911064708695,2.8338360179896246e-06,0.999999999999996
2,8,1test,1,left_hand,0,8.246094370725675,8.114245192828069,0.13184917789760675,5.084455404500604,4.654801379973973,0.4296540245266307,10.559863998911004,10.263930013625776,0.2959339852852274,0.0,1.1545052609198785,1.1545052609198785,0.9495911194372056,1,PREDICTIVELY_IDENTIFIABLE,2.1994641199893787,2.0043549299523356e-08,1.0000000000000038
2,8,1test,1,right_hand,1,4.470231213501403,4.200901471979484,0.26932974152191935,3.983448108651797,3.91469002829252,0.06875808035927689,3.9988736933017552,3.56571067025417,0.43316302304758514,0.0,1.3130591286682323,1.3130591286682323,0.6824005035177119,1,PREDICTIVELY_IDENTIFIABLE,2.9116558390268503,2.5742416975776335e-06,-0.9999999999999908
2,8,1test,1,feet,2,2.115668057497331,1.1861207923015018,0.929547265195829,2.0222194483561386,1.1191805261955645,0.9030389221605741,2.085523489936007,1.3342033891627925,0.7513201007732146,0.0,1.4020930247506884,1.4020930247506884,0.4438359016715306,1,PREDICTIVELY_IDENTIFIABLE,2.959823053493169,1.0756109661192056e-06,-1.0
2,8,1test,1,tongue,3,8.317510025328536,8.11056928288113,0.20694074244740612,6.748261380610868,6.500455353073123,0.24780602753774517,8.249260248514723,7.258750903096671,0.9905093454180518,0.0,0.8761494151016094,0.8761494151016094,1.1466563785693842,1,PREDICTIVELY_IDENTIFIABLE,1.5173218951516643,5.863135144323139e-07,-0.999999999999994
2,9,0train,0,left_hand,0,8.539243341016778,7.595206681985439,0.9440366590313394,3.6019726359329556,2.5091825306246824,1.0927901053082731,12.921465645381254,11.446473464037439,1.474992181343815,0.0,1.057659411923218,1.057659411923218,1.018378415888349,1,PREDICTIVELY_IDENTIFIABLE,2.6029751366207856,2.5759826483342635e-07,0.9999999999999994
2,9,0train,0,right_hand,1,3.882176056783928,3.2654345555171513,0.6167415012667767,4.748235822672506,3.622239490857814,1.1259963318146924,2.900009793787209,2.2407025313425333,0.6593072624446759,0.0,1.3206318173735156,1.3206318173735156,0.6445351809558061,1,PREDICTIVELY_IDENTIFIABLE,3.004211985490628,2.9607747201552117e-07,0.9999999999999998
2,9,0train,0,feet,2,1.7788620690576769,1.0634068667742342,0.7154552022834426,1.8948710919573235,1.1194045445746523,0.7754665473826712,1.6857657869481955,1.1517170505518903,0.5340487363963051,0.0,1.4761044205336256,1.4761044205336256,0.49351899886574546,1,PREDICTIVELY_IDENTIFIABLE,2.9146090993085534,2.620588447789086e-06,-1.000000000000006
2,9,0train,0,tongue,3,13.188247982317606,12.95513138499907,0.23311659731853496,9.84644696622476,9.68996795667567,0.15647900954908955,13.687465028425603,12.476062473384147,1.211402555041456,0.0,0.7428220033202202,0.7428220033202202,1.3984166952598027,1,PREDICTIVELY_IDENTIFIABLE,1.181486432453828,3.6409535018881854e-06,-0.9999999999999989
2,9,1test,1,left_hand,0,39.9514823248579,36.6950276698308,3.256454655027099,24.240877871071437,21.76705203340059,2.473825837670848,48.511417526944996,44.053772244434526,4.4576452825104695,0.0,0.7284882416965194,0.7284882416965194,2.2275745455534977,1,PREDICTIVELY_IDENTIFIABLE,5.2618722256797135,4.850969415176352e-07,-0.9999999999999993
2,9,1test,1,right_hand,1,3.7068574638006884,4.367218821063476,-0.6603613572627878,5.116694017050821,5.473620484473673,-0.35692646742285206,2.8295361389065814,2.816861212166665,0.012674926739916437,0.0,1.533687288222829,1.533687288222829,0.5879333433060745,1,PREDICTIVELY_IDENTIFIABLE,10.270807094172808,2.460976822581444e-06,-0.9999999999999936
2,9,1test,1,feet,2,4.78295174415235,2.6609606417339293,2.121991102418421,4.806272886896231,2.466687198076139,2.339585688820092,4.020377168866792,2.185873586090415,1.8345035827763776,0.0,1.4508456594691337,1.4508456594691337,0.9554286019114683,1,PREDICTIVELY_IDENTIFIABLE,9.977977123378484,6.518920778873665e-06,0.9999999999999993
2,9,1test,1,tongue,3,20.497567541476865,19.799056924126845,0.6985106173500206,17.206080100181,16.471120874639805,0.7349592255411963,18.698806239164966,17.302610656377077,1.3961955827878896,0.0,0.7327947451359605,0.7327947451359605,1.9192098425340913,1,PREDICTIVELY_IDENTIFIABLE,6.0187451105784575,7.399779853411209e-08,0.9999999999999957
3,1,0train,0,left_hand,0,0.4081608803559893,0.39613123750675155,0.012029642849237743,0.4564404408821819,0.4400996385389864,0.01634080234319546,0.7856400088033645,0.6888283808588613,0.09681162794450315,0.0,0.6954898478073939,0.6954898478073939,0.9808844248892623,1,PREDICTIVELY_IDENTIFIABLE,0.8257586880461858,4.355375625118662e-08,1.0000000000000127
3,1,0train,0,right_hand,1,0.6966878452375069,0.4774475590350549,0.219240286202452,0.5636787589552168,0.37477135119314225,0.18890740776207454,1.0649729588619359,0.9365813950400294,0.12839156382190653,0.0,0.6247747563537632,0.6247747563537632,1.210046027135781,1,PREDICTIVELY_IDENTIFIABLE,0.700865358562478,3.4611310335194336e-06,-1.000000000000004
3,1,0train,0,feet,2,1.1382439206425796,0.9917972384146795,0.14644668222790014,1.132793646395905,0.9862920928788037,0.14650155351710126,1.2508545279203471,1.2217551533225934,0.02909937459775369,0.0,0.6740134103350317,0.6740134103350317,0.7783656963593767,1,PREDICTIVELY_IDENTIFIABLE,0.7678745972308613,1.340267771524122e-07,0.9999999999999977
3,1,0train,0,tongue,3,0.45667538887740666,0.2841683539575993,0.17250703491980734,0.39985164190097866,0.24408067251567953,0.15577096938529914,1.0870567005270655,0.8202373401719637,0.2668193603551018,0.0,0.5190925094968318,0.5190925094968318,1.322044892096382,1,PREDICTIVELY_IDENTIFIABLE,0.8112682018149497,1.4393383429879376e-06,0.9999999999999907
3,1,1test,1,left_hand,0,0.5012620412221669,0.31463276187617206,0.18662927934599483,0.4062990678219648,0.2550498039727157,0.15124926384924908,0.9963689941713467,0.8049466584910616,0.1914223356802851,0.0,0.7754497287488088,0.7754497287488088,1.1005516105860325,1,PREDICTIVELY_IDENTIFIABLE,0.7778792209068548,3.962370812189138e-06,-1.0000000000000087
3,1,1test,1,right_hand,1,0.7027830223857254,0.2675264999989771,0.43525652238674833,0.6839752703732586,0.24476529275929831,0.43920997761396025,0.836414807133557,0.4889493311853225,0.34746547594823446,0.0,0.5909099790116304,0.5909099790116304,1.3174556102204762,1,PREDICTIVELY_IDENTIFIABLE,0.6836753391130939,1.3764485946932136e-06,0.9999999999999962
3,1,1test,1,feet,2,1.602925015688245,1.2738329878593049,0.3290920278289402,1.6914565489801974,1.2233041818220571,0.46815236715814024,1.7407070587917675,1.3004572391465585,0.44024981964520893,0.0,0.7015482121380918,0.7015482121380918,0.992347634578816,1,PREDICTIVELY_IDENTIFIABLE,0.5146061344896417,2.465721389769367e-07,-0.999999999999996
3,1,1test,1,tongue,3,0.44087627472909674,0.2003992268402871,0.24047704788880964,0.405266333585667,0.27320772928533643,0.13205860430033056,0.7961710087304732,0.35556045911559964,0.44061054961487356,0.0,0.6372233156670608,0.6372233156670608,1.2448871329029245,1,PREDICTIVELY_IDENTIFIABLE,0.7907943223555882,1.5143359750998228e-06,-1.0000000000000027
3,2,0train,0,left_hand,0,0.9805802127034234,0.8961896936803178,0.08439051902310568,0.8578197350270872,0.7403145321634197,0.1175052028636675,1.1814624545255974,0.9301270932016714,0.251335361323926,0.0,1.6051596907790375,1.6051596907790375,0.32869199449598274,1,PREDICTIVELY_IDENTIFIABLE,2.416463328394288,4.923539205767055e-06,1.000000000000003
3,2,0train,0,right_hand,1,1.1646670852689038,0.8266045969859035,0.33806248828300034,1.2045869888486274,0.899093598389566,0.3054933904590613,1.1616404514903167,0.7713529652912725,0.3902874861990442,0.0,1.4902896148746838,1.4902896148746838,0.3510860669271507,1,PREDICTIVELY_IDENTIFIABLE,2.4711927933049056,1.6344840331776488e-06,-1.0000000000000044
3,2,0train,0,feet,2,2.124702888131068,1.1844203003777243,0.9402825877533436,1.9502613763379788,1.136037997631129,0.8142233787068498,2.180977393614357,1.1656876844169581,1.015289709197399,0.0,1.3408544777765878,1.3408544777765878,0.6734734015407007,1,PREDICTIVELY_IDENTIFIABLE,2.8630406280105123,5.112977970103509e-06,0.9999999999999941
3,2,0train,0,tongue,3,1.2965971226263466,1.330722134566918,-0.03412501194057138,1.2317090200211775,1.1608673826511788,0.07084163736999871,1.439153819090624,1.464122596702945,-0.02496877761232108,0.0,1.3553746766484231,1.3553746766484231,0.4199601113442727,1,PREDICTIVELY_IDENTIFIABLE,1.6367517060261454,3.2708672575872204e-06,-0.9999999999999986
3,2,1test,1,left_hand,0,1.4606126659832175,1.1983990669042688,0.2622135990789487,1.7505739775264273,1.553398211054205,0.19717576647222224,1.2193758378369592,0.9211630171531737,0.2982128206837855,0.0,1.3333946004304174,1.3333946004304174,0.38659755005446633,1,PREDICTIVELY_IDENTIFIABLE,2.9727724795251538,1.5284813012560637e-06,1.0000000000000036
3,2,1test,1,right_hand,1,1.0132111373393504,0.7588211016700573,0.2543900356692931,1.1016894899273433,0.8028990262059449,0.2987904637213984,0.9566886066520324,0.7300878840707586,0.22660072258127373,0.0,1.3085768690969615,1.3085768690969615,0.30930689102045417,1,PREDICTIVELY_IDENTIFIABLE,3.1858754942298595,5.820164719829814e-06,1.0000000000000018
3,2,1test,1,feet,2,1.575991342871369,0.8701385239729746,0.7058528188983944,1.751224055238301,1.0063921862295924,0.7448318690087086,1.4853265222257175,0.9871524929321198,0.49817402929359766,0.0,1.3826296315564763,1.3826296315564763,0.5319799460726731,1,PREDICTIVELY_IDENTIFIABLE,3.750455802057081,3.337278899713193e-06,1.0000000000000024
3,2,1test,1,tongue,3,1.6281027933349765,1.5657293618060688,0.06237343152890773,1.729470198983921,1.635754029888089,0.09371616909583191,1.5374955868585338,1.4688281752720007,0.06866741158653311,0.0,1.117373290433008,1.117373290433008,0.4923803364299257,1,PREDICTIVELY_IDENTIFIABLE,2.008048095256068,2.2236574767204446e-06,1.0000000000000038
3,4,0train,0,left_hand,0,0.5111962286029269,0.5715312637169058,-0.06033503511397886,0.7122580396379674,0.7229449632603723,-0.010686923622404865,0.6171341028502033,0.49754940773172635,0.11958469511847697,0.0,1.142668972709661,1.142668972709661,0.44453279663275524,1,PREDICTIVELY_IDENTIFIABLE,1.4714451193505336,3.0625701987958207e-06,0.9999999999999983
3,4,0train,0,right_hand,1,0.7766747547347259,0.7235173139888721,0.05315744074585382,0.8446951669533578,0.7764103473221436,0.06828481963121413,0.773427085146313,0.7343419651832914,0.03908511996302155,0.0,1.388824242246792,1.388824242246792,0.33698653572500875,1,PREDICTIVELY_IDENTIFIABLE,1.3104634634767454,1.638650471162215e-08,-1.000000000000008
3,4,0train,0,feet,2,0.924297242082002,0.7289066799577959,0.19539056212420614,1.0242146605159284,0.8720123500383249,0.15220231047760346,1.2183370452534745,0.6662329392175617,0.5521041060359129,0.0,1.5049504526642716,1.5049504526642716,0.33419411313214004,1,PREDICTIVELY_IDENTIFIABLE,1.761356234586211,3.446482275269628e-08,-1.000000000000007
3,4,0train,0,tongue,3,0.6706073743484876,0.6387865997551937,0.03182077459329391,0.7962821478818558,0.7748294090698513,0.02145273881200449,0.5893952247356933,0.4912431448638812,0.09815207987181207,0.0,1.222492452355973,1.222492452355973,0.3883240593836109,1,PREDICTIVELY_IDENTIFIABLE,1.179934291055093,2.655221315556819e-06,-1.0000000000000038
3,4,1test,1,left_hand,0,0.5127268403887805,0.475595575896942,0.037131264491838456,0.4951027284776542,0.4471169687812525,0.047985759696401675,0.6322459356254136,0.5746943362874364,0.057551599337977266,0.0,0.6818288360563115,0.6818288360563115,0.7385307349548706,1,PREDICTIVELY_IDENTIFIABLE,1.0076481981107797,5.9052113239351e-07,-1.0000000000000075
3,4,1test,1,right_hand,1,0.8243099601333356,0.5314281356752332,0.2928818244581024,0.7962461359397296,0.5417013477766519,0.2545447881630777,0.9362528433230403,0.5242827083363452,0.4119701349866951,0.0,0.8578414014617152,0.8578414014617152,0.6407479194129061,1,PREDICTIVELY_IDENTIFIABLE,0.8439260858563505,6.915171772914155e-06,0.9999999999999933
3,4,1test,1,feet,2,1.8767996484514828,0.8728872075399721,1.0039124409115108,1.6480869823786268,0.9096812390632241,0.7384057433154028,2.0873714788852293,0.937429292076028,1.1499421868092012,0.0,0.7598292912940958,0.7598292912940958,0.7448420301229215,1,PREDICTIVELY_IDENTIFIABLE,1.058134018899543,4.295979738432186e-06,1.0000000000000053
3,4,1test,1,tongue,3,0.5423176238422827,0.3706090069414355,0.17170861690084716,0.5413493815366309,0.4331661336520434,0.10818324788458755,0.6545877586716193,0.38418182861357486,0.2704059300580445,0.0,0.7815069798902451,0.7815069798902451,0.6279804099478175,1,PREDICTIVELY_IDENTIFIABLE,0.8819014622503513,1.5764159683480688e-08,1.0000000000000036
3,5,0train,0,left_hand,0,0.8701322456605426,0.7357933106074843,0.13433893505305827,0.9382583509035917,0.8158744636981703,0.12238388720542137,1.0026587949304995,0.6322252698717626,0.37043352505873683,0.0,1.3590159847625807,1.3590159847625807,0.3137482738327646,1,PREDICTIVELY_IDENTIFIABLE,1.8230544764961845,1.1296211566510317e-06,-1.000000000000002
3,5,0train,0,right_hand,1,0.875120848170246,0.947893214947388,-0.07277236677714194,0.9648860908906548,0.9240901394910852,0.0407959513995696,0.8340535971309231,0.7917433274271906,0.04231026970373253,0.0,1.5758427680933074,1.5758427680933074,0.2394568701554207,1,PREDICTIVELY_IDENTIFIABLE,1.7274324412358943,2.5483285102389e-07,1.0
3,5,0train,0,feet,2,0.8110729468974079,0.8683415581451311,-0.0572686112477232,0.9755533583026385,0.9242499839717625,0.05130337433087595,0.9237462969264956,0.7676056211859847,0.15614067574051083,0.0,1.7120294277134418,1.7120294277134418,0.2341365531163086,1,PREDICTIVELY_IDENTIFIABLE,2.2486716543082848,5.1459107112694414e-08,-0.9999999999999981
3,5,0train,0,tongue,3,0.7729281603163721,0.728174801661749,0.044753358654623154,0.9308526616993051,0.8810829893540911,0.04976967234521401,0.6575405264245667,0.5351555802923503,0.1223849461322164,0.0,1.4267208755999845,1.4267208755999845,0.34388182782698107,1,PREDICTIVELY_IDENTIFIABLE,1.6118785487514249,3.945630795685196e-07,0.9999999999999992
3,5,1test,1,left_hand,0,0.862329527916733,0.8256173104639103,0.036712217452822715,0.9438115707124763,0.8708886424397335,0.07292292827274283,0.864397713151595,0.747606508170929,0.11679120498066597,0.0,1.4123228246234487,1.4123228246234487,0.2699024838013474,1,PREDICTIVELY_IDENTIFIABLE,2.029516779605333,1.710621917378546e-07,0.9999999999999925
3,5,1test,1,right_hand,1,0.7514404766700264,0.7951399700712998,-0.043699493401273326,0.8472199531715225,0.8003061840621094,0.04691376910941314,0.7176638464385305,0.7001889555849371,0.01747489085359344,0.0,1.3360224786680897,1.3360224786680897,0.27963509734077513,1,PREDICTIVELY_IDENTIFIABLE,1.8742511269208038,3.732676352051579e-07,0.9999999999999968
3,5,1test,1,feet,2,0.8831070018024864,0.7439117353159327,0.13919526648655367,0.9259574307415047,0.9260686563475774,-0.00011122560607268461,1.0157587319658854,0.7794056765287071,0.23635305543717833,0.0,1.482077094370002,1.482077094370002,0.29915262268293535,1,PREDICTIVELY_IDENTIFIABLE,2.428505437087242,3.102208334669571e-07,0.9999999999999976
3,5,1test,1,tongue,3,0.904591646717874,0.86314617281601,0.04144547390186393,1.1008132855515178,0.9647930057536791,0.1360202797978387,0.7588916555469375,0.6954474087414175,0.06344424680551997,0.0,1.7679135508071133,1.7679135508071133,0.3751822278639139,1,PREDICTIVELY_IDENTIFIABLE,1.6367265340042318,1.4427282197385962e-06,-1.0000000000000013
3,6,0train,0,left_hand,0,0.5059953049725265,0.47833373546624586,0.02766156950628068,0.6341060639258356,0.5905028741037809,0.04360318982205469,0.6813981360063914,0.5373937539910352,0.14400438201535626,0.0,0.9822868648417791,0.9822868648417791,0.5253317795425723,1,PREDICTIVELY_IDENTIFIABLE,1.2995959793882497,4.168587039068699e-07,-0.9999999999999969
3,6,0train,0,right_hand,1,0.760776308020697,0.6053578993996904,0.15541840862100653,0.8154667972656185,0.5027541590666794,0.31271263819893913,0.8459915943808846,0.6754326587537266,0.17055893562715796,0.0,1.3225993873394108,1.3225993873394108,0.4071127414521278,1,PREDICTIVELY_IDENTIFIABLE,1.2628309096045556,5.39302768299326e-07,-0.9999999999999972
3,6,0train,0,feet,2,1.4007369384671964,0.697180638245933,0.7035563002212634,1.361392042635234,0.7002749315156878,0.6611171111195462,1.671071281965542,0.9767484428329881,0.6943228391325539,0.0,1.3054818373959185,1.3054818373959185,0.5069328894161762,1,PREDICTIVELY_IDENTIFIABLE,1.556896883847483,9.913669985860551e-08,-0.9999999999999996
3,6,0train,0,tongue,3,0.674585934513405,0.6111270388430573,0.06345889567034768,0.7304445097253388,0.6375416001887575,0.09290290953658131,0.7671997949140558,0.6165256133835121,0.15067418153054368,0.0,1.2847759928317861,1.2847759928317861,0.4101959861134118,1,PREDICTIVELY_IDENTIFIABLE,0.99660482204103,2.2199866951019794e-06,1.0000000000000002
3,6,1test,1,left_hand,0,0.5488794842173002,0.5082816810282362,0.04059780318906392,0.5003448980924798,0.44030338227379906,0.06004151581868078,0.7732662588277839,0.6196470849301688,0.15361917389761504,0.0,1.0508257016801759,1.0508257016801759,0.48367009916519066,1,PREDICTIVELY_IDENTIFIABLE,2.0687879266664337,4.734457366162178e-06,0.9999999999999998
3,6,1test,1,right_hand,1,0.7876518084138744,0.6510929230177618,0.1365588853961126,0.768216300949874,0.6044949900153175,0.16372131093455655,0.8901688386336473,0.7651161999603255,0.12505263867332173,0.0,1.25395574465176,1.25395574465176,0.38738926988341377,1,PREDICTIVELY_IDENTIFIABLE,1.7783017917378987,4.165892123721297e-07,-0.9999999999999957
3,6,1test,1,feet,2,1.4979476878816462,1.046375912063223,0.4515717758184232,1.3344328947240727,0.8484749119215477,0.485957982802525,1.8855291443760356,1.3274183980347887,0.5581107463412469,0.0,1.0645910090227726,1.0645910090227726,0.6659953985697822,1,PREDICTIVELY_IDENTIFIABLE,2.125388510196413,6.8099217865716675e-06,1.000000000000002
3,6,1test,1,tongue,3,1.0220887153683538,0.9883954803914289,0.03369323497692489,0.9514945948515338,0.7855460790621925,0.16594851578934122,1.188644800788141,1.2451064259152491,-0.05646162512710817,0.0,1.6223917314799012,1.6223917314799012,0.3943080349795292,1,PREDICTIVELY_IDENTIFIABLE,1.220372195327695,9.701041738924672e-07,-0.9999999999999966
3,7,0train,0,left_hand,0,0.6121377145683514,0.6925969203020562,-0.0804592057337048,0.5872698769541894,0.579137320346962,0.008132556607227448,0.7954638231536555,0.8354508884232104,-0.03998706526955487,0.0,0.8221305253146846,0.8221305253146846,0.8031896641999363,1,PREDICTIVELY_IDENTIFIABLE,0.7081165095694195,2.2612158935927335e-07,1.0000000000000009
3,7,0train,0,right_hand,1,0.5922013814916778,0.545934263924128,0.046267117567549754,0.5757364317932407,0.5616957682126451,0.014040663580595636,0.7775570683096534,0.6667143549372039,0.11084271337244955,0.0,0.8748963534026665,0.8748963534026665,0.5399887550786341,1,PREDICTIVELY_IDENTIFIABLE,0.6891784951094757,5.0020170864541583e-08,0.9999999999999987
3,7,0train,0,feet,2,0.8091931836409428,0.6633066751765754,0.14588650846436746,0.9945544971868716,0.8200720298636842,0.1744824673231874,0.7766706070457204,0.9195894178014017,-0.14291881075568125,0.0,1.0996972456411402,1.0996972456411402,0.5522335710478358,1,PREDICTIVELY_IDENTIFIABLE,0.9427855492930118,9.393375299625464e-07,0.9999999999999996
3,7,0train,0,tongue,3,0.3204464097030609,0.20959212068811592,0.11085428901494496,0.3078302950094077,0.26681236014168874,0.04101793486771893,0.4980246456491439,0.3228850558854461,0.1751395897636978,0.0,0.8146896884599024,0.8146896884599024,0.9707402431657174,1,PREDICTIVELY_IDENTIFIABLE,0.9143771499956976,3.854984182921055e-06,1.0000000000000047
3,7,1test,1,left_hand,0,0.5723378865840869,0.32624773646246175,0.24609015012162516,0.5146756411264656,0.34186723102352495,0.17280841010294062,0.7290285176321593,0.43713696102648475,0.2918915566056745,0.0,0.7719882774115332,0.7719882774115332,0.7186139493028546,1,PREDICTIVELY_IDENTIFIABLE,0.6218897288472196,4.773789378707734e-06,-1.0000000000000033
3,7,1test,1,right_hand,1,0.46153752660260366,0.3528500469626972,0.10868747963990649,0.4816154949389144,0.40962214896812305,0.07199334597079138,0.5326814651579094,0.4083336565988239,0.12434780855908545,0.0,0.7593366166535478,0.7593366166535478,0.6713737255228349,1,PREDICTIVELY_IDENTIFIABLE,0.5395108279407503,5.048300538528023e-06,0.9999999999999998
3,7,1test,1,feet,2,0.9699225883597389,0.6629485829953881,0.3069740053643508,0.9790606931421523,0.6236324797861461,0.35542821335600616,1.116710450220708,0.7715617433508054,0.3451487068699025,0.0,0.9763623598766644,0.9763623598766644,0.6255715859806181,1,PREDICTIVELY_IDENTIFIABLE,0.6775785759733033,7.617047563627156e-06,1.000000000000001
3,7,1test,1,tongue,3,0.26948578814815477,0.2603019444679771,0.009183843680177661,0.29347218869220104,0.25289038444777434,0.0405818042444267,0.3527657294237806,0.266677879408067,0.08608785001571362,0.0,0.6848363363721953,0.6848363363721953,0.9457638268527163,1,PREDICTIVELY_IDENTIFIABLE,0.6564709585630099,1.148113358490697e-06,0.9999999999999958
3,8,0train,0,left_hand,0,0.4494451430562647,0.37128416229173483,0.07816098076452987,0.4410220637359312,0.3133598707340973,0.1276621930018339,0.6558127560560585,0.49812684719770356,0.15768590885835493,0.0,0.911306254813962,0.911306254813962,0.8352877305506433,1,PREDICTIVELY_IDENTIFIABLE,0.9875727773253506,6.2776311474122444e-06,0.9999999999999887
3,8,0train,0,right_hand,1,0.7564788021492524,0.4580042727656593,0.29847452938359315,0.7824274300035217,0.43909883866216287,0.3433285913413588,0.8704361845508961,0.5349812141927663,0.33545497035812977,0.0,1.0033517459754715,1.0033517459754715,0.7059854155661252,1,PREDICTIVELY_IDENTIFIABLE,0.895761443919595,2.6203171403998215e-08,1.000000000000001
3,8,0train,0,feet,2,1.317987811513802,1.5176107311054339,-0.19962291959163192,1.3417994443239898,1.445288559416912,-0.10348911509292225,1.3594337012515436,1.8609499465722394,-0.5015162453206958,0.0,1.0622724689323575,1.0622724689323575,0.5464265798769057,1,PREDICTIVELY_IDENTIFIABLE,0.7054237018756809,6.696089100218803e-08,1.0000000000000007
3,8,0train,0,tongue,3,0.4670577993547983,0.3505573220771702,0.11650047727762808,0.3341995697595657,0.19725785410847807,0.13694171565108765,1.083425949374308,0.7430024168165081,0.3404235325577998,0.0,0.6721858917428014,0.6721858917428014,1.3216789050137612,1,PREDICTIVELY_IDENTIFIABLE,0.9206517641718418,2.5644171886902274e-07,1.000000000000004
3,8,1test,1,left_hand,0,0.5427746185727017,0.5072984651463421,0.03547615342635957,0.48343331791801697,0.45666839782505564,0.02676492009296133,0.7548657467678997,0.653375043034741,0.10149070373315872,0.0,0.7770722122535089,0.7770722122535089,0.9495911194372056,1,PREDICTIVELY_IDENTIFIABLE,0.9852806691048429,7.0802939505081385e-06,-1.000000000000001
3,8,1test,1,right_hand,1,0.8083040658696573,0.7262256590108075,0.08207840685884982,0.8359498911183701,0.6962082694064207,0.13974162171194948,0.840658677387656,0.7364263955912359,0.10423228179642008,0.0,1.1541156129854802,1.1541156129854802,0.6824005035177123,1,PREDICTIVELY_IDENTIFIABLE,0.6943859878074212,5.886060770580388e-07,1.0000000000000013
3,8,1test,1,feet,2,1.1529252988198857,1.2459673587083986,-0.09304205988851288,1.3448199398781853,1.2040736295583467,0.14074631031983853,1.093591533401654,1.360691477045258,-0.2670999436436041,0.0,1.2444637043578946,1.2444637043578946,0.44383590167153053,1,PREDICTIVELY_IDENTIFIABLE,0.8447553036368389,3.890089506465096e-06,1.0000000000000036
3,8,1test,1,tongue,3,0.5362642592474758,0.35873605832310207,0.1775282009243737,0.4291383216011358,0.328333460583525,0.10080486101761077,0.8061861318515323,0.5005613211990112,0.3056248106525211,0.0,0.8169230835693115,0.8169230835693115,1.1466563785693846,1,PREDICTIVELY_IDENTIFIABLE,0.9682327746837665,9.508471610690185e-06,-0.9999999999999993
3,9,0train,0,left_hand,0,0.4826034993087858,0.3801159349827853,0.10248756432600054,0.4777784785341493,0.3860671921419996,0.0917112863921497,1.0297152269682002,0.8463047496220265,0.18341047734617366,0.0,0.82444077161942,0.82444077161942,1.018378415888349,1,PREDICTIVELY_IDENTIFIABLE,0.7385582122116785,1.981649311233705e-07,-1.0000000000000009
3,9,0train,0,right_hand,1,0.569683859672413,0.4106423011608912,0.1590415585115218,0.573460591482763,0.39735117908275275,0.1761094124000102,0.7372134324436217,0.5822384751066708,0.15497495733695088,0.0,1.0779741376712764,1.0779741376712764,0.6445351809558059,1,PREDICTIVELY_IDENTIFIABLE,0.6881918293754484,3.6687487039113053e-06,0.9999999999999992
3,9,0train,0,feet,2,0.7892291245090781,0.8360464601745831,-0.046817335665504944,0.9305927069571954,0.8552473166422655,0.07534539031492993,0.8627829655984524,1.1068150879087748,-0.24403212231032245,0.0,1.2673434760707265,1.2673434760707265,0.4935189988657451,1,PREDICTIVELY_IDENTIFIABLE,0.7535072446945286,1.035392619309602e-06,-1.0000000000000016
3,9,0train,0,tongue,3,0.35378693124034954,0.28320245869215144,0.07058447254819811,0.2603388641820188,0.14228382017877297,0.11805504400324582,0.9222277214938178,0.8464288853991477,0.07579883609467009,0.0,0.6579231656719713,0.6579231656719713,1.3984166952598038,1,PREDICTIVELY_IDENTIFIABLE,0.782003977944844,2.9266607323604683e-08,-1.000000000000009
3,9,1test,1,left_hand,0,2.7958256727869,2.6947950118192137,0.10103066096768654,2.2838965344252697,2.164949314705853,0.1189472197194168,3.496127667611706,3.1225882180034925,0.3735394496082134,0.0,0.6039092851970039,0.6039092851970039,2.2275745455534977,1,PREDICTIVELY_IDENTIFIABLE,2.0050103699282738,1.5522763853230992e-07,-0.9999999999999991
3,9,1test,1,right_hand,1,1.1962248274991025,0.8828042380869003,0.3134205894122022,1.185679978944891,0.9037875275067562,0.2818924514381349,1.323287361493016,0.7881023431876386,0.5351850183053775,0.0,1.249144606291739,1.249144606291739,0.5879333433060754,1,PREDICTIVELY_IDENTIFIABLE,3.34687021891699,5.28569888184484e-08,-1.0000000000000027
3,9,1test,1,feet,2,1.283401390212179,1.3962545347539148,-0.11285314454173578,1.454546958997625,1.4829627031263424,-0.02841574412871739,1.3319910413188212,1.4606367455833011,-0.12864570426447997,0.0,1.1017659981683172,1.1017659981683172,0.9554286019114693,1,PREDICTIVELY_IDENTIFIABLE,3.759043957000588,1.2089471225275528e-07,1.0000000000000053
3,9,1test,1,tongue,3,0.964262443639393,0.9912100584676169,-0.026947614828223942,0.8354040931880738,0.765769576314691,0.06963451687338285,1.2686824814478899,1.203059613612488,0.06562286783540183,0.0,0.6265437140689616,0.6265437140689616,1.919209842534093,1,PREDICTIVELY_IDENTIFIABLE,3.075289133376665,1.8411355024783747e-08,1.000000000000009
4,1,0train,0,left_hand,0,2.9320494135108133,2.728234499888681,0.2038149136221321,3.819440222483649,3.9478283652268376,-0.12838814274318855,2.0514441872288605,1.7024433626671478,0.34900082456171266,0.0,1.0326357753548423,1.0326357753548423,0.980884424889262,1,PREDICTIVELY_IDENTIFIABLE,2.330166077028779,1.551315874811103e-07,1.000000000000006
4,1,0train,0,right_hand,1,11.225085152790175,10.705997406989223,0.5190877458009524,9.743673714151566,8.975193746700791,0.7684799674507747,9.28055173894742,8.5086986033726,0.771853135574819,0.0,0.8141709651197012,0.8141709651197012,1.2100460271357798,1,PREDICTIVELY_IDENTIFIABLE,1.6948672310161985,5.6252062944955085e-06,0.9999999999999981
4,1,0train,0,feet,2,4.564270317148537,3.8612167950480973,0.7030535221004399,5.153149872456835,4.135409089900852,1.0177407825559825,2.5882925507044794,1.7029522064757987,0.8853403442286807,0.0,0.8374551444280434,0.8374551444280434,0.7783656963593761,1,PREDICTIVELY_IDENTIFIABLE,2.4271793611799515,5.001504189547629e-07,1.0000000000000036
4,1,0train,0,tongue,3,9.09427392487625,7.734626893661074,1.359647031215176,8.832796543655629,7.2273610287507175,1.6054355149049115,7.316922720064715,6.292893933043416,1.0240287870212992,0.0,0.6982732270424473,0.6982732270424473,1.3220448920963839,1,PREDICTIVELY_IDENTIFIABLE,1.6798505789620446,2.524868483980147e-07,1.0000000000000078
4,1,1test,1,left_hand,0,1.0768910846758626,0.8297132955761453,0.24717778909971733,0.9586239936809574,0.8482097132338847,0.11041428044707269,1.6369591814722355,1.0048439107631677,0.6321152707090678,0.0,0.9564517277662143,0.9564517277662143,1.1005516105860313,1,PREDICTIVELY_IDENTIFIABLE,1.2513207400313333,5.394425301840471e-08,1.000000000000002
4,1,1test,1,right_hand,1,2.656217628077865,1.9151450135279429,0.7410726145499222,2.6550129687112287,2.506090006188805,0.14892296252242376,2.662699396013136,1.3945088220279398,1.2681905739851962,0.0,0.9538425667712072,0.9538425667712072,1.3174556102204784,1,PREDICTIVELY_IDENTIFIABLE,0.9317856528591326,1.2347221684989578e-07,-1.0000000000000042
4,1,1test,1,feet,2,1.1861420275911199,0.5037357958856254,0.6824062317054944,0.9712841174403543,0.5517870984283095,0.4194970190120447,1.6104517158037535,0.5299125835700339,1.0805391322337194,0.0,0.7301177944943903,0.7301177944943903,0.9923476345788151,1,PREDICTIVELY_IDENTIFIABLE,1.3807357937164315,2.9820306580459207e-06,-0.999999999999998
4,1,1test,1,tongue,3,2.3047168631095136,1.4970929045012684,0.8076239586082452,1.3473410142939821,0.9437055357818109,0.4036354785121712,3.5816869005562726,2.385948284981554,1.1957386155747187,0.0,0.730592447403441,0.730592447403441,1.2448871329029247,1,PREDICTIVELY_IDENTIFIABLE,1.0602267360973179,3.9351694779050534e-07,1.000000000000005
4,2,0train,0,left_hand,0,1.053998177923433,0.8920517180352225,0.16194645988821055,1.7203893489536477,1.41793788022929,0.3024514687243578,1.2931377837449383,0.9856424430042559,0.3074953407406824,0.0,1.6089046527157398,1.6089046527157398,0.3286919944959826,1,PREDICTIVELY_IDENTIFIABLE,0.4941538372200787,5.142375999794767e-06,-0.9999999999999969
4,2,0train,0,right_hand,1,1.6093929666916114,1.063698755027435,0.5456942116641763,1.8790066495917392,1.1032178805156236,0.7757887690761156,1.6215636775586901,0.9752786635820909,0.6462850139765992,0.0,1.4086081844208327,1.4086081844208327,0.3510860669271504,1,PREDICTIVELY_IDENTIFIABLE,0.548045724263764,4.794351561645518e-06,-1.0000000000000002
4,2,0train,0,feet,2,4.398760042921445,2.916707219323158,1.4820528235982873,5.176152631559748,3.189285958796038,1.9868666727637097,2.557416142800139,1.5749481708903126,0.9824679719098266,0.0,1.3523292566897724,1.3523292566897724,0.6734734015407012,1,PREDICTIVELY_IDENTIFIABLE,0.35722753739991475,8.052254923053817e-07,0.9999999999999992
4,2,0train,0,tongue,3,2.0525698455730748,2.2155132335096503,-0.1629433879365756,2.253013986334783,1.9043382942166753,0.34867569211810756,1.9670533041775249,2.0089190742916667,-0.04186577011414183,0.0,1.5002111657120925,1.5002111657120925,0.41996011134427264,1,PREDICTIVELY_IDENTIFIABLE,0.3374949339502064,4.827992967454632e-06,-1.0000000000000036
4,2,1test,1,left_hand,0,1.6143085989566437,1.4352735117855737,0.17903508717106997,2.1685856346671573,1.9506040807069018,0.21798155396025543,1.1474611971708952,1.0172731953703718,0.13018800180052348,0.0,1.3683109993609437,1.3683109993609437,0.3865975500544662,1,PREDICTIVELY_IDENTIFIABLE,1.2162078995511991,7.009747290365806e-06,-0.9999999999999998
4,2,1test,1,right_hand,1,0.8321860775129192,0.662270087230773,0.1699159902821462,1.1321574473704668,0.8843432828411221,0.24781416452934468,0.7349689942378153,0.6196897971505857,0.11527919708722956,0.0,1.4778121072304229,1.4778121072304229,0.3093068910204543,1,PREDICTIVELY_IDENTIFIABLE,1.7243897794908534,1.0865713068781896e-06,0.9999999999999998
4,2,1test,1,feet,2,1.0344178963725719,0.6988641872084553,0.33555370916411653,1.3761010169350407,0.9159552447646689,0.4601457721703718,0.8693529977536574,0.572198021960044,0.2971549757936134,0.0,1.3683374893216442,1.3683374893216442,0.5319799460726733,1,PREDICTIVELY_IDENTIFIABLE,1.710930469242471,1.922935337602057e-06,0.9999999999999989
4,2,1test,1,tongue,3,2.1645455693996563,2.2116882936747824,-0.04714272427512611,2.6791736536712136,2.652664445993113,0.026509207678100832,1.6886045513096781,1.6916897969026472,-0.003085245592969077,0.0,0.9909875152038166,0.9909875152038166,0.49238033642992524,1,PREDICTIVELY_IDENTIFIABLE,1.1190212591561226,1.948453020881132e-06,-0.9999999999999954
4,3,0train,0,left_hand,0,2.6995156187726757,3.018114082384245,-0.3185984636115693,7.669121036761168,7.784189825386987,-0.11506878862581882,1.2954105529751876,1.044393350753502,0.25101720222168566,0.0,1.0431288792776734,1.0431288792776734,1.0215341964572235,1,PREDICTIVELY_IDENTIFIABLE,1.4714451310553534,8.544184928249329e-06,0.9999999999999958
4,3,0train,0,right_hand,1,6.760553115138541,6.297844503875478,0.4627086112630634,7.695023268238335,7.072960663132967,0.6220626051053673,4.382503732764308,4.1610340086138535,0.22146972415045418,0.0,0.9821194112274382,0.9821194112274382,0.9942236030393699,1,PREDICTIVELY_IDENTIFIABLE,1.310463463480172,1.4038765253283649e-07,-1.0000000000000089
4,3,0train,0,feet,2,3.13443716349066,2.471837697050102,0.6625994664405579,3.616602350056099,2.9429992288705495,0.6736031211855495,2.359236262980733,1.290127928371381,1.069108334609352,0.0,1.0788902468620225,1.0788902468620225,0.6154216224351957,1,PREDICTIVELY_IDENTIFIABLE,1.7613562346220337,1.060326825278176e-06,-1.0000000000000029
4,3,0train,0,tongue,3,5.955195047290311,5.541424629452237,0.4137704178380739,10.518845285008686,10.291553164197978,0.2272921208107075,2.3029131270050147,1.8821529320626684,0.4207601949423463,0.0,0.8570109296962642,0.8570109296962642,1.1571992184446998,1,PREDICTIVELY_IDENTIFIABLE,1.1770592493553187,5.6802888893698615e-06,-0.9999999999999934
4,3,1test,1,left_hand,0,0.8693148876758187,0.794599637904019,0.07471524977179966,0.8938908902778601,0.8072542558285041,0.08663663444935599,0.9948506588471121,0.9042921910273333,0.09055846781977883,0.0,0.9831133476984526,0.9831133476984526,0.9616435125793583,1,PREDICTIVELY_IDENTIFIABLE,1.0066469356205465,1.0047329272849942e-08,1.0000000000000118
4,3,1test,1,right_hand,1,2.3994575127146236,1.5469171047644428,0.8525404079501808,2.6234604027008332,1.757779148302714,0.8656812543981192,2.1431349824214663,1.246736828460813,0.8963981539606534,0.0,0.9508105076876282,0.9508105076876282,1.0931970801625552,1,PREDICTIVELY_IDENTIFIABLE,0.84392608582543,6.893750032255685e-06,0.9999999999999949
4,3,1test,1,feet,2,1.4393929703843407,0.6538528783256206,0.7855400920587201,1.4293078040979426,0.7973201745211925,0.63198762957675,1.4986858099572107,0.6809696728285685,0.8177161371286422,0.0,1.123381935326337,1.123381935326337,0.6522962880137926,1,PREDICTIVELY_IDENTIFIABLE,1.057101690331211,4.115639185545175e-06,-0.9999999999999978
4,3,1test,1,tongue,3,1.9222007197597404,1.258890908838264,0.6633098109214763,2.2244289372783737,1.764799380962031,0.4596295563163426,1.7686218957782978,1.038015758399532,0.7306061373787658,0.0,0.6789386362376886,0.6789386362376886,1.182275268146903,1,PREDICTIVELY_IDENTIFIABLE,0.8879971076159797,4.746216991858379e-08,0.999999999999999
4,5,0train,0,left_hand,0,0.8505494377170957,0.5095379073671076,0.3410115303499881,1.3178624540009543,0.8825118313318779,0.4353506226690763,0.8090577966414174,0.4495300794082312,0.3595277172331862,0.0,1.3926688802577305,1.3926688802577305,0.3137482738327644,1,PREDICTIVELY_IDENTIFIABLE,0.13407008211203658,4.999981272441946e-06,0.9999999999999896
4,5,0train,0,right_hand,1,1.1830456483303449,0.8336653040524196,0.3493803442779253,1.2621937759059483,0.9145172982708141,0.3476764776351342,1.386835038322956,0.8600656325408714,0.5267694057820845,0.0,1.6099172165872666,1.6099172165872666,0.2394568701554206,1,PREDICTIVELY_IDENTIFIABLE,0.13202870077052475,4.3404369124799895e-07,0.9999999999999983
4,5,0train,0,feet,2,1.1441204871227144,0.8416596284361451,0.30246085868656936,1.4404956344170066,1.0456387244150542,0.39485691000195233,1.0700648476830064,0.7540568717148523,0.3160079759681541,0.0,1.6536428080896861,1.6536428080896861,0.23413655311630854,1,PREDICTIVELY_IDENTIFIABLE,0.1379554893415609,1.2518718181944244e-06,-0.9999999999999969
4,5,0train,0,tongue,3,1.1608187942239168,0.7420084643089158,0.418810329915001,1.3602350367773157,0.9121488096458239,0.4480862271314918,1.260688632917458,0.6430474666780179,0.6176411662394401,0.0,1.4151499311239346,1.4151499311239346,0.34388182782698135,1,PREDICTIVELY_IDENTIFIABLE,0.14150148122698009,2.6179891395931797e-07,-1.0000000000000038
4,5,1test,1,left_hand,0,0.9562663380918636,0.754642305010128,0.2016240330817356,1.1259098678417754,0.87227129441674,0.2536385734250354,0.9040182128383674,0.6512535725540709,0.25276464028429646,0.0,1.419682652809316,1.419682652809316,0.2699024838013476,1,PREDICTIVELY_IDENTIFIABLE,0.8150387180304459,1.1293553808978819e-06,0.9999999999999967
4,5,1test,1,right_hand,1,0.9090137794313427,0.8169490774002407,0.09206470203110195,0.9161257070734514,0.9420138303712582,-0.025888123297806764,1.0981674816325897,0.750433077584938,0.34773440404765166,0.0,1.5603054757945314,1.5603054757945314,0.2796350973407752,1,PREDICTIVELY_IDENTIFIABLE,0.9130432880765149,3.698149272179129e-07,-0.999999999999995
4,5,1test,1,feet,2,0.9787301114499378,0.8337863747251674,0.14494373672477046,0.9542604278878472,0.8196466305547139,0.13461379733313328,1.1030185601174116,0.8080069789137416,0.29501158120367,0.0,1.594360273902743,1.594360273902743,0.29915262268293563,1,PREDICTIVELY_IDENTIFIABLE,0.7973071287931583,6.875941773586563e-07,1.0000000000000053
4,5,1test,1,tongue,3,1.28157839320209,0.894358320644466,0.38722007255762414,1.4712443909498383,1.195010386480927,0.27623400446891133,1.359819962889005,0.835230732317127,0.5245892305718781,0.0,1.6251613210524225,1.6251613210524225,0.375182227863914,1,PREDICTIVELY_IDENTIFIABLE,0.8787393744818658,4.115812052472512e-06,1.0000000000000004
4,6,0train,0,left_hand,0,0.6054785613944926,0.7160566894853277,-0.11057812809083511,1.0788636027783491,1.3355691957173559,-0.25670559293900674,0.6147193785369985,0.5327413829378062,0.08197799559919239,0.0,1.0981955456672097,1.0981955456672097,0.5253317795425722,1,PREDICTIVELY_IDENTIFIABLE,0.1680469806461159,8.200586470639308e-07,0.9999999999999966
4,6,0train,0,right_hand,1,1.441972482398466,1.347327972679053,0.09464450971941307,2.0053526669146793,1.590568666312084,0.41478400060259535,1.701108947866217,1.2893564006912466,0.41175254717497034,0.0,1.502926963141264,1.502926963141264,0.4071127414521276,1,PREDICTIVELY_IDENTIFIABLE,0.17197356792609492,2.8004143384950694e-07,0.9999999999999922
4,6,0train,0,feet,2,1.9416092191519856,1.6798478672062127,0.2617613519457729,2.805396578269664,1.7550300411197228,1.0503665371499413,1.4791085176660177,1.13600104454387,0.34310747312214773,0.0,1.2840021402090607,1.2840021402090607,0.5069328894161764,1,PREDICTIVELY_IDENTIFIABLE,0.14852311364380366,6.239493150396662e-07,1.0000000000000007
4,6,0train,0,tongue,3,1.1234931176418828,0.8990982828153681,0.22439483482651468,1.5138466207079015,1.1093653700975383,0.4044812506103632,1.3349233968844871,0.9287310565996063,0.4061923402848808,0.0,1.350829454866908,1.350829454866908,0.41019598611341157,1,PREDICTIVELY_IDENTIFIABLE,0.1810970123829465,4.143870738772338e-06,0.9999999999999976
4,6,1test,1,left_hand,0,0.44290137774555477,0.36080278682946954,0.08209859091608523,0.46808151112065005,0.3719212207385889,0.09616029038206114,0.6795188201687444,0.6258300908036165,0.05368872936512792,0.0,1.1722891778238653,1.1722891778238653,0.4836700991651904,1,PREDICTIVELY_IDENTIFIABLE,0.5856492322444126,6.48024338151706e-08,0.9999999999999932
4,6,1test,1,right_hand,1,0.9200101122152549,0.5962082596532726,0.32380185256198224,1.0011458731712433,0.7201582549102988,0.2809876182609444,1.0482240525741653,0.7585531101788531,0.2896709423953122,0.0,1.437195860872172,1.437195860872172,0.38738926988341393,1,PREDICTIVELY_IDENTIFIABLE,0.5462257941713251,2.5412343813206676e-06,1.0000000000000049
4,6,1test,1,feet,2,0.42568722037471185,0.44734696338767693,-0.021659743012965083,0.4091213175880381,0.39260889556075584,0.01651242202728226,0.6851463550824332,0.6739926796508269,0.01115367543160628,0.0,1.0547238484922723,1.0547238484922723,0.6659953985697823,1,PREDICTIVELY_IDENTIFIABLE,0.611149504112136,4.809257562290391e-08,-1.000000000000001
4,6,1test,1,tongue,3,1.4038806737715153,1.1833922766981182,0.22048839707339707,1.2029160676497952,0.8088701098761114,0.3940459577736838,1.8058852379775248,1.5792092203264065,0.22667601765111822,0.0,1.7088843196456787,1.7088843196456787,0.39430803497952904,1,PREDICTIVELY_IDENTIFIABLE,0.366070544863324,7.812089763755127e-07,-0.9999999999999966
4,7,0train,0,left_hand,0,2.3488624079594755,1.6986125214007997,0.6502498865586759,4.990873345026888,4.662707575269145,0.32816576975774225,1.4117693718597069,0.7464087045435515,0.6653606673161554,0.0,0.9736587879931582,0.9736587879931582,0.8031896641999365,1,PREDICTIVELY_IDENTIFIABLE,0.6613571714583198,2.4776182461859882e-06,1.0000000000000007
4,7,0train,0,right_hand,1,2.677612667262524,1.9904696550466987,0.6871430122158251,2.587646676170834,2.1502838142711638,0.4373628618996701,2.6210757825304802,1.8312028318578446,0.7898729506726356,0.0,1.1302515399669246,1.1302515399669246,0.5399887550786342,1,PREDICTIVELY_IDENTIFIABLE,0.7556661088302125,9.574551613591828e-06,1.0000000000000009
4,7,0train,0,feet,2,3.058574818490536,1.8923147146209238,1.166260103869612,2.8888255603405675,2.3184163992322087,0.5704091611083588,2.3258801331099903,1.2522972553557319,1.0735828777542584,0.0,1.1852886525640565,1.1852886525640565,0.5522335710478355,1,PREDICTIVELY_IDENTIFIABLE,0.7680839328034127,7.210088557673177e-06,-0.9999999999999954
4,7,0train,0,tongue,3,4.442633623536055,3.2278649908417942,1.2147686326942604,6.04329150607233,4.915985905428281,1.127305600644049,2.737168156653373,1.7950367596841188,0.9421313969692542,0.0,0.9069210381359147,0.9069210381359147,0.9707402431657166,1,PREDICTIVELY_IDENTIFIABLE,0.4899480025691393,6.981304335307022e-07,0.9999999999999987
4,7,1test,1,left_hand,0,1.0117230039107477,0.39527312411157584,0.6164498797991718,1.0104807962610698,0.41798258746952244,0.5924982087915474,1.136979653044285,0.5421137894780151,0.5948658635662699,0.0,0.8906396039947178,0.8906396039947178,0.7186139493028547,1,PREDICTIVELY_IDENTIFIABLE,0.5818841615056338,3.870192227267464e-06,-0.9999999999999998
4,7,1test,1,right_hand,1,1.1403484855239276,0.469664363493068,0.6706841220308597,1.2385147157024585,0.7118942080770269,0.5266205076254317,1.1577908392478935,0.43694995269511827,0.7208408865527752,0.0,0.9327102741017861,0.9327102741017861,0.6713737255228353,1,PREDICTIVELY_IDENTIFIABLE,0.6214557766950715,1.7873842920236303e-06,1.0000000000000047
4,7,1test,1,feet,2,1.9319344611518032,0.807397162261265,1.1245372988905382,1.8298146810274731,0.8595194834433041,0.970295197584169,2.026991476258561,0.9138802438351711,1.1131112324233898,0.0,1.297861470411821,1.297861470411821,0.6255715859806177,1,PREDICTIVELY_IDENTIFIABLE,0.39672912097252094,2.0543433880601879e-07,0.999999999999999
4,7,1test,1,tongue,3,1.2198331612738047,0.6543001810848708,0.5655329801889339,1.3262869644414863,0.8050608571015908,0.5212261073398955,1.2796946707811305,0.7354590860568184,0.5442355847243121,0.0,0.7351805330757765,0.7351805330757765,0.9457638268527169,1,PREDICTIVELY_IDENTIFIABLE,0.5474829158261036,9.459797175269772e-06,1.0000000000000024
4,8,0train,0,left_hand,0,1.8885813543190122,2.2269748127391242,-0.33839345842011204,4.562452650412541,4.714083341918395,-0.1516306915058543,1.0563680253432322,1.010559119449798,0.045808905893434115,0.0,1.1685948005553297,1.1685948005553297,0.8352877305506444,1,PREDICTIVELY_IDENTIFIABLE,1.5251086707183341,7.53558246821217e-06,1.0000000000000004
4,8,0train,0,right_hand,1,2.9952216181483347,3.38369548875252,-0.3884738706041855,3.188194132786254,3.2064055196401275,-0.018211386853873357,2.763480580992938,2.959414616964694,-0.19593403597175607,0.0,1.1980528369503596,1.1980528369503596,0.7059854155661262,1,PREDICTIVELY_IDENTIFIABLE,1.5484829854779742,2.900074736858125e-07,1.000000000000004
4,8,0train,0,feet,2,4.032674605952779,4.198467825294545,-0.16579321934176594,2.796867096194106,2.4236987561152072,0.37316834007889854,3.6390313710951436,3.386947004358127,0.25208436673701673,0.0,1.292897873758005,1.292897873758005,0.5464265798769055,1,PREDICTIVELY_IDENTIFIABLE,1.4666146012757943,1.1994641249558036e-07,-0.9999999999999937
4,8,0train,0,tongue,3,7.520420226978039,7.563530108209217,-0.04310988123117809,8.32683407182141,8.11034907192759,0.21648499989382053,5.656961247166785,5.225977844776741,0.4309834023900434,0.0,0.806804764540533,0.806804764540533,1.3216789050137605,1,PREDICTIVELY_IDENTIFIABLE,0.8494471913527659,1.633923356416016e-06,0.9999999999999997
4,8,1test,1,left_hand,0,0.8349991337719941,1.005613775854201,-0.1706146420822069,0.8036669075163013,0.8815472890236579,-0.07788038150735654,1.002310461130247,1.2256848021418825,-0.22337434101163556,0.0,0.9864558129182878,0.9864558129182878,0.9495911194372053,1,PREDICTIVELY_IDENTIFIABLE,1.2393596306488408,4.609256623343679e-06,-0.9999999999999967
4,8,1test,1,right_hand,1,1.0903743371115895,1.5862724790908085,-0.495898141979219,1.1377077414776238,1.6666103866561717,-0.5289026451785479,1.1659978387177328,1.288094428278844,-0.12209658956111125,0.0,1.305924008667622,1.305924008667622,0.6824005035177123,1,PREDICTIVELY_IDENTIFIABLE,1.1981631726402142,1.8681300936783165e-07,0.9999999999999993
4,8,1test,1,feet,2,1.6896502071478523,1.5909529996745353,0.098697207473317,1.7402915645738954,1.5735260329040324,0.16676553166986308,1.645426535610709,1.5504321522280922,0.09499438338261679,0.0,1.5561226390273415,1.5561226390273415,0.4438359016715307,1,PREDICTIVELY_IDENTIFIABLE,0.9256880951714536,9.76673439417947e-06,-1.0000000000000024
4,8,1test,1,tongue,3,1.406584414415601,1.3811154504903838,0.025468963925217247,1.3071748821233287,1.3815972863178303,-0.07442240419450163,1.6390447011297895,1.3473477419945843,0.2916969591352052,0.0,0.8990912459293496,0.8990912459293496,1.1466563785693844,1,PREDICTIVELY_IDENTIFIABLE,1.233871867731091,3.62997721341345e-07,-0.9999999999999947
4,9,0train,0,left_hand,0,3.183431590688041,2.8737327236394306,0.30969886704861027,4.516680873362213,4.096665184154427,0.4200156892077862,2.278438061935044,1.801578629097306,0.47685943283773824,0.0,0.998106388490813,0.998106388490813,1.0183784158883493,1,PREDICTIVELY_IDENTIFIABLE,1.5427832016424046,5.311410369490435e-08,-0.9999999999999998
4,9,0train,0,right_hand,1,2.7854837450463203,3.007799505958265,-0.2223157609119446,3.7664176088640624,3.550323903388727,0.21609370547533535,2.3399351190587487,2.5085952569221694,-0.1686601378634207,0.0,1.1748397116832539,1.1748397116832539,0.644535180955806,1,PREDICTIVELY_IDENTIFIABLE,1.7406320370281325,3.1559664791235364e-06,-0.9999999999999982
4,9,0train,0,feet,2,3.078012079634556,2.3839911889314895,0.6940208907030665,2.9191441778003795,2.2253138742383887,0.6938303035619908,2.459238274857931,1.8151786923719346,0.6440595824859965,0.0,1.4573229170979705,1.4573229170979705,0.4935189988657448,1,PREDICTIVELY_IDENTIFIABLE,1.7874964013599905,3.071337907616963e-06,-0.9999999999999973
4,9,0train,0,tongue,3,9.046412803522148,8.80682084300687,0.23959196051527876,10.428768311971801,9.807404077795775,0.6213642341760259,6.231024359281924,5.901893701839904,0.3291306574420201,0.0,0.6814426654546784,0.6814426654546784,1.3984166952598027,1,PREDICTIVELY_IDENTIFIABLE,0.7741936926593234,7.731584854828269e-07,0.9999999999999978
4,9,1test,1,left_hand,0,5.5289000169543385,4.822715985219361,0.7061840317349777,5.496472949610485,4.586732168978221,0.9097407806322639,5.381539525536671,4.802329484207813,0.5792100413288583,0.0,0.7547503238243142,0.7547503238243142,2.2275745455534994,1,PREDICTIVELY_IDENTIFIABLE,2.865673415205125,1.0354924648029936e-06,0.9999999999999991
4,9,1test,1,right_hand,1,1.4393899113659083,1.6578936839509508,-0.2185037725850425,2.0387451647115453,2.4703816615174587,-0.4316364968059134,1.3425751846762324,1.2962585432626683,0.046316641413564064,0.0,1.6184949705235339,1.6184949705235339,0.5879333433060747,1,PREDICTIVELY_IDENTIFIABLE,4.755744767722438,1.0169794935669452e-06,-1.0000000000000022
4,9,1test,1,feet,2,2.5794696406512627,1.6074471877976726,0.9720224528535901,2.7130365389231756,1.6612300834888862,1.0518064554342894,2.4733623062799532,1.5318512813789174,0.9415110249010359,0.0,1.3806153940828947,1.3806153940828947,0.9554286019114688,1,PREDICTIVELY_IDENTIFIABLE,4.610032438919568,5.7608568745697794e-08,1.0000000000000044
4,9,1test,1,tongue,3,5.516266661847986,5.3272525644306885,0.18901409741729758,6.050321148795843,5.681121534940542,0.36919961385530087,4.6523564068356045,4.457479792999868,0.19487661383573673,0.0,0.7171251215599787,0.7171251215599787,1.91920984253409,1,PREDICTIVELY_IDENTIFIABLE,3.3692980171302023,8.530508454330981e-06,0.9999999999999978
5,1,0train,0,left_hand,0,7.355515264016248,6.4682854794383395,0.887229784577908,7.130926551219004,6.216578121948729,0.9143484292702757,4.9199827661102065,3.8381762759472675,1.081806490162939,0.0,1.0680002329138418,1.0680002329138418,0.9808844248892614,1,PREDICTIVELY_IDENTIFIABLE,2.756019547238207,2.8094843047280775e-06,-1.0000000000000042
5,1,0train,0,right_hand,1,25.747323571959125,23.863170705323338,1.8841528666357874,19.2034627648924,17.271434217602756,1.9320285472896437,16.482613722392408,14.192371900237504,2.290241822154904,0.0,0.9506055486999575,0.9506055486999575,1.2100460271357798,1,PREDICTIVELY_IDENTIFIABLE,2.093135984231156,5.526296656521068e-07,-1.000000000000001
5,1,0train,0,feet,2,10.68040434512669,9.938651489338223,0.7417528557884658,7.362579942353354,5.4444381117380285,1.9181418306153253,6.472344561279075,6.077939729313136,0.39440483196593945,0.0,0.9650471473591867,0.9650471473591867,0.7783656963593764,1,PREDICTIVELY_IDENTIFIABLE,2.856644105573104,1.7132407759117703e-07,1.0000000000000073
5,1,0train,0,tongue,3,12.09043634618706,11.195475818820759,0.894960527366301,14.431946659060188,14.14918692256599,0.2827597364941976,7.324774157829391,6.1308765013910165,1.1938976564383745,0.0,0.8651459144611692,0.8651459144611692,1.3220448920963832,1,PREDICTIVELY_IDENTIFIABLE,2.1483577850168603,1.5252048270736832e-06,1.0000000000000033
5,1,1test,1,left_hand,0,13.937028807907154,13.819929456582514,0.11709935132464011,11.987330072514679,10.803505930811644,1.1838241417030346,10.829185336403885,10.481624008295995,0.34756132810789,0.0,1.0431636169632275,1.0431636169632275,1.1005516105860322,1,PREDICTIVELY_IDENTIFIABLE,3.02313963074743,3.0545035125385215e-07,1.0000000000000038
5,1,1test,1,right_hand,1,18.76827636667813,18.376456192776875,0.39182017390125523,16.084477875946178,15.339850643162851,0.7446272327833263,12.939800614263191,11.686221917564193,1.2535786966989981,0.0,1.0556825044554754,1.0556825044554754,1.3174556102204777,1,PREDICTIVELY_IDENTIFIABLE,2.6266932389672797,7.740337244350258e-08,1.0000000000000044
5,1,1test,1,feet,2,9.041541144677785,9.55205685897868,-0.5105157143008956,7.46129886283896,7.660904018545753,-0.19960515570679327,7.8389474818926,7.8701126900255245,-0.031165208132924782,0.0,0.9160239840653496,0.9160239840653496,0.9923476345788164,1,PREDICTIVELY_IDENTIFIABLE,3.2057409365887737,7.196810772491932e-08,-1.0000000000000018
5,1,1test,1,tongue,3,11.03720724080064,9.602658033660681,1.434549207139959,7.1043288287321635,5.960619681300291,1.1437091474318724,9.697276891260357,8.175595844698957,1.5216810465613992,0.0,0.8740513680926624,0.8740513680926624,1.244887132902924,1,PREDICTIVELY_IDENTIFIABLE,2.7778070503805896,3.472193846413825e-06,-1.0000000000000007
5,2,0train,0,left_hand,0,1.2637472311946802,1.0393596098409859,0.2243876213536944,2.479453191409964,1.4467691410931358,1.032684050316828,1.2412186768845084,0.9318945070752387,0.3093241698092697,0.0,1.546585530656998,1.546585530656998,0.3286919944959825,1,PREDICTIVELY_IDENTIFIABLE,0.47002067477812387,2.8962309830322124e-06,-0.9999999999999947
5,2,0train,0,right_hand,1,3.36846933886585,1.655645885999987,1.7128234528658632,2.8607908236131574,1.5062050747454998,1.3545857488676576,3.061532900933365,1.7046127287916177,1.3569201721417472,0.0,1.4834735413107245,1.4834735413107245,0.35108606692715033,1,PREDICTIVELY_IDENTIFIABLE,0.47593647931693256,2.580047072502148e-06,0.9999999999999997
5,2,0train,0,feet,2,8.081277012926108,6.054604560947721,2.0266724519783876,6.048839063317927,3.4928247531837244,2.5560143101342025,4.791916458391918,3.5609376283912186,1.2309788300006992,0.0,1.2973977566218522,1.2973977566218522,0.6734734015407021,1,PREDICTIVELY_IDENTIFIABLE,0.24377272764656566,6.55225056517287e-07,1.000000000000002
5,2,0train,0,tongue,3,2.416157002796998,2.520875583570049,-0.10471858077305107,2.9723422559772046,2.082753081156408,0.8895891748207965,2.0072510586510344,1.5627277336122944,0.4445233250387399,0.0,1.4553736548630747,1.4553736548630747,0.41996011134427275,1,PREDICTIVELY_IDENTIFIABLE,0.3571675784820807,2.5143006279550564e-06,0.9999999999999989
5,2,1test,1,left_hand,0,3.3835468281478827,2.5768250584813863,0.8067217696664963,4.006010162689439,3.1985253313028457,0.807484831386593,2.076843244845245,1.2838158050559747,0.7930274397892705,0.0,1.390706967212575,1.390706967212575,0.38659755005446633,1,PREDICTIVELY_IDENTIFIABLE,0.33868526800509147,1.1043748096133956e-06,1.0000000000000029
5,2,1test,1,right_hand,1,2.0779643115219057,1.0447395122275929,1.0332247992943129,2.0733854490931702,1.3853762651677324,0.6880091839254379,1.8697376162546082,0.9642751675957035,0.9054624486589047,0.0,1.354384303375078,1.354384303375078,0.30930689102045406,1,PREDICTIVELY_IDENTIFIABLE,0.4434247753278363,3.6279533577555906e-06,-0.999999999999995
5,2,1test,1,feet,2,2.6236214909165243,1.7273203143897424,0.8963011765267819,2.6499792300394547,1.8612480566712395,0.7887311733682152,2.558864319228333,1.5807616140236966,0.9781027052046363,0.0,1.1454199814748571,1.1454199814748571,0.5319799460726727,1,PREDICTIVELY_IDENTIFIABLE,0.3808664595396891,8.293018976204295e-06,-0.9999999999999933
5,2,1test,1,tongue,3,2.9518386733690036,1.9362789810955603,1.0155596922734433,2.825176533460764,1.6109386281683744,1.2142379052923895,2.3628924944883973,1.481490408856344,0.8814020856320532,0.0,0.9333692402411129,0.9333692402411129,0.4923803364299254,1,PREDICTIVELY_IDENTIFIABLE,0.2744023144359259,2.2710298270100317e-06,-0.999999999999998
5,3,0train,0,left_hand,0,9.224193226926918,7.800075703850081,1.4241175230768368,15.592612339788756,13.485173255656985,2.107439084131771,3.9192313198406445,2.471263745364648,1.4479675744759963,0.0,1.1301562795216988,1.1301562795216988,1.0215341964572253,1,PREDICTIVELY_IDENTIFIABLE,1.8230544764008556,1.0292938092699625e-06,-1.0000000000000049
5,3,0train,0,right_hand,1,15.086259199006568,16.704085398178314,-1.6178261991717466,14.83800591698303,13.968559345171137,0.8694465718118938,7.462959234603844,7.0843747312115175,0.3785845033923261,0.0,1.3017542411357275,1.3017542411357275,0.9942236030393697,1,PREDICTIVELY_IDENTIFIABLE,1.7336483364450368,8.447055809112743e-07,1.0000000000000089
5,3,0train,0,feet,2,5.6035980630747515,5.863187463221859,-0.2595894001471075,4.367369708410219,3.779630072357941,0.5877396360522784,4.11771657327251,3.5308063762267854,0.5869101970457247,0.0,1.2129746484674504,1.2129746484674504,0.6154216224351956,1,PREDICTIVELY_IDENTIFIABLE,2.252925957117154,3.3277358495948347e-07,-1.0000000000000036
5,3,0train,0,tongue,3,8.752597166231524,8.24814270844258,0.5044544577889436,19.823628272349065,18.761041377552385,1.0625868947966808,2.385897476141844,1.941821543551223,0.44407593259062117,0.0,0.852596127574097,0.852596127574097,1.1571992184447009,1,PREDICTIVELY_IDENTIFIABLE,1.6162234791921495,8.03135859867044e-07,-1.0000000000000007
5,3,1test,1,left_hand,0,10.946813202561023,10.480771189353357,0.4660420132076659,11.194320450120939,10.329398534452745,0.8649219156681944,6.606185129942266,5.575787116671744,1.0303980132705215,0.0,1.025846961268778,1.025846961268778,0.9616435125793573,1,PREDICTIVELY_IDENTIFIABLE,2.0295167796053275,1.7090857498072995e-07,1.0000000000000053
5,3,1test,1,right_hand,1,11.484395816283499,12.132511692649206,-0.6481158763657078,11.811620104181914,11.157565072297475,0.6540550318844396,6.783729663731087,6.627132719307259,0.15659694442382843,0.0,1.2964459860891613,1.2964459860891613,1.0931970801625541,1,PREDICTIVELY_IDENTIFIABLE,1.870162985419014,5.519136250841624e-06,-0.9999999999999958
5,3,1test,1,feet,2,4.198725793013498,3.5369229361244834,0.6618028568890146,3.8532451707395285,3.9699537119834396,-0.11670854124391106,3.6698927112802857,2.8159592666136213,0.8539334446666644,0.0,1.1515249719307292,1.1515249719307292,0.652296288013793,1,PREDICTIVELY_IDENTIFIABLE,2.4285054370871797,3.0895716607974834e-07,0.999999999999998
5,3,1test,1,tongue,3,8.982666307302273,8.589335687392365,0.39333061990990714,10.568448194885336,9.26252653357506,1.3059216613102755,4.259111906592049,3.9030450636289507,0.35606684296309865,0.0,0.8054941786695952,0.8054941786695952,1.1822752681469018,1,PREDICTIVELY_IDENTIFIABLE,1.6406438000424488,7.121776396472234e-06,0.9999999999999922
5,4,0train,0,left_hand,0,1.7074362089736503,1.0228714605751812,0.6845647483984691,2.034034412989581,1.404766682314643,0.6292677306749379,1.5066049581877596,0.8371024298491062,0.6695025283386534,0.0,1.2785893553161471,1.2785893553161471,0.4445327966327552,1,PREDICTIVELY_IDENTIFIABLE,0.1340700822160877,4.967807393403883e-06,1.0000000000000024
5,4,0train,0,right_hand,1,2.3429984267461643,1.7629148777005665,0.5800835490455978,2.1306671011382514,1.616553884514778,0.5141132166234734,2.1899741943220308,1.5556085568992422,0.6343656374227886,0.0,1.438187665112683,1.438187665112683,0.33698653572500836,1,PREDICTIVELY_IDENTIFIABLE,0.13249864755832697,5.996441851061835e-08,-1.0000000000000013
5,4,0train,0,feet,2,2.3309390211717265,1.6204560834919226,0.7104829376798039,1.8262957292366564,1.2560073780891186,0.5702883511475378,2.4632577176072514,1.7997644604996346,0.6634932571076169,0.0,1.5197836652219627,1.5197836652219627,0.3341941131321398,1,PREDICTIVELY_IDENTIFIABLE,0.13742566231962983,1.0797523897970011e-07,0.999999999999999
5,4,0train,0,tongue,3,1.4802483167293112,0.8211344401239097,0.6591138766054015,2.1928810239606342,1.4224668086948737,0.7704142152657605,1.170755339891376,0.6206348895364687,0.5501204503549072,0.0,1.2208904933499127,1.2208904933499127,0.38832405938361064,1,PREDICTIVELY_IDENTIFIABLE,0.14163120350440003,1.055960639378412e-07,0.9999999999999964
5,4,1test,1,left_hand,0,7.159822460666272,5.829381416351136,1.330441044315136,7.396510385956033,5.72042600484316,1.6760843811128723,4.390787965588747,3.1631144037673806,1.2276735618213666,0.0,0.7966395200501822,0.7966395200501822,0.73853073495487,1,PREDICTIVELY_IDENTIFIABLE,0.8165541372570508,7.586747355644447e-06,-1.000000000000004
5,4,1test,1,right_hand,1,4.772671215092482,4.2892959614177695,0.4833752536747129,3.876512502993532,3.8279309383798887,0.04858156461364338,4.5348159758347615,2.9595172713658022,1.5752987044689593,0.0,1.0004109012003324,1.0004109012003324,0.6407479194129069,1,PREDICTIVELY_IDENTIFIABLE,0.9130432880615817,2.811859272977594e-08,-1.0000000000000042
5,4,1test,1,feet,2,6.0674425222168535,5.1389530454604335,0.92848947675642,4.578855098324859,3.9527316604689307,0.6261234378559286,5.550534080037556,4.065570301855307,1.484963778182249,0.0,0.9014534607513189,0.9014534607513189,0.744842030122921,1,PREDICTIVELY_IDENTIFIABLE,0.795271594901739,1.0187561124402557e-06,-1.000000000000004
5,4,1test,1,tongue,3,3.5904828188785727,2.5415004369559644,1.0489823819226083,3.4374903646209503,2.7920831513788915,0.6454072132420587,2.8245779743595154,1.6385828992149765,1.185995075144539,0.0,0.8632403340160854,0.8632403340160854,0.6279804099478171,1,PREDICTIVELY_IDENTIFIABLE,0.8784262059930725,6.423956667500108e-07,-0.9999999999999963
5,6,0train,0,left_hand,0,2.3973013913606733,1.4851046022797267,0.9121967890809466,2.766151681239082,1.4580701770913467,1.3080815041477352,1.8817150813640247,1.3288083231266143,0.5529067582374103,0.0,1.1599391665765395,1.1599391665765395,0.5253317795425725,1,PREDICTIVELY_IDENTIFIABLE,0.25010760036794943,4.059386098464409e-06,-1.0000000000000018
5,6,0train,0,right_hand,1,3.4042855572898043,2.2125156066074374,1.191769950682367,4.193296231922122,2.770287733490802,1.4230084984313196,2.4347507710430594,1.9506013955157355,0.48414937552732384,0.0,1.5096474446649597,1.5096474446649597,0.40711274145212756,1,PREDICTIVELY_IDENTIFIABLE,0.270572102430277,3.134627208805142e-08,-0.9999999999999948
5,6,0train,0,feet,2,5.316103074629846,3.305843863871508,2.0102592107583384,3.892508376457902,1.8604208443916,2.032087532066302,4.243823626739654,2.9383760821005525,1.3054475446391014,0.0,1.284385194738103,1.284385194738103,0.5069328894161761,1,PREDICTIVELY_IDENTIFIABLE,0.21484397356856472,6.561013040861513e-06,-0.9999999999999928
5,6,0train,0,tongue,3,1.5774833138698046,1.061857575910301,0.5156257379595035,2.2939309197278672,1.8525762236867178,0.4413546960411494,1.499193070290726,0.7669520976518011,0.7322409726389248,0.0,1.322454996219631,1.322454996219631,0.4101959861134118,1,PREDICTIVELY_IDENTIFIABLE,0.29843352539214396,5.9323171934802126e-06,1.0000000000000022
5,6,1test,1,left_hand,0,3.2164455177970184,2.818932133317944,0.39751338447907436,4.308849005881974,3.1939484248329784,1.114900581048996,2.3963274633854414,1.946731813507594,0.4495956498778475,0.0,1.3233182893678261,1.3233182893678261,0.48367009916519077,1,PREDICTIVELY_IDENTIFIABLE,0.3327954501796828,1.2302516664395793e-07,1.0000000000000016
5,6,1test,1,right_hand,1,1.9472504064615819,1.8415405774883324,0.10570982897324943,2.81583046325406,2.2561744242544024,0.5596560389996577,1.8146102879893844,1.3955757224360106,0.4190345655533738,0.0,1.5020143403459372,1.5020143403459372,0.3873892698834139,1,PREDICTIVELY_IDENTIFIABLE,0.4010144580650241,2.0320350548621005e-06,-1.000000000000002
5,6,1test,1,feet,2,4.414319948103386,3.143719033183477,1.2706009149199091,3.2826742358505405,2.5912825307809313,0.6913917050696092,4.821321259249429,3.2584353477108814,1.5628859115385478,0.0,1.0878997752631658,1.0878997752631658,0.6659953985697825,1,PREDICTIVELY_IDENTIFIABLE,0.2600415301120923,1.7781001360366342e-06,1.0000000000000013
5,6,1test,1,tongue,3,2.2341682114316592,1.0999962996245336,1.1341719118071256,2.329914056393119,1.0939340731043363,1.2359799832887828,2.203761361087477,1.355922350937556,0.8478390101499209,0.0,1.649963818618253,1.649963818618253,0.394308034979529,1,PREDICTIVELY_IDENTIFIABLE,0.3990557572387029,8.370959222534169e-07,0.9999999999999956
5,7,0train,0,left_hand,0,4.438624816672624,3.8178676978879325,0.6207571187846912,8.263799409817718,6.613121783706,1.650677626111718,1.9994909231256852,1.3642975276269287,0.6351933954987565,0.0,1.0453667221814553,1.0453667221814553,0.8031896641999368,1,PREDICTIVELY_IDENTIFIABLE,0.8215760342096421,1.1248589379965206e-07,-1.0000000000000007
5,7,0train,0,right_hand,1,4.925192941599595,4.101830968722552,0.8233619728770432,4.026763951017349,3.450276217165487,0.5764877338518621,3.7066641094168227,2.5351863056095847,1.171477803807238,0.0,1.0941240806419086,1.0941240806419086,0.5399887550786341,1,PREDICTIVELY_IDENTIFIABLE,0.9653986683440279,3.2118243896097924e-08,1.0000000000000053
5,7,0train,0,feet,2,5.438526893728488,4.818009712288842,0.620517181439646,4.001088170333693,2.5185372367230725,1.4825509336106206,3.8952132803175266,3.1793572659971114,0.7158560143204151,0.0,1.2855463652181753,1.2855463652181753,0.5522335710478354,1,PREDICTIVELY_IDENTIFIABLE,0.9583797936481534,9.874298110049084e-06,0.9999999999999958
5,7,0train,0,tongue,3,5.7142907525480675,4.957488385369557,0.7568023671785102,10.766380759913533,9.898117287700078,0.8682634722134548,2.2906363688085127,1.6700295904756801,0.6206067783328326,0.0,0.9974330996372059,0.9974330996372059,0.9707402431657169,1,PREDICTIVELY_IDENTIFIABLE,0.6350553098600209,3.3516049684940447e-07,-1.0000000000000004
5,7,1test,1,left_hand,0,5.892565275569455,4.912765507658123,0.9797997679113317,7.025829293311667,5.885175455792255,1.1406538375194124,3.2184194926129077,2.8939984053749352,0.32442108723797247,0.0,1.1143426713888533,1.1143426713888533,0.718613949302855,1,PREDICTIVELY_IDENTIFIABLE,1.0610553250065689,2.57725100420599e-06,-1.0000000000000036
5,7,1test,1,right_hand,1,4.017655894038822,3.7067265523860553,0.31092934165276676,5.001336913184742,4.517505168668559,0.48383174451618327,2.5152298159076323,2.332785884897086,0.18244393101054612,0.0,1.0563939802749982,1.0563939802749982,0.6713737255228348,1,PREDICTIVELY_IDENTIFIABLE,1.1158594793982286,9.74004734664548e-07,-0.9999999999999982
5,7,1test,1,feet,2,4.947300813116311,3.5687611554444008,1.3785396576719107,4.586204090840969,3.477379559718181,1.1088245311227878,3.975302150925847,2.6508993223298765,1.3244028285959706,0.0,1.2493807273651942,1.2493807273651942,0.6255715859806181,1,PREDICTIVELY_IDENTIFIABLE,1.1148031950440989,2.6572906636813957e-06,-0.9999999999999987
5,7,1test,1,tongue,3,5.858624263380147,5.195668942730968,0.6629553206491785,6.408331984373664,5.05802036365386,1.350311620719804,3.4474548132418383,2.894773501235601,0.5526813120062375,0.0,0.8321450466543796,0.8321450466543796,0.9457638268527165,1,PREDICTIVELY_IDENTIFIABLE,0.7474314888259652,8.287152029593685e-07,0.9999999999999992
5,8,0train,0,left_hand,0,6.4922662331727,5.1840255108919395,1.3082407222807602,10.539268470151267,8.866041678804011,1.6732267913472558,2.7921980520566767,1.7911238044974787,1.001074247559198,0.0,1.22802647351939,1.22802647351939,0.8352877305506436,1,PREDICTIVELY_IDENTIFIABLE,1.711054486900359,1.5996230534632559e-06,-0.9999999999999939
5,8,0train,0,right_hand,1,9.098126540920227,9.691426912957713,-0.5933003720374863,8.06047765219922,7.433008620004588,0.6274690321946315,5.881409993060167,5.506922754541755,0.37448723851841237,0.0,1.3459095343592982,1.3459095343592982,0.7059854155661254,1,PREDICTIVELY_IDENTIFIABLE,1.720333605452879,4.341522368379549e-06,-0.9999999999999964
5,8,0train,0,feet,2,5.88341543306879,6.015453471100767,-0.13203803803197722,3.316255554564631,2.861416443340602,0.45483911122402887,5.330047036310743,5.637215936012196,-0.3071688997014528,0.0,1.2965407922041812,1.2965407922041812,0.5464265798769057,1,PREDICTIVELY_IDENTIFIABLE,1.8808598661677678,3.5120677702152975e-06,-1.0000000000000022
5,8,0train,0,tongue,3,12.594958000471289,10.75264158246299,1.8423164180082985,17.76073817631858,15.648424757890668,2.1123134184279113,6.452109962681117,5.210616550372201,1.241493412308916,0.0,0.9048480541435314,0.9048480541435314,1.321678905013761,1,PREDICTIVELY_IDENTIFIABLE,0.9640852778357385,1.97865462249706e-06,-1.0000000000000007
5,8,1test,1,left_hand,0,10.637702019356654,9.426869068403777,1.2108329509528772,8.745922203721559,7.987282615186502,0.7586395885350568,7.529715133061253,6.9887589112587225,0.5409562218025306,0.0,1.181530998966804,1.181530998966804,0.9495911194372049,1,PREDICTIVELY_IDENTIFIABLE,1.284119861748171,1.3057340232429546e-06,-0.9999999999999923
5,8,1test,1,right_hand,1,4.902890195579959,5.3068946879478185,-0.40400449236785985,4.7229870272377745,4.803168841238226,-0.08018181400045155,3.684504055917155,4.108920535661624,-0.42441647974446894,0.0,1.3077286642313541,1.3077286642313541,0.6824005035177121,1,PREDICTIVELY_IDENTIFIABLE,1.582310394933762,1.2833531436937433e-06,0.9999999999999979
5,8,1test,1,feet,2,2.8974047520534483,2.5295572126501966,0.36784753940325166,2.8710475434124008,2.2180245843740103,0.6530229590383905,2.516378130891869,2.079144612177097,0.437233518714772,0.0,1.404691907377842,1.404691907377842,0.4438359016715308,1,PREDICTIVELY_IDENTIFIABLE,1.7226337280814203,2.3671078004771546e-07,-1.0000000000000033
5,8,1test,1,tongue,3,9.64154341049567,7.546232873020023,2.0953105374756467,8.604726233837017,6.432515907475299,2.172210326361718,6.5298272964476824,4.39017052290445,2.1396567735432326,0.0,0.9751433474470343,0.9751433474470343,1.1466563785693846,1,PREDICTIVELY_IDENTIFIABLE,0.9893235881845537,7.339036817751314e-08,-0.999999999999999
5,9,0train,0,left_hand,0,7.845600629161811,6.586670001961042,1.258930627200769,7.909027597672773,6.370198069242646,1.538829528430127,5.239882990098842,4.493604002820615,0.7462789872782265,0.0,0.966284428816207,0.966284428816207,1.0183784158883498,1,PREDICTIVELY_IDENTIFIABLE,1.7980133361484592,1.2447121235964999e-08,1.0000000000000004
5,9,0train,0,right_hand,1,7.362617755351145,6.120049282826762,1.2425684725243835,7.960193902247981,6.656720767619832,1.303473134628149,4.429242505142867,4.226889945833152,0.2023525593097153,0.0,1.2663764145382936,1.2663764145382936,0.6445351809558066,1,PREDICTIVELY_IDENTIFIABLE,2.097806874093647,2.65512737757569e-08,1.0000000000000107
5,9,0train,0,feet,2,4.457574949552884,3.94191340660966,0.5156615429432234,3.080155168253111,2.5498611788322356,0.5302939894208754,3.7306889298831782,3.0632987368356597,0.6673901930475186,0.0,1.5634524573889905,1.5634524573889905,0.4935189988657449,1,PREDICTIVELY_IDENTIFIABLE,2.247802218757909,2.0728777631658778e-07,0.9999999999999971
5,9,0train,0,tongue,3,13.64791600799109,12.51177860136401,1.1361374066270802,19.961796837097115,18.38641340407404,1.5753834330230738,6.717663991143313,6.02251299345938,0.6951509976839327,0.0,0.707095306469797,0.707095306469797,1.3984166952598032,1,PREDICTIVELY_IDENTIFIABLE,1.0035856013228455,2.6997905150784713e-08,-1.0000000000000016
5,9,1test,1,left_hand,0,62.97769965999541,60.155662274391304,2.822037385604105,56.37161576748086,52.7427748778489,3.6288408896319595,37.37621178997593,35.397663226646905,1.9785485633290278,0.0,0.8106608405807557,0.8106608405807557,2.227574545553498,1,PREDICTIVELY_IDENTIFIABLE,3.825691594512959,4.574473402476796e-06,-1.0000000000000024
5,9,1test,1,right_hand,1,4.594196336181261,4.1878124250522335,0.4063839111290273,6.395303724558089,5.573093624484963,0.8222101000731259,3.294715551108002,2.619238262731726,0.6754772883762761,0.0,1.3721640617399915,1.3721640617399915,0.5879333433060753,1,PREDICTIVELY_IDENTIFIABLE,7.814641395670416,1.310215677154666e-07,1.0000000000000062
5,9,1test,1,feet,2,9.722302471891387,8.11880277299849,1.6034996988928967,8.83454236048672,6.623993299566463,2.2105490609202576,7.336345944725627,6.377626929368597,0.9587190153570297,0.0,1.3285528222214196,1.3285528222214196,0.9554286019114683,1,PREDICTIVELY_IDENTIFIABLE,7.447277627533412,1.7682109269484043e-07,0.9999999999999987
5,9,1test,1,tongue,3,25.079020742471748,23.10517415554015,1.9738465869315966,24.29896052187635,22.40703112494813,1.8919293969282194,14.38998486161018,12.55183675105755,1.8381481105526305,0.0,0.7170693783618093,0.7170693783618093,1.919209842534091,1,PREDICTIVELY_IDENTIFIABLE,4.961406026244081,3.991648780983298e-06,1.0000000000000007
6,1,0train,0,left_hand,0,1.9952152020067142,1.9662055007349637,0.02900970127175051,2.5416539085581507,2.0046967786663648,0.5369571298917859,1.5329416197589962,1.3631425923868556,0.1697990273721406,0.0,1.0116147639742077,1.0116147639742077,0.9808844248892614,1,PREDICTIVELY_IDENTIFIABLE,2.014647319774237,3.138732022056508e-07,-1.0000000000000067
6,1,0train,0,right_hand,1,7.201152850739464,5.965431327019965,1.2357215237194996,4.504472802963627,3.023797219756843,1.480675583206784,7.701501508510216,6.930447549380216,0.7710539591299996,0.0,0.9605596526243206,0.9605596526243206,1.2100460271357805,1,PREDICTIVELY_IDENTIFIABLE,1.4975079745287103,1.614462898875336e-06,-0.9999999999999948
6,1,0train,0,feet,2,1.9672019086082586,1.2825065751585474,0.6846953334497112,2.5285806526505903,1.535064585822247,0.9935160668283434,1.392619984550844,1.0592736540131495,0.33334633053769447,0.0,0.9319372572977086,0.9319372572977086,0.7783656963593761,1,PREDICTIVELY_IDENTIFIABLE,2.1501558607042295,3.397740401379003e-06,0.9999999999999994
6,1,0train,0,tongue,3,7.941044572655525,6.70711901275215,1.2339255599033754,5.255786830377009,4.455778901868039,0.8000079285089692,7.9967568130008475,7.017772828683973,0.9789839843168746,0.0,0.8063346083181373,0.8063346083181373,1.3220448920963832,1,PREDICTIVELY_IDENTIFIABLE,1.3605731691928091,2.0682103156226296e-06,1.0000000000000004
6,1,1test,1,left_hand,0,3.2573265480625184,2.7977610583961896,0.4595654896663288,1.9686389929741774,1.6082358730996953,0.36040311987448215,5.283660408923403,4.256814507242715,1.0268459016806881,0.0,1.1440307085962815,1.1440307085962815,1.1005516105860316,1,PREDICTIVELY_IDENTIFIABLE,2.6707404701739685,1.590058339483497e-06,1.0000000000000027
6,1,1test,1,right_hand,1,9.32003507136139,8.581019176391585,0.7390158949698051,5.523415197764375,4.5298178405930685,0.9935973571713062,10.905327311557322,9.766461339039928,1.1388659725173937,0.0,1.0008889865978299,1.0008889865978299,1.3174556102204762,1,PREDICTIVELY_IDENTIFIABLE,2.0956796615560838,2.749774326239614e-07,-0.9999999999999984
6,1,1test,1,feet,2,1.5167793930499647,1.3136677592156165,0.20311163383434816,1.1988732358465914,1.0472127222607808,0.15166051358581067,2.0540613736213142,1.6270764131216657,0.4269849604996485,0.0,0.9565931957347732,0.9565931957347732,0.9923476345788158,1,PREDICTIVELY_IDENTIFIABLE,2.8020481205026924,4.037658179533197e-06,1.0000000000000009
6,1,1test,1,tongue,3,10.04371439705552,9.713002501908253,0.3307118951472674,5.113613575977814,4.310941688904819,0.8026718870729947,10.77903601643054,11.303240839079923,-0.5242048226493825,0.0,0.9234931221122484,0.9234931221122484,1.2448871329029239,1,PREDICTIVELY_IDENTIFIABLE,1.8467450615689103,5.458623724624612e-06,0.9999999999999963
6,2,0train,0,left_hand,0,0.9193408271396095,0.7739901047894377,0.14535072235017177,1.171372675326058,0.7972037749482113,0.3741689003778468,1.1476986930265491,0.8805970469979397,0.2671016460286094,0.0,1.5415546441651267,1.5415546441651267,0.32869199449598274,1,PREDICTIVELY_IDENTIFIABLE,0.4169620527702243,1.3064278468101684e-08,0.9999999999999989
6,2,0train,0,right_hand,1,1.300586572331393,0.848377559496281,0.45220901283511195,1.0947741376178184,0.9576859454085421,0.13708819220927626,2.05160069833324,1.183357772725455,0.8682429256077853,0.0,1.5134103533140133,1.5134103533140133,0.3510860669271503,1,PREDICTIVELY_IDENTIFIABLE,0.4718136003447144,6.774718201025231e-07,0.9999999999999982
6,2,0train,0,feet,2,1.5424039635354247,0.9348858252922029,0.6075181382432219,1.5415350086598865,1.2624243537399278,0.2791106549199587,1.5356091433372037,0.6890325372239339,0.8465766061132698,0.0,1.0885033384623246,1.0885033384623246,0.6734734015407019,1,PREDICTIVELY_IDENTIFIABLE,0.41815578123149605,5.193736177230369e-07,-1.000000000000002
6,2,0train,0,tongue,3,2.045268137908988,2.009497233981235,0.03577090392775295,1.8744923736509156,1.7140735772977294,0.16041879635318623,1.9949126660748762,1.6299528871397042,0.36495977893517195,0.0,1.3179701527821157,1.3179701527821157,0.4199601113442726,1,PREDICTIVELY_IDENTIFIABLE,0.31311842070492124,3.5160758008137786e-07,0.9999999999999962
6,2,1test,1,left_hand,0,2.2717375253343657,1.8944593579930262,0.37727816734133945,2.7223107411683958,2.308326276348125,0.41398446482027085,1.5939216492920145,1.1794887959939355,0.414432853298079,0.0,1.4047092572440916,1.4047092572440916,0.3865975500544661,1,PREDICTIVELY_IDENTIFIABLE,0.40530606080727954,9.642671218895277e-08,-0.9999999999999974
6,2,1test,1,right_hand,1,1.3493700194012326,0.8325467096898219,0.5168233097114107,1.4194001942484642,0.7885994395269507,0.6308007547215135,1.5596154565265055,1.0249614870990207,0.5346539694274848,0.0,1.4977868581303,1.4977868581303,0.30930689102045394,1,PREDICTIVELY_IDENTIFIABLE,0.7305943453972324,8.538134519221159e-07,0.9999999999999918
6,2,1test,1,feet,2,1.0738002245397404,0.531380575621708,0.5424196489180324,1.4510645482136486,0.8612550029849471,0.5898095452287015,0.9572002491314214,0.4876723314917432,0.4695279176396782,0.0,1.3066398068429017,1.3066398068429017,0.5319799460726724,1,PREDICTIVELY_IDENTIFIABLE,0.6208084420403229,1.2765432218671756e-06,-0.9999999999999997
6,2,1test,1,tongue,3,2.566939794658642,1.7815847420620408,0.7853550525966013,3.0743808951851026,2.3620575687498655,0.7123233264352371,1.8995071622304245,1.0114200311340635,0.888087131096361,0.0,1.0260215553248777,1.0260215553248777,0.49238033642992524,1,PREDICTIVELY_IDENTIFIABLE,0.5970337860779504,1.856860179777573e-07,-0.9999999999999938
6,3,0train,0,left_hand,0,1.9133083121779189,1.8261388445072748,0.08716946767064404,4.630332036960981,4.44743330420623,0.18289873275475088,1.129487445272915,0.8907853872108472,0.23870205806206768,0.0,0.9881668991136315,0.9881668991136315,1.021534196457224,1,PREDICTIVELY_IDENTIFIABLE,1.2980349408359608,1.086961902654554e-07,1.0000000000000002
6,3,0train,0,right_hand,1,4.537281539644595,3.610333433310543,0.9269481063340521,3.787474485784241,2.335065712408983,1.4524087733752578,3.8444338557003257,3.0693640426974684,0.7750698130028573,0.0,1.023798770661623,1.023798770661623,0.9942236030393684,1,PREDICTIVELY_IDENTIFIABLE,1.2628309102288615,2.7021572687404276e-06,-0.999999999999996
6,3,0train,0,feet,2,2.0644346771054907,1.0570855938473878,1.007349083258103,2.314581956736383,1.190578224144716,1.124003732591667,1.7722119588746768,1.0046726566252027,0.7675393022494741,0.0,1.2557123044876912,1.2557123044876912,0.6154216224351953,1,PREDICTIVELY_IDENTIFIABLE,1.555884531652873,3.944737272106e-06,0.9999999999999943
6,3,0train,0,tongue,3,5.368719726805777,4.8636795095330845,0.5050402172726924,6.671966703895172,5.82338043741391,0.848586266481262,2.8240997719667416,2.266790359622831,0.5573094123439106,0.0,0.8357973866245579,0.8357973866245579,1.157199218444701,1,PREDICTIVELY_IDENTIFIABLE,0.9966048220411274,2.220114750887755e-06,1.0000000000000067
6,3,1test,1,left_hand,0,2.1697351806791887,2.0092520357849097,0.16048314489427895,1.6088950389303447,1.4158234683828774,0.19307157054746726,2.7480666606824546,2.202128200318747,0.5459384603637076,0.0,1.1970160353550232,1.1970160353550232,0.961643512579357,1,PREDICTIVELY_IDENTIFIABLE,2.068787926781776,5.163395361508796e-06,0.9999999999999922
6,3,1test,1,right_hand,1,6.2724329292506775,5.1849518375272,1.0874810917234772,4.089703822173466,3.2048346371907583,0.884869184982708,6.739625660039188,5.903420136870892,0.8362055231682959,0.0,1.2401725907165069,1.2401725907165069,1.0931970801625555,1,PREDICTIVELY_IDENTIFIABLE,1.7783017917379476,4.1739106955522774e-07,-0.9999999999999982
6,3,1test,1,feet,2,1.4369577664786053,0.9933305744226345,0.4436271920559708,1.5105018907147933,0.989815735793827,0.5206861549209664,1.4545189883895941,1.0239875815403183,0.4305314068492758,0.0,1.1983207379692875,1.1983207379692875,0.6522962880137932,1,PREDICTIVELY_IDENTIFIABLE,2.1320334014967806,5.793419278514783e-06,1.0000000000000029
6,3,1test,1,tongue,3,9.188710078516788,8.900574958116502,0.28813512040028577,8.446377645445452,6.9732596202436605,1.4731180252017912,5.990524726253421,6.130896365549802,-0.1403716392963812,0.0,0.7688358876183563,0.7688358876183563,1.1822752681469026,1,PREDICTIVELY_IDENTIFIABLE,1.219394210633898,2.6120491740996674e-06,-1.0000000000000042
6,4,0train,0,left_hand,0,0.4335498477872561,0.5127287511083592,-0.07917890332110317,0.7316586955267174,0.9057500813732066,-0.1740913858464892,0.4854332121317739,0.45370928135125776,0.03172393078051611,0.0,1.2624360457356687,1.2624360457356687,0.4445327966327553,1,PREDICTIVELY_IDENTIFIABLE,0.1680469806460105,8.196403807198285e-07,1.0000000000000047
6,4,0train,0,right_hand,1,0.9879903010379787,0.8520199202431998,0.13597038079477886,1.022408060740778,0.810932995242283,0.21147506549849493,1.3642550068786055,1.0340168420955267,0.33023816478307877,0.0,1.4952797335372208,1.4952797335372208,0.33698653572500853,1,PREDICTIVELY_IDENTIFIABLE,0.1758805523756231,6.20273761457366e-07,-1.000000000000003
6,4,0train,0,feet,2,0.8438368341155451,0.729583001079508,0.11425383303603709,1.3507464855139826,0.833799680764581,0.5169468047494016,0.8100591648195012,0.6221504688992946,0.18790869592020665,0.0,1.6515045461741888,1.6515045461741888,0.33419411313213976,1,PREDICTIVELY_IDENTIFIABLE,0.15127800931626223,9.680912692122085e-07,-0.9999999999999996
6,4,0train,0,tongue,3,1.006876492517152,0.8057734798656623,0.20110301265148978,1.0467607477447347,0.8192717263422397,0.22748902140249505,1.2576417902082162,0.8926957123365764,0.3649460778716398,0.0,1.2299890774405697,1.2299890774405697,0.3883240593836108,1,PREDICTIVELY_IDENTIFIABLE,0.18109701247395216,4.275647243788214e-06,1.0000000000000029
6,4,1test,1,left_hand,0,1.0326322853211893,0.8612433114866253,0.17138897383456408,0.8336630103720117,0.6976211103741494,0.13604189999786231,1.5347153853065136,1.4092895224916435,0.12542586281487011,0.0,0.7929063077834015,0.7929063077834015,0.7385307349548702,1,PREDICTIVELY_IDENTIFIABLE,0.5855805277629531,4.771346673562335e-07,-0.9999999999999982
6,4,1test,1,right_hand,1,2.516934047921034,1.6718424291505765,0.8450916187704574,1.61762751264476,1.1469402395530643,0.47068727309169556,3.4670582075459024,2.508955771142546,0.9581024364033564,0.0,0.9465750142671817,0.9465750142671817,0.6407479194129062,1,PREDICTIVELY_IDENTIFIABLE,0.5457285397081242,1.901462051788819e-06,-1.0000000000000009
6,4,1test,1,feet,2,0.5324471483764724,0.5664635318349214,-0.03401638345844893,0.5339873975880389,0.521520528549464,0.012466869038574968,0.7361370002434096,0.7241532360964696,0.011983764146939913,0.0,0.8895189894991461,0.8895189894991461,0.7448420301229209,1,PREDICTIVELY_IDENTIFIABLE,0.6097073343557192,4.063468001237362e-06,-1.0000000000000009
6,4,1test,1,tongue,3,3.5608291250605832,3.001578238156341,0.5592508869042421,2.5987147081497586,1.8211764624545925,0.777538245695166,3.3684941695487214,2.927135375883281,0.4413587936654402,0.0,0.9353698032514786,0.9353698032514786,0.6279804099478171,1,PREDICTIVELY_IDENTIFIABLE,0.36607054486328733,7.809804552253226e-07,-1.0000000000000058
6,5,0train,0,left_hand,0,0.8551021134973695,0.5231013785905915,0.33200073490677806,1.2154295093085135,0.7363137038647679,0.47911580544374555,0.7979700712336618,0.563501501043234,0.23446857019042777,0.0,1.4077366253714008,1.4077366253714008,0.3137482738327645,1,PREDICTIVELY_IDENTIFIABLE,0.2510449146284403,1.977319742306985e-06,1.000000000000006
6,5,0train,0,right_hand,1,1.1777448022177985,0.716288443383443,0.46145635883435554,1.2664833449044253,0.775964227393486,0.49051911751093924,1.2365274095393524,0.9865038525639979,0.2500235569753545,0.0,1.6357855333074895,1.6357855333074895,0.23945687015542086,1,PREDICTIVELY_IDENTIFIABLE,0.2717842912062919,1.2816765484095173e-07,-1.000000000000001
6,5,0train,0,feet,2,1.1340465881663049,0.7318557461142765,0.4021908420520284,1.4782571287394966,0.7065316526779811,0.7717254760615154,1.0096579598712279,0.6428679199758437,0.36679003989538417,0.0,1.7053342022401496,1.7053342022401496,0.23413655311630852,1,PREDICTIVELY_IDENTIFIABLE,0.21710752002264477,3.2852965055559167e-06,-0.9999999999999988
6,5,0train,0,tongue,3,1.1086651966831456,0.7323659268283353,0.3762992698548102,0.9838859889643652,0.8128656736614486,0.17102031530291661,1.5208972373930487,0.7780554424165047,0.742841794976544,0.0,1.3387500137138326,1.3387500137138326,0.34388182782698135,1,PREDICTIVELY_IDENTIFIABLE,0.29476942738970235,5.7567229657461566e-08,1.0000000000000022
6,5,1test,1,left_hand,0,1.0015934648667686,0.8925908202232441,0.1090026446435245,1.1681727591620379,0.8747402615470193,0.29343249761501855,1.1143131027453375,0.9768344229793376,0.1374786797659998,0.0,1.5299356872482268,1.5299356872482268,0.26990248380134774,1,PREDICTIVELY_IDENTIFIABLE,0.32968028185117676,6.431797411534829e-08,1.000000000000003
6,5,1test,1,right_hand,1,1.0146353459019688,0.9595541317483628,0.055081214153606006,1.0752304310076732,0.8202912013629147,0.25493922964475857,1.4534473100077825,1.1462809286578373,0.30716638134994523,0.0,1.526937095052399,1.526937095052399,0.279635097340775,1,PREDICTIVELY_IDENTIFIABLE,0.401014458064496,2.031159937926844e-06,-0.9999999999999923
6,5,1test,1,feet,2,0.8906498100242897,0.6095283000897296,0.2811215099345601,0.8929285296187627,0.7129296698248758,0.17999885979388686,1.029412441702843,0.6957167010986908,0.3336957406041522,0.0,1.4346084109453026,1.4346084109453026,0.2991526226829354,1,PREDICTIVELY_IDENTIFIABLE,0.2588383098714106,1.1133395122828568e-07,1.000000000000001
6,5,1test,1,tongue,3,2.022689081721977,1.0601023657028614,0.9625867160191155,2.15430163302029,1.0114812600068042,1.142820373013486,1.9789647598527964,1.3032477633256212,0.6757169965271752,0.0,1.7369389926426826,1.7369389926426826,0.3751822278639138,1,PREDICTIVELY_IDENTIFIABLE,0.39929066243672184,7.914662863293483e-06,1.0000000000000044
6,7,0train,0,left_hand,0,1.6299910685844772,1.0966425772488984,0.5333484913355788,3.218855575322543,2.7348306115651386,0.48402496375740434,1.1273682818662836,0.7470330639538452,0.3803352179124384,0.0,1.0496549071398547,1.0496549071398547,0.8031896641999368,1,PREDICTIVELY_IDENTIFIABLE,0.6642620918231585,9.905886699667815e-06,-1.0000000000000022
6,7,0train,0,right_hand,1,1.9178486066067106,1.2595754977297122,0.6582731088769984,1.667806988374144,0.8476384258401377,0.8201685625340063,2.122633971359417,1.8961013429574303,0.22653262840198662,0.0,1.0979476559716752,1.0979476559716752,0.5399887550786345,1,PREDICTIVELY_IDENTIFIABLE,0.7447291369247155,3.7351934636253266e-08,1.0000000000000044
6,7,0train,0,feet,2,2.4433920402949143,1.0798864976206046,1.3635055426743097,2.946671304554074,1.2476982138733228,1.698973090680751,1.8078034079612137,0.9508492024739872,0.8569542054872266,0.0,1.2803427383830117,1.2803427383830117,0.5522335710478357,1,PREDICTIVELY_IDENTIFIABLE,0.695382150760158,1.9648211446003425e-06,0.9999999999999998
6,7,0train,0,tongue,3,3.9170862464398617,3.364546070081214,0.5525401763586477,3.739580408204771,3.119300303416934,0.6202801047878368,2.9783499362794976,2.2676084015323212,0.7107415347471764,0.0,0.9801940850844441,0.9801940850844441,0.9707402431657167,1,PREDICTIVELY_IDENTIFIABLE,0.4422705773768725,5.078548913400538e-06,-0.9999999999999947
6,7,1test,1,left_hand,0,1.7660278206774602,1.101845096961193,0.6641827237162672,1.581795368094694,0.7757595536510566,0.8060358144436373,1.9005011812319095,1.2934457475664711,0.6070554336654383,0.0,1.1871450470969325,1.1871450470969325,0.7186139493028539,1,PREDICTIVELY_IDENTIFIABLE,1.2519686709383941,9.056372273362594e-07,0.9999999999999984
6,7,1test,1,right_hand,1,2.459494958617301,2.0733459583906484,0.38614900022665255,1.798480705707575,1.2999540853417462,0.49852662036582873,3.0244787571062735,2.375766349785614,0.6487124073206596,0.0,0.9511799342880743,0.9511799342880743,0.6713737255228354,1,PREDICTIVELY_IDENTIFIABLE,1.2113098186789273,5.908032266751625e-07,1.0000000000000027
6,7,1test,1,feet,2,2.171583410383578,1.3126522597605494,0.8589311506230284,2.0821167212471883,1.249055725464248,0.8330609957829402,2.1153148419990613,1.2279726296960969,0.8873422123029644,0.0,1.2485970768918302,1.2485970768918302,0.6255715859806183,1,PREDICTIVELY_IDENTIFIABLE,1.0649529943853795,1.61299575593796e-06,1.0000000000000016
6,7,1test,1,tongue,3,6.292680941731486,5.557344693304526,0.7353362484269601,5.162090076302396,3.681776461298716,1.4803136150036798,5.013056278766877,4.567952503816122,0.4451037749507547,0.0,0.8243577422561754,0.8243577422561754,0.9457638268527173,1,PREDICTIVELY_IDENTIFIABLE,0.6557614198466297,1.5938994062503783e-07,-1.0000000000000073
6,8,0train,0,left_hand,0,1.4274063704106783,1.8442314368210426,-0.4168250664103643,2.8774216723791497,3.318743497255727,-0.4413218248765771,0.9918811876431447,1.1080094366846178,-0.11612824904147312,0.0,1.1231267096259419,1.1231267096259419,0.8352877305506444,1,PREDICTIVELY_IDENTIFIABLE,1.5981052907999056,2.5044553792399686e-06,-1.0000000000000007
6,8,0train,0,right_hand,1,2.3715283281919075,2.326637466179013,0.044890862012894495,1.9624877078447287,1.6960359167253283,0.2664517911194004,2.906393435728687,2.3226414205782944,0.5837520151503925,0.0,1.2740036183505767,1.2740036183505767,0.7059854155661265,1,PREDICTIVELY_IDENTIFIABLE,1.6722032245580407,3.719816290703475e-08,-1.000000000000008
6,8,0train,0,feet,2,3.058116472973257,2.3937130022771362,0.6644034706961208,2.9701047875195807,2.30571563817578,0.6643891493438008,2.6915588591194552,2.168829866857745,0.5227289922617104,0.0,1.3441930190273805,1.3441930190273805,0.5464265798769052,1,PREDICTIVELY_IDENTIFIABLE,1.4030601381546417,2.012802658465967e-06,-0.9999999999999937
6,8,0train,0,tongue,3,7.80330495460138,6.563244262262563,1.240060692338817,5.814314060438689,5.130841418117393,0.6834726423212958,7.258191398319241,5.11189887255815,2.1462925257610905,0.0,0.9427717963101474,0.9427717963101474,1.3216789050137616,1,PREDICTIVELY_IDENTIFIABLE,0.9365428679915851,5.818203903356908e-06,-1.0000000000000022
6,8,1test,1,left_hand,0,2.285056417801613,2.1612755046386423,0.12378091316297057,1.5118457494467363,1.1630875539536851,0.3487581954930512,3.0088491589995723,2.867913555276569,0.1409356037230034,0.0,1.0859176739256233,1.0859176739256233,0.9495911194372058,1,PREDICTIVELY_IDENTIFIABLE,1.6477691987847498,1.714525513443815e-07,-1.0000000000000089
6,8,1test,1,right_hand,1,2.5767630658630907,2.297691721803291,0.27907134405979983,1.7413098668232287,1.5724337970628568,0.16887606976037195,3.216839071115528,2.7607020030566414,0.45613706805888654,0.0,1.2607367177310795,1.2607367177310795,0.6824005035177122,1,PREDICTIVELY_IDENTIFIABLE,1.8081824537819742,1.0551737355331537e-07,0.9999999999999941
6,8,1test,1,feet,2,1.7366976016895643,1.4238477609709401,0.3128498407186242,1.8020605393615607,1.446553228922671,0.3555073104388897,1.6802247038342013,1.2298671690349439,0.45035753479925744,0.0,1.3221591531944081,1.3221591531944081,0.44383590167153025,1,PREDICTIVELY_IDENTIFIABLE,1.5152198287744383,5.695660218446389e-07,0.9999999999999936
6,8,1test,1,tongue,3,9.984763103735114,7.057973028994328,2.9267900747407856,7.401425468850148,5.084443708760522,2.316981760089626,7.913843614522188,5.972715018939427,1.9411285955827609,0.0,0.9490507018391635,0.9490507018391635,1.146656378569385,1,PREDICTIVELY_IDENTIFIABLE,1.0103423833320355,8.525110490835662e-07,0.9999999999999983
6,9,0train,0,left_hand,0,2.165681306358708,1.6486797640179034,0.5170015423408045,2.9273205671720195,2.336406061615743,0.5909145055562766,1.7266802188826589,1.5100585307035452,0.21662168817911365,0.0,0.943234805087614,0.943234805087614,1.01837841588835,1,PREDICTIVELY_IDENTIFIABLE,1.525350309119195,1.5458732107628083e-07,1.0000000000000013
6,9,0train,0,right_hand,1,1.8295626149602993,1.5705128759038764,0.2590497390564228,1.7778103508201109,1.1844960544536405,0.5933142963664704,2.144122872601132,1.9324407273483586,0.2116821452527735,0.0,1.2324591040195583,1.2324591040195583,0.6445351809558064,1,PREDICTIVELY_IDENTIFIABLE,1.716911590135119,3.883246647448651e-09,-1.0000000000000058
6,9,0train,0,feet,2,2.471045235944149,1.2983966490814176,1.1726485868627312,2.981982125236044,1.5012396195164452,1.4807425057195989,1.8347992385151142,1.1559408052283533,0.6788584332867609,0.0,1.4002893790662745,1.4002893790662745,0.49351899886574513,1,PREDICTIVELY_IDENTIFIABLE,1.6311512444965275,4.263727276714402e-08,-1.0000000000000018
6,9,0train,0,tongue,3,8.409143193583914,7.837184566304958,0.5719586272789554,6.805648432342694,6.107699866825936,0.6979485655167581,7.017720118231786,6.109635111613819,0.9080850066179673,0.0,0.7664348491629668,0.7664348491629668,1.3984166952598034,1,PREDICTIVELY_IDENTIFIABLE,0.7072730976461448,7.083491394993e-08,1.0000000000000053
6,9,1test,1,left_hand,0,15.914487159476469,14.809367177518396,1.1051199819580724,11.16615852826488,9.982620418590088,1.1835381096747923,16.23514888725082,14.456661108230332,1.7784877790204874,0.0,0.8444440291914144,0.8444440291914144,2.2275745455534985,1,PREDICTIVELY_IDENTIFIABLE,3.9907083926501157,3.604591929916005e-06,1.000000000000003
6,9,1test,1,right_hand,1,2.4034814282410752,2.8033831859455045,-0.39990175770442926,2.2686418811793825,2.321783849203826,-0.053141968024443376,2.7990581029967014,2.4552976104702715,0.34376049252642993,0.0,1.5371093929143707,1.5371093929143707,0.5879333433060747,1,PREDICTIVELY_IDENTIFIABLE,6.992853730037134,1.0074143454684032e-06,-0.999999999999999
6,9,1test,1,feet,2,2.7676138013365006,1.7582679554870073,1.0093458458494933,2.985602645452964,1.9337783199324536,1.0518243255205104,2.450878525022143,1.3092126970209508,1.1416658280011922,0.0,1.3833064700808801,1.3833064700808801,0.9554286019114696,1,PREDICTIVELY_IDENTIFIABLE,6.649084448356257,2.1817074629985307e-09,1.0000000000000182
6,9,1test,1,tongue,3,24.429424546808157,22.55087613164723,1.8785484151609282,20.130088542452278,18.256250874033686,1.8738376684185916,16.72489479518355,14.859573081966593,1.8653217132169555,0.0,0.7591367669292287,0.7591367669292287,1.919209842534091,1,PREDICTIVELY_IDENTIFIABLE,3.977984493840038,9.030179555322828e-06,1.0000000000000016
7,1,0train,0,left_hand,0,0.605978987635792,0.3639884155673877,0.24199057206840435,0.4551034253555123,0.3346700398987351,0.12043338545677718,1.2921082753232391,0.973934744998784,0.31817353032445517,0.0,0.7138605079733095,0.7138605079733095,0.9808844248892615,1,PREDICTIVELY_IDENTIFIABLE,1.190209417061143,1.4339477922353749e-06,0.9999999999999988
7,1,0train,0,right_hand,1,2.8598787140099597,2.3829131042134573,0.4769656097965025,2.752353934972332,2.3824289242519945,0.36992501072033734,2.8103742232969102,2.3809854131812993,0.4293888101156109,0.0,0.7436760445583966,0.7436760445583966,1.21004602713578,1,PREDICTIVELY_IDENTIFIABLE,0.7479766772120655,4.367199663214926e-06,-0.9999999999999983
7,1,0train,0,feet,2,1.5833419049543989,1.47232624190056,0.11101566305383881,1.5469211348961478,1.3588973156083088,0.18802381928783896,1.7151164726861272,1.5123992677040858,0.20271720498204138,0.0,0.7273660979582273,0.7273660979582273,0.7783656963593764,1,PREDICTIVELY_IDENTIFIABLE,1.0031203185113955,1.0941141038663867e-08,-1.0000000000000007
7,1,0train,0,tongue,3,0.6333849346230999,0.4809289482193435,0.15245598640375635,0.5356097430058203,0.39597282686656,0.13963691613926033,1.0643071954825545,0.8532165300472075,0.21109066543534694,0.0,0.48820657100335796,0.48820657100335796,1.3220448920963837,1,PREDICTIVELY_IDENTIFIABLE,1.01674929395169,8.519530606206039e-07,1.0000000000000027
7,1,1test,1,left_hand,0,1.2943655698688912,0.7513827304308154,0.5429828394380758,1.1459825156046666,0.6621248718696379,0.4838576437350287,2.106131973633758,1.551359046056795,0.5547729275769631,0.0,0.8444045749888428,0.8444045749888428,1.1005516105860327,1,PREDICTIVELY_IDENTIFIABLE,1.379272847708683,4.408536660489885e-09,1.0000000000000118
7,1,1test,1,right_hand,1,2.14653574898473,1.4238165878468492,0.7227191611378807,1.949824146111554,1.3523774294977635,0.5974467166137905,2.447646089947345,1.7916019201535456,0.6560441697937993,0.0,0.7445127004262944,0.7445127004262944,1.317455610220478,1,PREDICTIVELY_IDENTIFIABLE,1.1104671588517783,4.88919800114005e-08,1.0000000000000044
7,1,1test,1,feet,2,2.544072703290031,1.8007162464874933,0.7433564568025377,2.299891933993404,1.5907248683076103,0.7091670656857938,2.9128619876407007,2.156894754267405,0.7559672333732959,0.0,0.6632108426731883,0.6632108426731883,0.992347634578816,1,PREDICTIVELY_IDENTIFIABLE,1.0569520178422867,3.6969127792272174e-06,1.0000000000000053
7,1,1test,1,tongue,3,0.6386095098895554,0.5009124640650049,0.13769704582455056,0.4894480207087939,0.3477907318769091,0.14165728883188478,1.0875442056566653,0.998343554252125,0.08920065140454037,0.0,0.6888109743351117,0.6888109743351117,1.2448871329029232,1,PREDICTIVELY_IDENTIFIABLE,1.3479898809308337,1.8241521342307174e-06,1.0000000000000002
7,2,0train,0,left_hand,0,0.9997029225621347,0.6402647341332414,0.3594381884288933,0.9454085907455276,0.5754279731213153,0.3699806176242123,1.201253152169699,0.7973580730622487,0.40389507910745026,0.0,1.5406452312855126,1.5406452312855126,0.32869199449598285,1,PREDICTIVELY_IDENTIFIABLE,1.3529890403232265,3.9436475821698284e-07,1.000000000000006
7,2,0train,0,right_hand,1,1.7701169522574922,0.7098255116830212,1.060291440574471,1.8166218144678148,0.8260562768096468,0.990565537658168,1.7616117591626146,0.851224562026627,0.9103871971359876,0.0,1.4012306594639556,1.4012306594639556,0.3510860669271504,1,PREDICTIVELY_IDENTIFIABLE,1.5381621847970552,5.461586493656198e-06,0.9999999999999997
7,2,0train,0,feet,2,3.3224025542134847,1.529497960176585,1.7929045940368997,3.2810241205408093,1.4446299354662402,1.836394185074569,3.1703213939066566,1.2879974488010293,1.8823239451056273,0.0,1.2227233601979364,1.2227233601979364,0.6734734015407017,1,PREDICTIVELY_IDENTIFIABLE,1.3883073323327566,2.648143828330867e-06,-1.0000000000000022
7,2,0train,0,tongue,3,1.435377432752736,1.2909608580273535,0.1444165747253825,1.3503784401602459,1.1851847504382738,0.16519368972197213,1.5709061823845467,1.3465062309444342,0.2243999514401125,0.0,1.1530958395349358,1.1530958395349358,0.4199601113442729,1,PREDICTIVELY_IDENTIFIABLE,0.6123570833721226,3.760066326604115e-09,1.0000000000000078
7,2,1test,1,left_hand,0,1.7724049685940797,1.1627737166552412,0.6096312519388385,2.0382935614489988,1.5159380031677792,0.5223555582812196,1.5613949678779042,0.8485413123679262,0.712853655509978,0.0,1.2747114139961704,1.2747114139961704,0.38659755005446617,1,PREDICTIVELY_IDENTIFIABLE,1.806392059327203,3.1227490576055275e-06,-1.0000000000000027
7,2,1test,1,right_hand,1,1.2516806052291916,0.6814712347060636,0.5702093705231279,1.4333269269020819,0.8093238140301597,0.6240031128719221,1.144837484987808,0.5977735062804577,0.5470639787073504,0.0,1.4312396096706388,1.4312396096706388,0.30930689102045433,1,PREDICTIVELY_IDENTIFIABLE,2.1089069872182415,6.394164553092158e-06,1.0000000000000062
7,2,1test,1,feet,2,2.210790701360013,0.7704249764007044,1.4403657249593085,2.2355542920908764,0.749050554549214,1.4865037375416623,2.265432767012038,1.0938568108690907,1.1715759561429473,0.0,1.2579667536173196,1.2579667536173196,0.5319799460726732,1,PREDICTIVELY_IDENTIFIABLE,2.145061141358894,4.47209941552916e-09,0.9999999999999997
7,2,1test,1,tongue,3,1.8787805030892262,1.7401441799663706,0.13863632312285556,2.068937465638065,1.8406744659792356,0.22826299965882946,1.6906368858005136,1.4886039820487131,0.2020329037518005,0.0,1.1851343495817477,1.1851343495817477,0.4923803364299257,1,PREDICTIVELY_IDENTIFIABLE,0.928287024391798,1.07656136928542e-06,1.0000000000000044
7,3,0train,0,left_hand,0,0.9901904522710101,1.1203408012154241,-0.13015034894441402,1.0292256909285582,1.0147785693456859,0.014447121582872313,1.137132383317744,1.1942970580504357,-0.05716467473269171,0.0,0.9326766548875635,0.9326766548875635,1.0215341964572244,1,PREDICTIVELY_IDENTIFIABLE,0.7081165095694124,2.2578608928193999e-07,1.0000000000000064
7,3,0train,0,right_hand,1,2.007558098009647,1.854872162580435,0.15268593542921205,2.2942221353929897,2.238271968063409,0.05595016732958058,1.8974792112981733,1.6322333960365476,0.2652458152616257,0.0,0.8350108785639337,0.8350108785639337,0.9942236030393694,1,PREDICTIVELY_IDENTIFIABLE,0.6920037831342905,1.4180777000756052e-07,-1.0000000000000058
7,3,0train,0,feet,2,1.004967711288939,0.8237857166472533,0.18118199464168572,1.193773875345341,0.9846929838494671,0.20908089149587394,1.0270125757387387,1.14935841256068,-0.12234583682194122,0.0,1.1339823852136943,1.1339823852136943,0.6154216224351958,1,PREDICTIVELY_IDENTIFIABLE,0.9427855492938173,9.515566042914001e-07,1.000000000000004
7,3,0train,0,tongue,3,0.45537124708304993,0.2978414566646833,0.15752979041836662,0.5381947281407486,0.4724063781765634,0.06578834996418526,0.5073169757506774,0.33927385670999655,0.1680431190406808,0.0,0.7901027080193782,0.7901027080193782,1.1571992184447013,1,PREDICTIVELY_IDENTIFIABLE,0.9143771499953024,3.853645777477199e-06,1.0000000000000042
7,3,1test,1,left_hand,0,1.024918710032178,0.6618948607700454,0.3630238492621325,0.8284024159055778,0.5502565095969253,0.27814590630865255,1.4549207498493608,0.8723933171258761,0.5825274327234847,0.0,0.8001300449269975,0.8001300449269975,0.9616435125793575,1,PREDICTIVELY_IDENTIFIABLE,0.6191091785289182,1.1313781196880307e-06,-1.0000000000000036
7,3,1test,1,right_hand,1,1.2237008523245452,0.9355314640397351,0.2881693882848101,1.2062593825429295,1.0466902432140845,0.15956913932884498,1.3763610825589154,1.055066846515388,0.32129423604352736,0.0,0.7860829088215662,0.7860829088215662,1.0931970801625555,1,PREDICTIVELY_IDENTIFIABLE,0.5395108279404811,5.020929448542385e-06,1.0000000000000013
7,3,1test,1,feet,2,1.0545637993755947,0.6982851518026316,0.3562786475729631,1.0087188772566336,0.6324103060573771,0.3763085711992564,1.2795843022693607,0.8840951422199236,0.3954891600494371,0.0,1.0495257139306606,1.0495257139306606,0.6522962880137928,1,PREDICTIVELY_IDENTIFIABLE,0.6781971504213742,6.078080620373152e-06,0.9999999999999942
7,3,1test,1,tongue,3,0.4211217551403634,0.3951789817813706,0.025942773358992754,0.501763396731526,0.4402363522034791,0.061527044528046915,0.47889298846769435,0.35712684988062765,0.1217661385870667,0.0,0.5728848956742816,0.5728848956742816,1.1822752681469035,1,PREDICTIVELY_IDENTIFIABLE,0.6565977415166934,2.1806746940721977e-06,1.0000000000000058
7,4,0train,0,left_hand,0,0.7194969720600238,0.5203142555197262,0.19918271654029762,0.8123463063229571,0.7589320549046891,0.053414251418268055,0.9614494727621219,0.5083225944898953,0.45312687827222664,0.0,1.2705340781386618,1.2705340781386618,0.4445327966327552,1,PREDICTIVELY_IDENTIFIABLE,0.6613571714615031,2.4835817101869492e-06,1.0000000000000058
7,4,0train,0,right_hand,1,1.042805756542445,0.7751955104064807,0.2676102461359642,1.1318967217160627,0.9808967759592092,0.1509999457568535,1.1288114676696896,0.6868372923740216,0.44197417529566807,0.0,1.4882479868453375,1.4882479868453375,0.3369865357250083,1,PREDICTIVELY_IDENTIFIABLE,0.7556661088195267,9.559579362466449e-06,0.9999999999999948
7,4,0train,0,feet,2,1.120136865083888,0.7418918903958338,0.3782449746880543,0.9819854001815389,0.7718942571439239,0.210091143037615,1.5882623307934303,0.9331407672453051,0.6551215635481251,0.0,1.5399187183749918,1.5399187183749918,0.33419411313213987,1,PREDICTIVELY_IDENTIFIABLE,0.7670416808905549,6.134533840822148e-06,0.9999999999999971
7,4,0train,0,tongue,3,0.7109237592983916,0.5091769047873885,0.20174685451100305,0.7998352424525775,0.6506397406548268,0.14919550179775076,0.7136069911850202,0.4694800598778033,0.24412693130721697,0.0,1.1095064191529223,1.1095064191529223,0.3883240593836106,1,PREDICTIVELY_IDENTIFIABLE,0.4915204446522675,9.798920274353314e-07,0.999999999999998
7,4,1test,1,left_hand,0,1.068581093587646,0.4134410289887165,0.6551400645989296,0.9008378290108991,0.37566152346105947,0.5251763055498397,1.4420345562816002,0.6845193888519898,0.7575151674296103,0.0,0.7703200994293049,0.7703200994293049,0.73853073495487,1,PREDICTIVELY_IDENTIFIABLE,0.5858616006951363,1.186328710700128e-06,0.9999999999999963
7,4,1test,1,right_hand,1,1.0386837028430853,0.42878602447289405,0.6098976783701913,0.9414868290052976,0.5208288817748847,0.42065794723041283,1.3068884862871124,0.4932193654519189,0.8136691208351935,0.0,0.8325286652162598,0.8325286652162598,0.6407479194129069,1,PREDICTIVELY_IDENTIFIABLE,0.6194443831994353,4.116006199826268e-08,1.000000000000007
7,4,1test,1,feet,2,2.7388403072006566,1.0558041782132903,1.6830361289873663,2.1738121161912645,0.9513896357493097,1.2224224804419548,3.23496357941785,1.482376345552616,1.7525872338652342,0.0,0.7276923670005089,0.7276923670005089,0.7448420301229212,1,PREDICTIVELY_IDENTIFIABLE,0.38645664286146386,6.765910639032603e-07,-0.9999999999999978
7,4,1test,1,tongue,3,0.5378079637810551,0.3255598775623605,0.21224808621869462,0.5518596429815775,0.3349807553855821,0.21687888759599544,0.6429709245664931,0.369524714711608,0.27344620985488505,0.0,0.7623014512544537,0.7623014512544537,0.6279804099478173,1,PREDICTIVELY_IDENTIFIABLE,0.5465178264573202,1.0498973409217722e-06,1.0000000000000004
7,5,0train,0,left_hand,0,0.677290376655128,0.5963555978541971,0.08093477880093092,0.8714775764214837,0.6974015827297343,0.17407599369174942,0.7312439769101381,0.4808146188857062,0.2504293580244319,0.0,1.2789061337454946,1.2789061337454946,0.3137482738327646,1,PREDICTIVELY_IDENTIFIABLE,0.821753727869742,1.5144611413414353e-07,0.9999999999999976
7,5,0train,0,right_hand,1,0.9685196129787531,0.8066087547761395,0.16191085820261364,1.0434422838265116,0.8940589056266773,0.14938337819983427,1.0109062372560071,0.6999798793525952,0.31092635790341194,0.0,1.477740738960324,1.477740738960324,0.23945687015542055,1,PREDICTIVELY_IDENTIFIABLE,0.9653986683440297,3.209711375936291e-08,1.0000000000000004
7,5,0train,0,feet,2,0.9776290827150323,0.8714641707066456,0.10616491200838674,1.0727602617854837,0.6967613463203358,0.37599891546514785,1.1554905397304502,0.8943292341286946,0.26116130560175566,0.0,1.666405865857364,1.666405865857364,0.23413655311630854,1,PREDICTIVELY_IDENTIFIABLE,0.958408549848663,2.2626458379155667e-07,-0.9999999999999982
7,5,0train,0,tongue,3,0.7170917380232884,0.627652626268451,0.08943911175483743,0.8838846977538467,0.7894365224688518,0.09444817528499494,0.6430658674112179,0.46883866179963296,0.1742272056115849,0.0,1.352971811042971,1.352971811042971,0.34388182782698146,1,PREDICTIVELY_IDENTIFIABLE,0.6351482680151328,5.662780088375958e-06,1.0000000000000016
7,5,1test,1,left_hand,0,0.8312408507221211,0.6881351898180654,0.14310566090405563,0.9534389690631268,0.7667233470318559,0.1867156220312709,0.840427664585246,0.7350874026961487,0.10534026188909729,0.0,1.4424667963604092,1.4424667963604092,0.2699024838013475,1,PREDICTIVELY_IDENTIFIABLE,1.0686979561359453,5.655268968147372e-08,-0.9999999999999937
7,5,1test,1,right_hand,1,0.6969913913470652,0.6975884204624233,-0.0005970291153580831,0.8984896323149125,0.8198181789712495,0.07867145334366299,0.6875353094282272,0.6303764007079589,0.0571589087202683,0.0,1.418881994634886,1.418881994634886,0.27963509734077524,1,PREDICTIVELY_IDENTIFIABLE,1.1228602147063493,1.3019352514438768e-07,0.9999999999999991
7,5,1test,1,feet,2,1.13135765106094,0.8161108066429831,0.3152468444179569,1.135476862512487,0.8286783103317955,0.3067985521806914,1.2607694114085504,0.8775041487955563,0.3832652626129941,0.0,1.5455873506719218,1.5455873506719218,0.29915262268293547,1,PREDICTIVELY_IDENTIFIABLE,1.1148031950340198,2.652076084427504e-06,-0.9999999999999986
7,5,1test,1,tongue,3,0.9219656977608834,0.7936183946080654,0.12834730315281806,1.1412465232091207,0.8948353257519673,0.24641119745715334,0.8338950575806913,0.7076978616239763,0.12619719595671497,0.0,1.5615576984646369,1.5615576984646369,0.37518222786391386,1,PREDICTIVELY_IDENTIFIABLE,0.7404449718934137,1.979958105218559e-07,-0.9999999999999997
7,6,0train,0,left_hand,0,0.6972946775649991,0.48730548729516654,0.20998919026983254,0.7725456574904455,0.6563766107589021,0.11616904673154338,0.9722454952730054,0.6442411783513291,0.3280043169216763,0.0,1.0856478648276442,1.0856478648276442,0.5253317795425728,1,PREDICTIVELY_IDENTIFIABLE,0.6728281212169084,8.582297484513707e-06,1.0000000000000027
7,6,0train,0,right_hand,1,1.0901199279044431,0.7496334151470002,0.3404865127574429,1.4309159018695357,0.7272420076474908,0.7036738942220448,1.139865261211305,1.0180696072972897,0.12179565391401526,0.0,1.4751068414842394,1.4751068414842394,0.4071127414521278,1,PREDICTIVELY_IDENTIFIABLE,0.7466155545726905,3.2142626478775918e-06,0.9999999999999998
7,6,0train,0,feet,2,2.0589627210255737,0.9099838353618912,1.1489788856636824,2.0803472033623596,0.8808737798545269,1.1994734235078326,2.2540804148578,1.0954952160484148,1.1585851988093854,0.0,1.1108798105644229,1.1108798105644229,0.5069328894161763,1,PREDICTIVELY_IDENTIFIABLE,0.6953821509237623,2.251341101959536e-06,1.0000000000000049
7,6,0train,0,tongue,3,0.699422949508727,0.5683084345595779,0.13111451494914905,0.7157878387456228,0.5970495521782543,0.11873828656736851,0.8242002181882635,0.6799372837123475,0.14426293447591598,0.0,1.1955138655842976,1.1955138655842976,0.41019598611341157,1,PREDICTIVELY_IDENTIFIABLE,0.44463471610748906,1.1225206930168414e-06,-0.9999999999999958
7,6,1test,1,left_hand,0,0.8000271655567146,0.5039344179414978,0.29609274761521676,0.7917713908135737,0.3883082978720788,0.4034630929414949,1.0672465548484629,0.7263481689980325,0.3408983858504304,0.0,1.2029335787037303,1.2029335787037303,0.4836700991651909,1,PREDICTIVELY_IDENTIFIABLE,1.2517857923338132,1.4978447122608926e-09,1.0000000000000007
7,6,1test,1,right_hand,1,0.8188652269722291,0.6903006226917844,0.1285646042804447,0.8461311766157408,0.6115893683389502,0.2345418082767906,1.032171704177886,0.7901957118653276,0.2419759923125584,0.0,1.4116789688707756,1.4116789688707756,0.387389269883414,1,PREDICTIVELY_IDENTIFIABLE,1.2113098186789109,5.912027860142723e-07,0.9999999999999998
7,6,1test,1,feet,2,2.4613022205994795,1.5056411190129928,0.9556611015864866,1.895139008895612,1.1368883432168322,0.7582506656787797,3.14207968131663,1.830284983912299,1.311794697404331,0.0,0.9592685480175432,0.9592685480175432,0.6659953985697818,1,PREDICTIVELY_IDENTIFIABLE,1.0654736054794918,7.0004338170927595e-06,0.9999999999999936
7,6,1test,1,tongue,3,1.0938091891144037,0.9659912442510961,0.12781794486330766,0.9942450432239252,0.7091290468672008,0.28511599635672435,1.3503361712044504,1.2347602513505607,0.11557591985388971,0.0,1.5775331993621697,1.5775331993621697,0.39430803497952954,1,PREDICTIVELY_IDENTIFIABLE,0.6557614198466313,1.594433174626145e-07,-1.0000000000000022
7,8,0train,0,left_hand,0,1.0848491183942295,1.0893902787102034,-0.004541160315973958,1.042943454908113,0.9953858392022403,0.04755761570587258,1.3270325960429143,1.1589094710839911,0.16812312495892323,0.0,1.072468116733866,1.072468116733866,0.8352877305506446,1,PREDICTIVELY_IDENTIFIABLE,0.8349869816501085,2.629934994730184e-06,-0.9999999999999992
7,8,0train,0,right_hand,1,1.8365268330495044,2.0540066849323853,-0.21747985188288088,1.895738303813801,2.1586365278555983,-0.2628982240417974,1.8724256879677617,1.596299499737201,0.27612618823056057,0.0,1.1919373283943384,1.1919373283943384,0.7059854155661258,1,PREDICTIVELY_IDENTIFIABLE,0.835161276628285,1.6901694272215513e-07,1.000000000000003
7,8,0train,0,feet,2,1.4035882835177722,1.8346091662774087,-0.43102088275963646,1.2194318096442383,1.7040175096378576,-0.48458569999361933,1.84698498397178,2.4382453280445757,-0.5912603440727957,0.0,1.1796682674407584,1.1796682674407584,0.546426579876906,1,PREDICTIVELY_IDENTIFIABLE,0.8565053529233715,9.22847457367992e-06,1.000000000000011
7,8,0train,0,tongue,3,0.9216124642341422,0.5288867907585345,0.3927256734756077,0.7368803849111499,0.34795609970068475,0.3889242852104652,1.4186533530086307,0.8709809288851857,0.547672424123445,0.0,0.7590626977826183,0.7590626977826183,1.321678905013761,1,PREDICTIVELY_IDENTIFIABLE,0.9838879851977607,4.541593329727979e-06,-1.0000000000000018
7,8,1test,1,left_hand,0,1.5765723983310755,1.4199973194484787,0.1565750788825968,1.2213493067619614,1.014122978257798,0.20722632850416334,2.193253295540453,1.8810471355331106,0.31220616000734225,0.0,0.8306882713534318,0.8306882713534318,0.9495911194372056,1,PREDICTIVELY_IDENTIFIABLE,0.644232642219071,1.1172999560693917e-07,-0.9999999999999944
7,8,1test,1,right_hand,1,1.2833329757756402,1.4177188569523838,-0.13438588117674355,1.227944129542248,1.186765078631666,0.04117905091058205,1.4535775392305097,1.3708447013387488,0.08273283789176089,0.0,1.2325276202818911,1.2325276202818911,0.6824005035177122,1,PREDICTIVELY_IDENTIFIABLE,0.6412145313254478,1.7361509042112098e-06,-0.9999999999999989
7,8,1test,1,feet,2,1.2478656197454039,1.1191924488224203,0.12867317092298358,1.4183855525917484,1.1716394952782385,0.24674605731350985,1.19593153125044,1.1026688371314723,0.09326269411896759,0.0,1.3004115339847893,1.3004115339847893,0.4438359016715312,1,PREDICTIVELY_IDENTIFIABLE,0.728594473465372,4.120326374484033e-09,1.000000000000012
7,8,1test,1,tongue,3,0.6370433498865942,0.36993852797517995,0.2671048219114142,0.6099735908321171,0.3101467788666756,0.29982681196544153,0.8032991498928188,0.4783395295960309,0.32495962029678793,0.0,0.779725830115374,0.779725830115374,1.1466563785693853,1,PREDICTIVELY_IDENTIFIABLE,0.8718753025934876,2.5645603566883736e-07,1.0000000000000004
7,9,0train,0,left_hand,0,0.646314663361755,0.604194858315495,0.042119805046260006,0.5468223049281573,0.34790528283742916,0.19891702209072815,1.4637143894150917,1.4241071652478892,0.039607224167202526,0.0,0.8723262568959345,0.8723262568959345,1.0183784158883487,1,PREDICTIVELY_IDENTIFIABLE,0.7204560629431753,3.1999179883618075e-08,-0.9999999999999938
7,9,0train,0,right_hand,1,1.4210585665737088,1.1397268368387137,0.2813317297349951,1.636023141255983,1.1515426620728613,0.48448047918312165,1.7333082885437445,1.437012653329675,0.29629563521406954,0.0,1.2315854627167335,1.2315854627167335,0.6445351809558061,1,PREDICTIVELY_IDENTIFIABLE,0.6885057432666637,2.883200527848703e-07,-0.9999999999999978
7,9,0train,0,feet,2,0.9980865774618916,0.7397016530587353,0.2583849244031563,1.1076569593126886,0.8493942114860705,0.25826274782661807,1.219429981793359,0.99576412377647,0.22366585801688899,0.0,1.341846346872784,1.341846346872784,0.4935189988657453,1,PREDICTIVELY_IDENTIFIABLE,0.7537144980949722,5.854015266105027e-08,-1.0000000000000062
7,9,0train,0,tongue,3,0.7614435223870477,0.5253915296635722,0.23605199272347555,0.6482162492462527,0.42399839600446537,0.22421785324178728,1.1364503157930936,0.9619367182340681,0.1745135975590255,0.0,0.5966832776091263,0.5966832776091263,1.3984166952598038,1,PREDICTIVELY_IDENTIFIABLE,0.4827547765762183,3.896645196839251e-08,0.9999999999999988
7,9,1test,1,left_hand,0,6.091491643776923,5.775834036643683,0.31565760713323954,4.619066856039976,4.357589771075296,0.2614770849646799,7.907499956932164,7.320445442530179,0.5870545144019852,0.0,0.6263934307584432,0.6263934307584432,2.2275745455534994,1,PREDICTIVELY_IDENTIFIABLE,1.9386360612888003,1.9764902507258833e-08,1.0000000000000042
7,9,1test,1,right_hand,1,1.6741553529346178,1.4915093667630925,0.18264598617152528,1.9304154671123717,1.5769640674449397,0.353451399667432,1.6003035186108128,1.2527967837221659,0.3475067348886469,0.0,1.2646126765090318,1.2646126765090318,0.587933343306074,1,PREDICTIVELY_IDENTIFIABLE,4.145573648958984,2.663117294803594e-06,0.99999999999999
7,9,1test,1,feet,2,2.1631250151405816,1.8575016448230084,0.30562337031757325,1.8243814010951567,1.3022925617777161,0.5220888393174405,2.634764139192809,1.9177408343437903,0.7170233048490187,0.0,1.1352617961738023,1.1352617961738023,0.955428601911469,1,PREDICTIVELY_IDENTIFIABLE,4.20750836041268,2.2758666296257568e-07,-1.000000000000008
7,9,1test,1,tongue,3,1.5915602764002974,1.556799024216911,0.03476125218338644,1.6999940201412411,1.5436007634024675,0.15639325673877358,1.584045431147048,1.5675890713561593,0.016456359790888664,0.0,0.6341745450581457,0.6341745450581457,1.9192098425340922,1,PREDICTIVELY_IDENTIFIABLE,3.4857280574909675,7.011764962524395e-07,1.0000000000000047
8,1,0train,0,left_hand,0,0.8217869013854121,1.0335290999987998,-0.21174219861338772,0.6246858147070827,0.7005917891321533,-0.07590597442507052,1.5988961077857673,1.8439838783495248,-0.24508777056375752,0.0,0.8346998114803736,0.8346998114803736,0.980884424889261,1,PREDICTIVELY_IDENTIFIABLE,1.9863538551927036,2.9435364932129665e-06,1.0000000000000002
8,1,0train,0,right_hand,1,1.873236768617147,2.730210196210161,-0.8569734275930141,1.7764240049439535,2.192852805508709,-0.4164288005647554,1.960586234604721,2.1424674100805166,-0.18188117547579563,0.0,0.7850991463873189,0.7850991463873189,1.2100460271357816,1,PREDICTIVELY_IDENTIFIABLE,1.6259683888305405,8.58758738240046e-08,-1.0000000000000107
8,1,0train,0,feet,2,3.559680129045863,4.154033479485081,-0.594353350439218,3.828218507700945,4.0517723833386965,-0.22355387563775153,3.0076559481828915,3.694574179478016,-0.6869182312951243,0.0,0.8154464412493659,0.8154464412493659,0.7783656963593767,1,PREDICTIVELY_IDENTIFIABLE,1.2871270277489062,3.306377860722257e-07,1.0000000000000049
8,1,0train,0,tongue,3,0.6710967629180464,0.36770611697006544,0.303390645947981,0.6425100981442977,0.3468327848617597,0.295677313282538,0.7951524191099523,0.49688253805609306,0.2982698810538592,0.0,0.6331024507899933,0.6331024507899933,1.3220448920963839,1,PREDICTIVELY_IDENTIFIABLE,1.9298604271715718,1.1919516234239933e-07,0.9999999999999986
8,1,1test,1,left_hand,0,0.7139702363893575,0.7815880644748778,-0.0676178280855203,0.5438549162896192,0.680901642804415,-0.13704672651479577,1.1441719253753353,1.034249989632454,0.10992193574288134,0.0,0.9203466378531985,0.9203466378531985,1.100551610586033,1,PREDICTIVELY_IDENTIFIABLE,2.2701245929463023,7.546769076707117e-08,-1.0000000000000064
8,1,1test,1,right_hand,1,2.4475932099701034,2.8913054273653,-0.4437122173951966,2.189193678267017,2.4276767335089775,-0.23848305524196034,2.721131108876626,3.834822093659498,-1.1136909847828718,0.0,0.9743128775174453,0.9743128775174453,1.3174556102204773,1,PREDICTIVELY_IDENTIFIABLE,1.615279831778616,2.1106400071466486e-06,-1.0000000000000024
8,1,1test,1,feet,2,6.560447758205583,6.9825428556535725,-0.4220950974479898,6.317587063628841,6.579289104512897,-0.2617020408840558,5.971384458682764,6.341209316461547,-0.3698248577787826,0.0,0.7257337105387273,0.7257337105387273,0.9923476345788157,1,PREDICTIVELY_IDENTIFIABLE,1.4344391877905474,1.3625282833588896e-06,1.0000000000000004
8,1,1test,1,tongue,3,0.6517793237305206,0.4909568005233197,0.16082252320720092,0.47347504871601426,0.4732612426265551,0.00021380608945914537,1.0410029066666293,0.658564332642318,0.38243857402431136,0.0,0.7393182244442796,0.7393182244442796,1.2448871329029232,1,PREDICTIVELY_IDENTIFIABLE,2.293888928175204,5.2951031805861625e-06,0.9999999999999932
8,2,0train,0,left_hand,0,0.9033414414823695,1.0072601132219985,-0.10391867173962899,0.8390038054919808,0.8769461778082361,-0.0379423723162553,1.1399875450182821,0.9861108777775138,0.15387666724076832,0.0,1.4984351000164726,1.4984351000164726,0.32869199449598274,1,PREDICTIVELY_IDENTIFIABLE,2.4741196700969605,5.481661887130676e-08,1.0000000000000042
8,2,0train,0,right_hand,1,1.0039122897834039,1.0506456285493688,-0.04673333876596497,1.1331353304815657,1.112671557449189,0.020463773032376675,0.9985951332396434,0.8930697012002858,0.1055254320393576,0.0,1.5438670157687293,1.5438670157687293,0.3510860669271504,1,PREDICTIVELY_IDENTIFIABLE,2.6604238735981895,4.917166849001612e-07,0.999999999999999
8,2,0train,0,feet,2,3.4712738339774916,2.5580603231398866,0.9132135108376049,3.8284176617885786,2.6904894133534136,1.137928248435165,2.88434164015676,2.0079373233402853,0.8764043168164748,0.0,1.1124463382899152,1.1124463382899152,0.6734734015407018,1,PREDICTIVELY_IDENTIFIABLE,2.4271812593156388,1.6301185111170363e-07,1.0000000000000064
8,2,0train,0,tongue,3,1.1361438100107097,1.0712742310897112,0.06486957892099854,1.1414072184099737,1.0667405552776528,0.07466666313232095,1.180316697151627,1.0376928892220934,0.14262380792953366,0.0,1.244518350077402,1.244518350077402,0.4199601113442726,1,PREDICTIVELY_IDENTIFIABLE,1.3656106581326246,3.854611723816065e-06,-0.9999999999999964
8,2,1test,1,left_hand,0,1.3667629791780374,1.3449094125720822,0.021853566605955166,1.7268966833576984,1.5839641648626448,0.14293251849505362,1.1028924063678385,1.0563878784230665,0.046504527944772,0.0,1.392830266603826,1.392830266603826,0.386597550054466,1,PREDICTIVELY_IDENTIFIABLE,2.199464119989378,2.0788401631112112e-08,0.9999999999999966
8,2,1test,1,right_hand,1,0.9183970941305655,0.8630640266556167,0.055333067474948816,0.9913732069824773,0.9720270895698151,0.019346117412662234,0.9757789915173609,0.9065990422234873,0.06917994929387361,0.0,1.475339919318053,1.475339919318053,0.3093068910204541,1,PREDICTIVELY_IDENTIFIABLE,2.911655839026294,2.5693454845822042e-06,-0.9999999999999948
8,2,1test,1,feet,2,3.0394373286781353,1.7040195475910884,1.335417781087047,2.9821082674079613,1.770183869105783,1.2119243983021784,2.9298640951102777,1.8743661080598706,1.055497987050407,0.0,1.3617880030504195,1.3617880030504195,0.531979946072673,1,PREDICTIVELY_IDENTIFIABLE,2.959823053493822,1.0777190785945128e-06,-1.0000000000000016
8,2,1test,1,tongue,3,1.5336566848593212,1.495499060072852,0.038157624786469224,1.7305801043279205,1.6455007031839683,0.08507940114395218,1.3861760226466744,1.253849818959659,0.13232620368701542,0.0,1.0566845933912339,1.0566845933912339,0.49238033642992546,1,PREDICTIVELY_IDENTIFIABLE,1.5173218951536667,6.295074162018825e-07,-0.9999999999999998
8,3,0train,0,left_hand,0,0.6722182613034973,0.5376234019503551,0.1345948593531422,0.6886075651048444,0.48927706698442,0.19933049812042447,0.9430354296937727,0.7162887028735397,0.226746726820233,0.0,0.8659404703424478,0.8659404703424478,1.0215341964572233,1,PREDICTIVELY_IDENTIFIABLE,0.9291861050460872,6.5603558948591466e-06,1.0000000000000018
8,3,0train,0,right_hand,1,1.50028387806668,0.9083353358557154,0.5919485422109647,1.7996381114214008,1.009958207457654,0.7896799039637468,1.290870129586245,0.7933855343778518,0.4974845952083933,0.0,1.0785853660775815,1.0785853660775815,0.994223603039369,1,PREDICTIVELY_IDENTIFIABLE,0.895761443919595,2.6259497025892953e-08,0.999999999999999
8,3,0train,0,feet,2,1.6718344205135083,1.862334704884805,-0.19050028437129662,2.1617511233769093,2.3280244711219487,-0.16627334774503932,1.3440128124705903,1.7781047901626024,-0.434091977692012,0.0,1.1935295855872927,1.1935295855872927,0.6154216224351956,1,PREDICTIVELY_IDENTIFIABLE,0.7017250734329763,5.494391053346215e-07,-1.0000000000000004
8,3,0train,0,tongue,3,0.35804282513068675,0.26488628309165335,0.0931565420390334,0.3861612025595503,0.22792673441362354,0.15823446814592673,0.47738889905356574,0.36338724371916586,0.11400165533439988,0.0,0.7562795402765402,0.7562795402765402,1.1571992184447015,1,PREDICTIVELY_IDENTIFIABLE,0.9201914123438117,2.2819214382262617e-06,-1.0000000000000047
8,3,1test,1,left_hand,0,0.5566400548077564,0.5161057730963304,0.040534281711425924,0.616302764952559,0.5793447867086289,0.0369579782439301,0.6400334819217143,0.5360170479859845,0.10401643393572979,0.0,0.8213412077992581,0.8213412077992581,0.9616435125793579,1,PREDICTIVELY_IDENTIFIABLE,0.9793706394669739,7.782263267956417e-08,-1.0000000000000093
8,3,1test,1,right_hand,1,2.074402428822539,1.8558982219483364,0.21850420687420247,2.25846914470567,1.8230066735949901,0.4354624711106798,1.923291128976436,1.68995602615255,0.23333510282388614,0.0,0.8950668431475004,0.8950668431475004,1.0931970801625557,1,PREDICTIVELY_IDENTIFIABLE,0.6921893218127527,2.2214254637533657e-06,1.000000000000003
8,3,1test,1,feet,2,2.490268212222716,2.6911983668913946,-0.20093015466867836,2.981838954160406,2.663644563277617,0.3181943908827889,2.0743095392352626,2.5809410788589275,-0.5066315396236649,0.0,1.1007591885577157,1.1007591885577157,0.6522962880137925,1,PREDICTIVELY_IDENTIFIABLE,0.8447553141990152,8.62977287227553e-06,0.999999999999988
8,3,1test,1,tongue,3,0.5700979510710508,0.38765774016524657,0.1824402109058042,0.5416170977490098,0.42001245625898315,0.12160464149002664,0.7090378599581209,0.43529215511889946,0.2737457048392214,0.0,0.6410937599028453,0.6410937599028453,1.1822752681469038,1,PREDICTIVELY_IDENTIFIABLE,0.9755702377364951,7.171237533026072e-08,1.0000000000000027
8,4,0train,0,left_hand,0,0.5348981660428516,0.6307404611722028,-0.09584229512935127,0.6616093144572963,0.7190567832731494,-0.05744746881585305,0.7236615740132456,0.6922803289217365,0.03138124509150908,0.0,1.1889054086107793,1.1889054086107793,0.4445327966327552,1,PREDICTIVELY_IDENTIFIABLE,1.5251086707368708,7.539147937545342e-06,1.0000000000000007
8,4,0train,0,right_hand,1,0.682437056162866,0.7512245332093106,-0.06878747704644461,0.8049630481833332,0.8095609110892603,-0.004597862905927119,0.7232677724941821,0.8017956457837433,-0.07852787328956123,0.0,1.3888168891134705,1.3888168891134705,0.33698653572500853,1,PREDICTIVELY_IDENTIFIABLE,1.549124772303033,1.105835265843844e-07,1.0000000000000029
8,4,0train,0,feet,2,1.5084368668027979,1.570452434378996,-0.062015567576198194,1.2760865851586258,1.1972463027063156,0.07884028245231023,1.8579207751221292,1.731464958611731,0.12645581651039817,0.0,1.6225910000453472,1.6225910000453472,0.3341941131321398,1,PREDICTIVELY_IDENTIFIABLE,1.4666146012757966,1.2005573810666276e-07,-1.0000000000000002
8,4,0train,0,tongue,3,0.6492004167659586,0.6529220742435742,-0.0037216574776155475,0.7283524312500009,0.7094174187091676,0.018935012540833296,0.6379480934430798,0.5827287200272933,0.05521937341578653,0.0,1.1106265354839107,1.1106265354839107,0.3883240593836108,1,PREDICTIVELY_IDENTIFIABLE,0.849447191228424,1.532706325056855e-07,1.000000000000001
8,4,1test,1,left_hand,0,0.505068035075798,0.6082681203307352,-0.10320008525493718,0.5674719925380871,0.5969974699650341,-0.029525477426947,0.5400865874422466,0.6575680945298602,-0.11748150708761362,0.0,0.7976896734452226,0.7976896734452226,0.7385307349548705,1,PREDICTIVELY_IDENTIFIABLE,1.2393596306330372,4.600887020536252e-06,-1.0000000000000033
8,4,1test,1,right_hand,1,0.9613274723367098,1.3930129603666859,-0.4316854880299761,0.9329050704341671,1.3200331943896377,-0.3871281239554706,1.1653776853969529,1.4945441547762854,-0.3291664693793326,0.0,0.8607296614794865,0.8607296614794865,0.6407479194129064,1,PREDICTIVELY_IDENTIFIABLE,1.1971699415353818,1.2654110456703096e-06,-0.9999999999999987
8,4,1test,1,feet,2,4.758612025801909,4.598974447602175,0.15963757819973434,4.449348496612808,4.028787127689141,0.4205613689236669,4.346964284795981,3.9855318232586616,0.36143246153731967,0.0,0.8676006788298333,0.8676006788298333,0.744842030122921,1,PREDICTIVELY_IDENTIFIABLE,0.9183615779474658,4.8714929627006905e-08,0.9999999999999981
8,4,1test,1,tongue,3,0.4218824023515676,0.42457231439195414,-0.002689912040386544,0.40150214549859914,0.42918159804852074,-0.0276794525499216,0.5335286954167057,0.4385778589200616,0.09495083649664404,0.0,0.8246433784132435,0.8246433784132435,0.6279804099478177,1,PREDICTIVELY_IDENTIFIABLE,1.2303666078364452,9.600516164812071e-08,-1.0000000000000093
8,5,0train,0,left_hand,0,0.9159817204749054,0.7693477887788583,0.1466339316960471,0.9902058706575295,0.8329996118128845,0.157206258844645,1.0271802016263967,0.6410372770638473,0.3861429245625494,0.0,1.4115361346446118,1.4115361346446118,0.3137482738327646,1,PREDICTIVELY_IDENTIFIABLE,1.710573331404359,7.361213656888494e-07,-0.9999999999999968
8,5,0train,0,right_hand,1,1.0466828724576724,1.1149383893609168,-0.06825551690324438,1.2055976664078014,1.0807184276298514,0.12487923877795004,0.9747875199660299,0.9366432569908048,0.03814426297522511,0.0,1.6182360979131936,1.6182360979131936,0.2394568701554206,1,PREDICTIVELY_IDENTIFIABLE,1.720333605453172,4.342289781084134e-06,-0.9999999999999943
8,5,0train,0,feet,2,1.0802003737124162,1.0467984217682107,0.03340195194420548,1.193430538672441,1.0500829936717275,0.14334754500071356,1.1821502498231717,1.1818204004616757,0.0003298493614960485,0.0,1.7833167705623605,1.7833167705623605,0.2341365531163085,1,PREDICTIVELY_IDENTIFIABLE,1.8834972626971105,1.921526147058248e-07,0.9999999999999991
8,5,0train,0,tongue,3,0.8526352035079263,0.7243324273734958,0.12830277613443053,0.9636549652898028,0.8490459188073665,0.1146090464824363,0.7835118881091763,0.6307968076620095,0.15271508044716675,0.0,1.2930627677745812,1.2930627677745812,0.3438818278269811,1,PREDICTIVELY_IDENTIFIABLE,0.9656434649975222,1.941380427243795e-07,-0.9999999999999956
8,5,1test,1,left_hand,0,0.8593860393376842,0.7690522440551604,0.09033379528252383,0.9400494724219084,0.8350998005951922,0.10494967182671622,0.8353613736242456,0.7753466287778075,0.060014744846438095,0.0,1.4846031263536597,1.4846031263536597,0.2699024838013475,1,PREDICTIVELY_IDENTIFIABLE,1.288321194189114,7.331282187008994e-07,0.9999999999999978
8,5,1test,1,right_hand,1,0.82329759807939,0.885175265158523,-0.061877667079133,0.915245018586488,0.9307830691381175,-0.01553805055162949,0.8917783055813144,0.9945018756944483,-0.10272357011313382,0.0,1.4933175723693353,1.4933175723693353,0.27963509734077513,1,PREDICTIVELY_IDENTIFIABLE,1.5830670328303875,2.6284932502631793e-06,0.9999999999999938
8,5,1test,1,feet,2,1.3162850206428685,1.127615691787963,0.1886693288549055,1.529765304864151,1.2369371674273848,0.2928281374367663,1.3210873196024693,1.1720528813157975,0.14903443828667173,0.0,1.4697641024236054,1.4697641024236054,0.29915262268293535,1,PREDICTIVELY_IDENTIFIABLE,1.724361349015259,2.0137239858484644e-06,-0.9999999999999996
8,5,1test,1,tongue,3,1.0322015201786792,0.8161232857982522,0.21607823438042695,1.1311874138609288,0.8456260964372897,0.2855613174236391,1.0232848016996514,0.6879806470887866,0.3353041546108648,0.0,1.3117481101869333,1.3117481101869333,0.37518222786391375,1,PREDICTIVELY_IDENTIFIABLE,0.9900513185459127,3.926220763437166e-06,1.0000000000000036
8,6,0train,0,left_hand,0,0.5646024705472399,0.7452721753072703,-0.18066970476003041,0.61526860353119,0.7096348348388569,-0.09436623130766697,0.8604533629393081,0.9611941998610679,-0.10074083692175984,0.0,1.0989599069362141,1.0989599069362141,0.5253317795425725,1,PREDICTIVELY_IDENTIFIABLE,1.601079242990723,1.3013612359039043e-07,1.000000000000003
8,6,0train,0,right_hand,1,0.7886172046005656,0.7930615672846458,-0.004444362684080216,0.9718620562645377,0.8154709412305229,0.15639111503401482,0.9484920031050347,0.7533487839676738,0.19514321913736088,0.0,1.4450115716126162,1.4450115716126162,0.40711274145212817,1,PREDICTIVELY_IDENTIFIABLE,1.6812564426144934,7.793724923471967e-06,-1.0000000000000018
8,6,0train,0,feet,2,2.63203297876247,2.0602060251846033,0.5718269535778666,2.814495133179655,2.18828345722108,0.626211675958575,2.5091612447864384,1.8809867353443466,0.6281745094420919,0.0,1.3509322062835734,1.3509322062835734,0.5069328894161763,1,PREDICTIVELY_IDENTIFIABLE,1.4030601378292529,4.600596856765115e-07,-1.000000000000001
8,6,0train,0,tongue,3,0.751639293199008,0.6286161445564916,0.1230231486425164,0.7355201875071881,0.6669014420047198,0.06861874550246827,0.8688202633794643,0.6100302204563809,0.2587900429230834,0.0,1.1776517024224196,1.1776517024224196,0.410195986113412,1,PREDICTIVELY_IDENTIFIABLE,0.9377444479814919,1.7539041564676747e-08,1.0000000000000093
8,6,1test,1,left_hand,0,0.5928190048053446,0.5607061696438886,0.03211283516145591,0.5993862613604408,0.4406493984216357,0.15873686293880512,0.7178524513005106,0.6842279785767647,0.03362447272374591,0.0,1.1310493970015598,1.1310493970015598,0.48367009916519066,1,PREDICTIVELY_IDENTIFIABLE,1.64776919878503,1.8405272579876496e-07,-0.9999999999999963
8,6,1test,1,right_hand,1,0.8304069668557136,0.7404713434500388,0.08993562340567474,0.8836934538145637,0.7477338985531653,0.13595955526139836,0.9720559778338506,0.831299813935803,0.14075616389804757,0.0,1.462940999461317,1.462940999461317,0.38738926988341416,1,PREDICTIVELY_IDENTIFIABLE,1.8081824537819675,1.0514092817297407e-07,1.0000000000000067
8,6,1test,1,feet,2,3.9104055746981934,3.2398052252509224,0.670600349447271,3.529920194363056,2.833543773938815,0.6963764204242411,4.131422833354572,2.94665226121415,1.1847705721404216,0.0,1.0237783487526895,1.0237783487526895,0.6659953985697825,1,PREDICTIVELY_IDENTIFIABLE,1.5171180017243975,3.256914248213263e-06,1.0000000000000058
8,6,1test,1,tongue,3,1.1807078121232004,0.8398273676692352,0.34088044445396526,1.0523162282508707,0.7228935742505942,0.3294226540002765,1.3810480733149422,1.037520283868044,0.3435277894468982,0.0,1.4820607417716845,1.4820607417716845,0.3943080349795294,1,PREDICTIVELY_IDENTIFIABLE,1.010651974104244,4.474448202453654e-08,1.000000000000003
8,7,0train,0,left_hand,0,1.0030748889323295,1.0255588947352254,-0.02248400580289589,0.9291789062868997,0.8617604661213316,0.06741844016556808,1.3348705319947498,1.1657544106374957,0.16911612135725407,0.0,0.9114460581865945,0.9114460581865945,0.8031896641999368,1,PREDICTIVELY_IDENTIFIABLE,0.8320574406028087,6.8745604377087656e-06,-1.0000000000000002
8,7,0train,0,right_hand,1,1.0744228880351725,1.197840189984531,-0.12341730194935852,1.0942278038285318,1.2375652179995025,-0.14333741417097068,1.1379035507684983,1.0344087659690542,0.10349478479944407,0.0,1.0799689900224925,1.0799689900224925,0.5399887550786341,1,PREDICTIVELY_IDENTIFIABLE,0.8380030370943597,3.130529311884518e-07,-1.0000000000000073
8,7,0train,0,feet,2,1.4335792622912225,1.8738098332355422,-0.4402305709443197,1.6367491359727349,2.224616480011704,-0.587867344038969,1.3809242285512793,1.79629999696541,-0.4153757684141308,0.0,1.2356125770461324,1.2356125770461324,0.5522335710478355,1,PREDICTIVELY_IDENTIFIABLE,0.8565053529542055,9.305700924020552e-06,0.9999999999999951
8,7,0train,0,tongue,3,0.49716722564203375,0.28530991682648627,0.21185730881554748,0.48700303434156367,0.22996361360843467,0.257039420733129,0.6136501035328172,0.3767499065353089,0.23690019699750836,0.0,0.847969597477075,0.847969597477075,0.970740243165716,1,PREDICTIVELY_IDENTIFIABLE,0.9838879851967525,4.540581359789536e-06,-0.9999999999999921
8,7,1test,1,left_hand,0,0.9028839157961566,0.8980942125705882,0.004789703225568376,0.9673634745402524,0.8032311754462628,0.16413229909398963,0.9318090939694798,0.838191969873059,0.09361712409642076,0.0,0.91733168569935,0.91733168569935,0.7186139493028547,1,PREDICTIVELY_IDENTIFIABLE,0.6370664596956812,3.0155807306594025e-07,-1.0000000000000069
8,7,1test,1,right_hand,1,1.2421938034516307,1.3718969031888137,-0.12970309973718308,1.3245619337634886,1.2801440858409172,0.04441784792257142,1.287059822361726,1.2138046257144397,0.0732551966472863,0.0,0.7177871569729378,0.7177871569729378,0.6713737255228351,1,PREDICTIVELY_IDENTIFIABLE,0.6406926142076552,2.699578250124425e-06,1.0000000000000013
8,7,1test,1,feet,2,2.4790026445449853,2.1677505429707,0.3112521015742855,3.0524869073725562,2.6075357434455664,0.44495116392698986,1.9796864858288588,1.88531601974427,0.09437046608458877,0.0,1.2333469591933517,1.2333469591933517,0.6255715859806179,1,PREDICTIVELY_IDENTIFIABLE,0.7307274898567899,1.242866881797501e-06,-0.9999999999999968
8,7,1test,1,tongue,3,0.43337893951485545,0.25055614288885714,0.18282279662599832,0.45027110082618443,0.22894455365241317,0.22132654717377126,0.5204263995581959,0.3098976806173023,0.21052871894089364,0.0,0.7165711127931388,0.7165711127931388,0.9457638268527172,1,PREDICTIVELY_IDENTIFIABLE,0.8762587769390694,1.7836223221998488e-06,1.0000000000000009
8,9,0train,0,left_hand,0,0.8987701745390242,0.7796122245890728,0.11915794994995144,0.721523604686836,0.636106974786768,0.08541662990006793,1.7301359785411745,1.5780841358776514,0.15205184266352312,0.0,0.9113462597254666,0.9113462597254666,1.0183784158883495,1,PREDICTIVELY_IDENTIFIABLE,0.5247602407347185,3.4027324670673304e-07,-1.000000000000003
8,9,0train,0,right_hand,1,0.6033104665695841,0.7205030738449156,-0.11719260727533154,0.8415776617535666,1.0396449628620028,-0.19806730110843618,0.7196203026425739,0.7261321547474573,-0.006511852104883364,0.0,1.1813964431142867,1.1813964431142867,0.6445351809558064,1,PREDICTIVELY_IDENTIFIABLE,0.6453995409302884,4.488664880802916e-08,-1.0000000000000036
8,9,0train,0,feet,2,0.8763424549493006,1.3174742240967647,-0.4411317691474641,1.0125397292087104,1.248232359266674,-0.2356926300579636,1.069040249218241,1.4211534965007075,-0.3521132472824666,0.0,1.4157521308944168,1.4157521308944168,0.4935189988657458,1,PREDICTIVELY_IDENTIFIABLE,0.6147770243463964,4.2514408997130736e-08,1.0000000000000133
8,9,0train,0,tongue,3,0.29406340750306387,0.2161677190976919,0.07789568840537198,0.32791625354623954,0.1952910939370599,0.13262515960917964,0.36131747743012044,0.2764295347490013,0.08488794268111916,0.0,0.5506077996879679,0.5506077996879679,1.3984166952598036,1,PREDICTIVELY_IDENTIFIABLE,0.6521754563304712,3.3819732058043604e-06,1.0000000000000056
8,9,1test,1,left_hand,0,3.826976049410763,2.9446183365761334,0.8823577128346298,4.45298862774449,3.215317117891301,1.2376715098531887,3.2644068210259314,2.65058695897672,0.6138198620492115,0.0,0.5786996011593637,0.5786996011593637,2.227574545553497,1,PREDICTIVELY_IDENTIFIABLE,1.7134428511134034,1.7108416834199733e-07,0.9999999999999969
8,9,1test,1,right_hand,1,1.098161167054936,1.1869217661420879,-0.08876059908715184,1.1557518844898762,1.3783337609154076,-0.2225818764255314,1.360593560937449,1.4018508563472443,-0.04125729540979517,0.0,1.480869419498359,1.480869419498359,0.5879333433060749,1,PREDICTIVELY_IDENTIFIABLE,3.709371479486745,3.5492576581745112e-06,1.0000000000000033
8,9,1test,1,feet,2,4.193895723431622,4.661319011262015,-0.46742328783039344,4.48880694622282,4.50504894176268,-0.01624199553985939,3.698391053757706,3.8299051563983033,-0.13151410264059749,0.0,1.0985368061821896,1.0985368061821896,0.9554286019114693,1,PREDICTIVELY_IDENTIFIABLE,3.36948049474763,1.7633376676496968e-06,-1.0000000000000113
8,9,1test,1,tongue,3,0.9392296916559111,0.9574247150414132,-0.018195023385502163,1.109979343341462,1.0800488127210168,0.02993053062044515,0.8695979589560012,0.9024593491865278,-0.03286139023052659,0.0,0.6010042815651729,0.6010042815651729,1.9192098425340924,1,PREDICTIVELY_IDENTIFIABLE,3.041695580194151,4.0150378435237174e-07,-1.0000000000000075
9,1,0train,0,left_hand,0,0.3415354613497074,0.4247928627898664,-0.08325740144015897,0.48178442465027776,0.427095092542959,0.054689332107318744,0.3376675941734032,0.4616639433563295,-0.12399634918292629,0.0,0.9019721210980094,0.9019721210980094,0.9808844248892621,1,PREDICTIVELY_IDENTIFIABLE,1.504591632977159,2.856429166598209e-06,-1.0000000000000073
9,1,0train,0,right_hand,1,2.1353927248395452,1.778260046389069,0.35713267845047625,1.3398267174468315,1.097266190326065,0.24256052712076648,3.0650180977934713,2.864627080609663,0.20039101718380836,0.0,0.7579307650547776,0.7579307650547776,1.21004602713578,1,PREDICTIVELY_IDENTIFIABLE,1.0220183890493222,6.766820022856002e-07,0.9999999999999996
9,1,0train,0,feet,2,2.689003109431402,2.74868514327764,-0.059682033846237825,2.5358954907100686,2.24117604873044,0.2947194419796286,2.505722916897176,2.611992947645372,-0.10627003074819585,0.0,0.7608055356550262,0.7608055356550262,0.7783656963593762,1,PREDICTIVELY_IDENTIFIABLE,1.1482244550249392,1.302366838750235e-07,-1.0000000000000018
9,1,0train,0,tongue,3,0.39350296834000503,0.2946819624218322,0.09882100591817283,0.43865931059386576,0.26741078290269144,0.17124852769117432,0.4367482708814137,0.38709716310293507,0.04965110777847864,0.0,0.7938445063739222,0.7938445063739222,1.3220448920963832,1,PREDICTIVELY_IDENTIFIABLE,1.2781889097633254,6.298580649343475e-07,0.9999999999999962
9,1,1test,1,left_hand,0,0.4434505150818821,0.39771177741940505,0.04573873766247705,0.537999696162508,0.47530700738813025,0.06269268877437773,0.41284727305123814,0.42076921336790407,-0.007921940316665932,0.0,0.9570030449390393,0.9570030449390393,1.100551610586033,1,PREDICTIVELY_IDENTIFIABLE,3.1325895282954654,4.1618508987077264e-08,-1.000000000000011
9,1,1test,1,right_hand,1,5.919058326197898,4.743821531908215,1.1752367942896829,3.2694241328764364,2.7346649804501113,0.5347591524263251,7.885828662672019,6.506076668532166,1.3797519941398528,0.0,0.8101952331126895,0.8101952331126895,1.3174556102204777,1,PREDICTIVELY_IDENTIFIABLE,3.425302147714455,8.593876235607688e-09,-0.9999999999999996
9,1,1test,1,feet,2,1.4179414285992673,1.158634721647309,0.25930670695195834,1.5377407325697798,1.2128950692189875,0.32484566335079235,1.4598058528290687,1.2489220973097794,0.21088375551928928,0.0,0.7805396777542073,0.7805396777542073,0.9923476345788156,1,PREDICTIVELY_IDENTIFIABLE,4.045408232768554,6.607305353015648e-08,0.9999999999999992
9,1,1test,1,tongue,3,0.37068121937911375,0.42338408152791185,-0.0527028621487981,0.43370626269631996,0.5037463826415188,-0.07004011994519888,0.4197949389666405,0.40232520052966897,0.017469738436971527,0.0,0.7247157744098311,0.7247157744098311,1.2448871329029225,1,PREDICTIVELY_IDENTIFIABLE,3.703689494669698,5.734661755786956e-06,0.9999999999999982
9,2,0train,0,left_hand,0,0.889568244071679,0.7922269227527966,0.0973413213188824,0.9141659400910657,0.6368203140988102,0.27734562599225543,0.9963091470992922,0.9038033555106366,0.09250579158865557,0.0,1.52506130369514,1.52506130369514,0.3286919944959827,1,PREDICTIVELY_IDENTIFIABLE,2.6019545458830806,9.82647230367329e-08,0.9999999999999999
9,2,0train,0,right_hand,1,1.1518851001130375,0.9892977807223332,0.16258731939070425,1.2535925200008915,0.9497297615822698,0.30386275841862165,1.2667288085442754,0.9787423634558152,0.28798644508846016,0.0,1.4799328316892806,1.4799328316892806,0.3510860669271504,1,PREDICTIVELY_IDENTIFIABLE,3.0090127426048854,1.9688471770410578e-07,0.9999999999999938
9,2,0train,0,feet,2,3.312648977075992,1.9803072298283424,1.3323417472476495,3.179297725553202,1.8190544331273322,1.3602432924258698,2.8529333708023343,1.9360666614712638,0.9168667093310705,0.0,1.2791899406851308,1.2791899406851308,0.673473401540702,1,PREDICTIVELY_IDENTIFIABLE,2.9146090992947924,2.5106513390135552e-06,-1.0000000000000038
9,2,0train,0,tongue,3,1.1894056266015474,1.1747165920973768,0.014689034504170584,1.1591676900527443,1.139774203120242,0.019393486932502313,1.2592691193072494,1.162131958377507,0.09713716092974245,0.0,1.205540688413073,1.205540688413073,0.4199601113442726,1,PREDICTIVELY_IDENTIFIABLE,1.1786793321992328,1.2679588261441126e-06,-0.9999999999999962
9,2,1test,1,left_hand,0,1.20333514066408,1.1052510121323782,0.09808412853170179,1.3221391076285296,1.1846378341860468,0.13750127344248275,1.0770212086133761,0.9780552634223322,0.09896594519104396,0.0,1.297359358082486,1.297359358082486,0.3865975500544664,1,PREDICTIVELY_IDENTIFIABLE,5.261872225679713,4.836207737411072e-07,-1.0000000000000056
9,2,1test,1,right_hand,1,1.0259563798499731,1.194447668819334,-0.16849128896936083,1.034459841814465,1.1066204984403634,-0.07216065662589832,1.1863808039179131,1.1810664028525069,0.00531440106540626,0.0,1.365109130401143,1.365109130401143,0.30930689102045433,1,PREDICTIVELY_IDENTIFIABLE,10.269467543737795,9.753310533870908e-09,1.0000000000000027
9,2,1test,1,feet,2,1.4828254964446996,0.8249592488823837,0.6578662475623159,1.5704196168682156,0.8059746201484401,0.7644449967197755,1.3934342827993493,0.7679600682906418,0.6254742145087075,0.0,1.3771856393050794,1.3771856393050794,0.5319799460726728,1,PREDICTIVELY_IDENTIFIABLE,9.977977123377322,6.516837556215238e-06,0.9999999999999998
9,2,1test,1,tongue,3,1.3491455436026059,1.3028219088365154,0.04632363476609047,1.440085208001519,1.3785722882100557,0.06151291979146323,1.2659697213182612,1.1798616350503748,0.08610808626788646,0.0,1.1145825399716611,1.1145825399716611,0.4923803364299256,1,PREDICTIVELY_IDENTIFIABLE,6.018890082287771,3.5665096472778607e-06,-1.0000000000000022
9,3,0train,0,left_hand,0,0.48559914506430607,0.38247539025851673,0.10312375480578934,0.9207565579025493,0.7441286786516815,0.17662787925086776,0.5347565379196146,0.4398445163102649,0.09491202160934975,0.0,0.8405842305243061,0.8405842305243061,1.0215341964572244,1,PREDICTIVELY_IDENTIFIABLE,0.7385582122112435,1.7915988259182035e-07,-0.9999999999999999
9,3,0train,0,right_hand,1,1.3555289530512884,0.9835668204041861,0.3719621326471023,1.2982044398647117,0.9014742003691052,0.3967302394956065,1.4393607782221614,1.0937400675473312,0.34562071067483013,0.0,0.8843919754747054,0.8843919754747054,0.9942236030393693,1,PREDICTIVELY_IDENTIFIABLE,0.6909454720460453,2.2673042266910202e-06,-1.0000000000000007
9,3,0train,0,feet,2,1.2272720752169612,1.3064730860646416,-0.07920101084768039,1.3473969778918262,1.2200702715682938,0.12732670632353238,1.2695012527067864,1.607597211664498,-0.3380959589577117,0.0,1.1689519193439692,1.1689519193439692,0.6154216224351955,1,PREDICTIVELY_IDENTIFIABLE,0.7521718650693581,1.1202367345406795e-06,0.9999999999999969
9,3,0train,0,tongue,3,0.24226174943834622,0.21039962976189117,0.03186211967645505,0.2602692007549464,0.14224581002715828,0.11802339072778814,0.3779689978654006,0.3469033407767471,0.031065657088653498,0.0,0.7746128204523925,0.7746128204523925,1.157199218444701,1,PREDICTIVELY_IDENTIFIABLE,0.7989932603275076,7.047136643245946e-07,0.9999999999999982
9,3,1test,1,left_hand,0,0.5210432902039546,0.501654630385232,0.01938865981872262,0.4675637770376582,0.4488858892281458,0.018677887809512406,0.6301235728138265,0.5627987967020567,0.06732477611176979,0.0,1.0444248194750445,1.0444248194750445,0.9616435125793573,1,PREDICTIVELY_IDENTIFIABLE,2.0031731369616432,5.683302255406552e-06,0.9999999999999991
9,3,1test,1,right_hand,1,4.135743122262508,3.052144943941437,1.083598178321071,2.6022413798086634,1.9835650738623336,0.6186763059463298,5.202050719428609,3.084878638773057,2.117172080655552,0.0,1.0235612663181572,1.0235612663181572,1.0931970801625548,1,PREDICTIVELY_IDENTIFIABLE,3.3468702189170005,5.539383203999999e-08,-0.9999999999999976
9,3,1test,1,feet,2,0.5982129951180953,0.623877900838673,-0.02566490572057767,0.7145949673898602,0.72855515770585,-0.013960190315989829,0.6233142169562075,0.706986370298994,-0.08367215334278655,0.0,1.1552716926068969,1.1552716926068969,0.6522962880137932,1,PREDICTIVELY_IDENTIFIABLE,3.7655662716681775,6.528482339401932e-08,1.0000000000000013
9,3,1test,1,tongue,3,0.3659211710327044,0.3708684895321589,-0.004947318499454512,0.3441106425919892,0.3154275434851327,0.028683099106856513,0.4495656340372803,0.42631175706774954,0.02325387696953074,0.0,0.6366543686203628,0.6366543686203628,1.1822752681469035,1,PREDICTIVELY_IDENTIFIABLE,3.0858146848133883,8.688352353498379e-07,1.0000000000000064
9,4,0train,0,left_hand,0,0.6065753606317474,0.5475645536022328,0.05901080702951467,0.8084057839939015,0.7478334024569031,0.0605723815369984,0.5637003578946389,0.4634721059392247,0.10022825195541418,0.0,1.195869382189588,1.195869382189588,0.44453279663275536,1,PREDICTIVELY_IDENTIFIABLE,1.5427832016506948,3.1495922734555854e-07,-1.0000000000000053
9,4,0train,0,right_hand,1,0.7614343610234391,0.7993704590135339,-0.037936097990094786,0.9359616519879788,0.8516796547926836,0.08428199719529517,0.8062640992886815,0.8243752163584656,-0.018111117069784077,0.0,1.4468790458892098,1.4468790458892098,0.33698653572500836,1,PREDICTIVELY_IDENTIFIABLE,1.7392045790433288,6.955156832690425e-06,-0.9999999999999972
9,4,0train,0,feet,2,1.4114326461340485,1.1647847548169954,0.24664789131705311,1.196965678186488,0.944552634369783,0.25241304381670493,1.8686509928805624,1.358601960589777,0.5100490322907854,0.0,1.5587823517247081,1.5587823517247081,0.33419411313213987,1,PREDICTIVELY_IDENTIFIABLE,1.7878146708683047,8.7296054353896e-06,1.0000000000000038
9,4,0train,0,tongue,3,0.6975764313977513,0.6778497027412289,0.019726728656522363,0.7892520229046973,0.7422270086254115,0.04702501427928585,0.6535916769866141,0.6056920753991719,0.04789960158744222,0.0,1.14366338016542,1.14366338016542,0.3883240593836106,1,PREDICTIVELY_IDENTIFIABLE,0.787806438733448,1.6265644572455635e-06,-0.9999999999999937
9,4,1test,1,left_hand,0,0.6077310010384507,0.5396357441638373,0.06809525687461337,0.6232457648977935,0.5337897609334882,0.08945600396430531,0.6164149059189611,0.5500707491438411,0.06634415677511996,0.0,0.683060567106454,0.683060567106454,0.7385307349548713,1,PREDICTIVELY_IDENTIFIABLE,2.8609661242730526,8.195658958653572e-08,-1.0000000000000153
9,4,1test,1,right_hand,1,1.7096085529532765,1.9501835075966305,-0.240574954643354,1.35805031398703,1.6455723134435132,-0.28752199945648327,2.305699245956976,2.2261564592930907,0.07954278666388515,0.0,0.8681982555814495,0.8681982555814495,0.6407479194129062,1,PREDICTIVELY_IDENTIFIABLE,4.757695765556104,2.041473786608642e-06,0.9999999999999988
9,4,1test,1,feet,2,1.5676976036581185,0.9769415637794767,0.5907560398786418,1.5368879783849956,0.953359045924421,0.5835289324605746,1.6120652507745323,0.9902430106649357,0.6218222401095966,0.0,0.7151601217201453,0.7151601217201453,0.7448420301229208,1,PREDICTIVELY_IDENTIFIABLE,4.610032438919557,5.760387424100172e-08,0.999999999999999
9,4,1test,1,tongue,3,0.5905987450330756,0.5804821057534503,0.010116639279625361,0.6065115030537334,0.5725662950001612,0.03394520805357215,0.6101632153818376,0.6184451216225262,-0.008281906240688586,0.0,0.8054320673555494,0.8054320673555494,0.6279804099478165,1,PREDICTIVELY_IDENTIFIABLE,3.3883525473964475,2.7664249292899885e-07,-0.9999999999999944
9,5,0train,0,left_hand,0,0.744681414904046,0.6251874099283959,0.1194940049756501,0.9171595348672712,0.7387112751825125,0.17844825968475875,0.6961660298422357,0.5970160917362384,0.09914993810599737,0.0,1.2579640621452894,1.2579640621452894,0.3137482738327647,1,PREDICTIVELY_IDENTIFIABLE,1.7980133361484583,1.2440939563125995e-08,1.0000000000000047
9,5,0train,0,right_hand,1,1.0162337216477682,0.9646252113890711,0.05160851025869706,1.1718274433424873,0.9799419671340633,0.191885476208424,0.9664708815696875,0.9546946095728723,0.01177627199681519,0.0,1.6554610983593794,1.6554610983593794,0.23945687015542075,1,PREDICTIVELY_IDENTIFIABLE,2.097788525027258,1.5739618865672295e-06,1.0000000000000029
9,5,0train,0,feet,2,1.0032966050370784,0.8802107337309177,0.12308587130616067,0.9961840649192352,0.8402117432168281,0.15597232170240705,1.2314502472766056,1.078779030937165,0.15267121633944059,0.0,1.7660890927090538,1.7660890927090538,0.23413655311630846,1,PREDICTIVELY_IDENTIFIABLE,2.2472539308439177,3.5579409782920502e-06,0.9999999999999958
9,5,0train,0,tongue,3,0.8252995220071603,0.7565964571529106,0.0687030648542497,0.9370897843670459,0.8696612746749768,0.06742850969206915,0.7587645479311697,0.6735628841501304,0.08520166378103922,0.0,1.4367268025163176,1.4367268025163176,0.3438818278269814,1,PREDICTIVELY_IDENTIFIABLE,1.0035856013228455,2.699202273554432e-08,-1.0000000000000033
9,5,1test,1,left_hand,0,0.9245620489161135,0.8809152174626182,0.04364683145349524,0.9729991888337883,0.9103637810582733,0.06263540777551502,0.8814477928931378,0.8352084011369879,0.046239391756149884,0.0,1.3694037452887462,1.3694037452887462,0.2699024838013477,1,PREDICTIVELY_IDENTIFIABLE,3.8273747948632817,3.202285480370772e-06,0.9999999999999984
9,5,1test,1,right_hand,1,1.0392899507152098,0.9746270267917669,0.06466292392344286,1.0067646820935476,0.8948009716404541,0.1119637104530935,1.3702218200061063,1.0893011436098943,0.280920676396212,0.0,1.4054751460761978,1.4054751460761978,0.2796350973407756,1,PREDICTIVELY_IDENTIFIABLE,7.812319154676205,2.204825471679589e-08,1.0000000000000115
9,5,1test,1,feet,2,0.9531434793966057,0.7893652202308852,0.16377825916572053,1.0429911960224718,0.8080331579367468,0.23495803808572502,0.9502168503803541,0.7580964815166927,0.19212036886366135,0.0,1.447286305893702,1.447286305893702,0.2991526226829357,1,PREDICTIVELY_IDENTIFIABLE,7.448170800815213,2.3356155532913684e-06,-1.000000000000006
9,5,1test,1,tongue,3,0.958407417228979,0.8871402487007191,0.07126716852825998,1.0425373925091725,0.9765870042133967,0.06595038829577582,0.9085759266596554,0.7996647583340534,0.10891116832560199,0.0,1.389497895089435,1.389497895089435,0.3751822278639137,1,PREDICTIVELY_IDENTIFIABLE,4.959279221093879,5.744174147253887e-06,0.9999999999999981
9,6,0train,0,left_hand,0,0.5762932376970029,0.43871716279937023,0.13757607489763268,0.7725708061177617,0.5717867704598494,0.20078403565791236,0.5409665538747315,0.4689577304306494,0.07200882344408205,0.0,0.9787201265750163,0.9787201265750163,0.5253317795425724,1,PREDICTIVELY_IDENTIFIABLE,1.5253503094026961,2.4896401462435533e-06,1.0
9,6,0train,0,right_hand,1,0.7299336945420339,0.6265815974237242,0.10335209711830973,0.8665258224319576,0.5775333379582391,0.2889924844737185,0.9212123446152217,0.8466528150753442,0.07455952953987754,0.0,1.450492326338461,1.450492326338461,0.40711274145212833,1,PREDICTIVELY_IDENTIFIABLE,1.7169115901351162,3.902326257729117e-09,-1.0000000000000067
9,6,0train,0,feet,2,2.6071971998185433,1.3462695749114304,1.2609276249071129,2.539519808270213,1.27848778935574,1.2610320189144728,2.5456543572850796,1.6037863608239482,0.9418679964611314,0.0,1.1722449257500809,1.1722449257500809,0.5069328894161768,1,PREDICTIVELY_IDENTIFIABLE,1.6285836140796035,2.4611321226449905e-06,-1.0000000000000102
9,6,0train,0,tongue,3,0.7235380250478085,0.6743256572729809,0.049212367774827626,0.7448805630867833,0.6656770212598979,0.07920354182688538,0.7813443795397261,0.6802393049785573,0.1011050745611688,0.0,1.206065955699539,1.206065955699539,0.41019598611341157,1,PREDICTIVELY_IDENTIFIABLE,0.7072730976460935,6.355198713128334e-08,0.9999999999999918
9,6,1test,1,left_hand,0,0.7502856404118904,0.6981849531197006,0.05210068729218975,0.7109024079812174,0.6405053550350099,0.07039705294620746,0.82337280034027,0.7331762744815572,0.09019652585871285,0.0,1.12678359273687,1.12678359273687,0.483670099165191,1,PREDICTIVELY_IDENTIFIABLE,3.990708392653832,3.648165396841365e-06,1.0000000000000075
9,6,1test,1,right_hand,1,1.0434695093357398,1.2040353198434244,-0.1605658105076846,0.9352714950380735,0.9571798175855875,-0.02190832254751396,1.4533457446006117,1.1896872833599752,0.2636584612406365,0.0,1.529090664241507,1.529090664241507,0.38738926988341393,1,PREDICTIVELY_IDENTIFIABLE,6.995814193834571,8.282130334901757e-08,-0.9999999999999968
9,6,1test,1,feet,2,1.3447807022132232,0.8682848991056892,0.47649580310753403,1.2958050835174673,0.8503775873467796,0.44542749617068766,1.486761716548592,0.8394474467761536,0.6473142697724384,0.0,1.0122250290958121,1.0122250290958121,0.6659953985697825,1,PREDICTIVELY_IDENTIFIABLE,6.665352828911875,1.8395139831872783e-06,-1.0000000000000038
9,6,1test,1,tongue,3,1.0311920744780498,0.9518965725329037,0.07929550194514612,0.9340777371914493,0.8471277721238119,0.08694996506763741,1.1759552270160598,1.0335124039983328,0.14244282301772704,0.0,1.573515540426902,1.573515540426902,0.3943080349795293,1,PREDICTIVELY_IDENTIFIABLE,3.9779844939088536,9.08948447826957e-06,1.0000000000000024
9,7,0train,0,left_hand,0,0.40203314504253784,0.3758387508417234,0.02619439420081443,0.6013005006879908,0.38256599790832024,0.21873450277967055,0.5317465929215996,0.5173617491493572,0.014384843772242473,0.0,0.955566253774011,0.955566253774011,0.8031896641999363,1,PREDICTIVELY_IDENTIFIABLE,0.7204560631114669,3.187600564958681e-06,-0.9999999999999953
9,7,0train,0,right_hand,1,0.9974431538026571,0.7999676567647827,0.19747549703787448,0.9294310998337187,0.6541958588578259,0.2752352409758928,1.386779731082207,1.1693417040705183,0.21743802701168868,0.0,1.0396269066976007,1.0396269066976007,0.5399887550786341,1,PREDICTIVELY_IDENTIFIABLE,0.6885057450084655,5.304726600199155e-06,-0.9999999999999974
9,7,0train,0,feet,2,1.2497008683076054,0.9261779679145332,0.3235229003930722,1.3361269372576137,1.158803074988797,0.1773238622688167,1.3569053305456855,1.1080239642443535,0.24888136630133206,0.0,1.1328794577768622,1.1328794577768622,0.552233571047836,1,PREDICTIVELY_IDENTIFIABLE,0.7537144980949715,5.852468316875961e-08,-1.0000000000000007
9,7,0train,0,tongue,3,0.36691930682879087,0.25317215358127476,0.11374715324751611,0.3706599010240351,0.2491346612899488,0.12152523973408633,0.45723545640779634,0.38879995587029575,0.06843550053750058,0.0,0.7853450420081072,0.7853450420081072,0.9707402431657178,1,PREDICTIVELY_IDENTIFIABLE,0.48275477657615556,3.208252785003171e-08,1.0000000000000089
9,7,1test,1,left_hand,0,0.6339433435387937,0.599299942557785,0.03464340098100871,0.587504149569426,0.5547658062562242,0.0327383433132018,0.7141391150165439,0.6581502641782118,0.05598885083833216,0.0,0.9252252140138119,0.9252252140138119,0.7186139493028547,1,PREDICTIVELY_IDENTIFIABLE,1.9399405730675674,3.582436924907997e-06,1.0000000000000016
9,7,1test,1,right_hand,1,2.183072987537967,1.939089774260301,0.24398321327766603,1.6915725429024544,1.4200508237509926,0.27152171915146184,2.4347702083700473,1.9023071739039554,0.5324630344660919,0.0,0.9549595487305621,0.9549595487305621,0.6713737255228355,1,PREDICTIVELY_IDENTIFIABLE,4.140697218564777,4.035241070750219e-09,-1.000000000000013
9,7,1test,1,feet,2,0.927340382101274,0.8013038962154414,0.1260364858858326,0.8699360122871652,0.6209837494464084,0.24895226284075678,1.076017040865209,0.796031607495976,0.279985433369233,0.0,1.0023930831475827,1.0023930831475827,0.6255715859806183,1,PREDICTIVELY_IDENTIFIABLE,4.214731593877637,9.749936255692467e-08,-1.0000000000000062
9,7,1test,1,tongue,3,0.3864947199751327,0.38357535249908836,0.002919367476044321,0.40955937712189744,0.37092097249367045,0.038638404628226986,0.41348113952433724,0.40918555921651,0.004295580307827229,0.0,0.743190748696781,0.743190748696781,0.9457638268527176,1,PREDICTIVELY_IDENTIFIABLE,3.487874273463466,1.7843657469084395e-07,-1.000000000000009
9,8,0train,0,left_hand,0,0.604647810013168,0.5259384567753689,0.07870935323779915,0.8905479511272921,0.7851215995414119,0.10542635158588021,0.6248432114456979,0.6053438996254109,0.01949931182028697,0.0,0.9701793132559874,0.9701793132559874,0.8352877305506442,1,PREDICTIVELY_IDENTIFIABLE,0.5221244154634113,1.2701723036975231e-08,-0.9999999999999982
9,8,0train,0,right_hand,1,0.7238341404747471,0.8644383812036491,-0.14060424072890199,0.8283094129279137,1.0265449106870548,-0.19823549775914107,0.9474018256311313,0.989711660485519,-0.04230983485438766,0.0,1.1526217746877796,1.1526217746877796,0.7059854155661259,1,PREDICTIVELY_IDENTIFIABLE,0.6453995409302895,4.500644729164099e-08,-0.9999999999999962
9,8,0train,0,feet,2,1.0743102827702231,1.5849789718259544,-0.5106686890557313,0.9099759436271756,1.102331417082395,-0.19235547345521942,1.591036898528542,2.1150818764668857,-0.5240449779383438,0.0,1.269488434541543,1.269488434541543,0.5464265798769053,1,PREDICTIVELY_IDENTIFIABLE,0.6178334723157337,6.971438758586676e-07,-0.9999999999999996
9,8,0train,0,tongue,3,0.2626755811039455,0.19309434515761548,0.06958123594633003,0.2837160889107377,0.16091703749407357,0.12279905141666411,0.33607320937377183,0.2571161540043079,0.07895705536946396,0.0,0.6611278326747257,0.6611278326747257,1.3216789050137612,1,PREDICTIVELY_IDENTIFIABLE,0.6521754563254945,3.376865108893711e-06,1.0000000000000087
9,8,1test,1,left_hand,0,0.6954478038664639,0.5443485759902257,0.1510992278762382,0.7150863384385304,0.5163339812294442,0.19875235720908624,0.693920544237734,0.5634398062455998,0.13048073799213422,0.0,0.8504412599146552,0.8504412599146552,0.9495911194372055,1,PREDICTIVELY_IDENTIFIABLE,1.7125745249598983,2.438642783254571e-07,1.0000000000000036
9,8,1test,1,right_hand,1,1.4794100941426227,1.7026800684913013,-0.22326997434867857,0.938881509795728,1.0975789113682481,-0.1586974015725201,2.337886916874489,2.408778685172601,-0.07089176829811228,0.0,1.502869165662545,1.502869165662545,0.6824005035177128,1,PREDICTIVELY_IDENTIFIABLE,3.702601598832129,4.4922339234206624e-08,1.0000000000000089
9,8,1test,1,feet,2,0.905036323378864,1.013415130715929,-0.10837880733706495,0.9945877141602898,0.998186457763441,-0.0035987436031511555,0.9124312128339912,0.8918256442205127,0.02060556861347851,0.0,1.3951536194896115,1.3951536194896115,0.4438359016715309,1,PREDICTIVELY_IDENTIFIABLE,3.3735160192589406,2.523187730402631e-07,-1.0000000000000062
9,8,1test,1,tongue,3,0.33526905588672556,0.34176398288820947,-0.006494927001483908,0.36226079433413766,0.35387969992662005,0.008381094407517609,0.35036811092526593,0.3636082585596458,-0.013240147634379862,0.0,0.7549012527660798,0.7549012527660798,1.146656378569386,1,PREDICTIVELY_IDENTIFIABLE,3.0416955801941485,4.015251032737248e-07,-1.0000000000000049
