row_index,trial_uid,window_index
5,S01_0train_T002,1
6,S01_0train_T002,2
7,S01_0train_T002,3
8,S01_0train_T002,4
9,S01_0train_T002,5
45,S01_0train_T010,1
46,S01_0train_T010,2
47,S01_0train_T010,3
48,S01_0train_T010,4
49,S01_0train_T010,5
60,S01_0train_T013,1
61,S01_0train_T013,2
62,S01_0train_T013,3
63,S01_0train_T013,4
64,S01_0train_T013,5
65,S01_0train_T014,1
66,S01_0train_T014,2
67,S01_0train_T014,3
68,S01_0train_T014,4
69,S01_0train_T014,5
75,S01_0train_T016,1
76,S01_0train_T016,2
77,S01_0train_T016,3
78,S01_0train_T016,4
79,S01_0train_T016,5
90,S01_0train_T019,1
91,S01_0train_T019,2
92,S01_0train_T019,3
93,S01_0train_T019,4
94,S01_0train_T019,5
100,S01_0train_T021,1
101,S01_0train_T021,2
102,S01_0train_T021,3
103,S01_0train_T021,4
104,S01_0train_T021,5
120,S01_0train_T025,1
121,S01_0train_T025,2
122,S01_0train_T025,3
123,S01_0train_T025,4
124,S01_0train_T025,5
125,S01_0train_T026,1
126,S01_0train_T026,2
127,S01_0train_T026,3
128,S01_0train_T026,4
129,S01_0train_T026,5
135,S01_0train_T028,1
136,S01_0train_T028,2
137,S01_0train_T028,3
138,S01_0train_T028,4
139,S01_0train_T028,5
150,S01_0train_T031,1
151,S01_0train_T031,2
152,S01_0train_T031,3
153,S01_0train_T031,4
154,S01_0train_T031,5
160,S01_0train_T033,1
161,S01_0train_T033,2
162,S01_0train_T033,3
163,S01_0train_T033,4
164,S01_0train_T033,5
175,S01_0train_T036,1
176,S01_0train_T036,2
177,S01_0train_T036,3
178,S01_0train_T036,4
179,S01_0train_T036,5
195,S01_0train_T040,1
196,S01_0train_T040,2
197,S01_0train_T040,3
198,S01_0train_T040,4
199,S01_0train_T040,5
200,S01_0train_T041,1
201,S01_0train_T041,2
202,S01_0train_T041,3
203,S01_0train_T041,4
204,S01_0train_T041,5
215,S01_0train_T044,1
216,S01_0train_T044,2
217,S01_0train_T044,3
218,S01_0train_T044,4
219,S01_0train_T044,5
240,S01_0train_T049,1
241,S01_0train_T049,2
242,S01_0train_T049,3
243,S01_0train_T049,4
244,S01_0train_T049,5
245,S01_0train_T050,1
246,S01_0train_T050,2
247,S01_0train_T050,3
248,S01_0train_T050,4
249,S01_0train_T050,5
255,S01_0train_T052,1
256,S01_0train_T052,2
257,S01_0train_T052,3
258,S01_0train_T052,4
259,S01_0train_T052,5
275,S01_0train_T056,1
276,S01_0train_T056,2
277,S01_0train_T056,3
278,S01_0train_T056,4
279,S01_0train_T056,5
280,S01_0train_T057,1
281,S01_0train_T057,2
282,S01_0train_T057,3
283,S01_0train_T057,4
284,S01_0train_T057,5
305,S01_0train_T062,1
306,S01_0train_T062,2
307,S01_0train_T062,3
308,S01_0train_T062,4
309,S01_0train_T062,5
335,S01_0train_T068,1
336,S01_0train_T068,2
337,S01_0train_T068,3
338,S01_0train_T068,4
339,S01_0train_T068,5
340,S01_0train_T069,1
341,S01_0train_T069,2
342,S01_0train_T069,3
343,S01_0train_T069,4
344,S01_0train_T069,5
345,S01_0train_T070,1
346,S01_0train_T070,2
347,S01_0train_T070,3
348,S01_0train_T070,4
349,S01_0train_T070,5
350,S01_0train_T071,1
351,S01_0train_T071,2
352,S01_0train_T071,3
353,S01_0train_T071,4
354,S01_0train_T071,5
360,S01_0train_T073,1
361,S01_0train_T073,2
362,S01_0train_T073,3
363,S01_0train_T073,4
364,S01_0train_T073,5
370,S01_0train_T075,1
371,S01_0train_T075,2
372,S01_0train_T075,3
373,S01_0train_T075,4
374,S01_0train_T075,5
390,S01_0train_T079,1
391,S01_0train_T079,2
392,S01_0train_T079,3
393,S01_0train_T079,4
394,S01_0train_T079,5
410,S01_0train_T083,1
411,S01_0train_T083,2
412,S01_0train_T083,3
413,S01_0train_T083,4
414,S01_0train_T083,5
415,S01_0train_T084,1
416,S01_0train_T084,2
417,S01_0train_T084,3
418,S01_0train_T084,4
419,S01_0train_T084,5
420,S01_0train_T085,1
421,S01_0train_T085,2
422,S01_0train_T085,3
423,S01_0train_T085,4
424,S01_0train_T085,5
425,S01_0train_T086,1
426,S01_0train_T086,2
427,S01_0train_T086,3
428,S01_0train_T086,4
429,S01_0train_T086,5
430,S01_0train_T087,1
431,S01_0train_T087,2
432,S01_0train_T087,3
433,S01_0train_T087,4
434,S01_0train_T087,5
460,S01_0train_T093,1
461,S01_0train_T093,2
462,S01_0train_T093,3
463,S01_0train_T093,4
464,S01_0train_T093,5
465,S01_0train_T094,1
466,S01_0train_T094,2
467,S01_0train_T094,3
468,S01_0train_T094,4
469,S01_0train_T094,5
470,S01_0train_T095,1
471,S01_0train_T095,2
472,S01_0train_T095,3
473,S01_0train_T095,4
474,S01_0train_T095,5
495,S01_0train_T100,1
496,S01_0train_T100,2
497,S01_0train_T100,3
498,S01_0train_T100,4
499,S01_0train_T100,5
500,S01_0train_T101,1
501,S01_0train_T101,2
502,S01_0train_T101,3
503,S01_0train_T101,4
504,S01_0train_T101,5
505,S01_0train_T102,1
506,S01_0train_T102,2
507,S01_0train_T102,3
508,S01_0train_T102,4
509,S01_0train_T102,5
530,S01_0train_T107,1
531,S01_0train_T107,2
532,S01_0train_T107,3
533,S01_0train_T107,4
534,S01_0train_T107,5
535,S01_0train_T108,1
536,S01_0train_T108,2
537,S01_0train_T108,3
538,S01_0train_T108,4
539,S01_0train_T108,5
550,S01_0train_T111,1
551,S01_0train_T111,2
552,S01_0train_T111,3
553,S01_0train_T111,4
554,S01_0train_T111,5
555,S01_0train_T112,1
556,S01_0train_T112,2
557,S01_0train_T112,3
558,S01_0train_T112,4
559,S01_0train_T112,5
560,S01_0train_T113,1
561,S01_0train_T113,2
562,S01_0train_T113,3
563,S01_0train_T113,4
564,S01_0train_T113,5
575,S01_0train_T116,1
576,S01_0train_T116,2
577,S01_0train_T116,3
578,S01_0train_T116,4
579,S01_0train_T116,5
590,S01_0train_T119,1
591,S01_0train_T119,2
592,S01_0train_T119,3
593,S01_0train_T119,4
594,S01_0train_T119,5
600,S01_0train_T121,1
601,S01_0train_T121,2
602,S01_0train_T121,3
603,S01_0train_T121,4
604,S01_0train_T121,5
610,S01_0train_T123,1
611,S01_0train_T123,2
612,S01_0train_T123,3
613,S01_0train_T123,4
614,S01_0train_T123,5
615,S01_0train_T124,1
616,S01_0train_T124,2
617,S01_0train_T124,3
618,S01_0train_T124,4
619,S01_0train_T124,5
650,S01_0train_T131,1
651,S01_0train_T131,2
652,S01_0train_T131,3
653,S01_0train_T131,4
654,S01_0train_T131,5
655,S01_0train_T132,1
656,S01_0train_T132,2
657,S01_0train_T132,3
658,S01_0train_T132,4
659,S01_0train_T132,5
660,S01_0train_T133,1
661,S01_0train_T133,2
662,S01_0train_T133,3
663,S01_0train_T133,4
664,S01_0train_T133,5
665,S01_0train_T134,1
666,S01_0train_T134,2
667,S01_0train_T134,3
668,S01_0train_T134,4
669,S01_0train_T134,5
670,S01_0train_T135,1
671,S01_0train_T135,2
672,S01_0train_T135,3
673,S01_0train_T135,4
674,S01_0train_T135,5
695,S01_0train_T140,1
696,S01_0train_T140,2
697,S01_0train_T140,3
698,S01_0train_T140,4
699,S01_0train_T140,5
705,S01_0train_T142,1
706,S01_0train_T142,2
707,S01_0train_T142,3
708,S01_0train_T142,4
709,S01_0train_T142,5
725,S01_0train_T146,1
726,S01_0train_T146,2
727,S01_0train_T146,3
728,S01_0train_T146,4
729,S01_0train_T146,5
745,S01_0train_T150,1
746,S01_0train_T150,2
747,S01_0train_T150,3
748,S01_0train_T150,4
749,S01_0train_T150,5
750,S01_0train_T151,1
751,S01_0train_T151,2
752,S01_0train_T151,3
753,S01_0train_T151,4
754,S01_0train_T151,5
755,S01_0train_T152,1
756,S01_0train_T152,2
757,S01_0train_T152,3
758,S01_0train_T152,4
759,S01_0train_T152,5
765,S01_0train_T154,1
766,S01_0train_T154,2
767,S01_0train_T154,3
768,S01_0train_T154,4
769,S01_0train_T154,5
770,S01_0train_T155,1
771,S01_0train_T155,2
772,S01_0train_T155,3
773,S01_0train_T155,4
774,S01_0train_T155,5
780,S01_0train_T157,1
781,S01_0train_T157,2
782,S01_0train_T157,3
783,S01_0train_T157,4
784,S01_0train_T157,5
785,S01_0train_T158,1
786,S01_0train_T158,2
787,S01_0train_T158,3
788,S01_0train_T158,4
789,S01_0train_T158,5
790,S01_0train_T159,1
791,S01_0train_T159,2
792,S01_0train_T159,3
793,S01_0train_T159,4
794,S01_0train_T159,5
800,S01_0train_T161,1
801,S01_0train_T161,2
802,S01_0train_T161,3
803,S01_0train_T161,4
804,S01_0train_T161,5
810,S01_0train_T163,1
811,S01_0train_T163,2
812,S01_0train_T163,3
813,S01_0train_T163,4
814,S01_0train_T163,5
825,S01_0train_T166,1
826,S01_0train_T166,2
827,S01_0train_T166,3
828,S01_0train_T166,4
829,S01_0train_T166,5
830,S01_0train_T167,1
831,S01_0train_T167,2
832,S01_0train_T167,3
833,S01_0train_T167,4
834,S01_0train_T167,5
865,S01_0train_T174,1
866,S01_0train_T174,2
867,S01_0train_T174,3
868,S01_0train_T174,4
869,S01_0train_T174,5
880,S01_0train_T177,1
881,S01_0train_T177,2
882,S01_0train_T177,3
883,S01_0train_T177,4
884,S01_0train_T177,5
915,S01_0train_T184,1
916,S01_0train_T184,2
917,S01_0train_T184,3
918,S01_0train_T184,4
919,S01_0train_T184,5
945,S01_0train_T190,1
946,S01_0train_T190,2
947,S01_0train_T190,3
948,S01_0train_T190,4
949,S01_0train_T190,5
980,S01_0train_T197,1
981,S01_0train_T197,2
982,S01_0train_T197,3
983,S01_0train_T197,4
984,S01_0train_T197,5
985,S01_0train_T198,1
986,S01_0train_T198,2
987,S01_0train_T198,3
988,S01_0train_T198,4
989,S01_0train_T198,5
995,S01_0train_T200,1
996,S01_0train_T200,2
997,S01_0train_T200,3
998,S01_0train_T200,4
999,S01_0train_T200,5
1015,S01_0train_T204,1
1016,S01_0train_T204,2
1017,S01_0train_T204,3
1018,S01_0train_T204,4
1019,S01_0train_T204,5
1020,S01_0train_T205,1
1021,S01_0train_T205,2
1022,S01_0train_T205,3
1023,S01_0train_T205,4
1024,S01_0train_T205,5
1030,S01_0train_T207,1
1031,S01_0train_T207,2
1032,S01_0train_T207,3
1033,S01_0train_T207,4
1034,S01_0train_T207,5
1070,S01_0train_T215,1
1071,S01_0train_T215,2
1072,S01_0train_T215,3
1073,S01_0train_T215,4
1074,S01_0train_T215,5
1075,S01_0train_T216,1
1076,S01_0train_T216,2
1077,S01_0train_T216,3
1078,S01_0train_T216,4
1079,S01_0train_T216,5
1080,S01_0train_T217,1
1081,S01_0train_T217,2
1082,S01_0train_T217,3
1083,S01_0train_T217,4
1084,S01_0train_T217,5
1115,S01_0train_T224,1
1116,S01_0train_T224,2
1117,S01_0train_T224,3
1118,S01_0train_T224,4
1119,S01_0train_T224,5
1120,S01_0train_T225,1
1121,S01_0train_T225,2
1122,S01_0train_T225,3
1123,S01_0train_T225,4
1124,S01_0train_T225,5
1125,S01_0train_T226,1
1126,S01_0train_T226,2
1127,S01_0train_T226,3
1128,S01_0train_T226,4
1129,S01_0train_T226,5
1130,S01_0train_T227,1
1131,S01_0train_T227,2
1132,S01_0train_T227,3
1133,S01_0train_T227,4
1134,S01_0train_T227,5
1140,S01_0train_T229,1
1141,S01_0train_T229,2
1142,S01_0train_T229,3
1143,S01_0train_T229,4
1144,S01_0train_T229,5
1155,S01_0train_T232,1
1156,S01_0train_T232,2
1157,S01_0train_T232,3
1158,S01_0train_T232,4
1159,S01_0train_T232,5
1165,S01_0train_T234,1
1166,S01_0train_T234,2
1167,S01_0train_T234,3
1168,S01_0train_T234,4
1169,S01_0train_T234,5
1170,S01_0train_T235,1
1171,S01_0train_T235,2
1172,S01_0train_T235,3
1173,S01_0train_T235,4
1174,S01_0train_T235,5
1185,S01_0train_T238,1
1186,S01_0train_T238,2
1187,S01_0train_T238,3
1188,S01_0train_T238,4
1189,S01_0train_T238,5
1190,S01_0train_T239,1
1191,S01_0train_T239,2
1192,S01_0train_T239,3
1193,S01_0train_T239,4
1194,S01_0train_T239,5
1195,S01_0train_T240,1
1196,S01_0train_T240,2
1197,S01_0train_T240,3
1198,S01_0train_T240,4
1199,S01_0train_T240,5
1200,S01_0train_T241,1
1201,S01_0train_T241,2
1202,S01_0train_T241,3
1203,S01_0train_T241,4
1204,S01_0train_T241,5
1220,S01_0train_T245,1
1221,S01_0train_T245,2
1222,S01_0train_T245,3
1223,S01_0train_T245,4
1224,S01_0train_T245,5
1235,S01_0train_T248,1
1236,S01_0train_T248,2
1237,S01_0train_T248,3
1238,S01_0train_T248,4
1239,S01_0train_T248,5
1270,S01_0train_T255,1
1271,S01_0train_T255,2
1272,S01_0train_T255,3
1273,S01_0train_T255,4
1274,S01_0train_T255,5
1290,S01_0train_T259,1
1291,S01_0train_T259,2
1292,S01_0train_T259,3
1293,S01_0train_T259,4
1294,S01_0train_T259,5
1305,S01_0train_T262,1
1306,S01_0train_T262,2
1307,S01_0train_T262,3
1308,S01_0train_T262,4
1309,S01_0train_T262,5
1315,S01_0train_T264,1
1316,S01_0train_T264,2
1317,S01_0train_T264,3
1318,S01_0train_T264,4
1319,S01_0train_T264,5
1325,S01_0train_T266,1
1326,S01_0train_T266,2
1327,S01_0train_T266,3
1328,S01_0train_T266,4
1329,S01_0train_T266,5
1330,S01_0train_T267,1
1331,S01_0train_T267,2
1332,S01_0train_T267,3
1333,S01_0train_T267,4
1334,S01_0train_T267,5
1340,S01_0train_T269,1
1341,S01_0train_T269,2
1342,S01_0train_T269,3
1343,S01_0train_T269,4
1344,S01_0train_T269,5
1345,S01_0train_T270,1
1346,S01_0train_T270,2
1347,S01_0train_T270,3
1348,S01_0train_T270,4
1349,S01_0train_T270,5
1355,S01_0train_T272,1
1356,S01_0train_T272,2
1357,S01_0train_T272,3
1358,S01_0train_T272,4
1359,S01_0train_T272,5
1365,S01_0train_T274,1
1366,S01_0train_T274,2
1367,S01_0train_T274,3
1368,S01_0train_T274,4
1369,S01_0train_T274,5
1370,S01_0train_T275,1
1371,S01_0train_T275,2
1372,S01_0train_T275,3
1373,S01_0train_T275,4
1374,S01_0train_T275,5
1375,S01_0train_T276,1
1376,S01_0train_T276,2
1377,S01_0train_T276,3
1378,S01_0train_T276,4
1379,S01_0train_T276,5
1400,S01_0train_T281,1
1401,S01_0train_T281,2
1402,S01_0train_T281,3
1403,S01_0train_T281,4
1404,S01_0train_T281,5
1425,S01_0train_T286,1
1426,S01_0train_T286,2
1427,S01_0train_T286,3
1428,S01_0train_T286,4
1429,S01_0train_T286,5
1435,S01_0train_T288,1
1436,S01_0train_T288,2
1437,S01_0train_T288,3
1438,S01_0train_T288,4
1439,S01_0train_T288,5
1445,S02_0train_T002,1
1446,S02_0train_T002,2
1447,S02_0train_T002,3
1448,S02_0train_T002,4
1449,S02_0train_T002,5
1450,S02_0train_T003,1
1451,S02_0train_T003,2
1452,S02_0train_T003,3
1453,S02_0train_T003,4
1454,S02_0train_T003,5
1455,S02_0train_T004,1
1456,S02_0train_T004,2
1457,S02_0train_T004,3
1458,S02_0train_T004,4
1459,S02_0train_T004,5
1470,S02_0train_T007,1
1471,S02_0train_T007,2
1472,S02_0train_T007,3
1473,S02_0train_T007,4
1474,S02_0train_T007,5
1480,S02_0train_T009,1
1481,S02_0train_T009,2
1482,S02_0train_T009,3
1483,S02_0train_T009,4
1484,S02_0train_T009,5
1485,S02_0train_T010,1
1486,S02_0train_T010,2
1487,S02_0train_T010,3
1488,S02_0train_T010,4
1489,S02_0train_T010,5
1495,S02_0train_T012,1
1496,S02_0train_T012,2
1497,S02_0train_T012,3
1498,S02_0train_T012,4
1499,S02_0train_T012,5
1505,S02_0train_T014,1
1506,S02_0train_T014,2
1507,S02_0train_T014,3
1508,S02_0train_T014,4
1509,S02_0train_T014,5
1510,S02_0train_T015,1
1511,S02_0train_T015,2
1512,S02_0train_T015,3
1513,S02_0train_T015,4
1514,S02_0train_T015,5
1515,S02_0train_T016,1
1516,S02_0train_T016,2
1517,S02_0train_T016,3
1518,S02_0train_T016,4
1519,S02_0train_T016,5
1535,S02_0train_T020,1
1536,S02_0train_T020,2
1537,S02_0train_T020,3
1538,S02_0train_T020,4
1539,S02_0train_T020,5
1545,S02_0train_T022,1
1546,S02_0train_T022,2
1547,S02_0train_T022,3
1548,S02_0train_T022,4
1549,S02_0train_T022,5
1555,S02_0train_T024,1
1556,S02_0train_T024,2
1557,S02_0train_T024,3
1558,S02_0train_T024,4
1559,S02_0train_T024,5
1560,S02_0train_T025,1
1561,S02_0train_T025,2
1562,S02_0train_T025,3
1563,S02_0train_T025,4
1564,S02_0train_T025,5
1580,S02_0train_T029,1
1581,S02_0train_T029,2
1582,S02_0train_T029,3
1583,S02_0train_T029,4
1584,S02_0train_T029,5
1585,S02_0train_T030,1
1586,S02_0train_T030,2
1587,S02_0train_T030,3
1588,S02_0train_T030,4
1589,S02_0train_T030,5
1590,S02_0train_T031,1
1591,S02_0train_T031,2
1592,S02_0train_T031,3
1593,S02_0train_T031,4
1594,S02_0train_T031,5
1595,S02_0train_T032,1
1596,S02_0train_T032,2
1597,S02_0train_T032,3
1598,S02_0train_T032,4
1599,S02_0train_T032,5
1605,S02_0train_T034,1
1606,S02_0train_T034,2
1607,S02_0train_T034,3
1608,S02_0train_T034,4
1609,S02_0train_T034,5
1610,S02_0train_T035,1
1611,S02_0train_T035,2
1612,S02_0train_T035,3
1613,S02_0train_T035,4
1614,S02_0train_T035,5
1620,S02_0train_T037,1
1621,S02_0train_T037,2
1622,S02_0train_T037,3
1623,S02_0train_T037,4
1624,S02_0train_T037,5
1625,S02_0train_T038,1
1626,S02_0train_T038,2
1627,S02_0train_T038,3
1628,S02_0train_T038,4
1629,S02_0train_T038,5
1630,S02_0train_T039,1
1631,S02_0train_T039,2
1632,S02_0train_T039,3
1633,S02_0train_T039,4
1634,S02_0train_T039,5
1640,S02_0train_T041,1
1641,S02_0train_T041,2
1642,S02_0train_T041,3
1643,S02_0train_T041,4
1644,S02_0train_T041,5
1645,S02_0train_T042,1
1646,S02_0train_T042,2
1647,S02_0train_T042,3
1648,S02_0train_T042,4
1649,S02_0train_T042,5
1650,S02_0train_T043,1
1651,S02_0train_T043,2
1652,S02_0train_T043,3
1653,S02_0train_T043,4
1654,S02_0train_T043,5
1660,S02_0train_T045,1
1661,S02_0train_T045,2
1662,S02_0train_T045,3
1663,S02_0train_T045,4
1664,S02_0train_T045,5
1675,S02_0train_T048,1
1676,S02_0train_T048,2
1677,S02_0train_T048,3
1678,S02_0train_T048,4
1679,S02_0train_T048,5
1695,S02_0train_T052,1
1696,S02_0train_T052,2
1697,S02_0train_T052,3
1698,S02_0train_T052,4
1699,S02_0train_T052,5
1705,S02_0train_T054,1
1706,S02_0train_T054,2
1707,S02_0train_T054,3
1708,S02_0train_T054,4
1709,S02_0train_T054,5
1715,S02_0train_T056,1
1716,S02_0train_T056,2
1717,S02_0train_T056,3
1718,S02_0train_T056,4
1719,S02_0train_T056,5
1735,S02_0train_T060,1
1736,S02_0train_T060,2
1737,S02_0train_T060,3
1738,S02_0train_T060,4
1739,S02_0train_T060,5
1765,S02_0train_T066,1
1766,S02_0train_T066,2
1767,S02_0train_T066,3
1768,S02_0train_T066,4
1769,S02_0train_T066,5
1770,S02_0train_T067,1
1771,S02_0train_T067,2
1772,S02_0train_T067,3
1773,S02_0train_T067,4
1774,S02_0train_T067,5
1785,S02_0train_T070,1
1786,S02_0train_T070,2
1787,S02_0train_T070,3
1788,S02_0train_T070,4
1789,S02_0train_T070,5
1800,S02_0train_T073,1
1801,S02_0train_T073,2
1802,S02_0train_T073,3
1803,S02_0train_T073,4
1804,S02_0train_T073,5
1810,S02_0train_T075,1
1811,S02_0train_T075,2
1812,S02_0train_T075,3
1813,S02_0train_T075,4
1814,S02_0train_T075,5
1820,S02_0train_T077,1
1821,S02_0train_T077,2
1822,S02_0train_T077,3
1823,S02_0train_T077,4
1824,S02_0train_T077,5
1830,S02_0train_T079,1
1831,S02_0train_T079,2
1832,S02_0train_T079,3
1833,S02_0train_T079,4
1834,S02_0train_T079,5
1835,S02_0train_T080,1
1836,S02_0train_T080,2
1837,S02_0train_T080,3
1838,S02_0train_T080,4
1839,S02_0train_T080,5
1845,S02_0train_T082,1
1846,S02_0train_T082,2
1847,S02_0train_T082,3
1848,S02_0train_T082,4
1849,S02_0train_T082,5
1865,S02_0train_T086,1
1866,S02_0train_T086,2
1867,S02_0train_T086,3
1868,S02_0train_T086,4
1869,S02_0train_T086,5
1885,S02_0train_T090,1
1886,S02_0train_T090,2
1887,S02_0train_T090,3
1888,S02_0train_T090,4
1889,S02_0train_T090,5
1900,S02_0train_T093,1
1901,S02_0train_T093,2
1902,S02_0train_T093,3
1903,S02_0train_T093,4
1904,S02_0train_T093,5
1915,S02_0train_T096,1
1916,S02_0train_T096,2
1917,S02_0train_T096,3
1918,S02_0train_T096,4
1919,S02_0train_T096,5
1930,S02_0train_T099,1
1931,S02_0train_T099,2
1932,S02_0train_T099,3
1933,S02_0train_T099,4
1934,S02_0train_T099,5
1950,S02_0train_T103,1
1951,S02_0train_T103,2
1952,S02_0train_T103,3
1953,S02_0train_T103,4
1954,S02_0train_T103,5
1960,S02_0train_T105,1
1961,S02_0train_T105,2
1962,S02_0train_T105,3
1963,S02_0train_T105,4
1964,S02_0train_T105,5
1970,S02_0train_T107,1
1971,S02_0train_T107,2
1972,S02_0train_T107,3
1973,S02_0train_T107,4
1974,S02_0train_T107,5
1975,S02_0train_T108,1
1976,S02_0train_T108,2
1977,S02_0train_T108,3
1978,S02_0train_T108,4
1979,S02_0train_T108,5
1985,S02_0train_T110,1
1986,S02_0train_T110,2
1987,S02_0train_T110,3
1988,S02_0train_T110,4
1989,S02_0train_T110,5
2000,S02_0train_T113,1
2001,S02_0train_T113,2
2002,S02_0train_T113,3
2003,S02_0train_T113,4
2004,S02_0train_T113,5
2005,S02_0train_T114,1
2006,S02_0train_T114,2
2007,S02_0train_T114,3
2008,S02_0train_T114,4
2009,S02_0train_T114,5
2030,S02_0train_T119,1
2031,S02_0train_T119,2
2032,S02_0train_T119,3
2033,S02_0train_T119,4
2034,S02_0train_T119,5
2060,S02_0train_T125,1
2061,S02_0train_T125,2
2062,S02_0train_T125,3
2063,S02_0train_T125,4
2064,S02_0train_T125,5
2065,S02_0train_T126,1
2066,S02_0train_T126,2
2067,S02_0train_T126,3
2068,S02_0train_T126,4
2069,S02_0train_T126,5
2080,S02_0train_T129,1
2081,S02_0train_T129,2
2082,S02_0train_T129,3
2083,S02_0train_T129,4
2084,S02_0train_T129,5
2100,S02_0train_T133,1
2101,S02_0train_T133,2
2102,S02_0train_T133,3
2103,S02_0train_T133,4
2104,S02_0train_T133,5
2110,S02_0train_T135,1
2111,S02_0train_T135,2
2112,S02_0train_T135,3
2113,S02_0train_T135,4
2114,S02_0train_T135,5
2120,S02_0train_T137,1
2121,S02_0train_T137,2
2122,S02_0train_T137,3
2123,S02_0train_T137,4
2124,S02_0train_T137,5
2125,S02_0train_T138,1
2126,S02_0train_T138,2
2127,S02_0train_T138,3
2128,S02_0train_T138,4
2129,S02_0train_T138,5
2135,S02_0train_T140,1
2136,S02_0train_T140,2
2137,S02_0train_T140,3
2138,S02_0train_T140,4
2139,S02_0train_T140,5
2140,S02_0train_T141,1
2141,S02_0train_T141,2
2142,S02_0train_T141,3
2143,S02_0train_T141,4
2144,S02_0train_T141,5
2145,S02_0train_T142,1
2146,S02_0train_T142,2
2147,S02_0train_T142,3
2148,S02_0train_T142,4
2149,S02_0train_T142,5
2155,S02_0train_T144,1
2156,S02_0train_T144,2
2157,S02_0train_T144,3
2158,S02_0train_T144,4
2159,S02_0train_T144,5
2170,S02_0train_T147,1
2171,S02_0train_T147,2
2172,S02_0train_T147,3
2173,S02_0train_T147,4
2174,S02_0train_T147,5
2180,S02_0train_T149,1
2181,S02_0train_T149,2
2182,S02_0train_T149,3
2183,S02_0train_T149,4
2184,S02_0train_T149,5
2185,S02_0train_T150,1
2186,S02_0train_T150,2
2187,S02_0train_T150,3
2188,S02_0train_T150,4
2189,S02_0train_T150,5
2190,S02_0train_T151,1
2191,S02_0train_T151,2
2192,S02_0train_T151,3
2193,S02_0train_T151,4
2194,S02_0train_T151,5
2195,S02_0train_T152,1
2196,S02_0train_T152,2
2197,S02_0train_T152,3
2198,S02_0train_T152,4
2199,S02_0train_T152,5
2210,S02_0train_T155,1
2211,S02_0train_T155,2
2212,S02_0train_T155,3
2213,S02_0train_T155,4
2214,S02_0train_T155,5
2215,S02_0train_T156,1
2216,S02_0train_T156,2
2217,S02_0train_T156,3
2218,S02_0train_T156,4
2219,S02_0train_T156,5
2220,S02_0train_T157,1
2221,S02_0train_T157,2
2222,S02_0train_T157,3
2223,S02_0train_T157,4
2224,S02_0train_T157,5
2225,S02_0train_T158,1
2226,S02_0train_T158,2
2227,S02_0train_T158,3
2228,S02_0train_T158,4
2229,S02_0train_T158,5
2265,S02_0train_T166,1
2266,S02_0train_T166,2
2267,S02_0train_T166,3
2268,S02_0train_T166,4
2269,S02_0train_T166,5
2310,S02_0train_T175,1
2311,S02_0train_T175,2
2312,S02_0train_T175,3
2313,S02_0train_T175,4
2314,S02_0train_T175,5
2325,S02_0train_T178,1
2326,S02_0train_T178,2
2327,S02_0train_T178,3
2328,S02_0train_T178,4
2329,S02_0train_T178,5
2330,S02_0train_T179,1
2331,S02_0train_T179,2
2332,S02_0train_T179,3
2333,S02_0train_T179,4
2334,S02_0train_T179,5
2335,S02_0train_T180,1
2336,S02_0train_T180,2
2337,S02_0train_T180,3
2338,S02_0train_T180,4
2339,S02_0train_T180,5
2345,S02_0train_T182,1
2346,S02_0train_T182,2
2347,S02_0train_T182,3
2348,S02_0train_T182,4
2349,S02_0train_T182,5
2375,S02_0train_T188,1
2376,S02_0train_T188,2
2377,S02_0train_T188,3
2378,S02_0train_T188,4
2379,S02_0train_T188,5
2390,S02_0train_T191,1
2391,S02_0train_T191,2
2392,S02_0train_T191,3
2393,S02_0train_T191,4
2394,S02_0train_T191,5
2415,S02_0train_T196,1
2416,S02_0train_T196,2
2417,S02_0train_T196,3
2418,S02_0train_T196,4
2419,S02_0train_T196,5
2420,S02_0train_T197,1
2421,S02_0train_T197,2
2422,S02_0train_T197,3
2423,S02_0train_T197,4
2424,S02_0train_T197,5
2445,S02_0train_T202,1
2446,S02_0train_T202,2
2447,S02_0train_T202,3
2448,S02_0train_T202,4
2449,S02_0train_T202,5
2455,S02_0train_T204,1
2456,S02_0train_T204,2
2457,S02_0train_T204,3
2458,S02_0train_T204,4
2459,S02_0train_T204,5
2475,S02_0train_T208,1
2476,S02_0train_T208,2
2477,S02_0train_T208,3
2478,S02_0train_T208,4
2479,S02_0train_T208,5
2490,S02_0train_T211,1
2491,S02_0train_T211,2
2492,S02_0train_T211,3
2493,S02_0train_T211,4
2494,S02_0train_T211,5
2495,S02_0train_T212,1
2496,S02_0train_T212,2
2497,S02_0train_T212,3
2498,S02_0train_T212,4
2499,S02_0train_T212,5
2515,S02_0train_T216,1
2516,S02_0train_T216,2
2517,S02_0train_T216,3
2518,S02_0train_T216,4
2519,S02_0train_T216,5
2520,S02_0train_T217,1
2521,S02_0train_T217,2
2522,S02_0train_T217,3
2523,S02_0train_T217,4
2524,S02_0train_T217,5
2525,S02_0train_T218,1
2526,S02_0train_T218,2
2527,S02_0train_T218,3
2528,S02_0train_T218,4
2529,S02_0train_T218,5
2545,S02_0train_T222,1
2546,S02_0train_T222,2
2547,S02_0train_T222,3
2548,S02_0train_T222,4
2549,S02_0train_T222,5
2575,S02_0train_T228,1
2576,S02_0train_T228,2
2577,S02_0train_T228,3
2578,S02_0train_T228,4
2579,S02_0train_T228,5
2580,S02_0train_T229,1
2581,S02_0train_T229,2
2582,S02_0train_T229,3
2583,S02_0train_T229,4
2584,S02_0train_T229,5
2610,S02_0train_T235,1
2611,S02_0train_T235,2
2612,S02_0train_T235,3
2613,S02_0train_T235,4
2614,S02_0train_T235,5
2635,S02_0train_T240,1
2636,S02_0train_T240,2
2637,S02_0train_T240,3
2638,S02_0train_T240,4
2639,S02_0train_T240,5
2645,S02_0train_T242,1
2646,S02_0train_T242,2
2647,S02_0train_T242,3
2648,S02_0train_T242,4
2649,S02_0train_T242,5
2650,S02_0train_T243,1
2651,S02_0train_T243,2
2652,S02_0train_T243,3
2653,S02_0train_T243,4
2654,S02_0train_T243,5
2660,S02_0train_T245,1
2661,S02_0train_T245,2
2662,S02_0train_T245,3
2663,S02_0train_T245,4
2664,S02_0train_T245,5
2700,S02_0train_T253,1
2701,S02_0train_T253,2
2702,S02_0train_T253,3
2703,S02_0train_T253,4
2704,S02_0train_T253,5
2730,S02_0train_T259,1
2731,S02_0train_T259,2
2732,S02_0train_T259,3
2733,S02_0train_T259,4
2734,S02_0train_T259,5
2735,S02_0train_T260,1
2736,S02_0train_T260,2
2737,S02_0train_T260,3
2738,S02_0train_T260,4
2739,S02_0train_T260,5
2770,S02_0train_T267,1
2771,S02_0train_T267,2
2772,S02_0train_T267,3
2773,S02_0train_T267,4
2774,S02_0train_T267,5
2775,S02_0train_T268,1
2776,S02_0train_T268,2
2777,S02_0train_T268,3
2778,S02_0train_T268,4
2779,S02_0train_T268,5
2785,S02_0train_T270,1
2786,S02_0train_T270,2
2787,S02_0train_T270,3
2788,S02_0train_T270,4
2789,S02_0train_T270,5
2805,S02_0train_T274,1
2806,S02_0train_T274,2
2807,S02_0train_T274,3
2808,S02_0train_T274,4
2809,S02_0train_T274,5
2825,S02_0train_T278,1
2826,S02_0train_T278,2
2827,S02_0train_T278,3
2828,S02_0train_T278,4
2829,S02_0train_T278,5
2830,S02_0train_T279,1
2831,S02_0train_T279,2
2832,S02_0train_T279,3
2833,S02_0train_T279,4
2834,S02_0train_T279,5
2840,S02_0train_T281,1
2841,S02_0train_T281,2
2842,S02_0train_T281,3
2843,S02_0train_T281,4
2844,S02_0train_T281,5
2855,S02_0train_T284,1
2856,S02_0train_T284,2
2857,S02_0train_T284,3
2858,S02_0train_T284,4
2859,S02_0train_T284,5
2865,S02_0train_T286,1
2866,S02_0train_T286,2
2867,S02_0train_T286,3
2868,S02_0train_T286,4
2869,S02_0train_T286,5
2890,S03_0train_T003,1
2891,S03_0train_T003,2
2892,S03_0train_T003,3
2893,S03_0train_T003,4
2894,S03_0train_T003,5
2915,S03_0train_T008,1
2916,S03_0train_T008,2
2917,S03_0train_T008,3
2918,S03_0train_T008,4
2919,S03_0train_T008,5
2930,S03_0train_T011,1
2931,S03_0train_T011,2
2932,S03_0train_T011,3
2933,S03_0train_T011,4
2934,S03_0train_T011,5
2935,S03_0train_T012,1
2936,S03_0train_T012,2
2937,S03_0train_T012,3
2938,S03_0train_T012,4
2939,S03_0train_T012,5
2940,S03_0train_T013,1
2941,S03_0train_T013,2
2942,S03_0train_T013,3
2943,S03_0train_T013,4
2944,S03_0train_T013,5
2955,S03_0train_T016,1
2956,S03_0train_T016,2
2957,S03_0train_T016,3
2958,S03_0train_T016,4
2959,S03_0train_T016,5
3000,S03_0train_T025,1
3001,S03_0train_T025,2
3002,S03_0train_T025,3
3003,S03_0train_T025,4
3004,S03_0train_T025,5
3015,S03_0train_T028,1
3016,S03_0train_T028,2
3017,S03_0train_T028,3
3018,S03_0train_T028,4
3019,S03_0train_T028,5
3020,S03_0train_T029,1
3021,S03_0train_T029,2
3022,S03_0train_T029,3
3023,S03_0train_T029,4
3024,S03_0train_T029,5
3025,S03_0train_T030,1
3026,S03_0train_T030,2
3027,S03_0train_T030,3
3028,S03_0train_T030,4
3029,S03_0train_T030,5
3035,S03_0train_T032,1
3036,S03_0train_T032,2
3037,S03_0train_T032,3
3038,S03_0train_T032,4
3039,S03_0train_T032,5
3050,S03_0train_T035,1
3051,S03_0train_T035,2
3052,S03_0train_T035,3
3053,S03_0train_T035,4
3054,S03_0train_T035,5
3060,S03_0train_T037,1
3061,S03_0train_T037,2
3062,S03_0train_T037,3
3063,S03_0train_T037,4
3064,S03_0train_T037,5
3065,S03_0train_T038,1
3066,S03_0train_T038,2
3067,S03_0train_T038,3
3068,S03_0train_T038,4
3069,S03_0train_T038,5
3070,S03_0train_T039,1
3071,S03_0train_T039,2
3072,S03_0train_T039,3
3073,S03_0train_T039,4
3074,S03_0train_T039,5
3075,S03_0train_T040,1
3076,S03_0train_T040,2
3077,S03_0train_T040,3
3078,S03_0train_T040,4
3079,S03_0train_T040,5
3080,S03_0train_T041,1
3081,S03_0train_T041,2
3082,S03_0train_T041,3
3083,S03_0train_T041,4
3084,S03_0train_T041,5
3085,S03_0train_T042,1
3086,S03_0train_T042,2
3087,S03_0train_T042,3
3088,S03_0train_T042,4
3089,S03_0train_T042,5
3090,S03_0train_T043,1
3091,S03_0train_T043,2
3092,S03_0train_T043,3
3093,S03_0train_T043,4
3094,S03_0train_T043,5
3105,S03_0train_T046,1
3106,S03_0train_T046,2
3107,S03_0train_T046,3
3108,S03_0train_T046,4
3109,S03_0train_T046,5
3110,S03_0train_T047,1
3111,S03_0train_T047,2
3112,S03_0train_T047,3
3113,S03_0train_T047,4
3114,S03_0train_T047,5
3120,S03_0train_T049,1
3121,S03_0train_T049,2
3122,S03_0train_T049,3
3123,S03_0train_T049,4
3124,S03_0train_T049,5
3130,S03_0train_T051,1
3131,S03_0train_T051,2
3132,S03_0train_T051,3
3133,S03_0train_T051,4
3134,S03_0train_T051,5
3150,S03_0train_T055,1
3151,S03_0train_T055,2
3152,S03_0train_T055,3
3153,S03_0train_T055,4
3154,S03_0train_T055,5
3170,S03_0train_T059,1
3171,S03_0train_T059,2
3172,S03_0train_T059,3
3173,S03_0train_T059,4
3174,S03_0train_T059,5
3175,S03_0train_T060,1
3176,S03_0train_T060,2
3177,S03_0train_T060,3
3178,S03_0train_T060,4
3179,S03_0train_T060,5
3180,S03_0train_T061,1
3181,S03_0train_T061,2
3182,S03_0train_T061,3
3183,S03_0train_T061,4
3184,S03_0train_T061,5
3185,S03_0train_T062,1
3186,S03_0train_T062,2
3187,S03_0train_T062,3
3188,S03_0train_T062,4
3189,S03_0train_T062,5
3195,S03_0train_T064,1
3196,S03_0train_T064,2
3197,S03_0train_T064,3
3198,S03_0train_T064,4
3199,S03_0train_T064,5
3200,S03_0train_T065,1
3201,S03_0train_T065,2
3202,S03_0train_T065,3
3203,S03_0train_T065,4
3204,S03_0train_T065,5
3215,S03_0train_T068,1
3216,S03_0train_T068,2
3217,S03_0train_T068,3
3218,S03_0train_T068,4
3219,S03_0train_T068,5
3250,S03_0train_T075,1
3251,S03_0train_T075,2
3252,S03_0train_T075,3
3253,S03_0train_T075,4
3254,S03_0train_T075,5
3255,S03_0train_T076,1
3256,S03_0train_T076,2
3257,S03_0train_T076,3
3258,S03_0train_T076,4
3259,S03_0train_T076,5
3280,S03_0train_T081,1
3281,S03_0train_T081,2
3282,S03_0train_T081,3
3283,S03_0train_T081,4
3284,S03_0train_T081,5
3300,S03_0train_T085,1
3301,S03_0train_T085,2
3302,S03_0train_T085,3
3303,S03_0train_T085,4
3304,S03_0train_T085,5
3310,S03_0train_T087,1
3311,S03_0train_T087,2
3312,S03_0train_T087,3
3313,S03_0train_T087,4
3314,S03_0train_T087,5
3330,S03_0train_T091,1
3331,S03_0train_T091,2
3332,S03_0train_T091,3
3333,S03_0train_T091,4
3334,S03_0train_T091,5
3335,S03_0train_T092,1
3336,S03_0train_T092,2
3337,S03_0train_T092,3
3338,S03_0train_T092,4
3339,S03_0train_T092,5
3340,S03_0train_T093,1
3341,S03_0train_T093,2
3342,S03_0train_T093,3
3343,S03_0train_T093,4
3344,S03_0train_T093,5
3360,S03_0train_T097,1
3361,S03_0train_T097,2
3362,S03_0train_T097,3
3363,S03_0train_T097,4
3364,S03_0train_T097,5
3365,S03_0train_T098,1
3366,S03_0train_T098,2
3367,S03_0train_T098,3
3368,S03_0train_T098,4
3369,S03_0train_T098,5
3370,S03_0train_T099,1
3371,S03_0train_T099,2
3372,S03_0train_T099,3
3373,S03_0train_T099,4
3374,S03_0train_T099,5
3375,S03_0train_T100,1
3376,S03_0train_T100,2
3377,S03_0train_T100,3
3378,S03_0train_T100,4
3379,S03_0train_T100,5
3390,S03_0train_T103,1
3391,S03_0train_T103,2
3392,S03_0train_T103,3
3393,S03_0train_T103,4
3394,S03_0train_T103,5
3395,S03_0train_T104,1
3396,S03_0train_T104,2
3397,S03_0train_T104,3
3398,S03_0train_T104,4
3399,S03_0train_T104,5
3400,S03_0train_T105,1
3401,S03_0train_T105,2
3402,S03_0train_T105,3
3403,S03_0train_T105,4
3404,S03_0train_T105,5
3420,S03_0train_T109,1
3421,S03_0train_T109,2
3422,S03_0train_T109,3
3423,S03_0train_T109,4
3424,S03_0train_T109,5
3425,S03_0train_T110,1
3426,S03_0train_T110,2
3427,S03_0train_T110,3
3428,S03_0train_T110,4
3429,S03_0train_T110,5
3435,S03_0train_T112,1
3436,S03_0train_T112,2
3437,S03_0train_T112,3
3438,S03_0train_T112,4
3439,S03_0train_T112,5
3450,S03_0train_T115,1
3451,S03_0train_T115,2
3452,S03_0train_T115,3
3453,S03_0train_T115,4
3454,S03_0train_T115,5
3470,S03_0train_T119,1
3471,S03_0train_T119,2
3472,S03_0train_T119,3
3473,S03_0train_T119,4
3474,S03_0train_T119,5
3475,S03_0train_T120,1
3476,S03_0train_T120,2
3477,S03_0train_T120,3
3478,S03_0train_T120,4
3479,S03_0train_T120,5
3480,S03_0train_T121,1
3481,S03_0train_T121,2
3482,S03_0train_T121,3
3483,S03_0train_T121,4
3484,S03_0train_T121,5
3485,S03_0train_T122,1
3486,S03_0train_T122,2
3487,S03_0train_T122,3
3488,S03_0train_T122,4
3489,S03_0train_T122,5
3490,S03_0train_T123,1
3491,S03_0train_T123,2
3492,S03_0train_T123,3
3493,S03_0train_T123,4
3494,S03_0train_T123,5
3500,S03_0train_T125,1
3501,S03_0train_T125,2
3502,S03_0train_T125,3
3503,S03_0train_T125,4
3504,S03_0train_T125,5
3525,S03_0train_T130,1
3526,S03_0train_T130,2
3527,S03_0train_T130,3
3528,S03_0train_T130,4
3529,S03_0train_T130,5
3535,S03_0train_T132,1
3536,S03_0train_T132,2
3537,S03_0train_T132,3
3538,S03_0train_T132,4
3539,S03_0train_T132,5
3540,S03_0train_T133,1
3541,S03_0train_T133,2
3542,S03_0train_T133,3
3543,S03_0train_T133,4
3544,S03_0train_T133,5
3560,S03_0train_T137,1
3561,S03_0train_T137,2
3562,S03_0train_T137,3
3563,S03_0train_T137,4
3564,S03_0train_T137,5
3575,S03_0train_T140,1
3576,S03_0train_T140,2
3577,S03_0train_T140,3
3578,S03_0train_T140,4
3579,S03_0train_T140,5
3585,S03_0train_T142,1
3586,S03_0train_T142,2
3587,S03_0train_T142,3
3588,S03_0train_T142,4
3589,S03_0train_T142,5
3600,S03_0train_T145,1
3601,S03_0train_T145,2
3602,S03_0train_T145,3
3603,S03_0train_T145,4
3604,S03_0train_T145,5
3630,S03_0train_T151,1
3631,S03_0train_T151,2
3632,S03_0train_T151,3
3633,S03_0train_T151,4
3634,S03_0train_T151,5
3635,S03_0train_T152,1
3636,S03_0train_T152,2
3637,S03_0train_T152,3
3638,S03_0train_T152,4
3639,S03_0train_T152,5
3675,S03_0train_T160,1
3676,S03_0train_T160,2
3677,S03_0train_T160,3
3678,S03_0train_T160,4
3679,S03_0train_T160,5
3685,S03_0train_T162,1
3686,S03_0train_T162,2
3687,S03_0train_T162,3
3688,S03_0train_T162,4
3689,S03_0train_T162,5
3700,S03_0train_T165,1
3701,S03_0train_T165,2
3702,S03_0train_T165,3
3703,S03_0train_T165,4
3704,S03_0train_T165,5
3705,S03_0train_T166,1
3706,S03_0train_T166,2
3707,S03_0train_T166,3
3708,S03_0train_T166,4
3709,S03_0train_T166,5
3715,S03_0train_T168,1
3716,S03_0train_T168,2
3717,S03_0train_T168,3
3718,S03_0train_T168,4
3719,S03_0train_T168,5
3725,S03_0train_T170,1
3726,S03_0train_T170,2
3727,S03_0train_T170,3
3728,S03_0train_T170,4
3729,S03_0train_T170,5
3740,S03_0train_T173,1
3741,S03_0train_T173,2
3742,S03_0train_T173,3
3743,S03_0train_T173,4
3744,S03_0train_T173,5
3760,S03_0train_T177,1
3761,S03_0train_T177,2
3762,S03_0train_T177,3
3763,S03_0train_T177,4
3764,S03_0train_T177,5
3765,S03_0train_T178,1
3766,S03_0train_T178,2
3767,S03_0train_T178,3
3768,S03_0train_T178,4
3769,S03_0train_T178,5
3770,S03_0train_T179,1
3771,S03_0train_T179,2
3772,S03_0train_T179,3
3773,S03_0train_T179,4
3774,S03_0train_T179,5
3790,S03_0train_T183,1
3791,S03_0train_T183,2
3792,S03_0train_T183,3
3793,S03_0train_T183,4
3794,S03_0train_T183,5
3800,S03_0train_T185,1
3801,S03_0train_T185,2
3802,S03_0train_T185,3
3803,S03_0train_T185,4
3804,S03_0train_T185,5
3810,S03_0train_T187,1
3811,S03_0train_T187,2
3812,S03_0train_T187,3
3813,S03_0train_T187,4
3814,S03_0train_T187,5
3815,S03_0train_T188,1
3816,S03_0train_T188,2
3817,S03_0train_T188,3
3818,S03_0train_T188,4
3819,S03_0train_T188,5
3845,S03_0train_T194,1
3846,S03_0train_T194,2
3847,S03_0train_T194,3
3848,S03_0train_T194,4
3849,S03_0train_T194,5
3865,S03_0train_T198,1
3866,S03_0train_T198,2
3867,S03_0train_T198,3
3868,S03_0train_T198,4
3869,S03_0train_T198,5
3875,S03_0train_T200,1
3876,S03_0train_T200,2
3877,S03_0train_T200,3
3878,S03_0train_T200,4
3879,S03_0train_T200,5
3880,S03_0train_T201,1
3881,S03_0train_T201,2
3882,S03_0train_T201,3
3883,S03_0train_T201,4
3884,S03_0train_T201,5
3885,S03_0train_T202,1
3886,S03_0train_T202,2
3887,S03_0train_T202,3
3888,S03_0train_T202,4
3889,S03_0train_T202,5
3910,S03_0train_T207,1
3911,S03_0train_T207,2
3912,S03_0train_T207,3
3913,S03_0train_T207,4
3914,S03_0train_T207,5
3935,S03_0train_T212,1
3936,S03_0train_T212,2
3937,S03_0train_T212,3
3938,S03_0train_T212,4
3939,S03_0train_T212,5
3940,S03_0train_T213,1
3941,S03_0train_T213,2
3942,S03_0train_T213,3
3943,S03_0train_T213,4
3944,S03_0train_T213,5
3950,S03_0train_T215,1
3951,S03_0train_T215,2
3952,S03_0train_T215,3
3953,S03_0train_T215,4
3954,S03_0train_T215,5
3985,S03_0train_T222,1
3986,S03_0train_T222,2
3987,S03_0train_T222,3
3988,S03_0train_T222,4
3989,S03_0train_T222,5
4000,S03_0train_T225,1
4001,S03_0train_T225,2
4002,S03_0train_T225,3
4003,S03_0train_T225,4
4004,S03_0train_T225,5
4010,S03_0train_T227,1
4011,S03_0train_T227,2
4012,S03_0train_T227,3
4013,S03_0train_T227,4
4014,S03_0train_T227,5
4015,S03_0train_T228,1
4016,S03_0train_T228,2
4017,S03_0train_T228,3
4018,S03_0train_T228,4
4019,S03_0train_T228,5
4045,S03_0train_T234,1
4046,S03_0train_T234,2
4047,S03_0train_T234,3
4048,S03_0train_T234,4
4049,S03_0train_T234,5
4055,S03_0train_T236,1
4056,S03_0train_T236,2
4057,S03_0train_T236,3
4058,S03_0train_T236,4
4059,S03_0train_T236,5
4060,S03_0train_T237,1
4061,S03_0train_T237,2
4062,S03_0train_T237,3
4063,S03_0train_T237,4
4064,S03_0train_T237,5
4120,S03_0train_T249,1
4121,S03_0train_T249,2
4122,S03_0train_T249,3
4123,S03_0train_T249,4
4124,S03_0train_T249,5
4125,S03_0train_T250,1
4126,S03_0train_T250,2
4127,S03_0train_T250,3
4128,S03_0train_T250,4
4129,S03_0train_T250,5
4130,S03_0train_T251,1
4131,S03_0train_T251,2
4132,S03_0train_T251,3
4133,S03_0train_T251,4
4134,S03_0train_T251,5
4140,S03_0train_T253,1
4141,S03_0train_T253,2
4142,S03_0train_T253,3
4143,S03_0train_T253,4
4144,S03_0train_T253,5
4145,S03_0train_T254,1
4146,S03_0train_T254,2
4147,S03_0train_T254,3
4148,S03_0train_T254,4
4149,S03_0train_T254,5
4165,S03_0train_T258,1
4166,S03_0train_T258,2
4167,S03_0train_T258,3
4168,S03_0train_T258,4
4169,S03_0train_T258,5
4185,S03_0train_T262,1
4186,S03_0train_T262,2
4187,S03_0train_T262,3
4188,S03_0train_T262,4
4189,S03_0train_T262,5
4205,S03_0train_T266,1
4206,S03_0train_T266,2
4207,S03_0train_T266,3
4208,S03_0train_T266,4
4209,S03_0train_T266,5
4225,S03_0train_T270,1
4226,S03_0train_T270,2
4227,S03_0train_T270,3
4228,S03_0train_T270,4
4229,S03_0train_T270,5
4235,S03_0train_T272,1
4236,S03_0train_T272,2
4237,S03_0train_T272,3
4238,S03_0train_T272,4
4239,S03_0train_T272,5
4260,S03_0train_T277,1
4261,S03_0train_T277,2
4262,S03_0train_T277,3
4263,S03_0train_T277,4
4264,S03_0train_T277,5
4275,S03_0train_T280,1
4276,S03_0train_T280,2
4277,S03_0train_T280,3
4278,S03_0train_T280,4
4279,S03_0train_T280,5
4290,S03_0train_T283,1
4291,S03_0train_T283,2
4292,S03_0train_T283,3
4293,S03_0train_T283,4
4294,S03_0train_T283,5
4300,S03_0train_T285,1
4301,S03_0train_T285,2
4302,S03_0train_T285,3
4303,S03_0train_T285,4
4304,S03_0train_T285,5
4305,S03_0train_T286,1
4306,S03_0train_T286,2
4307,S03_0train_T286,3
4308,S03_0train_T286,4
4309,S03_0train_T286,5
4310,S03_0train_T287,1
4311,S03_0train_T287,2
4312,S03_0train_T287,3
4313,S03_0train_T287,4
4314,S03_0train_T287,5
4315,S03_0train_T288,1
4316,S03_0train_T288,2
4317,S03_0train_T288,3
4318,S03_0train_T288,4
4319,S03_0train_T288,5
4325,S04_0train_T002,1
4326,S04_0train_T002,2
4327,S04_0train_T002,3
4328,S04_0train_T002,4
4329,S04_0train_T002,5
4330,S04_0train_T003,1
4331,S04_0train_T003,2
4332,S04_0train_T003,3
4333,S04_0train_T003,4
4334,S04_0train_T003,5
4340,S04_0train_T005,1
4341,S04_0train_T005,2
4342,S04_0train_T005,3
4343,S04_0train_T005,4
4344,S04_0train_T005,5
4375,S04_0train_T012,1
4376,S04_0train_T012,2
4377,S04_0train_T012,3
4378,S04_0train_T012,4
4379,S04_0train_T012,5
4385,S04_0train_T014,1
4386,S04_0train_T014,2
4387,S04_0train_T014,3
4388,S04_0train_T014,4
4389,S04_0train_T014,5
4415,S04_0train_T020,1
4416,S04_0train_T020,2
4417,S04_0train_T020,3
4418,S04_0train_T020,4
4419,S04_0train_T020,5
4430,S04_0train_T023,1
4431,S04_0train_T023,2
4432,S04_0train_T023,3
4433,S04_0train_T023,4
4434,S04_0train_T023,5
4440,S04_0train_T025,1
4441,S04_0train_T025,2
4442,S04_0train_T025,3
4443,S04_0train_T025,4
4444,S04_0train_T025,5
4460,S04_0train_T029,1
4461,S04_0train_T029,2
4462,S04_0train_T029,3
4463,S04_0train_T029,4
4464,S04_0train_T029,5
4480,S04_0train_T033,1
4481,S04_0train_T033,2
4482,S04_0train_T033,3
4483,S04_0train_T033,4
4484,S04_0train_T033,5
4495,S04_0train_T036,1
4496,S04_0train_T036,2
4497,S04_0train_T036,3
4498,S04_0train_T036,4
4499,S04_0train_T036,5
4500,S04_0train_T037,1
4501,S04_0train_T037,2
4502,S04_0train_T037,3
4503,S04_0train_T037,4
4504,S04_0train_T037,5
4505,S04_0train_T038,1
4506,S04_0train_T038,2
4507,S04_0train_T038,3
4508,S04_0train_T038,4
4509,S04_0train_T038,5
4515,S04_0train_T040,1
4516,S04_0train_T040,2
4517,S04_0train_T040,3
4518,S04_0train_T040,4
4519,S04_0train_T040,5
4520,S04_0train_T041,1
4521,S04_0train_T041,2
4522,S04_0train_T041,3
4523,S04_0train_T041,4
4524,S04_0train_T041,5
4555,S04_0train_T048,1
4556,S04_0train_T048,2
4557,S04_0train_T048,3
4558,S04_0train_T048,4
4559,S04_0train_T048,5
4560,S04_0train_T049,1
4561,S04_0train_T049,2
4562,S04_0train_T049,3
4563,S04_0train_T049,4
4564,S04_0train_T049,5
4565,S04_0train_T050,1
4566,S04_0train_T050,2
4567,S04_0train_T050,3
4568,S04_0train_T050,4
4569,S04_0train_T050,5
4575,S04_0train_T052,1
4576,S04_0train_T052,2
4577,S04_0train_T052,3
4578,S04_0train_T052,4
4579,S04_0train_T052,5
4580,S04_0train_T053,1
4581,S04_0train_T053,2
4582,S04_0train_T053,3
4583,S04_0train_T053,4
4584,S04_0train_T053,5
4585,S04_0train_T054,1
4586,S04_0train_T054,2
4587,S04_0train_T054,3
4588,S04_0train_T054,4
4589,S04_0train_T054,5
4590,S04_0train_T055,1
4591,S04_0train_T055,2
4592,S04_0train_T055,3
4593,S04_0train_T055,4
4594,S04_0train_T055,5
4600,S04_0train_T057,1
4601,S04_0train_T057,2
4602,S04_0train_T057,3
4603,S04_0train_T057,4
4604,S04_0train_T057,5
4605,S04_0train_T058,1
4606,S04_0train_T058,2
4607,S04_0train_T058,3
4608,S04_0train_T058,4
4609,S04_0train_T058,5
4615,S04_0train_T060,1
4616,S04_0train_T060,2
4617,S04_0train_T060,3
4618,S04_0train_T060,4
4619,S04_0train_T060,5
4630,S04_0train_T063,1
4631,S04_0train_T063,2
4632,S04_0train_T063,3
4633,S04_0train_T063,4
4634,S04_0train_T063,5
4635,S04_0train_T064,1
4636,S04_0train_T064,2
4637,S04_0train_T064,3
4638,S04_0train_T064,4
4639,S04_0train_T064,5
4640,S04_0train_T065,1
4641,S04_0train_T065,2
4642,S04_0train_T065,3
4643,S04_0train_T065,4
4644,S04_0train_T065,5
4650,S04_0train_T067,1
4651,S04_0train_T067,2
4652,S04_0train_T067,3
4653,S04_0train_T067,4
4654,S04_0train_T067,5
4660,S04_0train_T069,1
4661,S04_0train_T069,2
4662,S04_0train_T069,3
4663,S04_0train_T069,4
4664,S04_0train_T069,5
4665,S04_0train_T070,1
4666,S04_0train_T070,2
4667,S04_0train_T070,3
4668,S04_0train_T070,4
4669,S04_0train_T070,5
4680,S04_0train_T073,1
4681,S04_0train_T073,2
4682,S04_0train_T073,3
4683,S04_0train_T073,4
4684,S04_0train_T073,5
4685,S04_0train_T074,1
4686,S04_0train_T074,2
4687,S04_0train_T074,3
4688,S04_0train_T074,4
4689,S04_0train_T074,5
4695,S04_0train_T076,1
4696,S04_0train_T076,2
4697,S04_0train_T076,3
4698,S04_0train_T076,4
4699,S04_0train_T076,5
4700,S04_0train_T077,1
4701,S04_0train_T077,2
4702,S04_0train_T077,3
4703,S04_0train_T077,4
4704,S04_0train_T077,5
4745,S04_0train_T086,1
4746,S04_0train_T086,2
4747,S04_0train_T086,3
4748,S04_0train_T086,4
4749,S04_0train_T086,5
4750,S04_0train_T087,1
4751,S04_0train_T087,2
4752,S04_0train_T087,3
4753,S04_0train_T087,4
4754,S04_0train_T087,5
4755,S04_0train_T088,1
4756,S04_0train_T088,2
4757,S04_0train_T088,3
4758,S04_0train_T088,4
4759,S04_0train_T088,5
4770,S04_0train_T091,1
4771,S04_0train_T091,2
4772,S04_0train_T091,3
4773,S04_0train_T091,4
4774,S04_0train_T091,5
4785,S04_0train_T094,1
4786,S04_0train_T094,2
4787,S04_0train_T094,3
4788,S04_0train_T094,4
4789,S04_0train_T094,5
4790,S04_0train_T095,1
4791,S04_0train_T095,2
4792,S04_0train_T095,3
4793,S04_0train_T095,4
4794,S04_0train_T095,5
4795,S04_0train_T096,1
4796,S04_0train_T096,2
4797,S04_0train_T096,3
4798,S04_0train_T096,4
4799,S04_0train_T096,5
4830,S04_0train_T103,1
4831,S04_0train_T103,2
4832,S04_0train_T103,3
4833,S04_0train_T103,4
4834,S04_0train_T103,5
4840,S04_0train_T105,1
4841,S04_0train_T105,2
4842,S04_0train_T105,3
4843,S04_0train_T105,4
4844,S04_0train_T105,5
4850,S04_0train_T107,1
4851,S04_0train_T107,2
4852,S04_0train_T107,3
4853,S04_0train_T107,4
4854,S04_0train_T107,5
4870,S04_0train_T111,1
4871,S04_0train_T111,2
4872,S04_0train_T111,3
4873,S04_0train_T111,4
4874,S04_0train_T111,5
4890,S04_0train_T115,1
4891,S04_0train_T115,2
4892,S04_0train_T115,3
4893,S04_0train_T115,4
4894,S04_0train_T115,5
4895,S04_0train_T116,1
4896,S04_0train_T116,2
4897,S04_0train_T116,3
4898,S04_0train_T116,4
4899,S04_0train_T116,5
4905,S04_0train_T118,1
4906,S04_0train_T118,2
4907,S04_0train_T118,3
4908,S04_0train_T118,4
4909,S04_0train_T118,5
4910,S04_0train_T119,1
4911,S04_0train_T119,2
4912,S04_0train_T119,3
4913,S04_0train_T119,4
4914,S04_0train_T119,5
4935,S04_0train_T124,1
4936,S04_0train_T124,2
4937,S04_0train_T124,3
4938,S04_0train_T124,4
4939,S04_0train_T124,5
4945,S04_0train_T126,1
4946,S04_0train_T126,2
4947,S04_0train_T126,3
4948,S04_0train_T126,4
4949,S04_0train_T126,5
4950,S04_0train_T127,1
4951,S04_0train_T127,2
4952,S04_0train_T127,3
4953,S04_0train_T127,4
4954,S04_0train_T127,5
4970,S04_0train_T131,1
4971,S04_0train_T131,2
4972,S04_0train_T131,3
4973,S04_0train_T131,4
4974,S04_0train_T131,5
4985,S04_0train_T134,1
4986,S04_0train_T134,2
4987,S04_0train_T134,3
4988,S04_0train_T134,4
4989,S04_0train_T134,5
4990,S04_0train_T135,1
4991,S04_0train_T135,2
4992,S04_0train_T135,3
4993,S04_0train_T135,4
4994,S04_0train_T135,5
5005,S04_0train_T138,1
5006,S04_0train_T138,2
5007,S04_0train_T138,3
5008,S04_0train_T138,4
5009,S04_0train_T138,5
5015,S04_0train_T140,1
5016,S04_0train_T140,2
5017,S04_0train_T140,3
5018,S04_0train_T140,4
5019,S04_0train_T140,5
5020,S04_0train_T141,1
5021,S04_0train_T141,2
5022,S04_0train_T141,3
5023,S04_0train_T141,4
5024,S04_0train_T141,5
5030,S04_0train_T143,1
5031,S04_0train_T143,2
5032,S04_0train_T143,3
5033,S04_0train_T143,4
5034,S04_0train_T143,5
5035,S04_0train_T144,1
5036,S04_0train_T144,2
5037,S04_0train_T144,3
5038,S04_0train_T144,4
5039,S04_0train_T144,5
5040,S04_0train_T145,1
5041,S04_0train_T145,2
5042,S04_0train_T145,3
5043,S04_0train_T145,4
5044,S04_0train_T145,5
5060,S04_0train_T149,1
5061,S04_0train_T149,2
5062,S04_0train_T149,3
5063,S04_0train_T149,4
5064,S04_0train_T149,5
5075,S04_0train_T152,1
5076,S04_0train_T152,2
5077,S04_0train_T152,3
5078,S04_0train_T152,4
5079,S04_0train_T152,5
5085,S04_0train_T154,1
5086,S04_0train_T154,2
5087,S04_0train_T154,3
5088,S04_0train_T154,4
5089,S04_0train_T154,5
5090,S04_0train_T155,1
5091,S04_0train_T155,2
5092,S04_0train_T155,3
5093,S04_0train_T155,4
5094,S04_0train_T155,5
5095,S04_0train_T156,1
5096,S04_0train_T156,2
5097,S04_0train_T156,3
5098,S04_0train_T156,4
5099,S04_0train_T156,5
5105,S04_0train_T158,1
5106,S04_0train_T158,2
5107,S04_0train_T158,3
5108,S04_0train_T158,4
5109,S04_0train_T158,5
5125,S04_0train_T162,1
5126,S04_0train_T162,2
5127,S04_0train_T162,3
5128,S04_0train_T162,4
5129,S04_0train_T162,5
5145,S04_0train_T166,1
5146,S04_0train_T166,2
5147,S04_0train_T166,3
5148,S04_0train_T166,4
5149,S04_0train_T166,5
5150,S04_0train_T167,1
5151,S04_0train_T167,2
5152,S04_0train_T167,3
5153,S04_0train_T167,4
5154,S04_0train_T167,5
5180,S04_0train_T173,1
5181,S04_0train_T173,2
5182,S04_0train_T173,3
5183,S04_0train_T173,4
5184,S04_0train_T173,5
5190,S04_0train_T175,1
5191,S04_0train_T175,2
5192,S04_0train_T175,3
5193,S04_0train_T175,4
5194,S04_0train_T175,5
5205,S04_0train_T178,1
5206,S04_0train_T178,2
5207,S04_0train_T178,3
5208,S04_0train_T178,4
5209,S04_0train_T178,5
5210,S04_0train_T179,1
5211,S04_0train_T179,2
5212,S04_0train_T179,3
5213,S04_0train_T179,4
5214,S04_0train_T179,5
5225,S04_0train_T182,1
5226,S04_0train_T182,2
5227,S04_0train_T182,3
5228,S04_0train_T182,4
5229,S04_0train_T182,5
5235,S04_0train_T184,1
5236,S04_0train_T184,2
5237,S04_0train_T184,3
5238,S04_0train_T184,4
5239,S04_0train_T184,5
5250,S04_0train_T187,1
5251,S04_0train_T187,2
5252,S04_0train_T187,3
5253,S04_0train_T187,4
5254,S04_0train_T187,5
5255,S04_0train_T188,1
5256,S04_0train_T188,2
5257,S04_0train_T188,3
5258,S04_0train_T188,4
5259,S04_0train_T188,5
5270,S04_0train_T191,1
5271,S04_0train_T191,2
5272,S04_0train_T191,3
5273,S04_0train_T191,4
5274,S04_0train_T191,5
5280,S04_0train_T193,1
5281,S04_0train_T193,2
5282,S04_0train_T193,3
5283,S04_0train_T193,4
5284,S04_0train_T193,5
5285,S04_0train_T194,1
5286,S04_0train_T194,2
5287,S04_0train_T194,3
5288,S04_0train_T194,4
5289,S04_0train_T194,5
5325,S04_0train_T202,1
5326,S04_0train_T202,2
5327,S04_0train_T202,3
5328,S04_0train_T202,4
5329,S04_0train_T202,5
5370,S04_0train_T211,1
5371,S04_0train_T211,2
5372,S04_0train_T211,3
5373,S04_0train_T211,4
5374,S04_0train_T211,5
5380,S04_0train_T213,1
5381,S04_0train_T213,2
5382,S04_0train_T213,3
5383,S04_0train_T213,4
5384,S04_0train_T213,5
5405,S04_0train_T218,1
5406,S04_0train_T218,2
5407,S04_0train_T218,3
5408,S04_0train_T218,4
5409,S04_0train_T218,5
5410,S04_0train_T219,1
5411,S04_0train_T219,2
5412,S04_0train_T219,3
5413,S04_0train_T219,4
5414,S04_0train_T219,5
5440,S04_0train_T225,1
5441,S04_0train_T225,2
5442,S04_0train_T225,3
5443,S04_0train_T225,4
5444,S04_0train_T225,5
5445,S04_0train_T226,1
5446,S04_0train_T226,2
5447,S04_0train_T226,3
5448,S04_0train_T226,4
5449,S04_0train_T226,5
5455,S04_0train_T228,1
5456,S04_0train_T228,2
5457,S04_0train_T228,3
5458,S04_0train_T228,4
5459,S04_0train_T228,5
5460,S04_0train_T229,1
5461,S04_0train_T229,2
5462,S04_0train_T229,3
5463,S04_0train_T229,4
5464,S04_0train_T229,5
5465,S04_0train_T230,1
5466,S04_0train_T230,2
5467,S04_0train_T230,3
5468,S04_0train_T230,4
5469,S04_0train_T230,5
5480,S04_0train_T233,1
5481,S04_0train_T233,2
5482,S04_0train_T233,3
5483,S04_0train_T233,4
5484,S04_0train_T233,5
5485,S04_0train_T234,1
5486,S04_0train_T234,2
5487,S04_0train_T234,3
5488,S04_0train_T234,4
5489,S04_0train_T234,5
5490,S04_0train_T235,1
5491,S04_0train_T235,2
5492,S04_0train_T235,3
5493,S04_0train_T235,4
5494,S04_0train_T235,5
5500,S04_0train_T237,1
5501,S04_0train_T237,2
5502,S04_0train_T237,3
5503,S04_0train_T237,4
5504,S04_0train_T237,5
5510,S04_0train_T239,1
5511,S04_0train_T239,2
5512,S04_0train_T239,3
5513,S04_0train_T239,4
5514,S04_0train_T239,5
5530,S04_0train_T243,1
5531,S04_0train_T243,2
5532,S04_0train_T243,3
5533,S04_0train_T243,4
5534,S04_0train_T243,5
5535,S04_0train_T244,1
5536,S04_0train_T244,2
5537,S04_0train_T244,3
5538,S04_0train_T244,4
5539,S04_0train_T244,5
5560,S04_0train_T249,1
5561,S04_0train_T249,2
5562,S04_0train_T249,3
5563,S04_0train_T249,4
5564,S04_0train_T249,5
5600,S04_0train_T257,1
5601,S04_0train_T257,2
5602,S04_0train_T257,3
5603,S04_0train_T257,4
5604,S04_0train_T257,5
5615,S04_0train_T260,1
5616,S04_0train_T260,2
5617,S04_0train_T260,3
5618,S04_0train_T260,4
5619,S04_0train_T260,5
5635,S04_0train_T264,1
5636,S04_0train_T264,2
5637,S04_0train_T264,3
5638,S04_0train_T264,4
5639,S04_0train_T264,5
5640,S04_0train_T265,1
5641,S04_0train_T265,2
5642,S04_0train_T265,3
5643,S04_0train_T265,4
5644,S04_0train_T265,5
5645,S04_0train_T266,1
5646,S04_0train_T266,2
5647,S04_0train_T266,3
5648,S04_0train_T266,4
5649,S04_0train_T266,5
5650,S04_0train_T267,1
5651,S04_0train_T267,2
5652,S04_0train_T267,3
5653,S04_0train_T267,4
5654,S04_0train_T267,5
5660,S04_0train_T269,1
5661,S04_0train_T269,2
5662,S04_0train_T269,3
5663,S04_0train_T269,4
5664,S04_0train_T269,5
5685,S04_0train_T274,1
5686,S04_0train_T274,2
5687,S04_0train_T274,3
5688,S04_0train_T274,4
5689,S04_0train_T274,5
5700,S04_0train_T277,1
5701,S04_0train_T277,2
5702,S04_0train_T277,3
5703,S04_0train_T277,4
5704,S04_0train_T277,5
5710,S04_0train_T279,1
5711,S04_0train_T279,2
5712,S04_0train_T279,3
5713,S04_0train_T279,4
5714,S04_0train_T279,5
5715,S04_0train_T280,1
5716,S04_0train_T280,2
5717,S04_0train_T280,3
5718,S04_0train_T280,4
5719,S04_0train_T280,5
5750,S04_0train_T287,1
5751,S04_0train_T287,2
5752,S04_0train_T287,3
5753,S04_0train_T287,4
5754,S04_0train_T287,5
5780,S05_0train_T005,1
5781,S05_0train_T005,2
5782,S05_0train_T005,3
5783,S05_0train_T005,4
5784,S05_0train_T005,5
5790,S05_0train_T007,1
5791,S05_0train_T007,2
5792,S05_0train_T007,3
5793,S05_0train_T007,4
5794,S05_0train_T007,5
5800,S05_0train_T009,1
5801,S05_0train_T009,2
5802,S05_0train_T009,3
5803,S05_0train_T009,4
5804,S05_0train_T009,5
5810,S05_0train_T011,1
5811,S05_0train_T011,2
5812,S05_0train_T011,3
5813,S05_0train_T011,4
5814,S05_0train_T011,5
5825,S05_0train_T014,1
5826,S05_0train_T014,2
5827,S05_0train_T014,3
5828,S05_0train_T014,4
5829,S05_0train_T014,5
5840,S05_0train_T017,1
5841,S05_0train_T017,2
5842,S05_0train_T017,3
5843,S05_0train_T017,4
5844,S05_0train_T017,5
5905,S05_0train_T030,1
5906,S05_0train_T030,2
5907,S05_0train_T030,3
5908,S05_0train_T030,4
5909,S05_0train_T030,5
5910,S05_0train_T031,1
5911,S05_0train_T031,2
5912,S05_0train_T031,3
5913,S05_0train_T031,4
5914,S05_0train_T031,5
5925,S05_0train_T034,1
5926,S05_0train_T034,2
5927,S05_0train_T034,3
5928,S05_0train_T034,4
5929,S05_0train_T034,5
5935,S05_0train_T036,1
5936,S05_0train_T036,2
5937,S05_0train_T036,3
5938,S05_0train_T036,4
5939,S05_0train_T036,5
5940,S05_0train_T037,1
5941,S05_0train_T037,2
5942,S05_0train_T037,3
5943,S05_0train_T037,4
5944,S05_0train_T037,5
5950,S05_0train_T039,1
5951,S05_0train_T039,2
5952,S05_0train_T039,3
5953,S05_0train_T039,4
5954,S05_0train_T039,5
5955,S05_0train_T040,1
5956,S05_0train_T040,2
5957,S05_0train_T040,3
5958,S05_0train_T040,4
5959,S05_0train_T040,5
5960,S05_0train_T041,1
5961,S05_0train_T041,2
5962,S05_0train_T041,3
5963,S05_0train_T041,4
5964,S05_0train_T041,5
5970,S05_0train_T043,1
5971,S05_0train_T043,2
5972,S05_0train_T043,3
5973,S05_0train_T043,4
5974,S05_0train_T043,5
5990,S05_0train_T047,1
5991,S05_0train_T047,2
5992,S05_0train_T047,3
5993,S05_0train_T047,4
5994,S05_0train_T047,5
6005,S05_0train_T050,1
6006,S05_0train_T050,2
6007,S05_0train_T050,3
6008,S05_0train_T050,4
6009,S05_0train_T050,5
6010,S05_0train_T051,1
6011,S05_0train_T051,2
6012,S05_0train_T051,3
6013,S05_0train_T051,4
6014,S05_0train_T051,5
6020,S05_0train_T053,1
6021,S05_0train_T053,2
6022,S05_0train_T053,3
6023,S05_0train_T053,4
6024,S05_0train_T053,5
6025,S05_0train_T054,1
6026,S05_0train_T054,2
6027,S05_0train_T054,3
6028,S05_0train_T054,4
6029,S05_0train_T054,5
6030,S05_0train_T055,1
6031,S05_0train_T055,2
6032,S05_0train_T055,3
6033,S05_0train_T055,4
6034,S05_0train_T055,5
6040,S05_0train_T057,1
6041,S05_0train_T057,2
6042,S05_0train_T057,3
6043,S05_0train_T057,4
6044,S05_0train_T057,5
6045,S05_0train_T058,1
6046,S05_0train_T058,2
6047,S05_0train_T058,3
6048,S05_0train_T058,4
6049,S05_0train_T058,5
6050,S05_0train_T059,1
6051,S05_0train_T059,2
6052,S05_0train_T059,3
6053,S05_0train_T059,4
6054,S05_0train_T059,5
6055,S05_0train_T060,1
6056,S05_0train_T060,2
6057,S05_0train_T060,3
6058,S05_0train_T060,4
6059,S05_0train_T060,5
6060,S05_0train_T061,1
6061,S05_0train_T061,2
6062,S05_0train_T061,3
6063,S05_0train_T061,4
6064,S05_0train_T061,5
6075,S05_0train_T064,1
6076,S05_0train_T064,2
6077,S05_0train_T064,3
6078,S05_0train_T064,4
6079,S05_0train_T064,5
6080,S05_0train_T065,1
6081,S05_0train_T065,2
6082,S05_0train_T065,3
6083,S05_0train_T065,4
6084,S05_0train_T065,5
6085,S05_0train_T066,1
6086,S05_0train_T066,2
6087,S05_0train_T066,3
6088,S05_0train_T066,4
6089,S05_0train_T066,5
6090,S05_0train_T067,1
6091,S05_0train_T067,2
6092,S05_0train_T067,3
6093,S05_0train_T067,4
6094,S05_0train_T067,5
6100,S05_0train_T069,1
6101,S05_0train_T069,2
6102,S05_0train_T069,3
6103,S05_0train_T069,4
6104,S05_0train_T069,5
6115,S05_0train_T072,1
6116,S05_0train_T072,2
6117,S05_0train_T072,3
6118,S05_0train_T072,4
6119,S05_0train_T072,5
6125,S05_0train_T074,1
6126,S05_0train_T074,2
6127,S05_0train_T074,3
6128,S05_0train_T074,4
6129,S05_0train_T074,5
6130,S05_0train_T075,1
6131,S05_0train_T075,2
6132,S05_0train_T075,3
6133,S05_0train_T075,4
6134,S05_0train_T075,5
6135,S05_0train_T076,1
6136,S05_0train_T076,2
6137,S05_0train_T076,3
6138,S05_0train_T076,4
6139,S05_0train_T076,5
6145,S05_0train_T078,1
6146,S05_0train_T078,2
6147,S05_0train_T078,3
6148,S05_0train_T078,4
6149,S05_0train_T078,5
6160,S05_0train_T081,1
6161,S05_0train_T081,2
6162,S05_0train_T081,3
6163,S05_0train_T081,4
6164,S05_0train_T081,5
6180,S05_0train_T085,1
6181,S05_0train_T085,2
6182,S05_0train_T085,3
6183,S05_0train_T085,4
6184,S05_0train_T085,5
6185,S05_0train_T086,1
6186,S05_0train_T086,2
6187,S05_0train_T086,3
6188,S05_0train_T086,4
6189,S05_0train_T086,5
6195,S05_0train_T088,1
6196,S05_0train_T088,2
6197,S05_0train_T088,3
6198,S05_0train_T088,4
6199,S05_0train_T088,5
6205,S05_0train_T090,1
6206,S05_0train_T090,2
6207,S05_0train_T090,3
6208,S05_0train_T090,4
6209,S05_0train_T090,5
6210,S05_0train_T091,1
6211,S05_0train_T091,2
6212,S05_0train_T091,3
6213,S05_0train_T091,4
6214,S05_0train_T091,5
6220,S05_0train_T093,1
6221,S05_0train_T093,2
6222,S05_0train_T093,3
6223,S05_0train_T093,4
6224,S05_0train_T093,5
6225,S05_0train_T094,1
6226,S05_0train_T094,2
6227,S05_0train_T094,3
6228,S05_0train_T094,4
6229,S05_0train_T094,5
6230,S05_0train_T095,1
6231,S05_0train_T095,2
6232,S05_0train_T095,3
6233,S05_0train_T095,4
6234,S05_0train_T095,5
6235,S05_0train_T096,1
6236,S05_0train_T096,2
6237,S05_0train_T096,3
6238,S05_0train_T096,4
6239,S05_0train_T096,5
6240,S05_0train_T097,1
6241,S05_0train_T097,2
6242,S05_0train_T097,3
6243,S05_0train_T097,4
6244,S05_0train_T097,5
6260,S05_0train_T101,1
6261,S05_0train_T101,2
6262,S05_0train_T101,3
6263,S05_0train_T101,4
6264,S05_0train_T101,5
6265,S05_0train_T102,1
6266,S05_0train_T102,2
6267,S05_0train_T102,3
6268,S05_0train_T102,4
6269,S05_0train_T102,5
6270,S05_0train_T103,1
6271,S05_0train_T103,2
6272,S05_0train_T103,3
6273,S05_0train_T103,4
6274,S05_0train_T103,5
6280,S05_0train_T105,1
6281,S05_0train_T105,2
6282,S05_0train_T105,3
6283,S05_0train_T105,4
6284,S05_0train_T105,5
6320,S05_0train_T113,1
6321,S05_0train_T113,2
6322,S05_0train_T113,3
6323,S05_0train_T113,4
6324,S05_0train_T113,5
6330,S05_0train_T115,1
6331,S05_0train_T115,2
6332,S05_0train_T115,3
6333,S05_0train_T115,4
6334,S05_0train_T115,5
6335,S05_0train_T116,1
6336,S05_0train_T116,2
6337,S05_0train_T116,3
6338,S05_0train_T116,4
6339,S05_0train_T116,5
6355,S05_0train_T120,1
6356,S05_0train_T120,2
6357,S05_0train_T120,3
6358,S05_0train_T120,4
6359,S05_0train_T120,5
6365,S05_0train_T122,1
6366,S05_0train_T122,2
6367,S05_0train_T122,3
6368,S05_0train_T122,4
6369,S05_0train_T122,5
6375,S05_0train_T124,1
6376,S05_0train_T124,2
6377,S05_0train_T124,3
6378,S05_0train_T124,4
6379,S05_0train_T124,5
6385,S05_0train_T126,1
6386,S05_0train_T126,2
6387,S05_0train_T126,3
6388,S05_0train_T126,4
6389,S05_0train_T126,5
6390,S05_0train_T127,1
6391,S05_0train_T127,2
6392,S05_0train_T127,3
6393,S05_0train_T127,4
6394,S05_0train_T127,5
6440,S05_0train_T137,1
6441,S05_0train_T137,2
6442,S05_0train_T137,3
6443,S05_0train_T137,4
6444,S05_0train_T137,5
6450,S05_0train_T139,1
6451,S05_0train_T139,2
6452,S05_0train_T139,3
6453,S05_0train_T139,4
6454,S05_0train_T139,5
6485,S05_0train_T146,1
6486,S05_0train_T146,2
6487,S05_0train_T146,3
6488,S05_0train_T146,4
6489,S05_0train_T146,5
6490,S05_0train_T147,1
6491,S05_0train_T147,2
6492,S05_0train_T147,3
6493,S05_0train_T147,4
6494,S05_0train_T147,5
6495,S05_0train_T148,1
6496,S05_0train_T148,2
6497,S05_0train_T148,3
6498,S05_0train_T148,4
6499,S05_0train_T148,5
6505,S05_0train_T150,1
6506,S05_0train_T150,2
6507,S05_0train_T150,3
6508,S05_0train_T150,4
6509,S05_0train_T150,5
6525,S05_0train_T154,1
6526,S05_0train_T154,2
6527,S05_0train_T154,3
6528,S05_0train_T154,4
6529,S05_0train_T154,5
6565,S05_0train_T162,1
6566,S05_0train_T162,2
6567,S05_0train_T162,3
6568,S05_0train_T162,4
6569,S05_0train_T162,5
6570,S05_0train_T163,1
6571,S05_0train_T163,2
6572,S05_0train_T163,3
6573,S05_0train_T163,4
6574,S05_0train_T163,5
6620,S05_0train_T173,1
6621,S05_0train_T173,2
6622,S05_0train_T173,3
6623,S05_0train_T173,4
6624,S05_0train_T173,5
6625,S05_0train_T174,1
6626,S05_0train_T174,2
6627,S05_0train_T174,3
6628,S05_0train_T174,4
6629,S05_0train_T174,5
6630,S05_0train_T175,1
6631,S05_0train_T175,2
6632,S05_0train_T175,3
6633,S05_0train_T175,4
6634,S05_0train_T175,5
6635,S05_0train_T176,1
6636,S05_0train_T176,2
6637,S05_0train_T176,3
6638,S05_0train_T176,4
6639,S05_0train_T176,5
6650,S05_0train_T179,1
6651,S05_0train_T179,2
6652,S05_0train_T179,3
6653,S05_0train_T179,4
6654,S05_0train_T179,5
6665,S05_0train_T182,1
6666,S05_0train_T182,2
6667,S05_0train_T182,3
6668,S05_0train_T182,4
6669,S05_0train_T182,5
6690,S05_0train_T187,1
6691,S05_0train_T187,2
6692,S05_0train_T187,3
6693,S05_0train_T187,4
6694,S05_0train_T187,5
6695,S05_0train_T188,1
6696,S05_0train_T188,2
6697,S05_0train_T188,3
6698,S05_0train_T188,4
6699,S05_0train_T188,5
6750,S05_0train_T199,1
6751,S05_0train_T199,2
6752,S05_0train_T199,3
6753,S05_0train_T199,4
6754,S05_0train_T199,5
6755,S05_0train_T200,1
6756,S05_0train_T200,2
6757,S05_0train_T200,3
6758,S05_0train_T200,4
6759,S05_0train_T200,5
6765,S05_0train_T202,1
6766,S05_0train_T202,2
6767,S05_0train_T202,3
6768,S05_0train_T202,4
6769,S05_0train_T202,5
6775,S05_0train_T204,1
6776,S05_0train_T204,2
6777,S05_0train_T204,3
6778,S05_0train_T204,4
6779,S05_0train_T204,5
6780,S05_0train_T205,1
6781,S05_0train_T205,2
6782,S05_0train_T205,3
6783,S05_0train_T205,4
6784,S05_0train_T205,5
6800,S05_0train_T209,1
6801,S05_0train_T209,2
6802,S05_0train_T209,3
6803,S05_0train_T209,4
6804,S05_0train_T209,5
6810,S05_0train_T211,1
6811,S05_0train_T211,2
6812,S05_0train_T211,3
6813,S05_0train_T211,4
6814,S05_0train_T211,5
6815,S05_0train_T212,1
6816,S05_0train_T212,2
6817,S05_0train_T212,3
6818,S05_0train_T212,4
6819,S05_0train_T212,5
6820,S05_0train_T213,1
6821,S05_0train_T213,2
6822,S05_0train_T213,3
6823,S05_0train_T213,4
6824,S05_0train_T213,5
6835,S05_0train_T216,1
6836,S05_0train_T216,2
6837,S05_0train_T216,3
6838,S05_0train_T216,4
6839,S05_0train_T216,5
6845,S05_0train_T218,1
6846,S05_0train_T218,2
6847,S05_0train_T218,3
6848,S05_0train_T218,4
6849,S05_0train_T218,5
6870,S05_0train_T223,1
6871,S05_0train_T223,2
6872,S05_0train_T223,3
6873,S05_0train_T223,4
6874,S05_0train_T223,5
6875,S05_0train_T224,1
6876,S05_0train_T224,2
6877,S05_0train_T224,3
6878,S05_0train_T224,4
6879,S05_0train_T224,5
6880,S05_0train_T225,1
6881,S05_0train_T225,2
6882,S05_0train_T225,3
6883,S05_0train_T225,4
6884,S05_0train_T225,5
6885,S05_0train_T226,1
6886,S05_0train_T226,2
6887,S05_0train_T226,3
6888,S05_0train_T226,4
6889,S05_0train_T226,5
6910,S05_0train_T231,1
6911,S05_0train_T231,2
6912,S05_0train_T231,3
6913,S05_0train_T231,4
6914,S05_0train_T231,5
6915,S05_0train_T232,1
6916,S05_0train_T232,2
6917,S05_0train_T232,3
6918,S05_0train_T232,4
6919,S05_0train_T232,5
6920,S05_0train_T233,1
6921,S05_0train_T233,2
6922,S05_0train_T233,3
6923,S05_0train_T233,4
6924,S05_0train_T233,5
6985,S05_0train_T246,1
6986,S05_0train_T246,2
6987,S05_0train_T246,3
6988,S05_0train_T246,4
6989,S05_0train_T246,5
6995,S05_0train_T248,1
6996,S05_0train_T248,2
6997,S05_0train_T248,3
6998,S05_0train_T248,4
6999,S05_0train_T248,5
7000,S05_0train_T249,1
7001,S05_0train_T249,2
7002,S05_0train_T249,3
7003,S05_0train_T249,4
7004,S05_0train_T249,5
7015,S05_0train_T252,1
7016,S05_0train_T252,2
7017,S05_0train_T252,3
7018,S05_0train_T252,4
7019,S05_0train_T252,5
7020,S05_0train_T253,1
7021,S05_0train_T253,2
7022,S05_0train_T253,3
7023,S05_0train_T253,4
7024,S05_0train_T253,5
7040,S05_0train_T257,1
7041,S05_0train_T257,2
7042,S05_0train_T257,3
7043,S05_0train_T257,4
7044,S05_0train_T257,5
7060,S05_0train_T261,1
7061,S05_0train_T261,2
7062,S05_0train_T261,3
7063,S05_0train_T261,4
7064,S05_0train_T261,5
7080,S05_0train_T265,1
7081,S05_0train_T265,2
7082,S05_0train_T265,3
7083,S05_0train_T265,4
7084,S05_0train_T265,5
7110,S05_0train_T271,1
7111,S05_0train_T271,2
7112,S05_0train_T271,3
7113,S05_0train_T271,4
7114,S05_0train_T271,5
7125,S05_0train_T274,1
7126,S05_0train_T274,2
7127,S05_0train_T274,3
7128,S05_0train_T274,4
7129,S05_0train_T274,5
7135,S05_0train_T276,1
7136,S05_0train_T276,2
7137,S05_0train_T276,3
7138,S05_0train_T276,4
7139,S05_0train_T276,5
7150,S05_0train_T279,1
7151,S05_0train_T279,2
7152,S05_0train_T279,3
7153,S05_0train_T279,4
7154,S05_0train_T279,5
7155,S05_0train_T280,1
7156,S05_0train_T280,2
7157,S05_0train_T280,3
7158,S05_0train_T280,4
7159,S05_0train_T280,5
7160,S05_0train_T281,1
7161,S05_0train_T281,2
7162,S05_0train_T281,3
7163,S05_0train_T281,4
7164,S05_0train_T281,5
7165,S05_0train_T282,1
7166,S05_0train_T282,2
7167,S05_0train_T282,3
7168,S05_0train_T282,4
7169,S05_0train_T282,5
7180,S05_0train_T285,1
7181,S05_0train_T285,2
7182,S05_0train_T285,3
7183,S05_0train_T285,4
7184,S05_0train_T285,5
7185,S05_0train_T286,1
7186,S05_0train_T286,2
7187,S05_0train_T286,3
7188,S05_0train_T286,4
7189,S05_0train_T286,5
7190,S05_0train_T287,1
7191,S05_0train_T287,2
7192,S05_0train_T287,3
7193,S05_0train_T287,4
7194,S05_0train_T287,5
7200,S06_0train_T001,1
7201,S06_0train_T001,2
7202,S06_0train_T001,3
7203,S06_0train_T001,4
7204,S06_0train_T001,5
7205,S06_0train_T002,1
7206,S06_0train_T002,2
7207,S06_0train_T002,3
7208,S06_0train_T002,4
7209,S06_0train_T002,5
7210,S06_0train_T003,1
7211,S06_0train_T003,2
7212,S06_0train_T003,3
7213,S06_0train_T003,4
7214,S06_0train_T003,5
7215,S06_0train_T004,1
7216,S06_0train_T004,2
7217,S06_0train_T004,3
7218,S06_0train_T004,4
7219,S06_0train_T004,5
7255,S06_0train_T012,1
7256,S06_0train_T012,2
7257,S06_0train_T012,3
7258,S06_0train_T012,4
7259,S06_0train_T012,5
7260,S06_0train_T013,1
7261,S06_0train_T013,2
7262,S06_0train_T013,3
7263,S06_0train_T013,4
7264,S06_0train_T013,5
7280,S06_0train_T017,1
7281,S06_0train_T017,2
7282,S06_0train_T017,3
7283,S06_0train_T017,4
7284,S06_0train_T017,5
7285,S06_0train_T018,1
7286,S06_0train_T018,2
7287,S06_0train_T018,3
7288,S06_0train_T018,4
7289,S06_0train_T018,5
7295,S06_0train_T020,1
7296,S06_0train_T020,2
7297,S06_0train_T020,3
7298,S06_0train_T020,4
7299,S06_0train_T020,5
7315,S06_0train_T024,1
7316,S06_0train_T024,2
7317,S06_0train_T024,3
7318,S06_0train_T024,4
7319,S06_0train_T024,5
7325,S06_0train_T026,1
7326,S06_0train_T026,2
7327,S06_0train_T026,3
7328,S06_0train_T026,4
7329,S06_0train_T026,5
7370,S06_0train_T035,1
7371,S06_0train_T035,2
7372,S06_0train_T035,3
7373,S06_0train_T035,4
7374,S06_0train_T035,5
7375,S06_0train_T036,1
7376,S06_0train_T036,2
7377,S06_0train_T036,3
7378,S06_0train_T036,4
7379,S06_0train_T036,5
7380,S06_0train_T037,1
7381,S06_0train_T037,2
7382,S06_0train_T037,3
7383,S06_0train_T037,4
7384,S06_0train_T037,5
7385,S06_0train_T038,1
7386,S06_0train_T038,2
7387,S06_0train_T038,3
7388,S06_0train_T038,4
7389,S06_0train_T038,5
7395,S06_0train_T040,1
7396,S06_0train_T040,2
7397,S06_0train_T040,3
7398,S06_0train_T040,4
7399,S06_0train_T040,5
7400,S06_0train_T041,1
7401,S06_0train_T041,2
7402,S06_0train_T041,3
7403,S06_0train_T041,4
7404,S06_0train_T041,5
7415,S06_0train_T044,1
7416,S06_0train_T044,2
7417,S06_0train_T044,3
7418,S06_0train_T044,4
7419,S06_0train_T044,5
7430,S06_0train_T047,1
7431,S06_0train_T047,2
7432,S06_0train_T047,3
7433,S06_0train_T047,4
7434,S06_0train_T047,5
7440,S06_0train_T049,1
7441,S06_0train_T049,2
7442,S06_0train_T049,3
7443,S06_0train_T049,4
7444,S06_0train_T049,5
7480,S06_0train_T057,1
7481,S06_0train_T057,2
7482,S06_0train_T057,3
7483,S06_0train_T057,4
7484,S06_0train_T057,5
7505,S06_0train_T062,1
7506,S06_0train_T062,2
7507,S06_0train_T062,3
7508,S06_0train_T062,4
7509,S06_0train_T062,5
7525,S06_0train_T066,1
7526,S06_0train_T066,2
7527,S06_0train_T066,3
7528,S06_0train_T066,4
7529,S06_0train_T066,5
7530,S06_0train_T067,1
7531,S06_0train_T067,2
7532,S06_0train_T067,3
7533,S06_0train_T067,4
7534,S06_0train_T067,5
7535,S06_0train_T068,1
7536,S06_0train_T068,2
7537,S06_0train_T068,3
7538,S06_0train_T068,4
7539,S06_0train_T068,5
7540,S06_0train_T069,1
7541,S06_0train_T069,2
7542,S06_0train_T069,3
7543,S06_0train_T069,4
7544,S06_0train_T069,5
7545,S06_0train_T070,1
7546,S06_0train_T070,2
7547,S06_0train_T070,3
7548,S06_0train_T070,4
7549,S06_0train_T070,5
7580,S06_0train_T077,1
7581,S06_0train_T077,2
7582,S06_0train_T077,3
7583,S06_0train_T077,4
7584,S06_0train_T077,5
7590,S06_0train_T079,1
7591,S06_0train_T079,2
7592,S06_0train_T079,3
7593,S06_0train_T079,4
7594,S06_0train_T079,5
7610,S06_0train_T083,1
7611,S06_0train_T083,2
7612,S06_0train_T083,3
7613,S06_0train_T083,4
7614,S06_0train_T083,5
7615,S06_0train_T084,1
7616,S06_0train_T084,2
7617,S06_0train_T084,3
7618,S06_0train_T084,4
7619,S06_0train_T084,5
7620,S06_0train_T085,1
7621,S06_0train_T085,2
7622,S06_0train_T085,3
7623,S06_0train_T085,4
7624,S06_0train_T085,5
7635,S06_0train_T088,1
7636,S06_0train_T088,2
7637,S06_0train_T088,3
7638,S06_0train_T088,4
7639,S06_0train_T088,5
7650,S06_0train_T091,1
7651,S06_0train_T091,2
7652,S06_0train_T091,3
7653,S06_0train_T091,4
7654,S06_0train_T091,5
7660,S06_0train_T093,1
7661,S06_0train_T093,2
7662,S06_0train_T093,3
7663,S06_0train_T093,4
7664,S06_0train_T093,5
7665,S06_0train_T094,1
7666,S06_0train_T094,2
7667,S06_0train_T094,3
7668,S06_0train_T094,4
7669,S06_0train_T094,5
7700,S06_0train_T101,1
7701,S06_0train_T101,2
7702,S06_0train_T101,3
7703,S06_0train_T101,4
7704,S06_0train_T101,5
7710,S06_0train_T103,1
7711,S06_0train_T103,2
7712,S06_0train_T103,3
7713,S06_0train_T103,4
7714,S06_0train_T103,5
7735,S06_0train_T108,1
7736,S06_0train_T108,2
7737,S06_0train_T108,3
7738,S06_0train_T108,4
7739,S06_0train_T108,5
7750,S06_0train_T111,1
7751,S06_0train_T111,2
7752,S06_0train_T111,3
7753,S06_0train_T111,4
7754,S06_0train_T111,5
7755,S06_0train_T112,1
7756,S06_0train_T112,2
7757,S06_0train_T112,3
7758,S06_0train_T112,4
7759,S06_0train_T112,5
7780,S06_0train_T117,1
7781,S06_0train_T117,2
7782,S06_0train_T117,3
7783,S06_0train_T117,4
7784,S06_0train_T117,5
7790,S06_0train_T119,1
7791,S06_0train_T119,2
7792,S06_0train_T119,3
7793,S06_0train_T119,4
7794,S06_0train_T119,5
7795,S06_0train_T120,1
7796,S06_0train_T120,2
7797,S06_0train_T120,3
7798,S06_0train_T120,4
7799,S06_0train_T120,5
7805,S06_0train_T122,1
7806,S06_0train_T122,2
7807,S06_0train_T122,3
7808,S06_0train_T122,4
7809,S06_0train_T122,5
7830,S06_0train_T127,1
7831,S06_0train_T127,2
7832,S06_0train_T127,3
7833,S06_0train_T127,4
7834,S06_0train_T127,5
7835,S06_0train_T128,1
7836,S06_0train_T128,2
7837,S06_0train_T128,3
7838,S06_0train_T128,4
7839,S06_0train_T128,5
7850,S06_0train_T131,1
7851,S06_0train_T131,2
7852,S06_0train_T131,3
7853,S06_0train_T131,4
7854,S06_0train_T131,5
7880,S06_0train_T137,1
7881,S06_0train_T137,2
7882,S06_0train_T137,3
7883,S06_0train_T137,4
7884,S06_0train_T137,5
7895,S06_0train_T140,1
7896,S06_0train_T140,2
7897,S06_0train_T140,3
7898,S06_0train_T140,4
7899,S06_0train_T140,5
7900,S06_0train_T141,1
7901,S06_0train_T141,2
7902,S06_0train_T141,3
7903,S06_0train_T141,4
7904,S06_0train_T141,5
7905,S06_0train_T142,1
7906,S06_0train_T142,2
7907,S06_0train_T142,3
7908,S06_0train_T142,4
7909,S06_0train_T142,5
7940,S06_0train_T149,1
7941,S06_0train_T149,2
7942,S06_0train_T149,3
7943,S06_0train_T149,4
7944,S06_0train_T149,5
7945,S06_0train_T150,1
7946,S06_0train_T150,2
7947,S06_0train_T150,3
7948,S06_0train_T150,4
7949,S06_0train_T150,5
7950,S06_0train_T151,1
7951,S06_0train_T151,2
7952,S06_0train_T151,3
7953,S06_0train_T151,4
7954,S06_0train_T151,5
7960,S06_0train_T153,1
7961,S06_0train_T153,2
7962,S06_0train_T153,3
7963,S06_0train_T153,4
7964,S06_0train_T153,5
7965,S06_0train_T154,1
7966,S06_0train_T154,2
7967,S06_0train_T154,3
7968,S06_0train_T154,4
7969,S06_0train_T154,5
7970,S06_0train_T155,1
7971,S06_0train_T155,2
7972,S06_0train_T155,3
7973,S06_0train_T155,4
7974,S06_0train_T155,5
7980,S06_0train_T157,1
7981,S06_0train_T157,2
7982,S06_0train_T157,3
7983,S06_0train_T157,4
7984,S06_0train_T157,5
8010,S06_0train_T163,1
8011,S06_0train_T163,2
8012,S06_0train_T163,3
8013,S06_0train_T163,4
8014,S06_0train_T163,5
8015,S06_0train_T164,1
8016,S06_0train_T164,2
8017,S06_0train_T164,3
8018,S06_0train_T164,4
8019,S06_0train_T164,5
8020,S06_0train_T165,1
8021,S06_0train_T165,2
8022,S06_0train_T165,3
8023,S06_0train_T165,4
8024,S06_0train_T165,5
8025,S06_0train_T166,1
8026,S06_0train_T166,2
8027,S06_0train_T166,3
8028,S06_0train_T166,4
8029,S06_0train_T166,5
8030,S06_0train_T167,1
8031,S06_0train_T167,2
8032,S06_0train_T167,3
8033,S06_0train_T167,4
8034,S06_0train_T167,5
8035,S06_0train_T168,1
8036,S06_0train_T168,2
8037,S06_0train_T168,3
8038,S06_0train_T168,4
8039,S06_0train_T168,5
8040,S06_0train_T169,1
8041,S06_0train_T169,2
8042,S06_0train_T169,3
8043,S06_0train_T169,4
8044,S06_0train_T169,5
8065,S06_0train_T174,1
8066,S06_0train_T174,2
8067,S06_0train_T174,3
8068,S06_0train_T174,4
8069,S06_0train_T174,5
8070,S06_0train_T175,1
8071,S06_0train_T175,2
8072,S06_0train_T175,3
8073,S06_0train_T175,4
8074,S06_0train_T175,5
8075,S06_0train_T176,1
8076,S06_0train_T176,2
8077,S06_0train_T176,3
8078,S06_0train_T176,4
8079,S06_0train_T176,5
8095,S06_0train_T180,1
8096,S06_0train_T180,2
8097,S06_0train_T180,3
8098,S06_0train_T180,4
8099,S06_0train_T180,5
8115,S06_0train_T184,1
8116,S06_0train_T184,2
8117,S06_0train_T184,3
8118,S06_0train_T184,4
8119,S06_0train_T184,5
8120,S06_0train_T185,1
8121,S06_0train_T185,2
8122,S06_0train_T185,3
8123,S06_0train_T185,4
8124,S06_0train_T185,5
8135,S06_0train_T188,1
8136,S06_0train_T188,2
8137,S06_0train_T188,3
8138,S06_0train_T188,4
8139,S06_0train_T188,5
8140,S06_0train_T189,1
8141,S06_0train_T189,2
8142,S06_0train_T189,3
8143,S06_0train_T189,4
8144,S06_0train_T189,5
8195,S06_0train_T200,1
8196,S06_0train_T200,2
8197,S06_0train_T200,3
8198,S06_0train_T200,4
8199,S06_0train_T200,5
8220,S06_0train_T205,1
8221,S06_0train_T205,2
8222,S06_0train_T205,3
8223,S06_0train_T205,4
8224,S06_0train_T205,5
8240,S06_0train_T209,1
8241,S06_0train_T209,2
8242,S06_0train_T209,3
8243,S06_0train_T209,4
8244,S06_0train_T209,5
8265,S06_0train_T214,1
8266,S06_0train_T214,2
8267,S06_0train_T214,3
8268,S06_0train_T214,4
8269,S06_0train_T214,5
8280,S06_0train_T217,1
8281,S06_0train_T217,2
8282,S06_0train_T217,3
8283,S06_0train_T217,4
8284,S06_0train_T217,5
8285,S06_0train_T218,1
8286,S06_0train_T218,2
8287,S06_0train_T218,3
8288,S06_0train_T218,4
8289,S06_0train_T218,5
8310,S06_0train_T223,1
8311,S06_0train_T223,2
8312,S06_0train_T223,3
8313,S06_0train_T223,4
8314,S06_0train_T223,5
8320,S06_0train_T225,1
8321,S06_0train_T225,2
8322,S06_0train_T225,3
8323,S06_0train_T225,4
8324,S06_0train_T225,5
8325,S06_0train_T226,1
8326,S06_0train_T226,2
8327,S06_0train_T226,3
8328,S06_0train_T226,4
8329,S06_0train_T226,5
8335,S06_0train_T228,1
8336,S06_0train_T228,2
8337,S06_0train_T228,3
8338,S06_0train_T228,4
8339,S06_0train_T228,5
8345,S06_0train_T230,1
8346,S06_0train_T230,2
8347,S06_0train_T230,3
8348,S06_0train_T230,4
8349,S06_0train_T230,5
8350,S06_0train_T231,1
8351,S06_0train_T231,2
8352,S06_0train_T231,3
8353,S06_0train_T231,4
8354,S06_0train_T231,5
8355,S06_0train_T232,1
8356,S06_0train_T232,2
8357,S06_0train_T232,3
8358,S06_0train_T232,4
8359,S06_0train_T232,5
8365,S06_0train_T234,1
8366,S06_0train_T234,2
8367,S06_0train_T234,3
8368,S06_0train_T234,4
8369,S06_0train_T234,5
8375,S06_0train_T236,1
8376,S06_0train_T236,2
8377,S06_0train_T236,3
8378,S06_0train_T236,4
8379,S06_0train_T236,5
8380,S06_0train_T237,1
8381,S06_0train_T237,2
8382,S06_0train_T237,3
8383,S06_0train_T237,4
8384,S06_0train_T237,5
8385,S06_0train_T238,1
8386,S06_0train_T238,2
8387,S06_0train_T238,3
8388,S06_0train_T238,4
8389,S06_0train_T238,5
8400,S06_0train_T241,1
8401,S06_0train_T241,2
8402,S06_0train_T241,3
8403,S06_0train_T241,4
8404,S06_0train_T241,5
8415,S06_0train_T244,1
8416,S06_0train_T244,2
8417,S06_0train_T244,3
8418,S06_0train_T244,4
8419,S06_0train_T244,5
8425,S06_0train_T246,1
8426,S06_0train_T246,2
8427,S06_0train_T246,3
8428,S06_0train_T246,4
8429,S06_0train_T246,5
8430,S06_0train_T247,1
8431,S06_0train_T247,2
8432,S06_0train_T247,3
8433,S06_0train_T247,4
8434,S06_0train_T247,5
8435,S06_0train_T248,1
8436,S06_0train_T248,2
8437,S06_0train_T248,3
8438,S06_0train_T248,4
8439,S06_0train_T248,5
8440,S06_0train_T249,1
8441,S06_0train_T249,2
8442,S06_0train_T249,3
8443,S06_0train_T249,4
8444,S06_0train_T249,5
8490,S06_0train_T259,1
8491,S06_0train_T259,2
8492,S06_0train_T259,3
8493,S06_0train_T259,4
8494,S06_0train_T259,5
8505,S06_0train_T262,1
8506,S06_0train_T262,2
8507,S06_0train_T262,3
8508,S06_0train_T262,4
8509,S06_0train_T262,5
8510,S06_0train_T263,1
8511,S06_0train_T263,2
8512,S06_0train_T263,3
8513,S06_0train_T263,4
8514,S06_0train_T263,5
8525,S06_0train_T266,1
8526,S06_0train_T266,2
8527,S06_0train_T266,3
8528,S06_0train_T266,4
8529,S06_0train_T266,5
8540,S06_0train_T269,1
8541,S06_0train_T269,2
8542,S06_0train_T269,3
8543,S06_0train_T269,4
8544,S06_0train_T269,5
8545,S06_0train_T270,1
8546,S06_0train_T270,2
8547,S06_0train_T270,3
8548,S06_0train_T270,4
8549,S06_0train_T270,5
8550,S06_0train_T271,1
8551,S06_0train_T271,2
8552,S06_0train_T271,3
8553,S06_0train_T271,4
8554,S06_0train_T271,5
8555,S06_0train_T272,1
8556,S06_0train_T272,2
8557,S06_0train_T272,3
8558,S06_0train_T272,4
8559,S06_0train_T272,5
8560,S06_0train_T273,1
8561,S06_0train_T273,2
8562,S06_0train_T273,3
8563,S06_0train_T273,4
8564,S06_0train_T273,5
8565,S06_0train_T274,1
8566,S06_0train_T274,2
8567,S06_0train_T274,3
8568,S06_0train_T274,4
8569,S06_0train_T274,5
8570,S06_0train_T275,1
8571,S06_0train_T275,2
8572,S06_0train_T275,3
8573,S06_0train_T275,4
8574,S06_0train_T275,5
8590,S06_0train_T279,1
8591,S06_0train_T279,2
8592,S06_0train_T279,3
8593,S06_0train_T279,4
8594,S06_0train_T279,5
8600,S06_0train_T281,1
8601,S06_0train_T281,2
8602,S06_0train_T281,3
8603,S06_0train_T281,4
8604,S06_0train_T281,5
8615,S06_0train_T284,1
8616,S06_0train_T284,2
8617,S06_0train_T284,3
8618,S06_0train_T284,4
8619,S06_0train_T284,5
8620,S06_0train_T285,1
8621,S06_0train_T285,2
8622,S06_0train_T285,3
8623,S06_0train_T285,4
8624,S06_0train_T285,5
8640,S07_0train_T001,1
8641,S07_0train_T001,2
8642,S07_0train_T001,3
8643,S07_0train_T001,4
8644,S07_0train_T001,5
8650,S07_0train_T003,1
8651,S07_0train_T003,2
8652,S07_0train_T003,3
8653,S07_0train_T003,4
8654,S07_0train_T003,5
8675,S07_0train_T008,1
8676,S07_0train_T008,2
8677,S07_0train_T008,3
8678,S07_0train_T008,4
8679,S07_0train_T008,5
8685,S07_0train_T010,1
8686,S07_0train_T010,2
8687,S07_0train_T010,3
8688,S07_0train_T010,4
8689,S07_0train_T010,5
8700,S07_0train_T013,1
8701,S07_0train_T013,2
8702,S07_0train_T013,3
8703,S07_0train_T013,4
8704,S07_0train_T013,5
8725,S07_0train_T018,1
8726,S07_0train_T018,2
8727,S07_0train_T018,3
8728,S07_0train_T018,4
8729,S07_0train_T018,5
8735,S07_0train_T020,1
8736,S07_0train_T020,2
8737,S07_0train_T020,3
8738,S07_0train_T020,4
8739,S07_0train_T020,5
8755,S07_0train_T024,1
8756,S07_0train_T024,2
8757,S07_0train_T024,3
8758,S07_0train_T024,4
8759,S07_0train_T024,5
8775,S07_0train_T028,1
8776,S07_0train_T028,2
8777,S07_0train_T028,3
8778,S07_0train_T028,4
8779,S07_0train_T028,5
8795,S07_0train_T032,1
8796,S07_0train_T032,2
8797,S07_0train_T032,3
8798,S07_0train_T032,4
8799,S07_0train_T032,5
8810,S07_0train_T035,1
8811,S07_0train_T035,2
8812,S07_0train_T035,3
8813,S07_0train_T035,4
8814,S07_0train_T035,5
8820,S07_0train_T037,1
8821,S07_0train_T037,2
8822,S07_0train_T037,3
8823,S07_0train_T037,4
8824,S07_0train_T037,5
8830,S07_0train_T039,1
8831,S07_0train_T039,2
8832,S07_0train_T039,3
8833,S07_0train_T039,4
8834,S07_0train_T039,5
8845,S07_0train_T042,1
8846,S07_0train_T042,2
8847,S07_0train_T042,3
8848,S07_0train_T042,4
8849,S07_0train_T042,5
8850,S07_0train_T043,1
8851,S07_0train_T043,2
8852,S07_0train_T043,3
8853,S07_0train_T043,4
8854,S07_0train_T043,5
8860,S07_0train_T045,1
8861,S07_0train_T045,2
8862,S07_0train_T045,3
8863,S07_0train_T045,4
8864,S07_0train_T045,5
8865,S07_0train_T046,1
8866,S07_0train_T046,2
8867,S07_0train_T046,3
8868,S07_0train_T046,4
8869,S07_0train_T046,5
8870,S07_0train_T047,1
8871,S07_0train_T047,2
8872,S07_0train_T047,3
8873,S07_0train_T047,4
8874,S07_0train_T047,5
8880,S07_0train_T049,1
8881,S07_0train_T049,2
8882,S07_0train_T049,3
8883,S07_0train_T049,4
8884,S07_0train_T049,5
8900,S07_0train_T053,1
8901,S07_0train_T053,2
8902,S07_0train_T053,3
8903,S07_0train_T053,4
8904,S07_0train_T053,5
8930,S07_0train_T059,1
8931,S07_0train_T059,2
8932,S07_0train_T059,3
8933,S07_0train_T059,4
8934,S07_0train_T059,5
8955,S07_0train_T064,1
8956,S07_0train_T064,2
8957,S07_0train_T064,3
8958,S07_0train_T064,4
8959,S07_0train_T064,5
8960,S07_0train_T065,1
8961,S07_0train_T065,2
8962,S07_0train_T065,3
8963,S07_0train_T065,4
8964,S07_0train_T065,5
8965,S07_0train_T066,1
8966,S07_0train_T066,2
8967,S07_0train_T066,3
8968,S07_0train_T066,4
8969,S07_0train_T066,5
8970,S07_0train_T067,1
8971,S07_0train_T067,2
8972,S07_0train_T067,3
8973,S07_0train_T067,4
8974,S07_0train_T067,5
8980,S07_0train_T069,1
8981,S07_0train_T069,2
8982,S07_0train_T069,3
8983,S07_0train_T069,4
8984,S07_0train_T069,5
8985,S07_0train_T070,1
8986,S07_0train_T070,2
8987,S07_0train_T070,3
8988,S07_0train_T070,4
8989,S07_0train_T070,5
8995,S07_0train_T072,1
8996,S07_0train_T072,2
8997,S07_0train_T072,3
8998,S07_0train_T072,4
8999,S07_0train_T072,5
9000,S07_0train_T073,1
9001,S07_0train_T073,2
9002,S07_0train_T073,3
9003,S07_0train_T073,4
9004,S07_0train_T073,5
9005,S07_0train_T074,1
9006,S07_0train_T074,2
9007,S07_0train_T074,3
9008,S07_0train_T074,4
9009,S07_0train_T074,5
9020,S07_0train_T077,1
9021,S07_0train_T077,2
9022,S07_0train_T077,3
9023,S07_0train_T077,4
9024,S07_0train_T077,5
9045,S07_0train_T082,1
9046,S07_0train_T082,2
9047,S07_0train_T082,3
9048,S07_0train_T082,4
9049,S07_0train_T082,5
9055,S07_0train_T084,1
9056,S07_0train_T084,2
9057,S07_0train_T084,3
9058,S07_0train_T084,4
9059,S07_0train_T084,5
9060,S07_0train_T085,1
9061,S07_0train_T085,2
9062,S07_0train_T085,3
9063,S07_0train_T085,4
9064,S07_0train_T085,5
9065,S07_0train_T086,1
9066,S07_0train_T086,2
9067,S07_0train_T086,3
9068,S07_0train_T086,4
9069,S07_0train_T086,5
9070,S07_0train_T087,1
9071,S07_0train_T087,2
9072,S07_0train_T087,3
9073,S07_0train_T087,4
9074,S07_0train_T087,5
9080,S07_0train_T089,1
9081,S07_0train_T089,2
9082,S07_0train_T089,3
9083,S07_0train_T089,4
9084,S07_0train_T089,5
9085,S07_0train_T090,1
9086,S07_0train_T090,2
9087,S07_0train_T090,3
9088,S07_0train_T090,4
9089,S07_0train_T090,5
9090,S07_0train_T091,1
9091,S07_0train_T091,2
9092,S07_0train_T091,3
9093,S07_0train_T091,4
9094,S07_0train_T091,5
9095,S07_0train_T092,1
9096,S07_0train_T092,2
9097,S07_0train_T092,3
9098,S07_0train_T092,4
9099,S07_0train_T092,5
9105,S07_0train_T094,1
9106,S07_0train_T094,2
9107,S07_0train_T094,3
9108,S07_0train_T094,4
9109,S07_0train_T094,5
9120,S07_0train_T097,1
9121,S07_0train_T097,2
9122,S07_0train_T097,3
9123,S07_0train_T097,4
9124,S07_0train_T097,5
9125,S07_0train_T098,1
9126,S07_0train_T098,2
9127,S07_0train_T098,3
9128,S07_0train_T098,4
9129,S07_0train_T098,5
9130,S07_0train_T099,1
9131,S07_0train_T099,2
9132,S07_0train_T099,3
9133,S07_0train_T099,4
9134,S07_0train_T099,5
9150,S07_0train_T103,1
9151,S07_0train_T103,2
9152,S07_0train_T103,3
9153,S07_0train_T103,4
9154,S07_0train_T103,5
9155,S07_0train_T104,1
9156,S07_0train_T104,2
9157,S07_0train_T104,3
9158,S07_0train_T104,4
9159,S07_0train_T104,5
9170,S07_0train_T107,1
9171,S07_0train_T107,2
9172,S07_0train_T107,3
9173,S07_0train_T107,4
9174,S07_0train_T107,5
9180,S07_0train_T109,1
9181,S07_0train_T109,2
9182,S07_0train_T109,3
9183,S07_0train_T109,4
9184,S07_0train_T109,5
9190,S07_0train_T111,1
9191,S07_0train_T111,2
9192,S07_0train_T111,3
9193,S07_0train_T111,4
9194,S07_0train_T111,5
9230,S07_0train_T119,1
9231,S07_0train_T119,2
9232,S07_0train_T119,3
9233,S07_0train_T119,4
9234,S07_0train_T119,5
9235,S07_0train_T120,1
9236,S07_0train_T120,2
9237,S07_0train_T120,3
9238,S07_0train_T120,4
9239,S07_0train_T120,5
9245,S07_0train_T122,1
9246,S07_0train_T122,2
9247,S07_0train_T122,3
9248,S07_0train_T122,4
9249,S07_0train_T122,5
9260,S07_0train_T125,1
9261,S07_0train_T125,2
9262,S07_0train_T125,3
9263,S07_0train_T125,4
9264,S07_0train_T125,5
9280,S07_0train_T129,1
9281,S07_0train_T129,2
9282,S07_0train_T129,3
9283,S07_0train_T129,4
9284,S07_0train_T129,5
9315,S07_0train_T136,1
9316,S07_0train_T136,2
9317,S07_0train_T136,3
9318,S07_0train_T136,4
9319,S07_0train_T136,5
9330,S07_0train_T139,1
9331,S07_0train_T139,2
9332,S07_0train_T139,3
9333,S07_0train_T139,4
9334,S07_0train_T139,5
9335,S07_0train_T140,1
9336,S07_0train_T140,2
9337,S07_0train_T140,3
9338,S07_0train_T140,4
9339,S07_0train_T140,5
9350,S07_0train_T143,1
9351,S07_0train_T143,2
9352,S07_0train_T143,3
9353,S07_0train_T143,4
9354,S07_0train_T143,5
9365,S07_0train_T146,1
9366,S07_0train_T146,2
9367,S07_0train_T146,3
9368,S07_0train_T146,4
9369,S07_0train_T146,5
9370,S07_0train_T147,1
9371,S07_0train_T147,2
9372,S07_0train_T147,3
9373,S07_0train_T147,4
9374,S07_0train_T147,5
9375,S07_0train_T148,1
9376,S07_0train_T148,2
9377,S07_0train_T148,3
9378,S07_0train_T148,4
9379,S07_0train_T148,5
9390,S07_0train_T151,1
9391,S07_0train_T151,2
9392,S07_0train_T151,3
9393,S07_0train_T151,4
9394,S07_0train_T151,5
9410,S07_0train_T155,1
9411,S07_0train_T155,2
9412,S07_0train_T155,3
9413,S07_0train_T155,4
9414,S07_0train_T155,5
9430,S07_0train_T159,1
9431,S07_0train_T159,2
9432,S07_0train_T159,3
9433,S07_0train_T159,4
9434,S07_0train_T159,5
9435,S07_0train_T160,1
9436,S07_0train_T160,2
9437,S07_0train_T160,3
9438,S07_0train_T160,4
9439,S07_0train_T160,5
9440,S07_0train_T161,1
9441,S07_0train_T161,2
9442,S07_0train_T161,3
9443,S07_0train_T161,4
9444,S07_0train_T161,5
9460,S07_0train_T165,1
9461,S07_0train_T165,2
9462,S07_0train_T165,3
9463,S07_0train_T165,4
9464,S07_0train_T165,5
9490,S07_0train_T171,1
9491,S07_0train_T171,2
9492,S07_0train_T171,3
9493,S07_0train_T171,4
9494,S07_0train_T171,5
9495,S07_0train_T172,1
9496,S07_0train_T172,2
9497,S07_0train_T172,3
9498,S07_0train_T172,4
9499,S07_0train_T172,5
9500,S07_0train_T173,1
9501,S07_0train_T173,2
9502,S07_0train_T173,3
9503,S07_0train_T173,4
9504,S07_0train_T173,5
9510,S07_0train_T175,1
9511,S07_0train_T175,2
9512,S07_0train_T175,3
9513,S07_0train_T175,4
9514,S07_0train_T175,5
9515,S07_0train_T176,1
9516,S07_0train_T176,2
9517,S07_0train_T176,3
9518,S07_0train_T176,4
9519,S07_0train_T176,5
9550,S07_0train_T183,1
9551,S07_0train_T183,2
9552,S07_0train_T183,3
9553,S07_0train_T183,4
9554,S07_0train_T183,5
9555,S07_0train_T184,1
9556,S07_0train_T184,2
9557,S07_0train_T184,3
9558,S07_0train_T184,4
9559,S07_0train_T184,5
9575,S07_0train_T188,1
9576,S07_0train_T188,2
9577,S07_0train_T188,3
9578,S07_0train_T188,4
9579,S07_0train_T188,5
9590,S07_0train_T191,1
9591,S07_0train_T191,2
9592,S07_0train_T191,3
9593,S07_0train_T191,4
9594,S07_0train_T191,5
9595,S07_0train_T192,1
9596,S07_0train_T192,2
9597,S07_0train_T192,3
9598,S07_0train_T192,4
9599,S07_0train_T192,5
9620,S07_0train_T197,1
9621,S07_0train_T197,2
9622,S07_0train_T197,3
9623,S07_0train_T197,4
9624,S07_0train_T197,5
9635,S07_0train_T200,1
9636,S07_0train_T200,2
9637,S07_0train_T200,3
9638,S07_0train_T200,4
9639,S07_0train_T200,5
9645,S07_0train_T202,1
9646,S07_0train_T202,2
9647,S07_0train_T202,3
9648,S07_0train_T202,4
9649,S07_0train_T202,5
9670,S07_0train_T207,1
9671,S07_0train_T207,2
9672,S07_0train_T207,3
9673,S07_0train_T207,4
9674,S07_0train_T207,5
9690,S07_0train_T211,1
9691,S07_0train_T211,2
9692,S07_0train_T211,3
9693,S07_0train_T211,4
9694,S07_0train_T211,5
9705,S07_0train_T214,1
9706,S07_0train_T214,2
9707,S07_0train_T214,3
9708,S07_0train_T214,4
9709,S07_0train_T214,5
9715,S07_0train_T216,1
9716,S07_0train_T216,2
9717,S07_0train_T216,3
9718,S07_0train_T216,4
9719,S07_0train_T216,5
9720,S07_0train_T217,1
9721,S07_0train_T217,2
9722,S07_0train_T217,3
9723,S07_0train_T217,4
9724,S07_0train_T217,5
9725,S07_0train_T218,1
9726,S07_0train_T218,2
9727,S07_0train_T218,3
9728,S07_0train_T218,4
9729,S07_0train_T218,5
9740,S07_0train_T221,1
9741,S07_0train_T221,2
9742,S07_0train_T221,3
9743,S07_0train_T221,4
9744,S07_0train_T221,5
9755,S07_0train_T224,1
9756,S07_0train_T224,2
9757,S07_0train_T224,3
9758,S07_0train_T224,4
9759,S07_0train_T224,5
9760,S07_0train_T225,1
9761,S07_0train_T225,2
9762,S07_0train_T225,3
9763,S07_0train_T225,4
9764,S07_0train_T225,5
9765,S07_0train_T226,1
9766,S07_0train_T226,2
9767,S07_0train_T226,3
9768,S07_0train_T226,4
9769,S07_0train_T226,5
9775,S07_0train_T228,1
9776,S07_0train_T228,2
9777,S07_0train_T228,3
9778,S07_0train_T228,4
9779,S07_0train_T228,5
9785,S07_0train_T230,1
9786,S07_0train_T230,2
9787,S07_0train_T230,3
9788,S07_0train_T230,4
9789,S07_0train_T230,5
9810,S07_0train_T235,1
9811,S07_0train_T235,2
9812,S07_0train_T235,3
9813,S07_0train_T235,4
9814,S07_0train_T235,5
9815,S07_0train_T236,1
9816,S07_0train_T236,2
9817,S07_0train_T236,3
9818,S07_0train_T236,4
9819,S07_0train_T236,5
9825,S07_0train_T238,1
9826,S07_0train_T238,2
9827,S07_0train_T238,3
9828,S07_0train_T238,4
9829,S07_0train_T238,5
9865,S07_0train_T246,1
9866,S07_0train_T246,2
9867,S07_0train_T246,3
9868,S07_0train_T246,4
9869,S07_0train_T246,5
9895,S07_0train_T252,1
9896,S07_0train_T252,2
9897,S07_0train_T252,3
9898,S07_0train_T252,4
9899,S07_0train_T252,5
9925,S07_0train_T258,1
9926,S07_0train_T258,2
9927,S07_0train_T258,3
9928,S07_0train_T258,4
9929,S07_0train_T258,5
9930,S07_0train_T259,1
9931,S07_0train_T259,2
9932,S07_0train_T259,3
9933,S07_0train_T259,4
9934,S07_0train_T259,5
9935,S07_0train_T260,1
9936,S07_0train_T260,2
9937,S07_0train_T260,3
9938,S07_0train_T260,4
9939,S07_0train_T260,5
9940,S07_0train_T261,1
9941,S07_0train_T261,2
9942,S07_0train_T261,3
9943,S07_0train_T261,4
9944,S07_0train_T261,5
9945,S07_0train_T262,1
9946,S07_0train_T262,2
9947,S07_0train_T262,3
9948,S07_0train_T262,4
9949,S07_0train_T262,5
9970,S07_0train_T267,1
9971,S07_0train_T267,2
9972,S07_0train_T267,3
9973,S07_0train_T267,4
9974,S07_0train_T267,5
9975,S07_0train_T268,1
9976,S07_0train_T268,2
9977,S07_0train_T268,3
9978,S07_0train_T268,4
9979,S07_0train_T268,5
9980,S07_0train_T269,1
9981,S07_0train_T269,2
9982,S07_0train_T269,3
9983,S07_0train_T269,4
9984,S07_0train_T269,5
9985,S07_0train_T270,1
9986,S07_0train_T270,2
9987,S07_0train_T270,3
9988,S07_0train_T270,4
9989,S07_0train_T270,5
10000,S07_0train_T273,1
10001,S07_0train_T273,2
10002,S07_0train_T273,3
10003,S07_0train_T273,4
10004,S07_0train_T273,5
10005,S07_0train_T274,1
10006,S07_0train_T274,2
10007,S07_0train_T274,3
10008,S07_0train_T274,4
10009,S07_0train_T274,5
10035,S07_0train_T280,1
10036,S07_0train_T280,2
10037,S07_0train_T280,3
10038,S07_0train_T280,4
10039,S07_0train_T280,5
10040,S07_0train_T281,1
10041,S07_0train_T281,2
10042,S07_0train_T281,3
10043,S07_0train_T281,4
10044,S07_0train_T281,5
10050,S07_0train_T283,1
10051,S07_0train_T283,2
10052,S07_0train_T283,3
10053,S07_0train_T283,4
10054,S07_0train_T283,5
10065,S07_0train_T286,1
10066,S07_0train_T286,2
10067,S07_0train_T286,3
10068,S07_0train_T286,4
10069,S07_0train_T286,5
10080,S08_0train_T001,1
10081,S08_0train_T001,2
10082,S08_0train_T001,3
10083,S08_0train_T001,4
10084,S08_0train_T001,5
10090,S08_0train_T003,1
10091,S08_0train_T003,2
10092,S08_0train_T003,3
10093,S08_0train_T003,4
10094,S08_0train_T003,5
10095,S08_0train_T004,1
10096,S08_0train_T004,2
10097,S08_0train_T004,3
10098,S08_0train_T004,4
10099,S08_0train_T004,5
10100,S08_0train_T005,1
10101,S08_0train_T005,2
10102,S08_0train_T005,3
10103,S08_0train_T005,4
10104,S08_0train_T005,5
10125,S08_0train_T010,1
10126,S08_0train_T010,2
10127,S08_0train_T010,3
10128,S08_0train_T010,4
10129,S08_0train_T010,5
10140,S08_0train_T013,1
10141,S08_0train_T013,2
10142,S08_0train_T013,3
10143,S08_0train_T013,4
10144,S08_0train_T013,5
10145,S08_0train_T014,1
10146,S08_0train_T014,2
10147,S08_0train_T014,3
10148,S08_0train_T014,4
10149,S08_0train_T014,5
10155,S08_0train_T016,1
10156,S08_0train_T016,2
10157,S08_0train_T016,3
10158,S08_0train_T016,4
10159,S08_0train_T016,5
10165,S08_0train_T018,1
10166,S08_0train_T018,2
10167,S08_0train_T018,3
10168,S08_0train_T018,4
10169,S08_0train_T018,5
10170,S08_0train_T019,1
10171,S08_0train_T019,2
10172,S08_0train_T019,3
10173,S08_0train_T019,4
10174,S08_0train_T019,5
10175,S08_0train_T020,1
10176,S08_0train_T020,2
10177,S08_0train_T020,3
10178,S08_0train_T020,4
10179,S08_0train_T020,5
10195,S08_0train_T024,1
10196,S08_0train_T024,2
10197,S08_0train_T024,3
10198,S08_0train_T024,4
10199,S08_0train_T024,5
10200,S08_0train_T025,1
10201,S08_0train_T025,2
10202,S08_0train_T025,3
10203,S08_0train_T025,4
10204,S08_0train_T025,5
10230,S08_0train_T031,1
10231,S08_0train_T031,2
10232,S08_0train_T031,3
10233,S08_0train_T031,4
10234,S08_0train_T031,5
10240,S08_0train_T033,1
10241,S08_0train_T033,2
10242,S08_0train_T033,3
10243,S08_0train_T033,4
10244,S08_0train_T033,5
10245,S08_0train_T034,1
10246,S08_0train_T034,2
10247,S08_0train_T034,3
10248,S08_0train_T034,4
10249,S08_0train_T034,5
10260,S08_0train_T037,1
10261,S08_0train_T037,2
10262,S08_0train_T037,3
10263,S08_0train_T037,4
10264,S08_0train_T037,5
10275,S08_0train_T040,1
10276,S08_0train_T040,2
10277,S08_0train_T040,3
10278,S08_0train_T040,4
10279,S08_0train_T040,5
10285,S08_0train_T042,1
10286,S08_0train_T042,2
10287,S08_0train_T042,3
10288,S08_0train_T042,4
10289,S08_0train_T042,5
10290,S08_0train_T043,1
10291,S08_0train_T043,2
10292,S08_0train_T043,3
10293,S08_0train_T043,4
10294,S08_0train_T043,5
10295,S08_0train_T044,1
10296,S08_0train_T044,2
10297,S08_0train_T044,3
10298,S08_0train_T044,4
10299,S08_0train_T044,5
10300,S08_0train_T045,1
10301,S08_0train_T045,2
10302,S08_0train_T045,3
10303,S08_0train_T045,4
10304,S08_0train_T045,5
10305,S08_0train_T046,1
10306,S08_0train_T046,2
10307,S08_0train_T046,3
10308,S08_0train_T046,4
10309,S08_0train_T046,5
10310,S08_0train_T047,1
10311,S08_0train_T047,2
10312,S08_0train_T047,3
10313,S08_0train_T047,4
10314,S08_0train_T047,5
10330,S08_0train_T051,1
10331,S08_0train_T051,2
10332,S08_0train_T051,3
10333,S08_0train_T051,4
10334,S08_0train_T051,5
10335,S08_0train_T052,1
10336,S08_0train_T052,2
10337,S08_0train_T052,3
10338,S08_0train_T052,4
10339,S08_0train_T052,5
10350,S08_0train_T055,1
10351,S08_0train_T055,2
10352,S08_0train_T055,3
10353,S08_0train_T055,4
10354,S08_0train_T055,5
10360,S08_0train_T057,1
10361,S08_0train_T057,2
10362,S08_0train_T057,3
10363,S08_0train_T057,4
10364,S08_0train_T057,5
10365,S08_0train_T058,1
10366,S08_0train_T058,2
10367,S08_0train_T058,3
10368,S08_0train_T058,4
10369,S08_0train_T058,5
10380,S08_0train_T061,1
10381,S08_0train_T061,2
10382,S08_0train_T061,3
10383,S08_0train_T061,4
10384,S08_0train_T061,5
10395,S08_0train_T064,1
10396,S08_0train_T064,2
10397,S08_0train_T064,3
10398,S08_0train_T064,4
10399,S08_0train_T064,5
10415,S08_0train_T068,1
10416,S08_0train_T068,2
10417,S08_0train_T068,3
10418,S08_0train_T068,4
10419,S08_0train_T068,5
10420,S08_0train_T069,1
10421,S08_0train_T069,2
10422,S08_0train_T069,3
10423,S08_0train_T069,4
10424,S08_0train_T069,5
10435,S08_0train_T072,1
10436,S08_0train_T072,2
10437,S08_0train_T072,3
10438,S08_0train_T072,4
10439,S08_0train_T072,5
10440,S08_0train_T073,1
10441,S08_0train_T073,2
10442,S08_0train_T073,3
10443,S08_0train_T073,4
10444,S08_0train_T073,5
10450,S08_0train_T075,1
10451,S08_0train_T075,2
10452,S08_0train_T075,3
10453,S08_0train_T075,4
10454,S08_0train_T075,5
10460,S08_0train_T077,1
10461,S08_0train_T077,2
10462,S08_0train_T077,3
10463,S08_0train_T077,4
10464,S08_0train_T077,5
10485,S08_0train_T082,1
10486,S08_0train_T082,2
10487,S08_0train_T082,3
10488,S08_0train_T082,4
10489,S08_0train_T082,5
10505,S08_0train_T086,1
10506,S08_0train_T086,2
10507,S08_0train_T086,3
10508,S08_0train_T086,4
10509,S08_0train_T086,5
10515,S08_0train_T088,1
10516,S08_0train_T088,2
10517,S08_0train_T088,3
10518,S08_0train_T088,4
10519,S08_0train_T088,5
10560,S08_0train_T097,1
10561,S08_0train_T097,2
10562,S08_0train_T097,3
10563,S08_0train_T097,4
10564,S08_0train_T097,5
10590,S08_0train_T103,1
10591,S08_0train_T103,2
10592,S08_0train_T103,3
10593,S08_0train_T103,4
10594,S08_0train_T103,5
10605,S08_0train_T106,1
10606,S08_0train_T106,2
10607,S08_0train_T106,3
10608,S08_0train_T106,4
10609,S08_0train_T106,5
10625,S08_0train_T110,1
10626,S08_0train_T110,2
10627,S08_0train_T110,3
10628,S08_0train_T110,4
10629,S08_0train_T110,5
10635,S08_0train_T112,1
10636,S08_0train_T112,2
10637,S08_0train_T112,3
10638,S08_0train_T112,4
10639,S08_0train_T112,5
10645,S08_0train_T114,1
10646,S08_0train_T114,2
10647,S08_0train_T114,3
10648,S08_0train_T114,4
10649,S08_0train_T114,5
10655,S08_0train_T116,1
10656,S08_0train_T116,2
10657,S08_0train_T116,3
10658,S08_0train_T116,4
10659,S08_0train_T116,5
10665,S08_0train_T118,1
10666,S08_0train_T118,2
10667,S08_0train_T118,3
10668,S08_0train_T118,4
10669,S08_0train_T118,5
10680,S08_0train_T121,1
10681,S08_0train_T121,2
10682,S08_0train_T121,3
10683,S08_0train_T121,4
10684,S08_0train_T121,5
10695,S08_0train_T124,1
10696,S08_0train_T124,2
10697,S08_0train_T124,3
10698,S08_0train_T124,4
10699,S08_0train_T124,5
10735,S08_0train_T132,1
10736,S08_0train_T132,2
10737,S08_0train_T132,3
10738,S08_0train_T132,4
10739,S08_0train_T132,5
10740,S08_0train_T133,1
10741,S08_0train_T133,2
10742,S08_0train_T133,3
10743,S08_0train_T133,4
10744,S08_0train_T133,5
10765,S08_0train_T138,1
10766,S08_0train_T138,2
10767,S08_0train_T138,3
10768,S08_0train_T138,4
10769,S08_0train_T138,5
10790,S08_0train_T143,1
10791,S08_0train_T143,2
10792,S08_0train_T143,3
10793,S08_0train_T143,4
10794,S08_0train_T143,5
10830,S08_0train_T151,1
10831,S08_0train_T151,2
10832,S08_0train_T151,3
10833,S08_0train_T151,4
10834,S08_0train_T151,5
10850,S08_0train_T155,1
10851,S08_0train_T155,2
10852,S08_0train_T155,3
10853,S08_0train_T155,4
10854,S08_0train_T155,5
10855,S08_0train_T156,1
10856,S08_0train_T156,2
10857,S08_0train_T156,3
10858,S08_0train_T156,4
10859,S08_0train_T156,5
10865,S08_0train_T158,1
10866,S08_0train_T158,2
10867,S08_0train_T158,3
10868,S08_0train_T158,4
10869,S08_0train_T158,5
10875,S08_0train_T160,1
10876,S08_0train_T160,2
10877,S08_0train_T160,3
10878,S08_0train_T160,4
10879,S08_0train_T160,5
10880,S08_0train_T161,1
10881,S08_0train_T161,2
10882,S08_0train_T161,3
10883,S08_0train_T161,4
10884,S08_0train_T161,5
10885,S08_0train_T162,1
10886,S08_0train_T162,2
10887,S08_0train_T162,3
10888,S08_0train_T162,4
10889,S08_0train_T162,5
10890,S08_0train_T163,1
10891,S08_0train_T163,2
10892,S08_0train_T163,3
10893,S08_0train_T163,4
10894,S08_0train_T163,5
10905,S08_0train_T166,1
10906,S08_0train_T166,2
10907,S08_0train_T166,3
10908,S08_0train_T166,4
10909,S08_0train_T166,5
10910,S08_0train_T167,1
10911,S08_0train_T167,2
10912,S08_0train_T167,3
10913,S08_0train_T167,4
10914,S08_0train_T167,5
10925,S08_0train_T170,1
10926,S08_0train_T170,2
10927,S08_0train_T170,3
10928,S08_0train_T170,4
10929,S08_0train_T170,5
10935,S08_0train_T172,1
10936,S08_0train_T172,2
10937,S08_0train_T172,3
10938,S08_0train_T172,4
10939,S08_0train_T172,5
10955,S08_0train_T176,1
10956,S08_0train_T176,2
10957,S08_0train_T176,3
10958,S08_0train_T176,4
10959,S08_0train_T176,5
10965,S08_0train_T178,1
10966,S08_0train_T178,2
10967,S08_0train_T178,3
10968,S08_0train_T178,4
10969,S08_0train_T178,5
10975,S08_0train_T180,1
10976,S08_0train_T180,2
10977,S08_0train_T180,3
10978,S08_0train_T180,4
10979,S08_0train_T180,5
10980,S08_0train_T181,1
10981,S08_0train_T181,2
10982,S08_0train_T181,3
10983,S08_0train_T181,4
10984,S08_0train_T181,5
11005,S08_0train_T186,1
11006,S08_0train_T186,2
11007,S08_0train_T186,3
11008,S08_0train_T186,4
11009,S08_0train_T186,5
11020,S08_0train_T189,1
11021,S08_0train_T189,2
11022,S08_0train_T189,3
11023,S08_0train_T189,4
11024,S08_0train_T189,5
11045,S08_0train_T194,1
11046,S08_0train_T194,2
11047,S08_0train_T194,3
11048,S08_0train_T194,4
11049,S08_0train_T194,5
11080,S08_0train_T201,1
11081,S08_0train_T201,2
11082,S08_0train_T201,3
11083,S08_0train_T201,4
11084,S08_0train_T201,5
11095,S08_0train_T204,1
11096,S08_0train_T204,2
11097,S08_0train_T204,3
11098,S08_0train_T204,4
11099,S08_0train_T204,5
11105,S08_0train_T206,1
11106,S08_0train_T206,2
11107,S08_0train_T206,3
11108,S08_0train_T206,4
11109,S08_0train_T206,5
11110,S08_0train_T207,1
11111,S08_0train_T207,2
11112,S08_0train_T207,3
11113,S08_0train_T207,4
11114,S08_0train_T207,5
11135,S08_0train_T212,1
11136,S08_0train_T212,2
11137,S08_0train_T212,3
11138,S08_0train_T212,4
11139,S08_0train_T212,5
11140,S08_0train_T213,1
11141,S08_0train_T213,2
11142,S08_0train_T213,3
11143,S08_0train_T213,4
11144,S08_0train_T213,5
11145,S08_0train_T214,1
11146,S08_0train_T214,2
11147,S08_0train_T214,3
11148,S08_0train_T214,4
11149,S08_0train_T214,5
11150,S08_0train_T215,1
11151,S08_0train_T215,2
11152,S08_0train_T215,3
11153,S08_0train_T215,4
11154,S08_0train_T215,5
11170,S08_0train_T219,1
11171,S08_0train_T219,2
11172,S08_0train_T219,3
11173,S08_0train_T219,4
11174,S08_0train_T219,5
11180,S08_0train_T221,1
11181,S08_0train_T221,2
11182,S08_0train_T221,3
11183,S08_0train_T221,4
11184,S08_0train_T221,5
11195,S08_0train_T224,1
11196,S08_0train_T224,2
11197,S08_0train_T224,3
11198,S08_0train_T224,4
11199,S08_0train_T224,5
11200,S08_0train_T225,1
11201,S08_0train_T225,2
11202,S08_0train_T225,3
11203,S08_0train_T225,4
11204,S08_0train_T225,5
11210,S08_0train_T227,1
11211,S08_0train_T227,2
11212,S08_0train_T227,3
11213,S08_0train_T227,4
11214,S08_0train_T227,5
11220,S08_0train_T229,1
11221,S08_0train_T229,2
11222,S08_0train_T229,3
11223,S08_0train_T229,4
11224,S08_0train_T229,5
11235,S08_0train_T232,1
11236,S08_0train_T232,2
11237,S08_0train_T232,3
11238,S08_0train_T232,4
11239,S08_0train_T232,5
11245,S08_0train_T234,1
11246,S08_0train_T234,2
11247,S08_0train_T234,3
11248,S08_0train_T234,4
11249,S08_0train_T234,5
11265,S08_0train_T238,1
11266,S08_0train_T238,2
11267,S08_0train_T238,3
11268,S08_0train_T238,4
11269,S08_0train_T238,5
11280,S08_0train_T241,1
11281,S08_0train_T241,2
11282,S08_0train_T241,3
11283,S08_0train_T241,4
11284,S08_0train_T241,5
11285,S08_0train_T242,1
11286,S08_0train_T242,2
11287,S08_0train_T242,3
11288,S08_0train_T242,4
11289,S08_0train_T242,5
11295,S08_0train_T244,1
11296,S08_0train_T244,2
11297,S08_0train_T244,3
11298,S08_0train_T244,4
11299,S08_0train_T244,5
11300,S08_0train_T245,1
11301,S08_0train_T245,2
11302,S08_0train_T245,3
11303,S08_0train_T245,4
11304,S08_0train_T245,5
11310,S08_0train_T247,1
11311,S08_0train_T247,2
11312,S08_0train_T247,3
11313,S08_0train_T247,4
11314,S08_0train_T247,5
11325,S08_0train_T250,1
11326,S08_0train_T250,2
11327,S08_0train_T250,3
11328,S08_0train_T250,4
11329,S08_0train_T250,5
11365,S08_0train_T258,1
11366,S08_0train_T258,2
11367,S08_0train_T258,3
11368,S08_0train_T258,4
11369,S08_0train_T258,5
11375,S08_0train_T260,1
11376,S08_0train_T260,2
11377,S08_0train_T260,3
11378,S08_0train_T260,4
11379,S08_0train_T260,5
11395,S08_0train_T264,1
11396,S08_0train_T264,2
11397,S08_0train_T264,3
11398,S08_0train_T264,4
11399,S08_0train_T264,5
11415,S08_0train_T268,1
11416,S08_0train_T268,2
11417,S08_0train_T268,3
11418,S08_0train_T268,4
11419,S08_0train_T268,5
11430,S08_0train_T271,1
11431,S08_0train_T271,2
11432,S08_0train_T271,3
11433,S08_0train_T271,4
11434,S08_0train_T271,5
11450,S08_0train_T275,1
11451,S08_0train_T275,2
11452,S08_0train_T275,3
11453,S08_0train_T275,4
11454,S08_0train_T275,5
11465,S08_0train_T278,1
11466,S08_0train_T278,2
11467,S08_0train_T278,3
11468,S08_0train_T278,4
11469,S08_0train_T278,5
11475,S08_0train_T280,1
11476,S08_0train_T280,2
11477,S08_0train_T280,3
11478,S08_0train_T280,4
11479,S08_0train_T280,5
11490,S08_0train_T283,1
11491,S08_0train_T283,2
11492,S08_0train_T283,3
11493,S08_0train_T283,4
11494,S08_0train_T283,5
11495,S08_0train_T284,1
11496,S08_0train_T284,2
11497,S08_0train_T284,3
11498,S08_0train_T284,4
11499,S08_0train_T284,5
11500,S08_0train_T285,1
11501,S08_0train_T285,2
11502,S08_0train_T285,3
11503,S08_0train_T285,4
11504,S08_0train_T285,5
11505,S08_0train_T286,1
11506,S08_0train_T286,2
11507,S08_0train_T286,3
11508,S08_0train_T286,4
11509,S08_0train_T286,5
11520,S09_0train_T001,1
11521,S09_0train_T001,2
11522,S09_0train_T001,3
11523,S09_0train_T001,4
11524,S09_0train_T001,5
11525,S09_0train_T002,1
11526,S09_0train_T002,2
11527,S09_0train_T002,3
11528,S09_0train_T002,4
11529,S09_0train_T002,5
11535,S09_0train_T004,1
11536,S09_0train_T004,2
11537,S09_0train_T004,3
11538,S09_0train_T004,4
11539,S09_0train_T004,5
11540,S09_0train_T005,1
11541,S09_0train_T005,2
11542,S09_0train_T005,3
11543,S09_0train_T005,4
11544,S09_0train_T005,5
11550,S09_0train_T007,1
11551,S09_0train_T007,2
11552,S09_0train_T007,3
11553,S09_0train_T007,4
11554,S09_0train_T007,5
11555,S09_0train_T008,1
11556,S09_0train_T008,2
11557,S09_0train_T008,3
11558,S09_0train_T008,4
11559,S09_0train_T008,5
11560,S09_0train_T009,1
11561,S09_0train_T009,2
11562,S09_0train_T009,3
11563,S09_0train_T009,4
11564,S09_0train_T009,5
11575,S09_0train_T012,1
11576,S09_0train_T012,2
11577,S09_0train_T012,3
11578,S09_0train_T012,4
11579,S09_0train_T012,5
11580,S09_0train_T013,1
11581,S09_0train_T013,2
11582,S09_0train_T013,3
11583,S09_0train_T013,4
11584,S09_0train_T013,5
11585,S09_0train_T014,1
11586,S09_0train_T014,2
11587,S09_0train_T014,3
11588,S09_0train_T014,4
11589,S09_0train_T014,5
11595,S09_0train_T016,1
11596,S09_0train_T016,2
11597,S09_0train_T016,3
11598,S09_0train_T016,4
11599,S09_0train_T016,5
11600,S09_0train_T017,1
11601,S09_0train_T017,2
11602,S09_0train_T017,3
11603,S09_0train_T017,4
11604,S09_0train_T017,5
11630,S09_0train_T023,1
11631,S09_0train_T023,2
11632,S09_0train_T023,3
11633,S09_0train_T023,4
11634,S09_0train_T023,5
11635,S09_0train_T024,1
11636,S09_0train_T024,2
11637,S09_0train_T024,3
11638,S09_0train_T024,4
11639,S09_0train_T024,5
11645,S09_0train_T026,1
11646,S09_0train_T026,2
11647,S09_0train_T026,3
11648,S09_0train_T026,4
11649,S09_0train_T026,5
11650,S09_0train_T027,1
11651,S09_0train_T027,2
11652,S09_0train_T027,3
11653,S09_0train_T027,4
11654,S09_0train_T027,5
11680,S09_0train_T033,1
11681,S09_0train_T033,2
11682,S09_0train_T033,3
11683,S09_0train_T033,4
11684,S09_0train_T033,5
11685,S09_0train_T034,1
11686,S09_0train_T034,2
11687,S09_0train_T034,3
11688,S09_0train_T034,4
11689,S09_0train_T034,5
11700,S09_0train_T037,1
11701,S09_0train_T037,2
11702,S09_0train_T037,3
11703,S09_0train_T037,4
11704,S09_0train_T037,5
11705,S09_0train_T038,1
11706,S09_0train_T038,2
11707,S09_0train_T038,3
11708,S09_0train_T038,4
11709,S09_0train_T038,5
11710,S09_0train_T039,1
11711,S09_0train_T039,2
11712,S09_0train_T039,3
11713,S09_0train_T039,4
11714,S09_0train_T039,5
11740,S09_0train_T045,1
11741,S09_0train_T045,2
11742,S09_0train_T045,3
11743,S09_0train_T045,4
11744,S09_0train_T045,5
11750,S09_0train_T047,1
11751,S09_0train_T047,2
11752,S09_0train_T047,3
11753,S09_0train_T047,4
11754,S09_0train_T047,5
11755,S09_0train_T048,1
11756,S09_0train_T048,2
11757,S09_0train_T048,3
11758,S09_0train_T048,4
11759,S09_0train_T048,5
11760,S09_0train_T049,1
11761,S09_0train_T049,2
11762,S09_0train_T049,3
11763,S09_0train_T049,4
11764,S09_0train_T049,5
11770,S09_0train_T051,1
11771,S09_0train_T051,2
11772,S09_0train_T051,3
11773,S09_0train_T051,4
11774,S09_0train_T051,5
11785,S09_0train_T054,1
11786,S09_0train_T054,2
11787,S09_0train_T054,3
11788,S09_0train_T054,4
11789,S09_0train_T054,5
11810,S09_0train_T059,1
11811,S09_0train_T059,2
11812,S09_0train_T059,3
11813,S09_0train_T059,4
11814,S09_0train_T059,5
11815,S09_0train_T060,1
11816,S09_0train_T060,2
11817,S09_0train_T060,3
11818,S09_0train_T060,4
11819,S09_0train_T060,5
11820,S09_0train_T061,1
11821,S09_0train_T061,2
11822,S09_0train_T061,3
11823,S09_0train_T061,4
11824,S09_0train_T061,5
11825,S09_0train_T062,1
11826,S09_0train_T062,2
11827,S09_0train_T062,3
11828,S09_0train_T062,4
11829,S09_0train_T062,5
11840,S09_0train_T065,1
11841,S09_0train_T065,2
11842,S09_0train_T065,3
11843,S09_0train_T065,4
11844,S09_0train_T065,5
11855,S09_0train_T068,1
11856,S09_0train_T068,2
11857,S09_0train_T068,3
11858,S09_0train_T068,4
11859,S09_0train_T068,5
11860,S09_0train_T069,1
11861,S09_0train_T069,2
11862,S09_0train_T069,3
11863,S09_0train_T069,4
11864,S09_0train_T069,5
11875,S09_0train_T072,1
11876,S09_0train_T072,2
11877,S09_0train_T072,3
11878,S09_0train_T072,4
11879,S09_0train_T072,5
11880,S09_0train_T073,1
11881,S09_0train_T073,2
11882,S09_0train_T073,3
11883,S09_0train_T073,4
11884,S09_0train_T073,5
11895,S09_0train_T076,1
11896,S09_0train_T076,2
11897,S09_0train_T076,3
11898,S09_0train_T076,4
11899,S09_0train_T076,5
11905,S09_0train_T078,1
11906,S09_0train_T078,2
11907,S09_0train_T078,3
11908,S09_0train_T078,4
11909,S09_0train_T078,5
11920,S09_0train_T081,1
11921,S09_0train_T081,2
11922,S09_0train_T081,3
11923,S09_0train_T081,4
11924,S09_0train_T081,5
11925,S09_0train_T082,1
11926,S09_0train_T082,2
11927,S09_0train_T082,3
11928,S09_0train_T082,4
11929,S09_0train_T082,5
11935,S09_0train_T084,1
11936,S09_0train_T084,2
11937,S09_0train_T084,3
11938,S09_0train_T084,4
11939,S09_0train_T084,5
11950,S09_0train_T087,1
11951,S09_0train_T087,2
11952,S09_0train_T087,3
11953,S09_0train_T087,4
11954,S09_0train_T087,5
11955,S09_0train_T088,1
11956,S09_0train_T088,2
11957,S09_0train_T088,3
11958,S09_0train_T088,4
11959,S09_0train_T088,5
11975,S09_0train_T092,1
11976,S09_0train_T092,2
11977,S09_0train_T092,3
11978,S09_0train_T092,4
11979,S09_0train_T092,5
12010,S09_0train_T099,1
12011,S09_0train_T099,2
12012,S09_0train_T099,3
12013,S09_0train_T099,4
12014,S09_0train_T099,5
12015,S09_0train_T100,1
12016,S09_0train_T100,2
12017,S09_0train_T100,3
12018,S09_0train_T100,4
12019,S09_0train_T100,5
12040,S09_0train_T105,1
12041,S09_0train_T105,2
12042,S09_0train_T105,3
12043,S09_0train_T105,4
12044,S09_0train_T105,5
12055,S09_0train_T108,1
12056,S09_0train_T108,2
12057,S09_0train_T108,3
12058,S09_0train_T108,4
12059,S09_0train_T108,5
12060,S09_0train_T109,1
12061,S09_0train_T109,2
12062,S09_0train_T109,3
12063,S09_0train_T109,4
12064,S09_0train_T109,5
12065,S09_0train_T110,1
12066,S09_0train_T110,2
12067,S09_0train_T110,3
12068,S09_0train_T110,4
12069,S09_0train_T110,5
12070,S09_0train_T111,1
12071,S09_0train_T111,2
12072,S09_0train_T111,3
12073,S09_0train_T111,4
12074,S09_0train_T111,5
12075,S09_0train_T112,1
12076,S09_0train_T112,2
12077,S09_0train_T112,3
12078,S09_0train_T112,4
12079,S09_0train_T112,5
12080,S09_0train_T113,1
12081,S09_0train_T113,2
12082,S09_0train_T113,3
12083,S09_0train_T113,4
12084,S09_0train_T113,5
12095,S09_0train_T116,1
12096,S09_0train_T116,2
12097,S09_0train_T116,3
12098,S09_0train_T116,4
12099,S09_0train_T116,5
12105,S09_0train_T118,1
12106,S09_0train_T118,2
12107,S09_0train_T118,3
12108,S09_0train_T118,4
12109,S09_0train_T118,5
12115,S09_0train_T120,1
12116,S09_0train_T120,2
12117,S09_0train_T120,3
12118,S09_0train_T120,4
12119,S09_0train_T120,5
12150,S09_0train_T127,1
12151,S09_0train_T127,2
12152,S09_0train_T127,3
12153,S09_0train_T127,4
12154,S09_0train_T127,5
12155,S09_0train_T128,1
12156,S09_0train_T128,2
12157,S09_0train_T128,3
12158,S09_0train_T128,4
12159,S09_0train_T128,5
12165,S09_0train_T130,1
12166,S09_0train_T130,2
12167,S09_0train_T130,3
12168,S09_0train_T130,4
12169,S09_0train_T130,5
12170,S09_0train_T131,1
12171,S09_0train_T131,2
12172,S09_0train_T131,3
12173,S09_0train_T131,4
12174,S09_0train_T131,5
12195,S09_0train_T136,1
12196,S09_0train_T136,2
12197,S09_0train_T136,3
12198,S09_0train_T136,4
12199,S09_0train_T136,5
12230,S09_0train_T143,1
12231,S09_0train_T143,2
12232,S09_0train_T143,3
12233,S09_0train_T143,4
12234,S09_0train_T143,5
12235,S09_0train_T144,1
12236,S09_0train_T144,2
12237,S09_0train_T144,3
12238,S09_0train_T144,4
12239,S09_0train_T144,5
12240,S09_0train_T145,1
12241,S09_0train_T145,2
12242,S09_0train_T145,3
12243,S09_0train_T145,4
12244,S09_0train_T145,5
12245,S09_0train_T146,1
12246,S09_0train_T146,2
12247,S09_0train_T146,3
12248,S09_0train_T146,4
12249,S09_0train_T146,5
12250,S09_0train_T147,1
12251,S09_0train_T147,2
12252,S09_0train_T147,3
12253,S09_0train_T147,4
12254,S09_0train_T147,5
12275,S09_0train_T152,1
12276,S09_0train_T152,2
12277,S09_0train_T152,3
12278,S09_0train_T152,4
12279,S09_0train_T152,5
12280,S09_0train_T153,1
12281,S09_0train_T153,2
12282,S09_0train_T153,3
12283,S09_0train_T153,4
12284,S09_0train_T153,5
12305,S09_0train_T158,1
12306,S09_0train_T158,2
12307,S09_0train_T158,3
12308,S09_0train_T158,4
12309,S09_0train_T158,5
12335,S09_0train_T164,1
12336,S09_0train_T164,2
12337,S09_0train_T164,3
12338,S09_0train_T164,4
12339,S09_0train_T164,5
12360,S09_0train_T169,1
12361,S09_0train_T169,2
12362,S09_0train_T169,3
12363,S09_0train_T169,4
12364,S09_0train_T169,5
12405,S09_0train_T178,1
12406,S09_0train_T178,2
12407,S09_0train_T178,3
12408,S09_0train_T178,4
12409,S09_0train_T178,5
12410,S09_0train_T179,1
12411,S09_0train_T179,2
12412,S09_0train_T179,3
12413,S09_0train_T179,4
12414,S09_0train_T179,5
12440,S09_0train_T185,1
12441,S09_0train_T185,2
12442,S09_0train_T185,3
12443,S09_0train_T185,4
12444,S09_0train_T185,5
12450,S09_0train_T187,1
12451,S09_0train_T187,2
12452,S09_0train_T187,3
12453,S09_0train_T187,4
12454,S09_0train_T187,5
12465,S09_0train_T190,1
12466,S09_0train_T190,2
12467,S09_0train_T190,3
12468,S09_0train_T190,4
12469,S09_0train_T190,5
12470,S09_0train_T191,1
12471,S09_0train_T191,2
12472,S09_0train_T191,3
12473,S09_0train_T191,4
12474,S09_0train_T191,5
12480,S09_0train_T193,1
12481,S09_0train_T193,2
12482,S09_0train_T193,3
12483,S09_0train_T193,4
12484,S09_0train_T193,5
12500,S09_0train_T197,1
12501,S09_0train_T197,2
12502,S09_0train_T197,3
12503,S09_0train_T197,4
12504,S09_0train_T197,5
12515,S09_0train_T200,1
12516,S09_0train_T200,2
12517,S09_0train_T200,3
12518,S09_0train_T200,4
12519,S09_0train_T200,5
12525,S09_0train_T202,1
12526,S09_0train_T202,2
12527,S09_0train_T202,3
12528,S09_0train_T202,4
12529,S09_0train_T202,5
12555,S09_0train_T208,1
12556,S09_0train_T208,2
12557,S09_0train_T208,3
12558,S09_0train_T208,4
12559,S09_0train_T208,5
12565,S09_0train_T210,1
12566,S09_0train_T210,2
12567,S09_0train_T210,3
12568,S09_0train_T210,4
12569,S09_0train_T210,5
12580,S09_0train_T213,1
12581,S09_0train_T213,2
12582,S09_0train_T213,3
12583,S09_0train_T213,4
12584,S09_0train_T213,5
12600,S09_0train_T217,1
12601,S09_0train_T217,2
12602,S09_0train_T217,3
12603,S09_0train_T217,4
12604,S09_0train_T217,5
12605,S09_0train_T218,1
12606,S09_0train_T218,2
12607,S09_0train_T218,3
12608,S09_0train_T218,4
12609,S09_0train_T218,5
12615,S09_0train_T220,1
12616,S09_0train_T220,2
12617,S09_0train_T220,3
12618,S09_0train_T220,4
12619,S09_0train_T220,5
12620,S09_0train_T221,1
12621,S09_0train_T221,2
12622,S09_0train_T221,3
12623,S09_0train_T221,4
12624,S09_0train_T221,5
12630,S09_0train_T223,1
12631,S09_0train_T223,2
12632,S09_0train_T223,3
12633,S09_0train_T223,4
12634,S09_0train_T223,5
12640,S09_0train_T225,1
12641,S09_0train_T225,2
12642,S09_0train_T225,3
12643,S09_0train_T225,4
12644,S09_0train_T225,5
12645,S09_0train_T226,1
12646,S09_0train_T226,2
12647,S09_0train_T226,3
12648,S09_0train_T226,4
12649,S09_0train_T226,5
12665,S09_0train_T230,1
12666,S09_0train_T230,2
12667,S09_0train_T230,3
12668,S09_0train_T230,4
12669,S09_0train_T230,5
12690,S09_0train_T235,1
12691,S09_0train_T235,2
12692,S09_0train_T235,3
12693,S09_0train_T235,4
12694,S09_0train_T235,5
12710,S09_0train_T239,1
12711,S09_0train_T239,2
12712,S09_0train_T239,3
12713,S09_0train_T239,4
12714,S09_0train_T239,5
12745,S09_0train_T246,1
12746,S09_0train_T246,2
12747,S09_0train_T246,3
12748,S09_0train_T246,4
12749,S09_0train_T246,5
12760,S09_0train_T249,1
12761,S09_0train_T249,2
12762,S09_0train_T249,3
12763,S09_0train_T249,4
12764,S09_0train_T249,5
12775,S09_0train_T252,1
12776,S09_0train_T252,2
12777,S09_0train_T252,3
12778,S09_0train_T252,4
12779,S09_0train_T252,5
12805,S09_0train_T258,1
12806,S09_0train_T258,2
12807,S09_0train_T258,3
12808,S09_0train_T258,4
12809,S09_0train_T258,5
12815,S09_0train_T260,1
12816,S09_0train_T260,2
12817,S09_0train_T260,3
12818,S09_0train_T260,4
12819,S09_0train_T260,5
12830,S09_0train_T263,1
12831,S09_0train_T263,2
12832,S09_0train_T263,3
12833,S09_0train_T263,4
12834,S09_0train_T263,5
12855,S09_0train_T268,1
12856,S09_0train_T268,2
12857,S09_0train_T268,3
12858,S09_0train_T268,4
12859,S09_0train_T268,5
12865,S09_0train_T270,1
12866,S09_0train_T270,2
12867,S09_0train_T270,3
12868,S09_0train_T270,4
12869,S09_0train_T270,5
12880,S09_0train_T273,1
12881,S09_0train_T273,2
12882,S09_0train_T273,3
12883,S09_0train_T273,4
12884,S09_0train_T273,5
12895,S09_0train_T276,1
12896,S09_0train_T276,2
12897,S09_0train_T276,3
12898,S09_0train_T276,4
12899,S09_0train_T276,5
12900,S09_0train_T277,1
12901,S09_0train_T277,2
12902,S09_0train_T277,3
12903,S09_0train_T277,4
12904,S09_0train_T277,5
12920,S09_0train_T281,1
12921,S09_0train_T281,2
12922,S09_0train_T281,3
12923,S09_0train_T281,4
12924,S09_0train_T281,5
12930,S09_0train_T283,1
12931,S09_0train_T283,2
12932,S09_0train_T283,3
12933,S09_0train_T283,4
12934,S09_0train_T283,5
12945,S09_0train_T286,1
12946,S09_0train_T286,2
12947,S09_0train_T286,3
12948,S09_0train_T286,4
12949,S09_0train_T286,5
