session0_subject,session0_class,session1_subject,session1_class,category,D_id,median_derangement_cost,G,G_rel,identity_rank,identity_tie_count,protocol_freeze_sha,protocol_sha256,local_metric_final_sha,local_gpa_v1_final_sha,gpa_outer_audit_final_sha,config_sha256,implementation_source_sha256
1,left_hand,1,left_hand,same_subject_same_class,0.7352528614709822,0.886186074196233,0.15093321272525073,0.17031774377875045,1,1,70981aa89ddbadceca42f354c3c51d05bf6dbf0c,f663379d77883542412d60804de6dc0c77beb1866344a59e0828131f39005040,796f04e7970972175a660a521caff47c83e0295f,122eacff868aa8f656ad6360716c1816f453979f,347d61f17793d636653b614ec2104baa61ac7a4b,ff6e4f0130e8f5d7629695d163db4ba4a2acb3a0c59737e7f82ebe2f52e48e7a,61cf0d498442916f91c767e09875aa06547376fc9568ebd872ad507f1609a74b
1,left_hand,1,right_hand,same_subject_different_class,0.9454998066609447,1.0466984990129762,0.1011986923520315,0.09668370829561772,8,1,70981aa89ddbadceca42f354c3c51d05bf6dbf0c,f663379d77883542412d60804de6dc0c77beb1866344a59e0828131f39005040,796f04e7970972175a660a521caff47c83e0295f,122eacff868aa8f656ad6360716c1816f453979f,347d61f17793d636653b614ec2104baa61ac7a4b,ff6e4f0130e8f5d7629695d163db4ba4a2acb3a0c59737e7f82ebe2f52e48e7a,61cf0d498442916f91c767e09875aa06547376fc9568ebd872ad507f1609a74b
1,left_hand,1,feet,same_subject_different_class,1.8632683639178806,1.8399288758612933,-0.023339488056587365,-0.012684994709734018,100,1,70981aa89ddbadceca42f354c3c51d05bf6dbf0c,f663379d77883542412d60804de6dc0c77beb1866344a59e0828131f39005040,796f04e7970972175a660a521caff47c83e0295f,122eacff868aa8f656ad6360716c1816f453979f,347d61f17793d636653b614ec2104baa61ac7a4b,ff6e4f0130e8f5d7629695d163db4ba4a2acb3a0c59737e7f82ebe2f52e48e7a,61cf0d498442916f91c767e09875aa06547376fc9568ebd872ad507f1609a74b
1,left_hand,1,tongue,same_subject_different_class,2.1106708717889564,2.07088097376353,-0.03978989802542632,-0.01921399565186688,117,1,70981aa89ddbadceca42f354c3c51d05bf6dbf0c,f663379d77883542412d60804de6dc0c77beb1866344a59e0828131f39005040,796f04e7970972175a660a521caff47c83e0295f,122eacff868aa8f656ad6360716c1816f453979f,347d61f17793d636653b614ec2104baa61ac7a4b,ff6e4f0130e8f5d7629695d163db4ba4a2acb3a0c59737e7f82ebe2f52e48e7a,61cf0d498442916f91c767e09875aa06547376fc9568ebd872ad507f1609a74b
1,left_hand,2,left_hand,different_subject_same_class,2.84264012401384,2.8170212625093365,-0.025618861504503432,-0.00909430888770884,107,1,70981aa89ddbadceca42f354c3c51d05bf6dbf0c,f663379d77883542412d60804de6dc0c77beb1866344a59e0828131f39005040,796f04e7970972175a660a521caff47c83e0295f,122eacff868aa8f656ad6360716c1816f453979f,347d61f17793d636653b614ec2104baa61ac7a4b,ff6e4f0130e8f5d7629695d163db4ba4a2acb3a0c59737e7f82ebe2f52e48e7a,61cf0d498442916f91c767e09875aa06547376fc9568ebd872ad507f1609a74b
1,left_hand,2,right_hand,different_subject_different_class,2.4551507554287872,2.4247208438055123,-0.030429911623274908,-0.012549861853588166,113,1,70981aa89ddbadceca42f354c3c51d05bf6dbf0c,f663379d77883542412d60804de6dc0c77beb1866344a59e0828131f39005040,796f04e7970972175a660a521caff47c83e0295f,122eacff868aa8f656ad6360716c1816f453979f,347d61f17793d636653b614ec2104baa61ac7a4b,ff6e4f0130e8f5d7629695d163db4ba4a2acb3a0c59737e7f82ebe2f52e48e7a,61cf0d498442916f91c767e09875aa06547376fc9568ebd872ad507f1609a74b
1,left_hand,2,feet,different_subject_different_class,2.6225400098374543,2.577713461673836,-0.044826548163618085,-0.01739004308667807,117,1,70981aa89ddbadceca42f354c3c51d05bf6dbf0c,f663379d77883542412d60804de6dc0c77beb1866344a59e0828131f39005040,796f04e7970972175a660a521caff47c83e0295f,122eacff868aa8f656ad6360716c1816f453979f,347d61f17793d636653b614ec2104baa61ac7a4b,ff6e4f0130e8f5d7629695d163db4ba4a2acb3a0c59737e7f82ebe2f52e48e7a,61cf0d498442916f91c767e09875aa06547376fc9568ebd872ad507f1609a74b
1,left_hand,2,tongue,different_subject_different_class,2.296024368936704,2.261135168232401,-0.034889200704303125,-0.015429949166452128,109,1,70981aa89ddbadceca42f354c3c51d05bf6dbf0c,f663379d77883542412d60804de6dc0c77beb1866344a59e0828131f39005040,796f04e7970972175a660a521caff47c83e0295f,122eacff868aa8f656ad6360716c1816f453979f,347d61f17793d636653b614ec2104baa61ac7a4b,ff6e4f0130e8f5d7629695d163db4ba4a2acb3a0c59737e7f82ebe2f52e48e7a,61cf0d498442916f91c767e09875aa06547376fc9568ebd872ad507f1609a74b
1,left_hand,3,left_hand,different_subject_same_class,2.4301309175079897,2.4460604586671186,0.015929541159128924,0.006512325197313022,3,1,70981aa89ddbadceca42f354c3c51d05bf6dbf0c,f663379d77883542412d60804de6dc0c77beb1866344a59e0828131f39005040,796f04e7970972175a660a521caff47c83e0295f,122eacff868aa8f656ad6360716c1816f453979f,347d61f17793d636653b614ec2104baa61ac7a4b,ff6e4f0130e8f5d7629695d163db4ba4a2acb3a0c59737e7f82ebe2f52e48e7a,61cf0d498442916f91c767e09875aa06547376fc9568ebd872ad507f1609a74b
1,left_hand,3,right_hand,different_subject_different_class,2.5428725705143234,2.5680682695114863,0.025195698997162896,0.009811148440362832,3,1,70981aa89ddbadceca42f354c3c51d05bf6dbf0c,f663379d77883542412d60804de6dc0c77beb1866344a59e0828131f39005040,796f04e7970972175a660a521caff47c83e0295f,122eacff868aa8f656ad6360716c1816f453979f,347d61f17793d636653b614ec2104baa61ac7a4b,ff6e4f0130e8f5d7629695d163db4ba4a2acb3a0c59737e7f82ebe2f52e48e7a,61cf0d498442916f91c767e09875aa06547376fc9568ebd872ad507f1609a74b
1,left_hand,3,feet,different_subject_different_class,3.2627245858319993,3.2491707831633367,-0.013553802668662573,-0.004171465143936455,97,1,70981aa89ddbadceca42f354c3c51d05bf6dbf0c,f663379d77883542412d60804de6dc0c77beb1866344a59e0828131f39005040,796f04e7970972175a660a521caff47c83e0295f,122eacff868aa8f656ad6360716c1816f453979f,347d61f17793d636653b614ec2104baa61ac7a4b,ff6e4f0130e8f5d7629695d163db4ba4a2acb3a0c59737e7f82ebe2f52e48e7a,61cf0d498442916f91c767e09875aa06547376fc9568ebd872ad507f1609a74b
1,left_hand,3,tongue,different_subject_different_class,3.916412828739807,3.8966949710538037,-0.019717857686003093,-0.005060149134709071,114,1,70981aa89ddbadceca42f354c3c51d05bf6dbf0c,f663379d77883542412d60804de6dc0c77beb1866344a59e0828131f39005040,796f04e7970972175a660a521caff47c83e0295f,122eacff868aa8f656ad6360716c1816f453979f,347d61f17793d636653b614ec2104baa61ac7a4b,ff6e4f0130e8f5d7629695d163db4ba4a2acb3a0c59737e7f82ebe2f52e48e7a,61cf0d498442916f91c767e09875aa06547376fc9568ebd872ad507f1609a74b
1,left_hand,4,left_hand,different_subject_same_class,1.7970699635572367,1.7947785795567421,-0.0022913840004945563,-0.0012766945330161346,66,1,70981aa89ddbadceca42f354c3c51d05bf6dbf0c,f663379d77883542412d60804de6dc0c77beb1866344a59e0828131f39005040,796f04e7970972175a660a521caff47c83e0295f,122eacff868aa8f656ad6360716c1816f453979f,347d61f17793d636653b614ec2104baa61ac7a4b,ff6e4f0130e8f5d7629695d163db4ba4a2acb3a0c59737e7f82ebe2f52e48e7a,61cf0d498442916f91c767e09875aa06547376fc9568ebd872ad507f1609a74b
1,left_hand,4,right_hand,different_subject_different_class,1.9103475804114476,1.881813389567105,-0.02853419084434261,-0.01516313519849418,109,1,70981aa89ddbadceca42f354c3c51d05bf6dbf0c,f663379d77883542412d60804de6dc0c77beb1866344a59e0828131f39005040,796f04e7970972175a660a521caff47c83e0295f,122eacff868aa8f656ad6360716c1816f453979f,347d61f17793d636653b614ec2104baa61ac7a4b,ff6e4f0130e8f5d7629695d163db4ba4a2acb3a0c59737e7f82ebe2f52e48e7a,61cf0d498442916f91c767e09875aa06547376fc9568ebd872ad507f1609a74b
1,left_hand,4,feet,different_subject_different_class,2.0245666370098414,1.9791361324442953,-0.04543050456554609,-0.022954714342685457,118,1,70981aa89ddbadceca42f354c3c51d05bf6dbf0c,f663379d77883542412d60804de6dc0c77beb1866344a59e0828131f39005040,796f04e7970972175a660a521caff47c83e0295f,122eacff868aa8f656ad6360716c1816f453979f,347d61f17793d636653b614ec2104baa61ac7a4b,ff6e4f0130e8f5d7629695d163db4ba4a2acb3a0c59737e7f82ebe2f52e48e7a,61cf0d498442916f91c767e09875aa06547376fc9568ebd872ad507f1609a74b
1,left_hand,4,tongue,different_subject_different_class,1.9801526044678137,1.9408006942585416,-0.03935191020927209,-0.0202761212553595,114,1,70981aa89ddbadceca42f354c3c51d05bf6dbf0c,f663379d77883542412d60804de6dc0c77beb1866344a59e0828131f39005040,796f04e7970972175a660a521caff47c83e0295f,122eacff868aa8f656ad6360716c1816f453979f,347d61f17793d636653b614ec2104baa61ac7a4b,ff6e4f0130e8f5d7629695d163db4ba4a2acb3a0c59737e7f82ebe2f52e48e7a,61cf0d498442916f91c767e09875aa06547376fc9568ebd872ad507f1609a74b
1,left_hand,5,left_hand,different_subject_same_class,3.190727624739402,3.186647807641686,-0.0040798170977156545,-0.0012802849087784722,75,1,70981aa89ddbadceca42f354c3c51d05bf6dbf0c,f663379d77883542412d60804de6dc0c77beb1866344a59e0828131f39005040,796f04e7970972175a660a521caff47c83e0295f,122eacff868aa8f656ad6360716c1816f453979f,347d61f17793d636653b614ec2104baa61ac7a4b,ff6e4f0130e8f5d7629695d163db4ba4a2acb3a0c59737e7f82ebe2f52e48e7a,61cf0d498442916f91c767e09875aa06547376fc9568ebd872ad507f1609a74b
1,left_hand,5,right_hand,different_subject_different_class,3.1939332046064743,3.1878910350508525,-0.006042169555621868,-0.001895350088565836,106,1,70981aa89ddbadceca42f354c3c51d05bf6dbf0c,f663379d77883542412d60804de6dc0c77beb1866344a59e0828131f39005040,796f04e7970972175a660a521caff47c83e0295f,122eacff868aa8f656ad6360716c1816f453979f,347d61f17793d636653b614ec2104baa61ac7a4b,ff6e4f0130e8f5d7629695d163db4ba4a2acb3a0c59737e7f82ebe2f52e48e7a,61cf0d498442916f91c767e09875aa06547376fc9568ebd872ad507f1609a74b
1,left_hand,5,feet,different_subject_different_class,3.111191922858905,3.111372553106097,0.00018063024719205956,5.8054843677185355e-05,62,1,70981aa89ddbadceca42f354c3c51d05bf6dbf0c,f663379d77883542412d60804de6dc0c77beb1866344a59e0828131f39005040,796f04e7970972175a660a521caff47c83e0295f,122eacff868aa8f656ad6360716c1816f453979f,347d61f17793d636653b614ec2104baa61ac7a4b,ff6e4f0130e8f5d7629695d163db4ba4a2acb3a0c59737e7f82ebe2f52e48e7a,61cf0d498442916f91c767e09875aa06547376fc9568ebd872ad507f1609a74b
1,left_hand,5,tongue,different_subject_different_class,3.1491421201313785,3.1445097874269505,-0.004632332704427977,-0.001473149399295864,88,1,70981aa89ddbadceca42f354c3c51d05bf6dbf0c,f663379d77883542412d60804de6dc0c77beb1866344a59e0828131f39005040,796f04e7970972175a660a521caff47c83e0295f,122eacff868aa8f656ad6360716c1816f453979f,347d61f17793d636653b614ec2104baa61ac7a4b,ff6e4f0130e8f5d7629695d163db4ba4a2acb3a0c59737e7f82ebe2f52e48e7a,61cf0d498442916f91c767e09875aa06547376fc9568ebd872ad507f1609a74b
1,left_hand,6,left_hand,different_subject_same_class,3.7498300566495595,3.754495760148586,0.00466570349902673,0.0012426977674472276,9,1,70981aa89ddbadceca42f354c3c51d05bf6dbf0c,f663379d77883542412d60804de6dc0c77beb1866344a59e0828131f39005040,796f04e7970972175a660a521caff47c83e0295f,122eacff868aa8f656ad6360716c1816f453979f,347d61f17793d636653b614ec2104baa61ac7a4b,ff6e4f0130e8f5d7629695d163db4ba4a2acb3a0c59737e7f82ebe2f52e48e7a,61cf0d498442916f91c767e09875aa06547376fc9568ebd872ad507f1609a74b
1,left_hand,6,right_hand,different_subject_different_class,3.869649862505437,3.8756509467578018,0.0060010842523645636,0.0015484067927698198,13,1,70981aa89ddbadceca42f354c3c51d05bf6dbf0c,f663379d77883542412d60804de6dc0c77beb1866344a59e0828131f39005040,796f04e7970972175a660a521caff47c83e0295f,122eacff868aa8f656ad6360716c1816f453979f,347d61f17793d636653b614ec2104baa61ac7a4b,ff6e4f0130e8f5d7629695d163db4ba4a2acb3a0c59737e7f82ebe2f52e48e7a,61cf0d498442916f91c767e09875aa06547376fc9568ebd872ad507f1609a74b
1,left_hand,6,feet,different_subject_different_class,4.553317361282878,4.550089981263264,-0.003227380019613868,-0.0007093002628308098,75,1,70981aa89ddbadceca42f354c3c51d05bf6dbf0c,f663379d77883542412d60804de6dc0c77beb1866344a59e0828131f39005040,796f04e7970972175a660a521caff47c83e0295f,122eacff868aa8f656ad6360716c1816f453979f,347d61f17793d636653b614ec2104baa61ac7a4b,ff6e4f0130e8f5d7629695d163db4ba4a2acb3a0c59737e7f82ebe2f52e48e7a,61cf0d498442916f91c767e09875aa06547376fc9568ebd872ad507f1609a74b
1,left_hand,6,tongue,different_subject_different_class,4.1581914798566775,4.16198012448134,0.0037886446246622185,0.0009102985865734653,32,1,70981aa89ddbadceca42f354c3c51d05bf6dbf0c,f663379d77883542412d60804de6dc0c77beb1866344a59e0828131f39005040,796f04e7970972175a660a521caff47c83e0295f,122eacff868aa8f656ad6360716c1816f453979f,347d61f17793d636653b614ec2104baa61ac7a4b,ff6e4f0130e8f5d7629695d163db4ba4a2acb3a0c59737e7f82ebe2f52e48e7a,61cf0d498442916f91c767e09875aa06547376fc9568ebd872ad507f1609a74b
1,left_hand,7,left_hand,different_subject_same_class,1.6777002270859742,1.7084565301412364,0.030756303055262224,0.018002391347188465,1,1,70981aa89ddbadceca42f354c3c51d05bf6dbf0c,f663379d77883542412d60804de6dc0c77beb1866344a59e0828131f39005040,796f04e7970972175a660a521caff47c83e0295f,122eacff868aa8f656ad6360716c1816f453979f,347d61f17793d636653b614ec2104baa61ac7a4b,ff6e4f0130e8f5d7629695d163db4ba4a2acb3a0c59737e7f82ebe2f52e48e7a,61cf0d498442916f91c767e09875aa06547376fc9568ebd872ad507f1609a74b
1,left_hand,7,right_hand,different_subject_different_class,1.775008716553544,1.7940014839826002,0.0189927674290562,0.010586818126199727,4,1,70981aa89ddbadceca42f354c3c51d05bf6dbf0c,f663379d77883542412d60804de6dc0c77beb1866344a59e0828131f39005040,796f04e7970972175a660a521caff47c83e0295f,122eacff868aa8f656ad6360716c1816f453979f,347d61f17793d636653b614ec2104baa61ac7a4b,ff6e4f0130e8f5d7629695d163db4ba4a2acb3a0c59737e7f82ebe2f52e48e7a,61cf0d498442916f91c767e09875aa06547376fc9568ebd872ad507f1609a74b
1,left_hand,7,feet,different_subject_different_class,2.047581106007068,2.055164689675186,0.007583583668117733,0.003690012633156081,28,1,70981aa89ddbadceca42f354c3c51d05bf6dbf0c,f663379d77883542412d60804de6dc0c77beb1866344a59e0828131f39005040,796f04e7970972175a660a521caff47c83e0295f,122eacff868aa8f656ad6360716c1816f453979f,347d61f17793d636653b614ec2104baa61ac7a4b,ff6e4f0130e8f5d7629695d163db4ba4a2acb3a0c59737e7f82ebe2f52e48e7a,61cf0d498442916f91c767e09875aa06547376fc9568ebd872ad507f1609a74b
1,left_hand,7,tongue,different_subject_different_class,2.5291321571739105,2.522555712970945,-0.006576444202965437,-0.0026070560777506145,76,1,70981aa89ddbadceca42f354c3c51d05bf6dbf0c,f663379d77883542412d60804de6dc0c77beb1866344a59e0828131f39005040,796f04e7970972175a660a521caff47c83e0295f,122eacff868aa8f656ad6360716c1816f453979f,347d61f17793d636653b614ec2104baa61ac7a4b,ff6e4f0130e8f5d7629695d163db4ba4a2acb3a0c59737e7f82ebe2f52e48e7a,61cf0d498442916f91c767e09875aa06547376fc9568ebd872ad507f1609a74b
1,left_hand,8,left_hand,different_subject_same_class,3.9579841298589464,3.9686491339481518,0.010665004089205343,0.0026873134230930166,5,1,70981aa89ddbadceca42f354c3c51d05bf6dbf0c,f663379d77883542412d60804de6dc0c77beb1866344a59e0828131f39005040,796f04e7970972175a660a521caff47c83e0295f,122eacff868aa8f656ad6360716c1816f453979f,347d61f17793d636653b614ec2104baa61ac7a4b,ff6e4f0130e8f5d7629695d163db4ba4a2acb3a0c59737e7f82ebe2f52e48e7a,61cf0d498442916f91c767e09875aa06547376fc9568ebd872ad507f1609a74b
1,left_hand,8,right_hand,different_subject_different_class,4.390874888587023,4.394345305615548,0.003470417028525574,0.0007897460912074244,48,1,70981aa89ddbadceca42f354c3c51d05bf6dbf0c,f663379d77883542412d60804de6dc0c77beb1866344a59e0828131f39005040,796f04e7970972175a660a521caff47c83e0295f,122eacff868aa8f656ad6360716c1816f453979f,347d61f17793d636653b614ec2104baa61ac7a4b,ff6e4f0130e8f5d7629695d163db4ba4a2acb3a0c59737e7f82ebe2f52e48e7a,61cf0d498442916f91c767e09875aa06547376fc9568ebd872ad507f1609a74b
1,left_hand,8,feet,different_subject_different_class,4.291496093132388,4.296554170876821,0.00505807774443312,0.0011772405381778048,30,1,70981aa89ddbadceca42f354c3c51d05bf6dbf0c,f663379d77883542412d60804de6dc0c77beb1866344a59e0828131f39005040,796f04e7970972175a660a521caff47c83e0295f,122eacff868aa8f656ad6360716c1816f453979f,347d61f17793d636653b614ec2104baa61ac7a4b,ff6e4f0130e8f5d7629695d163db4ba4a2acb3a0c59737e7f82ebe2f52e48e7a,61cf0d498442916f91c767e09875aa06547376fc9568ebd872ad507f1609a74b
1,left_hand,8,tongue,different_subject_different_class,5.343426277833795,5.334989198187096,-0.00843707964669882,-0.0015814614300561016,105,1,70981aa89ddbadceca42f354c3c51d05bf6dbf0c,f663379d77883542412d60804de6dc0c77beb1866344a59e0828131f39005040,796f04e7970972175a660a521caff47c83e0295f,122eacff868aa8f656ad6360716c1816f453979f,347d61f17793d636653b614ec2104baa61ac7a4b,ff6e4f0130e8f5d7629695d163db4ba4a2acb3a0c59737e7f82ebe2f52e48e7a,61cf0d498442916f91c767e09875aa06547376fc9568ebd872ad507f1609a74b
1,left_hand,9,left_hand,different_subject_same_class,4.410134241570657,4.473401488580105,0.06326724700944819,0.014142984297510425,6,1,70981aa89ddbadceca42f354c3c51d05bf6dbf0c,f663379d77883542412d60804de6dc0c77beb1866344a59e0828131f39005040,796f04e7970972175a660a521caff47c83e0295f,122eacff868aa8f656ad6360716c1816f453979f,347d61f17793d636653b614ec2104baa61ac7a4b,ff6e4f0130e8f5d7629695d163db4ba4a2acb3a0c59737e7f82ebe2f52e48e7a,61cf0d498442916f91c767e09875aa06547376fc9568ebd872ad507f1609a74b
1,left_hand,9,right_hand,different_subject_different_class,6.441541945952102,6.4436786357496505,0.002136689797548108,0.00033159471760334426,60,1,70981aa89ddbadceca42f354c3c51d05bf6dbf0c,f663379d77883542412d60804de6dc0c77beb1866344a59e0828131f39005040,796f04e7970972175a660a521caff47c83e0295f,122eacff868aa8f656ad6360716c1816f453979f,347d61f17793d636653b614ec2104baa61ac7a4b,ff6e4f0130e8f5d7629695d163db4ba4a2acb3a0c59737e7f82ebe2f52e48e7a,61cf0d498442916f91c767e09875aa06547376fc9568ebd872ad507f1609a74b
1,left_hand,9,feet,different_subject_different_class,6.673500820316663,6.680610307982243,0.007109487665579728,0.001064197331954095,16,1,70981aa89ddbadceca42f354c3c51d05bf6dbf0c,f663379d77883542412d60804de6dc0c77beb1866344a59e0828131f39005040,796f04e7970972175a660a521caff47c83e0295f,122eacff868aa8f656ad6360716c1816f453979f,347d61f17793d636653b614ec2104baa61ac7a4b,ff6e4f0130e8f5d7629695d163db4ba4a2acb3a0c59737e7f82ebe2f52e48e7a,61cf0d498442916f91c767e09875aa06547376fc9568ebd872ad507f1609a74b
1,left_hand,9,tongue,different_subject_different_class,8.172848563876853,8.168956764447657,-0.003891799429196041,-0.000476413273006126,89,1,70981aa89ddbadceca42f354c3c51d05bf6dbf0c,f663379d77883542412d60804de6dc0c77beb1866344a59e0828131f39005040,796f04e7970972175a660a521caff47c83e0295f,122eacff868aa8f656ad6360716c1816f453979f,347d61f17793d636653b614ec2104baa61ac7a4b,ff6e4f0130e8f5d7629695d163db4ba4a2acb3a0c59737e7f82ebe2f52e48e7a,61cf0d498442916f91c767e09875aa06547376fc9568ebd872ad507f1609a74b
1,right_hand,1,left_hand,same_subject_different_class,1.0511522468075711,1.1288132096280326,0.07766096282046142,0.06879877216005678,17,1,70981aa89ddbadceca42f354c3c51d05bf6dbf0c,f663379d77883542412d60804de6dc0c77beb1866344a59e0828131f39005040,796f04e7970972175a660a521caff47c83e0295f,122eacff868aa8f656ad6360716c1816f453979f,347d61f17793d636653b614ec2104baa61ac7a4b,ff6e4f0130e8f5d7629695d163db4ba4a2acb3a0c59737e7f82ebe2f52e48e7a,61cf0d498442916f91c767e09875aa06547376fc9568ebd872ad507f1609a74b
1,right_hand,1,right_hand,same_subject_same_class,0.7055249854127992,0.8311581848666383,0.1256331994538391,0.1511543792039987,4,1,70981aa89ddbadceca42f354c3c51d05bf6dbf0c,f663379d77883542412d60804de6dc0c77beb1866344a59e0828131f39005040,796f04e7970972175a660a521caff47c83e0295f,122eacff868aa8f656ad6360716c1816f453979f,347d61f17793d636653b614ec2104baa61ac7a4b,ff6e4f0130e8f5d7629695d163db4ba4a2acb3a0c59737e7f82ebe2f52e48e7a,61cf0d498442916f91c767e09875aa06547376fc9568ebd872ad507f1609a74b
1,right_hand,1,feet,same_subject_different_class,2.0618088034364566,2.02994328116504,-0.03186552227141659,-0.01569774021130684,110,1,70981aa89ddbadceca42f354c3c51d05bf6dbf0c,f663379d77883542412d60804de6dc0c77beb1866344a59e0828131f39005040,796f04e7970972175a660a521caff47c83e0295f,122eacff868aa8f656ad6360716c1816f453979f,347d61f17793d636653b614ec2104baa61ac7a4b,ff6e4f0130e8f5d7629695d163db4ba4a2acb3a0c59737e7f82ebe2f52e48e7a,61cf0d498442916f91c767e09875aa06547376fc9568ebd872ad507f1609a74b
1,right_hand,1,tongue,same_subject_different_class,2.3087759911011028,2.279021590988779,-0.029754400112323776,-0.013055778071595405,116,1,70981aa89ddbadceca42f354c3c51d05bf6dbf0c,f663379d77883542412d60804de6dc0c77beb1866344a59e0828131f39005040,796f04e7970972175a660a521caff47c83e0295f,122eacff868aa8f656ad6360716c1816f453979f,347d61f17793d636653b614ec2104baa61ac7a4b,ff6e4f0130e8f5d7629695d163db4ba4a2acb3a0c59737e7f82ebe2f52e48e7a,61cf0d498442916f91c767e09875aa06547376fc9568ebd872ad507f1609a74b
1,right_hand,2,left_hand,different_subject_different_class,2.92083701530304,2.9086432499268744,-0.012193765376165455,-0.004192251963685136,108,1,70981aa89ddbadceca42f354c3c51d05bf6dbf0c,f663379d77883542412d60804de6dc0c77beb1866344a59e0828131f39005040,796f04e7970972175a660a521caff47c83e0295f,122eacff868aa8f656ad6360716c1816f453979f,347d61f17793d636653b614ec2104baa61ac7a4b,ff6e4f0130e8f5d7629695d163db4ba4a2acb3a0c59737e7f82ebe2f52e48e7a,61cf0d498442916f91c767e09875aa06547376fc9568ebd872ad507f1609a74b
1,right_hand,2,right_hand,different_subject_same_class,2.5046805061987585,2.489111926221991,-0.015568579976767527,-0.006254672525071115,102,1,70981aa89ddbadceca42f354c3c51d05bf6dbf0c,f663379d77883542412d60804de6dc0c77beb1866344a59e0828131f39005040,796f04e7970972175a660a521caff47c83e0295f,122eacff868aa8f656ad6360716c1816f453979f,347d61f17793d636653b614ec2104baa61ac7a4b,ff6e4f0130e8f5d7629695d163db4ba4a2acb3a0c59737e7f82ebe2f52e48e7a,61cf0d498442916f91c767e09875aa06547376fc9568ebd872ad507f1609a74b
1,right_hand,2,feet,different_subject_different_class,2.698185331714393,2.6691062146904017,-0.02907911702399124,-0.01089470207815024,120,1,70981aa89ddbadceca42f354c3c51d05bf6dbf0c,f663379d77883542412d60804de6dc0c77beb1866344a59e0828131f39005040,796f04e7970972175a660a521caff47c83e0295f,122eacff868aa8f656ad6360716c1816f453979f,347d61f17793d636653b614ec2104baa61ac7a4b,ff6e4f0130e8f5d7629695d163db4ba4a2acb3a0c59737e7f82ebe2f52e48e7a,61cf0d498442916f91c767e09875aa06547376fc9568ebd872ad507f1609a74b
1,right_hand,2,tongue,different_subject_different_class,2.366511897896424,2.3412203636201627,-0.025291534276261185,-0.01080271411835561,119,1,70981aa89ddbadceca42f354c3c51d05bf6dbf0c,f663379d77883542412d60804de6dc0c77beb1866344a59e0828131f39005040,796f04e7970972175a660a521caff47c83e0295f,122eacff868aa8f656ad6360716c1816f453979f,347d61f17793d636653b614ec2104baa61ac7a4b,ff6e4f0130e8f5d7629695d163db4ba4a2acb3a0c59737e7f82ebe2f52e48e7a,61cf0d498442916f91c767e09875aa06547376fc9568ebd872ad507f1609a74b
1,right_hand,3,left_hand,different_subject_different_class,2.623794640874433,2.639704756633149,0.01591011575871626,0.006027233052763467,3,1,70981aa89ddbadceca42f354c3c51d05bf6dbf0c,f663379d77883542412d60804de6dc0c77beb1866344a59e0828131f39005040,796f04e7970972175a660a521caff47c83e0295f,122eacff868aa8f656ad6360716c1816f453979f,347d61f17793d636653b614ec2104baa61ac7a4b,ff6e4f0130e8f5d7629695d163db4ba4a2acb3a0c59737e7f82ebe2f52e48e7a,61cf0d498442916f91c767e09875aa06547376fc9568ebd872ad507f1609a74b
1,right_hand,3,right_hand,different_subject_same_class,2.5780913511495456,2.6061276407704956,0.02803628962095006,0.010757834413920416,1,1,70981aa89ddbadceca42f354c3c51d05bf6dbf0c,f663379d77883542412d60804de6dc0c77beb1866344a59e0828131f39005040,796f04e7970972175a660a521caff47c83e0295f,122eacff868aa8f656ad6360716c1816f453979f,347d61f17793d636653b614ec2104baa61ac7a4b,ff6e4f0130e8f5d7629695d163db4ba4a2acb3a0c59737e7f82ebe2f52e48e7a,61cf0d498442916f91c767e09875aa06547376fc9568ebd872ad507f1609a74b
1,right_hand,3,feet,different_subject_different_class,3.3997073411994805,3.3943862893741192,-0.005321051825361245,-0.0015676034993478535,76,1,70981aa89ddbadceca42f354c3c51d05bf6dbf0c,f663379d77883542412d60804de6dc0c77beb1866344a59e0828131f39005040,796f04e7970972175a660a521caff47c83e0295f,122eacff868aa8f656ad6360716c1816f453979f,347d61f17793d636653b614ec2104baa61ac7a4b,ff6e4f0130e8f5d7629695d163db4ba4a2acb3a0c59737e7f82ebe2f52e48e7a,61cf0d498442916f91c767e09875aa06547376fc9568ebd872ad507f1609a74b
1,right_hand,3,tongue,different_subject_different_class,4.064244820751572,4.052752922623425,-0.011491898128147326,-0.0028355782717463074,101,1,70981aa89ddbadceca42f354c3c51d05bf6dbf0c,f663379d77883542412d60804de6dc0c77beb1866344a59e0828131f39005040,796f04e7970972175a660a521caff47c83e0295f,122eacff868aa8f656ad6360716c1816f453979f,347d61f17793d636653b614ec2104baa61ac7a4b,ff6e4f0130e8f5d7629695d163db4ba4a2acb3a0c59737e7f82ebe2f52e48e7a,61cf0d498442916f91c767e09875aa06547376fc9568ebd872ad507f1609a74b
1,right_hand,4,left_hand,different_subject_different_class,1.689713593027885,1.6940429820661804,0.004329389038295384,0.002555654776253044,38,1,70981aa89ddbadceca42f354c3c51d05bf6dbf0c,f663379d77883542412d60804de6dc0c77beb1866344a59e0828131f39005040,796f04e7970972175a660a521caff47c83e0295f,122eacff868aa8f656ad6360716c1816f453979f,347d61f17793d636653b614ec2104baa61ac7a4b,ff6e4f0130e8f5d7629695d163db4ba4a2acb3a0c59737e7f82ebe2f52e48e7a,61cf0d498442916f91c767e09875aa06547376fc9568ebd872ad507f1609a74b
1,right_hand,4,right_hand,different_subject_same_class,1.741849397393783,1.7253204431009284,-0.016528954292854614,-0.009580222826982232,93,1,70981aa89ddbadceca42f354c3c51d05bf6dbf0c,f663379d77883542412d60804de6dc0c77beb1866344a59e0828131f39005040,796f04e7970972175a660a521caff47c83e0295f,122eacff868aa8f656ad6360716c1816f453979f,347d61f17793d636653b614ec2104baa61ac7a4b,ff6e4f0130e8f5d7629695d163db4ba4a2acb3a0c59737e7f82ebe2f52e48e7a,61cf0d498442916f91c767e09875aa06547376fc9568ebd872ad507f1609a74b
1,right_hand,4,feet,different_subject_different_class,1.9928733077244447,1.9637569206569698,-0.02911638706747488,-0.014826879417302865,118,1,70981aa89ddbadceca42f354c3c51d05bf6dbf0c,f663379d77883542412d60804de6dc0c77beb1866344a59e0828131f39005040,796f04e7970972175a660a521caff47c83e0295f,122eacff868aa8f656ad6360716c1816f453979f,347d61f17793d636653b614ec2104baa61ac7a4b,ff6e4f0130e8f5d7629695d163db4ba4a2acb3a0c59737e7f82ebe2f52e48e7a,61cf0d498442916f91c767e09875aa06547376fc9568ebd872ad507f1609a74b
1,right_hand,4,tongue,different_subject_different_class,1.9173549625651072,1.891329727392633,-0.026025235172474126,-0.013760284521278178,105,1,70981aa89ddbadceca42f354c3c51d05bf6dbf0c,f663379d77883542412d60804de6dc0c77beb1866344a59e0828131f39005040,796f04e7970972175a660a521caff47c83e0295f,122eacff868aa8f656ad6360716c1816f453979f,347d61f17793d636653b614ec2104baa61ac7a4b,ff6e4f0130e8f5d7629695d163db4ba4a2acb3a0c59737e7f82ebe2f52e48e7a,61cf0d498442916f91c767e09875aa06547376fc9568ebd872ad507f1609a74b
1,right_hand,5,left_hand,different_subject_different_class,3.1562148233344125,3.1584811984179098,0.002266375083497252,0.0007175521844589368,42,1,70981aa89ddbadceca42f354c3c51d05bf6dbf0c,f663379d77883542412d60804de6dc0c77beb1866344a59e0828131f39005040,796f04e7970972175a660a521caff47c83e0295f,122eacff868aa8f656ad6360716c1816f453979f,347d61f17793d636653b614ec2104baa61ac7a4b,ff6e4f0130e8f5d7629695d163db4ba4a2acb3a0c59737e7f82ebe2f52e48e7a,61cf0d498442916f91c767e09875aa06547376fc9568ebd872ad507f1609a74b
1,right_hand,5,right_hand,different_subject_same_class,3.13158768657536,3.133465939590274,0.0018782530149143994,0.0005994170835506181,39,1,70981aa89ddbadceca42f354c3c51d05bf6dbf0c,f663379d77883542412d60804de6dc0c77beb1866344a59e0828131f39005040,796f04e7970972175a660a521caff47c83e0295f,122eacff868aa8f656ad6360716c1816f453979f,347d61f17793d636653b614ec2104baa61ac7a4b,ff6e4f0130e8f5d7629695d163db4ba4a2acb3a0c59737e7f82ebe2f52e48e7a,61cf0d498442916f91c767e09875aa06547376fc9568ebd872ad507f1609a74b
1,right_hand,5,feet,different_subject_different_class,3.08273260004395,3.085436725108842,0.002704125064891816,0.0008764156603459191,36,1,70981aa89ddbadceca42f354c3c51d05bf6dbf0c,f663379d77883542412d60804de6dc0c77beb1866344a59e0828131f39005040,796f04e7970972175a660a521caff47c83e0295f,122eacff868aa8f656ad6360716c1816f453979f,347d61f17793d636653b614ec2104baa61ac7a4b,ff6e4f0130e8f5d7629695d163db4ba4a2acb3a0c59737e7f82ebe2f52e48e7a,61cf0d498442916f91c767e09875aa06547376fc9568ebd872ad507f1609a74b
1,right_hand,5,tongue,different_subject_different_class,3.1188372320936453,3.116081032885821,-0.002756199207824217,-0.0008845081943429709,86,1,70981aa89ddbadceca42f354c3c51d05bf6dbf0c,f663379d77883542412d60804de6dc0c77beb1866344a59e0828131f39005040,796f04e7970972175a660a521caff47c83e0295f,122eacff868aa8f656ad6360716c1816f453979f,347d61f17793d636653b614ec2104baa61ac7a4b,ff6e4f0130e8f5d7629695d163db4ba4a2acb3a0c59737e7f82ebe2f52e48e7a,61cf0d498442916f91c767e09875aa06547376fc9568ebd872ad507f1609a74b
1,right_hand,6,left_hand,different_subject_different_class,3.8646810694465454,3.8687991708616973,0.004118101415151898,0.001064439179517988,21,1,70981aa89ddbadceca42f354c3c51d05bf6dbf0c,f663379d77883542412d60804de6dc0c77beb1866344a59e0828131f39005040,796f04e7970972175a660a521caff47c83e0295f,122eacff868aa8f656ad6360716c1816f453979f,347d61f17793d636653b614ec2104baa61ac7a4b,ff6e4f0130e8f5d7629695d163db4ba4a2acb3a0c59737e7f82ebe2f52e48e7a,61cf0d498442916f91c767e09875aa06547376fc9568ebd872ad507f1609a74b
1,right_hand,6,right_hand,different_subject_same_class,3.9630697508649173,3.970203414730315,0.007133663865397821,0.0017968005968989856,4,1,70981aa89ddbadceca42f354c3c51d05bf6dbf0c,f663379d77883542412d60804de6dc0c77beb1866344a59e0828131f39005040,796f04e7970972175a660a521caff47c83e0295f,122eacff868aa8f656ad6360716c1816f453979f,347d61f17793d636653b614ec2104baa61ac7a4b,ff6e4f0130e8f5d7629695d163db4ba4a2acb3a0c59737e7f82ebe2f52e48e7a,61cf0d498442916f91c767e09875aa06547376fc9568ebd872ad507f1609a74b
1,right_hand,6,feet,different_subject_different_class,4.664847650027954,4.665678268980444,0.0008306189524898144,0.0001780274816658808,58,1,70981aa89ddbadceca42f354c3c51d05bf6dbf0c,f663379d77883542412d60804de6dc0c77beb1866344a59e0828131f39005040,796f04e7970972175a660a521caff47c83e0295f,122eacff868aa8f656ad6360716c1816f453979f,347d61f17793d636653b614ec2104baa61ac7a4b,ff6e4f0130e8f5d7629695d163db4ba4a2acb3a0c59737e7f82ebe2f52e48e7a,61cf0d498442916f91c767e09875aa06547376fc9568ebd872ad507f1609a74b
1,right_hand,6,tongue,different_subject_different_class,4.261687452234201,4.270288776515109,0.00860132428090754,0.0020142254379168466,4,1,70981aa89ddbadceca42f354c3c51d05bf6dbf0c,f663379d77883542412d60804de6dc0c77beb1866344a59e0828131f39005040,796f04e7970972175a660a521caff47c83e0295f,122eacff868aa8f656ad6360716c1816f453979f,347d61f17793d636653b614ec2104baa61ac7a4b,ff6e4f0130e8f5d7629695d163db4ba4a2acb3a0c59737e7f82ebe2f52e48e7a,61cf0d498442916f91c767e09875aa06547376fc9568ebd872ad507f1609a74b
1,right_hand,7,left_hand,different_subject_different_class,1.7453770821768957,1.7679048157216521,0.022527733544756456,0.012742616765575539,6,1,70981aa89ddbadceca42f354c3c51d05bf6dbf0c,f663379d77883542412d60804de6dc0c77beb1866344a59e0828131f39005040,796f04e7970972175a660a521caff47c83e0295f,122eacff868aa8f656ad6360716c1816f453979f,347d61f17793d636653b614ec2104baa61ac7a4b,ff6e4f0130e8f5d7629695d163db4ba4a2acb3a0c59737e7f82ebe2f52e48e7a,61cf0d498442916f91c767e09875aa06547376fc9568ebd872ad507f1609a74b
1,right_hand,7,right_hand,different_subject_same_class,1.7844628778249483,1.8070150332422683,0.02255215541732003,0.012480336357166565,1,1,70981aa89ddbadceca42f354c3c51d05bf6dbf0c,f663379d77883542412d60804de6dc0c77beb1866344a59e0828131f39005040,796f04e7970972175a660a521caff47c83e0295f,122eacff868aa8f656ad6360716c1816f453979f,347d61f17793d636653b614ec2104baa61ac7a4b,ff6e4f0130e8f5d7629695d163db4ba4a2acb3a0c59737e7f82ebe2f52e48e7a,61cf0d498442916f91c767e09875aa06547376fc9568ebd872ad507f1609a74b
1,right_hand,7,feet,different_subject_different_class,2.1335493344853687,2.147704772910984,0.014155438425615507,0.006590961012965168,2,1,70981aa89ddbadceca42f354c3c51d05bf6dbf0c,f663379d77883542412d60804de6dc0c77beb1866344a59e0828131f39005040,796f04e7970972175a660a521caff47c83e0295f,122eacff868aa8f656ad6360716c1816f453979f,347d61f17793d636653b614ec2104baa61ac7a4b,ff6e4f0130e8f5d7629695d163db4ba4a2acb3a0c59737e7f82ebe2f52e48e7a,61cf0d498442916f91c767e09875aa06547376fc9568ebd872ad507f1609a74b
1,right_hand,7,tongue,different_subject_different_class,2.650543686277717,2.6501970345260966,-0.0003466517516206302,-0.00013080225624907842,63,1,70981aa89ddbadceca42f354c3c51d05bf6dbf0c,f663379d77883542412d60804de6dc0c77beb1866344a59e0828131f39005040,796f04e7970972175a660a521caff47c83e0295f,122eacff868aa8f656ad6360716c1816f453979f,347d61f17793d636653b614ec2104baa61ac7a4b,ff6e4f0130e8f5d7629695d163db4ba4a2acb3a0c59737e7f82ebe2f52e48e7a,61cf0d498442916f91c767e09875aa06547376fc9568ebd872ad507f1609a74b
1,right_hand,8,left_hand,different_subject_different_class,4.18503503427475,4.19071592217132,0.005680887896569509,0.0013555888783857465,17,1,70981aa89ddbadceca42f354c3c51d05bf6dbf0c,f663379d77883542412d60804de6dc0c77beb1866344a59e0828131f39005040,796f04e7970972175a660a521caff47c83e0295f,122eacff868aa8f656ad6360716c1816f453979f,347d61f17793d636653b614ec2104baa61ac7a4b,ff6e4f0130e8f5d7629695d163db4ba4a2acb3a0c59737e7f82ebe2f52e48e7a,61cf0d498442916f91c767e09875aa06547376fc9568ebd872ad507f1609a74b
1,right_hand,8,right_hand,different_subject_same_class,4.4927498262311865,4.504551673286015,0.01180184705482823,0.0026199826111038766,3,1,70981aa89ddbadceca42f354c3c51d05bf6dbf0c,f663379d77883542412d60804de6dc0c77beb1866344a59e0828131f39005040,796f04e7970972175a660a521caff47c83e0295f,122eacff868aa8f656ad6360716c1816f453979f,347d61f17793d636653b614ec2104baa61ac7a4b,ff6e4f0130e8f5d7629695d163db4ba4a2acb3a0c59737e7f82ebe2f52e48e7a,61cf0d498442916f91c767e09875aa06547376fc9568ebd872ad507f1609a74b
1,right_hand,8,feet,different_subject_different_class,4.450867635951094,4.454113711312576,0.003246075361482248,0.0007287814303523173,19,1,70981aa89ddbadceca42f354c3c51d05bf6dbf0c,f663379d77883542412d60804de6dc0c77beb1866344a59e0828131f39005040,796f04e7970972175a660a521caff47c83e0295f,122eacff868aa8f656ad6360716c1816f453979f,347d61f17793d636653b614ec2104baa61ac7a4b,ff6e4f0130e8f5d7629695d163db4ba4a2acb3a0c59737e7f82ebe2f52e48e7a,61cf0d498442916f91c767e09875aa06547376fc9568ebd872ad507f1609a74b
1,right_hand,8,tongue,different_subject_different_class,5.495433116059989,5.4927462715883735,-0.0026868444716159345,-0.0004891623131244622,80,1,70981aa89ddbadceca42f354c3c51d05bf6dbf0c,f663379d77883542412d60804de6dc0c77beb1866344a59e0828131f39005040,796f04e7970972175a660a521caff47c83e0295f,122eacff868aa8f656ad6360716c1816f453979f,347d61f17793d636653b614ec2104baa61ac7a4b,ff6e4f0130e8f5d7629695d163db4ba4a2acb3a0c59737e7f82ebe2f52e48e7a,61cf0d498442916f91c767e09875aa06547376fc9568ebd872ad507f1609a74b
1,right_hand,9,left_hand,different_subject_different_class,4.532327929986689,4.5926509891861205,0.060323059199431484,0.013134692651688202,2,1,70981aa89ddbadceca42f354c3c51d05bf6dbf0c,f663379d77883542412d60804de6dc0c77beb1866344a59e0828131f39005040,796f04e7970972175a660a521caff47c83e0295f,122eacff868aa8f656ad6360716c1816f453979f,347d61f17793d636653b614ec2104baa61ac7a4b,ff6e4f0130e8f5d7629695d163db4ba4a2acb3a0c59737e7f82ebe2f52e48e7a,61cf0d498442916f91c767e09875aa06547376fc9568ebd872ad507f1609a74b
1,right_hand,9,right_hand,different_subject_same_class,6.559099990795619,6.561148470554648,0.0020484797590292203,0.0003122135961748861,47,1,70981aa89ddbadceca42f354c3c51d05bf6dbf0c,f663379d77883542412d60804de6dc0c77beb1866344a59e0828131f39005040,796f04e7970972175a660a521caff47c83e0295f,122eacff868aa8f656ad6360716c1816f453979f,347d61f17793d636653b614ec2104baa61ac7a4b,ff6e4f0130e8f5d7629695d163db4ba4a2acb3a0c59737e7f82ebe2f52e48e7a,61cf0d498442916f91c767e09875aa06547376fc9568ebd872ad507f1609a74b
1,right_hand,9,feet,different_subject_different_class,6.825691380931316,6.828071974326939,0.0023805933956229097,0.0003486479645460344,36,1,70981aa89ddbadceca42f354c3c51d05bf6dbf0c,f663379d77883542412d60804de6dc0c77beb1866344a59e0828131f39005040,796f04e7970972175a660a521caff47c83e0295f,122eacff868aa8f656ad6360716c1816f453979f,347d61f17793d636653b614ec2104baa61ac7a4b,ff6e4f0130e8f5d7629695d163db4ba4a2acb3a0c59737e7f82ebe2f52e48e7a,61cf0d498442916f91c767e09875aa06547376fc9568ebd872ad507f1609a74b
1,right_hand,9,tongue,different_subject_different_class,8.315466714061058,8.312595194142919,-0.002871519918139498,-0.0003454420492125949,88,1,70981aa89ddbadceca42f354c3c51d05bf6dbf0c,f663379d77883542412d60804de6dc0c77beb1866344a59e0828131f39005040,796f04e7970972175a660a521caff47c83e0295f,122eacff868aa8f656ad6360716c1816f453979f,347d61f17793d636653b614ec2104baa61ac7a4b,ff6e4f0130e8f5d7629695d163db4ba4a2acb3a0c59737e7f82ebe2f52e48e7a,61cf0d498442916f91c767e09875aa06547376fc9568ebd872ad507f1609a74b
1,feet,1,left_hand,same_subject_different_class,1.8150643315938304,1.7572967130368076,-0.05776761855702284,-0.032873002110835256,98,1,70981aa89ddbadceca42f354c3c51d05bf6dbf0c,f663379d77883542412d60804de6dc0c77beb1866344a59e0828131f39005040,796f04e7970972175a660a521caff47c83e0295f,122eacff868aa8f656ad6360716c1816f453979f,347d61f17793d636653b614ec2104baa61ac7a4b,ff6e4f0130e8f5d7629695d163db4ba4a2acb3a0c59737e7f82ebe2f52e48e7a,61cf0d498442916f91c767e09875aa06547376fc9568ebd872ad507f1609a74b
1,feet,1,right_hand,same_subject_different_class,1.9517487972517882,1.878678553273534,-0.07307024397825423,-0.0388944898800978,117,1,70981aa89ddbadceca42f354c3c51d05bf6dbf0c,f663379d77883542412d60804de6dc0c77beb1866344a59e0828131f39005040,796f04e7970972175a660a521caff47c83e0295f,122eacff868aa8f656ad6360716c1816f453979f,347d61f17793d636653b614ec2104baa61ac7a4b,ff6e4f0130e8f5d7629695d163db4ba4a2acb3a0c59737e7f82ebe2f52e48e7a,61cf0d498442916f91c767e09875aa06547376fc9568ebd872ad507f1609a74b
1,feet,1,feet,same_subject_same_class,0.7720485390039344,1.024232224995826,0.25218368599189156,0.24621729314650226,1,1,70981aa89ddbadceca42f354c3c51d05bf6dbf0c,f663379d77883542412d60804de6dc0c77beb1866344a59e0828131f39005040,796f04e7970972175a660a521caff47c83e0295f,122eacff868aa8f656ad6360716c1816f453979f,347d61f17793d636653b614ec2104baa61ac7a4b,ff6e4f0130e8f5d7629695d163db4ba4a2acb3a0c59737e7f82ebe2f52e48e7a,61cf0d498442916f91c767e09875aa06547376fc9568ebd872ad507f1609a74b
1,feet,1,tongue,same_subject_different_class,0.9175212666924579,1.1812822037321475,0.2637609370396896,0.22328359489913782,1,1,70981aa89ddbadceca42f354c3c51d05bf6dbf0c,f663379d77883542412d60804de6dc0c77beb1866344a59e0828131f39005040,796f04e7970972175a660a521caff47c83e0295f,122eacff868aa8f656ad6360716c1816f453979f,347d61f17793d636653b614ec2104baa61ac7a4b,ff6e4f0130e8f5d7629695d163db4ba4a2acb3a0c59737e7f82ebe2f52e48e7a,61cf0d498442916f91c767e09875aa06547376fc9568ebd872ad507f1609a74b
1,feet,2,left_hand,different_subject_different_class,2.5322109504957755,2.591339206501144,0.05912825600536831,0.022817644196108145,22,1,70981aa89ddbadceca42f354c3c51d05bf6dbf0c,f663379d77883542412d60804de6dc0c77beb1866344a59e0828131f39005040,796f04e7970972175a660a521caff47c83e0295f,122eacff868aa8f656ad6360716c1816f453979f,347d61f17793d636653b614ec2104baa61ac7a4b,ff6e4f0130e8f5d7629695d163db4ba4a2acb3a0c59737e7f82ebe2f52e48e7a,61cf0d498442916f91c767e09875aa06547376fc9568ebd872ad507f1609a74b
1,feet,2,right_hand,different_subject_different_class,2.2912717714472564,2.3606434828912652,0.06937171144400889,0.029386780319340687,20,1,70981aa89ddbadceca42f354c3c51d05bf6dbf0c,f663379d77883542412d60804de6dc0c77beb1866344a59e0828131f39005040,796f04e7970972175a660a521caff47c83e0295f,122eacff868aa8f656ad6360716c1816f453979f,347d61f17793d636653b614ec2104baa61ac7a4b,ff6e4f0130e8f5d7629695d163db4ba4a2acb3a0c59737e7f82ebe2f52e48e7a,61cf0d498442916f91c767e09875aa06547376fc9568ebd872ad507f1609a74b
1,feet,2,feet,different_subject_same_class,2.316176089413879,2.4169217074654066,0.1007456180515276,0.04168344292673765,1,1,70981aa89ddbadceca42f354c3c51d05bf6dbf0c,f663379d77883542412d60804de6dc0c77beb1866344a59e0828131f39005040,796f04e7970972175a660a521caff47c83e0295f,122eacff868aa8f656ad6360716c1816f453979f,347d61f17793d636653b614ec2104baa61ac7a4b,ff6e4f0130e8f5d7629695d163db4ba4a2acb3a0c59737e7f82ebe2f52e48e7a,61cf0d498442916f91c767e09875aa06547376fc9568ebd872ad507f1609a74b
1,feet,2,tongue,different_subject_different_class,2.2675580284202383,2.349107877069035,0.08154984864879644,0.03471524209034862,18,1,70981aa89ddbadceca42f354c3c51d05bf6dbf0c,f663379d77883542412d60804de6dc0c77beb1866344a59e0828131f39005040,796f04e7970972175a660a521caff47c83e0295f,122eacff868aa8f656ad6360716c1816f453979f,347d61f17793d636653b614ec2104baa61ac7a4b,ff6e4f0130e8f5d7629695d163db4ba4a2acb3a0c59737e7f82ebe2f52e48e7a,61cf0d498442916f91c767e09875aa06547376fc9568ebd872ad507f1609a74b
1,feet,3,left_hand,different_subject_different_class,2.216289978892097,2.239218311081797,0.02292833218970003,0.010239435822862238,36,1,70981aa89ddbadceca42f354c3c51d05bf6dbf0c,f663379d77883542412d60804de6dc0c77beb1866344a59e0828131f39005040,796f04e7970972175a660a521caff47c83e0295f,122eacff868aa8f656ad6360716c1816f453979f,347d61f17793d636653b614ec2104baa61ac7a4b,ff6e4f0130e8f5d7629695d163db4ba4a2acb3a0c59737e7f82ebe2f52e48e7a,61cf0d498442916f91c767e09875aa06547376fc9568ebd872ad507f1609a74b
1,feet,3,right_hand,different_subject_different_class,2.2307280755574337,2.227055348098516,-0.0036727274589178904,-0.001649140629600295,72,1,70981aa89ddbadceca42f354c3c51d05bf6dbf0c,f663379d77883542412d60804de6dc0c77beb1866344a59e0828131f39005040,796f04e7970972175a660a521caff47c83e0295f,122eacff868aa8f656ad6360716c1816f453979f,347d61f17793d636653b614ec2104baa61ac7a4b,ff6e4f0130e8f5d7629695d163db4ba4a2acb3a0c59737e7f82ebe2f52e48e7a,61cf0d498442916f91c767e09875aa06547376fc9568ebd872ad507f1609a74b
1,feet,3,feet,different_subject_same_class,2.4828042807890593,2.5733143477665195,0.09051006697746011,0.035172565316793636,17,1,70981aa89ddbadceca42f354c3c51d05bf6dbf0c,f663379d77883542412d60804de6dc0c77beb1866344a59e0828131f39005040,796f04e7970972175a660a521caff47c83e0295f,122eacff868aa8f656ad6360716c1816f453979f,347d61f17793d636653b614ec2104baa61ac7a4b,ff6e4f0130e8f5d7629695d163db4ba4a2acb3a0c59737e7f82ebe2f52e48e7a,61cf0d498442916f91c767e09875aa06547376fc9568ebd872ad507f1609a74b
1,feet,3,tongue,different_subject_different_class,3.002353686941311,3.093052463349613,0.09069877640830182,0.02932338765120066,12,1,70981aa89ddbadceca42f354c3c51d05bf6dbf0c,f663379d77883542412d60804de6dc0c77beb1866344a59e0828131f39005040,796f04e7970972175a660a521caff47c83e0295f,122eacff868aa8f656ad6360716c1816f453979f,347d61f17793d636653b614ec2104baa61ac7a4b,ff6e4f0130e8f5d7629695d163db4ba4a2acb3a0c59737e7f82ebe2f52e48e7a,61cf0d498442916f91c767e09875aa06547376fc9568ebd872ad507f1609a74b
1,feet,4,left_hand,different_subject_different_class,2.523289243089029,2.5403076555012736,0.017018412412244555,0.0066993509134177474,32,1,70981aa89ddbadceca42f354c3c51d05bf6dbf0c,f663379d77883542412d60804de6dc0c77beb1866344a59e0828131f39005040,796f04e7970972175a660a521caff47c83e0295f,122eacff868aa8f656ad6360716c1816f453979f,347d61f17793d636653b614ec2104baa61ac7a4b,ff6e4f0130e8f5d7629695d163db4ba4a2acb3a0c59737e7f82ebe2f52e48e7a,61cf0d498442916f91c767e09875aa06547376fc9568ebd872ad507f1609a74b
1,feet,4,right_hand,different_subject_different_class,2.456081928464233,2.5021390970632007,0.04605716859896791,0.018407117595111287,19,1,70981aa89ddbadceca42f354c3c51d05bf6dbf0c,f663379d77883542412d60804de6dc0c77beb1866344a59e0828131f39005040,796f04e7970972175a660a521caff47c83e0295f,122eacff868aa8f656ad6360716c1816f453979f,347d61f17793d636653b614ec2104baa61ac7a4b,ff6e4f0130e8f5d7629695d163db4ba4a2acb3a0c59737e7f82ebe2f52e48e7a,61cf0d498442916f91c767e09875aa06547376fc9568ebd872ad507f1609a74b
1,feet,4,feet,different_subject_same_class,1.9480606059921042,2.074395839935832,0.1263352339437278,0.060902182462743364,24,1,70981aa89ddbadceca42f354c3c51d05bf6dbf0c,f663379d77883542412d60804de6dc0c77beb1866344a59e0828131f39005040,796f04e7970972175a660a521caff47c83e0295f,122eacff868aa8f656ad6360716c1816f453979f,347d61f17793d636653b614ec2104baa61ac7a4b,ff6e4f0130e8f5d7629695d163db4ba4a2acb3a0c59737e7f82ebe2f52e48e7a,61cf0d498442916f91c767e09875aa06547376fc9568ebd872ad507f1609a74b
1,feet,4,tongue,different_subject_different_class,1.9487659723413986,2.0504903004972412,0.10172432815584265,0.04960975827643497,20,1,70981aa89ddbadceca42f354c3c51d05bf6dbf0c,f663379d77883542412d60804de6dc0c77beb1866344a59e0828131f39005040,796f04e7970972175a660a521caff47c83e0295f,122eacff868aa8f656ad6360716c1816f453979f,347d61f17793d636653b614ec2104baa61ac7a4b,ff6e4f0130e8f5d7629695d163db4ba4a2acb3a0c59737e7f82ebe2f52e48e7a,61cf0d498442916f91c767e09875aa06547376fc9568ebd872ad507f1609a74b
1,feet,5,left_hand,different_subject_different_class,4.357981696940128,4.363971828317867,0.005990131377738628,0.0013726329163879086,41,1,70981aa89ddbadceca42f354c3c51d05bf6dbf0c,f663379d77883542412d60804de6dc0c77beb1866344a59e0828131f39005040,796f04e7970972175a660a521caff47c83e0295f,122eacff868aa8f656ad6360716c1816f453979f,347d61f17793d636653b614ec2104baa61ac7a4b,ff6e4f0130e8f5d7629695d163db4ba4a2acb3a0c59737e7f82ebe2f52e48e7a,61cf0d498442916f91c767e09875aa06547376fc9568ebd872ad507f1609a74b
1,feet,5,right_hand,different_subject_different_class,4.356244033409471,4.365317823423531,0.009073790014060279,0.0020786092516269744,13,1,70981aa89ddbadceca42f354c3c51d05bf6dbf0c,f663379d77883542412d60804de6dc0c77beb1866344a59e0828131f39005040,796f04e7970972175a660a521caff47c83e0295f,122eacff868aa8f656ad6360716c1816f453979f,347d61f17793d636653b614ec2104baa61ac7a4b,ff6e4f0130e8f5d7629695d163db4ba4a2acb3a0c59737e7f82ebe2f52e48e7a,61cf0d498442916f91c767e09875aa06547376fc9568ebd872ad507f1609a74b
1,feet,5,feet,different_subject_same_class,4.2571310950193615,4.262896721026476,0.005765626007114832,0.0013525136507943616,39,1,70981aa89ddbadceca42f354c3c51d05bf6dbf0c,f663379d77883542412d60804de6dc0c77beb1866344a59e0828131f39005040,796f04e7970972175a660a521caff47c83e0295f,122eacff868aa8f656ad6360716c1816f453979f,347d61f17793d636653b614ec2104baa61ac7a4b,ff6e4f0130e8f5d7629695d163db4ba4a2acb3a0c59737e7f82ebe2f52e48e7a,61cf0d498442916f91c767e09875aa06547376fc9568ebd872ad507f1609a74b
1,feet,5,tongue,different_subject_different_class,4.293722318783618,4.30789664588513,0.014174327101511786,0.003290312713293852,3,1,70981aa89ddbadceca42f354c3c51d05bf6dbf0c,f663379d77883542412d60804de6dc0c77beb1866344a59e0828131f39005040,796f04e7970972175a660a521caff47c83e0295f,122eacff868aa8f656ad6360716c1816f453979f,347d61f17793d636653b614ec2104baa61ac7a4b,ff6e4f0130e8f5d7629695d163db4ba4a2acb3a0c59737e7f82ebe2f52e48e7a,61cf0d498442916f91c767e09875aa06547376fc9568ebd872ad507f1609a74b
1,feet,6,left_hand,different_subject_different_class,2.77228081843958,2.8024594515389647,0.030178633099384733,0.010768624353445043,3,1,70981aa89ddbadceca42f354c3c51d05bf6dbf0c,f663379d77883542412d60804de6dc0c77beb1866344a59e0828131f39005040,796f04e7970972175a660a521caff47c83e0295f,122eacff868aa8f656ad6360716c1816f453979f,347d61f17793d636653b614ec2104baa61ac7a4b,ff6e4f0130e8f5d7629695d163db4ba4a2acb3a0c59737e7f82ebe2f52e48e7a,61cf0d498442916f91c767e09875aa06547376fc9568ebd872ad507f1609a74b
1,feet,6,right_hand,different_subject_different_class,2.8682926804268285,2.879569130729527,0.011276450302698304,0.003916019998395199,13,1,70981aa89ddbadceca42f354c3c51d05bf6dbf0c,f663379d77883542412d60804de6dc0c77beb1866344a59e0828131f39005040,796f04e7970972175a660a521caff47c83e0295f,122eacff868aa8f656ad6360716c1816f453979f,347d61f17793d636653b614ec2104baa61ac7a4b,ff6e4f0130e8f5d7629695d163db4ba4a2acb3a0c59737e7f82ebe2f52e48e7a,61cf0d498442916f91c767e09875aa06547376fc9568ebd872ad507f1609a74b
1,feet,6,feet,different_subject_same_class,3.458111233132189,3.5214389687359713,0.06332773560378246,0.017983482367866822,22,1,70981aa89ddbadceca42f354c3c51d05bf6dbf0c,f663379d77883542412d60804de6dc0c77beb1866344a59e0828131f39005040,796f04e7970972175a660a521caff47c83e0295f,122eacff868aa8f656ad6360716c1816f453979f,347d61f17793d636653b614ec2104baa61ac7a4b,ff6e4f0130e8f5d7629695d163db4ba4a2acb3a0c59737e7f82ebe2f52e48e7a,61cf0d498442916f91c767e09875aa06547376fc9568ebd872ad507f1609a74b
1,feet,6,tongue,different_subject_different_class,3.131560420010814,3.1552803841292842,0.023719964118470216,0.007517545584151268,6,1,70981aa89ddbadceca42f354c3c51d05bf6dbf0c,f663379d77883542412d60804de6dc0c77beb1866344a59e0828131f39005040,796f04e7970972175a660a521caff47c83e0295f,122eacff868aa8f656ad6360716c1816f453979f,347d61f17793d636653b614ec2104baa61ac7a4b,ff6e4f0130e8f5d7629695d163db4ba4a2acb3a0c59737e7f82ebe2f52e48e7a,61cf0d498442916f91c767e09875aa06547376fc9568ebd872ad507f1609a74b
1,feet,7,left_hand,different_subject_different_class,1.9457309254025368,1.932825896348925,-0.012905029053611683,-0.006676767461564469,87,1,70981aa89ddbadceca42f354c3c51d05bf6dbf0c,f663379d77883542412d60804de6dc0c77beb1866344a59e0828131f39005040,796f04e7970972175a660a521caff47c83e0295f,122eacff868aa8f656ad6360716c1816f453979f,347d61f17793d636653b614ec2104baa61ac7a4b,ff6e4f0130e8f5d7629695d163db4ba4a2acb3a0c59737e7f82ebe2f52e48e7a,61cf0d498442916f91c767e09875aa06547376fc9568ebd872ad507f1609a74b
1,feet,7,right_hand,different_subject_different_class,1.94391578198725,1.9329239829338463,-0.01099179905340364,-0.005686617347837952,79,1,70981aa89ddbadceca42f354c3c51d05bf6dbf0c,f663379d77883542412d60804de6dc0c77beb1866344a59e0828131f39005040,796f04e7970972175a660a521caff47c83e0295f,122eacff868aa8f656ad6360716c1816f453979f,347d61f17793d636653b614ec2104baa61ac7a4b,ff6e4f0130e8f5d7629695d163db4ba4a2acb3a0c59737e7f82ebe2f52e48e7a,61cf0d498442916f91c767e09875aa06547376fc9568ebd872ad507f1609a74b
1,feet,7,feet,different_subject_same_class,1.8481554896424475,1.9015603439555755,0.053404854313128025,0.028084753914270563,8,1,70981aa89ddbadceca42f354c3c51d05bf6dbf0c,f663379d77883542412d60804de6dc0c77beb1866344a59e0828131f39005040,796f04e7970972175a660a521caff47c83e0295f,122eacff868aa8f656ad6360716c1816f453979f,347d61f17793d636653b614ec2104baa61ac7a4b,ff6e4f0130e8f5d7629695d163db4ba4a2acb3a0c59737e7f82ebe2f52e48e7a,61cf0d498442916f91c767e09875aa06547376fc9568ebd872ad507f1609a74b
1,feet,7,tongue,different_subject_different_class,1.9156587735964337,2.0095465462138824,0.09388777261744874,0.046720874813444585,9,1,70981aa89ddbadceca42f354c3c51d05bf6dbf0c,f663379d77883542412d60804de6dc0c77beb1866344a59e0828131f39005040,796f04e7970972175a660a521caff47c83e0295f,122eacff868aa8f656ad6360716c1816f453979f,347d61f17793d636653b614ec2104baa61ac7a4b,ff6e4f0130e8f5d7629695d163db4ba4a2acb3a0c59737e7f82ebe2f52e48e7a,61cf0d498442916f91c767e09875aa06547376fc9568ebd872ad507f1609a74b
1,feet,8,left_hand,different_subject_different_class,3.0612028274524636,3.040992234267422,-0.020210593185041592,-0.006646052218515561,98,1,70981aa89ddbadceca42f354c3c51d05bf6dbf0c,f663379d77883542412d60804de6dc0c77beb1866344a59e0828131f39005040,796f04e7970972175a660a521caff47c83e0295f,122eacff868aa8f656ad6360716c1816f453979f,347d61f17793d636653b614ec2104baa61ac7a4b,ff6e4f0130e8f5d7629695d163db4ba4a2acb3a0c59737e7f82ebe2f52e48e7a,61cf0d498442916f91c767e09875aa06547376fc9568ebd872ad507f1609a74b
1,feet,8,right_hand,different_subject_different_class,3.4129880427394292,3.416314428836159,0.003326386096729639,0.0009736767987901055,68,1,70981aa89ddbadceca42f354c3c51d05bf6dbf0c,f663379d77883542412d60804de6dc0c77beb1866344a59e0828131f39005040,796f04e7970972175a660a521caff47c83e0295f,122eacff868aa8f656ad6360716c1816f453979f,347d61f17793d636653b614ec2104baa61ac7a4b,ff6e4f0130e8f5d7629695d163db4ba4a2acb3a0c59737e7f82ebe2f52e48e7a,61cf0d498442916f91c767e09875aa06547376fc9568ebd872ad507f1609a74b
1,feet,8,feet,different_subject_same_class,3.25578048027047,3.2717607992608757,0.01598031899040553,0.0048843176414411615,22,1,70981aa89ddbadceca42f354c3c51d05bf6dbf0c,f663379d77883542412d60804de6dc0c77beb1866344a59e0828131f39005040,796f04e7970972175a660a521caff47c83e0295f,122eacff868aa8f656ad6360716c1816f453979f,347d61f17793d636653b614ec2104baa61ac7a4b,ff6e4f0130e8f5d7629695d163db4ba4a2acb3a0c59737e7f82ebe2f52e48e7a,61cf0d498442916f91c767e09875aa06547376fc9568ebd872ad507f1609a74b
1,feet,8,tongue,different_subject_different_class,4.255394737957339,4.28886407182952,0.03346933387218165,0.007803775851050575,10,1,70981aa89ddbadceca42f354c3c51d05bf6dbf0c,f663379d77883542412d60804de6dc0c77beb1866344a59e0828131f39005040,796f04e7970972175a660a521caff47c83e0295f,122eacff868aa8f656ad6360716c1816f453979f,347d61f17793d636653b614ec2104baa61ac7a4b,ff6e4f0130e8f5d7629695d163db4ba4a2acb3a0c59737e7f82ebe2f52e48e7a,61cf0d498442916f91c767e09875aa06547376fc9568ebd872ad507f1609a74b
1,feet,9,left_hand,different_subject_different_class,3.655984544379419,3.50435940174469,-0.15162514263472904,-0.04326757768031456,119,1,70981aa89ddbadceca42f354c3c51d05bf6dbf0c,f663379d77883542412d60804de6dc0c77beb1866344a59e0828131f39005040,796f04e7970972175a660a521caff47c83e0295f,122eacff868aa8f656ad6360716c1816f453979f,347d61f17793d636653b614ec2104baa61ac7a4b,ff6e4f0130e8f5d7629695d163db4ba4a2acb3a0c59737e7f82ebe2f52e48e7a,61cf0d498442916f91c767e09875aa06547376fc9568ebd872ad507f1609a74b
1,feet,9,right_hand,different_subject_different_class,5.2828315221859,5.2829472083846305,0.00011568619873081332,2.189804178758522e-05,52,1,70981aa89ddbadceca42f354c3c51d05bf6dbf0c,f663379d77883542412d60804de6dc0c77beb1866344a59e0828131f39005040,796f04e7970972175a660a521caff47c83e0295f,122eacff868aa8f656ad6360716c1816f453979f,347d61f17793d636653b614ec2104baa61ac7a4b,ff6e4f0130e8f5d7629695d163db4ba4a2acb3a0c59737e7f82ebe2f52e48e7a,61cf0d498442916f91c767e09875aa06547376fc9568ebd872ad507f1609a74b
1,feet,9,feet,different_subject_same_class,5.522503712041373,5.51198086584581,-0.010522846195563318,-0.0019090861256007997,93,1,70981aa89ddbadceca42f354c3c51d05bf6dbf0c,f663379d77883542412d60804de6dc0c77beb1866344a59e0828131f39005040,796f04e7970972175a660a521caff47c83e0295f,122eacff868aa8f656ad6360716c1816f453979f,347d61f17793d636653b614ec2104baa61ac7a4b,ff6e4f0130e8f5d7629695d163db4ba4a2acb3a0c59737e7f82ebe2f52e48e7a,61cf0d498442916f91c767e09875aa06547376fc9568ebd872ad507f1609a74b
1,feet,9,tongue,different_subject_different_class,6.983411798463344,7.002534211373005,0.019122412909661435,0.0027307846463076476,2,1,70981aa89ddbadceca42f354c3c51d05bf6dbf0c,f663379d77883542412d60804de6dc0c77beb1866344a59e0828131f39005040,796f04e7970972175a660a521caff47c83e0295f,122eacff868aa8f656ad6360716c1816f453979f,347d61f17793d636653b614ec2104baa61ac7a4b,ff6e4f0130e8f5d7629695d163db4ba4a2acb3a0c59737e7f82ebe2f52e48e7a,61cf0d498442916f91c767e09875aa06547376fc9568ebd872ad507f1609a74b
1,tongue,1,left_hand,same_subject_different_class,2.226768005350498,2.1827890559121608,-0.043978949438337356,-0.020148052932196462,86,1,70981aa89ddbadceca42f354c3c51d05bf6dbf0c,f663379d77883542412d60804de6dc0c77beb1866344a59e0828131f39005040,796f04e7970972175a660a521caff47c83e0295f,122eacff868aa8f656ad6360716c1816f453979f,347d61f17793d636653b614ec2104baa61ac7a4b,ff6e4f0130e8f5d7629695d163db4ba4a2acb3a0c59737e7f82ebe2f52e48e7a,61cf0d498442916f91c767e09875aa06547376fc9568ebd872ad507f1609a74b
1,tongue,1,right_hand,same_subject_different_class,2.4286057798153076,2.3766445746047866,-0.051961205210520944,-0.02186326292359538,108,1,70981aa89ddbadceca42f354c3c51d05bf6dbf0c,f663379d77883542412d60804de6dc0c77beb1866344a59e0828131f39005040,796f04e7970972175a660a521caff47c83e0295f,122eacff868aa8f656ad6360716c1816f453979f,347d61f17793d636653b614ec2104baa61ac7a4b,ff6e4f0130e8f5d7629695d163db4ba4a2acb3a0c59737e7f82ebe2f52e48e7a,61cf0d498442916f91c767e09875aa06547376fc9568ebd872ad507f1609a74b
1,tongue,1,feet,same_subject_different_class,0.7976291533861138,1.1140514029785673,0.31642224959245346,0.284028410849316,1,1,70981aa89ddbadceca42f354c3c51d05bf6dbf0c,f663379d77883542412d60804de6dc0c77beb1866344a59e0828131f39005040,796f04e7970972175a660a521caff47c83e0295f,122eacff868aa8f656ad6360716c1816f453979f,347d61f17793d636653b614ec2104baa61ac7a4b,ff6e4f0130e8f5d7629695d163db4ba4a2acb3a0c59737e7f82ebe2f52e48e7a,61cf0d498442916f91c767e09875aa06547376fc9568ebd872ad507f1609a74b
1,tongue,1,tongue,same_subject_same_class,0.7002502138509795,1.0974406773727217,0.39719046352174214,0.36192431327825214,1,1,70981aa89ddbadceca42f354c3c51d05bf6dbf0c,f663379d77883542412d60804de6dc0c77beb1866344a59e0828131f39005040,796f04e7970972175a660a521caff47c83e0295f,122eacff868aa8f656ad6360716c1816f453979f,347d61f17793d636653b614ec2104baa61ac7a4b,ff6e4f0130e8f5d7629695d163db4ba4a2acb3a0c59737e7f82ebe2f52e48e7a,61cf0d498442916f91c767e09875aa06547376fc9568ebd872ad507f1609a74b
1,tongue,2,left_hand,different_subject_different_class,2.59267729901505,2.6670444904280313,0.07436719141298109,0.02788374610168051,8,1,70981aa89ddbadceca42f354c3c51d05bf6dbf0c,f663379d77883542412d60804de6dc0c77beb1866344a59e0828131f39005040,796f04e7970972175a660a521caff47c83e0295f,122eacff868aa8f656ad6360716c1816f453979f,347d61f17793d636653b614ec2104baa61ac7a4b,ff6e4f0130e8f5d7629695d163db4ba4a2acb3a0c59737e7f82ebe2f52e48e7a,61cf0d498442916f91c767e09875aa06547376fc9568ebd872ad507f1609a74b
1,tongue,2,right_hand,different_subject_different_class,2.449563814658626,2.5379333765954364,0.08836956193681056,0.03481949634759749,6,1,70981aa89ddbadceca42f354c3c51d05bf6dbf0c,f663379d77883542412d60804de6dc0c77beb1866344a59e0828131f39005040,796f04e7970972175a660a521caff47c83e0295f,122eacff868aa8f656ad6360716c1816f453979f,347d61f17793d636653b614ec2104baa61ac7a4b,ff6e4f0130e8f5d7629695d163db4ba4a2acb3a0c59737e7f82ebe2f52e48e7a,61cf0d498442916f91c767e09875aa06547376fc9568ebd872ad507f1609a74b
1,tongue,2,feet,different_subject_different_class,2.411545167188079,2.533519717286855,0.12197455009877567,0.04814430662075058,1,1,70981aa89ddbadceca42f354c3c51d05bf6dbf0c,f663379d77883542412d60804de6dc0c77beb1866344a59e0828131f39005040,796f04e7970972175a660a521caff47c83e0295f,122eacff868aa8f656ad6360716c1816f453979f,347d61f17793d636653b614ec2104baa61ac7a4b,ff6e4f0130e8f5d7629695d163db4ba4a2acb3a0c59737e7f82ebe2f52e48e7a,61cf0d498442916f91c767e09875aa06547376fc9568ebd872ad507f1609a74b
1,tongue,2,tongue,different_subject_same_class,2.4575365070986357,2.553275592146959,0.09573908504832351,0.03749657316381578,6,1,70981aa89ddbadceca42f354c3c51d05bf6dbf0c,f663379d77883542412d60804de6dc0c77beb1866344a59e0828131f39005040,796f04e7970972175a660a521caff47c83e0295f,122eacff868aa8f656ad6360716c1816f453979f,347d61f17793d636653b614ec2104baa61ac7a4b,ff6e4f0130e8f5d7629695d163db4ba4a2acb3a0c59737e7f82ebe2f52e48e7a,61cf0d498442916f91c767e09875aa06547376fc9568ebd872ad507f1609a74b
1,tongue,3,left_hand,different_subject_different_class,2.2616998378280067,2.2748280805215275,0.013128242693520864,0.005771092244698808,52,1,70981aa89ddbadceca42f354c3c51d05bf6dbf0c,f663379d77883542412d60804de6dc0c77beb1866344a59e0828131f39005040,796f04e7970972175a660a521caff47c83e0295f,122eacff868aa8f656ad6360716c1816f453979f,347d61f17793d636653b614ec2104baa61ac7a4b,ff6e4f0130e8f5d7629695d163db4ba4a2acb3a0c59737e7f82ebe2f52e48e7a,61cf0d498442916f91c767e09875aa06547376fc9568ebd872ad507f1609a74b
1,tongue,3,right_hand,different_subject_different_class,2.3022987749606343,2.289024720773047,-0.013274054187587314,-0.00579899992652959,81,1,70981aa89ddbadceca42f354c3c51d05bf6dbf0c,f663379d77883542412d60804de6dc0c77beb1866344a59e0828131f39005040,796f04e7970972175a660a521caff47c83e0295f,122eacff868aa8f656ad6360716c1816f453979f,347d61f17793d636653b614ec2104baa61ac7a4b,ff6e4f0130e8f5d7629695d163db4ba4a2acb3a0c59737e7f82ebe2f52e48e7a,61cf0d498442916f91c767e09875aa06547376fc9568ebd872ad507f1609a74b
1,tongue,3,feet,different_subject_different_class,2.3442853048987358,2.460974182993657,0.11668887809492112,0.047415726219839784,17,1,70981aa89ddbadceca42f354c3c51d05bf6dbf0c,f663379d77883542412d60804de6dc0c77beb1866344a59e0828131f39005040,796f04e7970972175a660a521caff47c83e0295f,122eacff868aa8f656ad6360716c1816f453979f,347d61f17793d636653b614ec2104baa61ac7a4b,ff6e4f0130e8f5d7629695d163db4ba4a2acb3a0c59737e7f82ebe2f52e48e7a,61cf0d498442916f91c767e09875aa06547376fc9568ebd872ad507f1609a74b
1,tongue,3,tongue,different_subject_same_class,2.7413381153381344,2.8637373586784616,0.12239924334032715,0.04274108551519233,7,1,70981aa89ddbadceca42f354c3c51d05bf6dbf0c,f663379d77883542412d60804de6dc0c77beb1866344a59e0828131f39005040,796f04e7970972175a660a521caff47c83e0295f,122eacff868aa8f656ad6360716c1816f453979f,347d61f17793d636653b614ec2104baa61ac7a4b,ff6e4f0130e8f5d7629695d163db4ba4a2acb3a0c59737e7f82ebe2f52e48e7a,61cf0d498442916f91c767e09875aa06547376fc9568ebd872ad507f1609a74b
1,tongue,4,left_hand,different_subject_different_class,3.0013226877783366,3.001332383374804,9.695596467462764e-06,3.2304307650726417e-06,62,1,70981aa89ddbadceca42f354c3c51d05bf6dbf0c,f663379d77883542412d60804de6dc0c77beb1866344a59e0828131f39005040,796f04e7970972175a660a521caff47c83e0295f,122eacff868aa8f656ad6360716c1816f453979f,347d61f17793d636653b614ec2104baa61ac7a4b,ff6e4f0130e8f5d7629695d163db4ba4a2acb3a0c59737e7f82ebe2f52e48e7a,61cf0d498442916f91c767e09875aa06547376fc9568ebd872ad507f1609a74b
1,tongue,4,right_hand,different_subject_different_class,2.9221269803420395,2.973333322539907,0.05120634219786746,0.01722186403040932,16,1,70981aa89ddbadceca42f354c3c51d05bf6dbf0c,f663379d77883542412d60804de6dc0c77beb1866344a59e0828131f39005040,796f04e7970972175a660a521caff47c83e0295f,122eacff868aa8f656ad6360716c1816f453979f,347d61f17793d636653b614ec2104baa61ac7a4b,ff6e4f0130e8f5d7629695d163db4ba4a2acb3a0c59737e7f82ebe2f52e48e7a,61cf0d498442916f91c767e09875aa06547376fc9568ebd872ad507f1609a74b
1,tongue,4,feet,different_subject_different_class,2.27212157557475,2.4056778528807863,0.13355627730603636,0.055517108055886805,6,1,70981aa89ddbadceca42f354c3c51d05bf6dbf0c,f663379d77883542412d60804de6dc0c77beb1866344a59e0828131f39005040,796f04e7970972175a660a521caff47c83e0295f,122eacff868aa8f656ad6360716c1816f453979f,347d61f17793d636653b614ec2104baa61ac7a4b,ff6e4f0130e8f5d7629695d163db4ba4a2acb3a0c59737e7f82ebe2f52e48e7a,61cf0d498442916f91c767e09875aa06547376fc9568ebd872ad507f1609a74b
1,tongue,4,tongue,different_subject_same_class,2.28430539756205,2.3996604741359975,0.11535507657394728,0.048071415859562844,11,1,70981aa89ddbadceca42f354c3c51d05bf6dbf0c,f663379d77883542412d60804de6dc0c77beb1866344a59e0828131f39005040,796f04e7970972175a660a521caff47c83e0295f,122eacff868aa8f656ad6360716c1816f453979f,347d61f17793d636653b614ec2104baa61ac7a4b,ff6e4f0130e8f5d7629695d163db4ba4a2acb3a0c59737e7f82ebe2f52e48e7a,61cf0d498442916f91c767e09875aa06547376fc9568ebd872ad507f1609a74b
1,tongue,5,left_hand,different_subject_different_class,4.815329834458545,4.817111996924138,0.001782162465592485,0.0003699649222875545,60,1,70981aa89ddbadceca42f354c3c51d05bf6dbf0c,f663379d77883542412d60804de6dc0c77beb1866344a59e0828131f39005040,796f04e7970972175a660a521caff47c83e0295f,122eacff868aa8f656ad6360716c1816f453979f,347d61f17793d636653b614ec2104baa61ac7a4b,ff6e4f0130e8f5d7629695d163db4ba4a2acb3a0c59737e7f82ebe2f52e48e7a,61cf0d498442916f91c767e09875aa06547376fc9568ebd872ad507f1609a74b
1,tongue,5,right_hand,different_subject_different_class,4.82177806292144,4.829229202660139,0.007451139738699375,0.0015429252632273033,21,1,70981aa89ddbadceca42f354c3c51d05bf6dbf0c,f663379d77883542412d60804de6dc0c77beb1866344a59e0828131f39005040,796f04e7970972175a660a521caff47c83e0295f,122eacff868aa8f656ad6360716c1816f453979f,347d61f17793d636653b614ec2104baa61ac7a4b,ff6e4f0130e8f5d7629695d163db4ba4a2acb3a0c59737e7f82ebe2f52e48e7a,61cf0d498442916f91c767e09875aa06547376fc9568ebd872ad507f1609a74b
1,tongue,5,feet,different_subject_different_class,4.710491273572411,4.714132458787845,0.0036411852154341062,0.0007723977311342609,43,1,70981aa89ddbadceca42f354c3c51d05bf6dbf0c,f663379d77883542412d60804de6dc0c77beb1866344a59e0828131f39005040,796f04e7970972175a660a521caff47c83e0295f,122eacff868aa8f656ad6360716c1816f453979f,347d61f17793d636653b614ec2104baa61ac7a4b,ff6e4f0130e8f5d7629695d163db4ba4a2acb3a0c59737e7f82ebe2f52e48e7a,61cf0d498442916f91c767e09875aa06547376fc9568ebd872ad507f1609a74b
1,tongue,5,tongue,different_subject_same_class,4.736590783992515,4.760848342258993,0.024257558266477908,0.0050952176004346,1,1,70981aa89ddbadceca42f354c3c51d05bf6dbf0c,f663379d77883542412d60804de6dc0c77beb1866344a59e0828131f39005040,796f04e7970972175a660a521caff47c83e0295f,122eacff868aa8f656ad6360716c1816f453979f,347d61f17793d636653b614ec2104baa61ac7a4b,ff6e4f0130e8f5d7629695d163db4ba4a2acb3a0c59737e7f82ebe2f52e48e7a,61cf0d498442916f91c767e09875aa06547376fc9568ebd872ad507f1609a74b
1,tongue,6,left_hand,different_subject_different_class,2.56136166823201,2.5887698968746373,0.027408228642627375,0.01058735605498067,22,1,70981aa89ddbadceca42f354c3c51d05bf6dbf0c,f663379d77883542412d60804de6dc0c77beb1866344a59e0828131f39005040,796f04e7970972175a660a521caff47c83e0295f,122eacff868aa8f656ad6360716c1816f453979f,347d61f17793d636653b614ec2104baa61ac7a4b,ff6e4f0130e8f5d7629695d163db4ba4a2acb3a0c59737e7f82ebe2f52e48e7a,61cf0d498442916f91c767e09875aa06547376fc9568ebd872ad507f1609a74b
1,tongue,6,right_hand,different_subject_different_class,2.6456667463989065,2.6581891722590782,0.012522425860171715,0.0047108858883543854,10,1,70981aa89ddbadceca42f354c3c51d05bf6dbf0c,f663379d77883542412d60804de6dc0c77beb1866344a59e0828131f39005040,796f04e7970972175a660a521caff47c83e0295f,122eacff868aa8f656ad6360716c1816f453979f,347d61f17793d636653b614ec2104baa61ac7a4b,ff6e4f0130e8f5d7629695d163db4ba4a2acb3a0c59737e7f82ebe2f52e48e7a,61cf0d498442916f91c767e09875aa06547376fc9568ebd872ad507f1609a74b
1,tongue,6,feet,different_subject_different_class,3.175693544625312,3.2357109690964725,0.06001742447116065,0.018548450416113554,25,1,70981aa89ddbadceca42f354c3c51d05bf6dbf0c,f663379d77883542412d60804de6dc0c77beb1866344a59e0828131f39005040,796f04e7970972175a660a521caff47c83e0295f,122eacff868aa8f656ad6360716c1816f453979f,347d61f17793d636653b614ec2104baa61ac7a4b,ff6e4f0130e8f5d7629695d163db4ba4a2acb3a0c59737e7f82ebe2f52e48e7a,61cf0d498442916f91c767e09875aa06547376fc9568ebd872ad507f1609a74b
1,tongue,6,tongue,different_subject_same_class,2.885622401292107,2.9059178950875033,0.020295493795396524,0.006984193816936932,24,1,70981aa89ddbadceca42f354c3c51d05bf6dbf0c,f663379d77883542412d60804de6dc0c77beb1866344a59e0828131f39005040,796f04e7970972175a660a521caff47c83e0295f,122eacff868aa8f656ad6360716c1816f453979f,347d61f17793d636653b614ec2104baa61ac7a4b,ff6e4f0130e8f5d7629695d163db4ba4a2acb3a0c59737e7f82ebe2f52e48e7a,61cf0d498442916f91c767e09875aa06547376fc9568ebd872ad507f1609a74b
1,tongue,7,left_hand,different_subject_different_class,2.3008583657061057,2.2982791442669424,-0.0025792214391633372,-0.001122240283821574,73,1,70981aa89ddbadceca42f354c3c51d05bf6dbf0c,f663379d77883542412d60804de6dc0c77beb1866344a59e0828131f39005040,796f04e7970972175a660a521caff47c83e0295f,122eacff868aa8f656ad6360716c1816f453979f,347d61f17793d636653b614ec2104baa61ac7a4b,ff6e4f0130e8f5d7629695d163db4ba4a2acb3a0c59737e7f82ebe2f52e48e7a,61cf0d498442916f91c767e09875aa06547376fc9568ebd872ad507f1609a74b
1,tongue,7,right_hand,different_subject_different_class,2.3157513789548076,2.29711662133097,-0.018634757623837483,-0.008112238382150723,95,1,70981aa89ddbadceca42f354c3c51d05bf6dbf0c,f663379d77883542412d60804de6dc0c77beb1866344a59e0828131f39005040,796f04e7970972175a660a521caff47c83e0295f,122eacff868aa8f656ad6360716c1816f453979f,347d61f17793d636653b614ec2104baa61ac7a4b,ff6e4f0130e8f5d7629695d163db4ba4a2acb3a0c59737e7f82ebe2f52e48e7a,61cf0d498442916f91c767e09875aa06547376fc9568ebd872ad507f1609a74b
1,tongue,7,feet,different_subject_different_class,2.139148525526114,2.160660249914036,0.02151172438792237,0.009956088371032991,46,1,70981aa89ddbadceca42f354c3c51d05bf6dbf0c,f663379d77883542412d60804de6dc0c77beb1866344a59e0828131f39005040,796f04e7970972175a660a521caff47c83e0295f,122eacff868aa8f656ad6360716c1816f453979f,347d61f17793d636653b614ec2104baa61ac7a4b,ff6e4f0130e8f5d7629695d163db4ba4a2acb3a0c59737e7f82ebe2f52e48e7a,61cf0d498442916f91c767e09875aa06547376fc9568ebd872ad507f1609a74b
1,tongue,7,tongue,different_subject_same_class,2.0091787573583417,2.0881649842795103,0.07898622692116852,0.037825663927805744,19,1,70981aa89ddbadceca42f354c3c51d05bf6dbf0c,f663379d77883542412d60804de6dc0c77beb1866344a59e0828131f39005040,796f04e7970972175a660a521caff47c83e0295f,122eacff868aa8f656ad6360716c1816f453979f,347d61f17793d636653b614ec2104baa61ac7a4b,ff6e4f0130e8f5d7629695d163db4ba4a2acb3a0c59737e7f82ebe2f52e48e7a,61cf0d498442916f91c767e09875aa06547376fc9568ebd872ad507f1609a74b
1,tongue,8,left_hand,different_subject_different_class,2.712782749083922,2.690261337297973,-0.022521411785948686,-0.008371458740349958,92,1,70981aa89ddbadceca42f354c3c51d05bf6dbf0c,f663379d77883542412d60804de6dc0c77beb1866344a59e0828131f39005040,796f04e7970972175a660a521caff47c83e0295f,122eacff868aa8f656ad6360716c1816f453979f,347d61f17793d636653b614ec2104baa61ac7a4b,ff6e4f0130e8f5d7629695d163db4ba4a2acb3a0c59737e7f82ebe2f52e48e7a,61cf0d498442916f91c767e09875aa06547376fc9568ebd872ad507f1609a74b
1,tongue,8,right_hand,different_subject_different_class,3.103662772702352,3.0955606048199096,-0.008102167882442224,-0.002617350753794589,81,1,70981aa89ddbadceca42f354c3c51d05bf6dbf0c,f663379d77883542412d60804de6dc0c77beb1866344a59e0828131f39005040,796f04e7970972175a660a521caff47c83e0295f,122eacff868aa8f656ad6360716c1816f453979f,347d61f17793d636653b614ec2104baa61ac7a4b,ff6e4f0130e8f5d7629695d163db4ba4a2acb3a0c59737e7f82ebe2f52e48e7a,61cf0d498442916f91c767e09875aa06547376fc9568ebd872ad507f1609a74b
1,tongue,8,feet,different_subject_different_class,2.897126670810178,2.910326987746239,0.01320031693606083,0.004535681726362704,30,1,70981aa89ddbadceca42f354c3c51d05bf6dbf0c,f663379d77883542412d60804de6dc0c77beb1866344a59e0828131f39005040,796f04e7970972175a660a521caff47c83e0295f,122eacff868aa8f656ad6360716c1816f453979f,347d61f17793d636653b614ec2104baa61ac7a4b,ff6e4f0130e8f5d7629695d163db4ba4a2acb3a0c59737e7f82ebe2f52e48e7a,61cf0d498442916f91c767e09875aa06547376fc9568ebd872ad507f1609a74b
1,tongue,8,tongue,different_subject_same_class,3.8375758412074714,3.900274885677863,0.06269904447039165,0.016075545008539735,2,1,70981aa89ddbadceca42f354c3c51d05bf6dbf0c,f663379d77883542412d60804de6dc0c77beb1866344a59e0828131f39005040,796f04e7970972175a660a521caff47c83e0295f,122eacff868aa8f656ad6360716c1816f453979f,347d61f17793d636653b614ec2104baa61ac7a4b,ff6e4f0130e8f5d7629695d163db4ba4a2acb3a0c59737e7f82ebe2f52e48e7a,61cf0d498442916f91c767e09875aa06547376fc9568ebd872ad507f1609a74b
1,tongue,9,left_hand,different_subject_different_class,3.391443277439692,3.1606012200535374,-0.2308420573861545,-0.07303738792527716,120,1,70981aa89ddbadceca42f354c3c51d05bf6dbf0c,f663379d77883542412d60804de6dc0c77beb1866344a59e0828131f39005040,796f04e7970972175a660a521caff47c83e0295f,122eacff868aa8f656ad6360716c1816f453979f,347d61f17793d636653b614ec2104baa61ac7a4b,ff6e4f0130e8f5d7629695d163db4ba4a2acb3a0c59737e7f82ebe2f52e48e7a,61cf0d498442916f91c767e09875aa06547376fc9568ebd872ad507f1609a74b
1,tongue,9,right_hand,different_subject_different_class,4.852499467043536,4.862960680693314,0.010461213649778145,0.0021512025978969434,14,1,70981aa89ddbadceca42f354c3c51d05bf6dbf0c,f663379d77883542412d60804de6dc0c77beb1866344a59e0828131f39005040,796f04e7970972175a660a521caff47c83e0295f,122eacff868aa8f656ad6360716c1816f453979f,347d61f17793d636653b614ec2104baa61ac7a4b,ff6e4f0130e8f5d7629695d163db4ba4a2acb3a0c59737e7f82ebe2f52e48e7a,61cf0d498442916f91c767e09875aa06547376fc9568ebd872ad507f1609a74b
1,tongue,9,feet,different_subject_different_class,5.080915469332598,5.080376115129141,-0.0005393542034566323,-0.00010616422706390945,63,1,70981aa89ddbadceca42f354c3c51d05bf6dbf0c,f663379d77883542412d60804de6dc0c77beb1866344a59e0828131f39005040,796f04e7970972175a660a521caff47c83e0295f,122eacff868aa8f656ad6360716c1816f453979f,347d61f17793d636653b614ec2104baa61ac7a4b,ff6e4f0130e8f5d7629695d163db4ba4a2acb3a0c59737e7f82ebe2f52e48e7a,61cf0d498442916f91c767e09875aa06547376fc9568ebd872ad507f1609a74b
1,tongue,9,tongue,different_subject_same_class,6.525332461288051,6.560268344139242,0.0349358828511912,0.0053253740576636515,1,1,70981aa89ddbadceca42f354c3c51d05bf6dbf0c,f663379d77883542412d60804de6dc0c77beb1866344a59e0828131f39005040,796f04e7970972175a660a521caff47c83e0295f,122eacff868aa8f656ad6360716c1816f453979f,347d61f17793d636653b614ec2104baa61ac7a4b,ff6e4f0130e8f5d7629695d163db4ba4a2acb3a0c59737e7f82ebe2f52e48e7a,61cf0d498442916f91c767e09875aa06547376fc9568ebd872ad507f1609a74b
2,left_hand,1,left_hand,different_subject_same_class,2.118476144687501,2.061075978053666,-0.05740016663383507,-0.027849612166185023,98,1,70981aa89ddbadceca42f354c3c51d05bf6dbf0c,f663379d77883542412d60804de6dc0c77beb1866344a59e0828131f39005040,796f04e7970972175a660a521caff47c83e0295f,122eacff868aa8f656ad6360716c1816f453979f,347d61f17793d636653b614ec2104baa61ac7a4b,ff6e4f0130e8f5d7629695d163db4ba4a2acb3a0c59737e7f82ebe2f52e48e7a,61cf0d498442916f91c767e09875aa06547376fc9568ebd872ad507f1609a74b
2,left_hand,1,right_hand,different_subject_different_class,2.0977237829388073,2.0286666656203036,-0.06905711731850372,-0.034040642796971374,101,1,70981aa89ddbadceca42f354c3c51d05bf6dbf0c,f663379d77883542412d60804de6dc0c77beb1866344a59e0828131f39005040,796f04e7970972175a660a521caff47c83e0295f,122eacff868aa8f656ad6360716c1816f453979f,347d61f17793d636653b614ec2104baa61ac7a4b,ff6e4f0130e8f5d7629695d163db4ba4a2acb3a0c59737e7f82ebe2f52e48e7a,61cf0d498442916f91c767e09875aa06547376fc9568ebd872ad507f1609a74b
2,left_hand,1,feet,different_subject_different_class,2.9103438791039453,2.9741602035744306,0.06381632447048524,0.021456922325094985,8,1,70981aa89ddbadceca42f354c3c51d05bf6dbf0c,f663379d77883542412d60804de6dc0c77beb1866344a59e0828131f39005040,796f04e7970972175a660a521caff47c83e0295f,122eacff868aa8f656ad6360716c1816f453979f,347d61f17793d636653b614ec2104baa61ac7a4b,ff6e4f0130e8f5d7629695d163db4ba4a2acb3a0c59737e7f82ebe2f52e48e7a,61cf0d498442916f91c767e09875aa06547376fc9568ebd872ad507f1609a74b
2,left_hand,1,tongue,different_subject_different_class,3.102927314323425,3.1915350112905805,0.08860769696715565,0.027763347935614472,8,1,70981aa89ddbadceca42f354c3c51d05bf6dbf0c,f663379d77883542412d60804de6dc0c77beb1866344a59e0828131f39005040,796f04e7970972175a660a521caff47c83e0295f,122eacff868aa8f656ad6360716c1816f453979f,347d61f17793d636653b614ec2104baa61ac7a4b,ff6e4f0130e8f5d7629695d163db4ba4a2acb3a0c59737e7f82ebe2f52e48e7a,61cf0d498442916f91c767e09875aa06547376fc9568ebd872ad507f1609a74b
2,left_hand,2,left_hand,same_subject_same_class,2.8005055259485405,2.891848244680655,0.0913427187321143,0.03158627666584255,3,1,70981aa89ddbadceca42f354c3c51d05bf6dbf0c,f663379d77883542412d60804de6dc0c77beb1866344a59e0828131f39005040,796f04e7970972175a660a521caff47c83e0295f,122eacff868aa8f656ad6360716c1816f453979f,347d61f17793d636653b614ec2104baa61ac7a4b,ff6e4f0130e8f5d7629695d163db4ba4a2acb3a0c59737e7f82ebe2f52e48e7a,61cf0d498442916f91c767e09875aa06547376fc9568ebd872ad507f1609a74b
2,left_hand,2,right_hand,same_subject_different_class,2.358021274439598,2.473852774922035,0.11583150048243684,0.04682230957987682,10,1,70981aa89ddbadceca42f354c3c51d05bf6dbf0c,f663379d77883542412d60804de6dc0c77beb1866344a59e0828131f39005040,796f04e7970972175a660a521caff47c83e0295f,122eacff868aa8f656ad6360716c1816f453979f,347d61f17793d636653b614ec2104baa61ac7a4b,ff6e4f0130e8f5d7629695d163db4ba4a2acb3a0c59737e7f82ebe2f52e48e7a,61cf0d498442916f91c767e09875aa06547376fc9568ebd872ad507f1609a74b
2,left_hand,2,feet,same_subject_different_class,2.5568493298215405,2.6804702898156174,0.12362095999407696,0.04611913083452998,9,1,70981aa89ddbadceca42f354c3c51d05bf6dbf0c,f663379d77883542412d60804de6dc0c77beb1866344a59e0828131f39005040,796f04e7970972175a660a521caff47c83e0295f,122eacff868aa8f656ad6360716c1816f453979f,347d61f17793d636653b614ec2104baa61ac7a4b,ff6e4f0130e8f5d7629695d163db4ba4a2acb3a0c59737e7f82ebe2f52e48e7a,61cf0d498442916f91c767e09875aa06547376fc9568ebd872ad507f1609a74b
2,left_hand,2,tongue,same_subject_different_class,2.167623412232166,2.30609122514671,0.13846781291454402,0.06004437786529234,2,1,70981aa89ddbadceca42f354c3c51d05bf6dbf0c,f663379d77883542412d60804de6dc0c77beb1866344a59e0828131f39005040,796f04e7970972175a660a521caff47c83e0295f,122eacff868aa8f656ad6360716c1816f453979f,347d61f17793d636653b614ec2104baa61ac7a4b,ff6e4f0130e8f5d7629695d163db4ba4a2acb3a0c59737e7f82ebe2f52e48e7a,61cf0d498442916f91c767e09875aa06547376fc9568ebd872ad507f1609a74b
2,left_hand,3,left_hand,different_subject_same_class,3.003065188130263,3.0351510889900015,0.032085900859738725,0.010571434475249091,31,1,70981aa89ddbadceca42f354c3c51d05bf6dbf0c,f663379d77883542412d60804de6dc0c77beb1866344a59e0828131f39005040,796f04e7970972175a660a521caff47c83e0295f,122eacff868aa8f656ad6360716c1816f453979f,347d61f17793d636653b614ec2104baa61ac7a4b,ff6e4f0130e8f5d7629695d163db4ba4a2acb3a0c59737e7f82ebe2f52e48e7a,61cf0d498442916f91c767e09875aa06547376fc9568ebd872ad507f1609a74b
2,left_hand,3,right_hand,different_subject_different_class,3.089194926581364,3.102539648839272,0.013344722257907726,0.004301225372865188,46,1,70981aa89ddbadceca42f354c3c51d05bf6dbf0c,f663379d77883542412d60804de6dc0c77beb1866344a59e0828131f39005040,796f04e7970972175a660a521caff47c83e0295f,122eacff868aa8f656ad6360716c1816f453979f,347d61f17793d636653b614ec2104baa61ac7a4b,ff6e4f0130e8f5d7629695d163db4ba4a2acb3a0c59737e7f82ebe2f52e48e7a,61cf0d498442916f91c767e09875aa06547376fc9568ebd872ad507f1609a74b
2,left_hand,3,feet,different_subject_different_class,3.707001494486164,3.801572352279579,0.09457085779341501,0.024876774405386874,12,1,70981aa89ddbadceca42f354c3c51d05bf6dbf0c,f663379d77883542412d60804de6dc0c77beb1866344a59e0828131f39005040,796f04e7970972175a660a521caff47c83e0295f,122eacff868aa8f656ad6360716c1816f453979f,347d61f17793d636653b614ec2104baa61ac7a4b,ff6e4f0130e8f5d7629695d163db4ba4a2acb3a0c59737e7f82ebe2f52e48e7a,61cf0d498442916f91c767e09875aa06547376fc9568ebd872ad507f1609a74b
2,left_hand,3,tongue,different_subject_different_class,4.397004503248516,4.490472954823554,0.09346845157503836,0.020814834543126885,2,1,70981aa89ddbadceca42f354c3c51d05bf6dbf0c,f663379d77883542412d60804de6dc0c77beb1866344a59e0828131f39005040,796f04e7970972175a660a521caff47c83e0295f,122eacff868aa8f656ad6360716c1816f453979f,347d61f17793d636653b614ec2104baa61ac7a4b,ff6e4f0130e8f5d7629695d163db4ba4a2acb3a0c59737e7f82ebe2f52e48e7a,61cf0d498442916f91c767e09875aa06547376fc9568ebd872ad507f1609a74b
2,left_hand,4,left_hand,different_subject_same_class,2.163013361318923,2.191394680241239,0.0283813189223161,0.012951258473983221,41,1,70981aa89ddbadceca42f354c3c51d05bf6dbf0c,f663379d77883542412d60804de6dc0c77beb1866344a59e0828131f39005040,796f04e7970972175a660a521caff47c83e0295f,122eacff868aa8f656ad6360716c1816f453979f,347d61f17793d636653b614ec2104baa61ac7a4b,ff6e4f0130e8f5d7629695d163db4ba4a2acb3a0c59737e7f82ebe2f52e48e7a,61cf0d498442916f91c767e09875aa06547376fc9568ebd872ad507f1609a74b
2,left_hand,4,right_hand,different_subject_different_class,2.2001756976528366,2.27473871852392,0.07456302087108346,0.03277871883214239,15,1,70981aa89ddbadceca42f354c3c51d05bf6dbf0c,f663379d77883542412d60804de6dc0c77beb1866344a59e0828131f39005040,796f04e7970972175a660a521caff47c83e0295f,122eacff868aa8f656ad6360716c1816f453979f,347d61f17793d636653b614ec2104baa61ac7a4b,ff6e4f0130e8f5d7629695d163db4ba4a2acb3a0c59737e7f82ebe2f52e48e7a,61cf0d498442916f91c767e09875aa06547376fc9568ebd872ad507f1609a74b
2,left_hand,4,feet,different_subject_different_class,2.548400887411974,2.702117300147218,0.15371641273524395,0.05688739446169457,2,1,70981aa89ddbadceca42f354c3c51d05bf6dbf0c,f663379d77883542412d60804de6dc0c77beb1866344a59e0828131f39005040,796f04e7970972175a660a521caff47c83e0295f,122eacff868aa8f656ad6360716c1816f453979f,347d61f17793d636653b614ec2104baa61ac7a4b,ff6e4f0130e8f5d7629695d163db4ba4a2acb3a0c59737e7f82ebe2f52e48e7a,61cf0d498442916f91c767e09875aa06547376fc9568ebd872ad507f1609a74b
2,left_hand,4,tongue,different_subject_different_class,2.4804396408395717,2.620997682092074,0.14055804125250226,0.053627686210050055,1,1,70981aa89ddbadceca42f354c3c51d05bf6dbf0c,f663379d77883542412d60804de6dc0c77beb1866344a59e0828131f39005040,796f04e7970972175a660a521caff47c83e0295f,122eacff868aa8f656ad6360716c1816f453979f,347d61f17793d636653b614ec2104baa61ac7a4b,ff6e4f0130e8f5d7629695d163db4ba4a2acb3a0c59737e7f82ebe2f52e48e7a,61cf0d498442916f91c767e09875aa06547376fc9568ebd872ad507f1609a74b
2,left_hand,5,left_hand,different_subject_same_class,2.7119616429565587,2.7290621660747973,0.01710052311823862,0.00626608046193182,24,1,70981aa89ddbadceca42f354c3c51d05bf6dbf0c,f663379d77883542412d60804de6dc0c77beb1866344a59e0828131f39005040,796f04e7970972175a660a521caff47c83e0295f,122eacff868aa8f656ad6360716c1816f453979f,347d61f17793d636653b614ec2104baa61ac7a4b,ff6e4f0130e8f5d7629695d163db4ba4a2acb3a0c59737e7f82ebe2f52e48e7a,61cf0d498442916f91c767e09875aa06547376fc9568ebd872ad507f1609a74b
2,left_hand,5,right_hand,different_subject_different_class,2.7066265202858544,2.726339424210876,0.019712903925021674,0.0072305391434257914,10,1,70981aa89ddbadceca42f354c3c51d05bf6dbf0c,f663379d77883542412d60804de6dc0c77beb1866344a59e0828131f39005040,796f04e7970972175a660a521caff47c83e0295f,122eacff868aa8f656ad6360716c1816f453979f,347d61f17793d636653b614ec2104baa61ac7a4b,ff6e4f0130e8f5d7629695d163db4ba4a2acb3a0c59737e7f82ebe2f52e48e7a,61cf0d498442916f91c767e09875aa06547376fc9568ebd872ad507f1609a74b
2,left_hand,5,feet,different_subject_different_class,2.6343174582248126,2.6457665299391864,0.011449071714373815,0.00432731746539895,26,1,70981aa89ddbadceca42f354c3c51d05bf6dbf0c,f663379d77883542412d60804de6dc0c77beb1866344a59e0828131f39005040,796f04e7970972175a660a521caff47c83e0295f,122eacff868aa8f656ad6360716c1816f453979f,347d61f17793d636653b614ec2104baa61ac7a4b,ff6e4f0130e8f5d7629695d163db4ba4a2acb3a0c59737e7f82ebe2f52e48e7a,61cf0d498442916f91c767e09875aa06547376fc9568ebd872ad507f1609a74b
2,left_hand,5,tongue,different_subject_different_class,2.685469378573824,2.7104779143287185,0.025008535754894368,0.009226614842603512,18,1,70981aa89ddbadceca42f354c3c51d05bf6dbf0c,f663379d77883542412d60804de6dc0c77beb1866344a59e0828131f39005040,796f04e7970972175a660a521caff47c83e0295f,122eacff868aa8f656ad6360716c1816f453979f,347d61f17793d636653b614ec2104baa61ac7a4b,ff6e4f0130e8f5d7629695d163db4ba4a2acb3a0c59737e7f82ebe2f52e48e7a,61cf0d498442916f91c767e09875aa06547376fc9568ebd872ad507f1609a74b
2,left_hand,6,left_hand,different_subject_same_class,4.300838291058694,4.322528775204582,0.021690484145887368,0.005018008039717625,13,1,70981aa89ddbadceca42f354c3c51d05bf6dbf0c,f663379d77883542412d60804de6dc0c77beb1866344a59e0828131f39005040,796f04e7970972175a660a521caff47c83e0295f,122eacff868aa8f656ad6360716c1816f453979f,347d61f17793d636653b614ec2104baa61ac7a4b,ff6e4f0130e8f5d7629695d163db4ba4a2acb3a0c59737e7f82ebe2f52e48e7a,61cf0d498442916f91c767e09875aa06547376fc9568ebd872ad507f1609a74b
2,left_hand,6,right_hand,different_subject_different_class,4.436489329919977,4.44173533126388,0.005246001343903295,0.0011810702242833915,35,1,70981aa89ddbadceca42f354c3c51d05bf6dbf0c,f663379d77883542412d60804de6dc0c77beb1866344a59e0828131f39005040,796f04e7970972175a660a521caff47c83e0295f,122eacff868aa8f656ad6360716c1816f453979f,347d61f17793d636653b614ec2104baa61ac7a4b,ff6e4f0130e8f5d7629695d163db4ba4a2acb3a0c59737e7f82ebe2f52e48e7a,61cf0d498442916f91c767e09875aa06547376fc9568ebd872ad507f1609a74b
2,left_hand,6,feet,different_subject_different_class,5.0710099083700095,5.130591133866719,0.059581225496709855,0.01161293580839405,13,1,70981aa89ddbadceca42f354c3c51d05bf6dbf0c,f663379d77883542412d60804de6dc0c77beb1866344a59e0828131f39005040,796f04e7970972175a660a521caff47c83e0295f,122eacff868aa8f656ad6360716c1816f453979f,347d61f17793d636653b614ec2104baa61ac7a4b,ff6e4f0130e8f5d7629695d163db4ba4a2acb3a0c59737e7f82ebe2f52e48e7a,61cf0d498442916f91c767e09875aa06547376fc9568ebd872ad507f1609a74b
2,left_hand,6,tongue,different_subject_different_class,4.679194366697158,4.69388903620121,0.014694669504051738,0.0031305958429610034,25,1,70981aa89ddbadceca42f354c3c51d05bf6dbf0c,f663379d77883542412d60804de6dc0c77beb1866344a59e0828131f39005040,796f04e7970972175a660a521caff47c83e0295f,122eacff868aa8f656ad6360716c1816f453979f,347d61f17793d636653b614ec2104baa61ac7a4b,ff6e4f0130e8f5d7629695d163db4ba4a2acb3a0c59737e7f82ebe2f52e48e7a,61cf0d498442916f91c767e09875aa06547376fc9568ebd872ad507f1609a74b
2,left_hand,7,left_hand,different_subject_same_class,2.3979534582075823,2.3873487088880276,-0.010604749319554685,-0.0044420613042717725,80,1,70981aa89ddbadceca42f354c3c51d05bf6dbf0c,f663379d77883542412d60804de6dc0c77beb1866344a59e0828131f39005040,796f04e7970972175a660a521caff47c83e0295f,122eacff868aa8f656ad6360716c1816f453979f,347d61f17793d636653b614ec2104baa61ac7a4b,ff6e4f0130e8f5d7629695d163db4ba4a2acb3a0c59737e7f82ebe2f52e48e7a,61cf0d498442916f91c767e09875aa06547376fc9568ebd872ad507f1609a74b
2,left_hand,7,right_hand,different_subject_different_class,2.3971142974219535,2.392605644785238,-0.0045086526367152935,-0.0018844111007353212,62,1,70981aa89ddbadceca42f354c3c51d05bf6dbf0c,f663379d77883542412d60804de6dc0c77beb1866344a59e0828131f39005040,796f04e7970972175a660a521caff47c83e0295f,122eacff868aa8f656ad6360716c1816f453979f,347d61f17793d636653b614ec2104baa61ac7a4b,ff6e4f0130e8f5d7629695d163db4ba4a2acb3a0c59737e7f82ebe2f52e48e7a,61cf0d498442916f91c767e09875aa06547376fc9568ebd872ad507f1609a74b
2,left_hand,7,feet,different_subject_different_class,2.6233850056636965,2.6459035157158644,0.022518510052167873,0.008510707181276549,48,1,70981aa89ddbadceca42f354c3c51d05bf6dbf0c,f663379d77883542412d60804de6dc0c77beb1866344a59e0828131f39005040,796f04e7970972175a660a521caff47c83e0295f,122eacff868aa8f656ad6360716c1816f453979f,347d61f17793d636653b614ec2104baa61ac7a4b,ff6e4f0130e8f5d7629695d163db4ba4a2acb3a0c59737e7f82ebe2f52e48e7a,61cf0d498442916f91c767e09875aa06547376fc9568ebd872ad507f1609a74b
2,left_hand,7,tongue,different_subject_different_class,3.0938879552871104,3.1717993164131215,0.07791136112601116,0.024563773856322798,8,1,70981aa89ddbadceca42f354c3c51d05bf6dbf0c,f663379d77883542412d60804de6dc0c77beb1866344a59e0828131f39005040,796f04e7970972175a660a521caff47c83e0295f,122eacff868aa8f656ad6360716c1816f453979f,347d61f17793d636653b614ec2104baa61ac7a4b,ff6e4f0130e8f5d7629695d163db4ba4a2acb3a0c59737e7f82ebe2f52e48e7a,61cf0d498442916f91c767e09875aa06547376fc9568ebd872ad507f1609a74b
2,left_hand,8,left_hand,different_subject_same_class,4.599752617494246,4.594642103245824,-0.005110514248421794,-0.0011122768941701769,66,1,70981aa89ddbadceca42f354c3c51d05bf6dbf0c,f663379d77883542412d60804de6dc0c77beb1866344a59e0828131f39005040,796f04e7970972175a660a521caff47c83e0295f,122eacff868aa8f656ad6360716c1816f453979f,347d61f17793d636653b614ec2104baa61ac7a4b,ff6e4f0130e8f5d7629695d163db4ba4a2acb3a0c59737e7f82ebe2f52e48e7a,61cf0d498442916f91c767e09875aa06547376fc9568ebd872ad507f1609a74b
2,left_hand,8,right_hand,different_subject_different_class,4.970535353343237,4.986686009280444,0.016150655937206437,0.003238755339146951,45,1,70981aa89ddbadceca42f354c3c51d05bf6dbf0c,f663379d77883542412d60804de6dc0c77beb1866344a59e0828131f39005040,796f04e7970972175a660a521caff47c83e0295f,122eacff868aa8f656ad6360716c1816f453979f,347d61f17793d636653b614ec2104baa61ac7a4b,ff6e4f0130e8f5d7629695d163db4ba4a2acb3a0c59737e7f82ebe2f52e48e7a,61cf0d498442916f91c767e09875aa06547376fc9568ebd872ad507f1609a74b
2,left_hand,8,feet,different_subject_different_class,4.914040317293223,4.929693211406549,0.01565289411332582,0.0031752268228593702,29,1,70981aa89ddbadceca42f354c3c51d05bf6dbf0c,f663379d77883542412d60804de6dc0c77beb1866344a59e0828131f39005040,796f04e7970972175a660a521caff47c83e0295f,122eacff868aa8f656ad6360716c1816f453979f,347d61f17793d636653b614ec2104baa61ac7a4b,ff6e4f0130e8f5d7629695d163db4ba4a2acb3a0c59737e7f82ebe2f52e48e7a,61cf0d498442916f91c767e09875aa06547376fc9568ebd872ad507f1609a74b
2,left_hand,8,tongue,different_subject_different_class,5.906896986862367,5.946126162271996,0.03922917540962967,0.006597434083813708,9,1,70981aa89ddbadceca42f354c3c51d05bf6dbf0c,f663379d77883542412d60804de6dc0c77beb1866344a59e0828131f39005040,796f04e7970972175a660a521caff47c83e0295f,122eacff868aa8f656ad6360716c1816f453979f,347d61f17793d636653b614ec2104baa61ac7a4b,ff6e4f0130e8f5d7629695d163db4ba4a2acb3a0c59737e7f82ebe2f52e48e7a,61cf0d498442916f91c767e09875aa06547376fc9568ebd872ad507f1609a74b
2,left_hand,9,left_hand,different_subject_same_class,5.275279234703742,5.153544560571816,-0.12173467413192629,-0.023621542940228137,112,1,70981aa89ddbadceca42f354c3c51d05bf6dbf0c,f663379d77883542412d60804de6dc0c77beb1866344a59e0828131f39005040,796f04e7970972175a660a521caff47c83e0295f,122eacff868aa8f656ad6360716c1816f453979f,347d61f17793d636653b614ec2104baa61ac7a4b,ff6e4f0130e8f5d7629695d163db4ba4a2acb3a0c59737e7f82ebe2f52e48e7a,61cf0d498442916f91c767e09875aa06547376fc9568ebd872ad507f1609a74b
2,left_hand,9,right_hand,different_subject_different_class,7.097892084472807,7.098900868924825,0.0010087844520176859,0.00014210431595595345,61,1,70981aa89ddbadceca42f354c3c51d05bf6dbf0c,f663379d77883542412d60804de6dc0c77beb1866344a59e0828131f39005040,796f04e7970972175a660a521caff47c83e0295f,122eacff868aa8f656ad6360716c1816f453979f,347d61f17793d636653b614ec2104baa61ac7a4b,ff6e4f0130e8f5d7629695d163db4ba4a2acb3a0c59737e7f82ebe2f52e48e7a,61cf0d498442916f91c767e09875aa06547376fc9568ebd872ad507f1609a74b
2,left_hand,9,feet,different_subject_different_class,7.320930588462285,7.308777328544904,-0.012153259917380588,-0.0016628307815474473,110,1,70981aa89ddbadceca42f354c3c51d05bf6dbf0c,f663379d77883542412d60804de6dc0c77beb1866344a59e0828131f39005040,796f04e7970972175a660a521caff47c83e0295f,122eacff868aa8f656ad6360716c1816f453979f,347d61f17793d636653b614ec2104baa61ac7a4b,ff6e4f0130e8f5d7629695d163db4ba4a2acb3a0c59737e7f82ebe2f52e48e7a,61cf0d498442916f91c767e09875aa06547376fc9568ebd872ad507f1609a74b
2,left_hand,9,tongue,different_subject_different_class,8.77215919667571,8.794251704470291,0.022092507794580385,0.002512153226561656,6,1,70981aa89ddbadceca42f354c3c51d05bf6dbf0c,f663379d77883542412d60804de6dc0c77beb1866344a59e0828131f39005040,796f04e7970972175a660a521caff47c83e0295f,122eacff868aa8f656ad6360716c1816f453979f,347d61f17793d636653b614ec2104baa61ac7a4b,ff6e4f0130e8f5d7629695d163db4ba4a2acb3a0c59737e7f82ebe2f52e48e7a,61cf0d498442916f91c767e09875aa06547376fc9568ebd872ad507f1609a74b
2,right_hand,1,left_hand,different_subject_different_class,2.150546544503594,2.064673797557065,-0.08587274694652924,-0.04159143543553196,106,1,70981aa89ddbadceca42f354c3c51d05bf6dbf0c,f663379d77883542412d60804de6dc0c77beb1866344a59e0828131f39005040,796f04e7970972175a660a521caff47c83e0295f,122eacff868aa8f656ad6360716c1816f453979f,347d61f17793d636653b614ec2104baa61ac7a4b,ff6e4f0130e8f5d7629695d163db4ba4a2acb3a0c59737e7f82ebe2f52e48e7a,61cf0d498442916f91c767e09875aa06547376fc9568ebd872ad507f1609a74b
2,right_hand,1,right_hand,different_subject_same_class,2.1127675694383563,2.0194117931257085,-0.0933557763126478,-0.04622919239673688,97,1,70981aa89ddbadceca42f354c3c51d05bf6dbf0c,f663379d77883542412d60804de6dc0c77beb1866344a59e0828131f39005040,796f04e7970972175a660a521caff47c83e0295f,122eacff868aa8f656ad6360716c1816f453979f,347d61f17793d636653b614ec2104baa61ac7a4b,ff6e4f0130e8f5d7629695d163db4ba4a2acb3a0c59737e7f82ebe2f52e48e7a,61cf0d498442916f91c767e09875aa06547376fc9568ebd872ad507f1609a74b
2,right_hand,1,feet,different_subject_different_class,2.880776338514973,2.954687788276309,0.07391144976133601,0.02501497791225316,8,1,70981aa89ddbadceca42f354c3c51d05bf6dbf0c,f663379d77883542412d60804de6dc0c77beb1866344a59e0828131f39005040,796f04e7970972175a660a521caff47c83e0295f,122eacff868aa8f656ad6360716c1816f453979f,347d61f17793d636653b614ec2104baa61ac7a4b,ff6e4f0130e8f5d7629695d163db4ba4a2acb3a0c59737e7f82ebe2f52e48e7a,61cf0d498442916f91c767e09875aa06547376fc9568ebd872ad507f1609a74b
2,right_hand,1,tongue,different_subject_different_class,3.070404420894278,3.169720622120332,0.099316201226054,0.031332793348714146,14,1,70981aa89ddbadceca42f354c3c51d05bf6dbf0c,f663379d77883542412d60804de6dc0c77beb1866344a59e0828131f39005040,796f04e7970972175a660a521caff47c83e0295f,122eacff868aa8f656ad6360716c1816f453979f,347d61f17793d636653b614ec2104baa61ac7a4b,ff6e4f0130e8f5d7629695d163db4ba4a2acb3a0c59737e7f82ebe2f52e48e7a,61cf0d498442916f91c767e09875aa06547376fc9568ebd872ad507f1609a74b
2,right_hand,2,left_hand,same_subject_different_class,2.8205902713211084,2.9220032074541615,0.10141293613305313,0.03470664777996964,5,1,70981aa89ddbadceca42f354c3c51d05bf6dbf0c,f663379d77883542412d60804de6dc0c77beb1866344a59e0828131f39005040,796f04e7970972175a660a521caff47c83e0295f,122eacff868aa8f656ad6360716c1816f453979f,347d61f17793d636653b614ec2104baa61ac7a4b,ff6e4f0130e8f5d7629695d163db4ba4a2acb3a0c59737e7f82ebe2f52e48e7a,61cf0d498442916f91c767e09875aa06547376fc9568ebd872ad507f1609a74b
2,right_hand,2,right_hand,same_subject_same_class,2.355403513918527,2.512306758450488,0.1569032445319607,0.062453856004723605,1,1,70981aa89ddbadceca42f354c3c51d05bf6dbf0c,f663379d77883542412d60804de6dc0c77beb1866344a59e0828131f39005040,796f04e7970972175a660a521caff47c83e0295f,122eacff868aa8f656ad6360716c1816f453979f,347d61f17793d636653b614ec2104baa61ac7a4b,ff6e4f0130e8f5d7629695d163db4ba4a2acb3a0c59737e7f82ebe2f52e48e7a,61cf0d498442916f91c767e09875aa06547376fc9568ebd872ad507f1609a74b
2,right_hand,2,feet,same_subject_different_class,2.5658807141038706,2.70561841768154,0.13973770357766924,0.05164723253821257,17,1,70981aa89ddbadceca42f354c3c51d05bf6dbf0c,f663379d77883542412d60804de6dc0c77beb1866344a59e0828131f39005040,796f04e7970972175a660a521caff47c83e0295f,122eacff868aa8f656ad6360716c1816f453979f,347d61f17793d636653b614ec2104baa61ac7a4b,ff6e4f0130e8f5d7629695d163db4ba4a2acb3a0c59737e7f82ebe2f52e48e7a,61cf0d498442916f91c767e09875aa06547376fc9568ebd872ad507f1609a74b
2,right_hand,2,tongue,same_subject_different_class,2.1854873468085376,2.352924360919313,0.16743701411077527,0.07116123955865536,1,1,70981aa89ddbadceca42f354c3c51d05bf6dbf0c,f663379d77883542412d60804de6dc0c77beb1866344a59e0828131f39005040,796f04e7970972175a660a521caff47c83e0295f,122eacff868aa8f656ad6360716c1816f453979f,347d61f17793d636653b614ec2104baa61ac7a4b,ff6e4f0130e8f5d7629695d163db4ba4a2acb3a0c59737e7f82ebe2f52e48e7a,61cf0d498442916f91c767e09875aa06547376fc9568ebd872ad507f1609a74b
2,right_hand,3,left_hand,different_subject_different_class,2.987695369769916,3.030171339762446,0.042475969992529894,0.014017679276136197,28,1,70981aa89ddbadceca42f354c3c51d05bf6dbf0c,f663379d77883542412d60804de6dc0c77beb1866344a59e0828131f39005040,796f04e7970972175a660a521caff47c83e0295f,122eacff868aa8f656ad6360716c1816f453979f,347d61f17793d636653b614ec2104baa61ac7a4b,ff6e4f0130e8f5d7629695d163db4ba4a2acb3a0c59737e7f82ebe2f52e48e7a,61cf0d498442916f91c767e09875aa06547376fc9568ebd872ad507f1609a74b
2,right_hand,3,right_hand,different_subject_same_class,3.068814328371503,3.082728164389655,0.013913836018152104,0.004513481330880462,54,1,70981aa89ddbadceca42f354c3c51d05bf6dbf0c,f663379d77883542412d60804de6dc0c77beb1866344a59e0828131f39005040,796f04e7970972175a660a521caff47c83e0295f,122eacff868aa8f656ad6360716c1816f453979f,347d61f17793d636653b614ec2104baa61ac7a4b,ff6e4f0130e8f5d7629695d163db4ba4a2acb3a0c59737e7f82ebe2f52e48e7a,61cf0d498442916f91c767e09875aa06547376fc9568ebd872ad507f1609a74b
2,right_hand,3,feet,different_subject_different_class,3.671316089867818,3.7797670957789817,0.10845100591116363,0.028692510189920233,13,1,70981aa89ddbadceca42f354c3c51d05bf6dbf0c,f663379d77883542412d60804de6dc0c77beb1866344a59e0828131f39005040,796f04e7970972175a660a521caff47c83e0295f,122eacff868aa8f656ad6360716c1816f453979f,347d61f17793d636653b614ec2104baa61ac7a4b,ff6e4f0130e8f5d7629695d163db4ba4a2acb3a0c59737e7f82ebe2f52e48e7a,61cf0d498442916f91c767e09875aa06547376fc9568ebd872ad507f1609a74b
2,right_hand,3,tongue,different_subject_different_class,4.3577063385441495,4.470869388464099,0.11316304991994919,0.025311195673024277,3,1,70981aa89ddbadceca42f354c3c51d05bf6dbf0c,f663379d77883542412d60804de6dc0c77beb1866344a59e0828131f39005040,796f04e7970972175a660a521caff47c83e0295f,122eacff868aa8f656ad6360716c1816f453979f,347d61f17793d636653b614ec2104baa61ac7a4b,ff6e4f0130e8f5d7629695d163db4ba4a2acb3a0c59737e7f82ebe2f52e48e7a,61cf0d498442916f91c767e09875aa06547376fc9568ebd872ad507f1609a74b
2,right_hand,4,left_hand,different_subject_different_class,2.1540038332361395,2.1943492495389174,0.04034541630277788,0.018386050584817057,33,1,70981aa89ddbadceca42f354c3c51d05bf6dbf0c,f663379d77883542412d60804de6dc0c77beb1866344a59e0828131f39005040,796f04e7970972175a660a521caff47c83e0295f,122eacff868aa8f656ad6360716c1816f453979f,347d61f17793d636653b614ec2104baa61ac7a4b,ff6e4f0130e8f5d7629695d163db4ba4a2acb3a0c59737e7f82ebe2f52e48e7a,61cf0d498442916f91c767e09875aa06547376fc9568ebd872ad507f1609a74b
2,right_hand,4,right_hand,different_subject_same_class,2.1579456169869173,2.2685786738898055,0.11063305690288816,0.04876756454436373,3,1,70981aa89ddbadceca42f354c3c51d05bf6dbf0c,f663379d77883542412d60804de6dc0c77beb1866344a59e0828131f39005040,796f04e7970972175a660a521caff47c83e0295f,122eacff868aa8f656ad6360716c1816f453979f,347d61f17793d636653b614ec2104baa61ac7a4b,ff6e4f0130e8f5d7629695d163db4ba4a2acb3a0c59737e7f82ebe2f52e48e7a,61cf0d498442916f91c767e09875aa06547376fc9568ebd872ad507f1609a74b
2,right_hand,4,feet,different_subject_different_class,2.519135918228595,2.6956750634292743,0.17653914520067948,0.06548977196683976,10,1,70981aa89ddbadceca42f354c3c51d05bf6dbf0c,f663379d77883542412d60804de6dc0c77beb1866344a59e0828131f39005040,796f04e7970972175a660a521caff47c83e0295f,122eacff868aa8f656ad6360716c1816f453979f,347d61f17793d636653b614ec2104baa61ac7a4b,ff6e4f0130e8f5d7629695d163db4ba4a2acb3a0c59737e7f82ebe2f52e48e7a,61cf0d498442916f91c767e09875aa06547376fc9568ebd872ad507f1609a74b
2,right_hand,4,tongue,different_subject_different_class,2.4495572865723343,2.6049374955271096,0.15538020895477533,0.05964834443113351,6,1,70981aa89ddbadceca42f354c3c51d05bf6dbf0c,f663379d77883542412d60804de6dc0c77beb1866344a59e0828131f39005040,796f04e7970972175a660a521caff47c83e0295f,122eacff868aa8f656ad6360716c1816f453979f,347d61f17793d636653b614ec2104baa61ac7a4b,ff6e4f0130e8f5d7629695d163db4ba4a2acb3a0c59737e7f82ebe2f52e48e7a,61cf0d498442916f91c767e09875aa06547376fc9568ebd872ad507f1609a74b
2,right_hand,5,left_hand,different_subject_different_class,2.780084510672661,2.8026840874432772,0.022599576770616192,0.008063547679835885,21,1,70981aa89ddbadceca42f354c3c51d05bf6dbf0c,f663379d77883542412d60804de6dc0c77beb1866344a59e0828131f39005040,796f04e7970972175a660a521caff47c83e0295f,122eacff868aa8f656ad6360716c1816f453979f,347d61f17793d636653b614ec2104baa61ac7a4b,ff6e4f0130e8f5d7629695d163db4ba4a2acb3a0c59737e7f82ebe2f52e48e7a,61cf0d498442916f91c767e09875aa06547376fc9568ebd872ad507f1609a74b
2,right_hand,5,right_hand,different_subject_same_class,2.771159676436892,2.795926845781909,0.02476716934501688,0.00885830377943615,8,1,70981aa89ddbadceca42f354c3c51d05bf6dbf0c,f663379d77883542412d60804de6dc0c77beb1866344a59e0828131f39005040,796f04e7970972175a660a521caff47c83e0295f,122eacff868aa8f656ad6360716c1816f453979f,347d61f17793d636653b614ec2104baa61ac7a4b,ff6e4f0130e8f5d7629695d163db4ba4a2acb3a0c59737e7f82ebe2f52e48e7a,61cf0d498442916f91c767e09875aa06547376fc9568ebd872ad507f1609a74b
2,right_hand,5,feet,different_subject_different_class,2.6997830102214757,2.7130370486864983,0.0132540384650226,0.004885314216936134,26,1,70981aa89ddbadceca42f354c3c51d05bf6dbf0c,f663379d77883542412d60804de6dc0c77beb1866344a59e0828131f39005040,796f04e7970972175a660a521caff47c83e0295f,122eacff868aa8f656ad6360716c1816f453979f,347d61f17793d636653b614ec2104baa61ac7a4b,ff6e4f0130e8f5d7629695d163db4ba4a2acb3a0c59737e7f82ebe2f52e48e7a,61cf0d498442916f91c767e09875aa06547376fc9568ebd872ad507f1609a74b
2,right_hand,5,tongue,different_subject_different_class,2.747425427971774,2.7721215951116056,0.024696167139831804,0.008908760417790236,29,1,70981aa89ddbadceca42f354c3c51d05bf6dbf0c,f663379d77883542412d60804de6dc0c77beb1866344a59e0828131f39005040,796f04e7970972175a660a521caff47c83e0295f,122eacff868aa8f656ad6360716c1816f453979f,347d61f17793d636653b614ec2104baa61ac7a4b,ff6e4f0130e8f5d7629695d163db4ba4a2acb3a0c59737e7f82ebe2f52e48e7a,61cf0d498442916f91c767e09875aa06547376fc9568ebd872ad507f1609a74b
2,right_hand,6,left_hand,different_subject_different_class,4.274479976799304,4.299477067217973,0.024997090418668932,0.0058139838933583595,17,1,70981aa89ddbadceca42f354c3c51d05bf6dbf0c,f663379d77883542412d60804de6dc0c77beb1866344a59e0828131f39005040,796f04e7970972175a660a521caff47c83e0295f,122eacff868aa8f656ad6360716c1816f453979f,347d61f17793d636653b614ec2104baa61ac7a4b,ff6e4f0130e8f5d7629695d163db4ba4a2acb3a0c59737e7f82ebe2f52e48e7a,61cf0d498442916f91c767e09875aa06547376fc9568ebd872ad507f1609a74b
2,right_hand,6,right_hand,different_subject_same_class,4.411131697988499,4.416248146187174,0.005116448198674739,0.0011585508851200067,39,1,70981aa89ddbadceca42f354c3c51d05bf6dbf0c,f663379d77883542412d60804de6dc0c77beb1866344a59e0828131f39005040,796f04e7970972175a660a521caff47c83e0295f,122eacff868aa8f656ad6360716c1816f453979f,347d61f17793d636653b614ec2104baa61ac7a4b,ff6e4f0130e8f5d7629695d163db4ba4a2acb3a0c59737e7f82ebe2f52e48e7a,61cf0d498442916f91c767e09875aa06547376fc9568ebd872ad507f1609a74b
2,right_hand,6,feet,different_subject_different_class,5.0308871961217205,5.110082896216829,0.07919570009510846,0.015497928644903153,10,1,70981aa89ddbadceca42f354c3c51d05bf6dbf0c,f663379d77883542412d60804de6dc0c77beb1866344a59e0828131f39005040,796f04e7970972175a660a521caff47c83e0295f,122eacff868aa8f656ad6360716c1816f453979f,347d61f17793d636653b614ec2104baa61ac7a4b,ff6e4f0130e8f5d7629695d163db4ba4a2acb3a0c59737e7f82ebe2f52e48e7a,61cf0d498442916f91c767e09875aa06547376fc9568ebd872ad507f1609a74b
2,right_hand,6,tongue,different_subject_different_class,4.6461834954613845,4.67196864439914,0.02578514893775541,0.005519118577276245,10,1,70981aa89ddbadceca42f354c3c51d05bf6dbf0c,f663379d77883542412d60804de6dc0c77beb1866344a59e0828131f39005040,796f04e7970972175a660a521caff47c83e0295f,122eacff868aa8f656ad6360716c1816f453979f,347d61f17793d636653b614ec2104baa61ac7a4b,ff6e4f0130e8f5d7629695d163db4ba4a2acb3a0c59737e7f82ebe2f52e48e7a,61cf0d498442916f91c767e09875aa06547376fc9568ebd872ad507f1609a74b
2,right_hand,7,left_hand,different_subject_different_class,2.390892914363784,2.3767642433153586,-0.01412867104842519,-0.005944498318738187,73,1,70981aa89ddbadceca42f354c3c51d05bf6dbf0c,f663379d77883542412d60804de6dc0c77beb1866344a59e0828131f39005040,796f04e7970972175a660a521caff47c83e0295f,122eacff868aa8f656ad6360716c1816f453979f,347d61f17793d636653b614ec2104baa61ac7a4b,ff6e4f0130e8f5d7629695d163db4ba4a2acb3a0c59737e7f82ebe2f52e48e7a,61cf0d498442916f91c767e09875aa06547376fc9568ebd872ad507f1609a74b
2,right_hand,7,right_hand,different_subject_same_class,2.3885770577204584,2.381586658480747,-0.006990399239711564,-0.0029351857572845383,52,1,70981aa89ddbadceca42f354c3c51d05bf6dbf0c,f663379d77883542412d60804de6dc0c77beb1866344a59e0828131f39005040,796f04e7970972175a660a521caff47c83e0295f,122eacff868aa8f656ad6360716c1816f453979f,347d61f17793d636653b614ec2104baa61ac7a4b,ff6e4f0130e8f5d7629695d163db4ba4a2acb3a0c59737e7f82ebe2f52e48e7a,61cf0d498442916f91c767e09875aa06547376fc9568ebd872ad507f1609a74b
2,right_hand,7,feet,different_subject_different_class,2.5936897105842416,2.634749208547176,0.04105949796293462,0.015583835391139632,39,1,70981aa89ddbadceca42f354c3c51d05bf6dbf0c,f663379d77883542412d60804de6dc0c77beb1866344a59e0828131f39005040,796f04e7970972175a660a521caff47c83e0295f,122eacff868aa8f656ad6360716c1816f453979f,347d61f17793d636653b614ec2104baa61ac7a4b,ff6e4f0130e8f5d7629695d163db4ba4a2acb3a0c59737e7f82ebe2f52e48e7a,61cf0d498442916f91c767e09875aa06547376fc9568ebd872ad507f1609a74b
2,right_hand,7,tongue,different_subject_different_class,3.06058290726472,3.15431578757758,0.09373288031286009,0.029715756641107937,5,1,70981aa89ddbadceca42f354c3c51d05bf6dbf0c,f663379d77883542412d60804de6dc0c77beb1866344a59e0828131f39005040,796f04e7970972175a660a521caff47c83e0295f,122eacff868aa8f656ad6360716c1816f453979f,347d61f17793d636653b614ec2104baa61ac7a4b,ff6e4f0130e8f5d7629695d163db4ba4a2acb3a0c59737e7f82ebe2f52e48e7a,61cf0d498442916f91c767e09875aa06547376fc9568ebd872ad507f1609a74b
2,right_hand,8,left_hand,different_subject_different_class,4.5974726803777815,4.59205617041718,-0.005416509960601168,-0.0011795391344503279,73,1,70981aa89ddbadceca42f354c3c51d05bf6dbf0c,f663379d77883542412d60804de6dc0c77beb1866344a59e0828131f39005040,796f04e7970972175a660a521caff47c83e0295f,122eacff868aa8f656ad6360716c1816f453979f,347d61f17793d636653b614ec2104baa61ac7a4b,ff6e4f0130e8f5d7629695d163db4ba4a2acb3a0c59737e7f82ebe2f52e48e7a,61cf0d498442916f91c767e09875aa06547376fc9568ebd872ad507f1609a74b
2,right_hand,8,right_hand,different_subject_same_class,4.941753555372395,4.975169115033783,0.033415559661388095,0.006716467096648873,25,1,70981aa89ddbadceca42f354c3c51d05bf6dbf0c,f663379d77883542412d60804de6dc0c77beb1866344a59e0828131f39005040,796f04e7970972175a660a521caff47c83e0295f,122eacff868aa8f656ad6360716c1816f453979f,347d61f17793d636653b614ec2104baa61ac7a4b,ff6e4f0130e8f5d7629695d163db4ba4a2acb3a0c59737e7f82ebe2f52e48e7a,61cf0d498442916f91c767e09875aa06547376fc9568ebd872ad507f1609a74b
2,right_hand,8,feet,different_subject_different_class,4.894802795267836,4.9164531277806045,0.0216503325127686,0.004403648717900426,10,1,70981aa89ddbadceca42f354c3c51d05bf6dbf0c,f663379d77883542412d60804de6dc0c77beb1866344a59e0828131f39005040,796f04e7970972175a660a521caff47c83e0295f,122eacff868aa8f656ad6360716c1816f453979f,347d61f17793d636653b614ec2104baa61ac7a4b,ff6e4f0130e8f5d7629695d163db4ba4a2acb3a0c59737e7f82ebe2f52e48e7a,61cf0d498442916f91c767e09875aa06547376fc9568ebd872ad507f1609a74b
2,right_hand,8,tongue,different_subject_different_class,5.8874553972274635,5.940636704082891,0.05318130685542766,0.008952122391001812,2,1,70981aa89ddbadceca42f354c3c51d05bf6dbf0c,f663379d77883542412d60804de6dc0c77beb1866344a59e0828131f39005040,796f04e7970972175a660a521caff47c83e0295f,122eacff868aa8f656ad6360716c1816f453979f,347d61f17793d636653b614ec2104baa61ac7a4b,ff6e4f0130e8f5d7629695d163db4ba4a2acb3a0c59737e7f82ebe2f52e48e7a,61cf0d498442916f91c767e09875aa06547376fc9568ebd872ad507f1609a74b
2,right_hand,9,left_hand,different_subject_different_class,5.274174188772174,5.122988882359533,-0.15118530641264094,-0.02951115254870676,108,1,70981aa89ddbadceca42f354c3c51d05bf6dbf0c,f663379d77883542412d60804de6dc0c77beb1866344a59e0828131f39005040,796f04e7970972175a660a521caff47c83e0295f,122eacff868aa8f656ad6360716c1816f453979f,347d61f17793d636653b614ec2104baa61ac7a4b,ff6e4f0130e8f5d7629695d163db4ba4a2acb3a0c59737e7f82ebe2f52e48e7a,61cf0d498442916f91c767e09875aa06547376fc9568ebd872ad507f1609a74b
2,right_hand,9,right_hand,different_subject_same_class,7.068047200812374,7.069879086207959,0.0018318853955854308,0.0002591112766212797,56,1,70981aa89ddbadceca42f354c3c51d05bf6dbf0c,f663379d77883542412d60804de6dc0c77beb1866344a59e0828131f39005040,796f04e7970972175a660a521caff47c83e0295f,122eacff868aa8f656ad6360716c1816f453979f,347d61f17793d636653b614ec2104baa61ac7a4b,ff6e4f0130e8f5d7629695d163db4ba4a2acb3a0c59737e7f82ebe2f52e48e7a,61cf0d498442916f91c767e09875aa06547376fc9568ebd872ad507f1609a74b
2,right_hand,9,feet,different_subject_different_class,7.30057820546836,7.282338190832852,-0.018240014635508395,-0.002504692058722194,117,1,70981aa89ddbadceca42f354c3c51d05bf6dbf0c,f663379d77883542412d60804de6dc0c77beb1866344a59e0828131f39005040,796f04e7970972175a660a521caff47c83e0295f,122eacff868aa8f656ad6360716c1816f453979f,347d61f17793d636653b614ec2104baa61ac7a4b,ff6e4f0130e8f5d7629695d163db4ba4a2acb3a0c59737e7f82ebe2f52e48e7a,61cf0d498442916f91c767e09875aa06547376fc9568ebd872ad507f1609a74b
2,right_hand,9,tongue,different_subject_different_class,8.744416050227578,8.767745573663458,0.023329523435879906,0.002660834902184787,7,1,70981aa89ddbadceca42f354c3c51d05bf6dbf0c,f663379d77883542412d60804de6dc0c77beb1866344a59e0828131f39005040,796f04e7970972175a660a521caff47c83e0295f,122eacff868aa8f656ad6360716c1816f453979f,347d61f17793d636653b614ec2104baa61ac7a4b,ff6e4f0130e8f5d7629695d163db4ba4a2acb3a0c59737e7f82ebe2f52e48e7a,61cf0d498442916f91c767e09875aa06547376fc9568ebd872ad507f1609a74b
2,feet,1,left_hand,different_subject_different_class,2.248414835804469,2.145660986963223,-0.10275384884124605,-0.04788913508031605,100,1,70981aa89ddbadceca42f354c3c51d05bf6dbf0c,f663379d77883542412d60804de6dc0c77beb1866344a59e0828131f39005040,796f04e7970972175a660a521caff47c83e0295f,122eacff868aa8f656ad6360716c1816f453979f,347d61f17793d636653b614ec2104baa61ac7a4b,ff6e4f0130e8f5d7629695d163db4ba4a2acb3a0c59737e7f82ebe2f52e48e7a,61cf0d498442916f91c767e09875aa06547376fc9568ebd872ad507f1609a74b
2,feet,1,right_hand,different_subject_different_class,2.2473399014208972,2.1296061489851317,-0.11773375243576556,-0.055284284604395904,118,1,70981aa89ddbadceca42f354c3c51d05bf6dbf0c,f663379d77883542412d60804de6dc0c77beb1866344a59e0828131f39005040,796f04e7970972175a660a521caff47c83e0295f,122eacff868aa8f656ad6360716c1816f453979f,347d61f17793d636653b614ec2104baa61ac7a4b,ff6e4f0130e8f5d7629695d163db4ba4a2acb3a0c59737e7f82ebe2f52e48e7a,61cf0d498442916f91c767e09875aa06547376fc9568ebd872ad507f1609a74b
2,feet,1,feet,different_subject_same_class,2.780002573138402,2.8827193480553595,0.1027167749169573,0.035631902559730116,5,1,70981aa89ddbadceca42f354c3c51d05bf6dbf0c,f663379d77883542412d60804de6dc0c77beb1866344a59e0828131f39005040,796f04e7970972175a660a521caff47c83e0295f,122eacff868aa8f656ad6360716c1816f453979f,347d61f17793d636653b614ec2104baa61ac7a4b,ff6e4f0130e8f5d7629695d163db4ba4a2acb3a0c59737e7f82ebe2f52e48e7a,61cf0d498442916f91c767e09875aa06547376fc9568ebd872ad507f1609a74b
2,feet,1,tongue,different_subject_different_class,2.942643058508215,3.07976079580251,0.13711773729429488,0.04452220363385896,3,1,70981aa89ddbadceca42f354c3c51d05bf6dbf0c,f663379d77883542412d60804de6dc0c77beb1866344a59e0828131f39005040,796f04e7970972175a660a521caff47c83e0295f,122eacff868aa8f656ad6360716c1816f453979f,347d61f17793d636653b614ec2104baa61ac7a4b,ff6e4f0130e8f5d7629695d163db4ba4a2acb3a0c59737e7f82ebe2f52e48e7a,61cf0d498442916f91c767e09875aa06547376fc9568ebd872ad507f1609a74b
2,feet,2,left_hand,same_subject_different_class,2.715970674934221,2.8492352963464054,0.13326462141218443,0.04677206602875887,7,1,70981aa89ddbadceca42f354c3c51d05bf6dbf0c,f663379d77883542412d60804de6dc0c77beb1866344a59e0828131f39005040,796f04e7970972175a660a521caff47c83e0295f,122eacff868aa8f656ad6360716c1816f453979f,347d61f17793d636653b614ec2104baa61ac7a4b,ff6e4f0130e8f5d7629695d163db4ba4a2acb3a0c59737e7f82ebe2f52e48e7a,61cf0d498442916f91c767e09875aa06547376fc9568ebd872ad507f1609a74b
2,feet,2,right_hand,same_subject_different_class,2.297143804662954,2.465343325188548,0.16819952052559373,0.06822559714385011,5,1,70981aa89ddbadceca42f354c3c51d05bf6dbf0c,f663379d77883542412d60804de6dc0c77beb1866344a59e0828131f39005040,796f04e7970972175a660a521caff47c83e0295f,122eacff868aa8f656ad6360716c1816f453979f,347d61f17793d636653b614ec2104baa61ac7a4b,ff6e4f0130e8f5d7629695d163db4ba4a2acb3a0c59737e7f82ebe2f52e48e7a,61cf0d498442916f91c767e09875aa06547376fc9568ebd872ad507f1609a74b
2,feet,2,feet,same_subject_same_class,2.3489946388315612,2.5873519544307495,0.23835731559918827,0.09212404025320549,1,1,70981aa89ddbadceca42f354c3c51d05bf6dbf0c,f663379d77883542412d60804de6dc0c77beb1866344a59e0828131f39005040,796f04e7970972175a660a521caff47c83e0295f,122eacff868aa8f656ad6360716c1816f453979f,347d61f17793d636653b614ec2104baa61ac7a4b,ff6e4f0130e8f5d7629695d163db4ba4a2acb3a0c59737e7f82ebe2f52e48e7a,61cf0d498442916f91c767e09875aa06547376fc9568ebd872ad507f1609a74b
2,feet,2,tongue,same_subject_different_class,2.1173100961951534,2.315665151921839,0.19835505572668577,0.08565791801205154,5,1,70981aa89ddbadceca42f354c3c51d05bf6dbf0c,f663379d77883542412d60804de6dc0c77beb1866344a59e0828131f39005040,796f04e7970972175a660a521caff47c83e0295f,122eacff868aa8f656ad6360716c1816f453979f,347d61f17793d636653b614ec2104baa61ac7a4b,ff6e4f0130e8f5d7629695d163db4ba4a2acb3a0c59737e7f82ebe2f52e48e7a,61cf0d498442916f91c767e09875aa06547376fc9568ebd872ad507f1609a74b
2,feet,3,left_hand,different_subject_different_class,2.9249829586512566,2.970593763863757,0.045610805212500605,0.015354103872209061,37,1,70981aa89ddbadceca42f354c3c51d05bf6dbf0c,f663379d77883542412d60804de6dc0c77beb1866344a59e0828131f39005040,796f04e7970972175a660a521caff47c83e0295f,122eacff868aa8f656ad6360716c1816f453979f,347d61f17793d636653b614ec2104baa61ac7a4b,ff6e4f0130e8f5d7629695d163db4ba4a2acb3a0c59737e7f82ebe2f52e48e7a,61cf0d498442916f91c767e09875aa06547376fc9568ebd872ad507f1609a74b
2,feet,3,right_hand,different_subject_different_class,2.9953911854046154,3.0094746284976575,0.014083443093042103,0.004679701553115474,67,1,70981aa89ddbadceca42f354c3c51d05bf6dbf0c,f663379d77883542412d60804de6dc0c77beb1866344a59e0828131f39005040,796f04e7970972175a660a521caff47c83e0295f,122eacff868aa8f656ad6360716c1816f453979f,347d61f17793d636653b614ec2104baa61ac7a4b,ff6e4f0130e8f5d7629695d163db4ba4a2acb3a0c59737e7f82ebe2f52e48e7a,61cf0d498442916f91c767e09875aa06547376fc9568ebd872ad507f1609a74b
2,feet,3,feet,different_subject_same_class,3.5532911218890226,3.684657047750693,0.13136592586167017,0.03565214459833183,17,1,70981aa89ddbadceca42f354c3c51d05bf6dbf0c,f663379d77883542412d60804de6dc0c77beb1866344a59e0828131f39005040,796f04e7970972175a660a521caff47c83e0295f,122eacff868aa8f656ad6360716c1816f453979f,347d61f17793d636653b614ec2104baa61ac7a4b,ff6e4f0130e8f5d7629695d163db4ba4a2acb3a0c59737e7f82ebe2f52e48e7a,61cf0d498442916f91c767e09875aa06547376fc9568ebd872ad507f1609a74b
2,feet,3,tongue,different_subject_different_class,4.197399177097427,4.342291744768575,0.1448925676711479,0.033367764348332614,4,1,70981aa89ddbadceca42f354c3c51d05bf6dbf0c,f663379d77883542412d60804de6dc0c77beb1866344a59e0828131f39005040,796f04e7970972175a660a521caff47c83e0295f,122eacff868aa8f656ad6360716c1816f453979f,347d61f17793d636653b614ec2104baa61ac7a4b,ff6e4f0130e8f5d7629695d163db4ba4a2acb3a0c59737e7f82ebe2f52e48e7a,61cf0d498442916f91c767e09875aa06547376fc9568ebd872ad507f1609a74b
2,feet,4,left_hand,different_subject_different_class,2.291796406881747,2.3320197244550016,0.04022331757325448,0.017248275025913327,39,1,70981aa89ddbadceca42f354c3c51d05bf6dbf0c,f663379d77883542412d60804de6dc0c77beb1866344a59e0828131f39005040,796f04e7970972175a660a521caff47c83e0295f,122eacff868aa8f656ad6360716c1816f453979f,347d61f17793d636653b614ec2104baa61ac7a4b,ff6e4f0130e8f5d7629695d163db4ba4a2acb3a0c59737e7f82ebe2f52e48e7a,61cf0d498442916f91c767e09875aa06547376fc9568ebd872ad507f1609a74b
2,feet,4,right_hand,different_subject_different_class,2.282216015597652,2.392166625740497,0.10995061014284513,0.045962772392081935,12,1,70981aa89ddbadceca42f354c3c51d05bf6dbf0c,f663379d77883542412d60804de6dc0c77beb1866344a59e0828131f39005040,796f04e7970972175a660a521caff47c83e0295f,122eacff868aa8f656ad6360716c1816f453979f,347d61f17793d636653b614ec2104baa61ac7a4b,ff6e4f0130e8f5d7629695d163db4ba4a2acb3a0c59737e7f82ebe2f52e48e7a,61cf0d498442916f91c767e09875aa06547376fc9568ebd872ad507f1609a74b
2,feet,4,feet,different_subject_same_class,2.457880730372448,2.6854344012312548,0.22755367085880662,0.08473626120022694,3,1,70981aa89ddbadceca42f354c3c51d05bf6dbf0c,f663379d77883542412d60804de6dc0c77beb1866344a59e0828131f39005040,796f04e7970972175a660a521caff47c83e0295f,122eacff868aa8f656ad6360716c1816f453979f,347d61f17793d636653b614ec2104baa61ac7a4b,ff6e4f0130e8f5d7629695d163db4ba4a2acb3a0c59737e7f82ebe2f52e48e7a,61cf0d498442916f91c767e09875aa06547376fc9568ebd872ad507f1609a74b
2,feet,4,tongue,different_subject_different_class,2.40199428650079,2.603324591618097,0.20133030511730698,0.07733584423760623,2,1,70981aa89ddbadceca42f354c3c51d05bf6dbf0c,f663379d77883542412d60804de6dc0c77beb1866344a59e0828131f39005040,796f04e7970972175a660a521caff47c83e0295f,122eacff868aa8f656ad6360716c1816f453979f,347d61f17793d636653b614ec2104baa61ac7a4b,ff6e4f0130e8f5d7629695d163db4ba4a2acb3a0c59737e7f82ebe2f52e48e7a,61cf0d498442916f91c767e09875aa06547376fc9568ebd872ad507f1609a74b
2,feet,5,left_hand,different_subject_different_class,3.115226501808051,3.1362459555089157,0.021019453700864776,0.006702106275798758,36,1,70981aa89ddbadceca42f354c3c51d05bf6dbf0c,f663379d77883542412d60804de6dc0c77beb1866344a59e0828131f39005040,796f04e7970972175a660a521caff47c83e0295f,122eacff868aa8f656ad6360716c1816f453979f,347d61f17793d636653b614ec2104baa61ac7a4b,ff6e4f0130e8f5d7629695d163db4ba4a2acb3a0c59737e7f82ebe2f52e48e7a,61cf0d498442916f91c767e09875aa06547376fc9568ebd872ad507f1609a74b
2,feet,5,right_hand,different_subject_different_class,3.110925091234253,3.13725320387711,0.02632811264285717,0.008392090447248604,18,1,70981aa89ddbadceca42f354c3c51d05bf6dbf0c,f663379d77883542412d60804de6dc0c77beb1866344a59e0828131f39005040,796f04e7970972175a660a521caff47c83e0295f,122eacff868aa8f656ad6360716c1816f453979f,347d61f17793d636653b614ec2104baa61ac7a4b,ff6e4f0130e8f5d7629695d163db4ba4a2acb3a0c59737e7f82ebe2f52e48e7a,61cf0d498442916f91c767e09875aa06547376fc9568ebd872ad507f1609a74b
2,feet,5,feet,different_subject_same_class,3.032093731352352,3.0409438433381535,0.008850111985801323,0.002910317467778766,32,1,70981aa89ddbadceca42f354c3c51d05bf6dbf0c,f663379d77883542412d60804de6dc0c77beb1866344a59e0828131f39005040,796f04e7970972175a660a521caff47c83e0295f,122eacff868aa8f656ad6360716c1816f453979f,347d61f17793d636653b614ec2104baa61ac7a4b,ff6e4f0130e8f5d7629695d163db4ba4a2acb3a0c59737e7f82ebe2f52e48e7a,61cf0d498442916f91c767e09875aa06547376fc9568ebd872ad507f1609a74b
2,feet,5,tongue,different_subject_different_class,3.0847463435307914,3.1143431485897404,0.029596805058949016,0.009503385994042197,25,1,70981aa89ddbadceca42f354c3c51d05bf6dbf0c,f663379d77883542412d60804de6dc0c77beb1866344a59e0828131f39005040,796f04e7970972175a660a521caff47c83e0295f,122eacff868aa8f656ad6360716c1816f453979f,347d61f17793d636653b614ec2104baa61ac7a4b,ff6e4f0130e8f5d7629695d163db4ba4a2acb3a0c59737e7f82ebe2f52e48e7a,61cf0d498442916f91c767e09875aa06547376fc9568ebd872ad507f1609a74b
2,feet,6,left_hand,different_subject_different_class,4.12986121148513,4.161757394649289,0.0318961831641591,0.007664114012308251,13,1,70981aa89ddbadceca42f354c3c51d05bf6dbf0c,f663379d77883542412d60804de6dc0c77beb1866344a59e0828131f39005040,796f04e7970972175a660a521caff47c83e0295f,122eacff868aa8f656ad6360716c1816f453979f,347d61f17793d636653b614ec2104baa61ac7a4b,ff6e4f0130e8f5d7629695d163db4ba4a2acb3a0c59737e7f82ebe2f52e48e7a,61cf0d498442916f91c767e09875aa06547376fc9568ebd872ad507f1609a74b
2,feet,6,right_hand,different_subject_different_class,4.267079865879545,4.273315407451845,0.006235541572300107,0.0014591812159304963,30,1,70981aa89ddbadceca42f354c3c51d05bf6dbf0c,f663379d77883542412d60804de6dc0c77beb1866344a59e0828131f39005040,796f04e7970972175a660a521caff47c83e0295f,122eacff868aa8f656ad6360716c1816f453979f,347d61f17793d636653b614ec2104baa61ac7a4b,ff6e4f0130e8f5d7629695d163db4ba4a2acb3a0c59737e7f82ebe2f52e48e7a,61cf0d498442916f91c767e09875aa06547376fc9568ebd872ad507f1609a74b
2,feet,6,feet,different_subject_same_class,4.8536466615717435,4.94551472951146,0.0918680679397168,0.018576037675413402,16,1,70981aa89ddbadceca42f354c3c51d05bf6dbf0c,f663379d77883542412d60804de6dc0c77beb1866344a59e0828131f39005040,796f04e7970972175a660a521caff47c83e0295f,122eacff868aa8f656ad6360716c1816f453979f,347d61f17793d636653b614ec2104baa61ac7a4b,ff6e4f0130e8f5d7629695d163db4ba4a2acb3a0c59737e7f82ebe2f52e48e7a,61cf0d498442916f91c767e09875aa06547376fc9568ebd872ad507f1609a74b
2,feet,6,tongue,different_subject_different_class,4.511828178606708,4.535409791757656,0.023581613150948755,0.005199444864674493,33,1,70981aa89ddbadceca42f354c3c51d05bf6dbf0c,f663379d77883542412d60804de6dc0c77beb1866344a59e0828131f39005040,796f04e7970972175a660a521caff47c83e0295f,122eacff868aa8f656ad6360716c1816f453979f,347d61f17793d636653b614ec2104baa61ac7a4b,ff6e4f0130e8f5d7629695d163db4ba4a2acb3a0c59737e7f82ebe2f52e48e7a,61cf0d498442916f91c767e09875aa06547376fc9568ebd872ad507f1609a74b
2,feet,7,left_hand,different_subject_different_class,2.2782974476359037,2.2575945372612147,-0.020702910374688965,-0.009170340392391523,90,1,70981aa89ddbadceca42f354c3c51d05bf6dbf0c,f663379d77883542412d60804de6dc0c77beb1866344a59e0828131f39005040,796f04e7970972175a660a521caff47c83e0295f,122eacff868aa8f656ad6360716c1816f453979f,347d61f17793d636653b614ec2104baa61ac7a4b,ff6e4f0130e8f5d7629695d163db4ba4a2acb3a0c59737e7f82ebe2f52e48e7a,61cf0d498442916f91c767e09875aa06547376fc9568ebd872ad507f1609a74b
2,feet,7,right_hand,different_subject_different_class,2.276042269868582,2.265340545398959,-0.01070172446962303,-0.004724112889498609,71,1,70981aa89ddbadceca42f354c3c51d05bf6dbf0c,f663379d77883542412d60804de6dc0c77beb1866344a59e0828131f39005040,796f04e7970972175a660a521caff47c83e0295f,122eacff868aa8f656ad6360716c1816f453979f,347d61f17793d636653b614ec2104baa61ac7a4b,ff6e4f0130e8f5d7629695d163db4ba4a2acb3a0c59737e7f82ebe2f52e48e7a,61cf0d498442916f91c767e09875aa06547376fc9568ebd872ad507f1609a74b
2,feet,7,feet,different_subject_same_class,2.513819700684067,2.5611415853736115,0.04732188468954446,0.018476871782409206,46,1,70981aa89ddbadceca42f354c3c51d05bf6dbf0c,f663379d77883542412d60804de6dc0c77beb1866344a59e0828131f39005040,796f04e7970972175a660a521caff47c83e0295f,122eacff868aa8f656ad6360716c1816f453979f,347d61f17793d636653b614ec2104baa61ac7a4b,ff6e4f0130e8f5d7629695d163db4ba4a2acb3a0c59737e7f82ebe2f52e48e7a,61cf0d498442916f91c767e09875aa06547376fc9568ebd872ad507f1609a74b
2,feet,7,tongue,different_subject_different_class,2.8597544427800723,2.9827271423499164,0.12297269956984413,0.04122827657408888,19,1,70981aa89ddbadceca42f354c3c51d05bf6dbf0c,f663379d77883542412d60804de6dc0c77beb1866344a59e0828131f39005040,796f04e7970972175a660a521caff47c83e0295f,122eacff868aa8f656ad6360716c1816f453979f,347d61f17793d636653b614ec2104baa61ac7a4b,ff6e4f0130e8f5d7629695d163db4ba4a2acb3a0c59737e7f82ebe2f52e48e7a,61cf0d498442916f91c767e09875aa06547376fc9568ebd872ad507f1609a74b
2,feet,8,left_hand,different_subject_different_class,4.444646805148305,4.4258200612969105,-0.01882674385139449,-0.0042538430371427335,94,1,70981aa89ddbadceca42f354c3c51d05bf6dbf0c,f663379d77883542412d60804de6dc0c77beb1866344a59e0828131f39005040,796f04e7970972175a660a521caff47c83e0295f,122eacff868aa8f656ad6360716c1816f453979f,347d61f17793d636653b614ec2104baa61ac7a4b,ff6e4f0130e8f5d7629695d163db4ba4a2acb3a0c59737e7f82ebe2f52e48e7a,61cf0d498442916f91c767e09875aa06547376fc9568ebd872ad507f1609a74b
2,feet,8,right_hand,different_subject_different_class,4.7834677959652625,4.808308877724432,0.024841081759169548,0.005166282447920811,47,1,70981aa89ddbadceca42f354c3c51d05bf6dbf0c,f663379d77883542412d60804de6dc0c77beb1866344a59e0828131f39005040,796f04e7970972175a660a521caff47c83e0295f,122eacff868aa8f656ad6360716c1816f453979f,347d61f17793d636653b614ec2104baa61ac7a4b,ff6e4f0130e8f5d7629695d163db4ba4a2acb3a0c59737e7f82ebe2f52e48e7a,61cf0d498442916f91c767e09875aa06547376fc9568ebd872ad507f1609a74b
2,feet,8,feet,different_subject_same_class,4.723534049584221,4.742395953878125,0.018861904293903997,0.003977294278534367,38,1,70981aa89ddbadceca42f354c3c51d05bf6dbf0c,f663379d77883542412d60804de6dc0c77beb1866344a59e0828131f39005040,796f04e7970972175a660a521caff47c83e0295f,122eacff868aa8f656ad6360716c1816f453979f,347d61f17793d636653b614ec2104baa61ac7a4b,ff6e4f0130e8f5d7629695d163db4ba4a2acb3a0c59737e7f82ebe2f52e48e7a,61cf0d498442916f91c767e09875aa06547376fc9568ebd872ad507f1609a74b
2,feet,8,tongue,different_subject_different_class,5.666054838361306,5.732793678319278,0.06673883995797247,0.011641591116451752,2,1,70981aa89ddbadceca42f354c3c51d05bf6dbf0c,f663379d77883542412d60804de6dc0c77beb1866344a59e0828131f39005040,796f04e7970972175a660a521caff47c83e0295f,122eacff868aa8f656ad6360716c1816f453979f,347d61f17793d636653b614ec2104baa61ac7a4b,ff6e4f0130e8f5d7629695d163db4ba4a2acb3a0c59737e7f82ebe2f52e48e7a,61cf0d498442916f91c767e09875aa06547376fc9568ebd872ad507f1609a74b
2,feet,9,left_hand,different_subject_different_class,5.126231605260058,4.922996896567817,-0.20323470869224103,-0.0412827212696256,120,1,70981aa89ddbadceca42f354c3c51d05bf6dbf0c,f663379d77883542412d60804de6dc0c77beb1866344a59e0828131f39005040,796f04e7970972175a660a521caff47c83e0295f,122eacff868aa8f656ad6360716c1816f453979f,347d61f17793d636653b614ec2104baa61ac7a4b,ff6e4f0130e8f5d7629695d163db4ba4a2acb3a0c59737e7f82ebe2f52e48e7a,61cf0d498442916f91c767e09875aa06547376fc9568ebd872ad507f1609a74b
2,feet,9,right_hand,different_subject_different_class,6.872346702339299,6.874708235792936,0.002361533453637321,0.000343510353114635,50,1,70981aa89ddbadceca42f354c3c51d05bf6dbf0c,f663379d77883542412d60804de6dc0c77beb1866344a59e0828131f39005040,796f04e7970972175a660a521caff47c83e0295f,122eacff868aa8f656ad6360716c1816f453979f,347d61f17793d636653b614ec2104baa61ac7a4b,ff6e4f0130e8f5d7629695d163db4ba4a2acb3a0c59737e7f82ebe2f52e48e7a,61cf0d498442916f91c767e09875aa06547376fc9568ebd872ad507f1609a74b
2,feet,9,feet,different_subject_same_class,7.112760564004716,7.090659678392099,-0.02210088561261614,-0.0031169011932649696,104,1,70981aa89ddbadceca42f354c3c51d05bf6dbf0c,f663379d77883542412d60804de6dc0c77beb1866344a59e0828131f39005040,796f04e7970972175a660a521caff47c83e0295f,122eacff868aa8f656ad6360716c1816f453979f,347d61f17793d636653b614ec2104baa61ac7a4b,ff6e4f0130e8f5d7629695d163db4ba4a2acb3a0c59737e7f82ebe2f52e48e7a,61cf0d498442916f91c767e09875aa06547376fc9568ebd872ad507f1609a74b
2,feet,9,tongue,different_subject_different_class,8.515980995755747,8.547274385162527,0.03129338940678039,0.0036612126856607687,4,1,70981aa89ddbadceca42f354c3c51d05bf6dbf0c,f663379d77883542412d60804de6dc0c77beb1866344a59e0828131f39005040,796f04e7970972175a660a521caff47c83e0295f,122eacff868aa8f656ad6360716c1816f453979f,347d61f17793d636653b614ec2104baa61ac7a4b,ff6e4f0130e8f5d7629695d163db4ba4a2acb3a0c59737e7f82ebe2f52e48e7a,61cf0d498442916f91c767e09875aa06547376fc9568ebd872ad507f1609a74b
2,tongue,1,left_hand,different_subject_different_class,2.1965094049934373,2.116468649794759,-0.08004075519867815,-0.037818067943713674,110,1,70981aa89ddbadceca42f354c3c51d05bf6dbf0c,f663379d77883542412d60804de6dc0c77beb1866344a59e0828131f39005040,796f04e7970972175a660a521caff47c83e0295f,122eacff868aa8f656ad6360716c1816f453979f,347d61f17793d636653b614ec2104baa61ac7a4b,ff6e4f0130e8f5d7629695d163db4ba4a2acb3a0c59737e7f82ebe2f52e48e7a,61cf0d498442916f91c767e09875aa06547376fc9568ebd872ad507f1609a74b
2,tongue,1,right_hand,different_subject_different_class,2.180268938683937,2.0943748474529995,-0.08589409123093761,-0.04101180423141287,98,1,70981aa89ddbadceca42f354c3c51d05bf6dbf0c,f663379d77883542412d60804de6dc0c77beb1866344a59e0828131f39005040,796f04e7970972175a660a521caff47c83e0295f,122eacff868aa8f656ad6360716c1816f453979f,347d61f17793d636653b614ec2104baa61ac7a4b,ff6e4f0130e8f5d7629695d163db4ba4a2acb3a0c59737e7f82ebe2f52e48e7a,61cf0d498442916f91c767e09875aa06547376fc9568ebd872ad507f1609a74b
2,tongue,1,feet,different_subject_different_class,2.9543960847675,3.0456979931293366,0.09130190836183649,0.029977334774426313,2,1,70981aa89ddbadceca42f354c3c51d05bf6dbf0c,f663379d77883542412d60804de6dc0c77beb1866344a59e0828131f39005040,796f04e7970972175a660a521caff47c83e0295f,122eacff868aa8f656ad6360716c1816f453979f,347d61f17793d636653b614ec2104baa61ac7a4b,ff6e4f0130e8f5d7629695d163db4ba4a2acb3a0c59737e7f82ebe2f52e48e7a,61cf0d498442916f91c767e09875aa06547376fc9568ebd872ad507f1609a74b
2,tongue,1,tongue,different_subject_same_class,3.134113754761857,3.2435080423611833,0.10939428759932612,0.033727151642790484,2,1,70981aa89ddbadceca42f354c3c51d05bf6dbf0c,f663379d77883542412d60804de6dc0c77beb1866344a59e0828131f39005040,796f04e7970972175a660a521caff47c83e0295f,122eacff868aa8f656ad6360716c1816f453979f,347d61f17793d636653b614ec2104baa61ac7a4b,ff6e4f0130e8f5d7629695d163db4ba4a2acb3a0c59737e7f82ebe2f52e48e7a,61cf0d498442916f91c767e09875aa06547376fc9568ebd872ad507f1609a74b
2,tongue,2,left_hand,same_subject_different_class,2.88271739426111,2.99707641912325,0.11435902486214022,0.03815685984263099,2,1,70981aa89ddbadceca42f354c3c51d05bf6dbf0c,f663379d77883542412d60804de6dc0c77beb1866344a59e0828131f39005040,796f04e7970972175a660a521caff47c83e0295f,122eacff868aa8f656ad6360716c1816f453979f,347d61f17793d636653b614ec2104baa61ac7a4b,ff6e4f0130e8f5d7629695d163db4ba4a2acb3a0c59737e7f82ebe2f52e48e7a,61cf0d498442916f91c767e09875aa06547376fc9568ebd872ad507f1609a74b
2,tongue,2,right_hand,same_subject_different_class,2.4326270954873235,2.5880093730066305,0.155382277519307,0.060039302461563734,1,1,70981aa89ddbadceca42f354c3c51d05bf6dbf0c,f663379d77883542412d60804de6dc0c77beb1866344a59e0828131f39005040,796f04e7970972175a660a521caff47c83e0295f,122eacff868aa8f656ad6360716c1816f453979f,347d61f17793d636653b614ec2104baa61ac7a4b,ff6e4f0130e8f5d7629695d163db4ba4a2acb3a0c59737e7f82ebe2f52e48e7a,61cf0d498442916f91c767e09875aa06547376fc9568ebd872ad507f1609a74b
2,tongue,2,feet,same_subject_different_class,2.6143852886857033,2.7727998139886734,0.15841452530297007,0.0571316127849456,1,1,70981aa89ddbadceca42f354c3c51d05bf6dbf0c,f663379d77883542412d60804de6dc0c77beb1866344a59e0828131f39005040,796f04e7970972175a660a521caff47c83e0295f,122eacff868aa8f656ad6360716c1816f453979f,347d61f17793d636653b614ec2104baa61ac7a4b,ff6e4f0130e8f5d7629695d163db4ba4a2acb3a0c59737e7f82ebe2f52e48e7a,61cf0d498442916f91c767e09875aa06547376fc9568ebd872ad507f1609a74b
2,tongue,2,tongue,same_subject_same_class,2.2137135034301196,2.3876736461616277,0.17396014273150806,0.07285758797529245,2,1,70981aa89ddbadceca42f354c3c51d05bf6dbf0c,f663379d77883542412d60804de6dc0c77beb1866344a59e0828131f39005040,796f04e7970972175a660a521caff47c83e0295f,122eacff868aa8f656ad6360716c1816f453979f,347d61f17793d636653b614ec2104baa61ac7a4b,ff6e4f0130e8f5d7629695d163db4ba4a2acb3a0c59737e7f82ebe2f52e48e7a,61cf0d498442916f91c767e09875aa06547376fc9568ebd872ad507f1609a74b
2,tongue,3,left_hand,different_subject_different_class,3.0388049043533094,3.090619258487397,0.05181435413408764,0.016765039560209846,20,1,70981aa89ddbadceca42f354c3c51d05bf6dbf0c,f663379d77883542412d60804de6dc0c77beb1866344a59e0828131f39005040,796f04e7970972175a660a521caff47c83e0295f,122eacff868aa8f656ad6360716c1816f453979f,347d61f17793d636653b614ec2104baa61ac7a4b,ff6e4f0130e8f5d7629695d163db4ba4a2acb3a0c59737e7f82ebe2f52e48e7a,61cf0d498442916f91c767e09875aa06547376fc9568ebd872ad507f1609a74b
2,tongue,3,right_hand,different_subject_different_class,3.1360649492859727,3.1644545475277246,0.028389598241751912,0.008971403385753066,36,1,70981aa89ddbadceca42f354c3c51d05bf6dbf0c,f663379d77883542412d60804de6dc0c77beb1866344a59e0828131f39005040,796f04e7970972175a660a521caff47c83e0295f,122eacff868aa8f656ad6360716c1816f453979f,347d61f17793d636653b614ec2104baa61ac7a4b,ff6e4f0130e8f5d7629695d163db4ba4a2acb3a0c59737e7f82ebe2f52e48e7a,61cf0d498442916f91c767e09875aa06547376fc9568ebd872ad507f1609a74b
2,tongue,3,feet,different_subject_different_class,3.748519461586424,3.8722438619967816,0.12372440041035748,0.031951603468113474,13,1,70981aa89ddbadceca42f354c3c51d05bf6dbf0c,f663379d77883542412d60804de6dc0c77beb1866344a59e0828131f39005040,796f04e7970972175a660a521caff47c83e0295f,122eacff868aa8f656ad6360716c1816f453979f,347d61f17793d636653b614ec2104baa61ac7a4b,ff6e4f0130e8f5d7629695d163db4ba4a2acb3a0c59737e7f82ebe2f52e48e7a,61cf0d498442916f91c767e09875aa06547376fc9568ebd872ad507f1609a74b
2,tongue,3,tongue,different_subject_same_class,4.429625655037821,4.55546976989026,0.1258441148524394,0.02762483809775582,8,1,70981aa89ddbadceca42f354c3c51d05bf6dbf0c,f663379d77883542412d60804de6dc0c77beb1866344a59e0828131f39005040,796f04e7970972175a660a521caff47c83e0295f,122eacff868aa8f656ad6360716c1816f453979f,347d61f17793d636653b614ec2104baa61ac7a4b,ff6e4f0130e8f5d7629695d163db4ba4a2acb3a0c59737e7f82ebe2f52e48e7a,61cf0d498442916f91c767e09875aa06547376fc9568ebd872ad507f1609a74b
2,tongue,4,left_hand,different_subject_different_class,2.1628733408163874,2.2133993346394973,0.05052599382310996,0.022827328549522345,23,1,70981aa89ddbadceca42f354c3c51d05bf6dbf0c,f663379d77883542412d60804de6dc0c77beb1866344a59e0828131f39005040,796f04e7970972175a660a521caff47c83e0295f,122eacff868aa8f656ad6360716c1816f453979f,347d61f17793d636653b614ec2104baa61ac7a4b,ff6e4f0130e8f5d7629695d163db4ba4a2acb3a0c59737e7f82ebe2f52e48e7a,61cf0d498442916f91c767e09875aa06547376fc9568ebd872ad507f1609a74b
2,tongue,4,right_hand,different_subject_different_class,2.193831391749027,2.296736530321496,0.1029051385724693,0.04480493831744153,11,1,70981aa89ddbadceca42f354c3c51d05bf6dbf0c,f663379d77883542412d60804de6dc0c77beb1866344a59e0828131f39005040,796f04e7970972175a660a521caff47c83e0295f,122eacff868aa8f656ad6360716c1816f453979f,347d61f17793d636653b614ec2104baa61ac7a4b,ff6e4f0130e8f5d7629695d163db4ba4a2acb3a0c59737e7f82ebe2f52e48e7a,61cf0d498442916f91c767e09875aa06547376fc9568ebd872ad507f1609a74b
2,tongue,4,feet,different_subject_different_class,2.5161504453102888,2.7226554335092885,0.20650498819899976,0.07584690506827413,3,1,70981aa89ddbadceca42f354c3c51d05bf6dbf0c,f663379d77883542412d60804de6dc0c77beb1866344a59e0828131f39005040,796f04e7970972175a660a521caff47c83e0295f,122eacff868aa8f656ad6360716c1816f453979f,347d61f17793d636653b614ec2104baa61ac7a4b,ff6e4f0130e8f5d7629695d163db4ba4a2acb3a0c59737e7f82ebe2f52e48e7a,61cf0d498442916f91c767e09875aa06547376fc9568ebd872ad507f1609a74b
2,tongue,4,tongue,different_subject_same_class,2.454553345840941,2.6340256788809695,0.17947233304002852,0.06813613643898678,7,1,70981aa89ddbadceca42f354c3c51d05bf6dbf0c,f663379d77883542412d60804de6dc0c77beb1866344a59e0828131f39005040,796f04e7970972175a660a521caff47c83e0295f,122eacff868aa8f656ad6360716c1816f453979f,347d61f17793d636653b614ec2104baa61ac7a4b,ff6e4f0130e8f5d7629695d163db4ba4a2acb3a0c59737e7f82ebe2f52e48e7a,61cf0d498442916f91c767e09875aa06547376fc9568ebd872ad507f1609a74b
2,tongue,5,left_hand,different_subject_different_class,2.7154983838436695,2.743063083404837,0.027564699561167583,0.01004887555373054,16,1,70981aa89ddbadceca42f354c3c51d05bf6dbf0c,f663379d77883542412d60804de6dc0c77beb1866344a59e0828131f39005040,796f04e7970972175a660a521caff47c83e0295f,122eacff868aa8f656ad6360716c1816f453979f,347d61f17793d636653b614ec2104baa61ac7a4b,ff6e4f0130e8f5d7629695d163db4ba4a2acb3a0c59737e7f82ebe2f52e48e7a,61cf0d498442916f91c767e09875aa06547376fc9568ebd872ad507f1609a74b
2,tongue,5,right_hand,different_subject_different_class,2.7103068232832856,2.7394364752912965,0.029129652008010876,0.010633446794897257,14,1,70981aa89ddbadceca42f354c3c51d05bf6dbf0c,f663379d77883542412d60804de6dc0c77beb1866344a59e0828131f39005040,796f04e7970972175a660a521caff47c83e0295f,122eacff868aa8f656ad6360716c1816f453979f,347d61f17793d636653b614ec2104baa61ac7a4b,ff6e4f0130e8f5d7629695d163db4ba4a2acb3a0c59737e7f82ebe2f52e48e7a,61cf0d498442916f91c767e09875aa06547376fc9568ebd872ad507f1609a74b
2,tongue,5,feet,different_subject_different_class,2.653412638756615,2.6647850411548974,0.01137240239828241,0.004267662202634438,34,1,70981aa89ddbadceca42f354c3c51d05bf6dbf0c,f663379d77883542412d60804de6dc0c77beb1866344a59e0828131f39005040,796f04e7970972175a660a521caff47c83e0295f,122eacff868aa8f656ad6360716c1816f453979f,347d61f17793d636653b614ec2104baa61ac7a4b,ff6e4f0130e8f5d7629695d163db4ba4a2acb3a0c59737e7f82ebe2f52e48e7a,61cf0d498442916f91c767e09875aa06547376fc9568ebd872ad507f1609a74b
2,tongue,5,tongue,different_subject_same_class,2.6824221987892396,2.7210981740747995,0.03867597528555988,0.01421337004818288,1,1,70981aa89ddbadceca42f354c3c51d05bf6dbf0c,f663379d77883542412d60804de6dc0c77beb1866344a59e0828131f39005040,796f04e7970972175a660a521caff47c83e0295f,122eacff868aa8f656ad6360716c1816f453979f,347d61f17793d636653b614ec2104baa61ac7a4b,ff6e4f0130e8f5d7629695d163db4ba4a2acb3a0c59737e7f82ebe2f52e48e7a,61cf0d498442916f91c767e09875aa06547376fc9568ebd872ad507f1609a74b
2,tongue,6,left_hand,different_subject_different_class,4.3857247939923285,4.421796449365682,0.03607165537335355,0.008157692419000453,19,1,70981aa89ddbadceca42f354c3c51d05bf6dbf0c,f663379d77883542412d60804de6dc0c77beb1866344a59e0828131f39005040,796f04e7970972175a660a521caff47c83e0295f,122eacff868aa8f656ad6360716c1816f453979f,347d61f17793d636653b614ec2104baa61ac7a4b,ff6e4f0130e8f5d7629695d163db4ba4a2acb3a0c59737e7f82ebe2f52e48e7a,61cf0d498442916f91c767e09875aa06547376fc9568ebd872ad507f1609a74b
2,tongue,6,right_hand,different_subject_different_class,4.523535778196507,4.5367410291872545,0.01320525099074743,0.002910735020092852,11,1,70981aa89ddbadceca42f354c3c51d05bf6dbf0c,f663379d77883542412d60804de6dc0c77beb1866344a59e0828131f39005040,796f04e7970972175a660a521caff47c83e0295f,122eacff868aa8f656ad6360716c1816f453979f,347d61f17793d636653b614ec2104baa61ac7a4b,ff6e4f0130e8f5d7629695d163db4ba4a2acb3a0c59737e7f82ebe2f52e48e7a,61cf0d498442916f91c767e09875aa06547376fc9568ebd872ad507f1609a74b
2,tongue,6,feet,different_subject_different_class,5.138994447284021,5.217929529059295,0.07893508177527409,0.015127663441155128,20,1,70981aa89ddbadceca42f354c3c51d05bf6dbf0c,f663379d77883542412d60804de6dc0c77beb1866344a59e0828131f39005040,796f04e7970972175a660a521caff47c83e0295f,122eacff868aa8f656ad6360716c1816f453979f,347d61f17793d636653b614ec2104baa61ac7a4b,ff6e4f0130e8f5d7629695d163db4ba4a2acb3a0c59737e7f82ebe2f52e48e7a,61cf0d498442916f91c767e09875aa06547376fc9568ebd872ad507f1609a74b
2,tongue,6,tongue,different_subject_same_class,4.760616970433381,4.792007362367052,0.031390391933670436,0.006550572559672548,16,1,70981aa89ddbadceca42f354c3c51d05bf6dbf0c,f663379d77883542412d60804de6dc0c77beb1866344a59e0828131f39005040,796f04e7970972175a660a521caff47c83e0295f,122eacff868aa8f656ad6360716c1816f453979f,347d61f17793d636653b614ec2104baa61ac7a4b,ff6e4f0130e8f5d7629695d163db4ba4a2acb3a0c59737e7f82ebe2f52e48e7a,61cf0d498442916f91c767e09875aa06547376fc9568ebd872ad507f1609a74b
2,tongue,7,left_hand,different_subject_different_class,2.4500187299604472,2.444770049976251,-0.005248679984196425,-0.00214690129415133,72,1,70981aa89ddbadceca42f354c3c51d05bf6dbf0c,f663379d77883542412d60804de6dc0c77beb1866344a59e0828131f39005040,796f04e7970972175a660a521caff47c83e0295f,122eacff868aa8f656ad6360716c1816f453979f,347d61f17793d636653b614ec2104baa61ac7a4b,ff6e4f0130e8f5d7629695d163db4ba4a2acb3a0c59737e7f82ebe2f52e48e7a,61cf0d498442916f91c767e09875aa06547376fc9568ebd872ad507f1609a74b
2,tongue,7,right_hand,different_subject_different_class,2.465120291196926,2.4673267283135902,0.0022064371166643504,0.0008942622358622293,62,1,70981aa89ddbadceca42f354c3c51d05bf6dbf0c,f663379d77883542412d60804de6dc0c77beb1866344a59e0828131f39005040,796f04e7970972175a660a521caff47c83e0295f,122eacff868aa8f656ad6360716c1816f453979f,347d61f17793d636653b614ec2104baa61ac7a4b,ff6e4f0130e8f5d7629695d163db4ba4a2acb3a0c59737e7f82ebe2f52e48e7a,61cf0d498442916f91c767e09875aa06547376fc9568ebd872ad507f1609a74b
2,tongue,7,feet,different_subject_different_class,2.7056177340121503,2.747491642657895,0.041873908645744695,0.015240777440631742,46,1,70981aa89ddbadceca42f354c3c51d05bf6dbf0c,f663379d77883542412d60804de6dc0c77beb1866344a59e0828131f39005040,796f04e7970972175a660a521caff47c83e0295f,122eacff868aa8f656ad6360716c1816f453979f,347d61f17793d636653b614ec2104baa61ac7a4b,ff6e4f0130e8f5d7629695d163db4ba4a2acb3a0c59737e7f82ebe2f52e48e7a,61cf0d498442916f91c767e09875aa06547376fc9568ebd872ad507f1609a74b
2,tongue,7,tongue,different_subject_same_class,3.1471796706722914,3.245736448739821,0.09855677806752938,0.030364997165988238,14,1,70981aa89ddbadceca42f354c3c51d05bf6dbf0c,f663379d77883542412d60804de6dc0c77beb1866344a59e0828131f39005040,796f04e7970972175a660a521caff47c83e0295f,122eacff868aa8f656ad6360716c1816f453979f,347d61f17793d636653b614ec2104baa61ac7a4b,ff6e4f0130e8f5d7629695d163db4ba4a2acb3a0c59737e7f82ebe2f52e48e7a,61cf0d498442916f91c767e09875aa06547376fc9568ebd872ad507f1609a74b
2,tongue,8,left_hand,different_subject_different_class,4.670689903572539,4.662562934350994,-0.008126969221544655,-0.001743026171651212,80,1,70981aa89ddbadceca42f354c3c51d05bf6dbf0c,f663379d77883542412d60804de6dc0c77beb1866344a59e0828131f39005040,796f04e7970972175a660a521caff47c83e0295f,122eacff868aa8f656ad6360716c1816f453979f,347d61f17793d636653b614ec2104baa61ac7a4b,ff6e4f0130e8f5d7629695d163db4ba4a2acb3a0c59737e7f82ebe2f52e48e7a,61cf0d498442916f91c767e09875aa06547376fc9568ebd872ad507f1609a74b
2,tongue,8,right_hand,different_subject_different_class,5.030016538797355,5.06053821996564,0.030521681168284687,0.006031311264059957,38,1,70981aa89ddbadceca42f354c3c51d05bf6dbf0c,f663379d77883542412d60804de6dc0c77beb1866344a59e0828131f39005040,796f04e7970972175a660a521caff47c83e0295f,122eacff868aa8f656ad6360716c1816f453979f,347d61f17793d636653b614ec2104baa61ac7a4b,ff6e4f0130e8f5d7629695d163db4ba4a2acb3a0c59737e7f82ebe2f52e48e7a,61cf0d498442916f91c767e09875aa06547376fc9568ebd872ad507f1609a74b
2,tongue,8,feet,different_subject_different_class,4.975219545898231,4.995832101083104,0.020612555184873038,0.004125950345770069,19,1,70981aa89ddbadceca42f354c3c51d05bf6dbf0c,f663379d77883542412d60804de6dc0c77beb1866344a59e0828131f39005040,796f04e7970972175a660a521caff47c83e0295f,122eacff868aa8f656ad6360716c1816f453979f,347d61f17793d636653b614ec2104baa61ac7a4b,ff6e4f0130e8f5d7629695d163db4ba4a2acb3a0c59737e7f82ebe2f52e48e7a,61cf0d498442916f91c767e09875aa06547376fc9568ebd872ad507f1609a74b
2,tongue,8,tongue,different_subject_same_class,5.9451130248077995,6.004607610141358,0.05949458533355845,0.00990815540270713,2,1,70981aa89ddbadceca42f354c3c51d05bf6dbf0c,f663379d77883542412d60804de6dc0c77beb1866344a59e0828131f39005040,796f04e7970972175a660a521caff47c83e0295f,122eacff868aa8f656ad6360716c1816f453979f,347d61f17793d636653b614ec2104baa61ac7a4b,ff6e4f0130e8f5d7629695d163db4ba4a2acb3a0c59737e7f82ebe2f52e48e7a,61cf0d498442916f91c767e09875aa06547376fc9568ebd872ad507f1609a74b
2,tongue,9,left_hand,different_subject_different_class,5.359810426289574,5.206990036707298,-0.15282038958227595,-0.02934908430877539,116,1,70981aa89ddbadceca42f354c3c51d05bf6dbf0c,f663379d77883542412d60804de6dc0c77beb1866344a59e0828131f39005040,796f04e7970972175a660a521caff47c83e0295f,122eacff868aa8f656ad6360716c1816f453979f,347d61f17793d636653b614ec2104baa61ac7a4b,ff6e4f0130e8f5d7629695d163db4ba4a2acb3a0c59737e7f82ebe2f52e48e7a,61cf0d498442916f91c767e09875aa06547376fc9568ebd872ad507f1609a74b
2,tongue,9,right_hand,different_subject_different_class,7.1608723163652295,7.167186176814075,0.006313860448845965,0.0008809399244115314,45,1,70981aa89ddbadceca42f354c3c51d05bf6dbf0c,f663379d77883542412d60804de6dc0c77beb1866344a59e0828131f39005040,796f04e7970972175a660a521caff47c83e0295f,122eacff868aa8f656ad6360716c1816f453979f,347d61f17793d636653b614ec2104baa61ac7a4b,ff6e4f0130e8f5d7629695d163db4ba4a2acb3a0c59737e7f82ebe2f52e48e7a,61cf0d498442916f91c767e09875aa06547376fc9568ebd872ad507f1609a74b
2,tongue,9,feet,different_subject_different_class,7.385511809703012,7.376389443864085,-0.00912236583892767,-0.0012366979683422145,80,1,70981aa89ddbadceca42f354c3c51d05bf6dbf0c,f663379d77883542412d60804de6dc0c77beb1866344a59e0828131f39005040,796f04e7970972175a660a521caff47c83e0295f,122eacff868aa8f656ad6360716c1816f453979f,347d61f17793d636653b614ec2104baa61ac7a4b,ff6e4f0130e8f5d7629695d163db4ba4a2acb3a0c59737e7f82ebe2f52e48e7a,61cf0d498442916f91c767e09875aa06547376fc9568ebd872ad507f1609a74b
2,tongue,9,tongue,different_subject_same_class,8.819681242998902,8.851301996010061,0.03162075301115941,0.003572440870892579,1,1,70981aa89ddbadceca42f354c3c51d05bf6dbf0c,f663379d77883542412d60804de6dc0c77beb1866344a59e0828131f39005040,796f04e7970972175a660a521caff47c83e0295f,122eacff868aa8f656ad6360716c1816f453979f,347d61f17793d636653b614ec2104baa61ac7a4b,ff6e4f0130e8f5d7629695d163db4ba4a2acb3a0c59737e7f82ebe2f52e48e7a,61cf0d498442916f91c767e09875aa06547376fc9568ebd872ad507f1609a74b
3,left_hand,1,left_hand,different_subject_same_class,2.30536079807091,2.3221545734571927,0.016793775386282572,0.007231979980247492,27,1,70981aa89ddbadceca42f354c3c51d05bf6dbf0c,f663379d77883542412d60804de6dc0c77beb1866344a59e0828131f39005040,796f04e7970972175a660a521caff47c83e0295f,122eacff868aa8f656ad6360716c1816f453979f,347d61f17793d636653b614ec2104baa61ac7a4b,ff6e4f0130e8f5d7629695d163db4ba4a2acb3a0c59737e7f82ebe2f52e48e7a,61cf0d498442916f91c767e09875aa06547376fc9568ebd872ad507f1609a74b
3,left_hand,1,right_hand,different_subject_different_class,2.5706351281625164,2.5773178909704155,0.006682762807899145,0.002592913676388962,42,1,70981aa89ddbadceca42f354c3c51d05bf6dbf0c,f663379d77883542412d60804de6dc0c77beb1866344a59e0828131f39005040,796f04e7970972175a660a521caff47c83e0295f,122eacff868aa8f656ad6360716c1816f453979f,347d61f17793d636653b614ec2104baa61ac7a4b,ff6e4f0130e8f5d7629695d163db4ba4a2acb3a0c59737e7f82ebe2f52e48e7a,61cf0d498442916f91c767e09875aa06547376fc9568ebd872ad507f1609a74b
3,left_hand,1,feet,different_subject_different_class,2.269170379828062,2.2773568873906154,0.008186507562553569,0.003594740731187561,51,1,70981aa89ddbadceca42f354c3c51d05bf6dbf0c,f663379d77883542412d60804de6dc0c77beb1866344a59e0828131f39005040,796f04e7970972175a660a521caff47c83e0295f,122eacff868aa8f656ad6360716c1816f453979f,347d61f17793d636653b614ec2104baa61ac7a4b,ff6e4f0130e8f5d7629695d163db4ba4a2acb3a0c59737e7f82ebe2f52e48e7a,61cf0d498442916f91c767e09875aa06547376fc9568ebd872ad507f1609a74b
3,left_hand,1,tongue,different_subject_different_class,2.326696118657656,2.331106872538239,0.004410753880583318,0.0018921285559853561,67,1,70981aa89ddbadceca42f354c3c51d05bf6dbf0c,f663379d77883542412d60804de6dc0c77beb1866344a59e0828131f39005040,796f04e7970972175a660a521caff47c83e0295f,122eacff868aa8f656ad6360716c1816f453979f,347d61f17793d636653b614ec2104baa61ac7a4b,ff6e4f0130e8f5d7629695d163db4ba4a2acb3a0c59737e7f82ebe2f52e48e7a,61cf0d498442916f91c767e09875aa06547376fc9568ebd872ad507f1609a74b
3,left_hand,2,left_hand,different_subject_same_class,1.9916300657379589,2.0047163384711633,0.013086272733204396,0.006527742844249102,51,1,70981aa89ddbadceca42f354c3c51d05bf6dbf0c,f663379d77883542412d60804de6dc0c77beb1866344a59e0828131f39005040,796f04e7970972175a660a521caff47c83e0295f,122eacff868aa8f656ad6360716c1816f453979f,347d61f17793d636653b614ec2104baa61ac7a4b,ff6e4f0130e8f5d7629695d163db4ba4a2acb3a0c59737e7f82ebe2f52e48e7a,61cf0d498442916f91c767e09875aa06547376fc9568ebd872ad507f1609a74b
3,left_hand,2,right_hand,different_subject_different_class,1.8532087348786968,1.882038382780375,0.0288296479016783,0.01531831027754474,37,1,70981aa89ddbadceca42f354c3c51d05bf6dbf0c,f663379d77883542412d60804de6dc0c77beb1866344a59e0828131f39005040,796f04e7970972175a660a521caff47c83e0295f,122eacff868aa8f656ad6360716c1816f453979f,347d61f17793d636653b614ec2104baa61ac7a4b,ff6e4f0130e8f5d7629695d163db4ba4a2acb3a0c59737e7f82ebe2f52e48e7a,61cf0d498442916f91c767e09875aa06547376fc9568ebd872ad507f1609a74b
3,left_hand,2,feet,different_subject_different_class,1.954983153808718,1.965604069343117,0.010620915534399034,0.005403384994999744,65,1,70981aa89ddbadceca42f354c3c51d05bf6dbf0c,f663379d77883542412d60804de6dc0c77beb1866344a59e0828131f39005040,796f04e7970972175a660a521caff47c83e0295f,122eacff868aa8f656ad6360716c1816f453979f,347d61f17793d636653b614ec2104baa61ac7a4b,ff6e4f0130e8f5d7629695d163db4ba4a2acb3a0c59737e7f82ebe2f52e48e7a,61cf0d498442916f91c767e09875aa06547376fc9568ebd872ad507f1609a74b
3,left_hand,2,tongue,different_subject_different_class,1.8335068889195862,1.8583347921519344,0.02482790323234818,0.013360296184089467,42,1,70981aa89ddbadceca42f354c3c51d05bf6dbf0c,f663379d77883542412d60804de6dc0c77beb1866344a59e0828131f39005040,796f04e7970972175a660a521caff47c83e0295f,122eacff868aa8f656ad6360716c1816f453979f,347d61f17793d636653b614ec2104baa61ac7a4b,ff6e4f0130e8f5d7629695d163db4ba4a2acb3a0c59737e7f82ebe2f52e48e7a,61cf0d498442916f91c767e09875aa06547376fc9568ebd872ad507f1609a74b
3,left_hand,3,left_hand,same_subject_same_class,0.8841664465253033,1.1516307338733984,0.26746428734809513,0.23224830623311424,1,1,70981aa89ddbadceca42f354c3c51d05bf6dbf0c,f663379d77883542412d60804de6dc0c77beb1866344a59e0828131f39005040,796f04e7970972175a660a521caff47c83e0295f,122eacff868aa8f656ad6360716c1816f453979f,347d61f17793d636653b614ec2104baa61ac7a4b,ff6e4f0130e8f5d7629695d163db4ba4a2acb3a0c59737e7f82ebe2f52e48e7a,61cf0d498442916f91c767e09875aa06547376fc9568ebd872ad507f1609a74b
3,left_hand,3,right_hand,same_subject_different_class,1.5077288354799716,1.6442782533245563,0.13654941784458474,0.083045200876735,2,1,70981aa89ddbadceca42f354c3c51d05bf6dbf0c,f663379d77883542412d60804de6dc0c77beb1866344a59e0828131f39005040,796f04e7970972175a660a521caff47c83e0295f,122eacff868aa8f656ad6360716c1816f453979f,347d61f17793d636653b614ec2104baa61ac7a4b,ff6e4f0130e8f5d7629695d163db4ba4a2acb3a0c59737e7f82ebe2f52e48e7a,61cf0d498442916f91c767e09875aa06547376fc9568ebd872ad507f1609a74b
3,left_hand,3,feet,same_subject_different_class,1.7655100962979413,1.8961273671765801,0.13061727087863884,0.06888633809084982,1,1,70981aa89ddbadceca42f354c3c51d05bf6dbf0c,f663379d77883542412d60804de6dc0c77beb1866344a59e0828131f39005040,796f04e7970972175a660a521caff47c83e0295f,122eacff868aa8f656ad6360716c1816f453979f,347d61f17793d636653b614ec2104baa61ac7a4b,ff6e4f0130e8f5d7629695d163db4ba4a2acb3a0c59737e7f82ebe2f52e48e7a,61cf0d498442916f91c767e09875aa06547376fc9568ebd872ad507f1609a74b
3,left_hand,3,tongue,same_subject_different_class,2.3801097161619986,2.4526900669340037,0.07258035077200509,0.029592141196516722,10,1,70981aa89ddbadceca42f354c3c51d05bf6dbf0c,f663379d77883542412d60804de6dc0c77beb1866344a59e0828131f39005040,796f04e7970972175a660a521caff47c83e0295f,122eacff868aa8f656ad6360716c1816f453979f,347d61f17793d636653b614ec2104baa61ac7a4b,ff6e4f0130e8f5d7629695d163db4ba4a2acb3a0c59737e7f82ebe2f52e48e7a,61cf0d498442916f91c767e09875aa06547376fc9568ebd872ad507f1609a74b
3,left_hand,4,left_hand,different_subject_same_class,2.9841615960609875,3.007249506979253,0.023087910918265564,0.00767741780809438,2,1,70981aa89ddbadceca42f354c3c51d05bf6dbf0c,f663379d77883542412d60804de6dc0c77beb1866344a59e0828131f39005040,796f04e7970972175a660a521caff47c83e0295f,122eacff868aa8f656ad6360716c1816f453979f,347d61f17793d636653b614ec2104baa61ac7a4b,ff6e4f0130e8f5d7629695d163db4ba4a2acb3a0c59737e7f82ebe2f52e48e7a,61cf0d498442916f91c767e09875aa06547376fc9568ebd872ad507f1609a74b
3,left_hand,4,right_hand,different_subject_different_class,3.032110018003236,3.06114015091452,0.029030132911283868,0.00948343802638735,16,1,70981aa89ddbadceca42f354c3c51d05bf6dbf0c,f663379d77883542412d60804de6dc0c77beb1866344a59e0828131f39005040,796f04e7970972175a660a521caff47c83e0295f,122eacff868aa8f656ad6360716c1816f453979f,347d61f17793d636653b614ec2104baa61ac7a4b,ff6e4f0130e8f5d7629695d163db4ba4a2acb3a0c59737e7f82ebe2f52e48e7a,61cf0d498442916f91c767e09875aa06547376fc9568ebd872ad507f1609a74b
3,left_hand,4,feet,different_subject_different_class,2.5288094339171767,2.581478208533893,0.05266877461671626,0.020402564097811465,23,1,70981aa89ddbadceca42f354c3c51d05bf6dbf0c,f663379d77883542412d60804de6dc0c77beb1866344a59e0828131f39005040,796f04e7970972175a660a521caff47c83e0295f,122eacff868aa8f656ad6360716c1816f453979f,347d61f17793d636653b614ec2104baa61ac7a4b,ff6e4f0130e8f5d7629695d163db4ba4a2acb3a0c59737e7f82ebe2f52e48e7a,61cf0d498442916f91c767e09875aa06547376fc9568ebd872ad507f1609a74b
3,left_hand,4,tongue,different_subject_different_class,2.536716936286442,2.569884417090532,0.033167480804090044,0.012906214996875331,28,1,70981aa89ddbadceca42f354c3c51d05bf6dbf0c,f663379d77883542412d60804de6dc0c77beb1866344a59e0828131f39005040,796f04e7970972175a660a521caff47c83e0295f,122eacff868aa8f656ad6360716c1816f453979f,347d61f17793d636653b614ec2104baa61ac7a4b,ff6e4f0130e8f5d7629695d163db4ba4a2acb3a0c59737e7f82ebe2f52e48e7a,61cf0d498442916f91c767e09875aa06547376fc9568ebd872ad507f1609a74b
3,left_hand,5,left_hand,different_subject_same_class,4.171564572638443,4.181419070495988,0.009854497857544331,0.00235673528326244,2,1,70981aa89ddbadceca42f354c3c51d05bf6dbf0c,f663379d77883542412d60804de6dc0c77beb1866344a59e0828131f39005040,796f04e7970972175a660a521caff47c83e0295f,122eacff868aa8f656ad6360716c1816f453979f,347d61f17793d636653b614ec2104baa61ac7a4b,ff6e4f0130e8f5d7629695d163db4ba4a2acb3a0c59737e7f82ebe2f52e48e7a,61cf0d498442916f91c767e09875aa06547376fc9568ebd872ad507f1609a74b
3,left_hand,5,right_hand,different_subject_different_class,4.220851335543569,4.223997459647128,0.003146124103559522,0.0007448214951867771,40,1,70981aa89ddbadceca42f354c3c51d05bf6dbf0c,f663379d77883542412d60804de6dc0c77beb1866344a59e0828131f39005040,796f04e7970972175a660a521caff47c83e0295f,122eacff868aa8f656ad6360716c1816f453979f,347d61f17793d636653b614ec2104baa61ac7a4b,ff6e4f0130e8f5d7629695d163db4ba4a2acb3a0c59737e7f82ebe2f52e48e7a,61cf0d498442916f91c767e09875aa06547376fc9568ebd872ad507f1609a74b
3,left_hand,5,feet,different_subject_different_class,4.092323845998249,4.092603941365875,0.0002800953676258544,6.843940230687819e-05,63,1,70981aa89ddbadceca42f354c3c51d05bf6dbf0c,f663379d77883542412d60804de6dc0c77beb1866344a59e0828131f39005040,796f04e7970972175a660a521caff47c83e0295f,122eacff868aa8f656ad6360716c1816f453979f,347d61f17793d636653b614ec2104baa61ac7a4b,ff6e4f0130e8f5d7629695d163db4ba4a2acb3a0c59737e7f82ebe2f52e48e7a,61cf0d498442916f91c767e09875aa06547376fc9568ebd872ad507f1609a74b
3,left_hand,5,tongue,different_subject_different_class,4.083234628605614,4.084657586298976,0.0014229576933617594,0.00034836645748097386,47,1,70981aa89ddbadceca42f354c3c51d05bf6dbf0c,f663379d77883542412d60804de6dc0c77beb1866344a59e0828131f39005040,796f04e7970972175a660a521caff47c83e0295f,122eacff868aa8f656ad6360716c1816f453979f,347d61f17793d636653b614ec2104baa61ac7a4b,ff6e4f0130e8f5d7629695d163db4ba4a2acb3a0c59737e7f82ebe2f52e48e7a,61cf0d498442916f91c767e09875aa06547376fc9568ebd872ad507f1609a74b
3,left_hand,6,left_hand,different_subject_same_class,2.7590494240265366,2.7948717962980267,0.0358223722714901,0.012817179063075076,3,1,70981aa89ddbadceca42f354c3c51d05bf6dbf0c,f663379d77883542412d60804de6dc0c77beb1866344a59e0828131f39005040,796f04e7970972175a660a521caff47c83e0295f,122eacff868aa8f656ad6360716c1816f453979f,347d61f17793d636653b614ec2104baa61ac7a4b,ff6e4f0130e8f5d7629695d163db4ba4a2acb3a0c59737e7f82ebe2f52e48e7a,61cf0d498442916f91c767e09875aa06547376fc9568ebd872ad507f1609a74b
3,left_hand,6,right_hand,different_subject_different_class,2.924074957943015,2.9407714529398454,0.016696494996830236,0.005677590137152276,13,1,70981aa89ddbadceca42f354c3c51d05bf6dbf0c,f663379d77883542412d60804de6dc0c77beb1866344a59e0828131f39005040,796f04e7970972175a660a521caff47c83e0295f,122eacff868aa8f656ad6360716c1816f453979f,347d61f17793d636653b614ec2104baa61ac7a4b,ff6e4f0130e8f5d7629695d163db4ba4a2acb3a0c59737e7f82ebe2f52e48e7a,61cf0d498442916f91c767e09875aa06547376fc9568ebd872ad507f1609a74b
3,left_hand,6,feet,different_subject_different_class,3.452303275907752,3.5114746156278507,0.0591713397200988,0.01685085219091609,4,1,70981aa89ddbadceca42f354c3c51d05bf6dbf0c,f663379d77883542412d60804de6dc0c77beb1866344a59e0828131f39005040,796f04e7970972175a660a521caff47c83e0295f,122eacff868aa8f656ad6360716c1816f453979f,347d61f17793d636653b614ec2104baa61ac7a4b,ff6e4f0130e8f5d7629695d163db4ba4a2acb3a0c59737e7f82ebe2f52e48e7a,61cf0d498442916f91c767e09875aa06547376fc9568ebd872ad507f1609a74b
3,left_hand,6,tongue,different_subject_different_class,3.1402016737472556,3.178075590602337,0.03787391685508146,0.011917248591278238,1,1,70981aa89ddbadceca42f354c3c51d05bf6dbf0c,f663379d77883542412d60804de6dc0c77beb1866344a59e0828131f39005040,796f04e7970972175a660a521caff47c83e0295f,122eacff868aa8f656ad6360716c1816f453979f,347d61f17793d636653b614ec2104baa61ac7a4b,ff6e4f0130e8f5d7629695d163db4ba4a2acb3a0c59737e7f82ebe2f52e48e7a,61cf0d498442916f91c767e09875aa06547376fc9568ebd872ad507f1609a74b
3,left_hand,7,left_hand,different_subject_same_class,2.4886344705713492,2.520444973086179,0.031810502514829864,0.012620986712468965,4,1,70981aa89ddbadceca42f354c3c51d05bf6dbf0c,f663379d77883542412d60804de6dc0c77beb1866344a59e0828131f39005040,796f04e7970972175a660a521caff47c83e0295f,122eacff868aa8f656ad6360716c1816f453979f,347d61f17793d636653b614ec2104baa61ac7a4b,ff6e4f0130e8f5d7629695d163db4ba4a2acb3a0c59737e7f82ebe2f52e48e7a,61cf0d498442916f91c767e09875aa06547376fc9568ebd872ad507f1609a74b
3,left_hand,7,right_hand,different_subject_different_class,2.5675407674078006,2.5973613294359827,0.029820562028182174,0.01148109879446681,3,1,70981aa89ddbadceca42f354c3c51d05bf6dbf0c,f663379d77883542412d60804de6dc0c77beb1866344a59e0828131f39005040,796f04e7970972175a660a521caff47c83e0295f,122eacff868aa8f656ad6360716c1816f453979f,347d61f17793d636653b614ec2104baa61ac7a4b,ff6e4f0130e8f5d7629695d163db4ba4a2acb3a0c59737e7f82ebe2f52e48e7a,61cf0d498442916f91c767e09875aa06547376fc9568ebd872ad507f1609a74b
3,left_hand,7,feet,different_subject_different_class,2.4332685536254046,2.474102187700236,0.040833634074831426,0.016504425030555308,3,1,70981aa89ddbadceca42f354c3c51d05bf6dbf0c,f663379d77883542412d60804de6dc0c77beb1866344a59e0828131f39005040,796f04e7970972175a660a521caff47c83e0295f,122eacff868aa8f656ad6360716c1816f453979f,347d61f17793d636653b614ec2104baa61ac7a4b,ff6e4f0130e8f5d7629695d163db4ba4a2acb3a0c59737e7f82ebe2f52e48e7a,61cf0d498442916f91c767e09875aa06547376fc9568ebd872ad507f1609a74b
3,left_hand,7,tongue,different_subject_different_class,2.4138427357535956,2.468886124598383,0.05504338884478743,0.022294826924729633,2,1,70981aa89ddbadceca42f354c3c51d05bf6dbf0c,f663379d77883542412d60804de6dc0c77beb1866344a59e0828131f39005040,796f04e7970972175a660a521caff47c83e0295f,122eacff868aa8f656ad6360716c1816f453979f,347d61f17793d636653b614ec2104baa61ac7a4b,ff6e4f0130e8f5d7629695d163db4ba4a2acb3a0c59737e7f82ebe2f52e48e7a,61cf0d498442916f91c767e09875aa06547376fc9568ebd872ad507f1609a74b
3,left_hand,8,left_hand,different_subject_same_class,2.9829680104294236,3.019769716438808,0.03680170600938437,0.012186924654898635,3,1,70981aa89ddbadceca42f354c3c51d05bf6dbf0c,f663379d77883542412d60804de6dc0c77beb1866344a59e0828131f39005040,796f04e7970972175a660a521caff47c83e0295f,122eacff868aa8f656ad6360716c1816f453979f,347d61f17793d636653b614ec2104baa61ac7a4b,ff6e4f0130e8f5d7629695d163db4ba4a2acb3a0c59737e7f82ebe2f52e48e7a,61cf0d498442916f91c767e09875aa06547376fc9568ebd872ad507f1609a74b
3,left_hand,8,right_hand,different_subject_different_class,3.429464686553396,3.472263695213748,0.04279900866035158,0.012325967270097247,1,1,70981aa89ddbadceca42f354c3c51d05bf6dbf0c,f663379d77883542412d60804de6dc0c77beb1866344a59e0828131f39005040,796f04e7970972175a660a521caff47c83e0295f,122eacff868aa8f656ad6360716c1816f453979f,347d61f17793d636653b614ec2104baa61ac7a4b,ff6e4f0130e8f5d7629695d163db4ba4a2acb3a0c59737e7f82ebe2f52e48e7a,61cf0d498442916f91c767e09875aa06547376fc9568ebd872ad507f1609a74b
3,left_hand,8,feet,different_subject_different_class,3.3442448669111964,3.374648129582738,0.030403262671541587,0.009009313417011222,3,1,70981aa89ddbadceca42f354c3c51d05bf6dbf0c,f663379d77883542412d60804de6dc0c77beb1866344a59e0828131f39005040,796f04e7970972175a660a521caff47c83e0295f,122eacff868aa8f656ad6360716c1816f453979f,347d61f17793d636653b614ec2104baa61ac7a4b,ff6e4f0130e8f5d7629695d163db4ba4a2acb3a0c59737e7f82ebe2f52e48e7a,61cf0d498442916f91c767e09875aa06547376fc9568ebd872ad507f1609a74b
3,left_hand,8,tongue,different_subject_different_class,4.27319290752648,4.294053089631001,0.020860182104521563,0.004857923660723564,16,1,70981aa89ddbadceca42f354c3c51d05bf6dbf0c,f663379d77883542412d60804de6dc0c77beb1866344a59e0828131f39005040,796f04e7970972175a660a521caff47c83e0295f,122eacff868aa8f656ad6360716c1816f453979f,347d61f17793d636653b614ec2104baa61ac7a4b,ff6e4f0130e8f5d7629695d163db4ba4a2acb3a0c59737e7f82ebe2f52e48e7a,61cf0d498442916f91c767e09875aa06547376fc9568ebd872ad507f1609a74b
3,left_hand,9,left_hand,different_subject_same_class,3.5820361577954576,3.607409877504674,0.025373719709216314,0.007033777854699418,28,1,70981aa89ddbadceca42f354c3c51d05bf6dbf0c,f663379d77883542412d60804de6dc0c77beb1866344a59e0828131f39005040,796f04e7970972175a660a521caff47c83e0295f,122eacff868aa8f656ad6360716c1816f453979f,347d61f17793d636653b614ec2104baa61ac7a4b,ff6e4f0130e8f5d7629695d163db4ba4a2acb3a0c59737e7f82ebe2f52e48e7a,61cf0d498442916f91c767e09875aa06547376fc9568ebd872ad507f1609a74b
3,left_hand,9,right_hand,different_subject_different_class,5.410943555597989,5.417259599260802,0.006316043662813797,0.0011659112041955007,22,1,70981aa89ddbadceca42f354c3c51d05bf6dbf0c,f663379d77883542412d60804de6dc0c77beb1866344a59e0828131f39005040,796f04e7970972175a660a521caff47c83e0295f,122eacff868aa8f656ad6360716c1816f453979f,347d61f17793d636653b614ec2104baa61ac7a4b,ff6e4f0130e8f5d7629695d163db4ba4a2acb3a0c59737e7f82ebe2f52e48e7a,61cf0d498442916f91c767e09875aa06547376fc9568ebd872ad507f1609a74b
3,left_hand,9,feet,different_subject_different_class,5.607197763296647,5.614916199714312,0.007718436417664343,0.0013746307412490072,21,1,70981aa89ddbadceca42f354c3c51d05bf6dbf0c,f663379d77883542412d60804de6dc0c77beb1866344a59e0828131f39005040,796f04e7970972175a660a521caff47c83e0295f,122eacff868aa8f656ad6360716c1816f453979f,347d61f17793d636653b614ec2104baa61ac7a4b,ff6e4f0130e8f5d7629695d163db4ba4a2acb3a0c59737e7f82ebe2f52e48e7a,61cf0d498442916f91c767e09875aa06547376fc9568ebd872ad507f1609a74b
3,left_hand,9,tongue,different_subject_different_class,7.024020559063802,7.02903376525733,0.005013206193527964,0.0007132141288475419,39,1,70981aa89ddbadceca42f354c3c51d05bf6dbf0c,f663379d77883542412d60804de6dc0c77beb1866344a59e0828131f39005040,796f04e7970972175a660a521caff47c83e0295f,122eacff868aa8f656ad6360716c1816f453979f,347d61f17793d636653b614ec2104baa61ac7a4b,ff6e4f0130e8f5d7629695d163db4ba4a2acb3a0c59737e7f82ebe2f52e48e7a,61cf0d498442916f91c767e09875aa06547376fc9568ebd872ad507f1609a74b
3,right_hand,1,left_hand,different_subject_different_class,2.412896010089647,2.4299188359866757,0.01702282589702886,0.007005512136835094,25,1,70981aa89ddbadceca42f354c3c51d05bf6dbf0c,f663379d77883542412d60804de6dc0c77beb1866344a59e0828131f39005040,796f04e7970972175a660a521caff47c83e0295f,122eacff868aa8f656ad6360716c1816f453979f,347d61f17793d636653b614ec2104baa61ac7a4b,ff6e4f0130e8f5d7629695d163db4ba4a2acb3a0c59737e7f82ebe2f52e48e7a,61cf0d498442916f91c767e09875aa06547376fc9568ebd872ad507f1609a74b
3,right_hand,1,right_hand,different_subject_same_class,2.4653699132184057,2.48381882226443,0.018448909046024475,0.0074276387958140625,19,1,70981aa89ddbadceca42f354c3c51d05bf6dbf0c,f663379d77883542412d60804de6dc0c77beb1866344a59e0828131f39005040,796f04e7970972175a660a521caff47c83e0295f,122eacff868aa8f656ad6360716c1816f453979f,347d61f17793d636653b614ec2104baa61ac7a4b,ff6e4f0130e8f5d7629695d163db4ba4a2acb3a0c59737e7f82ebe2f52e48e7a,61cf0d498442916f91c767e09875aa06547376fc9568ebd872ad507f1609a74b
3,right_hand,1,feet,different_subject_different_class,2.1730103048082574,2.1757085302842505,0.002698225475993077,0.0012401594415960492,56,1,70981aa89ddbadceca42f354c3c51d05bf6dbf0c,f663379d77883542412d60804de6dc0c77beb1866344a59e0828131f39005040,796f04e7970972175a660a521caff47c83e0295f,122eacff868aa8f656ad6360716c1816f453979f,347d61f17793d636653b614ec2104baa61ac7a4b,ff6e4f0130e8f5d7629695d163db4ba4a2acb3a0c59737e7f82ebe2f52e48e7a,61cf0d498442916f91c767e09875aa06547376fc9568ebd872ad507f1609a74b
3,right_hand,1,tongue,different_subject_different_class,2.232035523512356,2.2340080056990548,0.001972482186698876,0.0008829342516530762,68,1,70981aa89ddbadceca42f354c3c51d05bf6dbf0c,f663379d77883542412d60804de6dc0c77beb1866344a59e0828131f39005040,796f04e7970972175a660a521caff47c83e0295f,122eacff868aa8f656ad6360716c1816f453979f,347d61f17793d636653b614ec2104baa61ac7a4b,ff6e4f0130e8f5d7629695d163db4ba4a2acb3a0c59737e7f82ebe2f52e48e7a,61cf0d498442916f91c767e09875aa06547376fc9568ebd872ad507f1609a74b
3,right_hand,2,left_hand,different_subject_different_class,1.7700977077880296,1.7802052545114002,0.010107546723370664,0.0056777423264851605,62,1,70981aa89ddbadceca42f354c3c51d05bf6dbf0c,f663379d77883542412d60804de6dc0c77beb1866344a59e0828131f39005040,796f04e7970972175a660a521caff47c83e0295f,122eacff868aa8f656ad6360716c1816f453979f,347d61f17793d636653b614ec2104baa61ac7a4b,ff6e4f0130e8f5d7629695d163db4ba4a2acb3a0c59737e7f82ebe2f52e48e7a,61cf0d498442916f91c767e09875aa06547376fc9568ebd872ad507f1609a74b
3,right_hand,2,right_hand,different_subject_same_class,1.6361877013964472,1.668633634176241,0.03244593277979391,0.019444611516422884,50,1,70981aa89ddbadceca42f354c3c51d05bf6dbf0c,f663379d77883542412d60804de6dc0c77beb1866344a59e0828131f39005040,796f04e7970972175a660a521caff47c83e0295f,122eacff868aa8f656ad6360716c1816f453979f,347d61f17793d636653b614ec2104baa61ac7a4b,ff6e4f0130e8f5d7629695d163db4ba4a2acb3a0c59737e7f82ebe2f52e48e7a,61cf0d498442916f91c767e09875aa06547376fc9568ebd872ad507f1609a74b
3,right_hand,2,feet,different_subject_different_class,1.7687156539861697,1.775530318669373,0.006814664683203242,0.0038381009952622625,71,1,70981aa89ddbadceca42f354c3c51d05bf6dbf0c,f663379d77883542412d60804de6dc0c77beb1866344a59e0828131f39005040,796f04e7970972175a660a521caff47c83e0295f,122eacff868aa8f656ad6360716c1816f453979f,347d61f17793d636653b614ec2104baa61ac7a4b,ff6e4f0130e8f5d7629695d163db4ba4a2acb3a0c59737e7f82ebe2f52e48e7a,61cf0d498442916f91c767e09875aa06547376fc9568ebd872ad507f1609a74b
3,right_hand,2,tongue,different_subject_different_class,1.690618609554818,1.7213500396540495,0.030731430099231627,0.0178530975056113,45,1,70981aa89ddbadceca42f354c3c51d05bf6dbf0c,f663379d77883542412d60804de6dc0c77beb1866344a59e0828131f39005040,796f04e7970972175a660a521caff47c83e0295f,122eacff868aa8f656ad6360716c1816f453979f,347d61f17793d636653b614ec2104baa61ac7a4b,ff6e4f0130e8f5d7629695d163db4ba4a2acb3a0c59737e7f82ebe2f52e48e7a,61cf0d498442916f91c767e09875aa06547376fc9568ebd872ad507f1609a74b
3,right_hand,3,left_hand,same_subject_different_class,1.136794595688208,1.350459999437451,0.21366540374924314,0.15821675861428536,2,1,70981aa89ddbadceca42f354c3c51d05bf6dbf0c,f663379d77883542412d60804de6dc0c77beb1866344a59e0828131f39005040,796f04e7970972175a660a521caff47c83e0295f,122eacff868aa8f656ad6360716c1816f453979f,347d61f17793d636653b614ec2104baa61ac7a4b,ff6e4f0130e8f5d7629695d163db4ba4a2acb3a0c59737e7f82ebe2f52e48e7a,61cf0d498442916f91c767e09875aa06547376fc9568ebd872ad507f1609a74b
3,right_hand,3,right_hand,same_subject_same_class,0.9138744788340825,1.2062144105389563,0.2923399317048738,0.2423614982134491,2,1,70981aa89ddbadceca42f354c3c51d05bf6dbf0c,f663379d77883542412d60804de6dc0c77beb1866344a59e0828131f39005040,796f04e7970972175a660a521caff47c83e0295f,122eacff868aa8f656ad6360716c1816f453979f,347d61f17793d636653b614ec2104baa61ac7a4b,ff6e4f0130e8f5d7629695d163db4ba4a2acb3a0c59737e7f82ebe2f52e48e7a,61cf0d498442916f91c767e09875aa06547376fc9568ebd872ad507f1609a74b
3,right_hand,3,feet,same_subject_different_class,1.6044930417026704,1.7587006994624201,0.15420765775974976,0.08768271816056378,1,1,70981aa89ddbadceca42f354c3c51d05bf6dbf0c,f663379d77883542412d60804de6dc0c77beb1866344a59e0828131f39005040,796f04e7970972175a660a521caff47c83e0295f,122eacff868aa8f656ad6360716c1816f453979f,347d61f17793d636653b614ec2104baa61ac7a4b,ff6e4f0130e8f5d7629695d163db4ba4a2acb3a0c59737e7f82ebe2f52e48e7a,61cf0d498442916f91c767e09875aa06547376fc9568ebd872ad507f1609a74b
3,right_hand,3,tongue,same_subject_different_class,2.242355178426304,2.324862520164477,0.08250734173817298,0.03548912721614861,8,1,70981aa89ddbadceca42f354c3c51d05bf6dbf0c,f663379d77883542412d60804de6dc0c77beb1866344a59e0828131f39005040,796f04e7970972175a660a521caff47c83e0295f,122eacff868aa8f656ad6360716c1816f453979f,347d61f17793d636653b614ec2104baa61ac7a4b,ff6e4f0130e8f5d7629695d163db4ba4a2acb3a0c59737e7f82ebe2f52e48e7a,61cf0d498442916f91c767e09875aa06547376fc9568ebd872ad507f1609a74b
3,right_hand,4,left_hand,different_subject_different_class,2.9550306306649468,2.979468853351647,0.02443822268670015,0.008202207806001813,5,1,70981aa89ddbadceca42f354c3c51d05bf6dbf0c,f663379d77883542412d60804de6dc0c77beb1866344a59e0828131f39005040,796f04e7970972175a660a521caff47c83e0295f,122eacff868aa8f656ad6360716c1816f453979f,347d61f17793d636653b614ec2104baa61ac7a4b,ff6e4f0130e8f5d7629695d163db4ba4a2acb3a0c59737e7f82ebe2f52e48e7a,61cf0d498442916f91c767e09875aa06547376fc9568ebd872ad507f1609a74b
3,right_hand,4,right_hand,different_subject_same_class,2.919516730366118,2.9499638159672568,0.030447085601138735,0.010321172563655839,21,1,70981aa89ddbadceca42f354c3c51d05bf6dbf0c,f663379d77883542412d60804de6dc0c77beb1866344a59e0828131f39005040,796f04e7970972175a660a521caff47c83e0295f,122eacff868aa8f656ad6360716c1816f453979f,347d61f17793d636653b614ec2104baa61ac7a4b,ff6e4f0130e8f5d7629695d163db4ba4a2acb3a0c59737e7f82ebe2f52e48e7a,61cf0d498442916f91c767e09875aa06547376fc9568ebd872ad507f1609a74b
3,right_hand,4,feet,different_subject_different_class,2.3693735144878367,2.4210792646484376,0.05170575016060086,0.021356487957906244,24,1,70981aa89ddbadceca42f354c3c51d05bf6dbf0c,f663379d77883542412d60804de6dc0c77beb1866344a59e0828131f39005040,796f04e7970972175a660a521caff47c83e0295f,122eacff868aa8f656ad6360716c1816f453979f,347d61f17793d636653b614ec2104baa61ac7a4b,ff6e4f0130e8f5d7629695d163db4ba4a2acb3a0c59737e7f82ebe2f52e48e7a,61cf0d498442916f91c767e09875aa06547376fc9568ebd872ad507f1609a74b
3,right_hand,4,tongue,different_subject_different_class,2.330729720919317,2.3693144904647587,0.038584769545441766,0.016285203885227188,22,1,70981aa89ddbadceca42f354c3c51d05bf6dbf0c,f663379d77883542412d60804de6dc0c77beb1866344a59e0828131f39005040,796f04e7970972175a660a521caff47c83e0295f,122eacff868aa8f656ad6360716c1816f453979f,347d61f17793d636653b614ec2104baa61ac7a4b,ff6e4f0130e8f5d7629695d163db4ba4a2acb3a0c59737e7f82ebe2f52e48e7a,61cf0d498442916f91c767e09875aa06547376fc9568ebd872ad507f1609a74b
3,right_hand,5,left_hand,different_subject_different_class,4.34289983296127,4.353748119340363,0.010848286379093075,0.002491711987402868,1,1,70981aa89ddbadceca42f354c3c51d05bf6dbf0c,f663379d77883542412d60804de6dc0c77beb1866344a59e0828131f39005040,796f04e7970972175a660a521caff47c83e0295f,122eacff868aa8f656ad6360716c1816f453979f,347d61f17793d636653b614ec2104baa61ac7a4b,ff6e4f0130e8f5d7629695d163db4ba4a2acb3a0c59737e7f82ebe2f52e48e7a,61cf0d498442916f91c767e09875aa06547376fc9568ebd872ad507f1609a74b
3,right_hand,5,right_hand,different_subject_same_class,4.369519551188192,4.371172003776932,0.0016524525887398056,0.00037803421766793806,43,1,70981aa89ddbadceca42f354c3c51d05bf6dbf0c,f663379d77883542412d60804de6dc0c77beb1866344a59e0828131f39005040,796f04e7970972175a660a521caff47c83e0295f,122eacff868aa8f656ad6360716c1816f453979f,347d61f17793d636653b614ec2104baa61ac7a4b,ff6e4f0130e8f5d7629695d163db4ba4a2acb3a0c59737e7f82ebe2f52e48e7a,61cf0d498442916f91c767e09875aa06547376fc9568ebd872ad507f1609a74b
3,right_hand,5,feet,different_subject_different_class,4.269611970549544,4.27298231576607,0.003370345216525905,0.0007887571179712832,38,1,70981aa89ddbadceca42f354c3c51d05bf6dbf0c,f663379d77883542412d60804de6dc0c77beb1866344a59e0828131f39005040,796f04e7970972175a660a521caff47c83e0295f,122eacff868aa8f656ad6360716c1816f453979f,347d61f17793d636653b614ec2104baa61ac7a4b,ff6e4f0130e8f5d7629695d163db4ba4a2acb3a0c59737e7f82ebe2f52e48e7a,61cf0d498442916f91c767e09875aa06547376fc9568ebd872ad507f1609a74b
3,right_hand,5,tongue,different_subject_different_class,4.279671992666178,4.2767062439658305,-0.0029657487003476035,-0.0006934656090845829,72,1,70981aa89ddbadceca42f354c3c51d05bf6dbf0c,f663379d77883542412d60804de6dc0c77beb1866344a59e0828131f39005040,796f04e7970972175a660a521caff47c83e0295f,122eacff868aa8f656ad6360716c1816f453979f,347d61f17793d636653b614ec2104baa61ac7a4b,ff6e4f0130e8f5d7629695d163db4ba4a2acb3a0c59737e7f82ebe2f52e48e7a,61cf0d498442916f91c767e09875aa06547376fc9568ebd872ad507f1609a74b
3,right_hand,6,left_hand,different_subject_different_class,2.6079495876371865,2.650260123646519,0.042310536009332544,0.01596467291335805,3,1,70981aa89ddbadceca42f354c3c51d05bf6dbf0c,f663379d77883542412d60804de6dc0c77beb1866344a59e0828131f39005040,796f04e7970972175a660a521caff47c83e0295f,122eacff868aa8f656ad6360716c1816f453979f,347d61f17793d636653b614ec2104baa61ac7a4b,ff6e4f0130e8f5d7629695d163db4ba4a2acb3a0c59737e7f82ebe2f52e48e7a,61cf0d498442916f91c767e09875aa06547376fc9568ebd872ad507f1609a74b
3,right_hand,6,right_hand,different_subject_same_class,2.6976241134938723,2.7187265794778632,0.021102465983990903,0.007761893433227726,17,1,70981aa89ddbadceca42f354c3c51d05bf6dbf0c,f663379d77883542412d60804de6dc0c77beb1866344a59e0828131f39005040,796f04e7970972175a660a521caff47c83e0295f,122eacff868aa8f656ad6360716c1816f453979f,347d61f17793d636653b614ec2104baa61ac7a4b,ff6e4f0130e8f5d7629695d163db4ba4a2acb3a0c59737e7f82ebe2f52e48e7a,61cf0d498442916f91c767e09875aa06547376fc9568ebd872ad507f1609a74b
3,right_hand,6,feet,different_subject_different_class,3.2455803863895465,3.3197153401771393,0.07413495378759283,0.02233172009972307,4,1,70981aa89ddbadceca42f354c3c51d05bf6dbf0c,f663379d77883542412d60804de6dc0c77beb1866344a59e0828131f39005040,796f04e7970972175a660a521caff47c83e0295f,122eacff868aa8f656ad6360716c1816f453979f,347d61f17793d636653b614ec2104baa61ac7a4b,ff6e4f0130e8f5d7629695d163db4ba4a2acb3a0c59737e7f82ebe2f52e48e7a,61cf0d498442916f91c767e09875aa06547376fc9568ebd872ad507f1609a74b
3,right_hand,6,tongue,different_subject_different_class,2.964964816654176,3.0030687123352546,0.03810389568107864,0.012688319626042848,4,1,70981aa89ddbadceca42f354c3c51d05bf6dbf0c,f663379d77883542412d60804de6dc0c77beb1866344a59e0828131f39005040,796f04e7970972175a660a521caff47c83e0295f,122eacff868aa8f656ad6360716c1816f453979f,347d61f17793d636653b614ec2104baa61ac7a4b,ff6e4f0130e8f5d7629695d163db4ba4a2acb3a0c59737e7f82ebe2f52e48e7a,61cf0d498442916f91c767e09875aa06547376fc9568ebd872ad507f1609a74b
3,right_hand,7,left_hand,different_subject_different_class,2.4717964523913762,2.5142851644883777,0.042488712097001446,0.016898923279312,4,1,70981aa89ddbadceca42f354c3c51d05bf6dbf0c,f663379d77883542412d60804de6dc0c77beb1866344a59e0828131f39005040,796f04e7970972175a660a521caff47c83e0295f,122eacff868aa8f656ad6360716c1816f453979f,347d61f17793d636653b614ec2104baa61ac7a4b,ff6e4f0130e8f5d7629695d163db4ba4a2acb3a0c59737e7f82ebe2f52e48e7a,61cf0d498442916f91c767e09875aa06547376fc9568ebd872ad507f1609a74b
3,right_hand,7,right_hand,different_subject_same_class,2.469765553268034,2.512051273396967,0.04228572012893306,0.016833143724710453,2,1,70981aa89ddbadceca42f354c3c51d05bf6dbf0c,f663379d77883542412d60804de6dc0c77beb1866344a59e0828131f39005040,796f04e7970972175a660a521caff47c83e0295f,122eacff868aa8f656ad6360716c1816f453979f,347d61f17793d636653b614ec2104baa61ac7a4b,ff6e4f0130e8f5d7629695d163db4ba4a2acb3a0c59737e7f82ebe2f52e48e7a,61cf0d498442916f91c767e09875aa06547376fc9568ebd872ad507f1609a74b
3,right_hand,7,feet,different_subject_different_class,2.4222902713290613,2.4568788324649997,0.034588561135938445,0.014078252732242214,9,1,70981aa89ddbadceca42f354c3c51d05bf6dbf0c,f663379d77883542412d60804de6dc0c77beb1866344a59e0828131f39005040,796f04e7970972175a660a521caff47c83e0295f,122eacff868aa8f656ad6360716c1816f453979f,347d61f17793d636653b614ec2104baa61ac7a4b,ff6e4f0130e8f5d7629695d163db4ba4a2acb3a0c59737e7f82ebe2f52e48e7a,61cf0d498442916f91c767e09875aa06547376fc9568ebd872ad507f1609a74b
3,right_hand,7,tongue,different_subject_different_class,2.339219772223864,2.398032431513571,0.058812659289706914,0.024525381106954427,3,1,70981aa89ddbadceca42f354c3c51d05bf6dbf0c,f663379d77883542412d60804de6dc0c77beb1866344a59e0828131f39005040,796f04e7970972175a660a521caff47c83e0295f,122eacff868aa8f656ad6360716c1816f453979f,347d61f17793d636653b614ec2104baa61ac7a4b,ff6e4f0130e8f5d7629695d163db4ba4a2acb3a0c59737e7f82ebe2f52e48e7a,61cf0d498442916f91c767e09875aa06547376fc9568ebd872ad507f1609a74b
3,right_hand,8,left_hand,different_subject_different_class,2.821781587390241,2.8610448445381174,0.039263257147876374,0.013723398017627009,1,1,70981aa89ddbadceca42f354c3c51d05bf6dbf0c,f663379d77883542412d60804de6dc0c77beb1866344a59e0828131f39005040,796f04e7970972175a660a521caff47c83e0295f,122eacff868aa8f656ad6360716c1816f453979f,347d61f17793d636653b614ec2104baa61ac7a4b,ff6e4f0130e8f5d7629695d163db4ba4a2acb3a0c59737e7f82ebe2f52e48e7a,61cf0d498442916f91c767e09875aa06547376fc9568ebd872ad507f1609a74b
3,right_hand,8,right_hand,different_subject_same_class,3.0431646801529033,3.098476009625638,0.05531132947273454,0.01785114014144564,2,1,70981aa89ddbadceca42f354c3c51d05bf6dbf0c,f663379d77883542412d60804de6dc0c77beb1866344a59e0828131f39005040,796f04e7970972175a660a521caff47c83e0295f,122eacff868aa8f656ad6360716c1816f453979f,347d61f17793d636653b614ec2104baa61ac7a4b,ff6e4f0130e8f5d7629695d163db4ba4a2acb3a0c59737e7f82ebe2f52e48e7a,61cf0d498442916f91c767e09875aa06547376fc9568ebd872ad507f1609a74b
3,right_hand,8,feet,different_subject_different_class,3.0389566309954534,3.0779808704719427,0.03902423947648925,0.012678519171727574,1,1,70981aa89ddbadceca42f354c3c51d05bf6dbf0c,f663379d77883542412d60804de6dc0c77beb1866344a59e0828131f39005040,796f04e7970972175a660a521caff47c83e0295f,122eacff868aa8f656ad6360716c1816f453979f,347d61f17793d636653b614ec2104baa61ac7a4b,ff6e4f0130e8f5d7629695d163db4ba4a2acb3a0c59737e7f82ebe2f52e48e7a,61cf0d498442916f91c767e09875aa06547376fc9568ebd872ad507f1609a74b
3,right_hand,8,tongue,different_subject_different_class,3.991243773825434,4.014106137767293,0.02286236394185881,0.005695505588842055,20,1,70981aa89ddbadceca42f354c3c51d05bf6dbf0c,f663379d77883542412d60804de6dc0c77beb1866344a59e0828131f39005040,796f04e7970972175a660a521caff47c83e0295f,122eacff868aa8f656ad6360716c1816f453979f,347d61f17793d636653b614ec2104baa61ac7a4b,ff6e4f0130e8f5d7629695d163db4ba4a2acb3a0c59737e7f82ebe2f52e48e7a,61cf0d498442916f91c767e09875aa06547376fc9568ebd872ad507f1609a74b
3,right_hand,9,left_hand,different_subject_different_class,3.3064472182181386,3.3645321126518204,0.05808489443368181,0.017263884691503535,17,1,70981aa89ddbadceca42f354c3c51d05bf6dbf0c,f663379d77883542412d60804de6dc0c77beb1866344a59e0828131f39005040,796f04e7970972175a660a521caff47c83e0295f,122eacff868aa8f656ad6360716c1816f453979f,347d61f17793d636653b614ec2104baa61ac7a4b,ff6e4f0130e8f5d7629695d163db4ba4a2acb3a0c59737e7f82ebe2f52e48e7a,61cf0d498442916f91c767e09875aa06547376fc9568ebd872ad507f1609a74b
3,right_hand,9,right_hand,different_subject_same_class,5.133766804523527,5.14004012604159,0.006273321518063035,0.0012204810398813363,26,1,70981aa89ddbadceca42f354c3c51d05bf6dbf0c,f663379d77883542412d60804de6dc0c77beb1866344a59e0828131f39005040,796f04e7970972175a660a521caff47c83e0295f,122eacff868aa8f656ad6360716c1816f453979f,347d61f17793d636653b614ec2104baa61ac7a4b,ff6e4f0130e8f5d7629695d163db4ba4a2acb3a0c59737e7f82ebe2f52e48e7a,61cf0d498442916f91c767e09875aa06547376fc9568ebd872ad507f1609a74b
3,right_hand,9,feet,different_subject_different_class,5.383715022370997,5.390776231617772,0.00706120924677478,0.0013098687356673515,23,1,70981aa89ddbadceca42f354c3c51d05bf6dbf0c,f663379d77883542412d60804de6dc0c77beb1866344a59e0828131f39005040,796f04e7970972175a660a521caff47c83e0295f,122eacff868aa8f656ad6360716c1816f453979f,347d61f17793d636653b614ec2104baa61ac7a4b,ff6e4f0130e8f5d7629695d163db4ba4a2acb3a0c59737e7f82ebe2f52e48e7a,61cf0d498442916f91c767e09875aa06547376fc9568ebd872ad507f1609a74b
3,right_hand,9,tongue,different_subject_different_class,6.800644535933366,6.804344368952004,0.0036998330186372996,0.0005437457039240275,48,1,70981aa89ddbadceca42f354c3c51d05bf6dbf0c,f663379d77883542412d60804de6dc0c77beb1866344a59e0828131f39005040,796f04e7970972175a660a521caff47c83e0295f,122eacff868aa8f656ad6360716c1816f453979f,347d61f17793d636653b614ec2104baa61ac7a4b,ff6e4f0130e8f5d7629695d163db4ba4a2acb3a0c59737e7f82ebe2f52e48e7a,61cf0d498442916f91c767e09875aa06547376fc9568ebd872ad507f1609a74b
3,feet,1,left_hand,different_subject_different_class,3.203740944032584,3.189230911477577,-0.014510032555006713,-0.004549696449632173,89,1,70981aa89ddbadceca42f354c3c51d05bf6dbf0c,f663379d77883542412d60804de6dc0c77beb1866344a59e0828131f39005040,796f04e7970972175a660a521caff47c83e0295f,122eacff868aa8f656ad6360716c1816f453979f,347d61f17793d636653b614ec2104baa61ac7a4b,ff6e4f0130e8f5d7629695d163db4ba4a2acb3a0c59737e7f82ebe2f52e48e7a,61cf0d498442916f91c767e09875aa06547376fc9568ebd872ad507f1609a74b
3,feet,1,right_hand,different_subject_different_class,3.396907828258851,3.3747270980053985,-0.022180730253452463,-0.006572599682671283,111,1,70981aa89ddbadceca42f354c3c51d05bf6dbf0c,f663379d77883542412d60804de6dc0c77beb1866344a59e0828131f39005040,796f04e7970972175a660a521caff47c83e0295f,122eacff868aa8f656ad6360716c1816f453979f,347d61f17793d636653b614ec2104baa61ac7a4b,ff6e4f0130e8f5d7629695d163db4ba4a2acb3a0c59737e7f82ebe2f52e48e7a,61cf0d498442916f91c767e09875aa06547376fc9568ebd872ad507f1609a74b
3,feet,1,feet,different_subject_same_class,2.475771621055746,2.509530122891147,0.03375850183540097,0.013452120589215686,34,1,70981aa89ddbadceca42f354c3c51d05bf6dbf0c,f663379d77883542412d60804de6dc0c77beb1866344a59e0828131f39005040,796f04e7970972175a660a521caff47c83e0295f,122eacff868aa8f656ad6360716c1816f453979f,347d61f17793d636653b614ec2104baa61ac7a4b,ff6e4f0130e8f5d7629695d163db4ba4a2acb3a0c59737e7f82ebe2f52e48e7a,61cf0d498442916f91c767e09875aa06547376fc9568ebd872ad507f1609a74b
3,feet,1,tongue,different_subject_different_class,2.421707168585415,2.4734872534949934,0.05178008490957842,0.020934041538485423,25,1,70981aa89ddbadceca42f354c3c51d05bf6dbf0c,f663379d77883542412d60804de6dc0c77beb1866344a59e0828131f39005040,796f04e7970972175a660a521caff47c83e0295f,122eacff868aa8f656ad6360716c1816f453979f,347d61f17793d636653b614ec2104baa61ac7a4b,ff6e4f0130e8f5d7629695d163db4ba4a2acb3a0c59737e7f82ebe2f52e48e7a,61cf0d498442916f91c767e09875aa06547376fc9568ebd872ad507f1609a74b
3,feet,2,left_hand,different_subject_different_class,2.004655580972079,2.058978410662654,0.05432282969057489,0.026383389650546086,23,1,70981aa89ddbadceca42f354c3c51d05bf6dbf0c,f663379d77883542412d60804de6dc0c77beb1866344a59e0828131f39005040,796f04e7970972175a660a521caff47c83e0295f,122eacff868aa8f656ad6360716c1816f453979f,347d61f17793d636653b614ec2104baa61ac7a4b,ff6e4f0130e8f5d7629695d163db4ba4a2acb3a0c59737e7f82ebe2f52e48e7a,61cf0d498442916f91c767e09875aa06547376fc9568ebd872ad507f1609a74b
3,feet,2,right_hand,different_subject_different_class,2.1172664283036298,2.1881938338558964,0.07092740555226662,0.03241367581558478,17,1,70981aa89ddbadceca42f354c3c51d05bf6dbf0c,f663379d77883542412d60804de6dc0c77beb1866344a59e0828131f39005040,796f04e7970972175a660a521caff47c83e0295f,122eacff868aa8f656ad6360716c1816f453979f,347d61f17793d636653b614ec2104baa61ac7a4b,ff6e4f0130e8f5d7629695d163db4ba4a2acb3a0c59737e7f82ebe2f52e48e7a,61cf0d498442916f91c767e09875aa06547376fc9568ebd872ad507f1609a74b
3,feet,2,feet,different_subject_same_class,2.1269118538617704,2.1921510760346674,0.06523922217289702,0.02976036774386315,27,1,70981aa89ddbadceca42f354c3c51d05bf6dbf0c,f663379d77883542412d60804de6dc0c77beb1866344a59e0828131f39005040,796f04e7970972175a660a521caff47c83e0295f,122eacff868aa8f656ad6360716c1816f453979f,347d61f17793d636653b614ec2104baa61ac7a4b,ff6e4f0130e8f5d7629695d163db4ba4a2acb3a0c59737e7f82ebe2f52e48e7a,61cf0d498442916f91c767e09875aa06547376fc9568ebd872ad507f1609a74b
3,feet,2,tongue,different_subject_different_class,2.26621440162034,2.3364455389066845,0.07023113728634467,0.030058966116200854,20,1,70981aa89ddbadceca42f354c3c51d05bf6dbf0c,f663379d77883542412d60804de6dc0c77beb1866344a59e0828131f39005040,796f04e7970972175a660a521caff47c83e0295f,122eacff868aa8f656ad6360716c1816f453979f,347d61f17793d636653b614ec2104baa61ac7a4b,ff6e4f0130e8f5d7629695d163db4ba4a2acb3a0c59737e7f82ebe2f52e48e7a,61cf0d498442916f91c767e09875aa06547376fc9568ebd872ad507f1609a74b
3,feet,3,left_hand,same_subject_different_class,1.4245827334469074,1.632482647384808,0.20789991393790053,0.12735199009370815,1,1,70981aa89ddbadceca42f354c3c51d05bf6dbf0c,f663379d77883542412d60804de6dc0c77beb1866344a59e0828131f39005040,796f04e7970972175a660a521caff47c83e0295f,122eacff868aa8f656ad6360716c1816f453979f,347d61f17793d636653b614ec2104baa61ac7a4b,ff6e4f0130e8f5d7629695d163db4ba4a2acb3a0c59737e7f82ebe2f52e48e7a,61cf0d498442916f91c767e09875aa06547376fc9568ebd872ad507f1609a74b
3,feet,3,right_hand,same_subject_different_class,1.6336795193779077,1.775557436694041,0.1418779173161333,0.07990612659667022,1,1,70981aa89ddbadceca42f354c3c51d05bf6dbf0c,f663379d77883542412d60804de6dc0c77beb1866344a59e0828131f39005040,796f04e7970972175a660a521caff47c83e0295f,122eacff868aa8f656ad6360716c1816f453979f,347d61f17793d636653b614ec2104baa61ac7a4b,ff6e4f0130e8f5d7629695d163db4ba4a2acb3a0c59737e7f82ebe2f52e48e7a,61cf0d498442916f91c767e09875aa06547376fc9568ebd872ad507f1609a74b
3,feet,3,feet,same_subject_same_class,0.9875880630848455,1.3326206153058324,0.34503255222098694,0.25891281303779246,3,1,70981aa89ddbadceca42f354c3c51d05bf6dbf0c,f663379d77883542412d60804de6dc0c77beb1866344a59e0828131f39005040,796f04e7970972175a660a521caff47c83e0295f,122eacff868aa8f656ad6360716c1816f453979f,347d61f17793d636653b614ec2104baa61ac7a4b,ff6e4f0130e8f5d7629695d163db4ba4a2acb3a0c59737e7f82ebe2f52e48e7a,61cf0d498442916f91c767e09875aa06547376fc9568ebd872ad507f1609a74b
3,feet,3,tongue,same_subject_different_class,1.4922058272791858,1.700304885089777,0.20809905781059124,0.12238926067638951,12,1,70981aa89ddbadceca42f354c3c51d05bf6dbf0c,f663379d77883542412d60804de6dc0c77beb1866344a59e0828131f39005040,796f04e7970972175a660a521caff47c83e0295f,122eacff868aa8f656ad6360716c1816f453979f,347d61f17793d636653b614ec2104baa61ac7a4b,ff6e4f0130e8f5d7629695d163db4ba4a2acb3a0c59737e7f82ebe2f52e48e7a,61cf0d498442916f91c767e09875aa06547376fc9568ebd872ad507f1609a74b
3,feet,4,left_hand,different_subject_different_class,3.8341760679493953,3.86615832668868,0.03198225873928484,0.00827236135636413,2,1,70981aa89ddbadceca42f354c3c51d05bf6dbf0c,f663379d77883542412d60804de6dc0c77beb1866344a59e0828131f39005040,796f04e7970972175a660a521caff47c83e0295f,122eacff868aa8f656ad6360716c1816f453979f,347d61f17793d636653b614ec2104baa61ac7a4b,ff6e4f0130e8f5d7629695d163db4ba4a2acb3a0c59737e7f82ebe2f52e48e7a,61cf0d498442916f91c767e09875aa06547376fc9568ebd872ad507f1609a74b
3,feet,4,right_hand,different_subject_different_class,3.7948359196188792,3.8426933963625545,0.04785747674367524,0.012454149162401697,11,1,70981aa89ddbadceca42f354c3c51d05bf6dbf0c,f663379d77883542412d60804de6dc0c77beb1866344a59e0828131f39005040,796f04e7970972175a660a521caff47c83e0295f,122eacff868aa8f656ad6360716c1816f453979f,347d61f17793d636653b614ec2104baa61ac7a4b,ff6e4f0130e8f5d7629695d163db4ba4a2acb3a0c59737e7f82ebe2f52e48e7a,61cf0d498442916f91c767e09875aa06547376fc9568ebd872ad507f1609a74b
3,feet,4,feet,different_subject_same_class,3.062242601671743,3.1497966816225986,0.08755407995085562,0.027796740171099763,18,1,70981aa89ddbadceca42f354c3c51d05bf6dbf0c,f663379d77883542412d60804de6dc0c77beb1866344a59e0828131f39005040,796f04e7970972175a660a521caff47c83e0295f,122eacff868aa8f656ad6360716c1816f453979f,347d61f17793d636653b614ec2104baa61ac7a4b,ff6e4f0130e8f5d7629695d163db4ba4a2acb3a0c59737e7f82ebe2f52e48e7a,61cf0d498442916f91c767e09875aa06547376fc9568ebd872ad507f1609a74b
3,feet,4,tongue,different_subject_different_class,3.0707268296405603,3.146469517082566,0.07574268744200552,0.024072277525903,14,1,70981aa89ddbadceca42f354c3c51d05bf6dbf0c,f663379d77883542412d60804de6dc0c77beb1866344a59e0828131f39005040,796f04e7970972175a660a521caff47c83e0295f,122eacff868aa8f656ad6360716c1816f453979f,347d61f17793d636653b614ec2104baa61ac7a4b,ff6e4f0130e8f5d7629695d163db4ba4a2acb3a0c59737e7f82ebe2f52e48e7a,61cf0d498442916f91c767e09875aa06547376fc9568ebd872ad507f1609a74b
3,feet,5,left_hand,different_subject_different_class,5.205830563326102,5.214726767511701,0.00889620418559911,0.0017059770496554876,1,1,70981aa89ddbadceca42f354c3c51d05bf6dbf0c,f663379d77883542412d60804de6dc0c77beb1866344a59e0828131f39005040,796f04e7970972175a660a521caff47c83e0295f,122eacff868aa8f656ad6360716c1816f453979f,347d61f17793d636653b614ec2104baa61ac7a4b,ff6e4f0130e8f5d7629695d163db4ba4a2acb3a0c59737e7f82ebe2f52e48e7a,61cf0d498442916f91c767e09875aa06547376fc9568ebd872ad507f1609a74b
3,feet,5,right_hand,different_subject_different_class,5.24762587914997,5.250377538485951,0.0027516593359813157,0.0005240878995484219,33,1,70981aa89ddbadceca42f354c3c51d05bf6dbf0c,f663379d77883542412d60804de6dc0c77beb1866344a59e0828131f39005040,796f04e7970972175a660a521caff47c83e0295f,122eacff868aa8f656ad6360716c1816f453979f,347d61f17793d636653b614ec2104baa61ac7a4b,ff6e4f0130e8f5d7629695d163db4ba4a2acb3a0c59737e7f82ebe2f52e48e7a,61cf0d498442916f91c767e09875aa06547376fc9568ebd872ad507f1609a74b
3,feet,5,feet,different_subject_same_class,5.119547199676121,5.119821995683191,0.00027479600707014384,5.367296115018057e-05,67,1,70981aa89ddbadceca42f354c3c51d05bf6dbf0c,f663379d77883542412d60804de6dc0c77beb1866344a59e0828131f39005040,796f04e7970972175a660a521caff47c83e0295f,122eacff868aa8f656ad6360716c1816f453979f,347d61f17793d636653b614ec2104baa61ac7a4b,ff6e4f0130e8f5d7629695d163db4ba4a2acb3a0c59737e7f82ebe2f52e48e7a,61cf0d498442916f91c767e09875aa06547376fc9568ebd872ad507f1609a74b
3,feet,5,tongue,different_subject_different_class,5.126968288106959,5.124293885227386,-0.002674402879573101,-0.0005219066157159772,69,1,70981aa89ddbadceca42f354c3c51d05bf6dbf0c,f663379d77883542412d60804de6dc0c77beb1866344a59e0828131f39005040,796f04e7970972175a660a521caff47c83e0295f,122eacff868aa8f656ad6360716c1816f453979f,347d61f17793d636653b614ec2104baa61ac7a4b,ff6e4f0130e8f5d7629695d163db4ba4a2acb3a0c59737e7f82ebe2f52e48e7a,61cf0d498442916f91c767e09875aa06547376fc9568ebd872ad507f1609a74b
3,feet,6,left_hand,different_subject_different_class,2.133923060344836,2.203489949317464,0.06956688897262797,0.03157123044476626,1,1,70981aa89ddbadceca42f354c3c51d05bf6dbf0c,f663379d77883542412d60804de6dc0c77beb1866344a59e0828131f39005040,796f04e7970972175a660a521caff47c83e0295f,122eacff868aa8f656ad6360716c1816f453979f,347d61f17793d636653b614ec2104baa61ac7a4b,ff6e4f0130e8f5d7629695d163db4ba4a2acb3a0c59737e7f82ebe2f52e48e7a,61cf0d498442916f91c767e09875aa06547376fc9568ebd872ad507f1609a74b
3,feet,6,right_hand,different_subject_different_class,2.2506470306627175,2.2675116935936335,0.01686466293091593,0.007437519717566797,9,1,70981aa89ddbadceca42f354c3c51d05bf6dbf0c,f663379d77883542412d60804de6dc0c77beb1866344a59e0828131f39005040,796f04e7970972175a660a521caff47c83e0295f,122eacff868aa8f656ad6360716c1816f453979f,347d61f17793d636653b614ec2104baa61ac7a4b,ff6e4f0130e8f5d7629695d163db4ba4a2acb3a0c59737e7f82ebe2f52e48e7a,61cf0d498442916f91c767e09875aa06547376fc9568ebd872ad507f1609a74b
3,feet,6,feet,different_subject_same_class,2.5740559713245417,2.723324771212742,0.1492687998882003,0.05481123715616497,2,1,70981aa89ddbadceca42f354c3c51d05bf6dbf0c,f663379d77883542412d60804de6dc0c77beb1866344a59e0828131f39005040,796f04e7970972175a660a521caff47c83e0295f,122eacff868aa8f656ad6360716c1816f453979f,347d61f17793d636653b614ec2104baa61ac7a4b,ff6e4f0130e8f5d7629695d163db4ba4a2acb3a0c59737e7f82ebe2f52e48e7a,61cf0d498442916f91c767e09875aa06547376fc9568ebd872ad507f1609a74b
3,feet,6,tongue,different_subject_different_class,2.3929299685569854,2.457269116584812,0.06433914802782681,0.02618319157376109,2,1,70981aa89ddbadceca42f354c3c51d05bf6dbf0c,f663379d77883542412d60804de6dc0c77beb1866344a59e0828131f39005040,796f04e7970972175a660a521caff47c83e0295f,122eacff868aa8f656ad6360716c1816f453979f,347d61f17793d636653b614ec2104baa61ac7a4b,ff6e4f0130e8f5d7629695d163db4ba4a2acb3a0c59737e7f82ebe2f52e48e7a,61cf0d498442916f91c767e09875aa06547376fc9568ebd872ad507f1609a74b
3,feet,7,left_hand,different_subject_different_class,3.1803291771353503,3.1888041033245114,0.008474926189161014,0.002657713021732949,39,1,70981aa89ddbadceca42f354c3c51d05bf6dbf0c,f663379d77883542412d60804de6dc0c77beb1866344a59e0828131f39005040,796f04e7970972175a660a521caff47c83e0295f,122eacff868aa8f656ad6360716c1816f453979f,347d61f17793d636653b614ec2104baa61ac7a4b,ff6e4f0130e8f5d7629695d163db4ba4a2acb3a0c59737e7f82ebe2f52e48e7a,61cf0d498442916f91c767e09875aa06547376fc9568ebd872ad507f1609a74b
3,feet,7,right_hand,different_subject_different_class,3.187717443977584,3.202294280124631,0.014576836147046635,0.004551997684135174,17,1,70981aa89ddbadceca42f354c3c51d05bf6dbf0c,f663379d77883542412d60804de6dc0c77beb1866344a59e0828131f39005040,796f04e7970972175a660a521caff47c83e0295f,122eacff868aa8f656ad6360716c1816f453979f,347d61f17793d636653b614ec2104baa61ac7a4b,ff6e4f0130e8f5d7629695d163db4ba4a2acb3a0c59737e7f82ebe2f52e48e7a,61cf0d498442916f91c767e09875aa06547376fc9568ebd872ad507f1609a74b
3,feet,7,feet,different_subject_same_class,2.897527422098138,2.9409039834924235,0.043376561394285584,0.014749397341008883,9,1,70981aa89ddbadceca42f354c3c51d05bf6dbf0c,f663379d77883542412d60804de6dc0c77beb1866344a59e0828131f39005040,796f04e7970972175a660a521caff47c83e0295f,122eacff868aa8f656ad6360716c1816f453979f,347d61f17793d636653b614ec2104baa61ac7a4b,ff6e4f0130e8f5d7629695d163db4ba4a2acb3a0c59737e7f82ebe2f52e48e7a,61cf0d498442916f91c767e09875aa06547376fc9568ebd872ad507f1609a74b
3,feet,7,tongue,different_subject_different_class,2.6033698972280743,2.681960466825483,0.07859056959740851,0.029303403450399352,2,1,70981aa89ddbadceca42f354c3c51d05bf6dbf0c,f663379d77883542412d60804de6dc0c77beb1866344a59e0828131f39005040,796f04e7970972175a660a521caff47c83e0295f,122eacff868aa8f656ad6360716c1816f453979f,347d61f17793d636653b614ec2104baa61ac7a4b,ff6e4f0130e8f5d7629695d163db4ba4a2acb3a0c59737e7f82ebe2f52e48e7a,61cf0d498442916f91c767e09875aa06547376fc9568ebd872ad507f1609a74b
3,feet,8,left_hand,different_subject_different_class,2.345963927227926,2.397673108307894,0.051709181079968136,0.02156640156691784,10,1,70981aa89ddbadceca42f354c3c51d05bf6dbf0c,f663379d77883542412d60804de6dc0c77beb1866344a59e0828131f39005040,796f04e7970972175a660a521caff47c83e0295f,122eacff868aa8f656ad6360716c1816f453979f,347d61f17793d636653b614ec2104baa61ac7a4b,ff6e4f0130e8f5d7629695d163db4ba4a2acb3a0c59737e7f82ebe2f52e48e7a,61cf0d498442916f91c767e09875aa06547376fc9568ebd872ad507f1609a74b
3,feet,8,right_hand,different_subject_different_class,2.6142075669778735,2.7023147990565453,0.08810723207867177,0.03260435538799273,6,1,70981aa89ddbadceca42f354c3c51d05bf6dbf0c,f663379d77883542412d60804de6dc0c77beb1866344a59e0828131f39005040,796f04e7970972175a660a521caff47c83e0295f,122eacff868aa8f656ad6360716c1816f453979f,347d61f17793d636653b614ec2104baa61ac7a4b,ff6e4f0130e8f5d7629695d163db4ba4a2acb3a0c59737e7f82ebe2f52e48e7a,61cf0d498442916f91c767e09875aa06547376fc9568ebd872ad507f1609a74b
3,feet,8,feet,different_subject_same_class,2.5325605905402915,2.5897415576935665,0.05718096715327503,0.02207979672079735,6,1,70981aa89ddbadceca42f354c3c51d05bf6dbf0c,f663379d77883542412d60804de6dc0c77beb1866344a59e0828131f39005040,796f04e7970972175a660a521caff47c83e0295f,122eacff868aa8f656ad6360716c1816f453979f,347d61f17793d636653b614ec2104baa61ac7a4b,ff6e4f0130e8f5d7629695d163db4ba4a2acb3a0c59737e7f82ebe2f52e48e7a,61cf0d498442916f91c767e09875aa06547376fc9568ebd872ad507f1609a74b
3,feet,8,tongue,different_subject_different_class,3.405784231743302,3.445692979308128,0.0399087475648261,0.011582212287770196,19,1,70981aa89ddbadceca42f354c3c51d05bf6dbf0c,f663379d77883542412d60804de6dc0c77beb1866344a59e0828131f39005040,796f04e7970972175a660a521caff47c83e0295f,122eacff868aa8f656ad6360716c1816f453979f,347d61f17793d636653b614ec2104baa61ac7a4b,ff6e4f0130e8f5d7629695d163db4ba4a2acb3a0c59737e7f82ebe2f52e48e7a,61cf0d498442916f91c767e09875aa06547376fc9568ebd872ad507f1609a74b
3,feet,9,left_hand,different_subject_different_class,3.0408919921360638,2.99750903458966,-0.043382957546403755,-0.014473003098835566,75,1,70981aa89ddbadceca42f354c3c51d05bf6dbf0c,f663379d77883542412d60804de6dc0c77beb1866344a59e0828131f39005040,796f04e7970972175a660a521caff47c83e0295f,122eacff868aa8f656ad6360716c1816f453979f,347d61f17793d636653b614ec2104baa61ac7a4b,ff6e4f0130e8f5d7629695d163db4ba4a2acb3a0c59737e7f82ebe2f52e48e7a,61cf0d498442916f91c767e09875aa06547376fc9568ebd872ad507f1609a74b
3,feet,9,right_hand,different_subject_different_class,4.44745409995355,4.452824598132397,0.0053704981788467165,0.0012060879696674355,37,1,70981aa89ddbadceca42f354c3c51d05bf6dbf0c,f663379d77883542412d60804de6dc0c77beb1866344a59e0828131f39005040,796f04e7970972175a660a521caff47c83e0295f,122eacff868aa8f656ad6360716c1816f453979f,347d61f17793d636653b614ec2104baa61ac7a4b,ff6e4f0130e8f5d7629695d163db4ba4a2acb3a0c59737e7f82ebe2f52e48e7a,61cf0d498442916f91c767e09875aa06547376fc9568ebd872ad507f1609a74b
3,feet,9,feet,different_subject_same_class,4.59528466110868,4.5975397521111105,0.002255091002430376,0.0004904995114821742,57,1,70981aa89ddbadceca42f354c3c51d05bf6dbf0c,f663379d77883542412d60804de6dc0c77beb1866344a59e0828131f39005040,796f04e7970972175a660a521caff47c83e0295f,122eacff868aa8f656ad6360716c1816f453979f,347d61f17793d636653b614ec2104baa61ac7a4b,ff6e4f0130e8f5d7629695d163db4ba4a2acb3a0c59737e7f82ebe2f52e48e7a,61cf0d498442916f91c767e09875aa06547376fc9568ebd872ad507f1609a74b
3,feet,9,tongue,different_subject_different_class,6.0209377186687805,6.026927939074868,0.005990220406087765,0.0009939094123310958,49,1,70981aa89ddbadceca42f354c3c51d05bf6dbf0c,f663379d77883542412d60804de6dc0c77beb1866344a59e0828131f39005040,796f04e7970972175a660a521caff47c83e0295f,122eacff868aa8f656ad6360716c1816f453979f,347d61f17793d636653b614ec2104baa61ac7a4b,ff6e4f0130e8f5d7629695d163db4ba4a2acb3a0c59737e7f82ebe2f52e48e7a,61cf0d498442916f91c767e09875aa06547376fc9568ebd872ad507f1609a74b
3,tongue,1,left_hand,different_subject_different_class,3.8772887993240466,3.8365324328011736,-0.040756366522872955,-0.010623230022615877,104,1,70981aa89ddbadceca42f354c3c51d05bf6dbf0c,f663379d77883542412d60804de6dc0c77beb1866344a59e0828131f39005040,796f04e7970972175a660a521caff47c83e0295f,122eacff868aa8f656ad6360716c1816f453979f,347d61f17793d636653b614ec2104baa61ac7a4b,ff6e4f0130e8f5d7629695d163db4ba4a2acb3a0c59737e7f82ebe2f52e48e7a,61cf0d498442916f91c767e09875aa06547376fc9568ebd872ad507f1609a74b
3,tongue,1,right_hand,different_subject_different_class,4.065355968036713,4.01468049665904,-0.05067547137767292,-0.012622541549656148,113,1,70981aa89ddbadceca42f354c3c51d05bf6dbf0c,f663379d77883542412d60804de6dc0c77beb1866344a59e0828131f39005040,796f04e7970972175a660a521caff47c83e0295f,122eacff868aa8f656ad6360716c1816f453979f,347d61f17793d636653b614ec2104baa61ac7a4b,ff6e4f0130e8f5d7629695d163db4ba4a2acb3a0c59737e7f82ebe2f52e48e7a,61cf0d498442916f91c767e09875aa06547376fc9568ebd872ad507f1609a74b
3,tongue,1,feet,different_subject_different_class,2.8621475838811326,2.940719516871022,0.07857193298988951,0.02671860833347733,19,1,70981aa89ddbadceca42f354c3c51d05bf6dbf0c,f663379d77883542412d60804de6dc0c77beb1866344a59e0828131f39005040,796f04e7970972175a660a521caff47c83e0295f,122eacff868aa8f656ad6360716c1816f453979f,347d61f17793d636653b614ec2104baa61ac7a4b,ff6e4f0130e8f5d7629695d163db4ba4a2acb3a0c59737e7f82ebe2f52e48e7a,61cf0d498442916f91c767e09875aa06547376fc9568ebd872ad507f1609a74b
3,tongue,1,tongue,different_subject_same_class,2.7336477978462983,2.843252649106349,0.10960485126005048,0.038549107232697014,24,1,70981aa89ddbadceca42f354c3c51d05bf6dbf0c,f663379d77883542412d60804de6dc0c77beb1866344a59e0828131f39005040,796f04e7970972175a660a521caff47c83e0295f,122eacff868aa8f656ad6360716c1816f453979f,347d61f17793d636653b614ec2104baa61ac7a4b,ff6e4f0130e8f5d7629695d163db4ba4a2acb3a0c59737e7f82ebe2f52e48e7a,61cf0d498442916f91c767e09875aa06547376fc9568ebd872ad507f1609a74b
3,tongue,2,left_hand,different_subject_different_class,2.5436197848208613,2.6454462524368987,0.10182646761603742,0.03849122526010052,23,1,70981aa89ddbadceca42f354c3c51d05bf6dbf0c,f663379d77883542412d60804de6dc0c77beb1866344a59e0828131f39005040,796f04e7970972175a660a521caff47c83e0295f,122eacff868aa8f656ad6360716c1816f453979f,347d61f17793d636653b614ec2104baa61ac7a4b,ff6e4f0130e8f5d7629695d163db4ba4a2acb3a0c59737e7f82ebe2f52e48e7a,61cf0d498442916f91c767e09875aa06547376fc9568ebd872ad507f1609a74b
3,tongue,2,right_hand,different_subject_different_class,2.7292555846729045,2.841792104132752,0.11253651945984755,0.03960054618217438,14,1,70981aa89ddbadceca42f354c3c51d05bf6dbf0c,f663379d77883542412d60804de6dc0c77beb1866344a59e0828131f39005040,796f04e7970972175a660a521caff47c83e0295f,122eacff868aa8f656ad6360716c1816f453979f,347d61f17793d636653b614ec2104baa61ac7a4b,ff6e4f0130e8f5d7629695d163db4ba4a2acb3a0c59737e7f82ebe2f52e48e7a,61cf0d498442916f91c767e09875aa06547376fc9568ebd872ad507f1609a74b
3,tongue,2,feet,different_subject_different_class,2.6431295308625553,2.7806247819695398,0.13749525110698446,0.04944761047896416,21,1,70981aa89ddbadceca42f354c3c51d05bf6dbf0c,f663379d77883542412d60804de6dc0c77beb1866344a59e0828131f39005040,796f04e7970972175a660a521caff47c83e0295f,122eacff868aa8f656ad6360716c1816f453979f,347d61f17793d636653b614ec2104baa61ac7a4b,ff6e4f0130e8f5d7629695d163db4ba4a2acb3a0c59737e7f82ebe2f52e48e7a,61cf0d498442916f91c767e09875aa06547376fc9568ebd872ad507f1609a74b
3,tongue,2,tongue,different_subject_same_class,2.896070574975974,3.0147358589588813,0.11866528398290743,0.03936175158771213,16,1,70981aa89ddbadceca42f354c3c51d05bf6dbf0c,f663379d77883542412d60804de6dc0c77beb1866344a59e0828131f39005040,796f04e7970972175a660a521caff47c83e0295f,122eacff868aa8f656ad6360716c1816f453979f,347d61f17793d636653b614ec2104baa61ac7a4b,ff6e4f0130e8f5d7629695d163db4ba4a2acb3a0c59737e7f82ebe2f52e48e7a,61cf0d498442916f91c767e09875aa06547376fc9568ebd872ad507f1609a74b
3,tongue,3,left_hand,same_subject_different_class,1.9809143135866671,2.1437099243660027,0.16279561077933558,0.07594106316762143,1,1,70981aa89ddbadceca42f354c3c51d05bf6dbf0c,f663379d77883542412d60804de6dc0c77beb1866344a59e0828131f39005040,796f04e7970972175a660a521caff47c83e0295f,122eacff868aa8f656ad6360716c1816f453979f,347d61f17793d636653b614ec2104baa61ac7a4b,ff6e4f0130e8f5d7629695d163db4ba4a2acb3a0c59737e7f82ebe2f52e48e7a,61cf0d498442916f91c767e09875aa06547376fc9568ebd872ad507f1609a74b
3,tongue,3,right_hand,same_subject_different_class,2.0773824477689473,2.1773323523275256,0.09994990455857833,0.04590475333346966,2,1,70981aa89ddbadceca42f354c3c51d05bf6dbf0c,f663379d77883542412d60804de6dc0c77beb1866344a59e0828131f39005040,796f04e7970972175a660a521caff47c83e0295f,122eacff868aa8f656ad6360716c1816f453979f,347d61f17793d636653b614ec2104baa61ac7a4b,ff6e4f0130e8f5d7629695d163db4ba4a2acb3a0c59737e7f82ebe2f52e48e7a,61cf0d498442916f91c767e09875aa06547376fc9568ebd872ad507f1609a74b
3,tongue,3,feet,same_subject_different_class,1.10949336870528,1.5610390018005158,0.4515456330952359,0.2892596742134048,2,1,70981aa89ddbadceca42f354c3c51d05bf6dbf0c,f663379d77883542412d60804de6dc0c77beb1866344a59e0828131f39005040,796f04e7970972175a660a521caff47c83e0295f,122eacff868aa8f656ad6360716c1816f453979f,347d61f17793d636653b614ec2104baa61ac7a4b,ff6e4f0130e8f5d7629695d163db4ba4a2acb3a0c59737e7f82ebe2f52e48e7a,61cf0d498442916f91c767e09875aa06547376fc9568ebd872ad507f1609a74b
3,tongue,3,tongue,same_subject_same_class,0.8802957016781379,1.425963332834045,0.5456676311559072,0.3826659624349629,7,1,70981aa89ddbadceca42f354c3c51d05bf6dbf0c,f663379d77883542412d60804de6dc0c77beb1866344a59e0828131f39005040,796f04e7970972175a660a521caff47c83e0295f,122eacff868aa8f656ad6360716c1816f453979f,347d61f17793d636653b614ec2104baa61ac7a4b,ff6e4f0130e8f5d7629695d163db4ba4a2acb3a0c59737e7f82ebe2f52e48e7a,61cf0d498442916f91c767e09875aa06547376fc9568ebd872ad507f1609a74b
3,tongue,4,left_hand,different_subject_different_class,4.443659563973553,4.475669539192362,0.03200997521880833,0.007151997022681115,5,1,70981aa89ddbadceca42f354c3c51d05bf6dbf0c,f663379d77883542412d60804de6dc0c77beb1866344a59e0828131f39005040,796f04e7970972175a660a521caff47c83e0295f,122eacff868aa8f656ad6360716c1816f453979f,347d61f17793d636653b614ec2104baa61ac7a4b,ff6e4f0130e8f5d7629695d163db4ba4a2acb3a0c59737e7f82ebe2f52e48e7a,61cf0d498442916f91c767e09875aa06547376fc9568ebd872ad507f1609a74b
3,tongue,4,right_hand,different_subject_different_class,4.364651721808913,4.423708345401924,0.059056623593011004,0.013350026489516524,11,1,70981aa89ddbadceca42f354c3c51d05bf6dbf0c,f663379d77883542412d60804de6dc0c77beb1866344a59e0828131f39005040,796f04e7970972175a660a521caff47c83e0295f,122eacff868aa8f656ad6360716c1816f453979f,347d61f17793d636653b614ec2104baa61ac7a4b,ff6e4f0130e8f5d7629695d163db4ba4a2acb3a0c59737e7f82ebe2f52e48e7a,61cf0d498442916f91c767e09875aa06547376fc9568ebd872ad507f1609a74b
3,tongue,4,feet,different_subject_different_class,3.454899176276421,3.6150079671451314,0.16010879086871022,0.04429002434402722,21,1,70981aa89ddbadceca42f354c3c51d05bf6dbf0c,f663379d77883542412d60804de6dc0c77beb1866344a59e0828131f39005040,796f04e7970972175a660a521caff47c83e0295f,122eacff868aa8f656ad6360716c1816f453979f,347d61f17793d636653b614ec2104baa61ac7a4b,ff6e4f0130e8f5d7629695d163db4ba4a2acb3a0c59737e7f82ebe2f52e48e7a,61cf0d498442916f91c767e09875aa06547376fc9568ebd872ad507f1609a74b
3,tongue,4,tongue,different_subject_same_class,3.488572671678661,3.6146849657337503,0.12611229405508917,0.03488887558683539,13,1,70981aa89ddbadceca42f354c3c51d05bf6dbf0c,f663379d77883542412d60804de6dc0c77beb1866344a59e0828131f39005040,796f04e7970972175a660a521caff47c83e0295f,122eacff868aa8f656ad6360716c1816f453979f,347d61f17793d636653b614ec2104baa61ac7a4b,ff6e4f0130e8f5d7629695d163db4ba4a2acb3a0c59737e7f82ebe2f52e48e7a,61cf0d498442916f91c767e09875aa06547376fc9568ebd872ad507f1609a74b
3,tongue,5,left_hand,different_subject_different_class,5.971914071283,5.983441521523199,0.011527450240198966,0.0019265585196635187,6,1,70981aa89ddbadceca42f354c3c51d05bf6dbf0c,f663379d77883542412d60804de6dc0c77beb1866344a59e0828131f39005040,796f04e7970972175a660a521caff47c83e0295f,122eacff868aa8f656ad6360716c1816f453979f,347d61f17793d636653b614ec2104baa61ac7a4b,ff6e4f0130e8f5d7629695d163db4ba4a2acb3a0c59737e7f82ebe2f52e48e7a,61cf0d498442916f91c767e09875aa06547376fc9568ebd872ad507f1609a74b
3,tongue,5,right_hand,different_subject_different_class,6.010758854850937,6.0206864329441,0.009927578093162914,0.0016489113332395148,21,1,70981aa89ddbadceca42f354c3c51d05bf6dbf0c,f663379d77883542412d60804de6dc0c77beb1866344a59e0828131f39005040,796f04e7970972175a660a521caff47c83e0295f,122eacff868aa8f656ad6360716c1816f453979f,347d61f17793d636653b614ec2104baa61ac7a4b,ff6e4f0130e8f5d7629695d163db4ba4a2acb3a0c59737e7f82ebe2f52e48e7a,61cf0d498442916f91c767e09875aa06547376fc9568ebd872ad507f1609a74b
3,tongue,5,feet,different_subject_different_class,5.88917131799717,5.8927780774228555,0.0036067594256854463,0.0006120643571330323,48,1,70981aa89ddbadceca42f354c3c51d05bf6dbf0c,f663379d77883542412d60804de6dc0c77beb1866344a59e0828131f39005040,796f04e7970972175a660a521caff47c83e0295f,122eacff868aa8f656ad6360716c1816f453979f,347d61f17793d636653b614ec2104baa61ac7a4b,ff6e4f0130e8f5d7629695d163db4ba4a2acb3a0c59737e7f82ebe2f52e48e7a,61cf0d498442916f91c767e09875aa06547376fc9568ebd872ad507f1609a74b
3,tongue,5,tongue,different_subject_same_class,5.885393066626752,5.894150764227142,0.008757697600390024,0.001485828569832716,46,1,70981aa89ddbadceca42f354c3c51d05bf6dbf0c,f663379d77883542412d60804de6dc0c77beb1866344a59e0828131f39005040,796f04e7970972175a660a521caff47c83e0295f,122eacff868aa8f656ad6360716c1816f453979f,347d61f17793d636653b614ec2104baa61ac7a4b,ff6e4f0130e8f5d7629695d163db4ba4a2acb3a0c59737e7f82ebe2f52e48e7a,61cf0d498442916f91c767e09875aa06547376fc9568ebd872ad507f1609a74b
3,tongue,6,left_hand,different_subject_different_class,2.0487130287470756,2.138840839892355,0.09012781114527924,0.04213862455974763,3,1,70981aa89ddbadceca42f354c3c51d05bf6dbf0c,f663379d77883542412d60804de6dc0c77beb1866344a59e0828131f39005040,796f04e7970972175a660a521caff47c83e0295f,122eacff868aa8f656ad6360716c1816f453979f,347d61f17793d636653b614ec2104baa61ac7a4b,ff6e4f0130e8f5d7629695d163db4ba4a2acb3a0c59737e7f82ebe2f52e48e7a,61cf0d498442916f91c767e09875aa06547376fc9568ebd872ad507f1609a74b
3,tongue,6,right_hand,different_subject_different_class,2.1287509378945932,2.147176205836961,0.01842526794236754,0.00858116250183829,26,1,70981aa89ddbadceca42f354c3c51d05bf6dbf0c,f663379d77883542412d60804de6dc0c77beb1866344a59e0828131f39005040,796f04e7970972175a660a521caff47c83e0295f,122eacff868aa8f656ad6360716c1816f453979f,347d61f17793d636653b614ec2104baa61ac7a4b,ff6e4f0130e8f5d7629695d163db4ba4a2acb3a0c59737e7f82ebe2f52e48e7a,61cf0d498442916f91c767e09875aa06547376fc9568ebd872ad507f1609a74b
3,tongue,6,feet,different_subject_different_class,2.1818944305092676,2.4184545955537713,0.23656016504450372,0.09781459841313944,2,1,70981aa89ddbadceca42f354c3c51d05bf6dbf0c,f663379d77883542412d60804de6dc0c77beb1866344a59e0828131f39005040,796f04e7970972175a660a521caff47c83e0295f,122eacff868aa8f656ad6360716c1816f453979f,347d61f17793d636653b614ec2104baa61ac7a4b,ff6e4f0130e8f5d7629695d163db4ba4a2acb3a0c59737e7f82ebe2f52e48e7a,61cf0d498442916f91c767e09875aa06547376fc9568ebd872ad507f1609a74b
3,tongue,6,tongue,different_subject_same_class,2.210733736740243,2.288839513437645,0.07810577669740226,0.03412461915256519,1,1,70981aa89ddbadceca42f354c3c51d05bf6dbf0c,f663379d77883542412d60804de6dc0c77beb1866344a59e0828131f39005040,796f04e7970972175a660a521caff47c83e0295f,122eacff868aa8f656ad6360716c1816f453979f,347d61f17793d636653b614ec2104baa61ac7a4b,ff6e4f0130e8f5d7629695d163db4ba4a2acb3a0c59737e7f82ebe2f52e48e7a,61cf0d498442916f91c767e09875aa06547376fc9568ebd872ad507f1609a74b
3,tongue,7,left_hand,different_subject_different_class,3.6463103083752526,3.6482629825595563,0.001952674184303671,0.000535233943835296,62,1,70981aa89ddbadceca42f354c3c51d05bf6dbf0c,f663379d77883542412d60804de6dc0c77beb1866344a59e0828131f39005040,796f04e7970972175a660a521caff47c83e0295f,122eacff868aa8f656ad6360716c1816f453979f,347d61f17793d636653b614ec2104baa61ac7a4b,ff6e4f0130e8f5d7629695d163db4ba4a2acb3a0c59737e7f82ebe2f52e48e7a,61cf0d498442916f91c767e09875aa06547376fc9568ebd872ad507f1609a74b
3,tongue,7,right_hand,different_subject_different_class,3.6458101157239793,3.6559094762894304,0.010099360565451132,0.002762475556616213,38,1,70981aa89ddbadceca42f354c3c51d05bf6dbf0c,f663379d77883542412d60804de6dc0c77beb1866344a59e0828131f39005040,796f04e7970972175a660a521caff47c83e0295f,122eacff868aa8f656ad6360716c1816f453979f,347d61f17793d636653b614ec2104baa61ac7a4b,ff6e4f0130e8f5d7629695d163db4ba4a2acb3a0c59737e7f82ebe2f52e48e7a,61cf0d498442916f91c767e09875aa06547376fc9568ebd872ad507f1609a74b
3,tongue,7,feet,different_subject_different_class,3.3037336236839208,3.3613471868980795,0.05761356321415878,0.017140021548123913,22,1,70981aa89ddbadceca42f354c3c51d05bf6dbf0c,f663379d77883542412d60804de6dc0c77beb1866344a59e0828131f39005040,796f04e7970972175a660a521caff47c83e0295f,122eacff868aa8f656ad6360716c1816f453979f,347d61f17793d636653b614ec2104baa61ac7a4b,ff6e4f0130e8f5d7629695d163db4ba4a2acb3a0c59737e7f82ebe2f52e48e7a,61cf0d498442916f91c767e09875aa06547376fc9568ebd872ad507f1609a74b
3,tongue,7,tongue,different_subject_same_class,2.7844278871688797,2.9178978708521726,0.13346998368329288,0.04574182839521829,2,1,70981aa89ddbadceca42f354c3c51d05bf6dbf0c,f663379d77883542412d60804de6dc0c77beb1866344a59e0828131f39005040,796f04e7970972175a660a521caff47c83e0295f,122eacff868aa8f656ad6360716c1816f453979f,347d61f17793d636653b614ec2104baa61ac7a4b,ff6e4f0130e8f5d7629695d163db4ba4a2acb3a0c59737e7f82ebe2f52e48e7a,61cf0d498442916f91c767e09875aa06547376fc9568ebd872ad507f1609a74b
3,tongue,8,left_hand,different_subject_different_class,2.2096010487492843,2.2091566615247276,-0.0004443872245567526,-0.00020115695382601028,54,1,70981aa89ddbadceca42f354c3c51d05bf6dbf0c,f663379d77883542412d60804de6dc0c77beb1866344a59e0828131f39005040,796f04e7970972175a660a521caff47c83e0295f,122eacff868aa8f656ad6360716c1816f453979f,347d61f17793d636653b614ec2104baa61ac7a4b,ff6e4f0130e8f5d7629695d163db4ba4a2acb3a0c59737e7f82ebe2f52e48e7a,61cf0d498442916f91c767e09875aa06547376fc9568ebd872ad507f1609a74b
3,tongue,8,right_hand,different_subject_different_class,2.2953254536638337,2.390162854642673,0.09483740097883953,0.039678217237217345,20,1,70981aa89ddbadceca42f354c3c51d05bf6dbf0c,f663379d77883542412d60804de6dc0c77beb1866344a59e0828131f39005040,796f04e7970972175a660a521caff47c83e0295f,122eacff868aa8f656ad6360716c1816f453979f,347d61f17793d636653b614ec2104baa61ac7a4b,ff6e4f0130e8f5d7629695d163db4ba4a2acb3a0c59737e7f82ebe2f52e48e7a,61cf0d498442916f91c767e09875aa06547376fc9568ebd872ad507f1609a74b
3,tongue,8,feet,different_subject_different_class,2.2034103383437817,2.2754338917032833,0.0720235533595015,0.03165266792505584,5,1,70981aa89ddbadceca42f354c3c51d05bf6dbf0c,f663379d77883542412d60804de6dc0c77beb1866344a59e0828131f39005040,796f04e7970972175a660a521caff47c83e0295f,122eacff868aa8f656ad6360716c1816f453979f,347d61f17793d636653b614ec2104baa61ac7a4b,ff6e4f0130e8f5d7629695d163db4ba4a2acb3a0c59737e7f82ebe2f52e48e7a,61cf0d498442916f91c767e09875aa06547376fc9568ebd872ad507f1609a74b
3,tongue,8,tongue,different_subject_same_class,2.8174115305192515,2.9273415162066687,0.10992998568741719,0.03755283935229653,13,1,70981aa89ddbadceca42f354c3c51d05bf6dbf0c,f663379d77883542412d60804de6dc0c77beb1866344a59e0828131f39005040,796f04e7970972175a660a521caff47c83e0295f,122eacff868aa8f656ad6360716c1816f453979f,347d61f17793d636653b614ec2104baa61ac7a4b,ff6e4f0130e8f5d7629695d163db4ba4a2acb3a0c59737e7f82ebe2f52e48e7a,61cf0d498442916f91c767e09875aa06547376fc9568ebd872ad507f1609a74b
3,tongue,9,left_hand,different_subject_different_class,2.851344931351233,2.597589569147628,-0.2537553622036053,-0.09768878240717316,99,1,70981aa89ddbadceca42f354c3c51d05bf6dbf0c,f663379d77883542412d60804de6dc0c77beb1866344a59e0828131f39005040,796f04e7970972175a660a521caff47c83e0295f,122eacff868aa8f656ad6360716c1816f453979f,347d61f17793d636653b614ec2104baa61ac7a4b,ff6e4f0130e8f5d7629695d163db4ba4a2acb3a0c59737e7f82ebe2f52e48e7a,61cf0d498442916f91c767e09875aa06547376fc9568ebd872ad507f1609a74b
3,tongue,9,right_hand,different_subject_different_class,3.8390309818276984,3.83883316498709,-0.00019781684060848903,-5.153046045676598e-05,70,1,70981aa89ddbadceca42f354c3c51d05bf6dbf0c,f663379d77883542412d60804de6dc0c77beb1866344a59e0828131f39005040,796f04e7970972175a660a521caff47c83e0295f,122eacff868aa8f656ad6360716c1816f453979f,347d61f17793d636653b614ec2104baa61ac7a4b,ff6e4f0130e8f5d7629695d163db4ba4a2acb3a0c59737e7f82ebe2f52e48e7a,61cf0d498442916f91c767e09875aa06547376fc9568ebd872ad507f1609a74b
3,tongue,9,feet,different_subject_different_class,4.047567629862805,4.014226699939546,-0.03334092992325921,-0.008305691834435091,117,1,70981aa89ddbadceca42f354c3c51d05bf6dbf0c,f663379d77883542412d60804de6dc0c77beb1866344a59e0828131f39005040,796f04e7970972175a660a521caff47c83e0295f,122eacff868aa8f656ad6360716c1816f453979f,347d61f17793d636653b614ec2104baa61ac7a4b,ff6e4f0130e8f5d7629695d163db4ba4a2acb3a0c59737e7f82ebe2f52e48e7a,61cf0d498442916f91c767e09875aa06547376fc9568ebd872ad507f1609a74b
3,tongue,9,tongue,different_subject_same_class,5.308902472277121,5.341010723893723,0.03210825161660136,0.006011643353000738,27,1,70981aa89ddbadceca42f354c3c51d05bf6dbf0c,f663379d77883542412d60804de6dc0c77beb1866344a59e0828131f39005040,796f04e7970972175a660a521caff47c83e0295f,122eacff868aa8f656ad6360716c1816f453979f,347d61f17793d636653b614ec2104baa61ac7a4b,ff6e4f0130e8f5d7629695d163db4ba4a2acb3a0c59737e7f82ebe2f52e48e7a,61cf0d498442916f91c767e09875aa06547376fc9568ebd872ad507f1609a74b
4,left_hand,1,left_hand,different_subject_same_class,2.062262331838014,2.0103911823857477,-0.05187114945226634,-0.025801520573080917,106,1,70981aa89ddbadceca42f354c3c51d05bf6dbf0c,f663379d77883542412d60804de6dc0c77beb1866344a59e0828131f39005040,796f04e7970972175a660a521caff47c83e0295f,122eacff868aa8f656ad6360716c1816f453979f,347d61f17793d636653b614ec2104baa61ac7a4b,ff6e4f0130e8f5d7629695d163db4ba4a2acb3a0c59737e7f82ebe2f52e48e7a,61cf0d498442916f91c767e09875aa06547376fc9568ebd872ad507f1609a74b
4,left_hand,1,right_hand,different_subject_different_class,1.9703502118139022,1.9104737578514843,-0.05987645396241792,-0.03134115489225818,104,1,70981aa89ddbadceca42f354c3c51d05bf6dbf0c,f663379d77883542412d60804de6dc0c77beb1866344a59e0828131f39005040,796f04e7970972175a660a521caff47c83e0295f,122eacff868aa8f656ad6360716c1816f453979f,347d61f17793d636653b614ec2104baa61ac7a4b,ff6e4f0130e8f5d7629695d163db4ba4a2acb3a0c59737e7f82ebe2f52e48e7a,61cf0d498442916f91c767e09875aa06547376fc9568ebd872ad507f1609a74b
4,left_hand,1,feet,different_subject_different_class,2.7350225366118024,2.78171974619289,0.046697209581087584,0.016787172627651725,21,1,70981aa89ddbadceca42f354c3c51d05bf6dbf0c,f663379d77883542412d60804de6dc0c77beb1866344a59e0828131f39005040,796f04e7970972175a660a521caff47c83e0295f,122eacff868aa8f656ad6360716c1816f453979f,347d61f17793d636653b614ec2104baa61ac7a4b,ff6e4f0130e8f5d7629695d163db4ba4a2acb3a0c59737e7f82ebe2f52e48e7a,61cf0d498442916f91c767e09875aa06547376fc9568ebd872ad507f1609a74b
4,left_hand,1,tongue,different_subject_different_class,2.9279908769443823,2.989346101644965,0.061355224700582855,0.020524630676528405,14,1,70981aa89ddbadceca42f354c3c51d05bf6dbf0c,f663379d77883542412d60804de6dc0c77beb1866344a59e0828131f39005040,796f04e7970972175a660a521caff47c83e0295f,122eacff868aa8f656ad6360716c1816f453979f,347d61f17793d636653b614ec2104baa61ac7a4b,ff6e4f0130e8f5d7629695d163db4ba4a2acb3a0c59737e7f82ebe2f52e48e7a,61cf0d498442916f91c767e09875aa06547376fc9568ebd872ad507f1609a74b
4,left_hand,2,left_hand,different_subject_same_class,3.361405890901289,3.4120052555736704,0.05059936467238124,0.014829802676805615,3,1,70981aa89ddbadceca42f354c3c51d05bf6dbf0c,f663379d77883542412d60804de6dc0c77beb1866344a59e0828131f39005040,796f04e7970972175a660a521caff47c83e0295f,122eacff868aa8f656ad6360716c1816f453979f,347d61f17793d636653b614ec2104baa61ac7a4b,ff6e4f0130e8f5d7629695d163db4ba4a2acb3a0c59737e7f82ebe2f52e48e7a,61cf0d498442916f91c767e09875aa06547376fc9568ebd872ad507f1609a74b
4,left_hand,2,right_hand,different_subject_different_class,2.9151760433604514,2.979245969048879,0.06406992568842762,0.0215054165899843,4,1,70981aa89ddbadceca42f354c3c51d05bf6dbf0c,f663379d77883542412d60804de6dc0c77beb1866344a59e0828131f39005040,796f04e7970972175a660a521caff47c83e0295f,122eacff868aa8f656ad6360716c1816f453979f,347d61f17793d636653b614ec2104baa61ac7a4b,ff6e4f0130e8f5d7629695d163db4ba4a2acb3a0c59737e7f82ebe2f52e48e7a,61cf0d498442916f91c767e09875aa06547376fc9568ebd872ad507f1609a74b
4,left_hand,2,feet,different_subject_different_class,3.0689940318504028,3.135935944913993,0.06694191306359043,0.021346709320437474,18,1,70981aa89ddbadceca42f354c3c51d05bf6dbf0c,f663379d77883542412d60804de6dc0c77beb1866344a59e0828131f39005040,796f04e7970972175a660a521caff47c83e0295f,122eacff868aa8f656ad6360716c1816f453979f,347d61f17793d636653b614ec2104baa61ac7a4b,ff6e4f0130e8f5d7629695d163db4ba4a2acb3a0c59737e7f82ebe2f52e48e7a,61cf0d498442916f91c767e09875aa06547376fc9568ebd872ad507f1609a74b
4,left_hand,2,tongue,different_subject_different_class,2.7113146384952866,2.786874086175374,0.07555944768008738,0.02711261626598387,4,1,70981aa89ddbadceca42f354c3c51d05bf6dbf0c,f663379d77883542412d60804de6dc0c77beb1866344a59e0828131f39005040,796f04e7970972175a660a521caff47c83e0295f,122eacff868aa8f656ad6360716c1816f453979f,347d61f17793d636653b614ec2104baa61ac7a4b,ff6e4f0130e8f5d7629695d163db4ba4a2acb3a0c59737e7f82ebe2f52e48e7a,61cf0d498442916f91c767e09875aa06547376fc9568ebd872ad507f1609a74b
4,left_hand,3,left_hand,different_subject_same_class,3.0479240738248263,3.0813880093175805,0.03346393549275417,0.010860020027197178,5,1,70981aa89ddbadceca42f354c3c51d05bf6dbf0c,f663379d77883542412d60804de6dc0c77beb1866344a59e0828131f39005040,796f04e7970972175a660a521caff47c83e0295f,122eacff868aa8f656ad6360716c1816f453979f,347d61f17793d636653b614ec2104baa61ac7a4b,ff6e4f0130e8f5d7629695d163db4ba4a2acb3a0c59737e7f82ebe2f52e48e7a,61cf0d498442916f91c767e09875aa06547376fc9568ebd872ad507f1609a74b
4,left_hand,3,right_hand,different_subject_different_class,3.1056241990884303,3.1171329337510625,0.011508734662632136,0.0036920897848212323,31,1,70981aa89ddbadceca42f354c3c51d05bf6dbf0c,f663379d77883542412d60804de6dc0c77beb1866344a59e0828131f39005040,796f04e7970972175a660a521caff47c83e0295f,122eacff868aa8f656ad6360716c1816f453979f,347d61f17793d636653b614ec2104baa61ac7a4b,ff6e4f0130e8f5d7629695d163db4ba4a2acb3a0c59737e7f82ebe2f52e48e7a,61cf0d498442916f91c767e09875aa06547376fc9568ebd872ad507f1609a74b
4,left_hand,3,feet,different_subject_different_class,3.769756218503003,3.8354603529980915,0.0657041344950886,0.017130703604778287,2,1,70981aa89ddbadceca42f354c3c51d05bf6dbf0c,f663379d77883542412d60804de6dc0c77beb1866344a59e0828131f39005040,796f04e7970972175a660a521caff47c83e0295f,122eacff868aa8f656ad6360716c1816f453979f,347d61f17793d636653b614ec2104baa61ac7a4b,ff6e4f0130e8f5d7629695d163db4ba4a2acb3a0c59737e7f82ebe2f52e48e7a,61cf0d498442916f91c767e09875aa06547376fc9568ebd872ad507f1609a74b
4,left_hand,3,tongue,different_subject_different_class,4.419743783473026,4.483077027703161,0.06333324423013487,0.014127181808112435,6,1,70981aa89ddbadceca42f354c3c51d05bf6dbf0c,f663379d77883542412d60804de6dc0c77beb1866344a59e0828131f39005040,796f04e7970972175a660a521caff47c83e0295f,122eacff868aa8f656ad6360716c1816f453979f,347d61f17793d636653b614ec2104baa61ac7a4b,ff6e4f0130e8f5d7629695d163db4ba4a2acb3a0c59737e7f82ebe2f52e48e7a,61cf0d498442916f91c767e09875aa06547376fc9568ebd872ad507f1609a74b
4,left_hand,4,left_hand,same_subject_same_class,0.94509154456406,1.0428405876927256,0.09774904312866561,0.09373344716562519,2,1,70981aa89ddbadceca42f354c3c51d05bf6dbf0c,f663379d77883542412d60804de6dc0c77beb1866344a59e0828131f39005040,796f04e7970972175a660a521caff47c83e0295f,122eacff868aa8f656ad6360716c1816f453979f,347d61f17793d636653b614ec2104baa61ac7a4b,ff6e4f0130e8f5d7629695d163db4ba4a2acb3a0c59737e7f82ebe2f52e48e7a,61cf0d498442916f91c767e09875aa06547376fc9568ebd872ad507f1609a74b
4,left_hand,4,right_hand,same_subject_different_class,0.9890599315573064,1.1717266316636425,0.18266670010633612,0.15589532163059402,2,1,70981aa89ddbadceca42f354c3c51d05bf6dbf0c,f663379d77883542412d60804de6dc0c77beb1866344a59e0828131f39005040,796f04e7970972175a660a521caff47c83e0295f,122eacff868aa8f656ad6360716c1816f453979f,347d61f17793d636653b614ec2104baa61ac7a4b,ff6e4f0130e8f5d7629695d163db4ba4a2acb3a0c59737e7f82ebe2f52e48e7a,61cf0d498442916f91c767e09875aa06547376fc9568ebd872ad507f1609a74b
4,left_hand,4,feet,same_subject_different_class,1.5280328596038897,1.701021300894555,0.17298844129066526,0.10169681073346458,3,1,70981aa89ddbadceca42f354c3c51d05bf6dbf0c,f663379d77883542412d60804de6dc0c77beb1866344a59e0828131f39005040,796f04e7970972175a660a521caff47c83e0295f,122eacff868aa8f656ad6360716c1816f453979f,347d61f17793d636653b614ec2104baa61ac7a4b,ff6e4f0130e8f5d7629695d163db4ba4a2acb3a0c59737e7f82ebe2f52e48e7a,61cf0d498442916f91c767e09875aa06547376fc9568ebd872ad507f1609a74b
4,left_hand,4,tongue,same_subject_different_class,1.476697166417003,1.636349031882271,0.1596518654652681,0.09756589966727491,9,1,70981aa89ddbadceca42f354c3c51d05bf6dbf0c,f663379d77883542412d60804de6dc0c77beb1866344a59e0828131f39005040,796f04e7970972175a660a521caff47c83e0295f,122eacff868aa8f656ad6360716c1816f453979f,347d61f17793d636653b614ec2104baa61ac7a4b,ff6e4f0130e8f5d7629695d163db4ba4a2acb3a0c59737e7f82ebe2f52e48e7a,61cf0d498442916f91c767e09875aa06547376fc9568ebd872ad507f1609a74b
4,left_hand,5,left_hand,different_subject_same_class,2.9959983239213113,3.0109219533322245,0.014923629410913186,0.004956498256089641,10,1,70981aa89ddbadceca42f354c3c51d05bf6dbf0c,f663379d77883542412d60804de6dc0c77beb1866344a59e0828131f39005040,796f04e7970972175a660a521caff47c83e0295f,122eacff868aa8f656ad6360716c1816f453979f,347d61f17793d636653b614ec2104baa61ac7a4b,ff6e4f0130e8f5d7629695d163db4ba4a2acb3a0c59737e7f82ebe2f52e48e7a,61cf0d498442916f91c767e09875aa06547376fc9568ebd872ad507f1609a74b
4,left_hand,5,right_hand,different_subject_different_class,2.9658720420967755,2.9738039972468258,0.007931955150050296,0.0026672757039111422,20,1,70981aa89ddbadceca42f354c3c51d05bf6dbf0c,f663379d77883542412d60804de6dc0c77beb1866344a59e0828131f39005040,796f04e7970972175a660a521caff47c83e0295f,122eacff868aa8f656ad6360716c1816f453979f,347d61f17793d636653b614ec2104baa61ac7a4b,ff6e4f0130e8f5d7629695d163db4ba4a2acb3a0c59737e7f82ebe2f52e48e7a,61cf0d498442916f91c767e09875aa06547376fc9568ebd872ad507f1609a74b
4,left_hand,5,feet,different_subject_different_class,2.9212092185418856,2.9247704273764006,0.0035612088345149395,0.0012176028590761708,44,1,70981aa89ddbadceca42f354c3c51d05bf6dbf0c,f663379d77883542412d60804de6dc0c77beb1866344a59e0828131f39005040,796f04e7970972175a660a521caff47c83e0295f,122eacff868aa8f656ad6360716c1816f453979f,347d61f17793d636653b614ec2104baa61ac7a4b,ff6e4f0130e8f5d7629695d163db4ba4a2acb3a0c59737e7f82ebe2f52e48e7a,61cf0d498442916f91c767e09875aa06547376fc9568ebd872ad507f1609a74b
4,left_hand,5,tongue,different_subject_different_class,2.918238307987694,2.9285160851207346,0.010277777133040455,0.0035095511973657918,36,1,70981aa89ddbadceca42f354c3c51d05bf6dbf0c,f663379d77883542412d60804de6dc0c77beb1866344a59e0828131f39005040,796f04e7970972175a660a521caff47c83e0295f,122eacff868aa8f656ad6360716c1816f453979f,347d61f17793d636653b614ec2104baa61ac7a4b,ff6e4f0130e8f5d7629695d163db4ba4a2acb3a0c59737e7f82ebe2f52e48e7a,61cf0d498442916f91c767e09875aa06547376fc9568ebd872ad507f1609a74b
4,left_hand,6,left_hand,different_subject_same_class,4.170606674994046,4.190315285235801,0.01970861024175541,0.004703371679738974,8,1,70981aa89ddbadceca42f354c3c51d05bf6dbf0c,f663379d77883542412d60804de6dc0c77beb1866344a59e0828131f39005040,796f04e7970972175a660a521caff47c83e0295f,122eacff868aa8f656ad6360716c1816f453979f,347d61f17793d636653b614ec2104baa61ac7a4b,ff6e4f0130e8f5d7629695d163db4ba4a2acb3a0c59737e7f82ebe2f52e48e7a,61cf0d498442916f91c767e09875aa06547376fc9568ebd872ad507f1609a74b
4,left_hand,6,right_hand,different_subject_different_class,4.318157492272617,4.31733433701538,-0.0008231552572368628,-0.00019066284725262185,68,1,70981aa89ddbadceca42f354c3c51d05bf6dbf0c,f663379d77883542412d60804de6dc0c77beb1866344a59e0828131f39005040,796f04e7970972175a660a521caff47c83e0295f,122eacff868aa8f656ad6360716c1816f453979f,347d61f17793d636653b614ec2104baa61ac7a4b,ff6e4f0130e8f5d7629695d163db4ba4a2acb3a0c59737e7f82ebe2f52e48e7a,61cf0d498442916f91c767e09875aa06547376fc9568ebd872ad507f1609a74b
4,left_hand,6,feet,different_subject_different_class,4.961970012799571,5.012968733765853,0.05099872096628211,0.010173357081357803,4,1,70981aa89ddbadceca42f354c3c51d05bf6dbf0c,f663379d77883542412d60804de6dc0c77beb1866344a59e0828131f39005040,796f04e7970972175a660a521caff47c83e0295f,122eacff868aa8f656ad6360716c1816f453979f,347d61f17793d636653b614ec2104baa61ac7a4b,ff6e4f0130e8f5d7629695d163db4ba4a2acb3a0c59737e7f82ebe2f52e48e7a,61cf0d498442916f91c767e09875aa06547376fc9568ebd872ad507f1609a74b
4,left_hand,6,tongue,different_subject_different_class,4.561353912364103,4.576817029383896,0.015463117019793415,0.003378574437325708,10,1,70981aa89ddbadceca42f354c3c51d05bf6dbf0c,f663379d77883542412d60804de6dc0c77beb1866344a59e0828131f39005040,796f04e7970972175a660a521caff47c83e0295f,122eacff868aa8f656ad6360716c1816f453979f,347d61f17793d636653b614ec2104baa61ac7a4b,ff6e4f0130e8f5d7629695d163db4ba4a2acb3a0c59737e7f82ebe2f52e48e7a,61cf0d498442916f91c767e09875aa06547376fc9568ebd872ad507f1609a74b
4,left_hand,7,left_hand,different_subject_same_class,2.122716638712739,2.124412287759034,0.0016956490462947116,0.00079817324352016,52,1,70981aa89ddbadceca42f354c3c51d05bf6dbf0c,f663379d77883542412d60804de6dc0c77beb1866344a59e0828131f39005040,796f04e7970972175a660a521caff47c83e0295f,122eacff868aa8f656ad6360716c1816f453979f,347d61f17793d636653b614ec2104baa61ac7a4b,ff6e4f0130e8f5d7629695d163db4ba4a2acb3a0c59737e7f82ebe2f52e48e7a,61cf0d498442916f91c767e09875aa06547376fc9568ebd872ad507f1609a74b
4,left_hand,7,right_hand,different_subject_different_class,2.1548530593408373,2.1542852727812245,-0.0005677865596127596,-0.00026356145436566813,54,1,70981aa89ddbadceca42f354c3c51d05bf6dbf0c,f663379d77883542412d60804de6dc0c77beb1866344a59e0828131f39005040,796f04e7970972175a660a521caff47c83e0295f,122eacff868aa8f656ad6360716c1816f453979f,347d61f17793d636653b614ec2104baa61ac7a4b,ff6e4f0130e8f5d7629695d163db4ba4a2acb3a0c59737e7f82ebe2f52e48e7a,61cf0d498442916f91c767e09875aa06547376fc9568ebd872ad507f1609a74b
4,left_hand,7,feet,different_subject_different_class,2.399345192333154,2.4353540091921264,0.03600881685897228,0.014785865514031528,26,1,70981aa89ddbadceca42f354c3c51d05bf6dbf0c,f663379d77883542412d60804de6dc0c77beb1866344a59e0828131f39005040,796f04e7970972175a660a521caff47c83e0295f,122eacff868aa8f656ad6360716c1816f453979f,347d61f17793d636653b614ec2104baa61ac7a4b,ff6e4f0130e8f5d7629695d163db4ba4a2acb3a0c59737e7f82ebe2f52e48e7a,61cf0d498442916f91c767e09875aa06547376fc9568ebd872ad507f1609a74b
4,left_hand,7,tongue,different_subject_different_class,2.892088482031702,2.9573309973482758,0.06524251531657388,0.022061282749571934,2,1,70981aa89ddbadceca42f354c3c51d05bf6dbf0c,f663379d77883542412d60804de6dc0c77beb1866344a59e0828131f39005040,796f04e7970972175a660a521caff47c83e0295f,122eacff868aa8f656ad6360716c1816f453979f,347d61f17793d636653b614ec2104baa61ac7a4b,ff6e4f0130e8f5d7629695d163db4ba4a2acb3a0c59737e7f82ebe2f52e48e7a,61cf0d498442916f91c767e09875aa06547376fc9568ebd872ad507f1609a74b
4,left_hand,8,left_hand,different_subject_same_class,4.650803169947273,4.654540452283079,0.003737282335806391,0.0008029326147489452,46,1,70981aa89ddbadceca42f354c3c51d05bf6dbf0c,f663379d77883542412d60804de6dc0c77beb1866344a59e0828131f39005040,796f04e7970972175a660a521caff47c83e0295f,122eacff868aa8f656ad6360716c1816f453979f,347d61f17793d636653b614ec2104baa61ac7a4b,ff6e4f0130e8f5d7629695d163db4ba4a2acb3a0c59737e7f82ebe2f52e48e7a,61cf0d498442916f91c767e09875aa06547376fc9568ebd872ad507f1609a74b
4,left_hand,8,right_hand,different_subject_different_class,4.989851160419219,5.010487264541168,0.02063610412194894,0.004118582291983667,19,1,70981aa89ddbadceca42f354c3c51d05bf6dbf0c,f663379d77883542412d60804de6dc0c77beb1866344a59e0828131f39005040,796f04e7970972175a660a521caff47c83e0295f,122eacff868aa8f656ad6360716c1816f453979f,347d61f17793d636653b614ec2104baa61ac7a4b,ff6e4f0130e8f5d7629695d163db4ba4a2acb3a0c59737e7f82ebe2f52e48e7a,61cf0d498442916f91c767e09875aa06547376fc9568ebd872ad507f1609a74b
4,left_hand,8,feet,different_subject_different_class,4.93540720608505,4.950354512442755,0.014947306357704804,0.0030194416016337076,9,1,70981aa89ddbadceca42f354c3c51d05bf6dbf0c,f663379d77883542412d60804de6dc0c77beb1866344a59e0828131f39005040,796f04e7970972175a660a521caff47c83e0295f,122eacff868aa8f656ad6360716c1816f453979f,347d61f17793d636653b614ec2104baa61ac7a4b,ff6e4f0130e8f5d7629695d163db4ba4a2acb3a0c59737e7f82ebe2f52e48e7a,61cf0d498442916f91c767e09875aa06547376fc9568ebd872ad507f1609a74b
4,left_hand,8,tongue,different_subject_different_class,5.911384831074681,5.939349438670849,0.027964607596167923,0.004708362066406055,5,1,70981aa89ddbadceca42f354c3c51d05bf6dbf0c,f663379d77883542412d60804de6dc0c77beb1866344a59e0828131f39005040,796f04e7970972175a660a521caff47c83e0295f,122eacff868aa8f656ad6360716c1816f453979f,347d61f17793d636653b614ec2104baa61ac7a4b,ff6e4f0130e8f5d7629695d163db4ba4a2acb3a0c59737e7f82ebe2f52e48e7a,61cf0d498442916f91c767e09875aa06547376fc9568ebd872ad507f1609a74b
4,left_hand,9,left_hand,different_subject_same_class,5.091360153598305,5.001719000017074,-0.0896411535812307,-0.017922069108825326,106,1,70981aa89ddbadceca42f354c3c51d05bf6dbf0c,f663379d77883542412d60804de6dc0c77beb1866344a59e0828131f39005040,796f04e7970972175a660a521caff47c83e0295f,122eacff868aa8f656ad6360716c1816f453979f,347d61f17793d636653b614ec2104baa61ac7a4b,ff6e4f0130e8f5d7629695d163db4ba4a2acb3a0c59737e7f82ebe2f52e48e7a,61cf0d498442916f91c767e09875aa06547376fc9568ebd872ad507f1609a74b
4,left_hand,9,right_hand,different_subject_different_class,6.980922910350198,6.97681917692745,-0.004103733422748057,-0.0005881954682614144,72,1,70981aa89ddbadceca42f354c3c51d05bf6dbf0c,f663379d77883542412d60804de6dc0c77beb1866344a59e0828131f39005040,796f04e7970972175a660a521caff47c83e0295f,122eacff868aa8f656ad6360716c1816f453979f,347d61f17793d636653b614ec2104baa61ac7a4b,ff6e4f0130e8f5d7629695d163db4ba4a2acb3a0c59737e7f82ebe2f52e48e7a,61cf0d498442916f91c767e09875aa06547376fc9568ebd872ad507f1609a74b
4,left_hand,9,feet,different_subject_different_class,7.239123590118798,7.226440128253813,-0.01268346186498448,-0.001755146606057787,115,1,70981aa89ddbadceca42f354c3c51d05bf6dbf0c,f663379d77883542412d60804de6dc0c77beb1866344a59e0828131f39005040,796f04e7970972175a660a521caff47c83e0295f,122eacff868aa8f656ad6360716c1816f453979f,347d61f17793d636653b614ec2104baa61ac7a4b,ff6e4f0130e8f5d7629695d163db4ba4a2acb3a0c59737e7f82ebe2f52e48e7a,61cf0d498442916f91c767e09875aa06547376fc9568ebd872ad507f1609a74b
4,left_hand,9,tongue,different_subject_different_class,8.673168171714638,8.682364123831483,0.009195952116845874,0.0010591530124387074,21,1,70981aa89ddbadceca42f354c3c51d05bf6dbf0c,f663379d77883542412d60804de6dc0c77beb1866344a59e0828131f39005040,796f04e7970972175a660a521caff47c83e0295f,122eacff868aa8f656ad6360716c1816f453979f,347d61f17793d636653b614ec2104baa61ac7a4b,ff6e4f0130e8f5d7629695d163db4ba4a2acb3a0c59737e7f82ebe2f52e48e7a,61cf0d498442916f91c767e09875aa06547376fc9568ebd872ad507f1609a74b
4,right_hand,1,left_hand,different_subject_different_class,2.098638627033835,2.046425142547627,-0.05221348448620766,-0.02551448543151022,110,1,70981aa89ddbadceca42f354c3c51d05bf6dbf0c,f663379d77883542412d60804de6dc0c77beb1866344a59e0828131f39005040,796f04e7970972175a660a521caff47c83e0295f,122eacff868aa8f656ad6360716c1816f453979f,347d61f17793d636653b614ec2104baa61ac7a4b,ff6e4f0130e8f5d7629695d163db4ba4a2acb3a0c59737e7f82ebe2f52e48e7a,61cf0d498442916f91c767e09875aa06547376fc9568ebd872ad507f1609a74b
4,right_hand,1,right_hand,different_subject_same_class,1.9237277948878855,1.8757682453628595,-0.04795954952502601,-0.025567950435022125,98,1,70981aa89ddbadceca42f354c3c51d05bf6dbf0c,f663379d77883542412d60804de6dc0c77beb1866344a59e0828131f39005040,796f04e7970972175a660a521caff47c83e0295f,122eacff868aa8f656ad6360716c1816f453979f,347d61f17793d636653b614ec2104baa61ac7a4b,ff6e4f0130e8f5d7629695d163db4ba4a2acb3a0c59737e7f82ebe2f52e48e7a,61cf0d498442916f91c767e09875aa06547376fc9568ebd872ad507f1609a74b
4,right_hand,1,feet,different_subject_different_class,2.592131885230679,2.6403486113446335,0.048216726113954333,0.018261499980261813,17,1,70981aa89ddbadceca42f354c3c51d05bf6dbf0c,f663379d77883542412d60804de6dc0c77beb1866344a59e0828131f39005040,796f04e7970972175a660a521caff47c83e0295f,122eacff868aa8f656ad6360716c1816f453979f,347d61f17793d636653b614ec2104baa61ac7a4b,ff6e4f0130e8f5d7629695d163db4ba4a2acb3a0c59737e7f82ebe2f52e48e7a,61cf0d498442916f91c767e09875aa06547376fc9568ebd872ad507f1609a74b
4,right_hand,1,tongue,different_subject_different_class,2.7854397192254408,2.851144868846593,0.06570514962115226,0.023045181021521623,18,1,70981aa89ddbadceca42f354c3c51d05bf6dbf0c,f663379d77883542412d60804de6dc0c77beb1866344a59e0828131f39005040,796f04e7970972175a660a521caff47c83e0295f,122eacff868aa8f656ad6360716c1816f453979f,347d61f17793d636653b614ec2104baa61ac7a4b,ff6e4f0130e8f5d7629695d163db4ba4a2acb3a0c59737e7f82ebe2f52e48e7a,61cf0d498442916f91c767e09875aa06547376fc9568ebd872ad507f1609a74b
4,right_hand,2,left_hand,different_subject_different_class,3.2318680913958193,3.2820552986401674,0.05018720724434811,0.015291395993584218,10,1,70981aa89ddbadceca42f354c3c51d05bf6dbf0c,f663379d77883542412d60804de6dc0c77beb1866344a59e0828131f39005040,796f04e7970972175a660a521caff47c83e0295f,122eacff868aa8f656ad6360716c1816f453979f,347d61f17793d636653b614ec2104baa61ac7a4b,ff6e4f0130e8f5d7629695d163db4ba4a2acb3a0c59737e7f82ebe2f52e48e7a,61cf0d498442916f91c767e09875aa06547376fc9568ebd872ad507f1609a74b
4,right_hand,2,right_hand,different_subject_same_class,2.7941230944875057,2.865202416316874,0.07107932182936816,0.024807783710003414,3,1,70981aa89ddbadceca42f354c3c51d05bf6dbf0c,f663379d77883542412d60804de6dc0c77beb1866344a59e0828131f39005040,796f04e7970972175a660a521caff47c83e0295f,122eacff868aa8f656ad6360716c1816f453979f,347d61f17793d636653b614ec2104baa61ac7a4b,ff6e4f0130e8f5d7629695d163db4ba4a2acb3a0c59737e7f82ebe2f52e48e7a,61cf0d498442916f91c767e09875aa06547376fc9568ebd872ad507f1609a74b
4,right_hand,2,feet,different_subject_different_class,2.9522657979019593,3.0197916408320946,0.0675258429301353,0.022361093400314454,17,1,70981aa89ddbadceca42f354c3c51d05bf6dbf0c,f663379d77883542412d60804de6dc0c77beb1866344a59e0828131f39005040,796f04e7970972175a660a521caff47c83e0295f,122eacff868aa8f656ad6360716c1816f453979f,347d61f17793d636653b614ec2104baa61ac7a4b,ff6e4f0130e8f5d7629695d163db4ba4a2acb3a0c59737e7f82ebe2f52e48e7a,61cf0d498442916f91c767e09875aa06547376fc9568ebd872ad507f1609a74b
4,right_hand,2,tongue,different_subject_different_class,2.6193852360303786,2.698109349584994,0.07872411355461528,0.029177510380268362,5,1,70981aa89ddbadceca42f354c3c51d05bf6dbf0c,f663379d77883542412d60804de6dc0c77beb1866344a59e0828131f39005040,796f04e7970972175a660a521caff47c83e0295f,122eacff868aa8f656ad6360716c1816f453979f,347d61f17793d636653b614ec2104baa61ac7a4b,ff6e4f0130e8f5d7629695d163db4ba4a2acb3a0c59737e7f82ebe2f52e48e7a,61cf0d498442916f91c767e09875aa06547376fc9568ebd872ad507f1609a74b
4,right_hand,3,left_hand,different_subject_different_class,2.9566090933921574,3.002124533112583,0.04551543972042582,0.01516107650379037,8,1,70981aa89ddbadceca42f354c3c51d05bf6dbf0c,f663379d77883542412d60804de6dc0c77beb1866344a59e0828131f39005040,796f04e7970972175a660a521caff47c83e0295f,122eacff868aa8f656ad6360716c1816f453979f,347d61f17793d636653b614ec2104baa61ac7a4b,ff6e4f0130e8f5d7629695d163db4ba4a2acb3a0c59737e7f82ebe2f52e48e7a,61cf0d498442916f91c767e09875aa06547376fc9568ebd872ad507f1609a74b
4,right_hand,3,right_hand,different_subject_same_class,2.9218200832316796,2.9464978259871,0.02467774275542034,0.008375279471707433,20,1,70981aa89ddbadceca42f354c3c51d05bf6dbf0c,f663379d77883542412d60804de6dc0c77beb1866344a59e0828131f39005040,796f04e7970972175a660a521caff47c83e0295f,122eacff868aa8f656ad6360716c1816f453979f,347d61f17793d636653b614ec2104baa61ac7a4b,ff6e4f0130e8f5d7629695d163db4ba4a2acb3a0c59737e7f82ebe2f52e48e7a,61cf0d498442916f91c767e09875aa06547376fc9568ebd872ad507f1609a74b
4,right_hand,3,feet,different_subject_different_class,3.5965703399109428,3.670447579733165,0.07387723982222205,0.02012758341248203,4,1,70981aa89ddbadceca42f354c3c51d05bf6dbf0c,f663379d77883542412d60804de6dc0c77beb1866344a59e0828131f39005040,796f04e7970972175a660a521caff47c83e0295f,122eacff868aa8f656ad6360716c1816f453979f,347d61f17793d636653b614ec2104baa61ac7a4b,ff6e4f0130e8f5d7629695d163db4ba4a2acb3a0c59737e7f82ebe2f52e48e7a,61cf0d498442916f91c767e09875aa06547376fc9568ebd872ad507f1609a74b
4,right_hand,3,tongue,different_subject_different_class,4.243694532710896,4.312910530736126,0.06921599802522937,0.016048558747499827,11,1,70981aa89ddbadceca42f354c3c51d05bf6dbf0c,f663379d77883542412d60804de6dc0c77beb1866344a59e0828131f39005040,796f04e7970972175a660a521caff47c83e0295f,122eacff868aa8f656ad6360716c1816f453979f,347d61f17793d636653b614ec2104baa61ac7a4b,ff6e4f0130e8f5d7629695d163db4ba4a2acb3a0c59737e7f82ebe2f52e48e7a,61cf0d498442916f91c767e09875aa06547376fc9568ebd872ad507f1609a74b
4,right_hand,4,left_hand,same_subject_different_class,1.0232784113687554,1.111361130419282,0.08808271905052667,0.07925661303027198,2,1,70981aa89ddbadceca42f354c3c51d05bf6dbf0c,f663379d77883542412d60804de6dc0c77beb1866344a59e0828131f39005040,796f04e7970972175a660a521caff47c83e0295f,122eacff868aa8f656ad6360716c1816f453979f,347d61f17793d636653b614ec2104baa61ac7a4b,ff6e4f0130e8f5d7629695d163db4ba4a2acb3a0c59737e7f82ebe2f52e48e7a,61cf0d498442916f91c767e09875aa06547376fc9568ebd872ad507f1609a74b
4,right_hand,4,right_hand,same_subject_same_class,0.9012356555467774,1.1548900708837846,0.25365441533700717,0.21963511656386225,1,1,70981aa89ddbadceca42f354c3c51d05bf6dbf0c,f663379d77883542412d60804de6dc0c77beb1866344a59e0828131f39005040,796f04e7970972175a660a521caff47c83e0295f,122eacff868aa8f656ad6360716c1816f453979f,347d61f17793d636653b614ec2104baa61ac7a4b,ff6e4f0130e8f5d7629695d163db4ba4a2acb3a0c59737e7f82ebe2f52e48e7a,61cf0d498442916f91c767e09875aa06547376fc9568ebd872ad507f1609a74b
4,right_hand,4,feet,same_subject_different_class,1.3696768240583743,1.5657326244107213,0.19605580035234693,0.12521665404151264,5,1,70981aa89ddbadceca42f354c3c51d05bf6dbf0c,f663379d77883542412d60804de6dc0c77beb1866344a59e0828131f39005040,796f04e7970972175a660a521caff47c83e0295f,122eacff868aa8f656ad6360716c1816f453979f,347d61f17793d636653b614ec2104baa61ac7a4b,ff6e4f0130e8f5d7629695d163db4ba4a2acb3a0c59737e7f82ebe2f52e48e7a,61cf0d498442916f91c767e09875aa06547376fc9568ebd872ad507f1609a74b
4,right_hand,4,tongue,same_subject_different_class,1.2789383328759116,1.4829434039584857,0.20400507108257404,0.13756767152273944,8,1,70981aa89ddbadceca42f354c3c51d05bf6dbf0c,f663379d77883542412d60804de6dc0c77beb1866344a59e0828131f39005040,796f04e7970972175a660a521caff47c83e0295f,122eacff868aa8f656ad6360716c1816f453979f,347d61f17793d636653b614ec2104baa61ac7a4b,ff6e4f0130e8f5d7629695d163db4ba4a2acb3a0c59737e7f82ebe2f52e48e7a,61cf0d498442916f91c767e09875aa06547376fc9568ebd872ad507f1609a74b
4,right_hand,5,left_hand,different_subject_different_class,3.2245173179328055,3.2420873459508277,0.01757002801802221,0.005419356773334969,3,1,70981aa89ddbadceca42f354c3c51d05bf6dbf0c,f663379d77883542412d60804de6dc0c77beb1866344a59e0828131f39005040,796f04e7970972175a660a521caff47c83e0295f,122eacff868aa8f656ad6360716c1816f453979f,347d61f17793d636653b614ec2104baa61ac7a4b,ff6e4f0130e8f5d7629695d163db4ba4a2acb3a0c59737e7f82ebe2f52e48e7a,61cf0d498442916f91c767e09875aa06547376fc9568ebd872ad507f1609a74b
4,right_hand,5,right_hand,different_subject_same_class,3.189973193191607,3.19732743175317,0.007354238561563253,0.002300120559604604,21,1,70981aa89ddbadceca42f354c3c51d05bf6dbf0c,f663379d77883542412d60804de6dc0c77beb1866344a59e0828131f39005040,796f04e7970972175a660a521caff47c83e0295f,122eacff868aa8f656ad6360716c1816f453979f,347d61f17793d636653b614ec2104baa61ac7a4b,ff6e4f0130e8f5d7629695d163db4ba4a2acb3a0c59737e7f82ebe2f52e48e7a,61cf0d498442916f91c767e09875aa06547376fc9568ebd872ad507f1609a74b
4,right_hand,5,feet,different_subject_different_class,3.150485608940307,3.1556003674797544,0.005114758539447539,0.001620851167390528,36,1,70981aa89ddbadceca42f354c3c51d05bf6dbf0c,f663379d77883542412d60804de6dc0c77beb1866344a59e0828131f39005040,796f04e7970972175a660a521caff47c83e0295f,122eacff868aa8f656ad6360716c1816f453979f,347d61f17793d636653b614ec2104baa61ac7a4b,ff6e4f0130e8f5d7629695d163db4ba4a2acb3a0c59737e7f82ebe2f52e48e7a,61cf0d498442916f91c767e09875aa06547376fc9568ebd872ad507f1609a74b
4,right_hand,5,tongue,different_subject_different_class,3.151029499610797,3.165039766755376,0.014010267144578759,0.004426569072445276,24,1,70981aa89ddbadceca42f354c3c51d05bf6dbf0c,f663379d77883542412d60804de6dc0c77beb1866344a59e0828131f39005040,796f04e7970972175a660a521caff47c83e0295f,122eacff868aa8f656ad6360716c1816f453979f,347d61f17793d636653b614ec2104baa61ac7a4b,ff6e4f0130e8f5d7629695d163db4ba4a2acb3a0c59737e7f82ebe2f52e48e7a,61cf0d498442916f91c767e09875aa06547376fc9568ebd872ad507f1609a74b
4,right_hand,6,left_hand,different_subject_different_class,3.9724660102039686,3.9987466194563064,0.026280609252337772,0.006572211683647773,11,1,70981aa89ddbadceca42f354c3c51d05bf6dbf0c,f663379d77883542412d60804de6dc0c77beb1866344a59e0828131f39005040,796f04e7970972175a660a521caff47c83e0295f,122eacff868aa8f656ad6360716c1816f453979f,347d61f17793d636653b614ec2104baa61ac7a4b,ff6e4f0130e8f5d7629695d163db4ba4a2acb3a0c59737e7f82ebe2f52e48e7a,61cf0d498442916f91c767e09875aa06547376fc9568ebd872ad507f1609a74b
4,right_hand,6,right_hand,different_subject_same_class,4.106732982435089,4.107388056907581,0.0006550744724922453,0.00015948687180666475,56,1,70981aa89ddbadceca42f354c3c51d05bf6dbf0c,f663379d77883542412d60804de6dc0c77beb1866344a59e0828131f39005040,796f04e7970972175a660a521caff47c83e0295f,122eacff868aa8f656ad6360716c1816f453979f,347d61f17793d636653b614ec2104baa61ac7a4b,ff6e4f0130e8f5d7629695d163db4ba4a2acb3a0c59737e7f82ebe2f52e48e7a,61cf0d498442916f91c767e09875aa06547376fc9568ebd872ad507f1609a74b
4,right_hand,6,feet,different_subject_different_class,4.743367141101297,4.808750563888337,0.06538342278703979,0.013596759057964324,3,1,70981aa89ddbadceca42f354c3c51d05bf6dbf0c,f663379d77883542412d60804de6dc0c77beb1866344a59e0828131f39005040,796f04e7970972175a660a521caff47c83e0295f,122eacff868aa8f656ad6360716c1816f453979f,347d61f17793d636653b614ec2104baa61ac7a4b,ff6e4f0130e8f5d7629695d163db4ba4a2acb3a0c59737e7f82ebe2f52e48e7a,61cf0d498442916f91c767e09875aa06547376fc9568ebd872ad507f1609a74b
4,right_hand,6,tongue,different_subject_different_class,4.347973297006922,4.3757831583170965,0.02780986131017471,0.006355402062672191,9,1,70981aa89ddbadceca42f354c3c51d05bf6dbf0c,f663379d77883542412d60804de6dc0c77beb1866344a59e0828131f39005040,796f04e7970972175a660a521caff47c83e0295f,122eacff868aa8f656ad6360716c1816f453979f,347d61f17793d636653b614ec2104baa61ac7a4b,ff6e4f0130e8f5d7629695d163db4ba4a2acb3a0c59737e7f82ebe2f52e48e7a,61cf0d498442916f91c767e09875aa06547376fc9568ebd872ad507f1609a74b
4,right_hand,7,left_hand,different_subject_different_class,2.067204764683613,2.0862214944657143,0.019016729782101116,0.009115393467351528,14,1,70981aa89ddbadceca42f354c3c51d05bf6dbf0c,f663379d77883542412d60804de6dc0c77beb1866344a59e0828131f39005040,796f04e7970972175a660a521caff47c83e0295f,122eacff868aa8f656ad6360716c1816f453979f,347d61f17793d636653b614ec2104baa61ac7a4b,ff6e4f0130e8f5d7629695d163db4ba4a2acb3a0c59737e7f82ebe2f52e48e7a,61cf0d498442916f91c767e09875aa06547376fc9568ebd872ad507f1609a74b
4,right_hand,7,right_hand,different_subject_same_class,2.065713368186788,2.0847571527480113,0.019043784561223465,0.009134773580760236,27,1,70981aa89ddbadceca42f354c3c51d05bf6dbf0c,f663379d77883542412d60804de6dc0c77beb1866344a59e0828131f39005040,796f04e7970972175a660a521caff47c83e0295f,122eacff868aa8f656ad6360716c1816f453979f,347d61f17793d636653b614ec2104baa61ac7a4b,ff6e4f0130e8f5d7629695d163db4ba4a2acb3a0c59737e7f82ebe2f52e48e7a,61cf0d498442916f91c767e09875aa06547376fc9568ebd872ad507f1609a74b
4,right_hand,7,feet,different_subject_different_class,2.3010057750968493,2.3440856204626517,0.04307984536580234,0.018378102314069774,35,1,70981aa89ddbadceca42f354c3c51d05bf6dbf0c,f663379d77883542412d60804de6dc0c77beb1866344a59e0828131f39005040,796f04e7970972175a660a521caff47c83e0295f,122eacff868aa8f656ad6360716c1816f453979f,347d61f17793d636653b614ec2104baa61ac7a4b,ff6e4f0130e8f5d7629695d163db4ba4a2acb3a0c59737e7f82ebe2f52e48e7a,61cf0d498442916f91c767e09875aa06547376fc9568ebd872ad507f1609a74b
4,right_hand,7,tongue,different_subject_different_class,2.752236102097066,2.8318718096772315,0.0796357075801657,0.02812122614732421,3,1,70981aa89ddbadceca42f354c3c51d05bf6dbf0c,f663379d77883542412d60804de6dc0c77beb1866344a59e0828131f39005040,796f04e7970972175a660a521caff47c83e0295f,122eacff868aa8f656ad6360716c1816f453979f,347d61f17793d636653b614ec2104baa61ac7a4b,ff6e4f0130e8f5d7629695d163db4ba4a2acb3a0c59737e7f82ebe2f52e48e7a,61cf0d498442916f91c767e09875aa06547376fc9568ebd872ad507f1609a74b
4,right_hand,8,left_hand,different_subject_different_class,4.480308913562226,4.48955481327118,0.009245899708954397,0.0020594246185887746,42,1,70981aa89ddbadceca42f354c3c51d05bf6dbf0c,f663379d77883542412d60804de6dc0c77beb1866344a59e0828131f39005040,796f04e7970972175a660a521caff47c83e0295f,122eacff868aa8f656ad6360716c1816f453979f,347d61f17793d636653b614ec2104baa61ac7a4b,ff6e4f0130e8f5d7629695d163db4ba4a2acb3a0c59737e7f82ebe2f52e48e7a,61cf0d498442916f91c767e09875aa06547376fc9568ebd872ad507f1609a74b
4,right_hand,8,right_hand,different_subject_same_class,4.762178328442847,4.788714117939948,0.026535789497101447,0.005541318367218975,19,1,70981aa89ddbadceca42f354c3c51d05bf6dbf0c,f663379d77883542412d60804de6dc0c77beb1866344a59e0828131f39005040,796f04e7970972175a660a521caff47c83e0295f,122eacff868aa8f656ad6360716c1816f453979f,347d61f17793d636653b614ec2104baa61ac7a4b,ff6e4f0130e8f5d7629695d163db4ba4a2acb3a0c59737e7f82ebe2f52e48e7a,61cf0d498442916f91c767e09875aa06547376fc9568ebd872ad507f1609a74b
4,right_hand,8,feet,different_subject_different_class,4.724485750689548,4.746958896095666,0.022473145406118,0.004734219507272745,12,1,70981aa89ddbadceca42f354c3c51d05bf6dbf0c,f663379d77883542412d60804de6dc0c77beb1866344a59e0828131f39005040,796f04e7970972175a660a521caff47c83e0295f,122eacff868aa8f656ad6360716c1816f453979f,347d61f17793d636653b614ec2104baa61ac7a4b,ff6e4f0130e8f5d7629695d163db4ba4a2acb3a0c59737e7f82ebe2f52e48e7a,61cf0d498442916f91c767e09875aa06547376fc9568ebd872ad507f1609a74b
4,right_hand,8,tongue,different_subject_different_class,5.6997552498274855,5.73246261454511,0.032707364717624365,0.005705639428791949,3,1,70981aa89ddbadceca42f354c3c51d05bf6dbf0c,f663379d77883542412d60804de6dc0c77beb1866344a59e0828131f39005040,796f04e7970972175a660a521caff47c83e0295f,122eacff868aa8f656ad6360716c1816f453979f,347d61f17793d636653b614ec2104baa61ac7a4b,ff6e4f0130e8f5d7629695d163db4ba4a2acb3a0c59737e7f82ebe2f52e48e7a,61cf0d498442916f91c767e09875aa06547376fc9568ebd872ad507f1609a74b
4,right_hand,9,left_hand,different_subject_different_class,4.879755894679053,4.797378977886475,-0.08237691679257786,-0.01717123395343465,106,1,70981aa89ddbadceca42f354c3c51d05bf6dbf0c,f663379d77883542412d60804de6dc0c77beb1866344a59e0828131f39005040,796f04e7970972175a660a521caff47c83e0295f,122eacff868aa8f656ad6360716c1816f453979f,347d61f17793d636653b614ec2104baa61ac7a4b,ff6e4f0130e8f5d7629695d163db4ba4a2acb3a0c59737e7f82ebe2f52e48e7a,61cf0d498442916f91c767e09875aa06547376fc9568ebd872ad507f1609a74b
4,right_hand,9,right_hand,different_subject_same_class,6.73961799904217,6.738395947502097,-0.0012220515400729326,-0.00018135644589510112,69,1,70981aa89ddbadceca42f354c3c51d05bf6dbf0c,f663379d77883542412d60804de6dc0c77beb1866344a59e0828131f39005040,796f04e7970972175a660a521caff47c83e0295f,122eacff868aa8f656ad6360716c1816f453979f,347d61f17793d636653b614ec2104baa61ac7a4b,ff6e4f0130e8f5d7629695d163db4ba4a2acb3a0c59737e7f82ebe2f52e48e7a,61cf0d498442916f91c767e09875aa06547376fc9568ebd872ad507f1609a74b
4,right_hand,9,feet,different_subject_different_class,7.010069855947652,6.999153404326133,-0.010916451621518775,-0.0015596817201879564,107,1,70981aa89ddbadceca42f354c3c51d05bf6dbf0c,f663379d77883542412d60804de6dc0c77beb1866344a59e0828131f39005040,796f04e7970972175a660a521caff47c83e0295f,122eacff868aa8f656ad6360716c1816f453979f,347d61f17793d636653b614ec2104baa61ac7a4b,ff6e4f0130e8f5d7629695d163db4ba4a2acb3a0c59737e7f82ebe2f52e48e7a,61cf0d498442916f91c767e09875aa06547376fc9568ebd872ad507f1609a74b
4,right_hand,9,tongue,different_subject_different_class,8.443940072115666,8.454851920847313,0.010911848731646856,0.0012906019920634296,24,1,70981aa89ddbadceca42f354c3c51d05bf6dbf0c,f663379d77883542412d60804de6dc0c77beb1866344a59e0828131f39005040,796f04e7970972175a660a521caff47c83e0295f,122eacff868aa8f656ad6360716c1816f453979f,347d61f17793d636653b614ec2104baa61ac7a4b,ff6e4f0130e8f5d7629695d163db4ba4a2acb3a0c59737e7f82ebe2f52e48e7a,61cf0d498442916f91c767e09875aa06547376fc9568ebd872ad507f1609a74b
4,feet,1,left_hand,different_subject_different_class,2.044040091539999,2.0267922299038617,-0.01724786163613734,-0.00850993080674849,102,1,70981aa89ddbadceca42f354c3c51d05bf6dbf0c,f663379d77883542412d60804de6dc0c77beb1866344a59e0828131f39005040,796f04e7970972175a660a521caff47c83e0295f,122eacff868aa8f656ad6360716c1816f453979f,347d61f17793d636653b614ec2104baa61ac7a4b,ff6e4f0130e8f5d7629695d163db4ba4a2acb3a0c59737e7f82ebe2f52e48e7a,61cf0d498442916f91c767e09875aa06547376fc9568ebd872ad507f1609a74b
4,feet,1,right_hand,different_subject_different_class,1.9852739581236496,1.9556707945894014,-0.02960316353424819,-0.015137089338424904,112,1,70981aa89ddbadceca42f354c3c51d05bf6dbf0c,f663379d77883542412d60804de6dc0c77beb1866344a59e0828131f39005040,796f04e7970972175a660a521caff47c83e0295f,122eacff868aa8f656ad6360716c1816f453979f,347d61f17793d636653b614ec2104baa61ac7a4b,ff6e4f0130e8f5d7629695d163db4ba4a2acb3a0c59737e7f82ebe2f52e48e7a,61cf0d498442916f91c767e09875aa06547376fc9568ebd872ad507f1609a74b
4,feet,1,feet,different_subject_same_class,2.409089202169806,2.452583654939081,0.04349445276927488,0.01773413627775124,11,1,70981aa89ddbadceca42f354c3c51d05bf6dbf0c,f663379d77883542412d60804de6dc0c77beb1866344a59e0828131f39005040,796f04e7970972175a660a521caff47c83e0295f,122eacff868aa8f656ad6360716c1816f453979f,347d61f17793d636653b614ec2104baa61ac7a4b,ff6e4f0130e8f5d7629695d163db4ba4a2acb3a0c59737e7f82ebe2f52e48e7a,61cf0d498442916f91c767e09875aa06547376fc9568ebd872ad507f1609a74b
4,feet,1,tongue,different_subject_different_class,2.5836392199240494,2.6386516359085275,0.055012415984478036,0.020848684697832964,15,1,70981aa89ddbadceca42f354c3c51d05bf6dbf0c,f663379d77883542412d60804de6dc0c77beb1866344a59e0828131f39005040,796f04e7970972175a660a521caff47c83e0295f,122eacff868aa8f656ad6360716c1816f453979f,347d61f17793d636653b614ec2104baa61ac7a4b,ff6e4f0130e8f5d7629695d163db4ba4a2acb3a0c59737e7f82ebe2f52e48e7a,61cf0d498442916f91c767e09875aa06547376fc9568ebd872ad507f1609a74b
4,feet,2,left_hand,different_subject_different_class,3.058078059591877,3.0982765505352807,0.040198490943403886,0.012974468317380805,3,1,70981aa89ddbadceca42f354c3c51d05bf6dbf0c,f663379d77883542412d60804de6dc0c77beb1866344a59e0828131f39005040,796f04e7970972175a660a521caff47c83e0295f,122eacff868aa8f656ad6360716c1816f453979f,347d61f17793d636653b614ec2104baa61ac7a4b,ff6e4f0130e8f5d7629695d163db4ba4a2acb3a0c59737e7f82ebe2f52e48e7a,61cf0d498442916f91c767e09875aa06547376fc9568ebd872ad507f1609a74b
4,feet,2,right_hand,different_subject_different_class,2.6625954484484775,2.7108268293282274,0.048231380879749874,0.01779212908694066,9,1,70981aa89ddbadceca42f354c3c51d05bf6dbf0c,f663379d77883542412d60804de6dc0c77beb1866344a59e0828131f39005040,796f04e7970972175a660a521caff47c83e0295f,122eacff868aa8f656ad6360716c1816f453979f,347d61f17793d636653b614ec2104baa61ac7a4b,ff6e4f0130e8f5d7629695d163db4ba4a2acb3a0c59737e7f82ebe2f52e48e7a,61cf0d498442916f91c767e09875aa06547376fc9568ebd872ad507f1609a74b
4,feet,2,feet,different_subject_same_class,2.7885369702097353,2.847230563177757,0.05869359296802168,0.020614274701559302,16,1,70981aa89ddbadceca42f354c3c51d05bf6dbf0c,f663379d77883542412d60804de6dc0c77beb1866344a59e0828131f39005040,796f04e7970972175a660a521caff47c83e0295f,122eacff868aa8f656ad6360716c1816f453979f,347d61f17793d636653b614ec2104baa61ac7a4b,ff6e4f0130e8f5d7629695d163db4ba4a2acb3a0c59737e7f82ebe2f52e48e7a,61cf0d498442916f91c767e09875aa06547376fc9568ebd872ad507f1609a74b
4,feet,2,tongue,different_subject_different_class,2.4923472562881677,2.5576601626842494,0.06531290639608178,0.025536194115615526,2,1,70981aa89ddbadceca42f354c3c51d05bf6dbf0c,f663379d77883542412d60804de6dc0c77beb1866344a59e0828131f39005040,796f04e7970972175a660a521caff47c83e0295f,122eacff868aa8f656ad6360716c1816f453979f,347d61f17793d636653b614ec2104baa61ac7a4b,ff6e4f0130e8f5d7629695d163db4ba4a2acb3a0c59737e7f82ebe2f52e48e7a,61cf0d498442916f91c767e09875aa06547376fc9568ebd872ad507f1609a74b
4,feet,3,left_hand,different_subject_different_class,2.685130822185329,2.7358695820223202,0.050738759836991054,0.018545752389076093,6,1,70981aa89ddbadceca42f354c3c51d05bf6dbf0c,f663379d77883542412d60804de6dc0c77beb1866344a59e0828131f39005040,796f04e7970972175a660a521caff47c83e0295f,122eacff868aa8f656ad6360716c1816f453979f,347d61f17793d636653b614ec2104baa61ac7a4b,ff6e4f0130e8f5d7629695d163db4ba4a2acb3a0c59737e7f82ebe2f52e48e7a,61cf0d498442916f91c767e09875aa06547376fc9568ebd872ad507f1609a74b
4,feet,3,right_hand,different_subject_different_class,2.691190878946466,2.7229954207418934,0.031804541795427355,0.011679983577336333,19,1,70981aa89ddbadceca42f354c3c51d05bf6dbf0c,f663379d77883542412d60804de6dc0c77beb1866344a59e0828131f39005040,796f04e7970972175a660a521caff47c83e0295f,122eacff868aa8f656ad6360716c1816f453979f,347d61f17793d636653b614ec2104baa61ac7a4b,ff6e4f0130e8f5d7629695d163db4ba4a2acb3a0c59737e7f82ebe2f52e48e7a,61cf0d498442916f91c767e09875aa06547376fc9568ebd872ad507f1609a74b
4,feet,3,feet,different_subject_same_class,3.3180819759590516,3.3887457715886695,0.07066379562961789,0.02085249245371693,13,1,70981aa89ddbadceca42f354c3c51d05bf6dbf0c,f663379d77883542412d60804de6dc0c77beb1866344a59e0828131f39005040,796f04e7970972175a660a521caff47c83e0295f,122eacff868aa8f656ad6360716c1816f453979f,347d61f17793d636653b614ec2104baa61ac7a4b,ff6e4f0130e8f5d7629695d163db4ba4a2acb3a0c59737e7f82ebe2f52e48e7a,61cf0d498442916f91c767e09875aa06547376fc9568ebd872ad507f1609a74b
4,feet,3,tongue,different_subject_different_class,3.942015729188297,4.006324092592255,0.06430836340395807,0.016051712721610583,9,1,70981aa89ddbadceca42f354c3c51d05bf6dbf0c,f663379d77883542412d60804de6dc0c77beb1866344a59e0828131f39005040,796f04e7970972175a660a521caff47c83e0295f,122eacff868aa8f656ad6360716c1816f453979f,347d61f17793d636653b614ec2104baa61ac7a4b,ff6e4f0130e8f5d7629695d163db4ba4a2acb3a0c59737e7f82ebe2f52e48e7a,61cf0d498442916f91c767e09875aa06547376fc9568ebd872ad507f1609a74b
4,feet,4,left_hand,same_subject_different_class,1.1744377123899832,1.2410316332791242,0.06659392088914107,0.05366013170283406,8,1,70981aa89ddbadceca42f354c3c51d05bf6dbf0c,f663379d77883542412d60804de6dc0c77beb1866344a59e0828131f39005040,796f04e7970972175a660a521caff47c83e0295f,122eacff868aa8f656ad6360716c1816f453979f,347d61f17793d636653b614ec2104baa61ac7a4b,ff6e4f0130e8f5d7629695d163db4ba4a2acb3a0c59737e7f82ebe2f52e48e7a,61cf0d498442916f91c767e09875aa06547376fc9568ebd872ad507f1609a74b
4,feet,4,right_hand,same_subject_different_class,1.1482573204160877,1.2634859108720475,0.11522859045595979,0.09119895161824952,8,1,70981aa89ddbadceca42f354c3c51d05bf6dbf0c,f663379d77883542412d60804de6dc0c77beb1866344a59e0828131f39005040,796f04e7970972175a660a521caff47c83e0295f,122eacff868aa8f656ad6360716c1816f453979f,347d61f17793d636653b614ec2104baa61ac7a4b,ff6e4f0130e8f5d7629695d163db4ba4a2acb3a0c59737e7f82ebe2f52e48e7a,61cf0d498442916f91c767e09875aa06547376fc9568ebd872ad507f1609a74b
4,feet,4,feet,same_subject_same_class,1.0861303066496666,1.3317954151797347,0.24566510853006807,0.1844615965260054,1,1,70981aa89ddbadceca42f354c3c51d05bf6dbf0c,f663379d77883542412d60804de6dc0c77beb1866344a59e0828131f39005040,796f04e7970972175a660a521caff47c83e0295f,122eacff868aa8f656ad6360716c1816f453979f,347d61f17793d636653b614ec2104baa61ac7a4b,ff6e4f0130e8f5d7629695d163db4ba4a2acb3a0c59737e7f82ebe2f52e48e7a,61cf0d498442916f91c767e09875aa06547376fc9568ebd872ad507f1609a74b
4,feet,4,tongue,same_subject_different_class,1.068049319905806,1.3053811966420175,0.23733187673621137,0.18181039940419513,2,1,70981aa89ddbadceca42f354c3c51d05bf6dbf0c,f663379d77883542412d60804de6dc0c77beb1866344a59e0828131f39005040,796f04e7970972175a660a521caff47c83e0295f,122eacff868aa8f656ad6360716c1816f453979f,347d61f17793d636653b614ec2104baa61ac7a4b,ff6e4f0130e8f5d7629695d163db4ba4a2acb3a0c59737e7f82ebe2f52e48e7a,61cf0d498442916f91c767e09875aa06547376fc9568ebd872ad507f1609a74b
4,feet,5,left_hand,different_subject_different_class,3.4311578195133783,3.442044985688499,0.010887166175120644,0.0031629935751530933,9,1,70981aa89ddbadceca42f354c3c51d05bf6dbf0c,f663379d77883542412d60804de6dc0c77beb1866344a59e0828131f39005040,796f04e7970972175a660a521caff47c83e0295f,122eacff868aa8f656ad6360716c1816f453979f,347d61f17793d636653b614ec2104baa61ac7a4b,ff6e4f0130e8f5d7629695d163db4ba4a2acb3a0c59737e7f82ebe2f52e48e7a,61cf0d498442916f91c767e09875aa06547376fc9568ebd872ad507f1609a74b
4,feet,5,right_hand,different_subject_different_class,3.4071525621686045,3.4170859480321276,0.009933385863523103,0.0029069757139833312,12,1,70981aa89ddbadceca42f354c3c51d05bf6dbf0c,f663379d77883542412d60804de6dc0c77beb1866344a59e0828131f39005040,796f04e7970972175a660a521caff47c83e0295f,122eacff868aa8f656ad6360716c1816f453979f,347d61f17793d636653b614ec2104baa61ac7a4b,ff6e4f0130e8f5d7629695d163db4ba4a2acb3a0c59737e7f82ebe2f52e48e7a,61cf0d498442916f91c767e09875aa06547376fc9568ebd872ad507f1609a74b
4,feet,5,feet,different_subject_same_class,3.3493423567437812,3.3572350608272874,0.007892704083506175,0.0023509536688685897,29,1,70981aa89ddbadceca42f354c3c51d05bf6dbf0c,f663379d77883542412d60804de6dc0c77beb1866344a59e0828131f39005040,796f04e7970972175a660a521caff47c83e0295f,122eacff868aa8f656ad6360716c1816f453979f,347d61f17793d636653b614ec2104baa61ac7a4b,ff6e4f0130e8f5d7629695d163db4ba4a2acb3a0c59737e7f82ebe2f52e48e7a,61cf0d498442916f91c767e09875aa06547376fc9568ebd872ad507f1609a74b
4,feet,5,tongue,different_subject_different_class,3.345650903551322,3.3636834082795213,0.01803250472819906,0.005360939939773477,9,1,70981aa89ddbadceca42f354c3c51d05bf6dbf0c,f663379d77883542412d60804de6dc0c77beb1866344a59e0828131f39005040,796f04e7970972175a660a521caff47c83e0295f,122eacff868aa8f656ad6360716c1816f453979f,347d61f17793d636653b614ec2104baa61ac7a4b,ff6e4f0130e8f5d7629695d163db4ba4a2acb3a0c59737e7f82ebe2f52e48e7a,61cf0d498442916f91c767e09875aa06547376fc9568ebd872ad507f1609a74b
4,feet,6,left_hand,different_subject_different_class,3.6884606532005915,3.7099071251964375,0.02144647199584604,0.005780864930604013,18,1,70981aa89ddbadceca42f354c3c51d05bf6dbf0c,f663379d77883542412d60804de6dc0c77beb1866344a59e0828131f39005040,796f04e7970972175a660a521caff47c83e0295f,122eacff868aa8f656ad6360716c1816f453979f,347d61f17793d636653b614ec2104baa61ac7a4b,ff6e4f0130e8f5d7629695d163db4ba4a2acb3a0c59737e7f82ebe2f52e48e7a,61cf0d498442916f91c767e09875aa06547376fc9568ebd872ad507f1609a74b
4,feet,6,right_hand,different_subject_different_class,3.8182150120932126,3.8275615476755567,0.009346535582344107,0.0024419034066271703,24,1,70981aa89ddbadceca42f354c3c51d05bf6dbf0c,f663379d77883542412d60804de6dc0c77beb1866344a59e0828131f39005040,796f04e7970972175a660a521caff47c83e0295f,122eacff868aa8f656ad6360716c1816f453979f,347d61f17793d636653b614ec2104baa61ac7a4b,ff6e4f0130e8f5d7629695d163db4ba4a2acb3a0c59737e7f82ebe2f52e48e7a,61cf0d498442916f91c767e09875aa06547376fc9568ebd872ad507f1609a74b
4,feet,6,feet,different_subject_same_class,4.4556722783284215,4.499899016583936,0.0442267382555146,0.009828384613192718,19,1,70981aa89ddbadceca42f354c3c51d05bf6dbf0c,f663379d77883542412d60804de6dc0c77beb1866344a59e0828131f39005040,796f04e7970972175a660a521caff47c83e0295f,122eacff868aa8f656ad6360716c1816f453979f,347d61f17793d636653b614ec2104baa61ac7a4b,ff6e4f0130e8f5d7629695d163db4ba4a2acb3a0c59737e7f82ebe2f52e48e7a,61cf0d498442916f91c767e09875aa06547376fc9568ebd872ad507f1609a74b
4,feet,6,tongue,different_subject_different_class,4.071082432639747,4.084987592264337,0.013905159624590269,0.003403966183623716,30,1,70981aa89ddbadceca42f354c3c51d05bf6dbf0c,f663379d77883542412d60804de6dc0c77beb1866344a59e0828131f39005040,796f04e7970972175a660a521caff47c83e0295f,122eacff868aa8f656ad6360716c1816f453979f,347d61f17793d636653b614ec2104baa61ac7a4b,ff6e4f0130e8f5d7629695d163db4ba4a2acb3a0c59737e7f82ebe2f52e48e7a,61cf0d498442916f91c767e09875aa06547376fc9568ebd872ad507f1609a74b
4,feet,7,left_hand,different_subject_different_class,1.959968695174233,1.9863503488360974,0.0263816536618644,0.01328147055091401,5,1,70981aa89ddbadceca42f354c3c51d05bf6dbf0c,f663379d77883542412d60804de6dc0c77beb1866344a59e0828131f39005040,796f04e7970972175a660a521caff47c83e0295f,122eacff868aa8f656ad6360716c1816f453979f,347d61f17793d636653b614ec2104baa61ac7a4b,ff6e4f0130e8f5d7629695d163db4ba4a2acb3a0c59737e7f82ebe2f52e48e7a,61cf0d498442916f91c767e09875aa06547376fc9568ebd872ad507f1609a74b
4,feet,7,right_hand,different_subject_different_class,1.9756944156670933,1.99948412643105,0.02378971076395664,0.011897924294312722,16,1,70981aa89ddbadceca42f354c3c51d05bf6dbf0c,f663379d77883542412d60804de6dc0c77beb1866344a59e0828131f39005040,796f04e7970972175a660a521caff47c83e0295f,122eacff868aa8f656ad6360716c1816f453979f,347d61f17793d636653b614ec2104baa61ac7a4b,ff6e4f0130e8f5d7629695d163db4ba4a2acb3a0c59737e7f82ebe2f52e48e7a,61cf0d498442916f91c767e09875aa06547376fc9568ebd872ad507f1609a74b
4,feet,7,feet,different_subject_same_class,2.162199596073389,2.1938563895954775,0.03165679352208839,0.014429747394689562,42,1,70981aa89ddbadceca42f354c3c51d05bf6dbf0c,f663379d77883542412d60804de6dc0c77beb1866344a59e0828131f39005040,796f04e7970972175a660a521caff47c83e0295f,122eacff868aa8f656ad6360716c1816f453979f,347d61f17793d636653b614ec2104baa61ac7a4b,ff6e4f0130e8f5d7629695d163db4ba4a2acb3a0c59737e7f82ebe2f52e48e7a,61cf0d498442916f91c767e09875aa06547376fc9568ebd872ad507f1609a74b
4,feet,7,tongue,different_subject_different_class,2.53558923969615,2.5970804846082998,0.061491244912149856,0.023677065565191432,17,1,70981aa89ddbadceca42f354c3c51d05bf6dbf0c,f663379d77883542412d60804de6dc0c77beb1866344a59e0828131f39005040,796f04e7970972175a660a521caff47c83e0295f,122eacff868aa8f656ad6360716c1816f453979f,347d61f17793d636653b614ec2104baa61ac7a4b,ff6e4f0130e8f5d7629695d163db4ba4a2acb3a0c59737e7f82ebe2f52e48e7a,61cf0d498442916f91c767e09875aa06547376fc9568ebd872ad507f1609a74b
4,feet,8,left_hand,different_subject_different_class,4.191025525479144,4.193791483758002,0.0027659582788572834,0.0006595364336947779,53,1,70981aa89ddbadceca42f354c3c51d05bf6dbf0c,f663379d77883542412d60804de6dc0c77beb1866344a59e0828131f39005040,796f04e7970972175a660a521caff47c83e0295f,122eacff868aa8f656ad6360716c1816f453979f,347d61f17793d636653b614ec2104baa61ac7a4b,ff6e4f0130e8f5d7629695d163db4ba4a2acb3a0c59737e7f82ebe2f52e48e7a,61cf0d498442916f91c767e09875aa06547376fc9568ebd872ad507f1609a74b
4,feet,8,right_hand,different_subject_different_class,4.509487360179415,4.522690522408698,0.013203162229283194,0.002919315872679133,35,1,70981aa89ddbadceca42f354c3c51d05bf6dbf0c,f663379d77883542412d60804de6dc0c77beb1866344a59e0828131f39005040,796f04e7970972175a660a521caff47c83e0295f,122eacff868aa8f656ad6360716c1816f453979f,347d61f17793d636653b614ec2104baa61ac7a4b,ff6e4f0130e8f5d7629695d163db4ba4a2acb3a0c59737e7f82ebe2f52e48e7a,61cf0d498442916f91c767e09875aa06547376fc9568ebd872ad507f1609a74b
4,feet,8,feet,different_subject_same_class,4.450022341160944,4.463318424945221,0.013296083784277712,0.0029789682291020713,25,1,70981aa89ddbadceca42f354c3c51d05bf6dbf0c,f663379d77883542412d60804de6dc0c77beb1866344a59e0828131f39005040,796f04e7970972175a660a521caff47c83e0295f,122eacff868aa8f656ad6360716c1816f453979f,347d61f17793d636653b614ec2104baa61ac7a4b,ff6e4f0130e8f5d7629695d163db4ba4a2acb3a0c59737e7f82ebe2f52e48e7a,61cf0d498442916f91c767e09875aa06547376fc9568ebd872ad507f1609a74b
4,feet,8,tongue,different_subject_different_class,5.409550165025319,5.438381866844658,0.028831701819338917,0.005301522130160204,7,1,70981aa89ddbadceca42f354c3c51d05bf6dbf0c,f663379d77883542412d60804de6dc0c77beb1866344a59e0828131f39005040,796f04e7970972175a660a521caff47c83e0295f,122eacff868aa8f656ad6360716c1816f453979f,347d61f17793d636653b614ec2104baa61ac7a4b,ff6e4f0130e8f5d7629695d163db4ba4a2acb3a0c59737e7f82ebe2f52e48e7a,61cf0d498442916f91c767e09875aa06547376fc9568ebd872ad507f1609a74b
4,feet,9,left_hand,different_subject_different_class,4.566324247977201,4.5096264800752754,-0.05669776790192582,-0.012572608430527802,110,1,70981aa89ddbadceca42f354c3c51d05bf6dbf0c,f663379d77883542412d60804de6dc0c77beb1866344a59e0828131f39005040,796f04e7970972175a660a521caff47c83e0295f,122eacff868aa8f656ad6360716c1816f453979f,347d61f17793d636653b614ec2104baa61ac7a4b,ff6e4f0130e8f5d7629695d163db4ba4a2acb3a0c59737e7f82ebe2f52e48e7a,61cf0d498442916f91c767e09875aa06547376fc9568ebd872ad507f1609a74b
4,feet,9,right_hand,different_subject_different_class,6.437036826030395,6.441657327258552,0.004620501228156826,0.0007172845423808385,28,1,70981aa89ddbadceca42f354c3c51d05bf6dbf0c,f663379d77883542412d60804de6dc0c77beb1866344a59e0828131f39005040,796f04e7970972175a660a521caff47c83e0295f,122eacff868aa8f656ad6360716c1816f453979f,347d61f17793d636653b614ec2104baa61ac7a4b,ff6e4f0130e8f5d7629695d163db4ba4a2acb3a0c59737e7f82ebe2f52e48e7a,61cf0d498442916f91c767e09875aa06547376fc9568ebd872ad507f1609a74b
4,feet,9,feet,different_subject_same_class,6.6952537398928,6.688942088340426,-0.006311651552374009,-0.000943594886757343,96,1,70981aa89ddbadceca42f354c3c51d05bf6dbf0c,f663379d77883542412d60804de6dc0c77beb1866344a59e0828131f39005040,796f04e7970972175a660a521caff47c83e0295f,122eacff868aa8f656ad6360716c1816f453979f,347d61f17793d636653b614ec2104baa61ac7a4b,ff6e4f0130e8f5d7629695d163db4ba4a2acb3a0c59737e7f82ebe2f52e48e7a,61cf0d498442916f91c767e09875aa06547376fc9568ebd872ad507f1609a74b
4,feet,9,tongue,different_subject_different_class,8.121670375511501,8.136732891632622,0.015062516121121305,0.0018511749521249229,8,1,70981aa89ddbadceca42f354c3c51d05bf6dbf0c,f663379d77883542412d60804de6dc0c77beb1866344a59e0828131f39005040,796f04e7970972175a660a521caff47c83e0295f,122eacff868aa8f656ad6360716c1816f453979f,347d61f17793d636653b614ec2104baa61ac7a4b,ff6e4f0130e8f5d7629695d163db4ba4a2acb3a0c59737e7f82ebe2f52e48e7a,61cf0d498442916f91c767e09875aa06547376fc9568ebd872ad507f1609a74b
4,tongue,1,left_hand,different_subject_different_class,2.139822688059851,2.114338319817848,-0.025484368242003175,-0.01205311751820242,95,1,70981aa89ddbadceca42f354c3c51d05bf6dbf0c,f663379d77883542412d60804de6dc0c77beb1866344a59e0828131f39005040,796f04e7970972175a660a521caff47c83e0295f,122eacff868aa8f656ad6360716c1816f453979f,347d61f17793d636653b614ec2104baa61ac7a4b,ff6e4f0130e8f5d7629695d163db4ba4a2acb3a0c59737e7f82ebe2f52e48e7a,61cf0d498442916f91c767e09875aa06547376fc9568ebd872ad507f1609a74b
4,tongue,1,right_hand,different_subject_different_class,2.06594738060227,2.023795074408131,-0.04215230619413912,-0.020828347062988466,108,1,70981aa89ddbadceca42f354c3c51d05bf6dbf0c,f663379d77883542412d60804de6dc0c77beb1866344a59e0828131f39005040,796f04e7970972175a660a521caff47c83e0295f,122eacff868aa8f656ad6360716c1816f453979f,347d61f17793d636653b614ec2104baa61ac7a4b,ff6e4f0130e8f5d7629695d163db4ba4a2acb3a0c59737e7f82ebe2f52e48e7a,61cf0d498442916f91c767e09875aa06547376fc9568ebd872ad507f1609a74b
4,tongue,1,feet,different_subject_different_class,2.3977559446075536,2.4690455180938686,0.07128957348631504,0.02887333302034521,3,1,70981aa89ddbadceca42f354c3c51d05bf6dbf0c,f663379d77883542412d60804de6dc0c77beb1866344a59e0828131f39005040,796f04e7970972175a660a521caff47c83e0295f,122eacff868aa8f656ad6360716c1816f453979f,347d61f17793d636653b614ec2104baa61ac7a4b,ff6e4f0130e8f5d7629695d163db4ba4a2acb3a0c59737e7f82ebe2f52e48e7a,61cf0d498442916f91c767e09875aa06547376fc9568ebd872ad507f1609a74b
4,tongue,1,tongue,different_subject_same_class,2.5468199457409355,2.6548208325283293,0.10800088678739383,0.040681045388866695,5,1,70981aa89ddbadceca42f354c3c51d05bf6dbf0c,f663379d77883542412d60804de6dc0c77beb1866344a59e0828131f39005040,796f04e7970972175a660a521caff47c83e0295f,122eacff868aa8f656ad6360716c1816f453979f,347d61f17793d636653b614ec2104baa61ac7a4b,ff6e4f0130e8f5d7629695d163db4ba4a2acb3a0c59737e7f82ebe2f52e48e7a,61cf0d498442916f91c767e09875aa06547376fc9568ebd872ad507f1609a74b
4,tongue,2,left_hand,different_subject_different_class,3.0709552873083314,3.1284980169085306,0.05754272960019913,0.01839308488904231,7,1,70981aa89ddbadceca42f354c3c51d05bf6dbf0c,f663379d77883542412d60804de6dc0c77beb1866344a59e0828131f39005040,796f04e7970972175a660a521caff47c83e0295f,122eacff868aa8f656ad6360716c1816f453979f,347d61f17793d636653b614ec2104baa61ac7a4b,ff6e4f0130e8f5d7629695d163db4ba4a2acb3a0c59737e7f82ebe2f52e48e7a,61cf0d498442916f91c767e09875aa06547376fc9568ebd872ad507f1609a74b
4,tongue,2,right_hand,different_subject_different_class,2.6759332648180423,2.7536652550250764,0.07773199020703414,0.02822855467460451,3,1,70981aa89ddbadceca42f354c3c51d05bf6dbf0c,f663379d77883542412d60804de6dc0c77beb1866344a59e0828131f39005040,796f04e7970972175a660a521caff47c83e0295f,122eacff868aa8f656ad6360716c1816f453979f,347d61f17793d636653b614ec2104baa61ac7a4b,ff6e4f0130e8f5d7629695d163db4ba4a2acb3a0c59737e7f82ebe2f52e48e7a,61cf0d498442916f91c767e09875aa06547376fc9568ebd872ad507f1609a74b
4,tongue,2,feet,different_subject_different_class,2.77769903508271,2.8825481386274006,0.10484910354469035,0.03637375630944951,2,1,70981aa89ddbadceca42f354c3c51d05bf6dbf0c,f663379d77883542412d60804de6dc0c77beb1866344a59e0828131f39005040,796f04e7970972175a660a521caff47c83e0295f,122eacff868aa8f656ad6360716c1816f453979f,347d61f17793d636653b614ec2104baa61ac7a4b,ff6e4f0130e8f5d7629695d163db4ba4a2acb3a0c59737e7f82ebe2f52e48e7a,61cf0d498442916f91c767e09875aa06547376fc9568ebd872ad507f1609a74b
4,tongue,2,tongue,different_subject_same_class,2.5023910918946317,2.6041612902061573,0.10177019831152556,0.039079836834326406,1,1,70981aa89ddbadceca42f354c3c51d05bf6dbf0c,f663379d77883542412d60804de6dc0c77beb1866344a59e0828131f39005040,796f04e7970972175a660a521caff47c83e0295f,122eacff868aa8f656ad6360716c1816f453979f,347d61f17793d636653b614ec2104baa61ac7a4b,ff6e4f0130e8f5d7629695d163db4ba4a2acb3a0c59737e7f82ebe2f52e48e7a,61cf0d498442916f91c767e09875aa06547376fc9568ebd872ad507f1609a74b
4,tongue,3,left_hand,different_subject_different_class,2.721455613773689,2.758757659179755,0.037302045406065965,0.013521320106513727,23,1,70981aa89ddbadceca42f354c3c51d05bf6dbf0c,f663379d77883542412d60804de6dc0c77beb1866344a59e0828131f39005040,796f04e7970972175a660a521caff47c83e0295f,122eacff868aa8f656ad6360716c1816f453979f,347d61f17793d636653b614ec2104baa61ac7a4b,ff6e4f0130e8f5d7629695d163db4ba4a2acb3a0c59737e7f82ebe2f52e48e7a,61cf0d498442916f91c767e09875aa06547376fc9568ebd872ad507f1609a74b
4,tongue,3,right_hand,different_subject_different_class,2.6876470563957073,2.7053103874092876,0.017663331013580308,0.00652913288463562,40,1,70981aa89ddbadceca42f354c3c51d05bf6dbf0c,f663379d77883542412d60804de6dc0c77beb1866344a59e0828131f39005040,796f04e7970972175a660a521caff47c83e0295f,122eacff868aa8f656ad6360716c1816f453979f,347d61f17793d636653b614ec2104baa61ac7a4b,ff6e4f0130e8f5d7629695d163db4ba4a2acb3a0c59737e7f82ebe2f52e48e7a,61cf0d498442916f91c767e09875aa06547376fc9568ebd872ad507f1609a74b
4,tongue,3,feet,different_subject_different_class,3.2946546611054286,3.3803486536125833,0.0856939925071547,0.025350637253223396,19,1,70981aa89ddbadceca42f354c3c51d05bf6dbf0c,f663379d77883542412d60804de6dc0c77beb1866344a59e0828131f39005040,796f04e7970972175a660a521caff47c83e0295f,122eacff868aa8f656ad6360716c1816f453979f,347d61f17793d636653b614ec2104baa61ac7a4b,ff6e4f0130e8f5d7629695d163db4ba4a2acb3a0c59737e7f82ebe2f52e48e7a,61cf0d498442916f91c767e09875aa06547376fc9568ebd872ad507f1609a74b
4,tongue,3,tongue,different_subject_same_class,3.8872632118342105,3.983783082407937,0.09651987057372668,0.024228194301027735,2,1,70981aa89ddbadceca42f354c3c51d05bf6dbf0c,f663379d77883542412d60804de6dc0c77beb1866344a59e0828131f39005040,796f04e7970972175a660a521caff47c83e0295f,122eacff868aa8f656ad6360716c1816f453979f,347d61f17793d636653b614ec2104baa61ac7a4b,ff6e4f0130e8f5d7629695d163db4ba4a2acb3a0c59737e7f82ebe2f52e48e7a,61cf0d498442916f91c767e09875aa06547376fc9568ebd872ad507f1609a74b
4,tongue,4,left_hand,same_subject_different_class,1.300496057358876,1.3571077500213755,0.056611692662499546,0.041714957903385246,30,1,70981aa89ddbadceca42f354c3c51d05bf6dbf0c,f663379d77883542412d60804de6dc0c77beb1866344a59e0828131f39005040,796f04e7970972175a660a521caff47c83e0295f,122eacff868aa8f656ad6360716c1816f453979f,347d61f17793d636653b614ec2104baa61ac7a4b,ff6e4f0130e8f5d7629695d163db4ba4a2acb3a0c59737e7f82ebe2f52e48e7a,61cf0d498442916f91c767e09875aa06547376fc9568ebd872ad507f1609a74b
4,tongue,4,right_hand,same_subject_different_class,1.224779226876754,1.3775990396730156,0.15281981279626167,0.11093199718877178,13,1,70981aa89ddbadceca42f354c3c51d05bf6dbf0c,f663379d77883542412d60804de6dc0c77beb1866344a59e0828131f39005040,796f04e7970972175a660a521caff47c83e0295f,122eacff868aa8f656ad6360716c1816f453979f,347d61f17793d636653b614ec2104baa61ac7a4b,ff6e4f0130e8f5d7629695d163db4ba4a2acb3a0c59737e7f82ebe2f52e48e7a,61cf0d498442916f91c767e09875aa06547376fc9568ebd872ad507f1609a74b
4,tongue,4,feet,same_subject_different_class,1.0297000609243285,1.353210937425791,0.3235108765014625,0.23906906717505272,1,1,70981aa89ddbadceca42f354c3c51d05bf6dbf0c,f663379d77883542412d60804de6dc0c77beb1866344a59e0828131f39005040,796f04e7970972175a660a521caff47c83e0295f,122eacff868aa8f656ad6360716c1816f453979f,347d61f17793d636653b614ec2104baa61ac7a4b,ff6e4f0130e8f5d7629695d163db4ba4a2acb3a0c59737e7f82ebe2f52e48e7a,61cf0d498442916f91c767e09875aa06547376fc9568ebd872ad507f1609a74b
4,tongue,4,tongue,same_subject_same_class,0.9283541707487059,1.303518513807274,0.37516434305856816,0.2878089870490604,1,1,70981aa89ddbadceca42f354c3c51d05bf6dbf0c,f663379d77883542412d60804de6dc0c77beb1866344a59e0828131f39005040,796f04e7970972175a660a521caff47c83e0295f,122eacff868aa8f656ad6360716c1816f453979f,347d61f17793d636653b614ec2104baa61ac7a4b,ff6e4f0130e8f5d7629695d163db4ba4a2acb3a0c59737e7f82ebe2f52e48e7a,61cf0d498442916f91c767e09875aa06547376fc9568ebd872ad507f1609a74b
4,tongue,5,left_hand,different_subject_different_class,3.540126847627454,3.548690466549945,0.008563618922491134,0.0024131771996492913,36,1,70981aa89ddbadceca42f354c3c51d05bf6dbf0c,f663379d77883542412d60804de6dc0c77beb1866344a59e0828131f39005040,796f04e7970972175a660a521caff47c83e0295f,122eacff868aa8f656ad6360716c1816f453979f,347d61f17793d636653b614ec2104baa61ac7a4b,ff6e4f0130e8f5d7629695d163db4ba4a2acb3a0c59737e7f82ebe2f52e48e7a,61cf0d498442916f91c767e09875aa06547376fc9568ebd872ad507f1609a74b
4,tongue,5,right_hand,different_subject_different_class,3.506878007018693,3.5233040627686067,0.016426055749913626,0.004662116995092969,4,1,70981aa89ddbadceca42f354c3c51d05bf6dbf0c,f663379d77883542412d60804de6dc0c77beb1866344a59e0828131f39005040,796f04e7970972175a660a521caff47c83e0295f,122eacff868aa8f656ad6360716c1816f453979f,347d61f17793d636653b614ec2104baa61ac7a4b,ff6e4f0130e8f5d7629695d163db4ba4a2acb3a0c59737e7f82ebe2f52e48e7a,61cf0d498442916f91c767e09875aa06547376fc9568ebd872ad507f1609a74b
4,tongue,5,feet,different_subject_different_class,3.454109802438271,3.4691235475724045,0.015013745134133671,0.004327820825130275,20,1,70981aa89ddbadceca42f354c3c51d05bf6dbf0c,f663379d77883542412d60804de6dc0c77beb1866344a59e0828131f39005040,796f04e7970972175a660a521caff47c83e0295f,122eacff868aa8f656ad6360716c1816f453979f,347d61f17793d636653b614ec2104baa61ac7a4b,ff6e4f0130e8f5d7629695d163db4ba4a2acb3a0c59737e7f82ebe2f52e48e7a,61cf0d498442916f91c767e09875aa06547376fc9568ebd872ad507f1609a74b
4,tongue,5,tongue,different_subject_same_class,3.4446614272645344,3.4757833281358446,0.03112190087131017,0.008953924319558111,3,1,70981aa89ddbadceca42f354c3c51d05bf6dbf0c,f663379d77883542412d60804de6dc0c77beb1866344a59e0828131f39005040,796f04e7970972175a660a521caff47c83e0295f,122eacff868aa8f656ad6360716c1816f453979f,347d61f17793d636653b614ec2104baa61ac7a4b,ff6e4f0130e8f5d7629695d163db4ba4a2acb3a0c59737e7f82ebe2f52e48e7a,61cf0d498442916f91c767e09875aa06547376fc9568ebd872ad507f1609a74b
4,tongue,6,left_hand,different_subject_different_class,3.6600696927490306,3.6951993254162874,0.03512963266725677,0.009506830233927692,13,1,70981aa89ddbadceca42f354c3c51d05bf6dbf0c,f663379d77883542412d60804de6dc0c77beb1866344a59e0828131f39005040,796f04e7970972175a660a521caff47c83e0295f,122eacff868aa8f656ad6360716c1816f453979f,347d61f17793d636653b614ec2104baa61ac7a4b,ff6e4f0130e8f5d7629695d163db4ba4a2acb3a0c59737e7f82ebe2f52e48e7a,61cf0d498442916f91c767e09875aa06547376fc9568ebd872ad507f1609a74b
4,tongue,6,right_hand,different_subject_different_class,3.7853480330292535,3.8018967300945032,0.01654869706524975,0.004352747652048509,6,1,70981aa89ddbadceca42f354c3c51d05bf6dbf0c,f663379d77883542412d60804de6dc0c77beb1866344a59e0828131f39005040,796f04e7970972175a660a521caff47c83e0295f,122eacff868aa8f656ad6360716c1816f453979f,347d61f17793d636653b614ec2104baa61ac7a4b,ff6e4f0130e8f5d7629695d163db4ba4a2acb3a0c59737e7f82ebe2f52e48e7a,61cf0d498442916f91c767e09875aa06547376fc9568ebd872ad507f1609a74b
4,tongue,6,feet,different_subject_different_class,4.41193164813026,4.471585407527625,0.05965375939736539,0.013340628426092934,15,1,70981aa89ddbadceca42f354c3c51d05bf6dbf0c,f663379d77883542412d60804de6dc0c77beb1866344a59e0828131f39005040,796f04e7970972175a660a521caff47c83e0295f,122eacff868aa8f656ad6360716c1816f453979f,347d61f17793d636653b614ec2104baa61ac7a4b,ff6e4f0130e8f5d7629695d163db4ba4a2acb3a0c59737e7f82ebe2f52e48e7a,61cf0d498442916f91c767e09875aa06547376fc9568ebd872ad507f1609a74b
4,tongue,6,tongue,different_subject_same_class,4.04485022263328,4.062066327349299,0.01721610471601931,0.004238262827001566,35,1,70981aa89ddbadceca42f354c3c51d05bf6dbf0c,f663379d77883542412d60804de6dc0c77beb1866344a59e0828131f39005040,796f04e7970972175a660a521caff47c83e0295f,122eacff868aa8f656ad6360716c1816f453979f,347d61f17793d636653b614ec2104baa61ac7a4b,ff6e4f0130e8f5d7629695d163db4ba4a2acb3a0c59737e7f82ebe2f52e48e7a,61cf0d498442916f91c767e09875aa06547376fc9568ebd872ad507f1609a74b
4,tongue,7,left_hand,different_subject_different_class,2.0333684219463675,2.0412688424282566,0.007900420481889103,0.00387034785309852,41,1,70981aa89ddbadceca42f354c3c51d05bf6dbf0c,f663379d77883542412d60804de6dc0c77beb1866344a59e0828131f39005040,796f04e7970972175a660a521caff47c83e0295f,122eacff868aa8f656ad6360716c1816f453979f,347d61f17793d636653b614ec2104baa61ac7a4b,ff6e4f0130e8f5d7629695d163db4ba4a2acb3a0c59737e7f82ebe2f52e48e7a,61cf0d498442916f91c767e09875aa06547376fc9568ebd872ad507f1609a74b
4,tongue,7,right_hand,different_subject_different_class,2.0495532066061015,2.049225596413418,-0.0003276101926834585,-0.00015987024232805123,63,1,70981aa89ddbadceca42f354c3c51d05bf6dbf0c,f663379d77883542412d60804de6dc0c77beb1866344a59e0828131f39005040,796f04e7970972175a660a521caff47c83e0295f,122eacff868aa8f656ad6360716c1816f453979f,347d61f17793d636653b614ec2104baa61ac7a4b,ff6e4f0130e8f5d7629695d163db4ba4a2acb3a0c59737e7f82ebe2f52e48e7a,61cf0d498442916f91c767e09875aa06547376fc9568ebd872ad507f1609a74b
4,tongue,7,feet,different_subject_different_class,2.231911476176565,2.252431386431823,0.02051991025525801,0.009110115575047335,46,1,70981aa89ddbadceca42f354c3c51d05bf6dbf0c,f663379d77883542412d60804de6dc0c77beb1866344a59e0828131f39005040,796f04e7970972175a660a521caff47c83e0295f,122eacff868aa8f656ad6360716c1816f453979f,347d61f17793d636653b614ec2104baa61ac7a4b,ff6e4f0130e8f5d7629695d163db4ba4a2acb3a0c59737e7f82ebe2f52e48e7a,61cf0d498442916f91c767e09875aa06547376fc9568ebd872ad507f1609a74b
4,tongue,7,tongue,different_subject_same_class,2.5399967474721405,2.6178695053304795,0.07787275785833891,0.029746615597062875,15,1,70981aa89ddbadceca42f354c3c51d05bf6dbf0c,f663379d77883542412d60804de6dc0c77beb1866344a59e0828131f39005040,796f04e7970972175a660a521caff47c83e0295f,122eacff868aa8f656ad6360716c1816f453979f,347d61f17793d636653b614ec2104baa61ac7a4b,ff6e4f0130e8f5d7629695d163db4ba4a2acb3a0c59737e7f82ebe2f52e48e7a,61cf0d498442916f91c767e09875aa06547376fc9568ebd872ad507f1609a74b
4,tongue,8,left_hand,different_subject_different_class,4.182521060353892,4.1690630622300455,-0.013457998123846515,-0.0032280629779314943,80,1,70981aa89ddbadceca42f354c3c51d05bf6dbf0c,f663379d77883542412d60804de6dc0c77beb1866344a59e0828131f39005040,796f04e7970972175a660a521caff47c83e0295f,122eacff868aa8f656ad6360716c1816f453979f,347d61f17793d636653b614ec2104baa61ac7a4b,ff6e4f0130e8f5d7629695d163db4ba4a2acb3a0c59737e7f82ebe2f52e48e7a,61cf0d498442916f91c767e09875aa06547376fc9568ebd872ad507f1609a74b
4,tongue,8,right_hand,different_subject_different_class,4.467571695749123,4.477755601732991,0.01018390598386798,0.0022743326991599504,49,1,70981aa89ddbadceca42f354c3c51d05bf6dbf0c,f663379d77883542412d60804de6dc0c77beb1866344a59e0828131f39005040,796f04e7970972175a660a521caff47c83e0295f,122eacff868aa8f656ad6360716c1816f453979f,347d61f17793d636653b614ec2104baa61ac7a4b,ff6e4f0130e8f5d7629695d163db4ba4a2acb3a0c59737e7f82ebe2f52e48e7a,61cf0d498442916f91c767e09875aa06547376fc9568ebd872ad507f1609a74b
4,tongue,8,feet,different_subject_different_class,4.415112782904657,4.426028340654453,0.010915557749795468,0.0024662195787434663,42,1,70981aa89ddbadceca42f354c3c51d05bf6dbf0c,f663379d77883542412d60804de6dc0c77beb1866344a59e0828131f39005040,796f04e7970972175a660a521caff47c83e0295f,122eacff868aa8f656ad6360716c1816f453979f,347d61f17793d636653b614ec2104baa61ac7a4b,ff6e4f0130e8f5d7629695d163db4ba4a2acb3a0c59737e7f82ebe2f52e48e7a,61cf0d498442916f91c767e09875aa06547376fc9568ebd872ad507f1609a74b
4,tongue,8,tongue,different_subject_same_class,5.341548148377868,5.3892152495487675,0.047667101170899784,0.008844905791226449,1,1,70981aa89ddbadceca42f354c3c51d05bf6dbf0c,f663379d77883542412d60804de6dc0c77beb1866344a59e0828131f39005040,796f04e7970972175a660a521caff47c83e0295f,122eacff868aa8f656ad6360716c1816f453979f,347d61f17793d636653b614ec2104baa61ac7a4b,ff6e4f0130e8f5d7629695d163db4ba4a2acb3a0c59737e7f82ebe2f52e48e7a,61cf0d498442916f91c767e09875aa06547376fc9568ebd872ad507f1609a74b
4,tongue,9,left_hand,different_subject_different_class,4.567818817209866,4.459683469283799,-0.1081353479260665,-0.024247314561863385,118,1,70981aa89ddbadceca42f354c3c51d05bf6dbf0c,f663379d77883542412d60804de6dc0c77beb1866344a59e0828131f39005040,796f04e7970972175a660a521caff47c83e0295f,122eacff868aa8f656ad6360716c1816f453979f,347d61f17793d636653b614ec2104baa61ac7a4b,ff6e4f0130e8f5d7629695d163db4ba4a2acb3a0c59737e7f82ebe2f52e48e7a,61cf0d498442916f91c767e09875aa06547376fc9568ebd872ad507f1609a74b
4,tongue,9,right_hand,different_subject_different_class,6.375594623590886,6.386925791528991,0.011331167938105402,0.0017741192410805808,6,1,70981aa89ddbadceca42f354c3c51d05bf6dbf0c,f663379d77883542412d60804de6dc0c77beb1866344a59e0828131f39005040,796f04e7970972175a660a521caff47c83e0295f,122eacff868aa8f656ad6360716c1816f453979f,347d61f17793d636653b614ec2104baa61ac7a4b,ff6e4f0130e8f5d7629695d163db4ba4a2acb3a0c59737e7f82ebe2f52e48e7a,61cf0d498442916f91c767e09875aa06547376fc9568ebd872ad507f1609a74b
4,tongue,9,feet,different_subject_different_class,6.649893802471843,6.640537943087669,-0.009355859384173826,-0.0014089008246557214,91,1,70981aa89ddbadceca42f354c3c51d05bf6dbf0c,f663379d77883542412d60804de6dc0c77beb1866344a59e0828131f39005040,796f04e7970972175a660a521caff47c83e0295f,122eacff868aa8f656ad6360716c1816f453979f,347d61f17793d636653b614ec2104baa61ac7a4b,ff6e4f0130e8f5d7629695d163db4ba4a2acb3a0c59737e7f82ebe2f52e48e7a,61cf0d498442916f91c767e09875aa06547376fc9568ebd872ad507f1609a74b
4,tongue,9,tongue,different_subject_same_class,8.047551826647883,8.080045043777066,0.03249321712918274,0.00402141534522852,4,1,70981aa89ddbadceca42f354c3c51d05bf6dbf0c,f663379d77883542412d60804de6dc0c77beb1866344a59e0828131f39005040,796f04e7970972175a660a521caff47c83e0295f,122eacff868aa8f656ad6360716c1816f453979f,347d61f17793d636653b614ec2104baa61ac7a4b,ff6e4f0130e8f5d7629695d163db4ba4a2acb3a0c59737e7f82ebe2f52e48e7a,61cf0d498442916f91c767e09875aa06547376fc9568ebd872ad507f1609a74b
5,left_hand,1,left_hand,different_subject_same_class,3.6312174616630353,3.6248877892423037,-0.006329672420731569,-0.0017461705820291436,69,1,70981aa89ddbadceca42f354c3c51d05bf6dbf0c,f663379d77883542412d60804de6dc0c77beb1866344a59e0828131f39005040,796f04e7970972175a660a521caff47c83e0295f,122eacff868aa8f656ad6360716c1816f453979f,347d61f17793d636653b614ec2104baa61ac7a4b,ff6e4f0130e8f5d7629695d163db4ba4a2acb3a0c59737e7f82ebe2f52e48e7a,61cf0d498442916f91c767e09875aa06547376fc9568ebd872ad507f1609a74b
5,left_hand,1,right_hand,different_subject_different_class,3.5214262051368177,3.5163043140700054,-0.0051218910668122675,-0.0014566120020720985,68,1,70981aa89ddbadceca42f354c3c51d05bf6dbf0c,f663379d77883542412d60804de6dc0c77beb1866344a59e0828131f39005040,796f04e7970972175a660a521caff47c83e0295f,122eacff868aa8f656ad6360716c1816f453979f,347d61f17793d636653b614ec2104baa61ac7a4b,ff6e4f0130e8f5d7629695d163db4ba4a2acb3a0c59737e7f82ebe2f52e48e7a,61cf0d498442916f91c767e09875aa06547376fc9568ebd872ad507f1609a74b
5,left_hand,1,feet,different_subject_different_class,5.11090203296784,5.102441804354848,-0.008460228612992005,-0.0016580744940140899,105,1,70981aa89ddbadceca42f354c3c51d05bf6dbf0c,f663379d77883542412d60804de6dc0c77beb1866344a59e0828131f39005040,796f04e7970972175a660a521caff47c83e0295f,122eacff868aa8f656ad6360716c1816f453979f,347d61f17793d636653b614ec2104baa61ac7a4b,ff6e4f0130e8f5d7629695d163db4ba4a2acb3a0c59737e7f82ebe2f52e48e7a,61cf0d498442916f91c767e09875aa06547376fc9568ebd872ad507f1609a74b
5,left_hand,1,tongue,different_subject_different_class,5.359829444473794,5.353806157778008,-0.006023286695786112,-0.0011250475863858992,92,1,70981aa89ddbadceca42f354c3c51d05bf6dbf0c,f663379d77883542412d60804de6dc0c77beb1866344a59e0828131f39005040,796f04e7970972175a660a521caff47c83e0295f,122eacff868aa8f656ad6360716c1816f453979f,347d61f17793d636653b614ec2104baa61ac7a4b,ff6e4f0130e8f5d7629695d163db4ba4a2acb3a0c59737e7f82ebe2f52e48e7a,61cf0d498442916f91c767e09875aa06547376fc9568ebd872ad507f1609a74b
5,left_hand,2,left_hand,different_subject_same_class,5.297069805660765,5.299423504852752,0.002353699191986358,0.0004441424977322618,61,1,70981aa89ddbadceca42f354c3c51d05bf6dbf0c,f663379d77883542412d60804de6dc0c77beb1866344a59e0828131f39005040,796f04e7970972175a660a521caff47c83e0295f,122eacff868aa8f656ad6360716c1816f453979f,347d61f17793d636653b614ec2104baa61ac7a4b,ff6e4f0130e8f5d7629695d163db4ba4a2acb3a0c59737e7f82ebe2f52e48e7a,61cf0d498442916f91c767e09875aa06547376fc9568ebd872ad507f1609a74b
5,left_hand,2,right_hand,different_subject_different_class,4.825228363286792,4.826951334171755,0.0017229708849635372,0.0003569480538919039,63,1,70981aa89ddbadceca42f354c3c51d05bf6dbf0c,f663379d77883542412d60804de6dc0c77beb1866344a59e0828131f39005040,796f04e7970972175a660a521caff47c83e0295f,122eacff868aa8f656ad6360716c1816f453979f,347d61f17793d636653b614ec2104baa61ac7a4b,ff6e4f0130e8f5d7629695d163db4ba4a2acb3a0c59737e7f82ebe2f52e48e7a,61cf0d498442916f91c767e09875aa06547376fc9568ebd872ad507f1609a74b
5,left_hand,2,feet,different_subject_different_class,5.075342899129877,5.071327313727091,-0.00401558540278657,-0.0007918213821295198,84,1,70981aa89ddbadceca42f354c3c51d05bf6dbf0c,f663379d77883542412d60804de6dc0c77beb1866344a59e0828131f39005040,796f04e7970972175a660a521caff47c83e0295f,122eacff868aa8f656ad6360716c1816f453979f,347d61f17793d636653b614ec2104baa61ac7a4b,ff6e4f0130e8f5d7629695d163db4ba4a2acb3a0c59737e7f82ebe2f52e48e7a,61cf0d498442916f91c767e09875aa06547376fc9568ebd872ad507f1609a74b
5,left_hand,2,tongue,different_subject_different_class,4.582398790981356,4.584609478037309,0.0022106870559523983,0.0004821974623013699,68,1,70981aa89ddbadceca42f354c3c51d05bf6dbf0c,f663379d77883542412d60804de6dc0c77beb1866344a59e0828131f39005040,796f04e7970972175a660a521caff47c83e0295f,122eacff868aa8f656ad6360716c1816f453979f,347d61f17793d636653b614ec2104baa61ac7a4b,ff6e4f0130e8f5d7629695d163db4ba4a2acb3a0c59737e7f82ebe2f52e48e7a,61cf0d498442916f91c767e09875aa06547376fc9568ebd872ad507f1609a74b
5,left_hand,3,left_hand,different_subject_same_class,5.204310583285528,5.217051016040603,0.012740432755075304,0.0024420755549261334,1,1,70981aa89ddbadceca42f354c3c51d05bf6dbf0c,f663379d77883542412d60804de6dc0c77beb1866344a59e0828131f39005040,796f04e7970972175a660a521caff47c83e0295f,122eacff868aa8f656ad6360716c1816f453979f,347d61f17793d636653b614ec2104baa61ac7a4b,ff6e4f0130e8f5d7629695d163db4ba4a2acb3a0c59737e7f82ebe2f52e48e7a,61cf0d498442916f91c767e09875aa06547376fc9568ebd872ad507f1609a74b
5,left_hand,3,right_hand,different_subject_different_class,5.384420787448897,5.393893766140202,0.009472978691305478,0.0017562412427866954,4,1,70981aa89ddbadceca42f354c3c51d05bf6dbf0c,f663379d77883542412d60804de6dc0c77beb1866344a59e0828131f39005040,796f04e7970972175a660a521caff47c83e0295f,122eacff868aa8f656ad6360716c1816f453979f,347d61f17793d636653b614ec2104baa61ac7a4b,ff6e4f0130e8f5d7629695d163db4ba4a2acb3a0c59737e7f82ebe2f52e48e7a,61cf0d498442916f91c767e09875aa06547376fc9568ebd872ad507f1609a74b
5,left_hand,3,feet,different_subject_different_class,6.157711507806935,6.162071613340158,0.004360105533223191,0.0007075713829394772,45,1,70981aa89ddbadceca42f354c3c51d05bf6dbf0c,f663379d77883542412d60804de6dc0c77beb1866344a59e0828131f39005040,796f04e7970972175a660a521caff47c83e0295f,122eacff868aa8f656ad6360716c1816f453979f,347d61f17793d636653b614ec2104baa61ac7a4b,ff6e4f0130e8f5d7629695d163db4ba4a2acb3a0c59737e7f82ebe2f52e48e7a,61cf0d498442916f91c767e09875aa06547376fc9568ebd872ad507f1609a74b
5,left_hand,3,tongue,different_subject_different_class,6.912964674745364,6.911788611852492,-0.0011760628928723094,-0.00017015319173036776,67,1,70981aa89ddbadceca42f354c3c51d05bf6dbf0c,f663379d77883542412d60804de6dc0c77beb1866344a59e0828131f39005040,796f04e7970972175a660a521caff47c83e0295f,122eacff868aa8f656ad6360716c1816f453979f,347d61f17793d636653b614ec2104baa61ac7a4b,ff6e4f0130e8f5d7629695d163db4ba4a2acb3a0c59737e7f82ebe2f52e48e7a,61cf0d498442916f91c767e09875aa06547376fc9568ebd872ad507f1609a74b
5,left_hand,4,left_hand,different_subject_same_class,3.261671490049787,3.272450034932688,0.010778544882900754,0.003293723286174623,5,1,70981aa89ddbadceca42f354c3c51d05bf6dbf0c,f663379d77883542412d60804de6dc0c77beb1866344a59e0828131f39005040,796f04e7970972175a660a521caff47c83e0295f,122eacff868aa8f656ad6360716c1816f453979f,347d61f17793d636653b614ec2104baa61ac7a4b,ff6e4f0130e8f5d7629695d163db4ba4a2acb3a0c59737e7f82ebe2f52e48e7a,61cf0d498442916f91c767e09875aa06547376fc9568ebd872ad507f1609a74b
5,left_hand,4,right_hand,different_subject_different_class,3.4518152275566663,3.4637913675388092,0.011976139982142975,0.0034575234797275334,34,1,70981aa89ddbadceca42f354c3c51d05bf6dbf0c,f663379d77883542412d60804de6dc0c77beb1866344a59e0828131f39005040,796f04e7970972175a660a521caff47c83e0295f,122eacff868aa8f656ad6360716c1816f453979f,347d61f17793d636653b614ec2104baa61ac7a4b,ff6e4f0130e8f5d7629695d163db4ba4a2acb3a0c59737e7f82ebe2f52e48e7a,61cf0d498442916f91c767e09875aa06547376fc9568ebd872ad507f1609a74b
5,left_hand,4,feet,different_subject_different_class,4.49007810899826,4.490307136717699,0.00022902771943922318,5.1004911794661036e-05,69,1,70981aa89ddbadceca42f354c3c51d05bf6dbf0c,f663379d77883542412d60804de6dc0c77beb1866344a59e0828131f39005040,796f04e7970972175a660a521caff47c83e0295f,122eacff868aa8f656ad6360716c1816f453979f,347d61f17793d636653b614ec2104baa61ac7a4b,ff6e4f0130e8f5d7629695d163db4ba4a2acb3a0c59737e7f82ebe2f52e48e7a,61cf0d498442916f91c767e09875aa06547376fc9568ebd872ad507f1609a74b
5,left_hand,4,tongue,different_subject_different_class,4.3982331308237015,4.394667593828034,-0.0035655369956675287,-0.0008113325796642836,70,1,70981aa89ddbadceca42f354c3c51d05bf6dbf0c,f663379d77883542412d60804de6dc0c77beb1866344a59e0828131f39005040,796f04e7970972175a660a521caff47c83e0295f,122eacff868aa8f656ad6360716c1816f453979f,347d61f17793d636653b614ec2104baa61ac7a4b,ff6e4f0130e8f5d7629695d163db4ba4a2acb3a0c59737e7f82ebe2f52e48e7a,61cf0d498442916f91c767e09875aa06547376fc9568ebd872ad507f1609a74b
5,left_hand,5,left_hand,same_subject_same_class,1.5877676512515726,1.626065661237286,0.03829800998571331,0.023552560575304235,1,1,70981aa89ddbadceca42f354c3c51d05bf6dbf0c,f663379d77883542412d60804de6dc0c77beb1866344a59e0828131f39005040,796f04e7970972175a660a521caff47c83e0295f,122eacff868aa8f656ad6360716c1816f453979f,347d61f17793d636653b614ec2104baa61ac7a4b,ff6e4f0130e8f5d7629695d163db4ba4a2acb3a0c59737e7f82ebe2f52e48e7a,61cf0d498442916f91c767e09875aa06547376fc9568ebd872ad507f1609a74b
5,left_hand,5,right_hand,same_subject_different_class,1.558028303705245,1.5716644893696525,0.013636185664407607,0.008676270130577724,10,1,70981aa89ddbadceca42f354c3c51d05bf6dbf0c,f663379d77883542412d60804de6dc0c77beb1866344a59e0828131f39005040,796f04e7970972175a660a521caff47c83e0295f,122eacff868aa8f656ad6360716c1816f453979f,347d61f17793d636653b614ec2104baa61ac7a4b,ff6e4f0130e8f5d7629695d163db4ba4a2acb3a0c59737e7f82ebe2f52e48e7a,61cf0d498442916f91c767e09875aa06547376fc9568ebd872ad507f1609a74b
5,left_hand,5,feet,same_subject_different_class,1.618553404164097,1.6286630620311322,0.010109657867035216,0.006207335392274014,23,1,70981aa89ddbadceca42f354c3c51d05bf6dbf0c,f663379d77883542412d60804de6dc0c77beb1866344a59e0828131f39005040,796f04e7970972175a660a521caff47c83e0295f,122eacff868aa8f656ad6360716c1816f453979f,347d61f17793d636653b614ec2104baa61ac7a4b,ff6e4f0130e8f5d7629695d163db4ba4a2acb3a0c59737e7f82ebe2f52e48e7a,61cf0d498442916f91c767e09875aa06547376fc9568ebd872ad507f1609a74b
5,left_hand,5,tongue,same_subject_different_class,1.6461739304026426,1.637591322027907,-0.008582608374735567,-0.00524099527109567,78,1,70981aa89ddbadceca42f354c3c51d05bf6dbf0c,f663379d77883542412d60804de6dc0c77beb1866344a59e0828131f39005040,796f04e7970972175a660a521caff47c83e0295f,122eacff868aa8f656ad6360716c1816f453979f,347d61f17793d636653b614ec2104baa61ac7a4b,ff6e4f0130e8f5d7629695d163db4ba4a2acb3a0c59737e7f82ebe2f52e48e7a,61cf0d498442916f91c767e09875aa06547376fc9568ebd872ad507f1609a74b
5,left_hand,6,left_hand,different_subject_same_class,6.7227975844596495,6.7268748735353485,0.004077289075699042,0.0006061193574061827,6,1,70981aa89ddbadceca42f354c3c51d05bf6dbf0c,f663379d77883542412d60804de6dc0c77beb1866344a59e0828131f39005040,796f04e7970972175a660a521caff47c83e0295f,122eacff868aa8f656ad6360716c1816f453979f,347d61f17793d636653b614ec2104baa61ac7a4b,ff6e4f0130e8f5d7629695d163db4ba4a2acb3a0c59737e7f82ebe2f52e48e7a,61cf0d498442916f91c767e09875aa06547376fc9568ebd872ad507f1609a74b
5,left_hand,6,right_hand,different_subject_different_class,6.886233137953469,6.885911445582119,-0.00032169237135004636,-4.6717471447652524e-05,62,1,70981aa89ddbadceca42f354c3c51d05bf6dbf0c,f663379d77883542412d60804de6dc0c77beb1866344a59e0828131f39005040,796f04e7970972175a660a521caff47c83e0295f,122eacff868aa8f656ad6360716c1816f453979f,347d61f17793d636653b614ec2104baa61ac7a4b,ff6e4f0130e8f5d7629695d163db4ba4a2acb3a0c59737e7f82ebe2f52e48e7a,61cf0d498442916f91c767e09875aa06547376fc9568ebd872ad507f1609a74b
5,left_hand,6,feet,different_subject_different_class,7.583884650391333,7.592328202494611,0.008443552103277518,0.0011121163203275672,27,1,70981aa89ddbadceca42f354c3c51d05bf6dbf0c,f663379d77883542412d60804de6dc0c77beb1866344a59e0828131f39005040,796f04e7970972175a660a521caff47c83e0295f,122eacff868aa8f656ad6360716c1816f453979f,347d61f17793d636653b614ec2104baa61ac7a4b,ff6e4f0130e8f5d7629695d163db4ba4a2acb3a0c59737e7f82ebe2f52e48e7a,61cf0d498442916f91c767e09875aa06547376fc9568ebd872ad507f1609a74b
5,left_hand,6,tongue,different_subject_different_class,7.107728230365563,7.113978553688761,0.0062503233231980815,0.0008785974368670462,1,1,70981aa89ddbadceca42f354c3c51d05bf6dbf0c,f663379d77883542412d60804de6dc0c77beb1866344a59e0828131f39005040,796f04e7970972175a660a521caff47c83e0295f,122eacff868aa8f656ad6360716c1816f453979f,347d61f17793d636653b614ec2104baa61ac7a4b,ff6e4f0130e8f5d7629695d163db4ba4a2acb3a0c59737e7f82ebe2f52e48e7a,61cf0d498442916f91c767e09875aa06547376fc9568ebd872ad507f1609a74b
5,left_hand,7,left_hand,different_subject_same_class,4.284508762089565,4.292732138371003,0.008223376281437211,0.0019156509226214617,9,1,70981aa89ddbadceca42f354c3c51d05bf6dbf0c,f663379d77883542412d60804de6dc0c77beb1866344a59e0828131f39005040,796f04e7970972175a660a521caff47c83e0295f,122eacff868aa8f656ad6360716c1816f453979f,347d61f17793d636653b614ec2104baa61ac7a4b,ff6e4f0130e8f5d7629695d163db4ba4a2acb3a0c59737e7f82ebe2f52e48e7a,61cf0d498442916f91c767e09875aa06547376fc9568ebd872ad507f1609a74b
5,left_hand,7,right_hand,different_subject_different_class,4.358881605409643,4.3695948787117995,0.010713273302156878,0.0024517772469825074,1,1,70981aa89ddbadceca42f354c3c51d05bf6dbf0c,f663379d77883542412d60804de6dc0c77beb1866344a59e0828131f39005040,796f04e7970972175a660a521caff47c83e0295f,122eacff868aa8f656ad6360716c1816f453979f,347d61f17793d636653b614ec2104baa61ac7a4b,ff6e4f0130e8f5d7629695d163db4ba4a2acb3a0c59737e7f82ebe2f52e48e7a,61cf0d498442916f91c767e09875aa06547376fc9568ebd872ad507f1609a74b
5,left_hand,7,feet,different_subject_different_class,4.673851498558959,4.683906622211078,0.010055123652118247,0.0021467387083330966,4,1,70981aa89ddbadceca42f354c3c51d05bf6dbf0c,f663379d77883542412d60804de6dc0c77beb1866344a59e0828131f39005040,796f04e7970972175a660a521caff47c83e0295f,122eacff868aa8f656ad6360716c1816f453979f,347d61f17793d636653b614ec2104baa61ac7a4b,ff6e4f0130e8f5d7629695d163db4ba4a2acb3a0c59737e7f82ebe2f52e48e7a,61cf0d498442916f91c767e09875aa06547376fc9568ebd872ad507f1609a74b
5,left_hand,7,tongue,different_subject_different_class,5.418338703248624,5.427516883817457,0.009178180568833127,0.0016910459728275652,23,1,70981aa89ddbadceca42f354c3c51d05bf6dbf0c,f663379d77883542412d60804de6dc0c77beb1866344a59e0828131f39005040,796f04e7970972175a660a521caff47c83e0295f,122eacff868aa8f656ad6360716c1816f453979f,347d61f17793d636653b614ec2104baa61ac7a4b,ff6e4f0130e8f5d7629695d163db4ba4a2acb3a0c59737e7f82ebe2f52e48e7a,61cf0d498442916f91c767e09875aa06547376fc9568ebd872ad507f1609a74b
5,left_hand,8,left_hand,different_subject_same_class,7.1092784150778545,7.114697777959291,0.00541936288143674,0.0007617137158271783,7,1,70981aa89ddbadceca42f354c3c51d05bf6dbf0c,f663379d77883542412d60804de6dc0c77beb1866344a59e0828131f39005040,796f04e7970972175a660a521caff47c83e0295f,122eacff868aa8f656ad6360716c1816f453979f,347d61f17793d636653b614ec2104baa61ac7a4b,ff6e4f0130e8f5d7629695d163db4ba4a2acb3a0c59737e7f82ebe2f52e48e7a,61cf0d498442916f91c767e09875aa06547376fc9568ebd872ad507f1609a74b
5,left_hand,8,right_hand,different_subject_different_class,7.533493380639321,7.542072393047605,0.008579012408284292,0.0011374874121060617,3,1,70981aa89ddbadceca42f354c3c51d05bf6dbf0c,f663379d77883542412d60804de6dc0c77beb1866344a59e0828131f39005040,796f04e7970972175a660a521caff47c83e0295f,122eacff868aa8f656ad6360716c1816f453979f,347d61f17793d636653b614ec2104baa61ac7a4b,ff6e4f0130e8f5d7629695d163db4ba4a2acb3a0c59737e7f82ebe2f52e48e7a,61cf0d498442916f91c767e09875aa06547376fc9568ebd872ad507f1609a74b
5,left_hand,8,feet,different_subject_different_class,7.487675455423947,7.490783952439101,0.0031084970151544766,0.00041497619406608406,21,1,70981aa89ddbadceca42f354c3c51d05bf6dbf0c,f663379d77883542412d60804de6dc0c77beb1866344a59e0828131f39005040,796f04e7970972175a660a521caff47c83e0295f,122eacff868aa8f656ad6360716c1816f453979f,347d61f17793d636653b614ec2104baa61ac7a4b,ff6e4f0130e8f5d7629695d163db4ba4a2acb3a0c59737e7f82ebe2f52e48e7a,61cf0d498442916f91c767e09875aa06547376fc9568ebd872ad507f1609a74b
5,left_hand,8,tongue,different_subject_different_class,8.54567412180728,8.542383462838675,-0.0032906589686056975,-0.00038521555288647695,94,1,70981aa89ddbadceca42f354c3c51d05bf6dbf0c,f663379d77883542412d60804de6dc0c77beb1866344a59e0828131f39005040,796f04e7970972175a660a521caff47c83e0295f,122eacff868aa8f656ad6360716c1816f453979f,347d61f17793d636653b614ec2104baa61ac7a4b,ff6e4f0130e8f5d7629695d163db4ba4a2acb3a0c59737e7f82ebe2f52e48e7a,61cf0d498442916f91c767e09875aa06547376fc9568ebd872ad507f1609a74b
5,left_hand,9,left_hand,different_subject_same_class,7.666456829813179,7.677325959633266,0.010869129820086698,0.0014157442157901941,32,1,70981aa89ddbadceca42f354c3c51d05bf6dbf0c,f663379d77883542412d60804de6dc0c77beb1866344a59e0828131f39005040,796f04e7970972175a660a521caff47c83e0295f,122eacff868aa8f656ad6360716c1816f453979f,347d61f17793d636653b614ec2104baa61ac7a4b,ff6e4f0130e8f5d7629695d163db4ba4a2acb3a0c59737e7f82ebe2f52e48e7a,61cf0d498442916f91c767e09875aa06547376fc9568ebd872ad507f1609a74b
5,left_hand,9,right_hand,different_subject_different_class,9.712465756802487,9.70749382333494,-0.004971933467547984,-0.0005121747752850913,114,1,70981aa89ddbadceca42f354c3c51d05bf6dbf0c,f663379d77883542412d60804de6dc0c77beb1866344a59e0828131f39005040,796f04e7970972175a660a521caff47c83e0295f,122eacff868aa8f656ad6360716c1816f453979f,347d61f17793d636653b614ec2104baa61ac7a4b,ff6e4f0130e8f5d7629695d163db4ba4a2acb3a0c59737e7f82ebe2f52e48e7a,61cf0d498442916f91c767e09875aa06547376fc9568ebd872ad507f1609a74b
5,left_hand,9,feet,different_subject_different_class,9.918498349379016,9.917421946285899,-0.0010764030931174062,-0.00010853658329224584,80,1,70981aa89ddbadceca42f354c3c51d05bf6dbf0c,f663379d77883542412d60804de6dc0c77beb1866344a59e0828131f39005040,796f04e7970972175a660a521caff47c83e0295f,122eacff868aa8f656ad6360716c1816f453979f,347d61f17793d636653b614ec2104baa61ac7a4b,ff6e4f0130e8f5d7629695d163db4ba4a2acb3a0c59737e7f82ebe2f52e48e7a,61cf0d498442916f91c767e09875aa06547376fc9568ebd872ad507f1609a74b
5,left_hand,9,tongue,different_subject_different_class,11.449921981436315,11.442298840557942,-0.007623140878372681,-0.0006662245921555537,117,1,70981aa89ddbadceca42f354c3c51d05bf6dbf0c,f663379d77883542412d60804de6dc0c77beb1866344a59e0828131f39005040,796f04e7970972175a660a521caff47c83e0295f,122eacff868aa8f656ad6360716c1816f453979f,347d61f17793d636653b614ec2104baa61ac7a4b,ff6e4f0130e8f5d7629695d163db4ba4a2acb3a0c59737e7f82ebe2f52e48e7a,61cf0d498442916f91c767e09875aa06547376fc9568ebd872ad507f1609a74b
5,right_hand,1,left_hand,different_subject_different_class,3.466373149493432,3.45355368323917,-0.01281946625426178,-0.0037119638002088614,93,1,70981aa89ddbadceca42f354c3c51d05bf6dbf0c,f663379d77883542412d60804de6dc0c77beb1866344a59e0828131f39005040,796f04e7970972175a660a521caff47c83e0295f,122eacff868aa8f656ad6360716c1816f453979f,347d61f17793d636653b614ec2104baa61ac7a4b,ff6e4f0130e8f5d7629695d163db4ba4a2acb3a0c59737e7f82ebe2f52e48e7a,61cf0d498442916f91c767e09875aa06547376fc9568ebd872ad507f1609a74b
5,right_hand,1,right_hand,different_subject_same_class,3.3464281024490785,3.338390463942591,-0.008037638506487532,-0.0024076388287412004,73,1,70981aa89ddbadceca42f354c3c51d05bf6dbf0c,f663379d77883542412d60804de6dc0c77beb1866344a59e0828131f39005040,796f04e7970972175a660a521caff47c83e0295f,122eacff868aa8f656ad6360716c1816f453979f,347d61f17793d636653b614ec2104baa61ac7a4b,ff6e4f0130e8f5d7629695d163db4ba4a2acb3a0c59737e7f82ebe2f52e48e7a,61cf0d498442916f91c767e09875aa06547376fc9568ebd872ad507f1609a74b
5,right_hand,1,feet,different_subject_different_class,4.9176896253025,4.9191861332926266,0.0014965079901267941,0.00030421861453840045,64,1,70981aa89ddbadceca42f354c3c51d05bf6dbf0c,f663379d77883542412d60804de6dc0c77beb1866344a59e0828131f39005040,796f04e7970972175a660a521caff47c83e0295f,122eacff868aa8f656ad6360716c1816f453979f,347d61f17793d636653b614ec2104baa61ac7a4b,ff6e4f0130e8f5d7629695d163db4ba4a2acb3a0c59737e7f82ebe2f52e48e7a,61cf0d498442916f91c767e09875aa06547376fc9568ebd872ad507f1609a74b
5,right_hand,1,tongue,different_subject_different_class,5.1682946577698585,5.166231334162266,-0.0020633236075928707,-0.00039938660778678634,70,1,70981aa89ddbadceca42f354c3c51d05bf6dbf0c,f663379d77883542412d60804de6dc0c77beb1866344a59e0828131f39005040,796f04e7970972175a660a521caff47c83e0295f,122eacff868aa8f656ad6360716c1816f453979f,347d61f17793d636653b614ec2104baa61ac7a4b,ff6e4f0130e8f5d7629695d163db4ba4a2acb3a0c59737e7f82ebe2f52e48e7a,61cf0d498442916f91c767e09875aa06547376fc9568ebd872ad507f1609a74b
5,right_hand,2,left_hand,different_subject_different_class,5.125926847792004,5.1349279413948,0.00900109360279533,0.0017529152707740556,6,1,70981aa89ddbadceca42f354c3c51d05bf6dbf0c,f663379d77883542412d60804de6dc0c77beb1866344a59e0828131f39005040,796f04e7970972175a660a521caff47c83e0295f,122eacff868aa8f656ad6360716c1816f453979f,347d61f17793d636653b614ec2104baa61ac7a4b,ff6e4f0130e8f5d7629695d163db4ba4a2acb3a0c59737e7f82ebe2f52e48e7a,61cf0d498442916f91c767e09875aa06547376fc9568ebd872ad507f1609a74b
5,right_hand,2,right_hand,different_subject_same_class,4.650878348331886,4.66250295485431,0.011624606522424585,0.0024932116150879354,19,1,70981aa89ddbadceca42f354c3c51d05bf6dbf0c,f663379d77883542412d60804de6dc0c77beb1866344a59e0828131f39005040,796f04e7970972175a660a521caff47c83e0295f,122eacff868aa8f656ad6360716c1816f453979f,347d61f17793d636653b614ec2104baa61ac7a4b,ff6e4f0130e8f5d7629695d163db4ba4a2acb3a0c59737e7f82ebe2f52e48e7a,61cf0d498442916f91c767e09875aa06547376fc9568ebd872ad507f1609a74b
5,right_hand,2,feet,different_subject_different_class,4.899579069888198,4.902197266533496,0.0026181966452982763,0.0005340863500480242,60,1,70981aa89ddbadceca42f354c3c51d05bf6dbf0c,f663379d77883542412d60804de6dc0c77beb1866344a59e0828131f39005040,796f04e7970972175a660a521caff47c83e0295f,122eacff868aa8f656ad6360716c1816f453979f,347d61f17793d636653b614ec2104baa61ac7a4b,ff6e4f0130e8f5d7629695d163db4ba4a2acb3a0c59737e7f82ebe2f52e48e7a,61cf0d498442916f91c767e09875aa06547376fc9568ebd872ad507f1609a74b
5,right_hand,2,tongue,different_subject_different_class,4.409057901392711,4.417315367332172,0.00825746593946075,0.001869340369159069,32,1,70981aa89ddbadceca42f354c3c51d05bf6dbf0c,f663379d77883542412d60804de6dc0c77beb1866344a59e0828131f39005040,796f04e7970972175a660a521caff47c83e0295f,122eacff868aa8f656ad6360716c1816f453979f,347d61f17793d636653b614ec2104baa61ac7a4b,ff6e4f0130e8f5d7629695d163db4ba4a2acb3a0c59737e7f82ebe2f52e48e7a,61cf0d498442916f91c767e09875aa06547376fc9568ebd872ad507f1609a74b
5,right_hand,3,left_hand,different_subject_different_class,5.039669028319949,5.053230048709493,0.013561020389544431,0.0026836340833142317,2,1,70981aa89ddbadceca42f354c3c51d05bf6dbf0c,f663379d77883542412d60804de6dc0c77beb1866344a59e0828131f39005040,796f04e7970972175a660a521caff47c83e0295f,122eacff868aa8f656ad6360716c1816f453979f,347d61f17793d636653b614ec2104baa61ac7a4b,ff6e4f0130e8f5d7629695d163db4ba4a2acb3a0c59737e7f82ebe2f52e48e7a,61cf0d498442916f91c767e09875aa06547376fc9568ebd872ad507f1609a74b
5,right_hand,3,right_hand,different_subject_same_class,5.210953244024181,5.221847638042085,0.010894394017904041,0.002086310205325879,6,1,70981aa89ddbadceca42f354c3c51d05bf6dbf0c,f663379d77883542412d60804de6dc0c77beb1866344a59e0828131f39005040,796f04e7970972175a660a521caff47c83e0295f,122eacff868aa8f656ad6360716c1816f453979f,347d61f17793d636653b614ec2104baa61ac7a4b,ff6e4f0130e8f5d7629695d163db4ba4a2acb3a0c59737e7f82ebe2f52e48e7a,61cf0d498442916f91c767e09875aa06547376fc9568ebd872ad507f1609a74b
5,right_hand,3,feet,different_subject_different_class,5.981340686750318,5.992270132685438,0.010929445935119908,0.0018239241044064668,5,1,70981aa89ddbadceca42f354c3c51d05bf6dbf0c,f663379d77883542412d60804de6dc0c77beb1866344a59e0828131f39005040,796f04e7970972175a660a521caff47c83e0295f,122eacff868aa8f656ad6360716c1816f453979f,347d61f17793d636653b614ec2104baa61ac7a4b,ff6e4f0130e8f5d7629695d163db4ba4a2acb3a0c59737e7f82ebe2f52e48e7a,61cf0d498442916f91c767e09875aa06547376fc9568ebd872ad507f1609a74b
5,right_hand,3,tongue,different_subject_different_class,6.7338095369328865,6.739797233856401,0.0059876969235146404,0.0008884090597616656,20,1,70981aa89ddbadceca42f354c3c51d05bf6dbf0c,f663379d77883542412d60804de6dc0c77beb1866344a59e0828131f39005040,796f04e7970972175a660a521caff47c83e0295f,122eacff868aa8f656ad6360716c1816f453979f,347d61f17793d636653b614ec2104baa61ac7a4b,ff6e4f0130e8f5d7629695d163db4ba4a2acb3a0c59737e7f82ebe2f52e48e7a,61cf0d498442916f91c767e09875aa06547376fc9568ebd872ad507f1609a74b
5,right_hand,4,left_hand,different_subject_different_class,3.0954983385602395,3.104625417702094,0.009127079141854733,0.0029398326412627875,6,1,70981aa89ddbadceca42f354c3c51d05bf6dbf0c,f663379d77883542412d60804de6dc0c77beb1866344a59e0828131f39005040,796f04e7970972175a660a521caff47c83e0295f,122eacff868aa8f656ad6360716c1816f453979f,347d61f17793d636653b614ec2104baa61ac7a4b,ff6e4f0130e8f5d7629695d163db4ba4a2acb3a0c59737e7f82ebe2f52e48e7a,61cf0d498442916f91c767e09875aa06547376fc9568ebd872ad507f1609a74b
5,right_hand,4,right_hand,different_subject_same_class,3.2707047102920037,3.2942474677978106,0.02354275750580692,0.007146626880932278,5,1,70981aa89ddbadceca42f354c3c51d05bf6dbf0c,f663379d77883542412d60804de6dc0c77beb1866344a59e0828131f39005040,796f04e7970972175a660a521caff47c83e0295f,122eacff868aa8f656ad6360716c1816f453979f,347d61f17793d636653b614ec2104baa61ac7a4b,ff6e4f0130e8f5d7629695d163db4ba4a2acb3a0c59737e7f82ebe2f52e48e7a,61cf0d498442916f91c767e09875aa06547376fc9568ebd872ad507f1609a74b
5,right_hand,4,feet,different_subject_different_class,4.301754714030566,4.310758078187471,0.009003364156904503,0.0020885802435682303,27,1,70981aa89ddbadceca42f354c3c51d05bf6dbf0c,f663379d77883542412d60804de6dc0c77beb1866344a59e0828131f39005040,796f04e7970972175a660a521caff47c83e0295f,122eacff868aa8f656ad6360716c1816f453979f,347d61f17793d636653b614ec2104baa61ac7a4b,ff6e4f0130e8f5d7629695d163db4ba4a2acb3a0c59737e7f82ebe2f52e48e7a,61cf0d498442916f91c767e09875aa06547376fc9568ebd872ad507f1609a74b
5,right_hand,4,tongue,different_subject_different_class,4.211025346237107,4.216015824071905,0.00499047783479778,0.0011836952333774415,41,1,70981aa89ddbadceca42f354c3c51d05bf6dbf0c,f663379d77883542412d60804de6dc0c77beb1866344a59e0828131f39005040,796f04e7970972175a660a521caff47c83e0295f,122eacff868aa8f656ad6360716c1816f453979f,347d61f17793d636653b614ec2104baa61ac7a4b,ff6e4f0130e8f5d7629695d163db4ba4a2acb3a0c59737e7f82ebe2f52e48e7a,61cf0d498442916f91c767e09875aa06547376fc9568ebd872ad507f1609a74b
5,right_hand,5,left_hand,same_subject_different_class,1.5211508038120543,1.566840992558116,0.04569018874606168,0.0291607054979237,1,1,70981aa89ddbadceca42f354c3c51d05bf6dbf0c,f663379d77883542412d60804de6dc0c77beb1866344a59e0828131f39005040,796f04e7970972175a660a521caff47c83e0295f,122eacff868aa8f656ad6360716c1816f453979f,347d61f17793d636653b614ec2104baa61ac7a4b,ff6e4f0130e8f5d7629695d163db4ba4a2acb3a0c59737e7f82ebe2f52e48e7a,61cf0d498442916f91c767e09875aa06547376fc9568ebd872ad507f1609a74b
5,right_hand,5,right_hand,same_subject_same_class,1.4734569326347837,1.507502191117935,0.03404525848315121,0.022583886566628398,4,1,70981aa89ddbadceca42f354c3c51d05bf6dbf0c,f663379d77883542412d60804de6dc0c77beb1866344a59e0828131f39005040,796f04e7970972175a660a521caff47c83e0295f,122eacff868aa8f656ad6360716c1816f453979f,347d61f17793d636653b614ec2104baa61ac7a4b,ff6e4f0130e8f5d7629695d163db4ba4a2acb3a0c59737e7f82ebe2f52e48e7a,61cf0d498442916f91c767e09875aa06547376fc9568ebd872ad507f1609a74b
5,right_hand,5,feet,same_subject_different_class,1.534131307220375,1.5530949687278675,0.018963661507492402,0.012210239482666951,11,1,70981aa89ddbadceca42f354c3c51d05bf6dbf0c,f663379d77883542412d60804de6dc0c77beb1866344a59e0828131f39005040,796f04e7970972175a660a521caff47c83e0295f,122eacff868aa8f656ad6360716c1816f453979f,347d61f17793d636653b614ec2104baa61ac7a4b,ff6e4f0130e8f5d7629695d163db4ba4a2acb3a0c59737e7f82ebe2f52e48e7a,61cf0d498442916f91c767e09875aa06547376fc9568ebd872ad507f1609a74b
5,right_hand,5,tongue,same_subject_different_class,1.5669137172350511,1.5773153500487838,0.01040163281373263,0.006594516951484004,45,1,70981aa89ddbadceca42f354c3c51d05bf6dbf0c,f663379d77883542412d60804de6dc0c77beb1866344a59e0828131f39005040,796f04e7970972175a660a521caff47c83e0295f,122eacff868aa8f656ad6360716c1816f453979f,347d61f17793d636653b614ec2104baa61ac7a4b,ff6e4f0130e8f5d7629695d163db4ba4a2acb3a0c59737e7f82ebe2f52e48e7a,61cf0d498442916f91c767e09875aa06547376fc9568ebd872ad507f1609a74b
5,right_hand,6,left_hand,different_subject_different_class,6.5465555324662,6.550118233862049,0.0035627013958494658,0.0005439140590518536,13,1,70981aa89ddbadceca42f354c3c51d05bf6dbf0c,f663379d77883542412d60804de6dc0c77beb1866344a59e0828131f39005040,796f04e7970972175a660a521caff47c83e0295f,122eacff868aa8f656ad6360716c1816f453979f,347d61f17793d636653b614ec2104baa61ac7a4b,ff6e4f0130e8f5d7629695d163db4ba4a2acb3a0c59737e7f82ebe2f52e48e7a,61cf0d498442916f91c767e09875aa06547376fc9568ebd872ad507f1609a74b
5,right_hand,6,right_hand,different_subject_same_class,6.708265948975894,6.708921349927211,0.0006554009513166648,9.769095762670933e-05,55,1,70981aa89ddbadceca42f354c3c51d05bf6dbf0c,f663379d77883542412d60804de6dc0c77beb1866344a59e0828131f39005040,796f04e7970972175a660a521caff47c83e0295f,122eacff868aa8f656ad6360716c1816f453979f,347d61f17793d636653b614ec2104baa61ac7a4b,ff6e4f0130e8f5d7629695d163db4ba4a2acb3a0c59737e7f82ebe2f52e48e7a,61cf0d498442916f91c767e09875aa06547376fc9568ebd872ad507f1609a74b
5,right_hand,6,feet,different_subject_different_class,7.401989110720633,7.415507519577551,0.013518408856917574,0.0018229917266253,3,1,70981aa89ddbadceca42f354c3c51d05bf6dbf0c,f663379d77883542412d60804de6dc0c77beb1866344a59e0828131f39005040,796f04e7970972175a660a521caff47c83e0295f,122eacff868aa8f656ad6360716c1816f453979f,347d61f17793d636653b614ec2104baa61ac7a4b,ff6e4f0130e8f5d7629695d163db4ba4a2acb3a0c59737e7f82ebe2f52e48e7a,61cf0d498442916f91c767e09875aa06547376fc9568ebd872ad507f1609a74b
5,right_hand,6,tongue,different_subject_different_class,6.930836695101016,6.938515866416919,0.007679171315903233,0.0011067455149985541,5,1,70981aa89ddbadceca42f354c3c51d05bf6dbf0c,f663379d77883542412d60804de6dc0c77beb1866344a59e0828131f39005040,796f04e7970972175a660a521caff47c83e0295f,122eacff868aa8f656ad6360716c1816f453979f,347d61f17793d636653b614ec2104baa61ac7a4b,ff6e4f0130e8f5d7629695d163db4ba4a2acb3a0c59737e7f82ebe2f52e48e7a,61cf0d498442916f91c767e09875aa06547376fc9568ebd872ad507f1609a74b
5,right_hand,7,left_hand,different_subject_different_class,4.112467880617702,4.122490651469195,0.010022770851493057,0.0024312416203833205,7,1,70981aa89ddbadceca42f354c3c51d05bf6dbf0c,f663379d77883542412d60804de6dc0c77beb1866344a59e0828131f39005040,796f04e7970972175a660a521caff47c83e0295f,122eacff868aa8f656ad6360716c1816f453979f,347d61f17793d636653b614ec2104baa61ac7a4b,ff6e4f0130e8f5d7629695d163db4ba4a2acb3a0c59737e7f82ebe2f52e48e7a,61cf0d498442916f91c767e09875aa06547376fc9568ebd872ad507f1609a74b
5,right_hand,7,right_hand,different_subject_same_class,4.187366929748051,4.1991974165035435,0.011830486755492586,0.002817320926374361,7,1,70981aa89ddbadceca42f354c3c51d05bf6dbf0c,f663379d77883542412d60804de6dc0c77beb1866344a59e0828131f39005040,796f04e7970972175a660a521caff47c83e0295f,122eacff868aa8f656ad6360716c1816f453979f,347d61f17793d636653b614ec2104baa61ac7a4b,ff6e4f0130e8f5d7629695d163db4ba4a2acb3a0c59737e7f82ebe2f52e48e7a,61cf0d498442916f91c767e09875aa06547376fc9568ebd872ad507f1609a74b
5,right_hand,7,feet,different_subject_different_class,4.501980364829844,4.515627559961085,0.013647195131240686,0.003022214509506248,4,1,70981aa89ddbadceca42f354c3c51d05bf6dbf0c,f663379d77883542412d60804de6dc0c77beb1866344a59e0828131f39005040,796f04e7970972175a660a521caff47c83e0295f,122eacff868aa8f656ad6360716c1816f453979f,347d61f17793d636653b614ec2104baa61ac7a4b,ff6e4f0130e8f5d7629695d163db4ba4a2acb3a0c59737e7f82ebe2f52e48e7a,61cf0d498442916f91c767e09875aa06547376fc9568ebd872ad507f1609a74b
5,right_hand,7,tongue,different_subject_different_class,5.241190397997435,5.256903686363574,0.01571328836613972,0.002989076708196128,4,1,70981aa89ddbadceca42f354c3c51d05bf6dbf0c,f663379d77883542412d60804de6dc0c77beb1866344a59e0828131f39005040,796f04e7970972175a660a521caff47c83e0295f,122eacff868aa8f656ad6360716c1816f453979f,347d61f17793d636653b614ec2104baa61ac7a4b,ff6e4f0130e8f5d7629695d163db4ba4a2acb3a0c59737e7f82ebe2f52e48e7a,61cf0d498442916f91c767e09875aa06547376fc9568ebd872ad507f1609a74b
5,right_hand,8,left_hand,different_subject_different_class,6.933188678791817,6.935442551453342,0.0022538726615248805,0.00032497892453201493,30,1,70981aa89ddbadceca42f354c3c51d05bf6dbf0c,f663379d77883542412d60804de6dc0c77beb1866344a59e0828131f39005040,796f04e7970972175a660a521caff47c83e0295f,122eacff868aa8f656ad6360716c1816f453979f,347d61f17793d636653b614ec2104baa61ac7a4b,ff6e4f0130e8f5d7629695d163db4ba4a2acb3a0c59737e7f82ebe2f52e48e7a,61cf0d498442916f91c767e09875aa06547376fc9568ebd872ad507f1609a74b
5,right_hand,8,right_hand,different_subject_same_class,7.350664202652044,7.362467732259496,0.011803529607452568,0.0016032028983616526,4,1,70981aa89ddbadceca42f354c3c51d05bf6dbf0c,f663379d77883542412d60804de6dc0c77beb1866344a59e0828131f39005040,796f04e7970972175a660a521caff47c83e0295f,122eacff868aa8f656ad6360716c1816f453979f,347d61f17793d636653b614ec2104baa61ac7a4b,ff6e4f0130e8f5d7629695d163db4ba4a2acb3a0c59737e7f82ebe2f52e48e7a,61cf0d498442916f91c767e09875aa06547376fc9568ebd872ad507f1609a74b
5,right_hand,8,feet,different_subject_different_class,7.3038029364053,7.309467574831117,0.005664638425816548,0.0007749727826034482,14,1,70981aa89ddbadceca42f354c3c51d05bf6dbf0c,f663379d77883542412d60804de6dc0c77beb1866344a59e0828131f39005040,796f04e7970972175a660a521caff47c83e0295f,122eacff868aa8f656ad6360716c1816f453979f,347d61f17793d636653b614ec2104baa61ac7a4b,ff6e4f0130e8f5d7629695d163db4ba4a2acb3a0c59737e7f82ebe2f52e48e7a,61cf0d498442916f91c767e09875aa06547376fc9568ebd872ad507f1609a74b
5,right_hand,8,tongue,different_subject_different_class,8.358662420887518,8.361113984116567,0.0024515632290498246,0.00029321011933421885,42,1,70981aa89ddbadceca42f354c3c51d05bf6dbf0c,f663379d77883542412d60804de6dc0c77beb1866344a59e0828131f39005040,796f04e7970972175a660a521caff47c83e0295f,122eacff868aa8f656ad6360716c1816f453979f,347d61f17793d636653b614ec2104baa61ac7a4b,ff6e4f0130e8f5d7629695d163db4ba4a2acb3a0c59737e7f82ebe2f52e48e7a,61cf0d498442916f91c767e09875aa06547376fc9568ebd872ad507f1609a74b
5,right_hand,9,left_hand,different_subject_different_class,7.504217366728629,7.498675231691273,-0.005542135037356566,-0.0007390818866156679,69,1,70981aa89ddbadceca42f354c3c51d05bf6dbf0c,f663379d77883542412d60804de6dc0c77beb1866344a59e0828131f39005040,796f04e7970972175a660a521caff47c83e0295f,122eacff868aa8f656ad6360716c1816f453979f,347d61f17793d636653b614ec2104baa61ac7a4b,ff6e4f0130e8f5d7629695d163db4ba4a2acb3a0c59737e7f82ebe2f52e48e7a,61cf0d498442916f91c767e09875aa06547376fc9568ebd872ad507f1609a74b
5,right_hand,9,right_hand,different_subject_same_class,9.531613974281537,9.525836258083018,-0.0057777161985193,-0.0006065311267151688,116,1,70981aa89ddbadceca42f354c3c51d05bf6dbf0c,f663379d77883542412d60804de6dc0c77beb1866344a59e0828131f39005040,796f04e7970972175a660a521caff47c83e0295f,122eacff868aa8f656ad6360716c1816f453979f,347d61f17793d636653b614ec2104baa61ac7a4b,ff6e4f0130e8f5d7629695d163db4ba4a2acb3a0c59737e7f82ebe2f52e48e7a,61cf0d498442916f91c767e09875aa06547376fc9568ebd872ad507f1609a74b
5,right_hand,9,feet,different_subject_different_class,9.741966237837687,9.738263978687332,-0.0037022591503550473,-0.00038017650357986013,104,1,70981aa89ddbadceca42f354c3c51d05bf6dbf0c,f663379d77883542412d60804de6dc0c77beb1866344a59e0828131f39005040,796f04e7970972175a660a521caff47c83e0295f,122eacff868aa8f656ad6360716c1816f453979f,347d61f17793d636653b614ec2104baa61ac7a4b,ff6e4f0130e8f5d7629695d163db4ba4a2acb3a0c59737e7f82ebe2f52e48e7a,61cf0d498442916f91c767e09875aa06547376fc9568ebd872ad507f1609a74b
5,right_hand,9,tongue,different_subject_different_class,11.266684067030617,11.264436291469782,-0.002247775560835663,-0.00019954620920869655,85,1,70981aa89ddbadceca42f354c3c51d05bf6dbf0c,f663379d77883542412d60804de6dc0c77beb1866344a59e0828131f39005040,796f04e7970972175a660a521caff47c83e0295f,122eacff868aa8f656ad6360716c1816f453979f,347d61f17793d636653b614ec2104baa61ac7a4b,ff6e4f0130e8f5d7629695d163db4ba4a2acb3a0c59737e7f82ebe2f52e48e7a,61cf0d498442916f91c767e09875aa06547376fc9568ebd872ad507f1609a74b
5,feet,1,left_hand,different_subject_different_class,3.442558852593206,3.450515264871853,0.007956412278647296,0.0023058620721513557,3,1,70981aa89ddbadceca42f354c3c51d05bf6dbf0c,f663379d77883542412d60804de6dc0c77beb1866344a59e0828131f39005040,796f04e7970972175a660a521caff47c83e0295f,122eacff868aa8f656ad6360716c1816f453979f,347d61f17793d636653b614ec2104baa61ac7a4b,ff6e4f0130e8f5d7629695d163db4ba4a2acb3a0c59737e7f82ebe2f52e48e7a,61cf0d498442916f91c767e09875aa06547376fc9568ebd872ad507f1609a74b
5,feet,1,right_hand,different_subject_different_class,3.354169884900462,3.3564084714102584,0.0022385865097964697,0.0006669589023102082,22,1,70981aa89ddbadceca42f354c3c51d05bf6dbf0c,f663379d77883542412d60804de6dc0c77beb1866344a59e0828131f39005040,796f04e7970972175a660a521caff47c83e0295f,122eacff868aa8f656ad6360716c1816f453979f,347d61f17793d636653b614ec2104baa61ac7a4b,ff6e4f0130e8f5d7629695d163db4ba4a2acb3a0c59737e7f82ebe2f52e48e7a,61cf0d498442916f91c767e09875aa06547376fc9568ebd872ad507f1609a74b
5,feet,1,feet,different_subject_same_class,4.910580194026686,4.909912828322083,-0.0006673657046025738,-0.0001359221085867302,69,1,70981aa89ddbadceca42f354c3c51d05bf6dbf0c,f663379d77883542412d60804de6dc0c77beb1866344a59e0828131f39005040,796f04e7970972175a660a521caff47c83e0295f,122eacff868aa8f656ad6360716c1816f453979f,347d61f17793d636653b614ec2104baa61ac7a4b,ff6e4f0130e8f5d7629695d163db4ba4a2acb3a0c59737e7f82ebe2f52e48e7a,61cf0d498442916f91c767e09875aa06547376fc9568ebd872ad507f1609a74b
5,feet,1,tongue,different_subject_different_class,5.158349029169699,5.15887821914136,0.0005291899716608484,0.00010257849656100747,47,1,70981aa89ddbadceca42f354c3c51d05bf6dbf0c,f663379d77883542412d60804de6dc0c77beb1866344a59e0828131f39005040,796f04e7970972175a660a521caff47c83e0295f,122eacff868aa8f656ad6360716c1816f453979f,347d61f17793d636653b614ec2104baa61ac7a4b,ff6e4f0130e8f5d7629695d163db4ba4a2acb3a0c59737e7f82ebe2f52e48e7a,61cf0d498442916f91c767e09875aa06547376fc9568ebd872ad507f1609a74b
5,feet,2,left_hand,different_subject_different_class,5.131908673112716,5.1292629804512435,-0.0026456926614724097,-0.0005158036683936328,104,1,70981aa89ddbadceca42f354c3c51d05bf6dbf0c,f663379d77883542412d60804de6dc0c77beb1866344a59e0828131f39005040,796f04e7970972175a660a521caff47c83e0295f,122eacff868aa8f656ad6360716c1816f453979f,347d61f17793d636653b614ec2104baa61ac7a4b,ff6e4f0130e8f5d7629695d163db4ba4a2acb3a0c59737e7f82ebe2f52e48e7a,61cf0d498442916f91c767e09875aa06547376fc9568ebd872ad507f1609a74b
5,feet,2,right_hand,different_subject_different_class,4.65782022032087,4.656701179787401,-0.0011190405334691178,-0.0002403075675816087,74,1,70981aa89ddbadceca42f354c3c51d05bf6dbf0c,f663379d77883542412d60804de6dc0c77beb1866344a59e0828131f39005040,796f04e7970972175a660a521caff47c83e0295f,122eacff868aa8f656ad6360716c1816f453979f,347d61f17793d636653b614ec2104baa61ac7a4b,ff6e4f0130e8f5d7629695d163db4ba4a2acb3a0c59737e7f82ebe2f52e48e7a,61cf0d498442916f91c767e09875aa06547376fc9568ebd872ad507f1609a74b
5,feet,2,feet,different_subject_same_class,4.897140667642387,4.896217694935259,-0.0009229727071282667,-0.0001885072855488038,64,1,70981aa89ddbadceca42f354c3c51d05bf6dbf0c,f663379d77883542412d60804de6dc0c77beb1866344a59e0828131f39005040,796f04e7970972175a660a521caff47c83e0295f,122eacff868aa8f656ad6360716c1816f453979f,347d61f17793d636653b614ec2104baa61ac7a4b,ff6e4f0130e8f5d7629695d163db4ba4a2acb3a0c59737e7f82ebe2f52e48e7a,61cf0d498442916f91c767e09875aa06547376fc9568ebd872ad507f1609a74b
5,feet,2,tongue,different_subject_different_class,4.4199304130553285,4.419493257581749,-0.00043715547357958684,-9.891529370016255e-05,65,1,70981aa89ddbadceca42f354c3c51d05bf6dbf0c,f663379d77883542412d60804de6dc0c77beb1866344a59e0828131f39005040,796f04e7970972175a660a521caff47c83e0295f,122eacff868aa8f656ad6360716c1816f453979f,347d61f17793d636653b614ec2104baa61ac7a4b,ff6e4f0130e8f5d7629695d163db4ba4a2acb3a0c59737e7f82ebe2f52e48e7a,61cf0d498442916f91c767e09875aa06547376fc9568ebd872ad507f1609a74b
5,feet,3,left_hand,different_subject_different_class,5.018657878449064,5.020170466929622,0.0015125884805584633,0.00030130221483964367,44,1,70981aa89ddbadceca42f354c3c51d05bf6dbf0c,f663379d77883542412d60804de6dc0c77beb1866344a59e0828131f39005040,796f04e7970972175a660a521caff47c83e0295f,122eacff868aa8f656ad6360716c1816f453979f,347d61f17793d636653b614ec2104baa61ac7a4b,ff6e4f0130e8f5d7629695d163db4ba4a2acb3a0c59737e7f82ebe2f52e48e7a,61cf0d498442916f91c767e09875aa06547376fc9568ebd872ad507f1609a74b
5,feet,3,right_hand,different_subject_different_class,5.214161503506285,5.216227468805184,0.0020659652988985755,0.00039606503191315015,40,1,70981aa89ddbadceca42f354c3c51d05bf6dbf0c,f663379d77883542412d60804de6dc0c77beb1866344a59e0828131f39005040,796f04e7970972175a660a521caff47c83e0295f,122eacff868aa8f656ad6360716c1816f453979f,347d61f17793d636653b614ec2104baa61ac7a4b,ff6e4f0130e8f5d7629695d163db4ba4a2acb3a0c59737e7f82ebe2f52e48e7a,61cf0d498442916f91c767e09875aa06547376fc9568ebd872ad507f1609a74b
5,feet,3,feet,different_subject_same_class,5.967312516601309,5.964456209119305,-0.002856307482003828,-0.00047888816379214934,82,1,70981aa89ddbadceca42f354c3c51d05bf6dbf0c,f663379d77883542412d60804de6dc0c77beb1866344a59e0828131f39005040,796f04e7970972175a660a521caff47c83e0295f,122eacff868aa8f656ad6360716c1816f453979f,347d61f17793d636653b614ec2104baa61ac7a4b,ff6e4f0130e8f5d7629695d163db4ba4a2acb3a0c59737e7f82ebe2f52e48e7a,61cf0d498442916f91c767e09875aa06547376fc9568ebd872ad507f1609a74b
5,feet,3,tongue,different_subject_different_class,6.7158073952635045,6.715470492131958,-0.0003369031315463289,-5.016820964980108e-05,59,1,70981aa89ddbadceca42f354c3c51d05bf6dbf0c,f663379d77883542412d60804de6dc0c77beb1866344a59e0828131f39005040,796f04e7970972175a660a521caff47c83e0295f,122eacff868aa8f656ad6360716c1816f453979f,347d61f17793d636653b614ec2104baa61ac7a4b,ff6e4f0130e8f5d7629695d163db4ba4a2acb3a0c59737e7f82ebe2f52e48e7a,61cf0d498442916f91c767e09875aa06547376fc9568ebd872ad507f1609a74b
5,feet,4,left_hand,different_subject_different_class,3.1141099640631764,3.1155553353281897,0.0014453712650133177,0.00046392090958033444,52,1,70981aa89ddbadceca42f354c3c51d05bf6dbf0c,f663379d77883542412d60804de6dc0c77beb1866344a59e0828131f39005040,796f04e7970972175a660a521caff47c83e0295f,122eacff868aa8f656ad6360716c1816f453979f,347d61f17793d636653b614ec2104baa61ac7a4b,ff6e4f0130e8f5d7629695d163db4ba4a2acb3a0c59737e7f82ebe2f52e48e7a,61cf0d498442916f91c767e09875aa06547376fc9568ebd872ad507f1609a74b
5,feet,4,right_hand,different_subject_different_class,3.3146143615623793,3.3111817790477085,-0.0034325825146708233,-0.0010366638691935632,82,1,70981aa89ddbadceca42f354c3c51d05bf6dbf0c,f663379d77883542412d60804de6dc0c77beb1866344a59e0828131f39005040,796f04e7970972175a660a521caff47c83e0295f,122eacff868aa8f656ad6360716c1816f453979f,347d61f17793d636653b614ec2104baa61ac7a4b,ff6e4f0130e8f5d7629695d163db4ba4a2acb3a0c59737e7f82ebe2f52e48e7a,61cf0d498442916f91c767e09875aa06547376fc9568ebd872ad507f1609a74b
5,feet,4,feet,different_subject_same_class,4.326828376524216,4.321406871247901,-0.005421505276315131,-0.0012545695042942234,95,1,70981aa89ddbadceca42f354c3c51d05bf6dbf0c,f663379d77883542412d60804de6dc0c77beb1866344a59e0828131f39005040,796f04e7970972175a660a521caff47c83e0295f,122eacff868aa8f656ad6360716c1816f453979f,347d61f17793d636653b614ec2104baa61ac7a4b,ff6e4f0130e8f5d7629695d163db4ba4a2acb3a0c59737e7f82ebe2f52e48e7a,61cf0d498442916f91c767e09875aa06547376fc9568ebd872ad507f1609a74b
5,feet,4,tongue,different_subject_different_class,4.229862500366822,4.2320329193187955,0.0021704189519731187,0.0005128549312708271,48,1,70981aa89ddbadceca42f354c3c51d05bf6dbf0c,f663379d77883542412d60804de6dc0c77beb1866344a59e0828131f39005040,796f04e7970972175a660a521caff47c83e0295f,122eacff868aa8f656ad6360716c1816f453979f,347d61f17793d636653b614ec2104baa61ac7a4b,ff6e4f0130e8f5d7629695d163db4ba4a2acb3a0c59737e7f82ebe2f52e48e7a,61cf0d498442916f91c767e09875aa06547376fc9568ebd872ad507f1609a74b
5,feet,5,left_hand,same_subject_different_class,1.538087470212583,1.5552488615000475,0.01716139128746441,0.011034498537367286,4,1,70981aa89ddbadceca42f354c3c51d05bf6dbf0c,f663379d77883542412d60804de6dc0c77beb1866344a59e0828131f39005040,796f04e7970972175a660a521caff47c83e0295f,122eacff868aa8f656ad6360716c1816f453979f,347d61f17793d636653b614ec2104baa61ac7a4b,ff6e4f0130e8f5d7629695d163db4ba4a2acb3a0c59737e7f82ebe2f52e48e7a,61cf0d498442916f91c767e09875aa06547376fc9568ebd872ad507f1609a74b
5,feet,5,right_hand,same_subject_different_class,1.4944423258463824,1.5131622284331876,0.018719902586805226,0.012371378451726789,4,1,70981aa89ddbadceca42f354c3c51d05bf6dbf0c,f663379d77883542412d60804de6dc0c77beb1866344a59e0828131f39005040,796f04e7970972175a660a521caff47c83e0295f,122eacff868aa8f656ad6360716c1816f453979f,347d61f17793d636653b614ec2104baa61ac7a4b,ff6e4f0130e8f5d7629695d163db4ba4a2acb3a0c59737e7f82ebe2f52e48e7a,61cf0d498442916f91c767e09875aa06547376fc9568ebd872ad507f1609a74b
5,feet,5,feet,same_subject_same_class,1.4928649031087995,1.5319461753979147,0.039081272289115176,0.025510865144438923,1,1,70981aa89ddbadceca42f354c3c51d05bf6dbf0c,f663379d77883542412d60804de6dc0c77beb1866344a59e0828131f39005040,796f04e7970972175a660a521caff47c83e0295f,122eacff868aa8f656ad6360716c1816f453979f,347d61f17793d636653b614ec2104baa61ac7a4b,ff6e4f0130e8f5d7629695d163db4ba4a2acb3a0c59737e7f82ebe2f52e48e7a,61cf0d498442916f91c767e09875aa06547376fc9568ebd872ad507f1609a74b
5,feet,5,tongue,same_subject_different_class,1.533824357607348,1.5550326749770615,0.021208317369713514,0.013638502721511212,9,1,70981aa89ddbadceca42f354c3c51d05bf6dbf0c,f663379d77883542412d60804de6dc0c77beb1866344a59e0828131f39005040,796f04e7970972175a660a521caff47c83e0295f,122eacff868aa8f656ad6360716c1816f453979f,347d61f17793d636653b614ec2104baa61ac7a4b,ff6e4f0130e8f5d7629695d163db4ba4a2acb3a0c59737e7f82ebe2f52e48e7a,61cf0d498442916f91c767e09875aa06547376fc9568ebd872ad507f1609a74b
5,feet,6,left_hand,different_subject_different_class,6.519010521634631,6.523215439889119,0.004204918254488099,0.0006446082140373971,1,1,70981aa89ddbadceca42f354c3c51d05bf6dbf0c,f663379d77883542412d60804de6dc0c77beb1866344a59e0828131f39005040,796f04e7970972175a660a521caff47c83e0295f,122eacff868aa8f656ad6360716c1816f453979f,347d61f17793d636653b614ec2104baa61ac7a4b,ff6e4f0130e8f5d7629695d163db4ba4a2acb3a0c59737e7f82ebe2f52e48e7a,61cf0d498442916f91c767e09875aa06547376fc9568ebd872ad507f1609a74b
5,feet,6,right_hand,different_subject_different_class,6.681608916513576,6.68551085603368,0.003901939520104314,0.0005836411912461125,9,1,70981aa89ddbadceca42f354c3c51d05bf6dbf0c,f663379d77883542412d60804de6dc0c77beb1866344a59e0828131f39005040,796f04e7970972175a660a521caff47c83e0295f,122eacff868aa8f656ad6360716c1816f453979f,347d61f17793d636653b614ec2104baa61ac7a4b,ff6e4f0130e8f5d7629695d163db4ba4a2acb3a0c59737e7f82ebe2f52e48e7a,61cf0d498442916f91c767e09875aa06547376fc9568ebd872ad507f1609a74b
5,feet,6,feet,different_subject_same_class,7.384379532071311,7.388450216202406,0.004070684131095348,0.0005509523664609114,16,1,70981aa89ddbadceca42f354c3c51d05bf6dbf0c,f663379d77883542412d60804de6dc0c77beb1866344a59e0828131f39005040,796f04e7970972175a660a521caff47c83e0295f,122eacff868aa8f656ad6360716c1816f453979f,347d61f17793d636653b614ec2104baa61ac7a4b,ff6e4f0130e8f5d7629695d163db4ba4a2acb3a0c59737e7f82ebe2f52e48e7a,61cf0d498442916f91c767e09875aa06547376fc9568ebd872ad507f1609a74b
5,feet,6,tongue,different_subject_different_class,6.908986255777702,6.911917089165928,0.002930833388226084,0.00042402612045506355,9,1,70981aa89ddbadceca42f354c3c51d05bf6dbf0c,f663379d77883542412d60804de6dc0c77beb1866344a59e0828131f39005040,796f04e7970972175a660a521caff47c83e0295f,122eacff868aa8f656ad6360716c1816f453979f,347d61f17793d636653b614ec2104baa61ac7a4b,ff6e4f0130e8f5d7629695d163db4ba4a2acb3a0c59737e7f82ebe2f52e48e7a,61cf0d498442916f91c767e09875aa06547376fc9568ebd872ad507f1609a74b
5,feet,7,left_hand,different_subject_different_class,4.0989777433643155,4.104770476385584,0.005792733021268148,0.0014112197148642726,7,1,70981aa89ddbadceca42f354c3c51d05bf6dbf0c,f663379d77883542412d60804de6dc0c77beb1866344a59e0828131f39005040,796f04e7970972175a660a521caff47c83e0295f,122eacff868aa8f656ad6360716c1816f453979f,347d61f17793d636653b614ec2104baa61ac7a4b,ff6e4f0130e8f5d7629695d163db4ba4a2acb3a0c59737e7f82ebe2f52e48e7a,61cf0d498442916f91c767e09875aa06547376fc9568ebd872ad507f1609a74b
5,feet,7,right_hand,different_subject_different_class,4.181167387023777,4.187877306940225,0.00670991991644776,0.0016022245697905144,1,1,70981aa89ddbadceca42f354c3c51d05bf6dbf0c,f663379d77883542412d60804de6dc0c77beb1866344a59e0828131f39005040,796f04e7970972175a660a521caff47c83e0295f,122eacff868aa8f656ad6360716c1816f453979f,347d61f17793d636653b614ec2104baa61ac7a4b,ff6e4f0130e8f5d7629695d163db4ba4a2acb3a0c59737e7f82ebe2f52e48e7a,61cf0d498442916f91c767e09875aa06547376fc9568ebd872ad507f1609a74b
5,feet,7,feet,different_subject_same_class,4.480866427591436,4.486421606293202,0.005555178701766472,0.0012382203879310184,5,1,70981aa89ddbadceca42f354c3c51d05bf6dbf0c,f663379d77883542412d60804de6dc0c77beb1866344a59e0828131f39005040,796f04e7970972175a660a521caff47c83e0295f,122eacff868aa8f656ad6360716c1816f453979f,347d61f17793d636653b614ec2104baa61ac7a4b,ff6e4f0130e8f5d7629695d163db4ba4a2acb3a0c59737e7f82ebe2f52e48e7a,61cf0d498442916f91c767e09875aa06547376fc9568ebd872ad507f1609a74b
5,feet,7,tongue,different_subject_different_class,5.223881450971736,5.229306946148764,0.005425495177028061,0.00103751706161058,5,1,70981aa89ddbadceca42f354c3c51d05bf6dbf0c,f663379d77883542412d60804de6dc0c77beb1866344a59e0828131f39005040,796f04e7970972175a660a521caff47c83e0295f,122eacff868aa8f656ad6360716c1816f453979f,347d61f17793d636653b614ec2104baa61ac7a4b,ff6e4f0130e8f5d7629695d163db4ba4a2acb3a0c59737e7f82ebe2f52e48e7a,61cf0d498442916f91c767e09875aa06547376fc9568ebd872ad507f1609a74b
5,feet,8,left_hand,different_subject_different_class,6.920839387565342,6.923059087421352,0.0022196998560106707,0.00032062413854645397,27,1,70981aa89ddbadceca42f354c3c51d05bf6dbf0c,f663379d77883542412d60804de6dc0c77beb1866344a59e0828131f39005040,796f04e7970972175a660a521caff47c83e0295f,122eacff868aa8f656ad6360716c1816f453979f,347d61f17793d636653b614ec2104baa61ac7a4b,ff6e4f0130e8f5d7629695d163db4ba4a2acb3a0c59737e7f82ebe2f52e48e7a,61cf0d498442916f91c767e09875aa06547376fc9568ebd872ad507f1609a74b
5,feet,8,right_hand,different_subject_different_class,7.353276911141106,7.355207753155001,0.001930842013894818,0.0002625135929119864,32,1,70981aa89ddbadceca42f354c3c51d05bf6dbf0c,f663379d77883542412d60804de6dc0c77beb1866344a59e0828131f39005040,796f04e7970972175a660a521caff47c83e0295f,122eacff868aa8f656ad6360716c1816f453979f,347d61f17793d636653b614ec2104baa61ac7a4b,ff6e4f0130e8f5d7629695d163db4ba4a2acb3a0c59737e7f82ebe2f52e48e7a,61cf0d498442916f91c767e09875aa06547376fc9568ebd872ad507f1609a74b
5,feet,8,feet,different_subject_same_class,7.3010870444859455,7.29973375615457,-0.0013532883313756017,-0.00018538872465514428,84,1,70981aa89ddbadceca42f354c3c51d05bf6dbf0c,f663379d77883542412d60804de6dc0c77beb1866344a59e0828131f39005040,796f04e7970972175a660a521caff47c83e0295f,122eacff868aa8f656ad6360716c1816f453979f,347d61f17793d636653b614ec2104baa61ac7a4b,ff6e4f0130e8f5d7629695d163db4ba4a2acb3a0c59737e7f82ebe2f52e48e7a,61cf0d498442916f91c767e09875aa06547376fc9568ebd872ad507f1609a74b
5,feet,8,tongue,different_subject_different_class,8.353110495463671,8.352867647873943,-0.0002428475897282567,-2.9073558922015096e-05,65,1,70981aa89ddbadceca42f354c3c51d05bf6dbf0c,f663379d77883542412d60804de6dc0c77beb1866344a59e0828131f39005040,796f04e7970972175a660a521caff47c83e0295f,122eacff868aa8f656ad6360716c1816f453979f,347d61f17793d636653b614ec2104baa61ac7a4b,ff6e4f0130e8f5d7629695d163db4ba4a2acb3a0c59737e7f82ebe2f52e48e7a,61cf0d498442916f91c767e09875aa06547376fc9568ebd872ad507f1609a74b
5,feet,9,left_hand,different_subject_different_class,7.486643851949267,7.497296934718806,0.010653082769539246,0.0014209231490094104,1,1,70981aa89ddbadceca42f354c3c51d05bf6dbf0c,f663379d77883542412d60804de6dc0c77beb1866344a59e0828131f39005040,796f04e7970972175a660a521caff47c83e0295f,122eacff868aa8f656ad6360716c1816f453979f,347d61f17793d636653b614ec2104baa61ac7a4b,ff6e4f0130e8f5d7629695d163db4ba4a2acb3a0c59737e7f82ebe2f52e48e7a,61cf0d498442916f91c767e09875aa06547376fc9568ebd872ad507f1609a74b
5,feet,9,right_hand,different_subject_different_class,9.520827035087446,9.52058529607119,-0.00024173901625701433,-2.5391192740720626e-05,74,1,70981aa89ddbadceca42f354c3c51d05bf6dbf0c,f663379d77883542412d60804de6dc0c77beb1866344a59e0828131f39005040,796f04e7970972175a660a521caff47c83e0295f,122eacff868aa8f656ad6360716c1816f453979f,347d61f17793d636653b614ec2104baa61ac7a4b,ff6e4f0130e8f5d7629695d163db4ba4a2acb3a0c59737e7f82ebe2f52e48e7a,61cf0d498442916f91c767e09875aa06547376fc9568ebd872ad507f1609a74b
5,feet,9,feet,different_subject_same_class,9.726245395784373,9.727119548045042,0.0008741522606694474,8.986753543551694e-05,51,1,70981aa89ddbadceca42f354c3c51d05bf6dbf0c,f663379d77883542412d60804de6dc0c77beb1866344a59e0828131f39005040,796f04e7970972175a660a521caff47c83e0295f,122eacff868aa8f656ad6360716c1816f453979f,347d61f17793d636653b614ec2104baa61ac7a4b,ff6e4f0130e8f5d7629695d163db4ba4a2acb3a0c59737e7f82ebe2f52e48e7a,61cf0d498442916f91c767e09875aa06547376fc9568ebd872ad507f1609a74b
5,feet,9,tongue,different_subject_different_class,11.252301079751158,11.251374181251215,-0.0009268984999426522,-8.238091498967248e-05,78,1,70981aa89ddbadceca42f354c3c51d05bf6dbf0c,f663379d77883542412d60804de6dc0c77beb1866344a59e0828131f39005040,796f04e7970972175a660a521caff47c83e0295f,122eacff868aa8f656ad6360716c1816f453979f,347d61f17793d636653b614ec2104baa61ac7a4b,ff6e4f0130e8f5d7629695d163db4ba4a2acb3a0c59737e7f82ebe2f52e48e7a,61cf0d498442916f91c767e09875aa06547376fc9568ebd872ad507f1609a74b
5,tongue,1,left_hand,different_subject_different_class,3.397924910591892,3.3963063544366197,-0.0016185561552721772,-0.00047656365073128504,74,1,70981aa89ddbadceca42f354c3c51d05bf6dbf0c,f663379d77883542412d60804de6dc0c77beb1866344a59e0828131f39005040,796f04e7970972175a660a521caff47c83e0295f,122eacff868aa8f656ad6360716c1816f453979f,347d61f17793d636653b614ec2104baa61ac7a4b,ff6e4f0130e8f5d7629695d163db4ba4a2acb3a0c59737e7f82ebe2f52e48e7a,61cf0d498442916f91c767e09875aa06547376fc9568ebd872ad507f1609a74b
5,tongue,1,right_hand,different_subject_different_class,3.3137089934950543,3.308230234099777,-0.005478759395277422,-0.0016560997897923754,96,1,70981aa89ddbadceca42f354c3c51d05bf6dbf0c,f663379d77883542412d60804de6dc0c77beb1866344a59e0828131f39005040,796f04e7970972175a660a521caff47c83e0295f,122eacff868aa8f656ad6360716c1816f453979f,347d61f17793d636653b614ec2104baa61ac7a4b,ff6e4f0130e8f5d7629695d163db4ba4a2acb3a0c59737e7f82ebe2f52e48e7a,61cf0d498442916f91c767e09875aa06547376fc9568ebd872ad507f1609a74b
5,tongue,1,feet,different_subject_different_class,4.84492180534725,4.853532000487306,0.00861019514005612,0.0017740060515088057,30,1,70981aa89ddbadceca42f354c3c51d05bf6dbf0c,f663379d77883542412d60804de6dc0c77beb1866344a59e0828131f39005040,796f04e7970972175a660a521caff47c83e0295f,122eacff868aa8f656ad6360716c1816f453979f,347d61f17793d636653b614ec2104baa61ac7a4b,ff6e4f0130e8f5d7629695d163db4ba4a2acb3a0c59737e7f82ebe2f52e48e7a,61cf0d498442916f91c767e09875aa06547376fc9568ebd872ad507f1609a74b
5,tongue,1,tongue,different_subject_same_class,5.088496361806774,5.100842461204753,0.012346099397978705,0.0024204039806912047,15,1,70981aa89ddbadceca42f354c3c51d05bf6dbf0c,f663379d77883542412d60804de6dc0c77beb1866344a59e0828131f39005040,796f04e7970972175a660a521caff47c83e0295f,122eacff868aa8f656ad6360716c1816f453979f,347d61f17793d636653b614ec2104baa61ac7a4b,ff6e4f0130e8f5d7629695d163db4ba4a2acb3a0c59737e7f82ebe2f52e48e7a,61cf0d498442916f91c767e09875aa06547376fc9568ebd872ad507f1609a74b
5,tongue,2,left_hand,different_subject_different_class,5.095693200563885,5.105761821308482,0.01006862074459658,0.0019720114445166653,1,1,70981aa89ddbadceca42f354c3c51d05bf6dbf0c,f663379d77883542412d60804de6dc0c77beb1866344a59e0828131f39005040,796f04e7970972175a660a521caff47c83e0295f,122eacff868aa8f656ad6360716c1816f453979f,347d61f17793d636653b614ec2104baa61ac7a4b,ff6e4f0130e8f5d7629695d163db4ba4a2acb3a0c59737e7f82ebe2f52e48e7a,61cf0d498442916f91c767e09875aa06547376fc9568ebd872ad507f1609a74b
5,tongue,2,right_hand,different_subject_different_class,4.6169548035082295,4.631252722343098,0.01429791883486864,0.003087268109099187,3,1,70981aa89ddbadceca42f354c3c51d05bf6dbf0c,f663379d77883542412d60804de6dc0c77beb1866344a59e0828131f39005040,796f04e7970972175a660a521caff47c83e0295f,122eacff868aa8f656ad6360716c1816f453979f,347d61f17793d636653b614ec2104baa61ac7a4b,ff6e4f0130e8f5d7629695d163db4ba4a2acb3a0c59737e7f82ebe2f52e48e7a,61cf0d498442916f91c767e09875aa06547376fc9568ebd872ad507f1609a74b
5,tongue,2,feet,different_subject_different_class,4.859602278356944,4.868057228702267,0.008454950345322843,0.0017368222985284776,25,1,70981aa89ddbadceca42f354c3c51d05bf6dbf0c,f663379d77883542412d60804de6dc0c77beb1866344a59e0828131f39005040,796f04e7970972175a660a521caff47c83e0295f,122eacff868aa8f656ad6360716c1816f453979f,347d61f17793d636653b614ec2104baa61ac7a4b,ff6e4f0130e8f5d7629695d163db4ba4a2acb3a0c59737e7f82ebe2f52e48e7a,61cf0d498442916f91c767e09875aa06547376fc9568ebd872ad507f1609a74b
5,tongue,2,tongue,different_subject_same_class,4.373620107595655,4.388264979900324,0.014644872304669043,0.0033372807639801393,4,1,70981aa89ddbadceca42f354c3c51d05bf6dbf0c,f663379d77883542412d60804de6dc0c77beb1866344a59e0828131f39005040,796f04e7970972175a660a521caff47c83e0295f,122eacff868aa8f656ad6360716c1816f453979f,347d61f17793d636653b614ec2104baa61ac7a4b,ff6e4f0130e8f5d7629695d163db4ba4a2acb3a0c59737e7f82ebe2f52e48e7a,61cf0d498442916f91c767e09875aa06547376fc9568ebd872ad507f1609a74b
5,tongue,3,left_hand,different_subject_different_class,4.943028650485044,4.95319022807379,0.010161577588746695,0.002051521770989675,6,1,70981aa89ddbadceca42f354c3c51d05bf6dbf0c,f663379d77883542412d60804de6dc0c77beb1866344a59e0828131f39005040,796f04e7970972175a660a521caff47c83e0295f,122eacff868aa8f656ad6360716c1816f453979f,347d61f17793d636653b614ec2104baa61ac7a4b,ff6e4f0130e8f5d7629695d163db4ba4a2acb3a0c59737e7f82ebe2f52e48e7a,61cf0d498442916f91c767e09875aa06547376fc9568ebd872ad507f1609a74b
5,tongue,3,right_hand,different_subject_different_class,5.150520151092984,5.153143487141794,0.002623336048809932,0.0005090749084235133,34,1,70981aa89ddbadceca42f354c3c51d05bf6dbf0c,f663379d77883542412d60804de6dc0c77beb1866344a59e0828131f39005040,796f04e7970972175a660a521caff47c83e0295f,122eacff868aa8f656ad6360716c1816f453979f,347d61f17793d636653b614ec2104baa61ac7a4b,ff6e4f0130e8f5d7629695d163db4ba4a2acb3a0c59737e7f82ebe2f52e48e7a,61cf0d498442916f91c767e09875aa06547376fc9568ebd872ad507f1609a74b
5,tongue,3,feet,different_subject_different_class,5.892782107776263,5.9062563076266965,0.013474199850433521,0.0022813435700435834,8,1,70981aa89ddbadceca42f354c3c51d05bf6dbf0c,f663379d77883542412d60804de6dc0c77beb1866344a59e0828131f39005040,796f04e7970972175a660a521caff47c83e0295f,122eacff868aa8f656ad6360716c1816f453979f,347d61f17793d636653b614ec2104baa61ac7a4b,ff6e4f0130e8f5d7629695d163db4ba4a2acb3a0c59737e7f82ebe2f52e48e7a,61cf0d498442916f91c767e09875aa06547376fc9568ebd872ad507f1609a74b
5,tongue,3,tongue,different_subject_same_class,6.634389116356097,6.648166865233309,0.013777748877211948,0.0020724132165308453,6,1,70981aa89ddbadceca42f354c3c51d05bf6dbf0c,f663379d77883542412d60804de6dc0c77beb1866344a59e0828131f39005040,796f04e7970972175a660a521caff47c83e0295f,122eacff868aa8f656ad6360716c1816f453979f,347d61f17793d636653b614ec2104baa61ac7a4b,ff6e4f0130e8f5d7629695d163db4ba4a2acb3a0c59737e7f82ebe2f52e48e7a,61cf0d498442916f91c767e09875aa06547376fc9568ebd872ad507f1609a74b
5,tongue,4,left_hand,different_subject_different_class,3.027452848299074,3.0334031218497888,0.0059502735507148685,0.001961583512542294,16,1,70981aa89ddbadceca42f354c3c51d05bf6dbf0c,f663379d77883542412d60804de6dc0c77beb1866344a59e0828131f39005040,796f04e7970972175a660a521caff47c83e0295f,122eacff868aa8f656ad6360716c1816f453979f,347d61f17793d636653b614ec2104baa61ac7a4b,ff6e4f0130e8f5d7629695d163db4ba4a2acb3a0c59737e7f82ebe2f52e48e7a,61cf0d498442916f91c767e09875aa06547376fc9568ebd872ad507f1609a74b
5,tongue,4,right_hand,different_subject_different_class,3.21655885324312,3.2393176726840083,0.02275881944088809,0.007025806586616979,5,1,70981aa89ddbadceca42f354c3c51d05bf6dbf0c,f663379d77883542412d60804de6dc0c77beb1866344a59e0828131f39005040,796f04e7970972175a660a521caff47c83e0295f,122eacff868aa8f656ad6360716c1816f453979f,347d61f17793d636653b614ec2104baa61ac7a4b,ff6e4f0130e8f5d7629695d163db4ba4a2acb3a0c59737e7f82ebe2f52e48e7a,61cf0d498442916f91c767e09875aa06547376fc9568ebd872ad507f1609a74b
5,tongue,4,feet,different_subject_different_class,4.222576025707046,4.242306377076315,0.019730351369268817,0.00465085489249045,5,1,70981aa89ddbadceca42f354c3c51d05bf6dbf0c,f663379d77883542412d60804de6dc0c77beb1866344a59e0828131f39005040,796f04e7970972175a660a521caff47c83e0295f,122eacff868aa8f656ad6360716c1816f453979f,347d61f17793d636653b614ec2104baa61ac7a4b,ff6e4f0130e8f5d7629695d163db4ba4a2acb3a0c59737e7f82ebe2f52e48e7a,61cf0d498442916f91c767e09875aa06547376fc9568ebd872ad507f1609a74b
5,tongue,4,tongue,different_subject_same_class,4.132842009487837,4.150975918710788,0.018133909222950884,0.004368589357796834,9,1,70981aa89ddbadceca42f354c3c51d05bf6dbf0c,f663379d77883542412d60804de6dc0c77beb1866344a59e0828131f39005040,796f04e7970972175a660a521caff47c83e0295f,122eacff868aa8f656ad6360716c1816f453979f,347d61f17793d636653b614ec2104baa61ac7a4b,ff6e4f0130e8f5d7629695d163db4ba4a2acb3a0c59737e7f82ebe2f52e48e7a,61cf0d498442916f91c767e09875aa06547376fc9568ebd872ad507f1609a74b
5,tongue,5,left_hand,same_subject_different_class,1.5510997468228886,1.5817571308025324,0.030657383979643793,0.019381852866431667,4,1,70981aa89ddbadceca42f354c3c51d05bf6dbf0c,f663379d77883542412d60804de6dc0c77beb1866344a59e0828131f39005040,796f04e7970972175a660a521caff47c83e0295f,122eacff868aa8f656ad6360716c1816f453979f,347d61f17793d636653b614ec2104baa61ac7a4b,ff6e4f0130e8f5d7629695d163db4ba4a2acb3a0c59737e7f82ebe2f52e48e7a,61cf0d498442916f91c767e09875aa06547376fc9568ebd872ad507f1609a74b
5,tongue,5,right_hand,same_subject_different_class,1.5042412722822833,1.536903697098416,0.032662424816132685,0.021252095936653302,6,1,70981aa89ddbadceca42f354c3c51d05bf6dbf0c,f663379d77883542412d60804de6dc0c77beb1866344a59e0828131f39005040,796f04e7970972175a660a521caff47c83e0295f,122eacff868aa8f656ad6360716c1816f453979f,347d61f17793d636653b614ec2104baa61ac7a4b,ff6e4f0130e8f5d7629695d163db4ba4a2acb3a0c59737e7f82ebe2f52e48e7a,61cf0d498442916f91c767e09875aa06547376fc9568ebd872ad507f1609a74b
5,tongue,5,feet,same_subject_different_class,1.5180513984121076,1.553835207215835,0.035783808803727446,0.02302934612213154,5,1,70981aa89ddbadceca42f354c3c51d05bf6dbf0c,f663379d77883542412d60804de6dc0c77beb1866344a59e0828131f39005040,796f04e7970972175a660a521caff47c83e0295f,122eacff868aa8f656ad6360716c1816f453979f,347d61f17793d636653b614ec2104baa61ac7a4b,ff6e4f0130e8f5d7629695d163db4ba4a2acb3a0c59737e7f82ebe2f52e48e7a,61cf0d498442916f91c767e09875aa06547376fc9568ebd872ad507f1609a74b
5,tongue,5,tongue,same_subject_same_class,1.5156430820483862,1.5562845479390703,0.04064146589068418,0.02611441843620703,10,1,70981aa89ddbadceca42f354c3c51d05bf6dbf0c,f663379d77883542412d60804de6dc0c77beb1866344a59e0828131f39005040,796f04e7970972175a660a521caff47c83e0295f,122eacff868aa8f656ad6360716c1816f453979f,347d61f17793d636653b614ec2104baa61ac7a4b,ff6e4f0130e8f5d7629695d163db4ba4a2acb3a0c59737e7f82ebe2f52e48e7a,61cf0d498442916f91c767e09875aa06547376fc9568ebd872ad507f1609a74b
5,tongue,6,left_hand,different_subject_different_class,6.46001107150357,6.466524432786264,0.006513361282694419,0.0010072429711501104,10,1,70981aa89ddbadceca42f354c3c51d05bf6dbf0c,f663379d77883542412d60804de6dc0c77beb1866344a59e0828131f39005040,796f04e7970972175a660a521caff47c83e0295f,122eacff868aa8f656ad6360716c1816f453979f,347d61f17793d636653b614ec2104baa61ac7a4b,ff6e4f0130e8f5d7629695d163db4ba4a2acb3a0c59737e7f82ebe2f52e48e7a,61cf0d498442916f91c767e09875aa06547376fc9568ebd872ad507f1609a74b
5,tongue,6,right_hand,different_subject_different_class,6.627036328077255,6.630434983143942,0.0033986550666877946,0.0005125840273417869,10,1,70981aa89ddbadceca42f354c3c51d05bf6dbf0c,f663379d77883542412d60804de6dc0c77beb1866344a59e0828131f39005040,796f04e7970972175a660a521caff47c83e0295f,122eacff868aa8f656ad6360716c1816f453979f,347d61f17793d636653b614ec2104baa61ac7a4b,ff6e4f0130e8f5d7629695d163db4ba4a2acb3a0c59737e7f82ebe2f52e48e7a,61cf0d498442916f91c767e09875aa06547376fc9568ebd872ad507f1609a74b
5,tongue,6,feet,different_subject_different_class,7.320638928096256,7.332993106428246,0.012354178331990262,0.0016847388443827047,6,1,70981aa89ddbadceca42f354c3c51d05bf6dbf0c,f663379d77883542412d60804de6dc0c77beb1866344a59e0828131f39005040,796f04e7970972175a660a521caff47c83e0295f,122eacff868aa8f656ad6360716c1816f453979f,347d61f17793d636653b614ec2104baa61ac7a4b,ff6e4f0130e8f5d7629695d163db4ba4a2acb3a0c59737e7f82ebe2f52e48e7a,61cf0d498442916f91c767e09875aa06547376fc9568ebd872ad507f1609a74b
5,tongue,6,tongue,different_subject_same_class,6.848849026592003,6.857543237897826,0.008694211305822819,0.0012678317881795846,7,1,70981aa89ddbadceca42f354c3c51d05bf6dbf0c,f663379d77883542412d60804de6dc0c77beb1866344a59e0828131f39005040,796f04e7970972175a660a521caff47c83e0295f,122eacff868aa8f656ad6360716c1816f453979f,347d61f17793d636653b614ec2104baa61ac7a4b,ff6e4f0130e8f5d7629695d163db4ba4a2acb3a0c59737e7f82ebe2f52e48e7a,61cf0d498442916f91c767e09875aa06547376fc9568ebd872ad507f1609a74b
5,tongue,7,left_hand,different_subject_different_class,4.026412932163499,4.0361008109515755,0.009687878788076532,0.0024003064447224395,6,1,70981aa89ddbadceca42f354c3c51d05bf6dbf0c,f663379d77883542412d60804de6dc0c77beb1866344a59e0828131f39005040,796f04e7970972175a660a521caff47c83e0295f,122eacff868aa8f656ad6360716c1816f453979f,347d61f17793d636653b614ec2104baa61ac7a4b,ff6e4f0130e8f5d7629695d163db4ba4a2acb3a0c59737e7f82ebe2f52e48e7a,61cf0d498442916f91c767e09875aa06547376fc9568ebd872ad507f1609a74b
5,tongue,7,right_hand,different_subject_different_class,4.118745886400706,4.122188983878831,0.00344309747812499,0.0008352594923693089,35,1,70981aa89ddbadceca42f354c3c51d05bf6dbf0c,f663379d77883542412d60804de6dc0c77beb1866344a59e0828131f39005040,796f04e7970972175a660a521caff47c83e0295f,122eacff868aa8f656ad6360716c1816f453979f,347d61f17793d636653b614ec2104baa61ac7a4b,ff6e4f0130e8f5d7629695d163db4ba4a2acb3a0c59737e7f82ebe2f52e48e7a,61cf0d498442916f91c767e09875aa06547376fc9568ebd872ad507f1609a74b
5,tongue,7,feet,different_subject_different_class,4.413476836542306,4.420827690137864,0.0073508535955584264,0.001662777676668323,34,1,70981aa89ddbadceca42f354c3c51d05bf6dbf0c,f663379d77883542412d60804de6dc0c77beb1866344a59e0828131f39005040,796f04e7970972175a660a521caff47c83e0295f,122eacff868aa8f656ad6360716c1816f453979f,347d61f17793d636653b614ec2104baa61ac7a4b,ff6e4f0130e8f5d7629695d163db4ba4a2acb3a0c59737e7f82ebe2f52e48e7a,61cf0d498442916f91c767e09875aa06547376fc9568ebd872ad507f1609a74b
5,tongue,7,tongue,different_subject_same_class,5.145802006476482,5.161605988645918,0.01580398216943557,0.0030618342826244176,16,1,70981aa89ddbadceca42f354c3c51d05bf6dbf0c,f663379d77883542412d60804de6dc0c77beb1866344a59e0828131f39005040,796f04e7970972175a660a521caff47c83e0295f,122eacff868aa8f656ad6360716c1816f453979f,347d61f17793d636653b614ec2104baa61ac7a4b,ff6e4f0130e8f5d7629695d163db4ba4a2acb3a0c59737e7f82ebe2f52e48e7a,61cf0d498442916f91c767e09875aa06547376fc9568ebd872ad507f1609a74b
5,tongue,8,left_hand,different_subject_different_class,6.868695991003795,6.871642758600762,0.0029467675969669926,0.00042883015029830044,27,1,70981aa89ddbadceca42f354c3c51d05bf6dbf0c,f663379d77883542412d60804de6dc0c77beb1866344a59e0828131f39005040,796f04e7970972175a660a521caff47c83e0295f,122eacff868aa8f656ad6360716c1816f453979f,347d61f17793d636653b614ec2104baa61ac7a4b,ff6e4f0130e8f5d7629695d163db4ba4a2acb3a0c59737e7f82ebe2f52e48e7a,61cf0d498442916f91c767e09875aa06547376fc9568ebd872ad507f1609a74b
5,tongue,8,right_hand,different_subject_different_class,7.301428385070001,7.305296721534447,0.003868336464445399,0.0005295248929509424,29,1,70981aa89ddbadceca42f354c3c51d05bf6dbf0c,f663379d77883542412d60804de6dc0c77beb1866344a59e0828131f39005040,796f04e7970972175a660a521caff47c83e0295f,122eacff868aa8f656ad6360716c1816f453979f,347d61f17793d636653b614ec2104baa61ac7a4b,ff6e4f0130e8f5d7629695d163db4ba4a2acb3a0c59737e7f82ebe2f52e48e7a,61cf0d498442916f91c767e09875aa06547376fc9568ebd872ad507f1609a74b
5,tongue,8,feet,different_subject_different_class,7.247284981802154,7.24999458318246,0.0027096013803058483,0.00037373840065911345,35,1,70981aa89ddbadceca42f354c3c51d05bf6dbf0c,f663379d77883542412d60804de6dc0c77beb1866344a59e0828131f39005040,796f04e7970972175a660a521caff47c83e0295f,122eacff868aa8f656ad6360716c1816f453979f,347d61f17793d636653b614ec2104baa61ac7a4b,ff6e4f0130e8f5d7629695d163db4ba4a2acb3a0c59737e7f82ebe2f52e48e7a,61cf0d498442916f91c767e09875aa06547376fc9568ebd872ad507f1609a74b
5,tongue,8,tongue,different_subject_same_class,8.289367348431481,8.296855628502353,0.007488280070871767,0.0009025443380197107,9,1,70981aa89ddbadceca42f354c3c51d05bf6dbf0c,f663379d77883542412d60804de6dc0c77beb1866344a59e0828131f39005040,796f04e7970972175a660a521caff47c83e0295f,122eacff868aa8f656ad6360716c1816f453979f,347d61f17793d636653b614ec2104baa61ac7a4b,ff6e4f0130e8f5d7629695d163db4ba4a2acb3a0c59737e7f82ebe2f52e48e7a,61cf0d498442916f91c767e09875aa06547376fc9568ebd872ad507f1609a74b
5,tongue,9,left_hand,different_subject_different_class,7.443077949201625,7.429425893909486,-0.01365205529213842,-0.0018375653094985626,100,1,70981aa89ddbadceca42f354c3c51d05bf6dbf0c,f663379d77883542412d60804de6dc0c77beb1866344a59e0828131f39005040,796f04e7970972175a660a521caff47c83e0295f,122eacff868aa8f656ad6360716c1816f453979f,347d61f17793d636653b614ec2104baa61ac7a4b,ff6e4f0130e8f5d7629695d163db4ba4a2acb3a0c59737e7f82ebe2f52e48e7a,61cf0d498442916f91c767e09875aa06547376fc9568ebd872ad507f1609a74b
5,tongue,9,right_hand,different_subject_different_class,9.46106360760928,9.459827633601499,-0.001235974007780527,-0.0001306550241349348,83,1,70981aa89ddbadceca42f354c3c51d05bf6dbf0c,f663379d77883542412d60804de6dc0c77beb1866344a59e0828131f39005040,796f04e7970972175a660a521caff47c83e0295f,122eacff868aa8f656ad6360716c1816f453979f,347d61f17793d636653b614ec2104baa61ac7a4b,ff6e4f0130e8f5d7629695d163db4ba4a2acb3a0c59737e7f82ebe2f52e48e7a,61cf0d498442916f91c767e09875aa06547376fc9568ebd872ad507f1609a74b
5,tongue,9,feet,different_subject_different_class,9.673542472036736,9.670979972742806,-0.002562499293929932,-0.00026496790409578073,107,1,70981aa89ddbadceca42f354c3c51d05bf6dbf0c,f663379d77883542412d60804de6dc0c77beb1866344a59e0828131f39005040,796f04e7970972175a660a521caff47c83e0295f,122eacff868aa8f656ad6360716c1816f453979f,347d61f17793d636653b614ec2104baa61ac7a4b,ff6e4f0130e8f5d7629695d163db4ba4a2acb3a0c59737e7f82ebe2f52e48e7a,61cf0d498442916f91c767e09875aa06547376fc9568ebd872ad507f1609a74b
5,tongue,9,tongue,different_subject_same_class,11.185483546309442,11.190107201317801,0.004623655008359151,0.0004131913059612733,24,1,70981aa89ddbadceca42f354c3c51d05bf6dbf0c,f663379d77883542412d60804de6dc0c77beb1866344a59e0828131f39005040,796f04e7970972175a660a521caff47c83e0295f,122eacff868aa8f656ad6360716c1816f453979f,347d61f17793d636653b614ec2104baa61ac7a4b,ff6e4f0130e8f5d7629695d163db4ba4a2acb3a0c59737e7f82ebe2f52e48e7a,61cf0d498442916f91c767e09875aa06547376fc9568ebd872ad507f1609a74b
6,left_hand,1,left_hand,different_subject_same_class,4.241718893288428,4.253074904465821,0.011356011177393377,0.002670070815228135,17,1,70981aa89ddbadceca42f354c3c51d05bf6dbf0c,f663379d77883542412d60804de6dc0c77beb1866344a59e0828131f39005040,796f04e7970972175a660a521caff47c83e0295f,122eacff868aa8f656ad6360716c1816f453979f,347d61f17793d636653b614ec2104baa61ac7a4b,ff6e4f0130e8f5d7629695d163db4ba4a2acb3a0c59737e7f82ebe2f52e48e7a,61cf0d498442916f91c767e09875aa06547376fc9568ebd872ad507f1609a74b
6,left_hand,1,right_hand,different_subject_different_class,4.369164497332002,4.371855206899399,0.0026907095673971426,0.0006154617296453063,55,1,70981aa89ddbadceca42f354c3c51d05bf6dbf0c,f663379d77883542412d60804de6dc0c77beb1866344a59e0828131f39005040,796f04e7970972175a660a521caff47c83e0295f,122eacff868aa8f656ad6360716c1816f453979f,347d61f17793d636653b614ec2104baa61ac7a4b,ff6e4f0130e8f5d7629695d163db4ba4a2acb3a0c59737e7f82ebe2f52e48e7a,61cf0d498442916f91c767e09875aa06547376fc9568ebd872ad507f1609a74b
6,left_hand,1,feet,different_subject_different_class,3.058856374181073,3.063811478239406,0.004955104058333326,0.0016173005726777732,48,1,70981aa89ddbadceca42f354c3c51d05bf6dbf0c,f663379d77883542412d60804de6dc0c77beb1866344a59e0828131f39005040,796f04e7970972175a660a521caff47c83e0295f,122eacff868aa8f656ad6360716c1816f453979f,347d61f17793d636653b614ec2104baa61ac7a4b,ff6e4f0130e8f5d7629695d163db4ba4a2acb3a0c59737e7f82ebe2f52e48e7a,61cf0d498442916f91c767e09875aa06547376fc9568ebd872ad507f1609a74b
6,left_hand,1,tongue,different_subject_different_class,2.9906047692546442,2.9978465474831686,0.007241778228524343,0.0024156600792672833,66,1,70981aa89ddbadceca42f354c3c51d05bf6dbf0c,f663379d77883542412d60804de6dc0c77beb1866344a59e0828131f39005040,796f04e7970972175a660a521caff47c83e0295f,122eacff868aa8f656ad6360716c1816f453979f,347d61f17793d636653b614ec2104baa61ac7a4b,ff6e4f0130e8f5d7629695d163db4ba4a2acb3a0c59737e7f82ebe2f52e48e7a,61cf0d498442916f91c767e09875aa06547376fc9568ebd872ad507f1609a74b
6,left_hand,2,left_hand,different_subject_same_class,3.0538128127522577,3.054341093482509,0.0005282807302511294,0.00017296062033752508,65,1,70981aa89ddbadceca42f354c3c51d05bf6dbf0c,f663379d77883542412d60804de6dc0c77beb1866344a59e0828131f39005040,796f04e7970972175a660a521caff47c83e0295f,122eacff868aa8f656ad6360716c1816f453979f,347d61f17793d636653b614ec2104baa61ac7a4b,ff6e4f0130e8f5d7629695d163db4ba4a2acb3a0c59737e7f82ebe2f52e48e7a,61cf0d498442916f91c767e09875aa06547376fc9568ebd872ad507f1609a74b
6,left_hand,2,right_hand,different_subject_different_class,3.2392091090673625,3.244874882429337,0.005665773361974491,0.0017460683592621922,61,1,70981aa89ddbadceca42f354c3c51d05bf6dbf0c,f663379d77883542412d60804de6dc0c77beb1866344a59e0828131f39005040,796f04e7970972175a660a521caff47c83e0295f,122eacff868aa8f656ad6360716c1816f453979f,347d61f17793d636653b614ec2104baa61ac7a4b,ff6e4f0130e8f5d7629695d163db4ba4a2acb3a0c59737e7f82ebe2f52e48e7a,61cf0d498442916f91c767e09875aa06547376fc9568ebd872ad507f1609a74b
6,left_hand,2,feet,different_subject_different_class,3.138917984014736,3.137175342242963,-0.0017426417717731901,-0.0005554811515658753,70,1,70981aa89ddbadceca42f354c3c51d05bf6dbf0c,f663379d77883542412d60804de6dc0c77beb1866344a59e0828131f39005040,796f04e7970972175a660a521caff47c83e0295f,122eacff868aa8f656ad6360716c1816f453979f,347d61f17793d636653b614ec2104baa61ac7a4b,ff6e4f0130e8f5d7629695d163db4ba4a2acb3a0c59737e7f82ebe2f52e48e7a,61cf0d498442916f91c767e09875aa06547376fc9568ebd872ad507f1609a74b
6,left_hand,2,tongue,different_subject_different_class,3.476105947657418,3.4808819241043425,0.0047759764469246235,0.0013720593088355098,68,1,70981aa89ddbadceca42f354c3c51d05bf6dbf0c,f663379d77883542412d60804de6dc0c77beb1866344a59e0828131f39005040,796f04e7970972175a660a521caff47c83e0295f,122eacff868aa8f656ad6360716c1816f453979f,347d61f17793d636653b614ec2104baa61ac7a4b,ff6e4f0130e8f5d7629695d163db4ba4a2acb3a0c59737e7f82ebe2f52e48e7a,61cf0d498442916f91c767e09875aa06547376fc9568ebd872ad507f1609a74b
6,left_hand,3,left_hand,different_subject_same_class,2.9277698443498954,2.992762692441702,0.06499284809180672,0.0217166727772796,2,1,70981aa89ddbadceca42f354c3c51d05bf6dbf0c,f663379d77883542412d60804de6dc0c77beb1866344a59e0828131f39005040,796f04e7970972175a660a521caff47c83e0295f,122eacff868aa8f656ad6360716c1816f453979f,347d61f17793d636653b614ec2104baa61ac7a4b,ff6e4f0130e8f5d7629695d163db4ba4a2acb3a0c59737e7f82ebe2f52e48e7a,61cf0d498442916f91c767e09875aa06547376fc9568ebd872ad507f1609a74b
6,left_hand,3,right_hand,different_subject_different_class,2.8711003499492715,2.931757510389212,0.060657160439940405,0.02068969218122263,4,1,70981aa89ddbadceca42f354c3c51d05bf6dbf0c,f663379d77883542412d60804de6dc0c77beb1866344a59e0828131f39005040,796f04e7970972175a660a521caff47c83e0295f,122eacff868aa8f656ad6360716c1816f453979f,347d61f17793d636653b614ec2104baa61ac7a4b,ff6e4f0130e8f5d7629695d163db4ba4a2acb3a0c59737e7f82ebe2f52e48e7a,61cf0d498442916f91c767e09875aa06547376fc9568ebd872ad507f1609a74b
6,left_hand,3,feet,different_subject_different_class,2.2472049003371466,2.3096925396874273,0.06248763935028068,0.027054527075165244,2,1,70981aa89ddbadceca42f354c3c51d05bf6dbf0c,f663379d77883542412d60804de6dc0c77beb1866344a59e0828131f39005040,796f04e7970972175a660a521caff47c83e0295f,122eacff868aa8f656ad6360716c1816f453979f,347d61f17793d636653b614ec2104baa61ac7a4b,ff6e4f0130e8f5d7629695d163db4ba4a2acb3a0c59737e7f82ebe2f52e48e7a,61cf0d498442916f91c767e09875aa06547376fc9568ebd872ad507f1609a74b
6,left_hand,3,tongue,different_subject_different_class,2.119578100694335,2.1686699653404093,0.04909186464607451,0.022636853661764395,27,1,70981aa89ddbadceca42f354c3c51d05bf6dbf0c,f663379d77883542412d60804de6dc0c77beb1866344a59e0828131f39005040,796f04e7970972175a660a521caff47c83e0295f,122eacff868aa8f656ad6360716c1816f453979f,347d61f17793d636653b614ec2104baa61ac7a4b,ff6e4f0130e8f5d7629695d163db4ba4a2acb3a0c59737e7f82ebe2f52e48e7a,61cf0d498442916f91c767e09875aa06547376fc9568ebd872ad507f1609a74b
6,left_hand,4,left_hand,different_subject_same_class,4.723645165354331,4.737972071499481,0.014326906145149643,0.003023847740963032,5,1,70981aa89ddbadceca42f354c3c51d05bf6dbf0c,f663379d77883542412d60804de6dc0c77beb1866344a59e0828131f39005040,796f04e7970972175a660a521caff47c83e0295f,122eacff868aa8f656ad6360716c1816f453979f,347d61f17793d636653b614ec2104baa61ac7a4b,ff6e4f0130e8f5d7629695d163db4ba4a2acb3a0c59737e7f82ebe2f52e48e7a,61cf0d498442916f91c767e09875aa06547376fc9568ebd872ad507f1609a74b
6,left_hand,4,right_hand,different_subject_different_class,4.631148878735049,4.64367680890077,0.012527930165720846,0.0026978471330536893,31,1,70981aa89ddbadceca42f354c3c51d05bf6dbf0c,f663379d77883542412d60804de6dc0c77beb1866344a59e0828131f39005040,796f04e7970972175a660a521caff47c83e0295f,122eacff868aa8f656ad6360716c1816f453979f,347d61f17793d636653b614ec2104baa61ac7a4b,ff6e4f0130e8f5d7629695d163db4ba4a2acb3a0c59737e7f82ebe2f52e48e7a,61cf0d498442916f91c767e09875aa06547376fc9568ebd872ad507f1609a74b
6,left_hand,4,feet,different_subject_different_class,3.8134921583293657,3.8311169841172905,0.01762482578792479,0.004600440514083034,49,1,70981aa89ddbadceca42f354c3c51d05bf6dbf0c,f663379d77883542412d60804de6dc0c77beb1866344a59e0828131f39005040,796f04e7970972175a660a521caff47c83e0295f,122eacff868aa8f656ad6360716c1816f453979f,347d61f17793d636653b614ec2104baa61ac7a4b,ff6e4f0130e8f5d7629695d163db4ba4a2acb3a0c59737e7f82ebe2f52e48e7a,61cf0d498442916f91c767e09875aa06547376fc9568ebd872ad507f1609a74b
6,left_hand,4,tongue,different_subject_different_class,3.8276671903897603,3.846104004702938,0.018436814313177674,0.004793633841059293,36,1,70981aa89ddbadceca42f354c3c51d05bf6dbf0c,f663379d77883542412d60804de6dc0c77beb1866344a59e0828131f39005040,796f04e7970972175a660a521caff47c83e0295f,122eacff868aa8f656ad6360716c1816f453979f,347d61f17793d636653b614ec2104baa61ac7a4b,ff6e4f0130e8f5d7629695d163db4ba4a2acb3a0c59737e7f82ebe2f52e48e7a,61cf0d498442916f91c767e09875aa06547376fc9568ebd872ad507f1609a74b
6,left_hand,5,left_hand,different_subject_same_class,6.466044137353111,6.475142516042487,0.009098378689375686,0.0014051240828806472,1,1,70981aa89ddbadceca42f354c3c51d05bf6dbf0c,f663379d77883542412d60804de6dc0c77beb1866344a59e0828131f39005040,796f04e7970972175a660a521caff47c83e0295f,122eacff868aa8f656ad6360716c1816f453979f,347d61f17793d636653b614ec2104baa61ac7a4b,ff6e4f0130e8f5d7629695d163db4ba4a2acb3a0c59737e7f82ebe2f52e48e7a,61cf0d498442916f91c767e09875aa06547376fc9568ebd872ad507f1609a74b
6,left_hand,5,right_hand,different_subject_different_class,6.497706954360416,6.500302073750753,0.002595119390337075,0.00039923058357804286,27,1,70981aa89ddbadceca42f354c3c51d05bf6dbf0c,f663379d77883542412d60804de6dc0c77beb1866344a59e0828131f39005040,796f04e7970972175a660a521caff47c83e0295f,122eacff868aa8f656ad6360716c1816f453979f,347d61f17793d636653b614ec2104baa61ac7a4b,ff6e4f0130e8f5d7629695d163db4ba4a2acb3a0c59737e7f82ebe2f52e48e7a,61cf0d498442916f91c767e09875aa06547376fc9568ebd872ad507f1609a74b
6,left_hand,5,feet,different_subject_different_class,6.3564835731169245,6.363694113244009,0.0072105401270841085,0.0011330745945311322,9,1,70981aa89ddbadceca42f354c3c51d05bf6dbf0c,f663379d77883542412d60804de6dc0c77beb1866344a59e0828131f39005040,796f04e7970972175a660a521caff47c83e0295f,122eacff868aa8f656ad6360716c1816f453979f,347d61f17793d636653b614ec2104baa61ac7a4b,ff6e4f0130e8f5d7629695d163db4ba4a2acb3a0c59737e7f82ebe2f52e48e7a,61cf0d498442916f91c767e09875aa06547376fc9568ebd872ad507f1609a74b
6,left_hand,5,tongue,different_subject_different_class,6.388621437983314,6.3916869863663175,0.0030655483830033248,0.0004796149106710391,35,1,70981aa89ddbadceca42f354c3c51d05bf6dbf0c,f663379d77883542412d60804de6dc0c77beb1866344a59e0828131f39005040,796f04e7970972175a660a521caff47c83e0295f,122eacff868aa8f656ad6360716c1816f453979f,347d61f17793d636653b614ec2104baa61ac7a4b,ff6e4f0130e8f5d7629695d163db4ba4a2acb3a0c59737e7f82ebe2f52e48e7a,61cf0d498442916f91c767e09875aa06547376fc9568ebd872ad507f1609a74b
6,left_hand,6,left_hand,same_subject_same_class,1.029969907074353,1.1785380418986549,0.14856813482430176,0.1260613824437561,1,1,70981aa89ddbadceca42f354c3c51d05bf6dbf0c,f663379d77883542412d60804de6dc0c77beb1866344a59e0828131f39005040,796f04e7970972175a660a521caff47c83e0295f,122eacff868aa8f656ad6360716c1816f453979f,347d61f17793d636653b614ec2104baa61ac7a4b,ff6e4f0130e8f5d7629695d163db4ba4a2acb3a0c59737e7f82ebe2f52e48e7a,61cf0d498442916f91c767e09875aa06547376fc9568ebd872ad507f1609a74b
6,left_hand,6,right_hand,same_subject_different_class,1.0492935203502833,1.1391611887364888,0.08986766838620541,0.0788893347796399,3,1,70981aa89ddbadceca42f354c3c51d05bf6dbf0c,f663379d77883542412d60804de6dc0c77beb1866344a59e0828131f39005040,796f04e7970972175a660a521caff47c83e0295f,122eacff868aa8f656ad6360716c1816f453979f,347d61f17793d636653b614ec2104baa61ac7a4b,ff6e4f0130e8f5d7629695d163db4ba4a2acb3a0c59737e7f82ebe2f52e48e7a,61cf0d498442916f91c767e09875aa06547376fc9568ebd872ad507f1609a74b
6,left_hand,6,feet,same_subject_different_class,1.1079660973146146,1.3329718649017257,0.2250057675871111,0.16880008761752807,2,1,70981aa89ddbadceca42f354c3c51d05bf6dbf0c,f663379d77883542412d60804de6dc0c77beb1866344a59e0828131f39005040,796f04e7970972175a660a521caff47c83e0295f,122eacff868aa8f656ad6360716c1816f453979f,347d61f17793d636653b614ec2104baa61ac7a4b,ff6e4f0130e8f5d7629695d163db4ba4a2acb3a0c59737e7f82ebe2f52e48e7a,61cf0d498442916f91c767e09875aa06547376fc9568ebd872ad507f1609a74b
6,left_hand,6,tongue,same_subject_different_class,1.0002900578261458,1.1770185690775348,0.176728511251389,0.1501492974659665,2,1,70981aa89ddbadceca42f354c3c51d05bf6dbf0c,f663379d77883542412d60804de6dc0c77beb1866344a59e0828131f39005040,796f04e7970972175a660a521caff47c83e0295f,122eacff868aa8f656ad6360716c1816f453979f,347d61f17793d636653b614ec2104baa61ac7a4b,ff6e4f0130e8f5d7629695d163db4ba4a2acb3a0c59737e7f82ebe2f52e48e7a,61cf0d498442916f91c767e09875aa06547376fc9568ebd872ad507f1609a74b
6,left_hand,7,left_hand,different_subject_same_class,3.8026274232914057,3.8250056679006788,0.022378244609273068,0.005850512797162775,9,1,70981aa89ddbadceca42f354c3c51d05bf6dbf0c,f663379d77883542412d60804de6dc0c77beb1866344a59e0828131f39005040,796f04e7970972175a660a521caff47c83e0295f,122eacff868aa8f656ad6360716c1816f453979f,347d61f17793d636653b614ec2104baa61ac7a4b,ff6e4f0130e8f5d7629695d163db4ba4a2acb3a0c59737e7f82ebe2f52e48e7a,61cf0d498442916f91c767e09875aa06547376fc9568ebd872ad507f1609a74b
6,left_hand,7,right_hand,different_subject_different_class,3.7287132249512482,3.752092400240988,0.023379175289739873,0.006230970028413555,2,1,70981aa89ddbadceca42f354c3c51d05bf6dbf0c,f663379d77883542412d60804de6dc0c77beb1866344a59e0828131f39005040,796f04e7970972175a660a521caff47c83e0295f,122eacff868aa8f656ad6360716c1816f453979f,347d61f17793d636653b614ec2104baa61ac7a4b,ff6e4f0130e8f5d7629695d163db4ba4a2acb3a0c59737e7f82ebe2f52e48e7a,61cf0d498442916f91c767e09875aa06547376fc9568ebd872ad507f1609a74b
6,left_hand,7,feet,different_subject_different_class,3.2927664485141888,3.3265372136630056,0.03377076514881683,0.010151927659222024,1,1,70981aa89ddbadceca42f354c3c51d05bf6dbf0c,f663379d77883542412d60804de6dc0c77beb1866344a59e0828131f39005040,796f04e7970972175a660a521caff47c83e0295f,122eacff868aa8f656ad6360716c1816f453979f,347d61f17793d636653b614ec2104baa61ac7a4b,ff6e4f0130e8f5d7629695d163db4ba4a2acb3a0c59737e7f82ebe2f52e48e7a,61cf0d498442916f91c767e09875aa06547376fc9568ebd872ad507f1609a74b
6,left_hand,7,tongue,different_subject_different_class,2.773874975398423,2.829004555988753,0.05512958059033002,0.01948727175911596,2,1,70981aa89ddbadceca42f354c3c51d05bf6dbf0c,f663379d77883542412d60804de6dc0c77beb1866344a59e0828131f39005040,796f04e7970972175a660a521caff47c83e0295f,122eacff868aa8f656ad6360716c1816f453979f,347d61f17793d636653b614ec2104baa61ac7a4b,ff6e4f0130e8f5d7629695d163db4ba4a2acb3a0c59737e7f82ebe2f52e48e7a,61cf0d498442916f91c767e09875aa06547376fc9568ebd872ad507f1609a74b
6,left_hand,8,left_hand,different_subject_same_class,2.3719742499283405,2.418498786863946,0.04652453693560554,0.019236948634542693,2,1,70981aa89ddbadceca42f354c3c51d05bf6dbf0c,f663379d77883542412d60804de6dc0c77beb1866344a59e0828131f39005040,796f04e7970972175a660a521caff47c83e0295f,122eacff868aa8f656ad6360716c1816f453979f,347d61f17793d636653b614ec2104baa61ac7a4b,ff6e4f0130e8f5d7629695d163db4ba4a2acb3a0c59737e7f82ebe2f52e48e7a,61cf0d498442916f91c767e09875aa06547376fc9568ebd872ad507f1609a74b
6,left_hand,8,right_hand,different_subject_different_class,2.379929012513734,2.43032831973356,0.050399307219826106,0.02073765376085131,4,1,70981aa89ddbadceca42f354c3c51d05bf6dbf0c,f663379d77883542412d60804de6dc0c77beb1866344a59e0828131f39005040,796f04e7970972175a660a521caff47c83e0295f,122eacff868aa8f656ad6360716c1816f453979f,347d61f17793d636653b614ec2104baa61ac7a4b,ff6e4f0130e8f5d7629695d163db4ba4a2acb3a0c59737e7f82ebe2f52e48e7a,61cf0d498442916f91c767e09875aa06547376fc9568ebd872ad507f1609a74b
6,left_hand,8,feet,different_subject_different_class,2.3223961133057855,2.36152496745814,0.03912885415235445,0.016569316306857148,9,1,70981aa89ddbadceca42f354c3c51d05bf6dbf0c,f663379d77883542412d60804de6dc0c77beb1866344a59e0828131f39005040,796f04e7970972175a660a521caff47c83e0295f,122eacff868aa8f656ad6360716c1816f453979f,347d61f17793d636653b614ec2104baa61ac7a4b,ff6e4f0130e8f5d7629695d163db4ba4a2acb3a0c59737e7f82ebe2f52e48e7a,61cf0d498442916f91c767e09875aa06547376fc9568ebd872ad507f1609a74b
6,left_hand,8,tongue,different_subject_different_class,2.8574976681577824,2.872783601448451,0.01528593329066874,0.005320948394080782,41,1,70981aa89ddbadceca42f354c3c51d05bf6dbf0c,f663379d77883542412d60804de6dc0c77beb1866344a59e0828131f39005040,796f04e7970972175a660a521caff47c83e0295f,122eacff868aa8f656ad6360716c1816f453979f,347d61f17793d636653b614ec2104baa61ac7a4b,ff6e4f0130e8f5d7629695d163db4ba4a2acb3a0c59737e7f82ebe2f52e48e7a,61cf0d498442916f91c767e09875aa06547376fc9568ebd872ad507f1609a74b
6,left_hand,9,left_hand,different_subject_same_class,2.4762909808752065,2.5369461773077875,0.06065519643258099,0.023908743896549043,15,1,70981aa89ddbadceca42f354c3c51d05bf6dbf0c,f663379d77883542412d60804de6dc0c77beb1866344a59e0828131f39005040,796f04e7970972175a660a521caff47c83e0295f,122eacff868aa8f656ad6360716c1816f453979f,347d61f17793d636653b614ec2104baa61ac7a4b,ff6e4f0130e8f5d7629695d163db4ba4a2acb3a0c59737e7f82ebe2f52e48e7a,61cf0d498442916f91c767e09875aa06547376fc9568ebd872ad507f1609a74b
6,left_hand,9,right_hand,different_subject_different_class,3.337343412669891,3.339487814697473,0.0021444020275822595,0.0006421350058965622,44,1,70981aa89ddbadceca42f354c3c51d05bf6dbf0c,f663379d77883542412d60804de6dc0c77beb1866344a59e0828131f39005040,796f04e7970972175a660a521caff47c83e0295f,122eacff868aa8f656ad6360716c1816f453979f,347d61f17793d636653b614ec2104baa61ac7a4b,ff6e4f0130e8f5d7629695d163db4ba4a2acb3a0c59737e7f82ebe2f52e48e7a,61cf0d498442916f91c767e09875aa06547376fc9568ebd872ad507f1609a74b
6,left_hand,9,feet,different_subject_different_class,3.5470115173666166,3.550696034642769,0.003684517276152377,0.0010376887348857704,48,1,70981aa89ddbadceca42f354c3c51d05bf6dbf0c,f663379d77883542412d60804de6dc0c77beb1866344a59e0828131f39005040,796f04e7970972175a660a521caff47c83e0295f,122eacff868aa8f656ad6360716c1816f453979f,347d61f17793d636653b614ec2104baa61ac7a4b,ff6e4f0130e8f5d7629695d163db4ba4a2acb3a0c59737e7f82ebe2f52e48e7a,61cf0d498442916f91c767e09875aa06547376fc9568ebd872ad507f1609a74b
6,left_hand,9,tongue,different_subject_different_class,4.881154249401374,4.876773736644012,-0.004380512757362176,-0.0008982399007866743,72,1,70981aa89ddbadceca42f354c3c51d05bf6dbf0c,f663379d77883542412d60804de6dc0c77beb1866344a59e0828131f39005040,796f04e7970972175a660a521caff47c83e0295f,122eacff868aa8f656ad6360716c1816f453979f,347d61f17793d636653b614ec2104baa61ac7a4b,ff6e4f0130e8f5d7629695d163db4ba4a2acb3a0c59737e7f82ebe2f52e48e7a,61cf0d498442916f91c767e09875aa06547376fc9568ebd872ad507f1609a74b
6,right_hand,1,left_hand,different_subject_different_class,4.4652405632713,4.464306941281214,-0.0009336219900859533,-0.00020913033139652635,73,1,70981aa89ddbadceca42f354c3c51d05bf6dbf0c,f663379d77883542412d60804de6dc0c77beb1866344a59e0828131f39005040,796f04e7970972175a660a521caff47c83e0295f,122eacff868aa8f656ad6360716c1816f453979f,347d61f17793d636653b614ec2104baa61ac7a4b,ff6e4f0130e8f5d7629695d163db4ba4a2acb3a0c59737e7f82ebe2f52e48e7a,61cf0d498442916f91c767e09875aa06547376fc9568ebd872ad507f1609a74b
6,right_hand,1,right_hand,different_subject_same_class,4.554062021094107,4.547789062479632,-0.006272958614474966,-0.0013793424735171653,92,1,70981aa89ddbadceca42f354c3c51d05bf6dbf0c,f663379d77883542412d60804de6dc0c77beb1866344a59e0828131f39005040,796f04e7970972175a660a521caff47c83e0295f,122eacff868aa8f656ad6360716c1816f453979f,347d61f17793d636653b614ec2104baa61ac7a4b,ff6e4f0130e8f5d7629695d163db4ba4a2acb3a0c59737e7f82ebe2f52e48e7a,61cf0d498442916f91c767e09875aa06547376fc9568ebd872ad507f1609a74b
6,right_hand,1,feet,different_subject_different_class,3.2246090154998965,3.238601046777523,0.013992031277626271,0.0043203936130227095,35,1,70981aa89ddbadceca42f354c3c51d05bf6dbf0c,f663379d77883542412d60804de6dc0c77beb1866344a59e0828131f39005040,796f04e7970972175a660a521caff47c83e0295f,122eacff868aa8f656ad6360716c1816f453979f,347d61f17793d636653b614ec2104baa61ac7a4b,ff6e4f0130e8f5d7629695d163db4ba4a2acb3a0c59737e7f82ebe2f52e48e7a,61cf0d498442916f91c767e09875aa06547376fc9568ebd872ad507f1609a74b
6,right_hand,1,tongue,different_subject_different_class,3.1438443933234455,3.169283368041245,0.025438974717799656,0.008026727737356616,31,1,70981aa89ddbadceca42f354c3c51d05bf6dbf0c,f663379d77883542412d60804de6dc0c77beb1866344a59e0828131f39005040,796f04e7970972175a660a521caff47c83e0295f,122eacff868aa8f656ad6360716c1816f453979f,347d61f17793d636653b614ec2104baa61ac7a4b,ff6e4f0130e8f5d7629695d163db4ba4a2acb3a0c59737e7f82ebe2f52e48e7a,61cf0d498442916f91c767e09875aa06547376fc9568ebd872ad507f1609a74b
6,right_hand,2,left_hand,different_subject_different_class,3.203427007994409,3.223670856977902,0.02024384898349263,0.0062797505954037295,19,1,70981aa89ddbadceca42f354c3c51d05bf6dbf0c,f663379d77883542412d60804de6dc0c77beb1866344a59e0828131f39005040,796f04e7970972175a660a521caff47c83e0295f,122eacff868aa8f656ad6360716c1816f453979f,347d61f17793d636653b614ec2104baa61ac7a4b,ff6e4f0130e8f5d7629695d163db4ba4a2acb3a0c59737e7f82ebe2f52e48e7a,61cf0d498442916f91c767e09875aa06547376fc9568ebd872ad507f1609a74b
6,right_hand,2,right_hand,different_subject_same_class,3.397642210038221,3.4268962028825243,0.02925399284430341,0.008536585619283273,15,1,70981aa89ddbadceca42f354c3c51d05bf6dbf0c,f663379d77883542412d60804de6dc0c77beb1866344a59e0828131f39005040,796f04e7970972175a660a521caff47c83e0295f,122eacff868aa8f656ad6360716c1816f453979f,347d61f17793d636653b614ec2104baa61ac7a4b,ff6e4f0130e8f5d7629695d163db4ba4a2acb3a0c59737e7f82ebe2f52e48e7a,61cf0d498442916f91c767e09875aa06547376fc9568ebd872ad507f1609a74b
6,right_hand,2,feet,different_subject_different_class,3.298634951564447,3.3265613073812434,0.027926355816796367,0.008394962015229093,26,1,70981aa89ddbadceca42f354c3c51d05bf6dbf0c,f663379d77883542412d60804de6dc0c77beb1866344a59e0828131f39005040,796f04e7970972175a660a521caff47c83e0295f,122eacff868aa8f656ad6360716c1816f453979f,347d61f17793d636653b614ec2104baa61ac7a4b,ff6e4f0130e8f5d7629695d163db4ba4a2acb3a0c59737e7f82ebe2f52e48e7a,61cf0d498442916f91c767e09875aa06547376fc9568ebd872ad507f1609a74b
6,right_hand,2,tongue,different_subject_different_class,3.64769187173201,3.6768253935052435,0.029133521773233362,0.00792355324370173,16,1,70981aa89ddbadceca42f354c3c51d05bf6dbf0c,f663379d77883542412d60804de6dc0c77beb1866344a59e0828131f39005040,796f04e7970972175a660a521caff47c83e0295f,122eacff868aa8f656ad6360716c1816f453979f,347d61f17793d636653b614ec2104baa61ac7a4b,ff6e4f0130e8f5d7629695d163db4ba4a2acb3a0c59737e7f82ebe2f52e48e7a,61cf0d498442916f91c767e09875aa06547376fc9568ebd872ad507f1609a74b
6,right_hand,3,left_hand,different_subject_different_class,3.1588639073738336,3.2143959682133847,0.05553206083955109,0.01727604856050661,1,1,70981aa89ddbadceca42f354c3c51d05bf6dbf0c,f663379d77883542412d60804de6dc0c77beb1866344a59e0828131f39005040,796f04e7970972175a660a521caff47c83e0295f,122eacff868aa8f656ad6360716c1816f453979f,347d61f17793d636653b614ec2104baa61ac7a4b,ff6e4f0130e8f5d7629695d163db4ba4a2acb3a0c59737e7f82ebe2f52e48e7a,61cf0d498442916f91c767e09875aa06547376fc9568ebd872ad507f1609a74b
6,right_hand,3,right_hand,different_subject_same_class,3.0067558981390126,3.060650148302482,0.053894250163469604,0.017608758777399234,1,1,70981aa89ddbadceca42f354c3c51d05bf6dbf0c,f663379d77883542412d60804de6dc0c77beb1866344a59e0828131f39005040,796f04e7970972175a660a521caff47c83e0295f,122eacff868aa8f656ad6360716c1816f453979f,347d61f17793d636653b614ec2104baa61ac7a4b,ff6e4f0130e8f5d7629695d163db4ba4a2acb3a0c59737e7f82ebe2f52e48e7a,61cf0d498442916f91c767e09875aa06547376fc9568ebd872ad507f1609a74b
6,right_hand,3,feet,different_subject_different_class,2.3822767456630696,2.4681150628163726,0.08583831715330303,0.03477889602738079,3,1,70981aa89ddbadceca42f354c3c51d05bf6dbf0c,f663379d77883542412d60804de6dc0c77beb1866344a59e0828131f39005040,796f04e7970972175a660a521caff47c83e0295f,122eacff868aa8f656ad6360716c1816f453979f,347d61f17793d636653b614ec2104baa61ac7a4b,ff6e4f0130e8f5d7629695d163db4ba4a2acb3a0c59737e7f82ebe2f52e48e7a,61cf0d498442916f91c767e09875aa06547376fc9568ebd872ad507f1609a74b
6,right_hand,3,tongue,different_subject_different_class,2.202509764320687,2.290556654837188,0.08804689051650127,0.03843908000728304,6,1,70981aa89ddbadceca42f354c3c51d05bf6dbf0c,f663379d77883542412d60804de6dc0c77beb1866344a59e0828131f39005040,796f04e7970972175a660a521caff47c83e0295f,122eacff868aa8f656ad6360716c1816f453979f,347d61f17793d636653b614ec2104baa61ac7a4b,ff6e4f0130e8f5d7629695d163db4ba4a2acb3a0c59737e7f82ebe2f52e48e7a,61cf0d498442916f91c767e09875aa06547376fc9568ebd872ad507f1609a74b
6,right_hand,4,left_hand,different_subject_different_class,4.901786815892646,4.913321601229805,0.011534785337159015,0.0023476552673189267,11,1,70981aa89ddbadceca42f354c3c51d05bf6dbf0c,f663379d77883542412d60804de6dc0c77beb1866344a59e0828131f39005040,796f04e7970972175a660a521caff47c83e0295f,122eacff868aa8f656ad6360716c1816f453979f,347d61f17793d636653b614ec2104baa61ac7a4b,ff6e4f0130e8f5d7629695d163db4ba4a2acb3a0c59737e7f82ebe2f52e48e7a,61cf0d498442916f91c767e09875aa06547376fc9568ebd872ad507f1609a74b
6,right_hand,4,right_hand,different_subject_same_class,4.782965511187256,4.80549826058013,0.022532749392873974,0.004688951732167264,7,1,70981aa89ddbadceca42f354c3c51d05bf6dbf0c,f663379d77883542412d60804de6dc0c77beb1866344a59e0828131f39005040,796f04e7970972175a660a521caff47c83e0295f,122eacff868aa8f656ad6360716c1816f453979f,347d61f17793d636653b614ec2104baa61ac7a4b,ff6e4f0130e8f5d7629695d163db4ba4a2acb3a0c59737e7f82ebe2f52e48e7a,61cf0d498442916f91c767e09875aa06547376fc9568ebd872ad507f1609a74b
6,right_hand,4,feet,different_subject_different_class,3.9423857264595736,3.982383145564805,0.03999741910523147,0.010043588887165902,19,1,70981aa89ddbadceca42f354c3c51d05bf6dbf0c,f663379d77883542412d60804de6dc0c77beb1866344a59e0828131f39005040,796f04e7970972175a660a521caff47c83e0295f,122eacff868aa8f656ad6360716c1816f453979f,347d61f17793d636653b614ec2104baa61ac7a4b,ff6e4f0130e8f5d7629695d163db4ba4a2acb3a0c59737e7f82ebe2f52e48e7a,61cf0d498442916f91c767e09875aa06547376fc9568ebd872ad507f1609a74b
6,right_hand,4,tongue,different_subject_different_class,3.955266800336185,3.9925318706885644,0.03726507035237958,0.009333693896337697,14,1,70981aa89ddbadceca42f354c3c51d05bf6dbf0c,f663379d77883542412d60804de6dc0c77beb1866344a59e0828131f39005040,796f04e7970972175a660a521caff47c83e0295f,122eacff868aa8f656ad6360716c1816f453979f,347d61f17793d636653b614ec2104baa61ac7a4b,ff6e4f0130e8f5d7629695d163db4ba4a2acb3a0c59737e7f82ebe2f52e48e7a,61cf0d498442916f91c767e09875aa06547376fc9568ebd872ad507f1609a74b
6,right_hand,5,left_hand,different_subject_different_class,6.68293003649915,6.691570490753346,0.008640454254195795,0.0012912445988778698,1,1,70981aa89ddbadceca42f354c3c51d05bf6dbf0c,f663379d77883542412d60804de6dc0c77beb1866344a59e0828131f39005040,796f04e7970972175a660a521caff47c83e0295f,122eacff868aa8f656ad6360716c1816f453979f,347d61f17793d636653b614ec2104baa61ac7a4b,ff6e4f0130e8f5d7629695d163db4ba4a2acb3a0c59737e7f82ebe2f52e48e7a,61cf0d498442916f91c767e09875aa06547376fc9568ebd872ad507f1609a74b
6,right_hand,5,right_hand,different_subject_same_class,6.705329744154543,6.711390779410356,0.006061035255812364,0.0009030967581871116,15,1,70981aa89ddbadceca42f354c3c51d05bf6dbf0c,f663379d77883542412d60804de6dc0c77beb1866344a59e0828131f39005040,796f04e7970972175a660a521caff47c83e0295f,122eacff868aa8f656ad6360716c1816f453979f,347d61f17793d636653b614ec2104baa61ac7a4b,ff6e4f0130e8f5d7629695d163db4ba4a2acb3a0c59737e7f82ebe2f52e48e7a,61cf0d498442916f91c767e09875aa06547376fc9568ebd872ad507f1609a74b
6,right_hand,5,feet,different_subject_different_class,6.574421455351921,6.581957980712334,0.007536525360412938,0.0011450278750635987,1,1,70981aa89ddbadceca42f354c3c51d05bf6dbf0c,f663379d77883542412d60804de6dc0c77beb1866344a59e0828131f39005040,796f04e7970972175a660a521caff47c83e0295f,122eacff868aa8f656ad6360716c1816f453979f,347d61f17793d636653b614ec2104baa61ac7a4b,ff6e4f0130e8f5d7629695d163db4ba4a2acb3a0c59737e7f82ebe2f52e48e7a,61cf0d498442916f91c767e09875aa06547376fc9568ebd872ad507f1609a74b
6,right_hand,5,tongue,different_subject_different_class,6.606862962258879,6.611335880256463,0.0044729179975835365,0.0006765528296544549,27,1,70981aa89ddbadceca42f354c3c51d05bf6dbf0c,f663379d77883542412d60804de6dc0c77beb1866344a59e0828131f39005040,796f04e7970972175a660a521caff47c83e0295f,122eacff868aa8f656ad6360716c1816f453979f,347d61f17793d636653b614ec2104baa61ac7a4b,ff6e4f0130e8f5d7629695d163db4ba4a2acb3a0c59737e7f82ebe2f52e48e7a,61cf0d498442916f91c767e09875aa06547376fc9568ebd872ad507f1609a74b
6,right_hand,6,left_hand,same_subject_different_class,1.1918392101892434,1.3122065522201898,0.12036734203094634,0.09172895976421597,2,1,70981aa89ddbadceca42f354c3c51d05bf6dbf0c,f663379d77883542412d60804de6dc0c77beb1866344a59e0828131f39005040,796f04e7970972175a660a521caff47c83e0295f,122eacff868aa8f656ad6360716c1816f453979f,347d61f17793d636653b614ec2104baa61ac7a4b,ff6e4f0130e8f5d7629695d163db4ba4a2acb3a0c59737e7f82ebe2f52e48e7a,61cf0d498442916f91c767e09875aa06547376fc9568ebd872ad507f1609a74b
6,right_hand,6,right_hand,same_subject_same_class,1.0863182763249355,1.1727895023980883,0.08647122607315283,0.07373124153681355,6,1,70981aa89ddbadceca42f354c3c51d05bf6dbf0c,f663379d77883542412d60804de6dc0c77beb1866344a59e0828131f39005040,796f04e7970972175a660a521caff47c83e0295f,122eacff868aa8f656ad6360716c1816f453979f,347d61f17793d636653b614ec2104baa61ac7a4b,ff6e4f0130e8f5d7629695d163db4ba4a2acb3a0c59737e7f82ebe2f52e48e7a,61cf0d498442916f91c767e09875aa06547376fc9568ebd872ad507f1609a74b
6,right_hand,6,feet,same_subject_different_class,1.0405549401722012,1.3098263140939919,0.2692713739217907,0.2055779235951951,2,1,70981aa89ddbadceca42f354c3c51d05bf6dbf0c,f663379d77883542412d60804de6dc0c77beb1866344a59e0828131f39005040,796f04e7970972175a660a521caff47c83e0295f,122eacff868aa8f656ad6360716c1816f453979f,347d61f17793d636653b614ec2104baa61ac7a4b,ff6e4f0130e8f5d7629695d163db4ba4a2acb3a0c59737e7f82ebe2f52e48e7a,61cf0d498442916f91c767e09875aa06547376fc9568ebd872ad507f1609a74b
6,right_hand,6,tongue,same_subject_different_class,1.035050336394685,1.1931467585922322,0.15809642219754716,0.13250375199785286,1,1,70981aa89ddbadceca42f354c3c51d05bf6dbf0c,f663379d77883542412d60804de6dc0c77beb1866344a59e0828131f39005040,796f04e7970972175a660a521caff47c83e0295f,122eacff868aa8f656ad6360716c1816f453979f,347d61f17793d636653b614ec2104baa61ac7a4b,ff6e4f0130e8f5d7629695d163db4ba4a2acb3a0c59737e7f82ebe2f52e48e7a,61cf0d498442916f91c767e09875aa06547376fc9568ebd872ad507f1609a74b
6,right_hand,7,left_hand,different_subject_different_class,3.996050971120871,4.013637219211063,0.017586248090191603,0.0043816237317154515,4,1,70981aa89ddbadceca42f354c3c51d05bf6dbf0c,f663379d77883542412d60804de6dc0c77beb1866344a59e0828131f39005040,796f04e7970972175a660a521caff47c83e0295f,122eacff868aa8f656ad6360716c1816f453979f,347d61f17793d636653b614ec2104baa61ac7a4b,ff6e4f0130e8f5d7629695d163db4ba4a2acb3a0c59737e7f82ebe2f52e48e7a,61cf0d498442916f91c767e09875aa06547376fc9568ebd872ad507f1609a74b
6,right_hand,7,right_hand,different_subject_same_class,3.90806688520899,3.9237727695634232,0.01570588435443332,0.004002750739355589,4,1,70981aa89ddbadceca42f354c3c51d05bf6dbf0c,f663379d77883542412d60804de6dc0c77beb1866344a59e0828131f39005040,796f04e7970972175a660a521caff47c83e0295f,122eacff868aa8f656ad6360716c1816f453979f,347d61f17793d636653b614ec2104baa61ac7a4b,ff6e4f0130e8f5d7629695d163db4ba4a2acb3a0c59737e7f82ebe2f52e48e7a,61cf0d498442916f91c767e09875aa06547376fc9568ebd872ad507f1609a74b
6,right_hand,7,feet,different_subject_different_class,3.485963498069473,3.5114204941387976,0.0254569960693245,0.00724977145625734,15,1,70981aa89ddbadceca42f354c3c51d05bf6dbf0c,f663379d77883542412d60804de6dc0c77beb1866344a59e0828131f39005040,796f04e7970972175a660a521caff47c83e0295f,122eacff868aa8f656ad6360716c1816f453979f,347d61f17793d636653b614ec2104baa61ac7a4b,ff6e4f0130e8f5d7629695d163db4ba4a2acb3a0c59737e7f82ebe2f52e48e7a,61cf0d498442916f91c767e09875aa06547376fc9568ebd872ad507f1609a74b
6,right_hand,7,tongue,different_subject_different_class,2.9426277160210006,3.001717755400134,0.059090039379133596,0.019685408220952737,2,1,70981aa89ddbadceca42f354c3c51d05bf6dbf0c,f663379d77883542412d60804de6dc0c77beb1866344a59e0828131f39005040,796f04e7970972175a660a521caff47c83e0295f,122eacff868aa8f656ad6360716c1816f453979f,347d61f17793d636653b614ec2104baa61ac7a4b,ff6e4f0130e8f5d7629695d163db4ba4a2acb3a0c59737e7f82ebe2f52e48e7a,61cf0d498442916f91c767e09875aa06547376fc9568ebd872ad507f1609a74b
6,right_hand,8,left_hand,different_subject_different_class,2.475783408410792,2.4967160635835826,0.020932655172790415,0.008384075177032902,11,1,70981aa89ddbadceca42f354c3c51d05bf6dbf0c,f663379d77883542412d60804de6dc0c77beb1866344a59e0828131f39005040,796f04e7970972175a660a521caff47c83e0295f,122eacff868aa8f656ad6360716c1816f453979f,347d61f17793d636653b614ec2104baa61ac7a4b,ff6e4f0130e8f5d7629695d163db4ba4a2acb3a0c59737e7f82ebe2f52e48e7a,61cf0d498442916f91c767e09875aa06547376fc9568ebd872ad507f1609a74b
6,right_hand,8,right_hand,different_subject_same_class,2.3429898349524607,2.397903861177909,0.054914026225448165,0.022900845657120323,5,1,70981aa89ddbadceca42f354c3c51d05bf6dbf0c,f663379d77883542412d60804de6dc0c77beb1866344a59e0828131f39005040,796f04e7970972175a660a521caff47c83e0295f,122eacff868aa8f656ad6360716c1816f453979f,347d61f17793d636653b614ec2104baa61ac7a4b,ff6e4f0130e8f5d7629695d163db4ba4a2acb3a0c59737e7f82ebe2f52e48e7a,61cf0d498442916f91c767e09875aa06547376fc9568ebd872ad507f1609a74b
6,right_hand,8,feet,different_subject_different_class,2.321322997856739,2.358384074581326,0.03706107672458714,0.015714606083051353,6,1,70981aa89ddbadceca42f354c3c51d05bf6dbf0c,f663379d77883542412d60804de6dc0c77beb1866344a59e0828131f39005040,796f04e7970972175a660a521caff47c83e0295f,122eacff868aa8f656ad6360716c1816f453979f,347d61f17793d636653b614ec2104baa61ac7a4b,ff6e4f0130e8f5d7629695d163db4ba4a2acb3a0c59737e7f82ebe2f52e48e7a,61cf0d498442916f91c767e09875aa06547376fc9568ebd872ad507f1609a74b
6,right_hand,8,tongue,different_subject_different_class,2.768202951971854,2.8126258543108444,0.0444229023389906,0.015794102962861087,14,1,70981aa89ddbadceca42f354c3c51d05bf6dbf0c,f663379d77883542412d60804de6dc0c77beb1866344a59e0828131f39005040,796f04e7970972175a660a521caff47c83e0295f,122eacff868aa8f656ad6360716c1816f453979f,347d61f17793d636653b614ec2104baa61ac7a4b,ff6e4f0130e8f5d7629695d163db4ba4a2acb3a0c59737e7f82ebe2f52e48e7a,61cf0d498442916f91c767e09875aa06547376fc9568ebd872ad507f1609a74b
6,right_hand,9,left_hand,different_subject_different_class,2.5223594090919055,2.5106698854717973,-0.011689523620108222,-0.004655938117452491,69,1,70981aa89ddbadceca42f354c3c51d05bf6dbf0c,f663379d77883542412d60804de6dc0c77beb1866344a59e0828131f39005040,796f04e7970972175a660a521caff47c83e0295f,122eacff868aa8f656ad6360716c1816f453979f,347d61f17793d636653b614ec2104baa61ac7a4b,ff6e4f0130e8f5d7629695d163db4ba4a2acb3a0c59737e7f82ebe2f52e48e7a,61cf0d498442916f91c767e09875aa06547376fc9568ebd872ad507f1609a74b
6,right_hand,9,right_hand,different_subject_same_class,3.1585324006807616,3.171561643108764,0.013029242428002519,0.004108147308538912,24,1,70981aa89ddbadceca42f354c3c51d05bf6dbf0c,f663379d77883542412d60804de6dc0c77beb1866344a59e0828131f39005040,796f04e7970972175a660a521caff47c83e0295f,122eacff868aa8f656ad6360716c1816f453979f,347d61f17793d636653b614ec2104baa61ac7a4b,ff6e4f0130e8f5d7629695d163db4ba4a2acb3a0c59737e7f82ebe2f52e48e7a,61cf0d498442916f91c767e09875aa06547376fc9568ebd872ad507f1609a74b
6,right_hand,9,feet,different_subject_different_class,3.394064223878137,3.3947649885467035,0.0007007646685663893,0.0002064250900815335,56,1,70981aa89ddbadceca42f354c3c51d05bf6dbf0c,f663379d77883542412d60804de6dc0c77beb1866344a59e0828131f39005040,796f04e7970972175a660a521caff47c83e0295f,122eacff868aa8f656ad6360716c1816f453979f,347d61f17793d636653b614ec2104baa61ac7a4b,ff6e4f0130e8f5d7629695d163db4ba4a2acb3a0c59737e7f82ebe2f52e48e7a,61cf0d498442916f91c767e09875aa06547376fc9568ebd872ad507f1609a74b
6,right_hand,9,tongue,different_subject_different_class,4.693411241520886,4.707089637739707,0.013678396218820943,0.0029059136900968724,31,1,70981aa89ddbadceca42f354c3c51d05bf6dbf0c,f663379d77883542412d60804de6dc0c77beb1866344a59e0828131f39005040,796f04e7970972175a660a521caff47c83e0295f,122eacff868aa8f656ad6360716c1816f453979f,347d61f17793d636653b614ec2104baa61ac7a4b,ff6e4f0130e8f5d7629695d163db4ba4a2acb3a0c59737e7f82ebe2f52e48e7a,61cf0d498442916f91c767e09875aa06547376fc9568ebd872ad507f1609a74b
6,feet,1,left_hand,different_subject_different_class,4.949505733847942,4.9340061572226155,-0.015499576625326306,-0.00314137764150078,104,1,70981aa89ddbadceca42f354c3c51d05bf6dbf0c,f663379d77883542412d60804de6dc0c77beb1866344a59e0828131f39005040,796f04e7970972175a660a521caff47c83e0295f,122eacff868aa8f656ad6360716c1816f453979f,347d61f17793d636653b614ec2104baa61ac7a4b,ff6e4f0130e8f5d7629695d163db4ba4a2acb3a0c59737e7f82ebe2f52e48e7a,61cf0d498442916f91c767e09875aa06547376fc9568ebd872ad507f1609a74b
6,feet,1,right_hand,different_subject_different_class,5.06094200050522,5.034782865563753,-0.02615913494146671,-0.005195682840741063,117,1,70981aa89ddbadceca42f354c3c51d05bf6dbf0c,f663379d77883542412d60804de6dc0c77beb1866344a59e0828131f39005040,796f04e7970972175a660a521caff47c83e0295f,122eacff868aa8f656ad6360716c1816f453979f,347d61f17793d636653b614ec2104baa61ac7a4b,ff6e4f0130e8f5d7629695d163db4ba4a2acb3a0c59737e7f82ebe2f52e48e7a,61cf0d498442916f91c767e09875aa06547376fc9568ebd872ad507f1609a74b
6,feet,1,feet,different_subject_same_class,3.6293201775350177,3.670183052822966,0.04086287528794852,0.01113374311303583,29,1,70981aa89ddbadceca42f354c3c51d05bf6dbf0c,f663379d77883542412d60804de6dc0c77beb1866344a59e0828131f39005040,796f04e7970972175a660a521caff47c83e0295f,122eacff868aa8f656ad6360716c1816f453979f,347d61f17793d636653b614ec2104baa61ac7a4b,ff6e4f0130e8f5d7629695d163db4ba4a2acb3a0c59737e7f82ebe2f52e48e7a,61cf0d498442916f91c767e09875aa06547376fc9568ebd872ad507f1609a74b
6,feet,1,tongue,different_subject_different_class,3.5124774745495824,3.5769152921228162,0.06443781757323386,0.018014912937731747,21,1,70981aa89ddbadceca42f354c3c51d05bf6dbf0c,f663379d77883542412d60804de6dc0c77beb1866344a59e0828131f39005040,796f04e7970972175a660a521caff47c83e0295f,122eacff868aa8f656ad6360716c1816f453979f,347d61f17793d636653b614ec2104baa61ac7a4b,ff6e4f0130e8f5d7629695d163db4ba4a2acb3a0c59737e7f82ebe2f52e48e7a,61cf0d498442916f91c767e09875aa06547376fc9568ebd872ad507f1609a74b
6,feet,2,left_hand,different_subject_different_class,3.567822445180143,3.615451788627607,0.047629343447463945,0.013173828951967195,19,1,70981aa89ddbadceca42f354c3c51d05bf6dbf0c,f663379d77883542412d60804de6dc0c77beb1866344a59e0828131f39005040,796f04e7970972175a660a521caff47c83e0295f,122eacff868aa8f656ad6360716c1816f453979f,347d61f17793d636653b614ec2104baa61ac7a4b,ff6e4f0130e8f5d7629695d163db4ba4a2acb3a0c59737e7f82ebe2f52e48e7a,61cf0d498442916f91c767e09875aa06547376fc9568ebd872ad507f1609a74b
6,feet,2,right_hand,different_subject_different_class,3.8042753989398137,3.862254440180169,0.057979041240355134,0.015011709388481016,16,1,70981aa89ddbadceca42f354c3c51d05bf6dbf0c,f663379d77883542412d60804de6dc0c77beb1866344a59e0828131f39005040,796f04e7970972175a660a521caff47c83e0295f,122eacff868aa8f656ad6360716c1816f453979f,347d61f17793d636653b614ec2104baa61ac7a4b,ff6e4f0130e8f5d7629695d163db4ba4a2acb3a0c59737e7f82ebe2f52e48e7a,61cf0d498442916f91c767e09875aa06547376fc9568ebd872ad507f1609a74b
6,feet,2,feet,different_subject_same_class,3.666117298977926,3.731655653392595,0.06553835441466926,0.017562808710682016,22,1,70981aa89ddbadceca42f354c3c51d05bf6dbf0c,f663379d77883542412d60804de6dc0c77beb1866344a59e0828131f39005040,796f04e7970972175a660a521caff47c83e0295f,122eacff868aa8f656ad6360716c1816f453979f,347d61f17793d636653b614ec2104baa61ac7a4b,ff6e4f0130e8f5d7629695d163db4ba4a2acb3a0c59737e7f82ebe2f52e48e7a,61cf0d498442916f91c767e09875aa06547376fc9568ebd872ad507f1609a74b
6,feet,2,tongue,different_subject_different_class,4.055662904492456,4.112090377952739,0.05642747346028276,0.013722332992198475,18,1,70981aa89ddbadceca42f354c3c51d05bf6dbf0c,f663379d77883542412d60804de6dc0c77beb1866344a59e0828131f39005040,796f04e7970972175a660a521caff47c83e0295f,122eacff868aa8f656ad6360716c1816f453979f,347d61f17793d636653b614ec2104baa61ac7a4b,ff6e4f0130e8f5d7629695d163db4ba4a2acb3a0c59737e7f82ebe2f52e48e7a,61cf0d498442916f91c767e09875aa06547376fc9568ebd872ad507f1609a74b
6,feet,3,left_hand,different_subject_different_class,3.5161649789746536,3.5929019570378884,0.07673697806323476,0.02135793822954728,3,1,70981aa89ddbadceca42f354c3c51d05bf6dbf0c,f663379d77883542412d60804de6dc0c77beb1866344a59e0828131f39005040,796f04e7970972175a660a521caff47c83e0295f,122eacff868aa8f656ad6360716c1816f453979f,347d61f17793d636653b614ec2104baa61ac7a4b,ff6e4f0130e8f5d7629695d163db4ba4a2acb3a0c59737e7f82ebe2f52e48e7a,61cf0d498442916f91c767e09875aa06547376fc9568ebd872ad507f1609a74b
6,feet,3,right_hand,different_subject_different_class,3.3934834168679853,3.4573170635386266,0.06383364667064129,0.01846334758933171,3,1,70981aa89ddbadceca42f354c3c51d05bf6dbf0c,f663379d77883542412d60804de6dc0c77beb1866344a59e0828131f39005040,796f04e7970972175a660a521caff47c83e0295f,122eacff868aa8f656ad6360716c1816f453979f,347d61f17793d636653b614ec2104baa61ac7a4b,ff6e4f0130e8f5d7629695d163db4ba4a2acb3a0c59737e7f82ebe2f52e48e7a,61cf0d498442916f91c767e09875aa06547376fc9568ebd872ad507f1609a74b
6,feet,3,feet,different_subject_same_class,2.638018403667024,2.7937553511765216,0.15573694750949763,0.05574466190960953,2,1,70981aa89ddbadceca42f354c3c51d05bf6dbf0c,f663379d77883542412d60804de6dc0c77beb1866344a59e0828131f39005040,796f04e7970972175a660a521caff47c83e0295f,122eacff868aa8f656ad6360716c1816f453979f,347d61f17793d636653b614ec2104baa61ac7a4b,ff6e4f0130e8f5d7629695d163db4ba4a2acb3a0c59737e7f82ebe2f52e48e7a,61cf0d498442916f91c767e09875aa06547376fc9568ebd872ad507f1609a74b
6,feet,3,tongue,different_subject_different_class,2.3016227081293703,2.484874530178727,0.18325182204935686,0.07374691149342509,6,1,70981aa89ddbadceca42f354c3c51d05bf6dbf0c,f663379d77883542412d60804de6dc0c77beb1866344a59e0828131f39005040,796f04e7970972175a660a521caff47c83e0295f,122eacff868aa8f656ad6360716c1816f453979f,347d61f17793d636653b614ec2104baa61ac7a4b,ff6e4f0130e8f5d7629695d163db4ba4a2acb3a0c59737e7f82ebe2f52e48e7a,61cf0d498442916f91c767e09875aa06547376fc9568ebd872ad507f1609a74b
6,feet,4,left_hand,different_subject_different_class,5.38186864358473,5.404847227086137,0.02297858350140647,0.0042514769679798505,6,1,70981aa89ddbadceca42f354c3c51d05bf6dbf0c,f663379d77883542412d60804de6dc0c77beb1866344a59e0828131f39005040,796f04e7970972175a660a521caff47c83e0295f,122eacff868aa8f656ad6360716c1816f453979f,347d61f17793d636653b614ec2104baa61ac7a4b,ff6e4f0130e8f5d7629695d163db4ba4a2acb3a0c59737e7f82ebe2f52e48e7a,61cf0d498442916f91c767e09875aa06547376fc9568ebd872ad507f1609a74b
6,feet,4,right_hand,different_subject_different_class,5.256162931296031,5.297095041582922,0.04093211028689048,0.007727275037651355,9,1,70981aa89ddbadceca42f354c3c51d05bf6dbf0c,f663379d77883542412d60804de6dc0c77beb1866344a59e0828131f39005040,796f04e7970972175a660a521caff47c83e0295f,122eacff868aa8f656ad6360716c1816f453979f,347d61f17793d636653b614ec2104baa61ac7a4b,ff6e4f0130e8f5d7629695d163db4ba4a2acb3a0c59737e7f82ebe2f52e48e7a,61cf0d498442916f91c767e09875aa06547376fc9568ebd872ad507f1609a74b
6,feet,4,feet,different_subject_same_class,4.339834105909489,4.426237730775615,0.08640362486612574,0.01952078268759982,23,1,70981aa89ddbadceca42f354c3c51d05bf6dbf0c,f663379d77883542412d60804de6dc0c77beb1866344a59e0828131f39005040,796f04e7970972175a660a521caff47c83e0295f,122eacff868aa8f656ad6360716c1816f453979f,347d61f17793d636653b614ec2104baa61ac7a4b,ff6e4f0130e8f5d7629695d163db4ba4a2acb3a0c59737e7f82ebe2f52e48e7a,61cf0d498442916f91c767e09875aa06547376fc9568ebd872ad507f1609a74b
6,feet,4,tongue,different_subject_different_class,4.370147080432592,4.452119583175362,0.08197250274276957,0.018412017290044297,13,1,70981aa89ddbadceca42f354c3c51d05bf6dbf0c,f663379d77883542412d60804de6dc0c77beb1866344a59e0828131f39005040,796f04e7970972175a660a521caff47c83e0295f,122eacff868aa8f656ad6360716c1816f453979f,347d61f17793d636653b614ec2104baa61ac7a4b,ff6e4f0130e8f5d7629695d163db4ba4a2acb3a0c59737e7f82ebe2f52e48e7a,61cf0d498442916f91c767e09875aa06547376fc9568ebd872ad507f1609a74b
6,feet,5,left_hand,different_subject_different_class,7.178561728984495,7.1898043765589605,0.011242647574465359,0.0015636931111950626,3,1,70981aa89ddbadceca42f354c3c51d05bf6dbf0c,f663379d77883542412d60804de6dc0c77beb1866344a59e0828131f39005040,796f04e7970972175a660a521caff47c83e0295f,122eacff868aa8f656ad6360716c1816f453979f,347d61f17793d636653b614ec2104baa61ac7a4b,ff6e4f0130e8f5d7629695d163db4ba4a2acb3a0c59737e7f82ebe2f52e48e7a,61cf0d498442916f91c767e09875aa06547376fc9568ebd872ad507f1609a74b
6,feet,5,right_hand,different_subject_different_class,7.207079773881569,7.213556864573594,0.006477090692024845,0.000897905265547209,23,1,70981aa89ddbadceca42f354c3c51d05bf6dbf0c,f663379d77883542412d60804de6dc0c77beb1866344a59e0828131f39005040,796f04e7970972175a660a521caff47c83e0295f,122eacff868aa8f656ad6360716c1816f453979f,347d61f17793d636653b614ec2104baa61ac7a4b,ff6e4f0130e8f5d7629695d163db4ba4a2acb3a0c59737e7f82ebe2f52e48e7a,61cf0d498442916f91c767e09875aa06547376fc9568ebd872ad507f1609a74b
6,feet,5,feet,different_subject_same_class,7.072789918417904,7.080434713041948,0.0076447946240438824,0.0010797069578174913,29,1,70981aa89ddbadceca42f354c3c51d05bf6dbf0c,f663379d77883542412d60804de6dc0c77beb1866344a59e0828131f39005040,796f04e7970972175a660a521caff47c83e0295f,122eacff868aa8f656ad6360716c1816f453979f,347d61f17793d636653b614ec2104baa61ac7a4b,ff6e4f0130e8f5d7629695d163db4ba4a2acb3a0c59737e7f82ebe2f52e48e7a,61cf0d498442916f91c767e09875aa06547376fc9568ebd872ad507f1609a74b
6,feet,5,tongue,different_subject_different_class,7.100745188241763,7.10879888033287,0.008053692091106512,0.0011329188273124134,33,1,70981aa89ddbadceca42f354c3c51d05bf6dbf0c,f663379d77883542412d60804de6dc0c77beb1866344a59e0828131f39005040,796f04e7970972175a660a521caff47c83e0295f,122eacff868aa8f656ad6360716c1816f453979f,347d61f17793d636653b614ec2104baa61ac7a4b,ff6e4f0130e8f5d7629695d163db4ba4a2acb3a0c59737e7f82ebe2f52e48e7a,61cf0d498442916f91c767e09875aa06547376fc9568ebd872ad507f1609a74b
6,feet,6,left_hand,same_subject_different_class,1.5610348145099517,1.7105469916894567,0.14951217717950493,0.08740606245013835,1,1,70981aa89ddbadceca42f354c3c51d05bf6dbf0c,f663379d77883542412d60804de6dc0c77beb1866344a59e0828131f39005040,796f04e7970972175a660a521caff47c83e0295f,122eacff868aa8f656ad6360716c1816f453979f,347d61f17793d636653b614ec2104baa61ac7a4b,ff6e4f0130e8f5d7629695d163db4ba4a2acb3a0c59737e7f82ebe2f52e48e7a,61cf0d498442916f91c767e09875aa06547376fc9568ebd872ad507f1609a74b
6,feet,6,right_hand,same_subject_different_class,1.4867775840376687,1.5627342513321816,0.07595666729451289,0.04860498016842098,2,1,70981aa89ddbadceca42f354c3c51d05bf6dbf0c,f663379d77883542412d60804de6dc0c77beb1866344a59e0828131f39005040,796f04e7970972175a660a521caff47c83e0295f,122eacff868aa8f656ad6360716c1816f453979f,347d61f17793d636653b614ec2104baa61ac7a4b,ff6e4f0130e8f5d7629695d163db4ba4a2acb3a0c59737e7f82ebe2f52e48e7a,61cf0d498442916f91c767e09875aa06547376fc9568ebd872ad507f1609a74b
6,feet,6,feet,same_subject_same_class,0.9137793899089341,1.3891442051715404,0.4753648152626062,0.3421997611859923,2,1,70981aa89ddbadceca42f354c3c51d05bf6dbf0c,f663379d77883542412d60804de6dc0c77beb1866344a59e0828131f39005040,796f04e7970972175a660a521caff47c83e0295f,122eacff868aa8f656ad6360716c1816f453979f,347d61f17793d636653b614ec2104baa61ac7a4b,ff6e4f0130e8f5d7629695d163db4ba4a2acb3a0c59737e7f82ebe2f52e48e7a,61cf0d498442916f91c767e09875aa06547376fc9568ebd872ad507f1609a74b
6,feet,6,tongue,same_subject_different_class,1.348367739818692,1.5296950027969696,0.18132726297827761,0.1185381809097434,2,1,70981aa89ddbadceca42f354c3c51d05bf6dbf0c,f663379d77883542412d60804de6dc0c77beb1866344a59e0828131f39005040,796f04e7970972175a660a521caff47c83e0295f,122eacff868aa8f656ad6360716c1816f453979f,347d61f17793d636653b614ec2104baa61ac7a4b,ff6e4f0130e8f5d7629695d163db4ba4a2acb3a0c59737e7f82ebe2f52e48e7a,61cf0d498442916f91c767e09875aa06547376fc9568ebd872ad507f1609a74b
6,feet,7,left_hand,different_subject_different_class,4.445976060110959,4.459651929056557,0.013675868945598246,0.003066577652954047,18,1,70981aa89ddbadceca42f354c3c51d05bf6dbf0c,f663379d77883542412d60804de6dc0c77beb1866344a59e0828131f39005040,796f04e7970972175a660a521caff47c83e0295f,122eacff868aa8f656ad6360716c1816f453979f,347d61f17793d636653b614ec2104baa61ac7a4b,ff6e4f0130e8f5d7629695d163db4ba4a2acb3a0c59737e7f82ebe2f52e48e7a,61cf0d498442916f91c767e09875aa06547376fc9568ebd872ad507f1609a74b
6,feet,7,right_hand,different_subject_different_class,4.371533926978985,4.389961491421489,0.018427564442504263,0.0041976597012329,14,1,70981aa89ddbadceca42f354c3c51d05bf6dbf0c,f663379d77883542412d60804de6dc0c77beb1866344a59e0828131f39005040,796f04e7970972175a660a521caff47c83e0295f,122eacff868aa8f656ad6360716c1816f453979f,347d61f17793d636653b614ec2104baa61ac7a4b,ff6e4f0130e8f5d7629695d163db4ba4a2acb3a0c59737e7f82ebe2f52e48e7a,61cf0d498442916f91c767e09875aa06547376fc9568ebd872ad507f1609a74b
6,feet,7,feet,different_subject_same_class,3.942439605865434,3.9913995440997607,0.04895993823432665,0.012266358627690155,7,1,70981aa89ddbadceca42f354c3c51d05bf6dbf0c,f663379d77883542412d60804de6dc0c77beb1866344a59e0828131f39005040,796f04e7970972175a660a521caff47c83e0295f,122eacff868aa8f656ad6360716c1816f453979f,347d61f17793d636653b614ec2104baa61ac7a4b,ff6e4f0130e8f5d7629695d163db4ba4a2acb3a0c59737e7f82ebe2f52e48e7a,61cf0d498442916f91c767e09875aa06547376fc9568ebd872ad507f1609a74b
6,feet,7,tongue,different_subject_different_class,3.3166545517861756,3.417248498315021,0.10059394652884546,0.029437117780122334,1,1,70981aa89ddbadceca42f354c3c51d05bf6dbf0c,f663379d77883542412d60804de6dc0c77beb1866344a59e0828131f39005040,796f04e7970972175a660a521caff47c83e0295f,122eacff868aa8f656ad6360716c1816f453979f,347d61f17793d636653b614ec2104baa61ac7a4b,ff6e4f0130e8f5d7629695d163db4ba4a2acb3a0c59737e7f82ebe2f52e48e7a,61cf0d498442916f91c767e09875aa06547376fc9568ebd872ad507f1609a74b
6,feet,8,left_hand,different_subject_different_class,2.6476543472952287,2.6725690297037312,0.024914682408502475,0.009322371894455577,29,1,70981aa89ddbadceca42f354c3c51d05bf6dbf0c,f663379d77883542412d60804de6dc0c77beb1866344a59e0828131f39005040,796f04e7970972175a660a521caff47c83e0295f,122eacff868aa8f656ad6360716c1816f453979f,347d61f17793d636653b614ec2104baa61ac7a4b,ff6e4f0130e8f5d7629695d163db4ba4a2acb3a0c59737e7f82ebe2f52e48e7a,61cf0d498442916f91c767e09875aa06547376fc9568ebd872ad507f1609a74b
6,feet,8,right_hand,different_subject_different_class,2.45290944539622,2.5369893771446885,0.08407993174846862,0.033141617582608196,12,1,70981aa89ddbadceca42f354c3c51d05bf6dbf0c,f663379d77883542412d60804de6dc0c77beb1866344a59e0828131f39005040,796f04e7970972175a660a521caff47c83e0295f,122eacff868aa8f656ad6360716c1816f453979f,347d61f17793d636653b614ec2104baa61ac7a4b,ff6e4f0130e8f5d7629695d163db4ba4a2acb3a0c59737e7f82ebe2f52e48e7a,61cf0d498442916f91c767e09875aa06547376fc9568ebd872ad507f1609a74b
6,feet,8,feet,different_subject_same_class,2.4143985522967015,2.4791544314678027,0.06475587917110115,0.02612014739749872,5,1,70981aa89ddbadceca42f354c3c51d05bf6dbf0c,f663379d77883542412d60804de6dc0c77beb1866344a59e0828131f39005040,796f04e7970972175a660a521caff47c83e0295f,122eacff868aa8f656ad6360716c1816f453979f,347d61f17793d636653b614ec2104baa61ac7a4b,ff6e4f0130e8f5d7629695d163db4ba4a2acb3a0c59737e7f82ebe2f52e48e7a,61cf0d498442916f91c767e09875aa06547376fc9568ebd872ad507f1609a74b
6,feet,8,tongue,different_subject_different_class,2.625176594736623,2.708272946181271,0.08309635144464833,0.030682413883658274,14,1,70981aa89ddbadceca42f354c3c51d05bf6dbf0c,f663379d77883542412d60804de6dc0c77beb1866344a59e0828131f39005040,796f04e7970972175a660a521caff47c83e0295f,122eacff868aa8f656ad6360716c1816f453979f,347d61f17793d636653b614ec2104baa61ac7a4b,ff6e4f0130e8f5d7629695d163db4ba4a2acb3a0c59737e7f82ebe2f52e48e7a,61cf0d498442916f91c767e09875aa06547376fc9568ebd872ad507f1609a74b
6,feet,9,left_hand,different_subject_different_class,2.677881290425159,2.5516892772661253,-0.12619201315903394,-0.04945430240402774,89,1,70981aa89ddbadceca42f354c3c51d05bf6dbf0c,f663379d77883542412d60804de6dc0c77beb1866344a59e0828131f39005040,796f04e7970972175a660a521caff47c83e0295f,122eacff868aa8f656ad6360716c1816f453979f,347d61f17793d636653b614ec2104baa61ac7a4b,ff6e4f0130e8f5d7629695d163db4ba4a2acb3a0c59737e7f82ebe2f52e48e7a,61cf0d498442916f91c767e09875aa06547376fc9568ebd872ad507f1609a74b
6,feet,9,right_hand,different_subject_different_class,2.9128331635102307,2.9197251155884807,0.0068919520782499966,0.00236047977306278,51,1,70981aa89ddbadceca42f354c3c51d05bf6dbf0c,f663379d77883542412d60804de6dc0c77beb1866344a59e0828131f39005040,796f04e7970972175a660a521caff47c83e0295f,122eacff868aa8f656ad6360716c1816f453979f,347d61f17793d636653b614ec2104baa61ac7a4b,ff6e4f0130e8f5d7629695d163db4ba4a2acb3a0c59737e7f82ebe2f52e48e7a,61cf0d498442916f91c767e09875aa06547376fc9568ebd872ad507f1609a74b
6,feet,9,feet,different_subject_same_class,3.139494947750534,3.119830172804975,-0.01966477494555896,-0.00630315557461218,100,1,70981aa89ddbadceca42f354c3c51d05bf6dbf0c,f663379d77883542412d60804de6dc0c77beb1866344a59e0828131f39005040,796f04e7970972175a660a521caff47c83e0295f,122eacff868aa8f656ad6360716c1816f453979f,347d61f17793d636653b614ec2104baa61ac7a4b,ff6e4f0130e8f5d7629695d163db4ba4a2acb3a0c59737e7f82ebe2f52e48e7a,61cf0d498442916f91c767e09875aa06547376fc9568ebd872ad507f1609a74b
6,feet,9,tongue,different_subject_different_class,4.290886866053566,4.320108022803622,0.02922115675005621,0.006763987519713116,27,1,70981aa89ddbadceca42f354c3c51d05bf6dbf0c,f663379d77883542412d60804de6dc0c77beb1866344a59e0828131f39005040,796f04e7970972175a660a521caff47c83e0295f,122eacff868aa8f656ad6360716c1816f453979f,347d61f17793d636653b614ec2104baa61ac7a4b,ff6e4f0130e8f5d7629695d163db4ba4a2acb3a0c59737e7f82ebe2f52e48e7a,61cf0d498442916f91c767e09875aa06547376fc9568ebd872ad507f1609a74b
6,tongue,1,left_hand,different_subject_different_class,4.899489561683456,4.895160742733193,-0.004328818950263269,-0.0008843057823360241,83,1,70981aa89ddbadceca42f354c3c51d05bf6dbf0c,f663379d77883542412d60804de6dc0c77beb1866344a59e0828131f39005040,796f04e7970972175a660a521caff47c83e0295f,122eacff868aa8f656ad6360716c1816f453979f,347d61f17793d636653b614ec2104baa61ac7a4b,ff6e4f0130e8f5d7629695d163db4ba4a2acb3a0c59737e7f82ebe2f52e48e7a,61cf0d498442916f91c767e09875aa06547376fc9568ebd872ad507f1609a74b
6,tongue,1,right_hand,different_subject_different_class,5.021678132993104,5.009695370042792,-0.01198276295031242,-0.0023919144908425972,113,1,70981aa89ddbadceca42f354c3c51d05bf6dbf0c,f663379d77883542412d60804de6dc0c77beb1866344a59e0828131f39005040,796f04e7970972175a660a521caff47c83e0295f,122eacff868aa8f656ad6360716c1816f453979f,347d61f17793d636653b614ec2104baa61ac7a4b,ff6e4f0130e8f5d7629695d163db4ba4a2acb3a0c59737e7f82ebe2f52e48e7a,61cf0d498442916f91c767e09875aa06547376fc9568ebd872ad507f1609a74b
6,tongue,1,feet,different_subject_different_class,3.6269807503313882,3.641428237588803,0.01444748725741496,0.003967533153140336,42,1,70981aa89ddbadceca42f354c3c51d05bf6dbf0c,f663379d77883542412d60804de6dc0c77beb1866344a59e0828131f39005040,796f04e7970972175a660a521caff47c83e0295f,122eacff868aa8f656ad6360716c1816f453979f,347d61f17793d636653b614ec2104baa61ac7a4b,ff6e4f0130e8f5d7629695d163db4ba4a2acb3a0c59737e7f82ebe2f52e48e7a,61cf0d498442916f91c767e09875aa06547376fc9568ebd872ad507f1609a74b
6,tongue,1,tongue,different_subject_same_class,3.5169437146683795,3.5488287171446595,0.03188500247628001,0.008984655225044014,31,1,70981aa89ddbadceca42f354c3c51d05bf6dbf0c,f663379d77883542412d60804de6dc0c77beb1866344a59e0828131f39005040,796f04e7970972175a660a521caff47c83e0295f,122eacff868aa8f656ad6360716c1816f453979f,347d61f17793d636653b614ec2104baa61ac7a4b,ff6e4f0130e8f5d7629695d163db4ba4a2acb3a0c59737e7f82ebe2f52e48e7a,61cf0d498442916f91c767e09875aa06547376fc9568ebd872ad507f1609a74b
6,tongue,2,left_hand,different_subject_different_class,3.536912523655628,3.5602156260230737,0.023303102367445927,0.00654541882157755,23,1,70981aa89ddbadceca42f354c3c51d05bf6dbf0c,f663379d77883542412d60804de6dc0c77beb1866344a59e0828131f39005040,796f04e7970972175a660a521caff47c83e0295f,122eacff868aa8f656ad6360716c1816f453979f,347d61f17793d636653b614ec2104baa61ac7a4b,ff6e4f0130e8f5d7629695d163db4ba4a2acb3a0c59737e7f82ebe2f52e48e7a,61cf0d498442916f91c767e09875aa06547376fc9568ebd872ad507f1609a74b
6,tongue,2,right_hand,different_subject_different_class,3.777433428614603,3.806808231040587,0.02937480242598367,0.007716386180544246,18,1,70981aa89ddbadceca42f354c3c51d05bf6dbf0c,f663379d77883542412d60804de6dc0c77beb1866344a59e0828131f39005040,796f04e7970972175a660a521caff47c83e0295f,122eacff868aa8f656ad6360716c1816f453979f,347d61f17793d636653b614ec2104baa61ac7a4b,ff6e4f0130e8f5d7629695d163db4ba4a2acb3a0c59737e7f82ebe2f52e48e7a,61cf0d498442916f91c767e09875aa06547376fc9568ebd872ad507f1609a74b
6,tongue,2,feet,different_subject_different_class,3.6520624263320167,3.684892908352202,0.03283048202018524,0.008909480638031965,30,1,70981aa89ddbadceca42f354c3c51d05bf6dbf0c,f663379d77883542412d60804de6dc0c77beb1866344a59e0828131f39005040,796f04e7970972175a660a521caff47c83e0295f,122eacff868aa8f656ad6360716c1816f453979f,347d61f17793d636653b614ec2104baa61ac7a4b,ff6e4f0130e8f5d7629695d163db4ba4a2acb3a0c59737e7f82ebe2f52e48e7a,61cf0d498442916f91c767e09875aa06547376fc9568ebd872ad507f1609a74b
6,tongue,2,tongue,different_subject_same_class,4.0205248437778955,4.054912187447663,0.034387343669767034,0.008480416364185662,19,1,70981aa89ddbadceca42f354c3c51d05bf6dbf0c,f663379d77883542412d60804de6dc0c77beb1866344a59e0828131f39005040,796f04e7970972175a660a521caff47c83e0295f,122eacff868aa8f656ad6360716c1816f453979f,347d61f17793d636653b614ec2104baa61ac7a4b,ff6e4f0130e8f5d7629695d163db4ba4a2acb3a0c59737e7f82ebe2f52e48e7a,61cf0d498442916f91c767e09875aa06547376fc9568ebd872ad507f1609a74b
6,tongue,3,left_hand,different_subject_different_class,3.4634902943230936,3.526656861961427,0.0631665676383335,0.01791117483519563,4,1,70981aa89ddbadceca42f354c3c51d05bf6dbf0c,f663379d77883542412d60804de6dc0c77beb1866344a59e0828131f39005040,796f04e7970972175a660a521caff47c83e0295f,122eacff868aa8f656ad6360716c1816f453979f,347d61f17793d636653b614ec2104baa61ac7a4b,ff6e4f0130e8f5d7629695d163db4ba4a2acb3a0c59737e7f82ebe2f52e48e7a,61cf0d498442916f91c767e09875aa06547376fc9568ebd872ad507f1609a74b
6,tongue,3,right_hand,different_subject_different_class,3.367179473576213,3.424782840944073,0.05760336736785998,0.0168195678509009,2,1,70981aa89ddbadceca42f354c3c51d05bf6dbf0c,f663379d77883542412d60804de6dc0c77beb1866344a59e0828131f39005040,796f04e7970972175a660a521caff47c83e0295f,122eacff868aa8f656ad6360716c1816f453979f,347d61f17793d636653b614ec2104baa61ac7a4b,ff6e4f0130e8f5d7629695d163db4ba4a2acb3a0c59737e7f82ebe2f52e48e7a,61cf0d498442916f91c767e09875aa06547376fc9568ebd872ad507f1609a74b
6,tongue,3,feet,different_subject_different_class,2.618319935928753,2.715380643709169,0.09706070778041642,0.03574478885871152,5,1,70981aa89ddbadceca42f354c3c51d05bf6dbf0c,f663379d77883542412d60804de6dc0c77beb1866344a59e0828131f39005040,796f04e7970972175a660a521caff47c83e0295f,122eacff868aa8f656ad6360716c1816f453979f,347d61f17793d636653b614ec2104baa61ac7a4b,ff6e4f0130e8f5d7629695d163db4ba4a2acb3a0c59737e7f82ebe2f52e48e7a,61cf0d498442916f91c767e09875aa06547376fc9568ebd872ad507f1609a74b
6,tongue,3,tongue,different_subject_same_class,2.2907120746978973,2.404279962724382,0.11356788802648454,0.04723571704927259,11,1,70981aa89ddbadceca42f354c3c51d05bf6dbf0c,f663379d77883542412d60804de6dc0c77beb1866344a59e0828131f39005040,796f04e7970972175a660a521caff47c83e0295f,122eacff868aa8f656ad6360716c1816f453979f,347d61f17793d636653b614ec2104baa61ac7a4b,ff6e4f0130e8f5d7629695d163db4ba4a2acb3a0c59737e7f82ebe2f52e48e7a,61cf0d498442916f91c767e09875aa06547376fc9568ebd872ad507f1609a74b
6,tongue,4,left_hand,different_subject_different_class,5.349191497112902,5.368816245686111,0.01962474857320906,0.0036553213362401273,1,1,70981aa89ddbadceca42f354c3c51d05bf6dbf0c,f663379d77883542412d60804de6dc0c77beb1866344a59e0828131f39005040,796f04e7970972175a660a521caff47c83e0295f,122eacff868aa8f656ad6360716c1816f453979f,347d61f17793d636653b614ec2104baa61ac7a4b,ff6e4f0130e8f5d7629695d163db4ba4a2acb3a0c59737e7f82ebe2f52e48e7a,61cf0d498442916f91c767e09875aa06547376fc9568ebd872ad507f1609a74b
6,tongue,4,right_hand,different_subject_different_class,5.236494855525823,5.265362276812043,0.028867421286220107,0.005482513788908391,14,1,70981aa89ddbadceca42f354c3c51d05bf6dbf0c,f663379d77883542412d60804de6dc0c77beb1866344a59e0828131f39005040,796f04e7970972175a660a521caff47c83e0295f,122eacff868aa8f656ad6360716c1816f453979f,347d61f17793d636653b614ec2104baa61ac7a4b,ff6e4f0130e8f5d7629695d163db4ba4a2acb3a0c59737e7f82ebe2f52e48e7a,61cf0d498442916f91c767e09875aa06547376fc9568ebd872ad507f1609a74b
6,tongue,4,feet,different_subject_different_class,4.352793247486219,4.400222779420811,0.04742953193459165,0.01077889332249552,24,1,70981aa89ddbadceca42f354c3c51d05bf6dbf0c,f663379d77883542412d60804de6dc0c77beb1866344a59e0828131f39005040,796f04e7970972175a660a521caff47c83e0295f,122eacff868aa8f656ad6360716c1816f453979f,347d61f17793d636653b614ec2104baa61ac7a4b,ff6e4f0130e8f5d7629695d163db4ba4a2acb3a0c59737e7f82ebe2f52e48e7a,61cf0d498442916f91c767e09875aa06547376fc9568ebd872ad507f1609a74b
6,tongue,4,tongue,different_subject_same_class,4.374754356900552,4.417966427591814,0.043212070691262205,0.009780986659696424,14,1,70981aa89ddbadceca42f354c3c51d05bf6dbf0c,f663379d77883542412d60804de6dc0c77beb1866344a59e0828131f39005040,796f04e7970972175a660a521caff47c83e0295f,122eacff868aa8f656ad6360716c1816f453979f,347d61f17793d636653b614ec2104baa61ac7a4b,ff6e4f0130e8f5d7629695d163db4ba4a2acb3a0c59737e7f82ebe2f52e48e7a,61cf0d498442916f91c767e09875aa06547376fc9568ebd872ad507f1609a74b
6,tongue,5,left_hand,different_subject_different_class,7.111990964513119,7.1213742322806155,0.009383267767496761,0.0013176203723381317,2,1,70981aa89ddbadceca42f354c3c51d05bf6dbf0c,f663379d77883542412d60804de6dc0c77beb1866344a59e0828131f39005040,796f04e7970972175a660a521caff47c83e0295f,122eacff868aa8f656ad6360716c1816f453979f,347d61f17793d636653b614ec2104baa61ac7a4b,ff6e4f0130e8f5d7629695d163db4ba4a2acb3a0c59737e7f82ebe2f52e48e7a,61cf0d498442916f91c767e09875aa06547376fc9568ebd872ad507f1609a74b
6,tongue,5,right_hand,different_subject_different_class,7.143193477905124,7.147501587272234,0.0043081093671100135,0.0006027433942486408,24,1,70981aa89ddbadceca42f354c3c51d05bf6dbf0c,f663379d77883542412d60804de6dc0c77beb1866344a59e0828131f39005040,796f04e7970972175a660a521caff47c83e0295f,122eacff868aa8f656ad6360716c1816f453979f,347d61f17793d636653b614ec2104baa61ac7a4b,ff6e4f0130e8f5d7629695d163db4ba4a2acb3a0c59737e7f82ebe2f52e48e7a,61cf0d498442916f91c767e09875aa06547376fc9568ebd872ad507f1609a74b
6,tongue,5,feet,different_subject_different_class,7.006843705364155,7.013388754572709,0.0065450492085545875,0.0009332220753180457,16,1,70981aa89ddbadceca42f354c3c51d05bf6dbf0c,f663379d77883542412d60804de6dc0c77beb1866344a59e0828131f39005040,796f04e7970972175a660a521caff47c83e0295f,122eacff868aa8f656ad6360716c1816f453979f,347d61f17793d636653b614ec2104baa61ac7a4b,ff6e4f0130e8f5d7629695d163db4ba4a2acb3a0c59737e7f82ebe2f52e48e7a,61cf0d498442916f91c767e09875aa06547376fc9568ebd872ad507f1609a74b
6,tongue,5,tongue,different_subject_same_class,7.037146065917448,7.037502793882604,0.00035672796515573424,5.06895663992947e-05,56,1,70981aa89ddbadceca42f354c3c51d05bf6dbf0c,f663379d77883542412d60804de6dc0c77beb1866344a59e0828131f39005040,796f04e7970972175a660a521caff47c83e0295f,122eacff868aa8f656ad6360716c1816f453979f,347d61f17793d636653b614ec2104baa61ac7a4b,ff6e4f0130e8f5d7629695d163db4ba4a2acb3a0c59737e7f82ebe2f52e48e7a,61cf0d498442916f91c767e09875aa06547376fc9568ebd872ad507f1609a74b
6,tongue,6,left_hand,same_subject_different_class,1.4975643794421793,1.635597359024472,0.13803297958229255,0.08439300713020245,1,1,70981aa89ddbadceca42f354c3c51d05bf6dbf0c,f663379d77883542412d60804de6dc0c77beb1866344a59e0828131f39005040,796f04e7970972175a660a521caff47c83e0295f,122eacff868aa8f656ad6360716c1816f453979f,347d61f17793d636653b614ec2104baa61ac7a4b,ff6e4f0130e8f5d7629695d163db4ba4a2acb3a0c59737e7f82ebe2f52e48e7a,61cf0d498442916f91c767e09875aa06547376fc9568ebd872ad507f1609a74b
6,tongue,6,right_hand,same_subject_different_class,1.4503846078986224,1.5177984158748568,0.06741380797623431,0.04441552137039034,5,1,70981aa89ddbadceca42f354c3c51d05bf6dbf0c,f663379d77883542412d60804de6dc0c77beb1866344a59e0828131f39005040,796f04e7970972175a660a521caff47c83e0295f,122eacff868aa8f656ad6360716c1816f453979f,347d61f17793d636653b614ec2104baa61ac7a4b,ff6e4f0130e8f5d7629695d163db4ba4a2acb3a0c59737e7f82ebe2f52e48e7a,61cf0d498442916f91c767e09875aa06547376fc9568ebd872ad507f1609a74b
6,tongue,6,feet,same_subject_different_class,0.9939098450303274,1.3658857333326122,0.3719758883022848,0.2723330943611983,1,1,70981aa89ddbadceca42f354c3c51d05bf6dbf0c,f663379d77883542412d60804de6dc0c77beb1866344a59e0828131f39005040,796f04e7970972175a660a521caff47c83e0295f,122eacff868aa8f656ad6360716c1816f453979f,347d61f17793d636653b614ec2104baa61ac7a4b,ff6e4f0130e8f5d7629695d163db4ba4a2acb3a0c59737e7f82ebe2f52e48e7a,61cf0d498442916f91c767e09875aa06547376fc9568ebd872ad507f1609a74b
6,tongue,6,tongue,same_subject_same_class,1.2196385140452135,1.4337958395446653,0.21415732549945177,0.14936389100380032,2,1,70981aa89ddbadceca42f354c3c51d05bf6dbf0c,f663379d77883542412d60804de6dc0c77beb1866344a59e0828131f39005040,796f04e7970972175a660a521caff47c83e0295f,122eacff868aa8f656ad6360716c1816f453979f,347d61f17793d636653b614ec2104baa61ac7a4b,ff6e4f0130e8f5d7629695d163db4ba4a2acb3a0c59737e7f82ebe2f52e48e7a,61cf0d498442916f91c767e09875aa06547376fc9568ebd872ad507f1609a74b
6,tongue,7,left_hand,different_subject_different_class,4.420661706576801,4.4382316215022595,0.017569914925458896,0.003958764756741516,13,1,70981aa89ddbadceca42f354c3c51d05bf6dbf0c,f663379d77883542412d60804de6dc0c77beb1866344a59e0828131f39005040,796f04e7970972175a660a521caff47c83e0295f,122eacff868aa8f656ad6360716c1816f453979f,347d61f17793d636653b614ec2104baa61ac7a4b,ff6e4f0130e8f5d7629695d163db4ba4a2acb3a0c59737e7f82ebe2f52e48e7a,61cf0d498442916f91c767e09875aa06547376fc9568ebd872ad507f1609a74b
6,tongue,7,right_hand,different_subject_different_class,4.343173293803834,4.364115394349723,0.020942100545888742,0.004798704583522872,4,1,70981aa89ddbadceca42f354c3c51d05bf6dbf0c,f663379d77883542412d60804de6dc0c77beb1866344a59e0828131f39005040,796f04e7970972175a660a521caff47c83e0295f,122eacff868aa8f656ad6360716c1816f453979f,347d61f17793d636653b614ec2104baa61ac7a4b,ff6e4f0130e8f5d7629695d163db4ba4a2acb3a0c59737e7f82ebe2f52e48e7a,61cf0d498442916f91c767e09875aa06547376fc9568ebd872ad507f1609a74b
6,tongue,7,feet,different_subject_different_class,3.900784565638248,3.9422866139046326,0.041502048266384595,0.010527405115600904,1,1,70981aa89ddbadceca42f354c3c51d05bf6dbf0c,f663379d77883542412d60804de6dc0c77beb1866344a59e0828131f39005040,796f04e7970972175a660a521caff47c83e0295f,122eacff868aa8f656ad6360716c1816f453979f,347d61f17793d636653b614ec2104baa61ac7a4b,ff6e4f0130e8f5d7629695d163db4ba4a2acb3a0c59737e7f82ebe2f52e48e7a,61cf0d498442916f91c767e09875aa06547376fc9568ebd872ad507f1609a74b
6,tongue,7,tongue,different_subject_same_class,3.304598297169945,3.387883118359575,0.08328482118962999,0.02458314477801607,1,1,70981aa89ddbadceca42f354c3c51d05bf6dbf0c,f663379d77883542412d60804de6dc0c77beb1866344a59e0828131f39005040,796f04e7970972175a660a521caff47c83e0295f,122eacff868aa8f656ad6360716c1816f453979f,347d61f17793d636653b614ec2104baa61ac7a4b,ff6e4f0130e8f5d7629695d163db4ba4a2acb3a0c59737e7f82ebe2f52e48e7a,61cf0d498442916f91c767e09875aa06547376fc9568ebd872ad507f1609a74b
6,tongue,8,left_hand,different_subject_different_class,2.6095524545924675,2.6402381419728522,0.030685687380384685,0.011622318037362937,11,1,70981aa89ddbadceca42f354c3c51d05bf6dbf0c,f663379d77883542412d60804de6dc0c77beb1866344a59e0828131f39005040,796f04e7970972175a660a521caff47c83e0295f,122eacff868aa8f656ad6360716c1816f453979f,347d61f17793d636653b614ec2104baa61ac7a4b,ff6e4f0130e8f5d7629695d163db4ba4a2acb3a0c59737e7f82ebe2f52e48e7a,61cf0d498442916f91c767e09875aa06547376fc9568ebd872ad507f1609a74b
6,tongue,8,right_hand,different_subject_different_class,2.4641478160638743,2.5242818787779546,0.06013406271408028,0.02382224553431891,6,1,70981aa89ddbadceca42f354c3c51d05bf6dbf0c,f663379d77883542412d60804de6dc0c77beb1866344a59e0828131f39005040,796f04e7970972175a660a521caff47c83e0295f,122eacff868aa8f656ad6360716c1816f453979f,347d61f17793d636653b614ec2104baa61ac7a4b,ff6e4f0130e8f5d7629695d163db4ba4a2acb3a0c59737e7f82ebe2f52e48e7a,61cf0d498442916f91c767e09875aa06547376fc9568ebd872ad507f1609a74b
6,tongue,8,feet,different_subject_different_class,2.4194132868375844,2.471347860707455,0.05193457386987044,0.021014675714249108,9,1,70981aa89ddbadceca42f354c3c51d05bf6dbf0c,f663379d77883542412d60804de6dc0c77beb1866344a59e0828131f39005040,796f04e7970972175a660a521caff47c83e0295f,122eacff868aa8f656ad6360716c1816f453979f,347d61f17793d636653b614ec2104baa61ac7a4b,ff6e4f0130e8f5d7629695d163db4ba4a2acb3a0c59737e7f82ebe2f52e48e7a,61cf0d498442916f91c767e09875aa06547376fc9568ebd872ad507f1609a74b
6,tongue,8,tongue,different_subject_same_class,2.6832416235831116,2.730495727038026,0.04725410345491454,0.017306052885193348,19,1,70981aa89ddbadceca42f354c3c51d05bf6dbf0c,f663379d77883542412d60804de6dc0c77beb1866344a59e0828131f39005040,796f04e7970972175a660a521caff47c83e0295f,122eacff868aa8f656ad6360716c1816f453979f,347d61f17793d636653b614ec2104baa61ac7a4b,ff6e4f0130e8f5d7629695d163db4ba4a2acb3a0c59737e7f82ebe2f52e48e7a,61cf0d498442916f91c767e09875aa06547376fc9568ebd872ad507f1609a74b
6,tongue,9,left_hand,different_subject_different_class,2.62377586871516,2.6057822660288847,-0.017993602686275256,-0.006905259476532104,68,1,70981aa89ddbadceca42f354c3c51d05bf6dbf0c,f663379d77883542412d60804de6dc0c77beb1866344a59e0828131f39005040,796f04e7970972175a660a521caff47c83e0295f,122eacff868aa8f656ad6360716c1816f453979f,347d61f17793d636653b614ec2104baa61ac7a4b,ff6e4f0130e8f5d7629695d163db4ba4a2acb3a0c59737e7f82ebe2f52e48e7a,61cf0d498442916f91c767e09875aa06547376fc9568ebd872ad507f1609a74b
6,tongue,9,right_hand,different_subject_different_class,2.9485222565277454,2.94134478293402,-0.0071774735937255585,-0.002440201378420506,76,1,70981aa89ddbadceca42f354c3c51d05bf6dbf0c,f663379d77883542412d60804de6dc0c77beb1866344a59e0828131f39005040,796f04e7970972175a660a521caff47c83e0295f,122eacff868aa8f656ad6360716c1816f453979f,347d61f17793d636653b614ec2104baa61ac7a4b,ff6e4f0130e8f5d7629695d163db4ba4a2acb3a0c59737e7f82ebe2f52e48e7a,61cf0d498442916f91c767e09875aa06547376fc9568ebd872ad507f1609a74b
6,tongue,9,feet,different_subject_different_class,3.151098481684533,3.1308327573281867,-0.020265724356346215,-0.0064729501468614795,110,1,70981aa89ddbadceca42f354c3c51d05bf6dbf0c,f663379d77883542412d60804de6dc0c77beb1866344a59e0828131f39005040,796f04e7970972175a660a521caff47c83e0295f,122eacff868aa8f656ad6360716c1816f453979f,347d61f17793d636653b614ec2104baa61ac7a4b,ff6e4f0130e8f5d7629695d163db4ba4a2acb3a0c59737e7f82ebe2f52e48e7a,61cf0d498442916f91c767e09875aa06547376fc9568ebd872ad507f1609a74b
6,tongue,9,tongue,different_subject_same_class,4.350046122834909,4.362495430106357,0.012449307271447552,0.0028537123925752835,47,1,70981aa89ddbadceca42f354c3c51d05bf6dbf0c,f663379d77883542412d60804de6dc0c77beb1866344a59e0828131f39005040,796f04e7970972175a660a521caff47c83e0295f,122eacff868aa8f656ad6360716c1816f453979f,347d61f17793d636653b614ec2104baa61ac7a4b,ff6e4f0130e8f5d7629695d163db4ba4a2acb3a0c59737e7f82ebe2f52e48e7a,61cf0d498442916f91c767e09875aa06547376fc9568ebd872ad507f1609a74b
7,left_hand,1,left_hand,different_subject_same_class,1.71366279857132,1.751233155002848,0.03757035643152795,0.021453657569352524,2,1,70981aa89ddbadceca42f354c3c51d05bf6dbf0c,f663379d77883542412d60804de6dc0c77beb1866344a59e0828131f39005040,796f04e7970972175a660a521caff47c83e0295f,122eacff868aa8f656ad6360716c1816f453979f,347d61f17793d636653b614ec2104baa61ac7a4b,ff6e4f0130e8f5d7629695d163db4ba4a2acb3a0c59737e7f82ebe2f52e48e7a,61cf0d498442916f91c767e09875aa06547376fc9568ebd872ad507f1609a74b
7,left_hand,1,right_hand,different_subject_different_class,1.6744579772693662,1.711108217632166,0.036650240362799735,0.021419007860015066,2,1,70981aa89ddbadceca42f354c3c51d05bf6dbf0c,f663379d77883542412d60804de6dc0c77beb1866344a59e0828131f39005040,796f04e7970972175a660a521caff47c83e0295f,122eacff868aa8f656ad6360716c1816f453979f,347d61f17793d636653b614ec2104baa61ac7a4b,ff6e4f0130e8f5d7629695d163db4ba4a2acb3a0c59737e7f82ebe2f52e48e7a,61cf0d498442916f91c767e09875aa06547376fc9568ebd872ad507f1609a74b
7,left_hand,1,feet,different_subject_different_class,2.8255807857407786,2.819384452423327,-0.006196333317451508,-0.002197761043949013,93,1,70981aa89ddbadceca42f354c3c51d05bf6dbf0c,f663379d77883542412d60804de6dc0c77beb1866344a59e0828131f39005040,796f04e7970972175a660a521caff47c83e0295f,122eacff868aa8f656ad6360716c1816f453979f,347d61f17793d636653b614ec2104baa61ac7a4b,ff6e4f0130e8f5d7629695d163db4ba4a2acb3a0c59737e7f82ebe2f52e48e7a,61cf0d498442916f91c767e09875aa06547376fc9568ebd872ad507f1609a74b
7,left_hand,1,tongue,different_subject_different_class,3.0651344936278706,3.054513621966901,-0.010620871660969478,-0.003477107315740288,108,1,70981aa89ddbadceca42f354c3c51d05bf6dbf0c,f663379d77883542412d60804de6dc0c77beb1866344a59e0828131f39005040,796f04e7970972175a660a521caff47c83e0295f,122eacff868aa8f656ad6360716c1816f453979f,347d61f17793d636653b614ec2104baa61ac7a4b,ff6e4f0130e8f5d7629695d163db4ba4a2acb3a0c59737e7f82ebe2f52e48e7a,61cf0d498442916f91c767e09875aa06547376fc9568ebd872ad507f1609a74b
7,left_hand,2,left_hand,different_subject_same_class,3.5892796652442955,3.578968044495439,-0.010311620748856498,-0.002881171505489154,113,1,70981aa89ddbadceca42f354c3c51d05bf6dbf0c,f663379d77883542412d60804de6dc0c77beb1866344a59e0828131f39005040,796f04e7970972175a660a521caff47c83e0295f,122eacff868aa8f656ad6360716c1816f453979f,347d61f17793d636653b614ec2104baa61ac7a4b,ff6e4f0130e8f5d7629695d163db4ba4a2acb3a0c59737e7f82ebe2f52e48e7a,61cf0d498442916f91c767e09875aa06547376fc9568ebd872ad507f1609a74b
7,left_hand,2,right_hand,different_subject_different_class,3.133896660079983,3.124006814339147,-0.00988984574083629,-0.003165756776023035,98,1,70981aa89ddbadceca42f354c3c51d05bf6dbf0c,f663379d77883542412d60804de6dc0c77beb1866344a59e0828131f39005040,796f04e7970972175a660a521caff47c83e0295f,122eacff868aa8f656ad6360716c1816f453979f,347d61f17793d636653b614ec2104baa61ac7a4b,ff6e4f0130e8f5d7629695d163db4ba4a2acb3a0c59737e7f82ebe2f52e48e7a,61cf0d498442916f91c767e09875aa06547376fc9568ebd872ad507f1609a74b
7,left_hand,2,feet,different_subject_different_class,3.2659465729266692,3.257726258090039,-0.008220314836630216,-0.00252332890653915,105,1,70981aa89ddbadceca42f354c3c51d05bf6dbf0c,f663379d77883542412d60804de6dc0c77beb1866344a59e0828131f39005040,796f04e7970972175a660a521caff47c83e0295f,122eacff868aa8f656ad6360716c1816f453979f,347d61f17793d636653b614ec2104baa61ac7a4b,ff6e4f0130e8f5d7629695d163db4ba4a2acb3a0c59737e7f82ebe2f52e48e7a,61cf0d498442916f91c767e09875aa06547376fc9568ebd872ad507f1609a74b
7,left_hand,2,tongue,different_subject_different_class,2.9406514196039084,2.9363986006489267,-0.004252818954981752,-0.0014483111911447934,84,1,70981aa89ddbadceca42f354c3c51d05bf6dbf0c,f663379d77883542412d60804de6dc0c77beb1866344a59e0828131f39005040,796f04e7970972175a660a521caff47c83e0295f,122eacff868aa8f656ad6360716c1816f453979f,347d61f17793d636653b614ec2104baa61ac7a4b,ff6e4f0130e8f5d7629695d163db4ba4a2acb3a0c59737e7f82ebe2f52e48e7a,61cf0d498442916f91c767e09875aa06547376fc9568ebd872ad507f1609a74b
7,left_hand,3,left_hand,different_subject_same_class,3.0994946904715532,3.1243230118025354,0.024828321330982117,0.007946784387270431,10,1,70981aa89ddbadceca42f354c3c51d05bf6dbf0c,f663379d77883542412d60804de6dc0c77beb1866344a59e0828131f39005040,796f04e7970972175a660a521caff47c83e0295f,122eacff868aa8f656ad6360716c1816f453979f,347d61f17793d636653b614ec2104baa61ac7a4b,ff6e4f0130e8f5d7629695d163db4ba4a2acb3a0c59737e7f82ebe2f52e48e7a,61cf0d498442916f91c767e09875aa06547376fc9568ebd872ad507f1609a74b
7,left_hand,3,right_hand,different_subject_different_class,3.218728183060962,3.2549288503010194,0.03620066724005744,0.011121799862602085,2,1,70981aa89ddbadceca42f354c3c51d05bf6dbf0c,f663379d77883542412d60804de6dc0c77beb1866344a59e0828131f39005040,796f04e7970972175a660a521caff47c83e0295f,122eacff868aa8f656ad6360716c1816f453979f,347d61f17793d636653b614ec2104baa61ac7a4b,ff6e4f0130e8f5d7629695d163db4ba4a2acb3a0c59737e7f82ebe2f52e48e7a,61cf0d498442916f91c767e09875aa06547376fc9568ebd872ad507f1609a74b
7,left_hand,3,feet,different_subject_different_class,3.9754424067920575,3.9808746608861663,0.005432254094108746,0.0013645880759530103,15,1,70981aa89ddbadceca42f354c3c51d05bf6dbf0c,f663379d77883542412d60804de6dc0c77beb1866344a59e0828131f39005040,796f04e7970972175a660a521caff47c83e0295f,122eacff868aa8f656ad6360716c1816f453979f,347d61f17793d636653b614ec2104baa61ac7a4b,ff6e4f0130e8f5d7629695d163db4ba4a2acb3a0c59737e7f82ebe2f52e48e7a,61cf0d498442916f91c767e09875aa06547376fc9568ebd872ad507f1609a74b
7,left_hand,3,tongue,different_subject_different_class,4.616882606767536,4.6199938277682335,0.003111221000697384,0.0006734253587088258,28,1,70981aa89ddbadceca42f354c3c51d05bf6dbf0c,f663379d77883542412d60804de6dc0c77beb1866344a59e0828131f39005040,796f04e7970972175a660a521caff47c83e0295f,122eacff868aa8f656ad6360716c1816f453979f,347d61f17793d636653b614ec2104baa61ac7a4b,ff6e4f0130e8f5d7629695d163db4ba4a2acb3a0c59737e7f82ebe2f52e48e7a,61cf0d498442916f91c767e09875aa06547376fc9568ebd872ad507f1609a74b
7,left_hand,4,left_hand,different_subject_same_class,1.6435181045670635,1.6620318231674815,0.01851371860041806,0.011139208252423725,4,1,70981aa89ddbadceca42f354c3c51d05bf6dbf0c,f663379d77883542412d60804de6dc0c77beb1866344a59e0828131f39005040,796f04e7970972175a660a521caff47c83e0295f,122eacff868aa8f656ad6360716c1816f453979f,347d61f17793d636653b614ec2104baa61ac7a4b,ff6e4f0130e8f5d7629695d163db4ba4a2acb3a0c59737e7f82ebe2f52e48e7a,61cf0d498442916f91c767e09875aa06547376fc9568ebd872ad507f1609a74b
7,left_hand,4,right_hand,different_subject_different_class,1.7889415909555497,1.7906990375984193,0.0017574466428695867,0.0009814304950018689,50,1,70981aa89ddbadceca42f354c3c51d05bf6dbf0c,f663379d77883542412d60804de6dc0c77beb1866344a59e0828131f39005040,796f04e7970972175a660a521caff47c83e0295f,122eacff868aa8f656ad6360716c1816f453979f,347d61f17793d636653b614ec2104baa61ac7a4b,ff6e4f0130e8f5d7629695d163db4ba4a2acb3a0c59737e7f82ebe2f52e48e7a,61cf0d498442916f91c767e09875aa06547376fc9568ebd872ad507f1609a74b
7,left_hand,4,feet,different_subject_different_class,2.346725607981712,2.352458147166249,0.005732539184537089,0.002436829403933267,50,1,70981aa89ddbadceca42f354c3c51d05bf6dbf0c,f663379d77883542412d60804de6dc0c77beb1866344a59e0828131f39005040,796f04e7970972175a660a521caff47c83e0295f,122eacff868aa8f656ad6360716c1816f453979f,347d61f17793d636653b614ec2104baa61ac7a4b,ff6e4f0130e8f5d7629695d163db4ba4a2acb3a0c59737e7f82ebe2f52e48e7a,61cf0d498442916f91c767e09875aa06547376fc9568ebd872ad507f1609a74b
7,left_hand,4,tongue,different_subject_different_class,2.2797941946170734,2.29083773662439,0.01104354200731672,0.004820743883671862,16,1,70981aa89ddbadceca42f354c3c51d05bf6dbf0c,f663379d77883542412d60804de6dc0c77beb1866344a59e0828131f39005040,796f04e7970972175a660a521caff47c83e0295f,122eacff868aa8f656ad6360716c1816f453979f,347d61f17793d636653b614ec2104baa61ac7a4b,ff6e4f0130e8f5d7629695d163db4ba4a2acb3a0c59737e7f82ebe2f52e48e7a,61cf0d498442916f91c767e09875aa06547376fc9568ebd872ad507f1609a74b
7,left_hand,5,left_hand,different_subject_same_class,2.893433308329556,2.905453464779918,0.01202015645036214,0.004137101693787631,5,1,70981aa89ddbadceca42f354c3c51d05bf6dbf0c,f663379d77883542412d60804de6dc0c77beb1866344a59e0828131f39005040,796f04e7970972175a660a521caff47c83e0295f,122eacff868aa8f656ad6360716c1816f453979f,347d61f17793d636653b614ec2104baa61ac7a4b,ff6e4f0130e8f5d7629695d163db4ba4a2acb3a0c59737e7f82ebe2f52e48e7a,61cf0d498442916f91c767e09875aa06547376fc9568ebd872ad507f1609a74b
7,left_hand,5,right_hand,different_subject_different_class,2.8759860552049052,2.8830653870518805,0.00707933184697529,0.002455487786981606,2,1,70981aa89ddbadceca42f354c3c51d05bf6dbf0c,f663379d77883542412d60804de6dc0c77beb1866344a59e0828131f39005040,796f04e7970972175a660a521caff47c83e0295f,122eacff868aa8f656ad6360716c1816f453979f,347d61f17793d636653b614ec2104baa61ac7a4b,ff6e4f0130e8f5d7629695d163db4ba4a2acb3a0c59737e7f82ebe2f52e48e7a,61cf0d498442916f91c767e09875aa06547376fc9568ebd872ad507f1609a74b
7,left_hand,5,feet,different_subject_different_class,2.8129289631120558,2.82595637980892,0.013027416696864247,0.0046099142895281026,1,1,70981aa89ddbadceca42f354c3c51d05bf6dbf0c,f663379d77883542412d60804de6dc0c77beb1866344a59e0828131f39005040,796f04e7970972175a660a521caff47c83e0295f,122eacff868aa8f656ad6360716c1816f453979f,347d61f17793d636653b614ec2104baa61ac7a4b,ff6e4f0130e8f5d7629695d163db4ba4a2acb3a0c59737e7f82ebe2f52e48e7a,61cf0d498442916f91c767e09875aa06547376fc9568ebd872ad507f1609a74b
7,left_hand,5,tongue,different_subject_different_class,2.839798051544741,2.8529312921661787,0.013133240621437725,0.0046034198781793635,11,1,70981aa89ddbadceca42f354c3c51d05bf6dbf0c,f663379d77883542412d60804de6dc0c77beb1866344a59e0828131f39005040,796f04e7970972175a660a521caff47c83e0295f,122eacff868aa8f656ad6360716c1816f453979f,347d61f17793d636653b614ec2104baa61ac7a4b,ff6e4f0130e8f5d7629695d163db4ba4a2acb3a0c59737e7f82ebe2f52e48e7a,61cf0d498442916f91c767e09875aa06547376fc9568ebd872ad507f1609a74b
7,left_hand,6,left_hand,different_subject_same_class,4.423606611178717,4.435134575424156,0.011527964245439115,0.0025992366295529224,3,1,70981aa89ddbadceca42f354c3c51d05bf6dbf0c,f663379d77883542412d60804de6dc0c77beb1866344a59e0828131f39005040,796f04e7970972175a660a521caff47c83e0295f,122eacff868aa8f656ad6360716c1816f453979f,347d61f17793d636653b614ec2104baa61ac7a4b,ff6e4f0130e8f5d7629695d163db4ba4a2acb3a0c59737e7f82ebe2f52e48e7a,61cf0d498442916f91c767e09875aa06547376fc9568ebd872ad507f1609a74b
7,left_hand,6,right_hand,different_subject_different_class,4.568174712627103,4.579645362284046,0.011470649656942555,0.0025047026023914,17,1,70981aa89ddbadceca42f354c3c51d05bf6dbf0c,f663379d77883542412d60804de6dc0c77beb1866344a59e0828131f39005040,796f04e7970972175a660a521caff47c83e0295f,122eacff868aa8f656ad6360716c1816f453979f,347d61f17793d636653b614ec2104baa61ac7a4b,ff6e4f0130e8f5d7629695d163db4ba4a2acb3a0c59737e7f82ebe2f52e48e7a,61cf0d498442916f91c767e09875aa06547376fc9568ebd872ad507f1609a74b
7,left_hand,6,feet,different_subject_different_class,5.270235321896163,5.276170126789691,0.0059348048935286,0.0011248319805676277,22,1,70981aa89ddbadceca42f354c3c51d05bf6dbf0c,f663379d77883542412d60804de6dc0c77beb1866344a59e0828131f39005040,796f04e7970972175a660a521caff47c83e0295f,122eacff868aa8f656ad6360716c1816f453979f,347d61f17793d636653b614ec2104baa61ac7a4b,ff6e4f0130e8f5d7629695d163db4ba4a2acb3a0c59737e7f82ebe2f52e48e7a,61cf0d498442916f91c767e09875aa06547376fc9568ebd872ad507f1609a74b
7,left_hand,6,tongue,different_subject_different_class,4.837960221287738,4.849401946906178,0.011441725618439591,0.0023594096228173426,5,1,70981aa89ddbadceca42f354c3c51d05bf6dbf0c,f663379d77883542412d60804de6dc0c77beb1866344a59e0828131f39005040,796f04e7970972175a660a521caff47c83e0295f,122eacff868aa8f656ad6360716c1816f453979f,347d61f17793d636653b614ec2104baa61ac7a4b,ff6e4f0130e8f5d7629695d163db4ba4a2acb3a0c59737e7f82ebe2f52e48e7a,61cf0d498442916f91c767e09875aa06547376fc9568ebd872ad507f1609a74b
7,left_hand,7,left_hand,same_subject_same_class,1.5691147122082583,1.6530218546195548,0.08390714241129649,0.050759850619523615,1,1,70981aa89ddbadceca42f354c3c51d05bf6dbf0c,f663379d77883542412d60804de6dc0c77beb1866344a59e0828131f39005040,796f04e7970972175a660a521caff47c83e0295f,122eacff868aa8f656ad6360716c1816f453979f,347d61f17793d636653b614ec2104baa61ac7a4b,ff6e4f0130e8f5d7629695d163db4ba4a2acb3a0c59737e7f82ebe2f52e48e7a,61cf0d498442916f91c767e09875aa06547376fc9568ebd872ad507f1609a74b
7,left_hand,7,right_hand,same_subject_different_class,1.6667756531492788,1.7341345367620238,0.067358883612745,0.03884293991313818,1,1,70981aa89ddbadceca42f354c3c51d05bf6dbf0c,f663379d77883542412d60804de6dc0c77beb1866344a59e0828131f39005040,796f04e7970972175a660a521caff47c83e0295f,122eacff868aa8f656ad6360716c1816f453979f,347d61f17793d636653b614ec2104baa61ac7a4b,ff6e4f0130e8f5d7629695d163db4ba4a2acb3a0c59737e7f82ebe2f52e48e7a,61cf0d498442916f91c767e09875aa06547376fc9568ebd872ad507f1609a74b
7,left_hand,7,feet,same_subject_different_class,2.1054452384950304,2.141576159859526,0.036130921364495805,0.01687118209555796,1,1,70981aa89ddbadceca42f354c3c51d05bf6dbf0c,f663379d77883542412d60804de6dc0c77beb1866344a59e0828131f39005040,796f04e7970972175a660a521caff47c83e0295f,122eacff868aa8f656ad6360716c1816f453979f,347d61f17793d636653b614ec2104baa61ac7a4b,ff6e4f0130e8f5d7629695d163db4ba4a2acb3a0c59737e7f82ebe2f52e48e7a,61cf0d498442916f91c767e09875aa06547376fc9568ebd872ad507f1609a74b
7,left_hand,7,tongue,same_subject_different_class,2.7558139282716234,2.789616248211747,0.03380231994012339,0.012117193525020513,2,1,70981aa89ddbadceca42f354c3c51d05bf6dbf0c,f663379d77883542412d60804de6dc0c77beb1866344a59e0828131f39005040,796f04e7970972175a660a521caff47c83e0295f,122eacff868aa8f656ad6360716c1816f453979f,347d61f17793d636653b614ec2104baa61ac7a4b,ff6e4f0130e8f5d7629695d163db4ba4a2acb3a0c59737e7f82ebe2f52e48e7a,61cf0d498442916f91c767e09875aa06547376fc9568ebd872ad507f1609a74b
7,left_hand,8,left_hand,different_subject_same_class,4.814843376803293,4.822691934984504,0.007848558181210663,0.001627422669127192,2,1,70981aa89ddbadceca42f354c3c51d05bf6dbf0c,f663379d77883542412d60804de6dc0c77beb1866344a59e0828131f39005040,796f04e7970972175a660a521caff47c83e0295f,122eacff868aa8f656ad6360716c1816f453979f,347d61f17793d636653b614ec2104baa61ac7a4b,ff6e4f0130e8f5d7629695d163db4ba4a2acb3a0c59737e7f82ebe2f52e48e7a,61cf0d498442916f91c767e09875aa06547376fc9568ebd872ad507f1609a74b
7,left_hand,8,right_hand,different_subject_different_class,5.196232409566367,5.202340193149777,0.006107783583409798,0.0011740454020004827,3,1,70981aa89ddbadceca42f354c3c51d05bf6dbf0c,f663379d77883542412d60804de6dc0c77beb1866344a59e0828131f39005040,796f04e7970972175a660a521caff47c83e0295f,122eacff868aa8f656ad6360716c1816f453979f,347d61f17793d636653b614ec2104baa61ac7a4b,ff6e4f0130e8f5d7629695d163db4ba4a2acb3a0c59737e7f82ebe2f52e48e7a,61cf0d498442916f91c767e09875aa06547376fc9568ebd872ad507f1609a74b
7,left_hand,8,feet,different_subject_different_class,5.139290361800409,5.144420527885474,0.005130166085065113,0.000997229145101359,1,1,70981aa89ddbadceca42f354c3c51d05bf6dbf0c,f663379d77883542412d60804de6dc0c77beb1866344a59e0828131f39005040,796f04e7970972175a660a521caff47c83e0295f,122eacff868aa8f656ad6360716c1816f453979f,347d61f17793d636653b614ec2104baa61ac7a4b,ff6e4f0130e8f5d7629695d163db4ba4a2acb3a0c59737e7f82ebe2f52e48e7a,61cf0d498442916f91c767e09875aa06547376fc9568ebd872ad507f1609a74b
7,left_hand,8,tongue,different_subject_different_class,6.133056467664416,6.138192895552669,0.005136427888252193,0.0008367980569613105,15,1,70981aa89ddbadceca42f354c3c51d05bf6dbf0c,f663379d77883542412d60804de6dc0c77beb1866344a59e0828131f39005040,796f04e7970972175a660a521caff47c83e0295f,122eacff868aa8f656ad6360716c1816f453979f,347d61f17793d636653b614ec2104baa61ac7a4b,ff6e4f0130e8f5d7629695d163db4ba4a2acb3a0c59737e7f82ebe2f52e48e7a,61cf0d498442916f91c767e09875aa06547376fc9568ebd872ad507f1609a74b
7,left_hand,9,left_hand,different_subject_same_class,5.144361110660371,5.193321816532754,0.04896070587238377,0.009427627942585632,2,1,70981aa89ddbadceca42f354c3c51d05bf6dbf0c,f663379d77883542412d60804de6dc0c77beb1866344a59e0828131f39005040,796f04e7970972175a660a521caff47c83e0295f,122eacff868aa8f656ad6360716c1816f453979f,347d61f17793d636653b614ec2104baa61ac7a4b,ff6e4f0130e8f5d7629695d163db4ba4a2acb3a0c59737e7f82ebe2f52e48e7a,61cf0d498442916f91c767e09875aa06547376fc9568ebd872ad507f1609a74b
7,left_hand,9,right_hand,different_subject_different_class,7.207738907920104,7.21344323369729,0.005704325777185382,0.0007907909707444386,21,1,70981aa89ddbadceca42f354c3c51d05bf6dbf0c,f663379d77883542412d60804de6dc0c77beb1866344a59e0828131f39005040,796f04e7970972175a660a521caff47c83e0295f,122eacff868aa8f656ad6360716c1816f453979f,347d61f17793d636653b614ec2104baa61ac7a4b,ff6e4f0130e8f5d7629695d163db4ba4a2acb3a0c59737e7f82ebe2f52e48e7a,61cf0d498442916f91c767e09875aa06547376fc9568ebd872ad507f1609a74b
7,left_hand,9,feet,different_subject_different_class,7.483348702716299,7.489893510838829,0.006544808122530554,0.0008738185814069832,12,1,70981aa89ddbadceca42f354c3c51d05bf6dbf0c,f663379d77883542412d60804de6dc0c77beb1866344a59e0828131f39005040,796f04e7970972175a660a521caff47c83e0295f,122eacff868aa8f656ad6360716c1816f453979f,347d61f17793d636653b614ec2104baa61ac7a4b,ff6e4f0130e8f5d7629695d163db4ba4a2acb3a0c59737e7f82ebe2f52e48e7a,61cf0d498442916f91c767e09875aa06547376fc9568ebd872ad507f1609a74b
7,left_hand,9,tongue,different_subject_different_class,8.93943705903374,8.944191080076703,0.004754021042963075,0.0005315205143093058,13,1,70981aa89ddbadceca42f354c3c51d05bf6dbf0c,f663379d77883542412d60804de6dc0c77beb1866344a59e0828131f39005040,796f04e7970972175a660a521caff47c83e0295f,122eacff868aa8f656ad6360716c1816f453979f,347d61f17793d636653b614ec2104baa61ac7a4b,ff6e4f0130e8f5d7629695d163db4ba4a2acb3a0c59737e7f82ebe2f52e48e7a,61cf0d498442916f91c767e09875aa06547376fc9568ebd872ad507f1609a74b
7,right_hand,1,left_hand,different_subject_different_class,1.7284433636266163,1.7560728384777555,0.027629474851139202,0.015733672456940736,11,1,70981aa89ddbadceca42f354c3c51d05bf6dbf0c,f663379d77883542412d60804de6dc0c77beb1866344a59e0828131f39005040,796f04e7970972175a660a521caff47c83e0295f,122eacff868aa8f656ad6360716c1816f453979f,347d61f17793d636653b614ec2104baa61ac7a4b,ff6e4f0130e8f5d7629695d163db4ba4a2acb3a0c59737e7f82ebe2f52e48e7a,61cf0d498442916f91c767e09875aa06547376fc9568ebd872ad507f1609a74b
7,right_hand,1,right_hand,different_subject_same_class,1.6721331511425326,1.7023212848850422,0.030188133742509615,0.01773351130045244,1,1,70981aa89ddbadceca42f354c3c51d05bf6dbf0c,f663379d77883542412d60804de6dc0c77beb1866344a59e0828131f39005040,796f04e7970972175a660a521caff47c83e0295f,122eacff868aa8f656ad6360716c1816f453979f,347d61f17793d636653b614ec2104baa61ac7a4b,ff6e4f0130e8f5d7629695d163db4ba4a2acb3a0c59737e7f82ebe2f52e48e7a,61cf0d498442916f91c767e09875aa06547376fc9568ebd872ad507f1609a74b
7,right_hand,1,feet,different_subject_different_class,2.64143189572013,2.6358434785844285,-0.005588417135701462,-0.002120162741492793,79,1,70981aa89ddbadceca42f354c3c51d05bf6dbf0c,f663379d77883542412d60804de6dc0c77beb1866344a59e0828131f39005040,796f04e7970972175a660a521caff47c83e0295f,122eacff868aa8f656ad6360716c1816f453979f,347d61f17793d636653b614ec2104baa61ac7a4b,ff6e4f0130e8f5d7629695d163db4ba4a2acb3a0c59737e7f82ebe2f52e48e7a,61cf0d498442916f91c767e09875aa06547376fc9568ebd872ad507f1609a74b
7,right_hand,1,tongue,different_subject_different_class,2.8828854165353794,2.8650556193552528,-0.017829797180126672,-0.006223194083798994,90,1,70981aa89ddbadceca42f354c3c51d05bf6dbf0c,f663379d77883542412d60804de6dc0c77beb1866344a59e0828131f39005040,796f04e7970972175a660a521caff47c83e0295f,122eacff868aa8f656ad6360716c1816f453979f,347d61f17793d636653b614ec2104baa61ac7a4b,ff6e4f0130e8f5d7629695d163db4ba4a2acb3a0c59737e7f82ebe2f52e48e7a,61cf0d498442916f91c767e09875aa06547376fc9568ebd872ad507f1609a74b
7,right_hand,2,left_hand,different_subject_different_class,3.4314079378171347,3.421328340323467,-0.010079597493667602,-0.002946106450781229,78,1,70981aa89ddbadceca42f354c3c51d05bf6dbf0c,f663379d77883542412d60804de6dc0c77beb1866344a59e0828131f39005040,796f04e7970972175a660a521caff47c83e0295f,122eacff868aa8f656ad6360716c1816f453979f,347d61f17793d636653b614ec2104baa61ac7a4b,ff6e4f0130e8f5d7629695d163db4ba4a2acb3a0c59737e7f82ebe2f52e48e7a,61cf0d498442916f91c767e09875aa06547376fc9568ebd872ad507f1609a74b
7,right_hand,2,right_hand,different_subject_same_class,2.9860585243408755,2.9788248070213363,-0.007233717319539146,-0.0024283795752233148,78,1,70981aa89ddbadceca42f354c3c51d05bf6dbf0c,f663379d77883542412d60804de6dc0c77beb1866344a59e0828131f39005040,796f04e7970972175a660a521caff47c83e0295f,122eacff868aa8f656ad6360716c1816f453979f,347d61f17793d636653b614ec2104baa61ac7a4b,ff6e4f0130e8f5d7629695d163db4ba4a2acb3a0c59737e7f82ebe2f52e48e7a,61cf0d498442916f91c767e09875aa06547376fc9568ebd872ad507f1609a74b
7,right_hand,2,feet,different_subject_different_class,3.1051603538696546,3.0888013872567903,-0.01635896661286429,-0.005296218358472354,100,1,70981aa89ddbadceca42f354c3c51d05bf6dbf0c,f663379d77883542412d60804de6dc0c77beb1866344a59e0828131f39005040,796f04e7970972175a660a521caff47c83e0295f,122eacff868aa8f656ad6360716c1816f453979f,347d61f17793d636653b614ec2104baa61ac7a4b,ff6e4f0130e8f5d7629695d163db4ba4a2acb3a0c59737e7f82ebe2f52e48e7a,61cf0d498442916f91c767e09875aa06547376fc9568ebd872ad507f1609a74b
7,right_hand,2,tongue,different_subject_different_class,2.8135163689746685,2.8118707947018233,-0.0016455742728451739,-0.0005852239996040337,63,1,70981aa89ddbadceca42f354c3c51d05bf6dbf0c,f663379d77883542412d60804de6dc0c77beb1866344a59e0828131f39005040,796f04e7970972175a660a521caff47c83e0295f,122eacff868aa8f656ad6360716c1816f453979f,347d61f17793d636653b614ec2104baa61ac7a4b,ff6e4f0130e8f5d7629695d163db4ba4a2acb3a0c59737e7f82ebe2f52e48e7a,61cf0d498442916f91c767e09875aa06547376fc9568ebd872ad507f1609a74b
7,right_hand,3,left_hand,different_subject_different_class,2.966562087195114,2.985590141627047,0.019028054431933228,0.0063732975824885236,13,1,70981aa89ddbadceca42f354c3c51d05bf6dbf0c,f663379d77883542412d60804de6dc0c77beb1866344a59e0828131f39005040,796f04e7970972175a660a521caff47c83e0295f,122eacff868aa8f656ad6360716c1816f453979f,347d61f17793d636653b614ec2104baa61ac7a4b,ff6e4f0130e8f5d7629695d163db4ba4a2acb3a0c59737e7f82ebe2f52e48e7a,61cf0d498442916f91c767e09875aa06547376fc9568ebd872ad507f1609a74b
7,right_hand,3,right_hand,different_subject_same_class,3.039335637034172,3.074448650853923,0.03511301381975107,0.011420914058850354,7,1,70981aa89ddbadceca42f354c3c51d05bf6dbf0c,f663379d77883542412d60804de6dc0c77beb1866344a59e0828131f39005040,796f04e7970972175a660a521caff47c83e0295f,122eacff868aa8f656ad6360716c1816f453979f,347d61f17793d636653b614ec2104baa61ac7a4b,ff6e4f0130e8f5d7629695d163db4ba4a2acb3a0c59737e7f82ebe2f52e48e7a,61cf0d498442916f91c767e09875aa06547376fc9568ebd872ad507f1609a74b
7,right_hand,3,feet,different_subject_different_class,3.7731775820817504,3.773601437991205,0.0004238559094544847,0.00011232132391811765,60,1,70981aa89ddbadceca42f354c3c51d05bf6dbf0c,f663379d77883542412d60804de6dc0c77beb1866344a59e0828131f39005040,796f04e7970972175a660a521caff47c83e0295f,122eacff868aa8f656ad6360716c1816f453979f,347d61f17793d636653b614ec2104baa61ac7a4b,ff6e4f0130e8f5d7629695d163db4ba4a2acb3a0c59737e7f82ebe2f52e48e7a,61cf0d498442916f91c767e09875aa06547376fc9568ebd872ad507f1609a74b
7,right_hand,3,tongue,different_subject_different_class,4.391716089486034,4.391239508875891,-0.0004765806101429959,-0.00010852986023187682,56,1,70981aa89ddbadceca42f354c3c51d05bf6dbf0c,f663379d77883542412d60804de6dc0c77beb1866344a59e0828131f39005040,796f04e7970972175a660a521caff47c83e0295f,122eacff868aa8f656ad6360716c1816f453979f,347d61f17793d636653b614ec2104baa61ac7a4b,ff6e4f0130e8f5d7629695d163db4ba4a2acb3a0c59737e7f82ebe2f52e48e7a,61cf0d498442916f91c767e09875aa06547376fc9568ebd872ad507f1609a74b
7,right_hand,4,left_hand,different_subject_different_class,1.6592118081174723,1.6737618876362736,0.014550079518801384,0.008693040286243674,18,1,70981aa89ddbadceca42f354c3c51d05bf6dbf0c,f663379d77883542412d60804de6dc0c77beb1866344a59e0828131f39005040,796f04e7970972175a660a521caff47c83e0295f,122eacff868aa8f656ad6360716c1816f453979f,347d61f17793d636653b614ec2104baa61ac7a4b,ff6e4f0130e8f5d7629695d163db4ba4a2acb3a0c59737e7f82ebe2f52e48e7a,61cf0d498442916f91c767e09875aa06547376fc9568ebd872ad507f1609a74b
7,right_hand,4,right_hand,different_subject_same_class,1.7460768197696812,1.7599383405279379,0.01386152075825664,0.00787613999823342,33,1,70981aa89ddbadceca42f354c3c51d05bf6dbf0c,f663379d77883542412d60804de6dc0c77beb1866344a59e0828131f39005040,796f04e7970972175a660a521caff47c83e0295f,122eacff868aa8f656ad6360716c1816f453979f,347d61f17793d636653b614ec2104baa61ac7a4b,ff6e4f0130e8f5d7629695d163db4ba4a2acb3a0c59737e7f82ebe2f52e48e7a,61cf0d498442916f91c767e09875aa06547376fc9568ebd872ad507f1609a74b
7,right_hand,4,feet,different_subject_different_class,2.206798228708189,2.205184006670518,-0.0016142220376709204,-0.0007320124002296491,61,1,70981aa89ddbadceca42f354c3c51d05bf6dbf0c,f663379d77883542412d60804de6dc0c77beb1866344a59e0828131f39005040,796f04e7970972175a660a521caff47c83e0295f,122eacff868aa8f656ad6360716c1816f453979f,347d61f17793d636653b614ec2104baa61ac7a4b,ff6e4f0130e8f5d7629695d163db4ba4a2acb3a0c59737e7f82ebe2f52e48e7a,61cf0d498442916f91c767e09875aa06547376fc9568ebd872ad507f1609a74b
7,right_hand,4,tongue,different_subject_different_class,2.13431229975196,2.138516376610366,0.0042040768584059585,0.001965884808920467,51,1,70981aa89ddbadceca42f354c3c51d05bf6dbf0c,f663379d77883542412d60804de6dc0c77beb1866344a59e0828131f39005040,796f04e7970972175a660a521caff47c83e0295f,122eacff868aa8f656ad6360716c1816f453979f,347d61f17793d636653b614ec2104baa61ac7a4b,ff6e4f0130e8f5d7629695d163db4ba4a2acb3a0c59737e7f82ebe2f52e48e7a,61cf0d498442916f91c767e09875aa06547376fc9568ebd872ad507f1609a74b
7,right_hand,5,left_hand,different_subject_different_class,3.126017936843318,3.1379220493520377,0.011904112508719589,0.0037936291346618114,2,1,70981aa89ddbadceca42f354c3c51d05bf6dbf0c,f663379d77883542412d60804de6dc0c77beb1866344a59e0828131f39005040,796f04e7970972175a660a521caff47c83e0295f,122eacff868aa8f656ad6360716c1816f453979f,347d61f17793d636653b614ec2104baa61ac7a4b,ff6e4f0130e8f5d7629695d163db4ba4a2acb3a0c59737e7f82ebe2f52e48e7a,61cf0d498442916f91c767e09875aa06547376fc9568ebd872ad507f1609a74b
7,right_hand,5,right_hand,different_subject_same_class,3.110094240922066,3.1147797709914267,0.004685530069360677,0.0015042893603579828,24,1,70981aa89ddbadceca42f354c3c51d05bf6dbf0c,f663379d77883542412d60804de6dc0c77beb1866344a59e0828131f39005040,796f04e7970972175a660a521caff47c83e0295f,122eacff868aa8f656ad6360716c1816f453979f,347d61f17793d636653b614ec2104baa61ac7a4b,ff6e4f0130e8f5d7629695d163db4ba4a2acb3a0c59737e7f82ebe2f52e48e7a,61cf0d498442916f91c767e09875aa06547376fc9568ebd872ad507f1609a74b
7,right_hand,5,feet,different_subject_different_class,3.039075151072427,3.0520141524623035,0.01293900138987647,0.004239495868470186,5,1,70981aa89ddbadceca42f354c3c51d05bf6dbf0c,f663379d77883542412d60804de6dc0c77beb1866344a59e0828131f39005040,796f04e7970972175a660a521caff47c83e0295f,122eacff868aa8f656ad6360716c1816f453979f,347d61f17793d636653b614ec2104baa61ac7a4b,ff6e4f0130e8f5d7629695d163db4ba4a2acb3a0c59737e7f82ebe2f52e48e7a,61cf0d498442916f91c767e09875aa06547376fc9568ebd872ad507f1609a74b
7,right_hand,5,tongue,different_subject_different_class,3.0735922888350147,3.0844823725958523,0.010890083760837665,0.0035306033380481734,14,1,70981aa89ddbadceca42f354c3c51d05bf6dbf0c,f663379d77883542412d60804de6dc0c77beb1866344a59e0828131f39005040,796f04e7970972175a660a521caff47c83e0295f,122eacff868aa8f656ad6360716c1816f453979f,347d61f17793d636653b614ec2104baa61ac7a4b,ff6e4f0130e8f5d7629695d163db4ba4a2acb3a0c59737e7f82ebe2f52e48e7a,61cf0d498442916f91c767e09875aa06547376fc9568ebd872ad507f1609a74b
7,right_hand,6,left_hand,different_subject_different_class,4.168809847878665,4.177517800068264,0.00870795218959941,0.0020844799726423943,8,1,70981aa89ddbadceca42f354c3c51d05bf6dbf0c,f663379d77883542412d60804de6dc0c77beb1866344a59e0828131f39005040,796f04e7970972175a660a521caff47c83e0295f,122eacff868aa8f656ad6360716c1816f453979f,347d61f17793d636653b614ec2104baa61ac7a4b,ff6e4f0130e8f5d7629695d163db4ba4a2acb3a0c59737e7f82ebe2f52e48e7a,61cf0d498442916f91c767e09875aa06547376fc9568ebd872ad507f1609a74b
7,right_hand,6,right_hand,different_subject_same_class,4.303661900132641,4.313383743439147,0.009721843306505384,0.0022538785985116096,23,1,70981aa89ddbadceca42f354c3c51d05bf6dbf0c,f663379d77883542412d60804de6dc0c77beb1866344a59e0828131f39005040,796f04e7970972175a660a521caff47c83e0295f,122eacff868aa8f656ad6360716c1816f453979f,347d61f17793d636653b614ec2104baa61ac7a4b,ff6e4f0130e8f5d7629695d163db4ba4a2acb3a0c59737e7f82ebe2f52e48e7a,61cf0d498442916f91c767e09875aa06547376fc9568ebd872ad507f1609a74b
7,right_hand,6,feet,different_subject_different_class,5.004593750976643,5.013367439240783,0.0087736882641396,0.0017500588916475421,33,1,70981aa89ddbadceca42f354c3c51d05bf6dbf0c,f663379d77883542412d60804de6dc0c77beb1866344a59e0828131f39005040,796f04e7970972175a660a521caff47c83e0295f,122eacff868aa8f656ad6360716c1816f453979f,347d61f17793d636653b614ec2104baa61ac7a4b,ff6e4f0130e8f5d7629695d163db4ba4a2acb3a0c59737e7f82ebe2f52e48e7a,61cf0d498442916f91c767e09875aa06547376fc9568ebd872ad507f1609a74b
7,right_hand,6,tongue,different_subject_different_class,4.5692439075124875,4.5871857249762,0.017941817463712262,0.003911290830459094,3,1,70981aa89ddbadceca42f354c3c51d05bf6dbf0c,f663379d77883542412d60804de6dc0c77beb1866344a59e0828131f39005040,796f04e7970972175a660a521caff47c83e0295f,122eacff868aa8f656ad6360716c1816f453979f,347d61f17793d636653b614ec2104baa61ac7a4b,ff6e4f0130e8f5d7629695d163db4ba4a2acb3a0c59737e7f82ebe2f52e48e7a,61cf0d498442916f91c767e09875aa06547376fc9568ebd872ad507f1609a74b
7,right_hand,7,left_hand,same_subject_different_class,1.3688056697944493,1.4627361428434795,0.09393047304903024,0.06421559589444102,1,1,70981aa89ddbadceca42f354c3c51d05bf6dbf0c,f663379d77883542412d60804de6dc0c77beb1866344a59e0828131f39005040,796f04e7970972175a660a521caff47c83e0295f,122eacff868aa8f656ad6360716c1816f453979f,347d61f17793d636653b614ec2104baa61ac7a4b,ff6e4f0130e8f5d7629695d163db4ba4a2acb3a0c59737e7f82ebe2f52e48e7a,61cf0d498442916f91c767e09875aa06547376fc9568ebd872ad507f1609a74b
7,right_hand,7,right_hand,same_subject_same_class,1.4067317896792813,1.4940174359794285,0.08728564630014723,0.05842344553557747,2,1,70981aa89ddbadceca42f354c3c51d05bf6dbf0c,f663379d77883542412d60804de6dc0c77beb1866344a59e0828131f39005040,796f04e7970972175a660a521caff47c83e0295f,122eacff868aa8f656ad6360716c1816f453979f,347d61f17793d636653b614ec2104baa61ac7a4b,ff6e4f0130e8f5d7629695d163db4ba4a2acb3a0c59737e7f82ebe2f52e48e7a,61cf0d498442916f91c767e09875aa06547376fc9568ebd872ad507f1609a74b
7,right_hand,7,feet,same_subject_different_class,1.872737684747912,1.9012051937157128,0.028467508967800814,0.014973401641178958,16,1,70981aa89ddbadceca42f354c3c51d05bf6dbf0c,f663379d77883542412d60804de6dc0c77beb1866344a59e0828131f39005040,796f04e7970972175a660a521caff47c83e0295f,122eacff868aa8f656ad6360716c1816f453979f,347d61f17793d636653b614ec2104baa61ac7a4b,ff6e4f0130e8f5d7629695d163db4ba4a2acb3a0c59737e7f82ebe2f52e48e7a,61cf0d498442916f91c767e09875aa06547376fc9568ebd872ad507f1609a74b
7,right_hand,7,tongue,same_subject_different_class,2.472703911976323,2.5164900422744125,0.04378613029808953,0.01739968351256239,2,1,70981aa89ddbadceca42f354c3c51d05bf6dbf0c,f663379d77883542412d60804de6dc0c77beb1866344a59e0828131f39005040,796f04e7970972175a660a521caff47c83e0295f,122eacff868aa8f656ad6360716c1816f453979f,347d61f17793d636653b614ec2104baa61ac7a4b,ff6e4f0130e8f5d7629695d163db4ba4a2acb3a0c59737e7f82ebe2f52e48e7a,61cf0d498442916f91c767e09875aa06547376fc9568ebd872ad507f1609a74b
7,right_hand,8,left_hand,different_subject_different_class,4.595596289354939,4.605990662884853,0.010394373529914347,0.0022567074687476845,3,1,70981aa89ddbadceca42f354c3c51d05bf6dbf0c,f663379d77883542412d60804de6dc0c77beb1866344a59e0828131f39005040,796f04e7970972175a660a521caff47c83e0295f,122eacff868aa8f656ad6360716c1816f453979f,347d61f17793d636653b614ec2104baa61ac7a4b,ff6e4f0130e8f5d7629695d163db4ba4a2acb3a0c59737e7f82ebe2f52e48e7a,61cf0d498442916f91c767e09875aa06547376fc9568ebd872ad507f1609a74b
7,right_hand,8,right_hand,different_subject_same_class,4.946385724677408,4.95186017184321,0.005474447165801699,0.0011055334714275603,36,1,70981aa89ddbadceca42f354c3c51d05bf6dbf0c,f663379d77883542412d60804de6dc0c77beb1866344a59e0828131f39005040,796f04e7970972175a660a521caff47c83e0295f,122eacff868aa8f656ad6360716c1816f453979f,347d61f17793d636653b614ec2104baa61ac7a4b,ff6e4f0130e8f5d7629695d163db4ba4a2acb3a0c59737e7f82ebe2f52e48e7a,61cf0d498442916f91c767e09875aa06547376fc9568ebd872ad507f1609a74b
7,right_hand,8,feet,different_subject_different_class,4.894453285919718,4.89905536104831,0.004602075128592453,0.000939380102781221,30,1,70981aa89ddbadceca42f354c3c51d05bf6dbf0c,f663379d77883542412d60804de6dc0c77beb1866344a59e0828131f39005040,796f04e7970972175a660a521caff47c83e0295f,122eacff868aa8f656ad6360716c1816f453979f,347d61f17793d636653b614ec2104baa61ac7a4b,ff6e4f0130e8f5d7629695d163db4ba4a2acb3a0c59737e7f82ebe2f52e48e7a,61cf0d498442916f91c767e09875aa06547376fc9568ebd872ad507f1609a74b
7,right_hand,8,tongue,different_subject_different_class,5.8723617687664085,5.876821593452451,0.004459824686042779,0.0007588837971551847,32,1,70981aa89ddbadceca42f354c3c51d05bf6dbf0c,f663379d77883542412d60804de6dc0c77beb1866344a59e0828131f39005040,796f04e7970972175a660a521caff47c83e0295f,122eacff868aa8f656ad6360716c1816f453979f,347d61f17793d636653b614ec2104baa61ac7a4b,ff6e4f0130e8f5d7629695d163db4ba4a2acb3a0c59737e7f82ebe2f52e48e7a,61cf0d498442916f91c767e09875aa06547376fc9568ebd872ad507f1609a74b
7,right_hand,9,left_hand,different_subject_different_class,4.919179900309487,4.95878254846691,0.039602648157423204,0.007986365155226865,7,1,70981aa89ddbadceca42f354c3c51d05bf6dbf0c,f663379d77883542412d60804de6dc0c77beb1866344a59e0828131f39005040,796f04e7970972175a660a521caff47c83e0295f,122eacff868aa8f656ad6360716c1816f453979f,347d61f17793d636653b614ec2104baa61ac7a4b,ff6e4f0130e8f5d7629695d163db4ba4a2acb3a0c59737e7f82ebe2f52e48e7a,61cf0d498442916f91c767e09875aa06547376fc9568ebd872ad507f1609a74b
7,right_hand,9,right_hand,different_subject_same_class,6.94563183469647,6.948478487467775,0.002846652771305358,0.0004096800150478353,35,1,70981aa89ddbadceca42f354c3c51d05bf6dbf0c,f663379d77883542412d60804de6dc0c77beb1866344a59e0828131f39005040,796f04e7970972175a660a521caff47c83e0295f,122eacff868aa8f656ad6360716c1816f453979f,347d61f17793d636653b614ec2104baa61ac7a4b,ff6e4f0130e8f5d7629695d163db4ba4a2acb3a0c59737e7f82ebe2f52e48e7a,61cf0d498442916f91c767e09875aa06547376fc9568ebd872ad507f1609a74b
7,right_hand,9,feet,different_subject_different_class,7.23088994451585,7.23454723851279,0.0036572939969401475,0.0005055318427490121,35,1,70981aa89ddbadceca42f354c3c51d05bf6dbf0c,f663379d77883542412d60804de6dc0c77beb1866344a59e0828131f39005040,796f04e7970972175a660a521caff47c83e0295f,122eacff868aa8f656ad6360716c1816f453979f,347d61f17793d636653b614ec2104baa61ac7a4b,ff6e4f0130e8f5d7629695d163db4ba4a2acb3a0c59737e7f82ebe2f52e48e7a,61cf0d498442916f91c767e09875aa06547376fc9568ebd872ad507f1609a74b
7,right_hand,9,tongue,different_subject_different_class,8.674972524658138,8.676077891356925,0.001105366698787691,0.0001274039620931542,52,1,70981aa89ddbadceca42f354c3c51d05bf6dbf0c,f663379d77883542412d60804de6dc0c77beb1866344a59e0828131f39005040,796f04e7970972175a660a521caff47c83e0295f,122eacff868aa8f656ad6360716c1816f453979f,347d61f17793d636653b614ec2104baa61ac7a4b,ff6e4f0130e8f5d7629695d163db4ba4a2acb3a0c59737e7f82ebe2f52e48e7a,61cf0d498442916f91c767e09875aa06547376fc9568ebd872ad507f1609a74b
7,feet,1,left_hand,different_subject_different_class,1.750219353641197,1.7626836800914008,0.012464326450203789,0.00707122133765797,17,1,70981aa89ddbadceca42f354c3c51d05bf6dbf0c,f663379d77883542412d60804de6dc0c77beb1866344a59e0828131f39005040,796f04e7970972175a660a521caff47c83e0295f,122eacff868aa8f656ad6360716c1816f453979f,347d61f17793d636653b614ec2104baa61ac7a4b,ff6e4f0130e8f5d7629695d163db4ba4a2acb3a0c59737e7f82ebe2f52e48e7a,61cf0d498442916f91c767e09875aa06547376fc9568ebd872ad507f1609a74b
7,feet,1,right_hand,different_subject_different_class,1.8041249198655243,1.7964984164651359,-0.007626503400388396,-0.004245204632795957,84,1,70981aa89ddbadceca42f354c3c51d05bf6dbf0c,f663379d77883542412d60804de6dc0c77beb1866344a59e0828131f39005040,796f04e7970972175a660a521caff47c83e0295f,122eacff868aa8f656ad6360716c1816f453979f,347d61f17793d636653b614ec2104baa61ac7a4b,ff6e4f0130e8f5d7629695d163db4ba4a2acb3a0c59737e7f82ebe2f52e48e7a,61cf0d498442916f91c767e09875aa06547376fc9568ebd872ad507f1609a74b
7,feet,1,feet,different_subject_same_class,2.396180252292104,2.396594698844486,0.0004144465523823193,0.00017293143166099132,54,1,70981aa89ddbadceca42f354c3c51d05bf6dbf0c,f663379d77883542412d60804de6dc0c77beb1866344a59e0828131f39005040,796f04e7970972175a660a521caff47c83e0295f,122eacff868aa8f656ad6360716c1816f453979f,347d61f17793d636653b614ec2104baa61ac7a4b,ff6e4f0130e8f5d7629695d163db4ba4a2acb3a0c59737e7f82ebe2f52e48e7a,61cf0d498442916f91c767e09875aa06547376fc9568ebd872ad507f1609a74b
7,feet,1,tongue,different_subject_different_class,2.6229311121570813,2.6387126333740483,0.015781521216966965,0.005980765399522711,28,1,70981aa89ddbadceca42f354c3c51d05bf6dbf0c,f663379d77883542412d60804de6dc0c77beb1866344a59e0828131f39005040,796f04e7970972175a660a521caff47c83e0295f,122eacff868aa8f656ad6360716c1816f453979f,347d61f17793d636653b614ec2104baa61ac7a4b,ff6e4f0130e8f5d7629695d163db4ba4a2acb3a0c59737e7f82ebe2f52e48e7a,61cf0d498442916f91c767e09875aa06547376fc9568ebd872ad507f1609a74b
7,feet,2,left_hand,different_subject_different_class,3.3298668643679274,3.3285113646273814,-0.0013554997405460512,-0.0004072390303218316,67,1,70981aa89ddbadceca42f354c3c51d05bf6dbf0c,f663379d77883542412d60804de6dc0c77beb1866344a59e0828131f39005040,796f04e7970972175a660a521caff47c83e0295f,122eacff868aa8f656ad6360716c1816f453979f,347d61f17793d636653b614ec2104baa61ac7a4b,ff6e4f0130e8f5d7629695d163db4ba4a2acb3a0c59737e7f82ebe2f52e48e7a,61cf0d498442916f91c767e09875aa06547376fc9568ebd872ad507f1609a74b
7,feet,2,right_hand,different_subject_different_class,2.9063927530649343,2.9012190332184176,-0.005173719846516711,-0.0017832917085123814,78,1,70981aa89ddbadceca42f354c3c51d05bf6dbf0c,f663379d77883542412d60804de6dc0c77beb1866344a59e0828131f39005040,796f04e7970972175a660a521caff47c83e0295f,122eacff868aa8f656ad6360716c1816f453979f,347d61f17793d636653b614ec2104baa61ac7a4b,ff6e4f0130e8f5d7629695d163db4ba4a2acb3a0c59737e7f82ebe2f52e48e7a,61cf0d498442916f91c767e09875aa06547376fc9568ebd872ad507f1609a74b
7,feet,2,feet,different_subject_same_class,3.023591157927766,3.0227243827091614,-0.0008667752186046762,-0.000286752978062729,61,1,70981aa89ddbadceca42f354c3c51d05bf6dbf0c,f663379d77883542412d60804de6dc0c77beb1866344a59e0828131f39005040,796f04e7970972175a660a521caff47c83e0295f,122eacff868aa8f656ad6360716c1816f453979f,347d61f17793d636653b614ec2104baa61ac7a4b,ff6e4f0130e8f5d7629695d163db4ba4a2acb3a0c59737e7f82ebe2f52e48e7a,61cf0d498442916f91c767e09875aa06547376fc9568ebd872ad507f1609a74b
7,feet,2,tongue,different_subject_different_class,2.7737266103177682,2.7757113332879344,0.001984722970166164,0.0007150321960227705,54,1,70981aa89ddbadceca42f354c3c51d05bf6dbf0c,f663379d77883542412d60804de6dc0c77beb1866344a59e0828131f39005040,796f04e7970972175a660a521caff47c83e0295f,122eacff868aa8f656ad6360716c1816f453979f,347d61f17793d636653b614ec2104baa61ac7a4b,ff6e4f0130e8f5d7629695d163db4ba4a2acb3a0c59737e7f82ebe2f52e48e7a,61cf0d498442916f91c767e09875aa06547376fc9568ebd872ad507f1609a74b
7,feet,3,left_hand,different_subject_different_class,2.7904618197758926,2.815515718174587,0.02505389839869432,0.008898511287636418,7,1,70981aa89ddbadceca42f354c3c51d05bf6dbf0c,f663379d77883542412d60804de6dc0c77beb1866344a59e0828131f39005040,796f04e7970972175a660a521caff47c83e0295f,122eacff868aa8f656ad6360716c1816f453979f,347d61f17793d636653b614ec2104baa61ac7a4b,ff6e4f0130e8f5d7629695d163db4ba4a2acb3a0c59737e7f82ebe2f52e48e7a,61cf0d498442916f91c767e09875aa06547376fc9568ebd872ad507f1609a74b
7,feet,3,right_hand,different_subject_different_class,2.93677698984466,2.962215788448554,0.025438798603893975,0.008587760116293695,6,1,70981aa89ddbadceca42f354c3c51d05bf6dbf0c,f663379d77883542412d60804de6dc0c77beb1866344a59e0828131f39005040,796f04e7970972175a660a521caff47c83e0295f,122eacff868aa8f656ad6360716c1816f453979f,347d61f17793d636653b614ec2104baa61ac7a4b,ff6e4f0130e8f5d7629695d163db4ba4a2acb3a0c59737e7f82ebe2f52e48e7a,61cf0d498442916f91c767e09875aa06547376fc9568ebd872ad507f1609a74b
7,feet,3,feet,different_subject_same_class,3.5052870277815806,3.521691077483606,0.016404049702025247,0.004658003595746002,27,1,70981aa89ddbadceca42f354c3c51d05bf6dbf0c,f663379d77883542412d60804de6dc0c77beb1866344a59e0828131f39005040,796f04e7970972175a660a521caff47c83e0295f,122eacff868aa8f656ad6360716c1816f453979f,347d61f17793d636653b614ec2104baa61ac7a4b,ff6e4f0130e8f5d7629695d163db4ba4a2acb3a0c59737e7f82ebe2f52e48e7a,61cf0d498442916f91c767e09875aa06547376fc9568ebd872ad507f1609a74b
7,feet,3,tongue,different_subject_different_class,4.112045490807086,4.123842826957648,0.01179733615056211,0.0028607627995525615,32,1,70981aa89ddbadceca42f354c3c51d05bf6dbf0c,f663379d77883542412d60804de6dc0c77beb1866344a59e0828131f39005040,796f04e7970972175a660a521caff47c83e0295f,122eacff868aa8f656ad6360716c1816f453979f,347d61f17793d636653b614ec2104baa61ac7a4b,ff6e4f0130e8f5d7629695d163db4ba4a2acb3a0c59737e7f82ebe2f52e48e7a,61cf0d498442916f91c767e09875aa06547376fc9568ebd872ad507f1609a74b
7,feet,4,left_hand,different_subject_different_class,1.7314541595507065,1.7463874261275514,0.014933266576844906,0.00855094714576479,15,1,70981aa89ddbadceca42f354c3c51d05bf6dbf0c,f663379d77883542412d60804de6dc0c77beb1866344a59e0828131f39005040,796f04e7970972175a660a521caff47c83e0295f,122eacff868aa8f656ad6360716c1816f453979f,347d61f17793d636653b614ec2104baa61ac7a4b,ff6e4f0130e8f5d7629695d163db4ba4a2acb3a0c59737e7f82ebe2f52e48e7a,61cf0d498442916f91c767e09875aa06547376fc9568ebd872ad507f1609a74b
7,feet,4,right_hand,different_subject_different_class,1.804592092217683,1.8045938557904448,1.7635727618259267e-06,9.772685173271023e-07,56,1,70981aa89ddbadceca42f354c3c51d05bf6dbf0c,f663379d77883542412d60804de6dc0c77beb1866344a59e0828131f39005040,796f04e7970972175a660a521caff47c83e0295f,122eacff868aa8f656ad6360716c1816f453979f,347d61f17793d636653b614ec2104baa61ac7a4b,ff6e4f0130e8f5d7629695d163db4ba4a2acb3a0c59737e7f82ebe2f52e48e7a,61cf0d498442916f91c767e09875aa06547376fc9568ebd872ad507f1609a74b
7,feet,4,feet,different_subject_same_class,2.1467220057207124,2.157034652980602,0.010312647259889562,0.004780937221216864,43,1,70981aa89ddbadceca42f354c3c51d05bf6dbf0c,f663379d77883542412d60804de6dc0c77beb1866344a59e0828131f39005040,796f04e7970972175a660a521caff47c83e0295f,122eacff868aa8f656ad6360716c1816f453979f,347d61f17793d636653b614ec2104baa61ac7a4b,ff6e4f0130e8f5d7629695d163db4ba4a2acb3a0c59737e7f82ebe2f52e48e7a,61cf0d498442916f91c767e09875aa06547376fc9568ebd872ad507f1609a74b
7,feet,4,tongue,different_subject_different_class,2.0724218360879583,2.1048701311559244,0.03244829506796609,0.015415818100923202,14,1,70981aa89ddbadceca42f354c3c51d05bf6dbf0c,f663379d77883542412d60804de6dc0c77beb1866344a59e0828131f39005040,796f04e7970972175a660a521caff47c83e0295f,122eacff868aa8f656ad6360716c1816f453979f,347d61f17793d636653b614ec2104baa61ac7a4b,ff6e4f0130e8f5d7629695d163db4ba4a2acb3a0c59737e7f82ebe2f52e48e7a,61cf0d498442916f91c767e09875aa06547376fc9568ebd872ad507f1609a74b
7,feet,5,left_hand,different_subject_different_class,3.346073083878937,3.355037658704065,0.008964574825127691,0.002671974426835613,11,1,70981aa89ddbadceca42f354c3c51d05bf6dbf0c,f663379d77883542412d60804de6dc0c77beb1866344a59e0828131f39005040,796f04e7970972175a660a521caff47c83e0295f,122eacff868aa8f656ad6360716c1816f453979f,347d61f17793d636653b614ec2104baa61ac7a4b,ff6e4f0130e8f5d7629695d163db4ba4a2acb3a0c59737e7f82ebe2f52e48e7a,61cf0d498442916f91c767e09875aa06547376fc9568ebd872ad507f1609a74b
7,feet,5,right_hand,different_subject_different_class,3.333966240162429,3.3404443808700996,0.006478140707670832,0.001939305065149279,16,1,70981aa89ddbadceca42f354c3c51d05bf6dbf0c,f663379d77883542412d60804de6dc0c77beb1866344a59e0828131f39005040,796f04e7970972175a660a521caff47c83e0295f,122eacff868aa8f656ad6360716c1816f453979f,347d61f17793d636653b614ec2104baa61ac7a4b,ff6e4f0130e8f5d7629695d163db4ba4a2acb3a0c59737e7f82ebe2f52e48e7a,61cf0d498442916f91c767e09875aa06547376fc9568ebd872ad507f1609a74b
7,feet,5,feet,different_subject_same_class,3.2355393765845117,3.2496755863098583,0.014136209725346571,0.00435003721137556,4,1,70981aa89ddbadceca42f354c3c51d05bf6dbf0c,f663379d77883542412d60804de6dc0c77beb1866344a59e0828131f39005040,796f04e7970972175a660a521caff47c83e0295f,122eacff868aa8f656ad6360716c1816f453979f,347d61f17793d636653b614ec2104baa61ac7a4b,ff6e4f0130e8f5d7629695d163db4ba4a2acb3a0c59737e7f82ebe2f52e48e7a,61cf0d498442916f91c767e09875aa06547376fc9568ebd872ad507f1609a74b
7,feet,5,tongue,different_subject_different_class,3.2616187846522857,3.269259652445518,0.007640867793232253,0.0023371859703822002,20,1,70981aa89ddbadceca42f354c3c51d05bf6dbf0c,f663379d77883542412d60804de6dc0c77beb1866344a59e0828131f39005040,796f04e7970972175a660a521caff47c83e0295f,122eacff868aa8f656ad6360716c1816f453979f,347d61f17793d636653b614ec2104baa61ac7a4b,ff6e4f0130e8f5d7629695d163db4ba4a2acb3a0c59737e7f82ebe2f52e48e7a,61cf0d498442916f91c767e09875aa06547376fc9568ebd872ad507f1609a74b
7,feet,6,left_hand,different_subject_different_class,3.814172210242074,3.829403742317507,0.01523153207543304,0.003977520548986331,1,1,70981aa89ddbadceca42f354c3c51d05bf6dbf0c,f663379d77883542412d60804de6dc0c77beb1866344a59e0828131f39005040,796f04e7970972175a660a521caff47c83e0295f,122eacff868aa8f656ad6360716c1816f453979f,347d61f17793d636653b614ec2104baa61ac7a4b,ff6e4f0130e8f5d7629695d163db4ba4a2acb3a0c59737e7f82ebe2f52e48e7a,61cf0d498442916f91c767e09875aa06547376fc9568ebd872ad507f1609a74b
7,feet,6,right_hand,different_subject_different_class,3.9700785044224634,3.978434735967438,0.00835623154497478,0.0021003817077679897,3,1,70981aa89ddbadceca42f354c3c51d05bf6dbf0c,f663379d77883542412d60804de6dc0c77beb1866344a59e0828131f39005040,796f04e7970972175a660a521caff47c83e0295f,122eacff868aa8f656ad6360716c1816f453979f,347d61f17793d636653b614ec2104baa61ac7a4b,ff6e4f0130e8f5d7629695d163db4ba4a2acb3a0c59737e7f82ebe2f52e48e7a,61cf0d498442916f91c767e09875aa06547376fc9568ebd872ad507f1609a74b
7,feet,6,feet,different_subject_same_class,4.665885282488391,4.6894225433067716,0.023537260818380368,0.005019223710598478,4,1,70981aa89ddbadceca42f354c3c51d05bf6dbf0c,f663379d77883542412d60804de6dc0c77beb1866344a59e0828131f39005040,796f04e7970972175a660a521caff47c83e0295f,122eacff868aa8f656ad6360716c1816f453979f,347d61f17793d636653b614ec2104baa61ac7a4b,ff6e4f0130e8f5d7629695d163db4ba4a2acb3a0c59737e7f82ebe2f52e48e7a,61cf0d498442916f91c767e09875aa06547376fc9568ebd872ad507f1609a74b
7,feet,6,tongue,different_subject_different_class,4.211399716542536,4.222425429439333,0.011025712896797657,0.002611227381287746,20,1,70981aa89ddbadceca42f354c3c51d05bf6dbf0c,f663379d77883542412d60804de6dc0c77beb1866344a59e0828131f39005040,796f04e7970972175a660a521caff47c83e0295f,122eacff868aa8f656ad6360716c1816f453979f,347d61f17793d636653b614ec2104baa61ac7a4b,ff6e4f0130e8f5d7629695d163db4ba4a2acb3a0c59737e7f82ebe2f52e48e7a,61cf0d498442916f91c767e09875aa06547376fc9568ebd872ad507f1609a74b
7,feet,7,left_hand,same_subject_different_class,1.374121107136634,1.4177233100021676,0.043602202865533624,0.030755086382452834,15,1,70981aa89ddbadceca42f354c3c51d05bf6dbf0c,f663379d77883542412d60804de6dc0c77beb1866344a59e0828131f39005040,796f04e7970972175a660a521caff47c83e0295f,122eacff868aa8f656ad6360716c1816f453979f,347d61f17793d636653b614ec2104baa61ac7a4b,ff6e4f0130e8f5d7629695d163db4ba4a2acb3a0c59737e7f82ebe2f52e48e7a,61cf0d498442916f91c767e09875aa06547376fc9568ebd872ad507f1609a74b
7,feet,7,right_hand,same_subject_different_class,1.385497307354106,1.4495646110796416,0.06406730372553571,0.04419761853720899,1,1,70981aa89ddbadceca42f354c3c51d05bf6dbf0c,f663379d77883542412d60804de6dc0c77beb1866344a59e0828131f39005040,796f04e7970972175a660a521caff47c83e0295f,122eacff868aa8f656ad6360716c1816f453979f,347d61f17793d636653b614ec2104baa61ac7a4b,ff6e4f0130e8f5d7629695d163db4ba4a2acb3a0c59737e7f82ebe2f52e48e7a,61cf0d498442916f91c767e09875aa06547376fc9568ebd872ad507f1609a74b
7,feet,7,feet,same_subject_same_class,1.5006693898701249,1.5740655004774622,0.0733961106073373,0.04662837130035187,6,1,70981aa89ddbadceca42f354c3c51d05bf6dbf0c,f663379d77883542412d60804de6dc0c77beb1866344a59e0828131f39005040,796f04e7970972175a660a521caff47c83e0295f,122eacff868aa8f656ad6360716c1816f453979f,347d61f17793d636653b614ec2104baa61ac7a4b,ff6e4f0130e8f5d7629695d163db4ba4a2acb3a0c59737e7f82ebe2f52e48e7a,61cf0d498442916f91c767e09875aa06547376fc9568ebd872ad507f1609a74b
7,feet,7,tongue,same_subject_different_class,2.179943502966806,2.2481723645845717,0.06822886161776553,0.030348590122614195,1,1,70981aa89ddbadceca42f354c3c51d05bf6dbf0c,f663379d77883542412d60804de6dc0c77beb1866344a59e0828131f39005040,796f04e7970972175a660a521caff47c83e0295f,122eacff868aa8f656ad6360716c1816f453979f,347d61f17793d636653b614ec2104baa61ac7a4b,ff6e4f0130e8f5d7629695d163db4ba4a2acb3a0c59737e7f82ebe2f52e48e7a,61cf0d498442916f91c767e09875aa06547376fc9568ebd872ad507f1609a74b
7,feet,8,left_hand,different_subject_different_class,4.376158351221938,4.375495126712622,-0.0006632245093163291,-0.0001515770193108683,66,1,70981aa89ddbadceca42f354c3c51d05bf6dbf0c,f663379d77883542412d60804de6dc0c77beb1866344a59e0828131f39005040,796f04e7970972175a660a521caff47c83e0295f,122eacff868aa8f656ad6360716c1816f453979f,347d61f17793d636653b614ec2104baa61ac7a4b,ff6e4f0130e8f5d7629695d163db4ba4a2acb3a0c59737e7f82ebe2f52e48e7a,61cf0d498442916f91c767e09875aa06547376fc9568ebd872ad507f1609a74b
7,feet,8,right_hand,different_subject_different_class,4.743233998271072,4.744980396092849,0.0017463978217771015,0.00036805164110164393,53,1,70981aa89ddbadceca42f354c3c51d05bf6dbf0c,f663379d77883542412d60804de6dc0c77beb1866344a59e0828131f39005040,796f04e7970972175a660a521caff47c83e0295f,122eacff868aa8f656ad6360716c1816f453979f,347d61f17793d636653b614ec2104baa61ac7a4b,ff6e4f0130e8f5d7629695d163db4ba4a2acb3a0c59737e7f82ebe2f52e48e7a,61cf0d498442916f91c767e09875aa06547376fc9568ebd872ad507f1609a74b
7,feet,8,feet,different_subject_same_class,4.670363984314053,4.675457833298625,0.005093848984571991,0.001089486669795968,34,1,70981aa89ddbadceca42f354c3c51d05bf6dbf0c,f663379d77883542412d60804de6dc0c77beb1866344a59e0828131f39005040,796f04e7970972175a660a521caff47c83e0295f,122eacff868aa8f656ad6360716c1816f453979f,347d61f17793d636653b614ec2104baa61ac7a4b,ff6e4f0130e8f5d7629695d163db4ba4a2acb3a0c59737e7f82ebe2f52e48e7a,61cf0d498442916f91c767e09875aa06547376fc9568ebd872ad507f1609a74b
7,feet,8,tongue,different_subject_different_class,5.6576891698318414,5.658419388020324,0.00073021818848229,0.00012904985269000482,51,1,70981aa89ddbadceca42f354c3c51d05bf6dbf0c,f663379d77883542412d60804de6dc0c77beb1866344a59e0828131f39005040,796f04e7970972175a660a521caff47c83e0295f,122eacff868aa8f656ad6360716c1816f453979f,347d61f17793d636653b614ec2104baa61ac7a4b,ff6e4f0130e8f5d7629695d163db4ba4a2acb3a0c59737e7f82ebe2f52e48e7a,61cf0d498442916f91c767e09875aa06547376fc9568ebd872ad507f1609a74b
7,feet,9,left_hand,different_subject_different_class,4.72088764655237,4.731286454531853,0.010398807979482783,0.002197881713444407,33,1,70981aa89ddbadceca42f354c3c51d05bf6dbf0c,f663379d77883542412d60804de6dc0c77beb1866344a59e0828131f39005040,796f04e7970972175a660a521caff47c83e0295f,122eacff868aa8f656ad6360716c1816f453979f,347d61f17793d636653b614ec2104baa61ac7a4b,ff6e4f0130e8f5d7629695d163db4ba4a2acb3a0c59737e7f82ebe2f52e48e7a,61cf0d498442916f91c767e09875aa06547376fc9568ebd872ad507f1609a74b
7,feet,9,right_hand,different_subject_different_class,6.653495636555719,6.652014180345036,-0.0014814562106826301,-0.0002227079153048029,88,1,70981aa89ddbadceca42f354c3c51d05bf6dbf0c,f663379d77883542412d60804de6dc0c77beb1866344a59e0828131f39005040,796f04e7970972175a660a521caff47c83e0295f,122eacff868aa8f656ad6360716c1816f453979f,347d61f17793d636653b614ec2104baa61ac7a4b,ff6e4f0130e8f5d7629695d163db4ba4a2acb3a0c59737e7f82ebe2f52e48e7a,61cf0d498442916f91c767e09875aa06547376fc9568ebd872ad507f1609a74b
7,feet,9,feet,different_subject_same_class,6.926616728912008,6.923454914786456,-0.003161814125552276,-0.0004566815505362177,97,1,70981aa89ddbadceca42f354c3c51d05bf6dbf0c,f663379d77883542412d60804de6dc0c77beb1866344a59e0828131f39005040,796f04e7970972175a660a521caff47c83e0295f,122eacff868aa8f656ad6360716c1816f453979f,347d61f17793d636653b614ec2104baa61ac7a4b,ff6e4f0130e8f5d7629695d163db4ba4a2acb3a0c59737e7f82ebe2f52e48e7a,61cf0d498442916f91c767e09875aa06547376fc9568ebd872ad507f1609a74b
7,feet,9,tongue,different_subject_different_class,8.384562982791715,8.384321906554053,-0.00024107623766234099,-2.875321825058874e-05,59,1,70981aa89ddbadceca42f354c3c51d05bf6dbf0c,f663379d77883542412d60804de6dc0c77beb1866344a59e0828131f39005040,796f04e7970972175a660a521caff47c83e0295f,122eacff868aa8f656ad6360716c1816f453979f,347d61f17793d636653b614ec2104baa61ac7a4b,ff6e4f0130e8f5d7629695d163db4ba4a2acb3a0c59737e7f82ebe2f52e48e7a,61cf0d498442916f91c767e09875aa06547376fc9568ebd872ad507f1609a74b
7,tongue,1,left_hand,different_subject_different_class,2.0122435318895366,1.976942661139482,-0.035300870750054614,-0.01785629469380143,100,1,70981aa89ddbadceca42f354c3c51d05bf6dbf0c,f663379d77883542412d60804de6dc0c77beb1866344a59e0828131f39005040,796f04e7970972175a660a521caff47c83e0295f,122eacff868aa8f656ad6360716c1816f453979f,347d61f17793d636653b614ec2104baa61ac7a4b,ff6e4f0130e8f5d7629695d163db4ba4a2acb3a0c59737e7f82ebe2f52e48e7a,61cf0d498442916f91c767e09875aa06547376fc9568ebd872ad507f1609a74b
7,tongue,1,right_hand,different_subject_different_class,2.1302629386372223,2.083390963591429,-0.046871975045793324,-0.022497925672574495,118,1,70981aa89ddbadceca42f354c3c51d05bf6dbf0c,f663379d77883542412d60804de6dc0c77beb1866344a59e0828131f39005040,796f04e7970972175a660a521caff47c83e0295f,122eacff868aa8f656ad6360716c1816f453979f,347d61f17793d636653b614ec2104baa61ac7a4b,ff6e4f0130e8f5d7629695d163db4ba4a2acb3a0c59737e7f82ebe2f52e48e7a,61cf0d498442916f91c767e09875aa06547376fc9568ebd872ad507f1609a74b
7,tongue,1,feet,different_subject_different_class,2.125871443954783,2.166626048562282,0.040754604607499356,0.018810170141978617,31,1,70981aa89ddbadceca42f354c3c51d05bf6dbf0c,f663379d77883542412d60804de6dc0c77beb1866344a59e0828131f39005040,796f04e7970972175a660a521caff47c83e0295f,122eacff868aa8f656ad6360716c1816f453979f,347d61f17793d636653b614ec2104baa61ac7a4b,ff6e4f0130e8f5d7629695d163db4ba4a2acb3a0c59737e7f82ebe2f52e48e7a,61cf0d498442916f91c767e09875aa06547376fc9568ebd872ad507f1609a74b
7,tongue,1,tongue,different_subject_same_class,2.2790178157983676,2.358379026421132,0.07936121062276458,0.03365074474190696,20,1,70981aa89ddbadceca42f354c3c51d05bf6dbf0c,f663379d77883542412d60804de6dc0c77beb1866344a59e0828131f39005040,796f04e7970972175a660a521caff47c83e0295f,122eacff868aa8f656ad6360716c1816f453979f,347d61f17793d636653b614ec2104baa61ac7a4b,ff6e4f0130e8f5d7629695d163db4ba4a2acb3a0c59737e7f82ebe2f52e48e7a,61cf0d498442916f91c767e09875aa06547376fc9568ebd872ad507f1609a74b
7,tongue,2,left_hand,different_subject_different_class,3.0785702675401714,3.115156862965339,0.03658659542516762,0.011744704050100576,19,1,70981aa89ddbadceca42f354c3c51d05bf6dbf0c,f663379d77883542412d60804de6dc0c77beb1866344a59e0828131f39005040,796f04e7970972175a660a521caff47c83e0295f,122eacff868aa8f656ad6360716c1816f453979f,347d61f17793d636653b614ec2104baa61ac7a4b,ff6e4f0130e8f5d7629695d163db4ba4a2acb3a0c59737e7f82ebe2f52e48e7a,61cf0d498442916f91c767e09875aa06547376fc9568ebd872ad507f1609a74b
7,tongue,2,right_hand,different_subject_different_class,2.713652173556861,2.759764611690267,0.04611243813340593,0.01670883014372865,19,1,70981aa89ddbadceca42f354c3c51d05bf6dbf0c,f663379d77883542412d60804de6dc0c77beb1866344a59e0828131f39005040,796f04e7970972175a660a521caff47c83e0295f,122eacff868aa8f656ad6360716c1816f453979f,347d61f17793d636653b614ec2104baa61ac7a4b,ff6e4f0130e8f5d7629695d163db4ba4a2acb3a0c59737e7f82ebe2f52e48e7a,61cf0d498442916f91c767e09875aa06547376fc9568ebd872ad507f1609a74b
7,tongue,2,feet,different_subject_different_class,2.7446211944809424,2.8004468723679317,0.05582567788698922,0.01993456060096064,23,1,70981aa89ddbadceca42f354c3c51d05bf6dbf0c,f663379d77883542412d60804de6dc0c77beb1866344a59e0828131f39005040,796f04e7970972175a660a521caff47c83e0295f,122eacff868aa8f656ad6360716c1816f453979f,347d61f17793d636653b614ec2104baa61ac7a4b,ff6e4f0130e8f5d7629695d163db4ba4a2acb3a0c59737e7f82ebe2f52e48e7a,61cf0d498442916f91c767e09875aa06547376fc9568ebd872ad507f1609a74b
7,tongue,2,tongue,different_subject_same_class,2.6131659448469318,2.6733999479884796,0.06023400314154781,0.022530861193017192,16,1,70981aa89ddbadceca42f354c3c51d05bf6dbf0c,f663379d77883542412d60804de6dc0c77beb1866344a59e0828131f39005040,796f04e7970972175a660a521caff47c83e0295f,122eacff868aa8f656ad6360716c1816f453979f,347d61f17793d636653b614ec2104baa61ac7a4b,ff6e4f0130e8f5d7629695d163db4ba4a2acb3a0c59737e7f82ebe2f52e48e7a,61cf0d498442916f91c767e09875aa06547376fc9568ebd872ad507f1609a74b
7,tongue,3,left_hand,different_subject_different_class,2.473317120995561,2.5316673975294925,0.058350276533931655,0.02304816050910649,4,1,70981aa89ddbadceca42f354c3c51d05bf6dbf0c,f663379d77883542412d60804de6dc0c77beb1866344a59e0828131f39005040,796f04e7970972175a660a521caff47c83e0295f,122eacff868aa8f656ad6360716c1816f453979f,347d61f17793d636653b614ec2104baa61ac7a4b,ff6e4f0130e8f5d7629695d163db4ba4a2acb3a0c59737e7f82ebe2f52e48e7a,61cf0d498442916f91c767e09875aa06547376fc9568ebd872ad507f1609a74b
7,tongue,3,right_hand,different_subject_different_class,2.6241241202193932,2.6716388035726464,0.04751468335325315,0.017784845499965857,3,1,70981aa89ddbadceca42f354c3c51d05bf6dbf0c,f663379d77883542412d60804de6dc0c77beb1866344a59e0828131f39005040,796f04e7970972175a660a521caff47c83e0295f,122eacff868aa8f656ad6360716c1816f453979f,347d61f17793d636653b614ec2104baa61ac7a4b,ff6e4f0130e8f5d7629695d163db4ba4a2acb3a0c59737e7f82ebe2f52e48e7a,61cf0d498442916f91c767e09875aa06547376fc9568ebd872ad507f1609a74b
7,tongue,3,feet,different_subject_different_class,3.0765554038368697,3.1496019366767163,0.07304653283984663,0.02319230630043403,7,1,70981aa89ddbadceca42f354c3c51d05bf6dbf0c,f663379d77883542412d60804de6dc0c77beb1866344a59e0828131f39005040,796f04e7970972175a660a521caff47c83e0295f,122eacff868aa8f656ad6360716c1816f453979f,347d61f17793d636653b614ec2104baa61ac7a4b,ff6e4f0130e8f5d7629695d163db4ba4a2acb3a0c59737e7f82ebe2f52e48e7a,61cf0d498442916f91c767e09875aa06547376fc9568ebd872ad507f1609a74b
7,tongue,3,tongue,different_subject_same_class,3.578061792033454,3.651926246113809,0.07386445408035502,0.02022616260636637,7,1,70981aa89ddbadceca42f354c3c51d05bf6dbf0c,f663379d77883542412d60804de6dc0c77beb1866344a59e0828131f39005040,796f04e7970972175a660a521caff47c83e0295f,122eacff868aa8f656ad6360716c1816f453979f,347d61f17793d636653b614ec2104baa61ac7a4b,ff6e4f0130e8f5d7629695d163db4ba4a2acb3a0c59737e7f82ebe2f52e48e7a,61cf0d498442916f91c767e09875aa06547376fc9568ebd872ad507f1609a74b
7,tongue,4,left_hand,different_subject_different_class,2.0876848261536085,2.1160719345370804,0.028387108383471915,0.013415001598082243,6,1,70981aa89ddbadceca42f354c3c51d05bf6dbf0c,f663379d77883542412d60804de6dc0c77beb1866344a59e0828131f39005040,796f04e7970972175a660a521caff47c83e0295f,122eacff868aa8f656ad6360716c1816f453979f,347d61f17793d636653b614ec2104baa61ac7a4b,ff6e4f0130e8f5d7629695d163db4ba4a2acb3a0c59737e7f82ebe2f52e48e7a,61cf0d498442916f91c767e09875aa06547376fc9568ebd872ad507f1609a74b
7,tongue,4,right_hand,different_subject_different_class,2.0880533544073865,2.146622363064748,0.058569008657361366,0.02728426278655831,16,1,70981aa89ddbadceca42f354c3c51d05bf6dbf0c,f663379d77883542412d60804de6dc0c77beb1866344a59e0828131f39005040,796f04e7970972175a660a521caff47c83e0295f,122eacff868aa8f656ad6360716c1816f453979f,347d61f17793d636653b614ec2104baa61ac7a4b,ff6e4f0130e8f5d7629695d163db4ba4a2acb3a0c59737e7f82ebe2f52e48e7a,61cf0d498442916f91c767e09875aa06547376fc9568ebd872ad507f1609a74b
7,tongue,4,feet,different_subject_different_class,1.991417994360959,2.1023189113235894,0.11090091696263049,0.05275170972647955,22,1,70981aa89ddbadceca42f354c3c51d05bf6dbf0c,f663379d77883542412d60804de6dc0c77beb1866344a59e0828131f39005040,796f04e7970972175a660a521caff47c83e0295f,122eacff868aa8f656ad6360716c1816f453979f,347d61f17793d636653b614ec2104baa61ac7a4b,ff6e4f0130e8f5d7629695d163db4ba4a2acb3a0c59737e7f82ebe2f52e48e7a,61cf0d498442916f91c767e09875aa06547376fc9568ebd872ad507f1609a74b
7,tongue,4,tongue,different_subject_same_class,1.9519940946928473,2.074476915551436,0.12248282085858886,0.05904274949525314,11,1,70981aa89ddbadceca42f354c3c51d05bf6dbf0c,f663379d77883542412d60804de6dc0c77beb1866344a59e0828131f39005040,796f04e7970972175a660a521caff47c83e0295f,122eacff868aa8f656ad6360716c1816f453979f,347d61f17793d636653b614ec2104baa61ac7a4b,ff6e4f0130e8f5d7629695d163db4ba4a2acb3a0c59737e7f82ebe2f52e48e7a,61cf0d498442916f91c767e09875aa06547376fc9568ebd872ad507f1609a74b
7,tongue,5,left_hand,different_subject_different_class,3.8798948958119555,3.89942707137286,0.019532175560904363,0.005008985987787105,5,1,70981aa89ddbadceca42f354c3c51d05bf6dbf0c,f663379d77883542412d60804de6dc0c77beb1866344a59e0828131f39005040,796f04e7970972175a660a521caff47c83e0295f,122eacff868aa8f656ad6360716c1816f453979f,347d61f17793d636653b614ec2104baa61ac7a4b,ff6e4f0130e8f5d7629695d163db4ba4a2acb3a0c59737e7f82ebe2f52e48e7a,61cf0d498442916f91c767e09875aa06547376fc9568ebd872ad507f1609a74b
7,tongue,5,right_hand,different_subject_different_class,3.8810238653642553,3.895881720995184,0.014857855630928896,0.0038137337565611537,14,1,70981aa89ddbadceca42f354c3c51d05bf6dbf0c,f663379d77883542412d60804de6dc0c77beb1866344a59e0828131f39005040,796f04e7970972175a660a521caff47c83e0295f,122eacff868aa8f656ad6360716c1816f453979f,347d61f17793d636653b614ec2104baa61ac7a4b,ff6e4f0130e8f5d7629695d163db4ba4a2acb3a0c59737e7f82ebe2f52e48e7a,61cf0d498442916f91c767e09875aa06547376fc9568ebd872ad507f1609a74b
7,tongue,5,feet,different_subject_different_class,3.77457589919249,3.7922372138326894,0.0176613146401996,0.004657228344202099,7,1,70981aa89ddbadceca42f354c3c51d05bf6dbf0c,f663379d77883542412d60804de6dc0c77beb1866344a59e0828131f39005040,796f04e7970972175a660a521caff47c83e0295f,122eacff868aa8f656ad6360716c1816f453979f,347d61f17793d636653b614ec2104baa61ac7a4b,ff6e4f0130e8f5d7629695d163db4ba4a2acb3a0c59737e7f82ebe2f52e48e7a,61cf0d498442916f91c767e09875aa06547376fc9568ebd872ad507f1609a74b
7,tongue,5,tongue,different_subject_same_class,3.794585808977183,3.8102220893053573,0.015636280328174212,0.004103771371244364,26,1,70981aa89ddbadceca42f354c3c51d05bf6dbf0c,f663379d77883542412d60804de6dc0c77beb1866344a59e0828131f39005040,796f04e7970972175a660a521caff47c83e0295f,122eacff868aa8f656ad6360716c1816f453979f,347d61f17793d636653b614ec2104baa61ac7a4b,ff6e4f0130e8f5d7629695d163db4ba4a2acb3a0c59737e7f82ebe2f52e48e7a,61cf0d498442916f91c767e09875aa06547376fc9568ebd872ad507f1609a74b
7,tongue,6,left_hand,different_subject_different_class,3.3229999578244303,3.3603100684600142,0.03731011063558398,0.011103174967625149,1,1,70981aa89ddbadceca42f354c3c51d05bf6dbf0c,f663379d77883542412d60804de6dc0c77beb1866344a59e0828131f39005040,796f04e7970972175a660a521caff47c83e0295f,122eacff868aa8f656ad6360716c1816f453979f,347d61f17793d636653b614ec2104baa61ac7a4b,ff6e4f0130e8f5d7629695d163db4ba4a2acb3a0c59737e7f82ebe2f52e48e7a,61cf0d498442916f91c767e09875aa06547376fc9568ebd872ad507f1609a74b
7,tongue,6,right_hand,different_subject_different_class,3.4834266689038786,3.4992633832476656,0.015836714343786973,0.004525728020246627,8,1,70981aa89ddbadceca42f354c3c51d05bf6dbf0c,f663379d77883542412d60804de6dc0c77beb1866344a59e0828131f39005040,796f04e7970972175a660a521caff47c83e0295f,122eacff868aa8f656ad6360716c1816f453979f,347d61f17793d636653b614ec2104baa61ac7a4b,ff6e4f0130e8f5d7629695d163db4ba4a2acb3a0c59737e7f82ebe2f52e48e7a,61cf0d498442916f91c767e09875aa06547376fc9568ebd872ad507f1609a74b
7,tongue,6,feet,different_subject_different_class,4.113531369403139,4.1855093804110854,0.07197801100794621,0.017196953695723598,4,1,70981aa89ddbadceca42f354c3c51d05bf6dbf0c,f663379d77883542412d60804de6dc0c77beb1866344a59e0828131f39005040,796f04e7970972175a660a521caff47c83e0295f,122eacff868aa8f656ad6360716c1816f453979f,347d61f17793d636653b614ec2104baa61ac7a4b,ff6e4f0130e8f5d7629695d163db4ba4a2acb3a0c59737e7f82ebe2f52e48e7a,61cf0d498442916f91c767e09875aa06547376fc9568ebd872ad507f1609a74b
7,tongue,6,tongue,different_subject_same_class,3.7114196646176425,3.751996675518379,0.04057701090073662,0.010814777946233246,3,1,70981aa89ddbadceca42f354c3c51d05bf6dbf0c,f663379d77883542412d60804de6dc0c77beb1866344a59e0828131f39005040,796f04e7970972175a660a521caff47c83e0295f,122eacff868aa8f656ad6360716c1816f453979f,347d61f17793d636653b614ec2104baa61ac7a4b,ff6e4f0130e8f5d7629695d163db4ba4a2acb3a0c59737e7f82ebe2f52e48e7a,61cf0d498442916f91c767e09875aa06547376fc9568ebd872ad507f1609a74b
7,tongue,7,left_hand,same_subject_different_class,1.2663039392570117,1.332901273420015,0.06659733416300329,0.04996419126536281,8,1,70981aa89ddbadceca42f354c3c51d05bf6dbf0c,f663379d77883542412d60804de6dc0c77beb1866344a59e0828131f39005040,796f04e7970972175a660a521caff47c83e0295f,122eacff868aa8f656ad6360716c1816f453979f,347d61f17793d636653b614ec2104baa61ac7a4b,ff6e4f0130e8f5d7629695d163db4ba4a2acb3a0c59737e7f82ebe2f52e48e7a,61cf0d498442916f91c767e09875aa06547376fc9568ebd872ad507f1609a74b
7,tongue,7,right_hand,same_subject_different_class,1.2556291981113012,1.3598554957164424,0.10422629760514113,0.07664512731937691,1,1,70981aa89ddbadceca42f354c3c51d05bf6dbf0c,f663379d77883542412d60804de6dc0c77beb1866344a59e0828131f39005040,796f04e7970972175a660a521caff47c83e0295f,122eacff868aa8f656ad6360716c1816f453979f,347d61f17793d636653b614ec2104baa61ac7a4b,ff6e4f0130e8f5d7629695d163db4ba4a2acb3a0c59737e7f82ebe2f52e48e7a,61cf0d498442916f91c767e09875aa06547376fc9568ebd872ad507f1609a74b
7,tongue,7,feet,same_subject_different_class,1.2432084353846957,1.3995349374010804,0.15632650201638465,0.11169889213818492,1,1,70981aa89ddbadceca42f354c3c51d05bf6dbf0c,f663379d77883542412d60804de6dc0c77beb1866344a59e0828131f39005040,796f04e7970972175a660a521caff47c83e0295f,122eacff868aa8f656ad6360716c1816f453979f,347d61f17793d636653b614ec2104baa61ac7a4b,ff6e4f0130e8f5d7629695d163db4ba4a2acb3a0c59737e7f82ebe2f52e48e7a,61cf0d498442916f91c767e09875aa06547376fc9568ebd872ad507f1609a74b
7,tongue,7,tongue,same_subject_same_class,1.5880050029995927,1.7947977350748414,0.20679273207524873,0.11521784769057872,2,1,70981aa89ddbadceca42f354c3c51d05bf6dbf0c,f663379d77883542412d60804de6dc0c77beb1866344a59e0828131f39005040,796f04e7970972175a660a521caff47c83e0295f,122eacff868aa8f656ad6360716c1816f453979f,347d61f17793d636653b614ec2104baa61ac7a4b,ff6e4f0130e8f5d7629695d163db4ba4a2acb3a0c59737e7f82ebe2f52e48e7a,61cf0d498442916f91c767e09875aa06547376fc9568ebd872ad507f1609a74b
7,tongue,8,left_hand,different_subject_different_class,3.9113245777914054,3.910217734536021,-0.0011068432553842378,-0.00028306435358019103,56,1,70981aa89ddbadceca42f354c3c51d05bf6dbf0c,f663379d77883542412d60804de6dc0c77beb1866344a59e0828131f39005040,796f04e7970972175a660a521caff47c83e0295f,122eacff868aa8f656ad6360716c1816f453979f,347d61f17793d636653b614ec2104baa61ac7a4b,ff6e4f0130e8f5d7629695d163db4ba4a2acb3a0c59737e7f82ebe2f52e48e7a,61cf0d498442916f91c767e09875aa06547376fc9568ebd872ad507f1609a74b
7,tongue,8,right_hand,different_subject_different_class,4.25200772883177,4.2713189444028306,0.019311215571060636,0.0045211364036315295,17,1,70981aa89ddbadceca42f354c3c51d05bf6dbf0c,f663379d77883542412d60804de6dc0c77beb1866344a59e0828131f39005040,796f04e7970972175a660a521caff47c83e0295f,122eacff868aa8f656ad6360716c1816f453979f,347d61f17793d636653b614ec2104baa61ac7a4b,ff6e4f0130e8f5d7629695d163db4ba4a2acb3a0c59737e7f82ebe2f52e48e7a,61cf0d498442916f91c767e09875aa06547376fc9568ebd872ad507f1609a74b
7,tongue,8,feet,different_subject_different_class,4.171745661692281,4.19247310585028,0.02072744415799921,0.004943965920514939,11,1,70981aa89ddbadceca42f354c3c51d05bf6dbf0c,f663379d77883542412d60804de6dc0c77beb1866344a59e0828131f39005040,796f04e7970972175a660a521caff47c83e0295f,122eacff868aa8f656ad6360716c1816f453979f,347d61f17793d636653b614ec2104baa61ac7a4b,ff6e4f0130e8f5d7629695d163db4ba4a2acb3a0c59737e7f82ebe2f52e48e7a,61cf0d498442916f91c767e09875aa06547376fc9568ebd872ad507f1609a74b
7,tongue,8,tongue,different_subject_same_class,5.08171584844541,5.10611707403249,0.0244012255870798,0.00477882219175387,21,1,70981aa89ddbadceca42f354c3c51d05bf6dbf0c,f663379d77883542412d60804de6dc0c77beb1866344a59e0828131f39005040,796f04e7970972175a660a521caff47c83e0295f,122eacff868aa8f656ad6360716c1816f453979f,347d61f17793d636653b614ec2104baa61ac7a4b,ff6e4f0130e8f5d7629695d163db4ba4a2acb3a0c59737e7f82ebe2f52e48e7a,61cf0d498442916f91c767e09875aa06547376fc9568ebd872ad507f1609a74b
7,tongue,9,left_hand,different_subject_different_class,4.265787568983553,4.212335453590116,-0.05345211539343708,-0.012689425137753589,93,1,70981aa89ddbadceca42f354c3c51d05bf6dbf0c,f663379d77883542412d60804de6dc0c77beb1866344a59e0828131f39005040,796f04e7970972175a660a521caff47c83e0295f,122eacff868aa8f656ad6360716c1816f453979f,347d61f17793d636653b614ec2104baa61ac7a4b,ff6e4f0130e8f5d7629695d163db4ba4a2acb3a0c59737e7f82ebe2f52e48e7a,61cf0d498442916f91c767e09875aa06547376fc9568ebd872ad507f1609a74b
7,tongue,9,right_hand,different_subject_different_class,6.102269438102966,6.0965985500728035,-0.00567088803016258,-0.0009301724533092079,85,1,70981aa89ddbadceca42f354c3c51d05bf6dbf0c,f663379d77883542412d60804de6dc0c77beb1866344a59e0828131f39005040,796f04e7970972175a660a521caff47c83e0295f,122eacff868aa8f656ad6360716c1816f453979f,347d61f17793d636653b614ec2104baa61ac7a4b,ff6e4f0130e8f5d7629695d163db4ba4a2acb3a0c59737e7f82ebe2f52e48e7a,61cf0d498442916f91c767e09875aa06547376fc9568ebd872ad507f1609a74b
7,tongue,9,feet,different_subject_different_class,6.404041417061862,6.390115575008558,-0.013925842053303938,-0.0021792785889142995,116,1,70981aa89ddbadceca42f354c3c51d05bf6dbf0c,f663379d77883542412d60804de6dc0c77beb1866344a59e0828131f39005040,796f04e7970972175a660a521caff47c83e0295f,122eacff868aa8f656ad6360716c1816f453979f,347d61f17793d636653b614ec2104baa61ac7a4b,ff6e4f0130e8f5d7629695d163db4ba4a2acb3a0c59737e7f82ebe2f52e48e7a,61cf0d498442916f91c767e09875aa06547376fc9568ebd872ad507f1609a74b
7,tongue,9,tongue,different_subject_same_class,7.783660113132162,7.792884580817573,0.009224467685410964,0.0011837038762408053,27,1,70981aa89ddbadceca42f354c3c51d05bf6dbf0c,f663379d77883542412d60804de6dc0c77beb1866344a59e0828131f39005040,796f04e7970972175a660a521caff47c83e0295f,122eacff868aa8f656ad6360716c1816f453979f,347d61f17793d636653b614ec2104baa61ac7a4b,ff6e4f0130e8f5d7629695d163db4ba4a2acb3a0c59737e7f82ebe2f52e48e7a,61cf0d498442916f91c767e09875aa06547376fc9568ebd872ad507f1609a74b
8,left_hand,1,left_hand,different_subject_same_class,4.855910096029944,4.876161854236777,0.020251758206833337,0.0041532169793004475,11,1,70981aa89ddbadceca42f354c3c51d05bf6dbf0c,f663379d77883542412d60804de6dc0c77beb1866344a59e0828131f39005040,796f04e7970972175a660a521caff47c83e0295f,122eacff868aa8f656ad6360716c1816f453979f,347d61f17793d636653b614ec2104baa61ac7a4b,ff6e4f0130e8f5d7629695d163db4ba4a2acb3a0c59737e7f82ebe2f52e48e7a,61cf0d498442916f91c767e09875aa06547376fc9568ebd872ad507f1609a74b
8,left_hand,1,right_hand,different_subject_different_class,5.091157941910721,5.101257269033092,0.010099327122371271,0.0019797721600278216,19,1,70981aa89ddbadceca42f354c3c51d05bf6dbf0c,f663379d77883542412d60804de6dc0c77beb1866344a59e0828131f39005040,796f04e7970972175a660a521caff47c83e0295f,122eacff868aa8f656ad6360716c1816f453979f,347d61f17793d636653b614ec2104baa61ac7a4b,ff6e4f0130e8f5d7629695d163db4ba4a2acb3a0c59737e7f82ebe2f52e48e7a,61cf0d498442916f91c767e09875aa06547376fc9568ebd872ad507f1609a74b
8,left_hand,1,feet,different_subject_different_class,3.695587519907242,3.6620757254793035,-0.03351179442793839,-0.009151038083340635,117,1,70981aa89ddbadceca42f354c3c51d05bf6dbf0c,f663379d77883542412d60804de6dc0c77beb1866344a59e0828131f39005040,796f04e7970972175a660a521caff47c83e0295f,122eacff868aa8f656ad6360716c1816f453979f,347d61f17793d636653b614ec2104baa61ac7a4b,ff6e4f0130e8f5d7629695d163db4ba4a2acb3a0c59737e7f82ebe2f52e48e7a,61cf0d498442916f91c767e09875aa06547376fc9568ebd872ad507f1609a74b
8,left_hand,1,tongue,different_subject_different_class,3.5221814048477915,3.471872932824346,-0.05030847202344546,-0.014490297599261459,120,1,70981aa89ddbadceca42f354c3c51d05bf6dbf0c,f663379d77883542412d60804de6dc0c77beb1866344a59e0828131f39005040,796f04e7970972175a660a521caff47c83e0295f,122eacff868aa8f656ad6360716c1816f453979f,347d61f17793d636653b614ec2104baa61ac7a4b,ff6e4f0130e8f5d7629695d163db4ba4a2acb3a0c59737e7f82ebe2f52e48e7a,61cf0d498442916f91c767e09875aa06547376fc9568ebd872ad507f1609a74b
8,left_hand,2,left_hand,different_subject_same_class,3.4741328990509497,3.444580946305141,-0.029551952745808574,-0.008579259191893205,112,1,70981aa89ddbadceca42f354c3c51d05bf6dbf0c,f663379d77883542412d60804de6dc0c77beb1866344a59e0828131f39005040,796f04e7970972175a660a521caff47c83e0295f,122eacff868aa8f656ad6360716c1816f453979f,347d61f17793d636653b614ec2104baa61ac7a4b,ff6e4f0130e8f5d7629695d163db4ba4a2acb3a0c59737e7f82ebe2f52e48e7a,61cf0d498442916f91c767e09875aa06547376fc9568ebd872ad507f1609a74b
8,left_hand,2,right_hand,different_subject_different_class,3.7966801914791355,3.770687642453119,-0.025992549026016665,-0.006893318007403694,114,1,70981aa89ddbadceca42f354c3c51d05bf6dbf0c,f663379d77883542412d60804de6dc0c77beb1866344a59e0828131f39005040,796f04e7970972175a660a521caff47c83e0295f,122eacff868aa8f656ad6360716c1816f453979f,347d61f17793d636653b614ec2104baa61ac7a4b,ff6e4f0130e8f5d7629695d163db4ba4a2acb3a0c59737e7f82ebe2f52e48e7a,61cf0d498442916f91c767e09875aa06547376fc9568ebd872ad507f1609a74b
8,left_hand,2,feet,different_subject_different_class,3.6564597906688907,3.6078930529471482,-0.04856673772174247,-0.013461246497334553,119,1,70981aa89ddbadceca42f354c3c51d05bf6dbf0c,f663379d77883542412d60804de6dc0c77beb1866344a59e0828131f39005040,796f04e7970972175a660a521caff47c83e0295f,122eacff868aa8f656ad6360716c1816f453979f,347d61f17793d636653b614ec2104baa61ac7a4b,ff6e4f0130e8f5d7629695d163db4ba4a2acb3a0c59737e7f82ebe2f52e48e7a,61cf0d498442916f91c767e09875aa06547376fc9568ebd872ad507f1609a74b
8,left_hand,2,tongue,different_subject_different_class,4.006399751612996,3.973210218689017,-0.03318953292397886,-0.008353329196593562,116,1,70981aa89ddbadceca42f354c3c51d05bf6dbf0c,f663379d77883542412d60804de6dc0c77beb1866344a59e0828131f39005040,796f04e7970972175a660a521caff47c83e0295f,122eacff868aa8f656ad6360716c1816f453979f,347d61f17793d636653b614ec2104baa61ac7a4b,ff6e4f0130e8f5d7629695d163db4ba4a2acb3a0c59737e7f82ebe2f52e48e7a,61cf0d498442916f91c767e09875aa06547376fc9568ebd872ad507f1609a74b
8,left_hand,3,left_hand,different_subject_same_class,3.576466954246076,3.609715572626539,0.033248618380463224,0.009210869308539597,9,1,70981aa89ddbadceca42f354c3c51d05bf6dbf0c,f663379d77883542412d60804de6dc0c77beb1866344a59e0828131f39005040,796f04e7970972175a660a521caff47c83e0295f,122eacff868aa8f656ad6360716c1816f453979f,347d61f17793d636653b614ec2104baa61ac7a4b,ff6e4f0130e8f5d7629695d163db4ba4a2acb3a0c59737e7f82ebe2f52e48e7a,61cf0d498442916f91c767e09875aa06547376fc9568ebd872ad507f1609a74b
8,left_hand,3,right_hand,different_subject_different_class,3.474256434560782,3.4973544213084766,0.023097986747694588,0.006604416929255018,5,1,70981aa89ddbadceca42f354c3c51d05bf6dbf0c,f663379d77883542412d60804de6dc0c77beb1866344a59e0828131f39005040,796f04e7970972175a660a521caff47c83e0295f,122eacff868aa8f656ad6360716c1816f453979f,347d61f17793d636653b614ec2104baa61ac7a4b,ff6e4f0130e8f5d7629695d163db4ba4a2acb3a0c59737e7f82ebe2f52e48e7a,61cf0d498442916f91c767e09875aa06547376fc9568ebd872ad507f1609a74b
8,left_hand,3,feet,different_subject_different_class,3.0373990567932374,3.0167490835471167,-0.020649973246120723,-0.006845107986853294,72,1,70981aa89ddbadceca42f354c3c51d05bf6dbf0c,f663379d77883542412d60804de6dc0c77beb1866344a59e0828131f39005040,796f04e7970972175a660a521caff47c83e0295f,122eacff868aa8f656ad6360716c1816f453979f,347d61f17793d636653b614ec2104baa61ac7a4b,ff6e4f0130e8f5d7629695d163db4ba4a2acb3a0c59737e7f82ebe2f52e48e7a,61cf0d498442916f91c767e09875aa06547376fc9568ebd872ad507f1609a74b
8,left_hand,3,tongue,different_subject_different_class,2.722839252319346,2.6678456655396143,-0.05499358677973154,-0.020613481315684808,101,1,70981aa89ddbadceca42f354c3c51d05bf6dbf0c,f663379d77883542412d60804de6dc0c77beb1866344a59e0828131f39005040,796f04e7970972175a660a521caff47c83e0295f,122eacff868aa8f656ad6360716c1816f453979f,347d61f17793d636653b614ec2104baa61ac7a4b,ff6e4f0130e8f5d7629695d163db4ba4a2acb3a0c59737e7f82ebe2f52e48e7a,61cf0d498442916f91c767e09875aa06547376fc9568ebd872ad507f1609a74b
8,left_hand,4,left_hand,different_subject_same_class,5.5859426716482945,5.594449003063627,0.008506331415332191,0.0015204949425178355,18,1,70981aa89ddbadceca42f354c3c51d05bf6dbf0c,f663379d77883542412d60804de6dc0c77beb1866344a59e0828131f39005040,796f04e7970972175a660a521caff47c83e0295f,122eacff868aa8f656ad6360716c1816f453979f,347d61f17793d636653b614ec2104baa61ac7a4b,ff6e4f0130e8f5d7629695d163db4ba4a2acb3a0c59737e7f82ebe2f52e48e7a,61cf0d498442916f91c767e09875aa06547376fc9568ebd872ad507f1609a74b
8,left_hand,4,right_hand,different_subject_different_class,5.521883112763302,5.51562354918222,-0.006259563581081373,-0.0011348786814882343,77,1,70981aa89ddbadceca42f354c3c51d05bf6dbf0c,f663379d77883542412d60804de6dc0c77beb1866344a59e0828131f39005040,796f04e7970972175a660a521caff47c83e0295f,122eacff868aa8f656ad6360716c1816f453979f,347d61f17793d636653b614ec2104baa61ac7a4b,ff6e4f0130e8f5d7629695d163db4ba4a2acb3a0c59737e7f82ebe2f52e48e7a,61cf0d498442916f91c767e09875aa06547376fc9568ebd872ad507f1609a74b
8,left_hand,4,feet,different_subject_different_class,4.611360139720282,4.577886683859921,-0.03347345586036088,-0.007311988734534858,115,1,70981aa89ddbadceca42f354c3c51d05bf6dbf0c,f663379d77883542412d60804de6dc0c77beb1866344a59e0828131f39005040,796f04e7970972175a660a521caff47c83e0295f,122eacff868aa8f656ad6360716c1816f453979f,347d61f17793d636653b614ec2104baa61ac7a4b,ff6e4f0130e8f5d7629695d163db4ba4a2acb3a0c59737e7f82ebe2f52e48e7a,61cf0d498442916f91c767e09875aa06547376fc9568ebd872ad507f1609a74b
8,left_hand,4,tongue,different_subject_different_class,4.6568953391625225,4.620833288680798,-0.03606205048172484,-0.007804231018258657,108,1,70981aa89ddbadceca42f354c3c51d05bf6dbf0c,f663379d77883542412d60804de6dc0c77beb1866344a59e0828131f39005040,796f04e7970972175a660a521caff47c83e0295f,122eacff868aa8f656ad6360716c1816f453979f,347d61f17793d636653b614ec2104baa61ac7a4b,ff6e4f0130e8f5d7629695d163db4ba4a2acb3a0c59737e7f82ebe2f52e48e7a,61cf0d498442916f91c767e09875aa06547376fc9568ebd872ad507f1609a74b
8,left_hand,5,left_hand,different_subject_same_class,7.1909586529815614,7.1918898127586575,0.0009311597770960134,0.0001294735877966462,44,1,70981aa89ddbadceca42f354c3c51d05bf6dbf0c,f663379d77883542412d60804de6dc0c77beb1866344a59e0828131f39005040,796f04e7970972175a660a521caff47c83e0295f,122eacff868aa8f656ad6360716c1816f453979f,347d61f17793d636653b614ec2104baa61ac7a4b,ff6e4f0130e8f5d7629695d163db4ba4a2acb3a0c59737e7f82ebe2f52e48e7a,61cf0d498442916f91c767e09875aa06547376fc9568ebd872ad507f1609a74b
8,left_hand,5,right_hand,different_subject_different_class,7.238055830590371,7.235592318853332,-0.0024635117370390702,-0.00034047132957174095,113,1,70981aa89ddbadceca42f354c3c51d05bf6dbf0c,f663379d77883542412d60804de6dc0c77beb1866344a59e0828131f39005040,796f04e7970972175a660a521caff47c83e0295f,122eacff868aa8f656ad6360716c1816f453979f,347d61f17793d636653b614ec2104baa61ac7a4b,ff6e4f0130e8f5d7629695d163db4ba4a2acb3a0c59737e7f82ebe2f52e48e7a,61cf0d498442916f91c767e09875aa06547376fc9568ebd872ad507f1609a74b
8,left_hand,5,feet,different_subject_different_class,7.112237827616081,7.111265011467715,-0.0009728161483657516,-0.000136799310220752,72,1,70981aa89ddbadceca42f354c3c51d05bf6dbf0c,f663379d77883542412d60804de6dc0c77beb1866344a59e0828131f39005040,796f04e7970972175a660a521caff47c83e0295f,122eacff868aa8f656ad6360716c1816f453979f,347d61f17793d636653b614ec2104baa61ac7a4b,ff6e4f0130e8f5d7629695d163db4ba4a2acb3a0c59737e7f82ebe2f52e48e7a,61cf0d498442916f91c767e09875aa06547376fc9568ebd872ad507f1609a74b
8,left_hand,5,tongue,different_subject_different_class,7.157824708850332,7.150193741232037,-0.007630967618294626,-0.001067239279726111,113,1,70981aa89ddbadceca42f354c3c51d05bf6dbf0c,f663379d77883542412d60804de6dc0c77beb1866344a59e0828131f39005040,796f04e7970972175a660a521caff47c83e0295f,122eacff868aa8f656ad6360716c1816f453979f,347d61f17793d636653b614ec2104baa61ac7a4b,ff6e4f0130e8f5d7629695d163db4ba4a2acb3a0c59737e7f82ebe2f52e48e7a,61cf0d498442916f91c767e09875aa06547376fc9568ebd872ad507f1609a74b
8,left_hand,6,left_hand,different_subject_same_class,2.8174169417211363,2.8279560238611356,0.010539082139999323,0.003726748949090743,36,1,70981aa89ddbadceca42f354c3c51d05bf6dbf0c,f663379d77883542412d60804de6dc0c77beb1866344a59e0828131f39005040,796f04e7970972175a660a521caff47c83e0295f,122eacff868aa8f656ad6360716c1816f453979f,347d61f17793d636653b614ec2104baa61ac7a4b,ff6e4f0130e8f5d7629695d163db4ba4a2acb3a0c59737e7f82ebe2f52e48e7a,61cf0d498442916f91c767e09875aa06547376fc9568ebd872ad507f1609a74b
8,left_hand,6,right_hand,different_subject_different_class,2.72071607164942,2.725568493618339,0.004852421968918996,0.0017803338937474819,40,1,70981aa89ddbadceca42f354c3c51d05bf6dbf0c,f663379d77883542412d60804de6dc0c77beb1866344a59e0828131f39005040,796f04e7970972175a660a521caff47c83e0295f,122eacff868aa8f656ad6360716c1816f453979f,347d61f17793d636653b614ec2104baa61ac7a4b,ff6e4f0130e8f5d7629695d163db4ba4a2acb3a0c59737e7f82ebe2f52e48e7a,61cf0d498442916f91c767e09875aa06547376fc9568ebd872ad507f1609a74b
8,left_hand,6,feet,different_subject_different_class,2.6402772715553864,2.6510429720635207,0.010765700508134302,0.004060930215610382,45,1,70981aa89ddbadceca42f354c3c51d05bf6dbf0c,f663379d77883542412d60804de6dc0c77beb1866344a59e0828131f39005040,796f04e7970972175a660a521caff47c83e0295f,122eacff868aa8f656ad6360716c1816f453979f,347d61f17793d636653b614ec2104baa61ac7a4b,ff6e4f0130e8f5d7629695d163db4ba4a2acb3a0c59737e7f82ebe2f52e48e7a,61cf0d498442916f91c767e09875aa06547376fc9568ebd872ad507f1609a74b
8,left_hand,6,tongue,different_subject_different_class,2.814066174177478,2.8361104779627233,0.022044303785245134,0.007772723931784323,10,1,70981aa89ddbadceca42f354c3c51d05bf6dbf0c,f663379d77883542412d60804de6dc0c77beb1866344a59e0828131f39005040,796f04e7970972175a660a521caff47c83e0295f,122eacff868aa8f656ad6360716c1816f453979f,347d61f17793d636653b614ec2104baa61ac7a4b,ff6e4f0130e8f5d7629695d163db4ba4a2acb3a0c59737e7f82ebe2f52e48e7a,61cf0d498442916f91c767e09875aa06547376fc9568ebd872ad507f1609a74b
8,left_hand,7,left_hand,different_subject_same_class,4.610870701710984,4.620686382388962,0.009815680677978555,0.0021242906065621586,12,1,70981aa89ddbadceca42f354c3c51d05bf6dbf0c,f663379d77883542412d60804de6dc0c77beb1866344a59e0828131f39005040,796f04e7970972175a660a521caff47c83e0295f,122eacff868aa8f656ad6360716c1816f453979f,347d61f17793d636653b614ec2104baa61ac7a4b,ff6e4f0130e8f5d7629695d163db4ba4a2acb3a0c59737e7f82ebe2f52e48e7a,61cf0d498442916f91c767e09875aa06547376fc9568ebd872ad507f1609a74b
8,left_hand,7,right_hand,different_subject_different_class,4.57052269950747,4.583890752658346,0.013368053150875525,0.0029163114638198918,4,1,70981aa89ddbadceca42f354c3c51d05bf6dbf0c,f663379d77883542412d60804de6dc0c77beb1866344a59e0828131f39005040,796f04e7970972175a660a521caff47c83e0295f,122eacff868aa8f656ad6360716c1816f453979f,347d61f17793d636653b614ec2104baa61ac7a4b,ff6e4f0130e8f5d7629695d163db4ba4a2acb3a0c59737e7f82ebe2f52e48e7a,61cf0d498442916f91c767e09875aa06547376fc9568ebd872ad507f1609a74b
8,left_hand,7,feet,different_subject_different_class,4.323261456862135,4.335052170916859,0.011790714054723317,0.0027198551689470427,26,1,70981aa89ddbadceca42f354c3c51d05bf6dbf0c,f663379d77883542412d60804de6dc0c77beb1866344a59e0828131f39005040,796f04e7970972175a660a521caff47c83e0295f,122eacff868aa8f656ad6360716c1816f453979f,347d61f17793d636653b614ec2104baa61ac7a4b,ff6e4f0130e8f5d7629695d163db4ba4a2acb3a0c59737e7f82ebe2f52e48e7a,61cf0d498442916f91c767e09875aa06547376fc9568ebd872ad507f1609a74b
8,left_hand,7,tongue,different_subject_different_class,3.7442708553385486,3.7384943764732403,-0.005776478865308299,-0.0015451350954706047,73,1,70981aa89ddbadceca42f354c3c51d05bf6dbf0c,f663379d77883542412d60804de6dc0c77beb1866344a59e0828131f39005040,796f04e7970972175a660a521caff47c83e0295f,122eacff868aa8f656ad6360716c1816f453979f,347d61f17793d636653b614ec2104baa61ac7a4b,ff6e4f0130e8f5d7629695d163db4ba4a2acb3a0c59737e7f82ebe2f52e48e7a,61cf0d498442916f91c767e09875aa06547376fc9568ebd872ad507f1609a74b
8,left_hand,8,left_hand,same_subject_same_class,1.255280528483861,1.399240522545559,0.14395999406169802,0.10288438030639632,1,1,70981aa89ddbadceca42f354c3c51d05bf6dbf0c,f663379d77883542412d60804de6dc0c77beb1866344a59e0828131f39005040,796f04e7970972175a660a521caff47c83e0295f,122eacff868aa8f656ad6360716c1816f453979f,347d61f17793d636653b614ec2104baa61ac7a4b,ff6e4f0130e8f5d7629695d163db4ba4a2acb3a0c59737e7f82ebe2f52e48e7a,61cf0d498442916f91c767e09875aa06547376fc9568ebd872ad507f1609a74b
8,left_hand,8,right_hand,same_subject_different_class,1.5029827222316894,1.5654880082138098,0.06250528598212046,0.039927029561496116,16,1,70981aa89ddbadceca42f354c3c51d05bf6dbf0c,f663379d77883542412d60804de6dc0c77beb1866344a59e0828131f39005040,796f04e7970972175a660a521caff47c83e0295f,122eacff868aa8f656ad6360716c1816f453979f,347d61f17793d636653b614ec2104baa61ac7a4b,ff6e4f0130e8f5d7629695d163db4ba4a2acb3a0c59737e7f82ebe2f52e48e7a,61cf0d498442916f91c767e09875aa06547376fc9568ebd872ad507f1609a74b
8,left_hand,8,feet,same_subject_different_class,1.2984541927435473,1.3210029296351844,0.022548736891637056,0.017069407179788953,41,1,70981aa89ddbadceca42f354c3c51d05bf6dbf0c,f663379d77883542412d60804de6dc0c77beb1866344a59e0828131f39005040,796f04e7970972175a660a521caff47c83e0295f,122eacff868aa8f656ad6360716c1816f453979f,347d61f17793d636653b614ec2104baa61ac7a4b,ff6e4f0130e8f5d7629695d163db4ba4a2acb3a0c59737e7f82ebe2f52e48e7a,61cf0d498442916f91c767e09875aa06547376fc9568ebd872ad507f1609a74b
8,left_hand,8,tongue,same_subject_different_class,1.5766039593086354,1.5283900437197935,-0.048213915588841916,-0.03154555722667426,98,1,70981aa89ddbadceca42f354c3c51d05bf6dbf0c,f663379d77883542412d60804de6dc0c77beb1866344a59e0828131f39005040,796f04e7970972175a660a521caff47c83e0295f,122eacff868aa8f656ad6360716c1816f453979f,347d61f17793d636653b614ec2104baa61ac7a4b,ff6e4f0130e8f5d7629695d163db4ba4a2acb3a0c59737e7f82ebe2f52e48e7a,61cf0d498442916f91c767e09875aa06547376fc9568ebd872ad507f1609a74b
8,left_hand,9,left_hand,different_subject_same_class,2.1592526975415147,2.349405643559219,0.1901529460177045,0.08093661753941875,1,1,70981aa89ddbadceca42f354c3c51d05bf6dbf0c,f663379d77883542412d60804de6dc0c77beb1866344a59e0828131f39005040,796f04e7970972175a660a521caff47c83e0295f,122eacff868aa8f656ad6360716c1816f453979f,347d61f17793d636653b614ec2104baa61ac7a4b,ff6e4f0130e8f5d7629695d163db4ba4a2acb3a0c59737e7f82ebe2f52e48e7a,61cf0d498442916f91c767e09875aa06547376fc9568ebd872ad507f1609a74b
8,left_hand,9,right_hand,different_subject_different_class,2.776735170992374,2.7698397881304238,-0.006895382861950239,-0.002489451877866358,74,1,70981aa89ddbadceca42f354c3c51d05bf6dbf0c,f663379d77883542412d60804de6dc0c77beb1866344a59e0828131f39005040,796f04e7970972175a660a521caff47c83e0295f,122eacff868aa8f656ad6360716c1816f453979f,347d61f17793d636653b614ec2104baa61ac7a4b,ff6e4f0130e8f5d7629695d163db4ba4a2acb3a0c59737e7f82ebe2f52e48e7a,61cf0d498442916f91c767e09875aa06547376fc9568ebd872ad507f1609a74b
8,left_hand,9,feet,different_subject_different_class,2.9302831086678434,2.9479105703223984,0.017627461654555088,0.00597964600148208,24,1,70981aa89ddbadceca42f354c3c51d05bf6dbf0c,f663379d77883542412d60804de6dc0c77beb1866344a59e0828131f39005040,796f04e7970972175a660a521caff47c83e0295f,122eacff868aa8f656ad6360716c1816f453979f,347d61f17793d636653b614ec2104baa61ac7a4b,ff6e4f0130e8f5d7629695d163db4ba4a2acb3a0c59737e7f82ebe2f52e48e7a,61cf0d498442916f91c767e09875aa06547376fc9568ebd872ad507f1609a74b
8,left_hand,9,tongue,different_subject_different_class,4.199851975266979,4.162786155554427,-0.037065819712552184,-0.008904089311216497,112,1,70981aa89ddbadceca42f354c3c51d05bf6dbf0c,f663379d77883542412d60804de6dc0c77beb1866344a59e0828131f39005040,796f04e7970972175a660a521caff47c83e0295f,122eacff868aa8f656ad6360716c1816f453979f,347d61f17793d636653b614ec2104baa61ac7a4b,ff6e4f0130e8f5d7629695d163db4ba4a2acb3a0c59737e7f82ebe2f52e48e7a,61cf0d498442916f91c767e09875aa06547376fc9568ebd872ad507f1609a74b
8,right_hand,1,left_hand,different_subject_different_class,4.953405083227417,4.957071290221,0.00366620699358311,0.0007395913391069387,33,1,70981aa89ddbadceca42f354c3c51d05bf6dbf0c,f663379d77883542412d60804de6dc0c77beb1866344a59e0828131f39005040,796f04e7970972175a660a521caff47c83e0295f,122eacff868aa8f656ad6360716c1816f453979f,347d61f17793d636653b614ec2104baa61ac7a4b,ff6e4f0130e8f5d7629695d163db4ba4a2acb3a0c59737e7f82ebe2f52e48e7a,61cf0d498442916f91c767e09875aa06547376fc9568ebd872ad507f1609a74b
8,right_hand,1,right_hand,different_subject_same_class,5.048706501525775,5.060742025290357,0.012035523764581946,0.0023782132549804128,3,1,70981aa89ddbadceca42f354c3c51d05bf6dbf0c,f663379d77883542412d60804de6dc0c77beb1866344a59e0828131f39005040,796f04e7970972175a660a521caff47c83e0295f,122eacff868aa8f656ad6360716c1816f453979f,347d61f17793d636653b614ec2104baa61ac7a4b,ff6e4f0130e8f5d7629695d163db4ba4a2acb3a0c59737e7f82ebe2f52e48e7a,61cf0d498442916f91c767e09875aa06547376fc9568ebd872ad507f1609a74b
8,right_hand,1,feet,different_subject_different_class,3.7235893539447167,3.7033016924867823,-0.02028766145793437,-0.005478263220923576,117,1,70981aa89ddbadceca42f354c3c51d05bf6dbf0c,f663379d77883542412d60804de6dc0c77beb1866344a59e0828131f39005040,796f04e7970972175a660a521caff47c83e0295f,122eacff868aa8f656ad6360716c1816f453979f,347d61f17793d636653b614ec2104baa61ac7a4b,ff6e4f0130e8f5d7629695d163db4ba4a2acb3a0c59737e7f82ebe2f52e48e7a,61cf0d498442916f91c767e09875aa06547376fc9568ebd872ad507f1609a74b
8,right_hand,1,tongue,different_subject_different_class,3.5627197581032815,3.528434881648059,-0.0342848764552226,-0.00971673776198722,115,1,70981aa89ddbadceca42f354c3c51d05bf6dbf0c,f663379d77883542412d60804de6dc0c77beb1866344a59e0828131f39005040,796f04e7970972175a660a521caff47c83e0295f,122eacff868aa8f656ad6360716c1816f453979f,347d61f17793d636653b614ec2104baa61ac7a4b,ff6e4f0130e8f5d7629695d163db4ba4a2acb3a0c59737e7f82ebe2f52e48e7a,61cf0d498442916f91c767e09875aa06547376fc9568ebd872ad507f1609a74b
8,right_hand,2,left_hand,different_subject_different_class,3.491121951345065,3.4858241647952743,-0.0052977865497907395,-0.0015198088886109616,91,1,70981aa89ddbadceca42f354c3c51d05bf6dbf0c,f663379d77883542412d60804de6dc0c77beb1866344a59e0828131f39005040,796f04e7970972175a660a521caff47c83e0295f,122eacff868aa8f656ad6360716c1816f453979f,347d61f17793d636653b614ec2104baa61ac7a4b,ff6e4f0130e8f5d7629695d163db4ba4a2acb3a0c59737e7f82ebe2f52e48e7a,61cf0d498442916f91c767e09875aa06547376fc9568ebd872ad507f1609a74b
8,right_hand,2,right_hand,different_subject_same_class,3.787032308552468,3.7891547253983324,0.00212241684586445,0.0005601293691276574,54,1,70981aa89ddbadceca42f354c3c51d05bf6dbf0c,f663379d77883542412d60804de6dc0c77beb1866344a59e0828131f39005040,796f04e7970972175a660a521caff47c83e0295f,122eacff868aa8f656ad6360716c1816f453979f,347d61f17793d636653b614ec2104baa61ac7a4b,ff6e4f0130e8f5d7629695d163db4ba4a2acb3a0c59737e7f82ebe2f52e48e7a,61cf0d498442916f91c767e09875aa06547376fc9568ebd872ad507f1609a74b
8,right_hand,2,feet,different_subject_different_class,3.6638790586356387,3.649431267668117,-0.0144477909675218,-0.003958915761894464,97,1,70981aa89ddbadceca42f354c3c51d05bf6dbf0c,f663379d77883542412d60804de6dc0c77beb1866344a59e0828131f39005040,796f04e7970972175a660a521caff47c83e0295f,122eacff868aa8f656ad6360716c1816f453979f,347d61f17793d636653b614ec2104baa61ac7a4b,ff6e4f0130e8f5d7629695d163db4ba4a2acb3a0c59737e7f82ebe2f52e48e7a,61cf0d498442916f91c767e09875aa06547376fc9568ebd872ad507f1609a74b
8,right_hand,2,tongue,different_subject_different_class,4.025671904593964,4.018878444181684,-0.006793460412279906,-0.0016903871332846884,87,1,70981aa89ddbadceca42f354c3c51d05bf6dbf0c,f663379d77883542412d60804de6dc0c77beb1866344a59e0828131f39005040,796f04e7970972175a660a521caff47c83e0295f,122eacff868aa8f656ad6360716c1816f453979f,347d61f17793d636653b614ec2104baa61ac7a4b,ff6e4f0130e8f5d7629695d163db4ba4a2acb3a0c59737e7f82ebe2f52e48e7a,61cf0d498442916f91c767e09875aa06547376fc9568ebd872ad507f1609a74b
8,right_hand,3,left_hand,different_subject_different_class,3.664668731420258,3.690405292118796,0.025736560698538025,0.006973911714656611,8,1,70981aa89ddbadceca42f354c3c51d05bf6dbf0c,f663379d77883542412d60804de6dc0c77beb1866344a59e0828131f39005040,796f04e7970972175a660a521caff47c83e0295f,122eacff868aa8f656ad6360716c1816f453979f,347d61f17793d636653b614ec2104baa61ac7a4b,ff6e4f0130e8f5d7629695d163db4ba4a2acb3a0c59737e7f82ebe2f52e48e7a,61cf0d498442916f91c767e09875aa06547376fc9568ebd872ad507f1609a74b
8,right_hand,3,right_hand,different_subject_same_class,3.387014330389109,3.4124417678827337,0.025427437493624527,0.007451390887587543,1,1,70981aa89ddbadceca42f354c3c51d05bf6dbf0c,f663379d77883542412d60804de6dc0c77beb1866344a59e0828131f39005040,796f04e7970972175a660a521caff47c83e0295f,122eacff868aa8f656ad6360716c1816f453979f,347d61f17793d636653b614ec2104baa61ac7a4b,ff6e4f0130e8f5d7629695d163db4ba4a2acb3a0c59737e7f82ebe2f52e48e7a,61cf0d498442916f91c767e09875aa06547376fc9568ebd872ad507f1609a74b
8,right_hand,3,feet,different_subject_different_class,2.9807331363048104,2.9934393263080237,0.012706190003213269,0.0042446793197190085,40,1,70981aa89ddbadceca42f354c3c51d05bf6dbf0c,f663379d77883542412d60804de6dc0c77beb1866344a59e0828131f39005040,796f04e7970972175a660a521caff47c83e0295f,122eacff868aa8f656ad6360716c1816f453979f,347d61f17793d636653b614ec2104baa61ac7a4b,ff6e4f0130e8f5d7629695d163db4ba4a2acb3a0c59737e7f82ebe2f52e48e7a,61cf0d498442916f91c767e09875aa06547376fc9568ebd872ad507f1609a74b
8,right_hand,3,tongue,different_subject_different_class,2.643036910338895,2.6401283357393193,-0.0029085745995756085,-0.0011016792480131902,69,1,70981aa89ddbadceca42f354c3c51d05bf6dbf0c,f663379d77883542412d60804de6dc0c77beb1866344a59e0828131f39005040,796f04e7970972175a660a521caff47c83e0295f,122eacff868aa8f656ad6360716c1816f453979f,347d61f17793d636653b614ec2104baa61ac7a4b,ff6e4f0130e8f5d7629695d163db4ba4a2acb3a0c59737e7f82ebe2f52e48e7a,61cf0d498442916f91c767e09875aa06547376fc9568ebd872ad507f1609a74b
8,right_hand,4,left_hand,different_subject_different_class,5.554521684393928,5.56691219074308,0.01239050634915273,0.002225741295103637,3,1,70981aa89ddbadceca42f354c3c51d05bf6dbf0c,f663379d77883542412d60804de6dc0c77beb1866344a59e0828131f39005040,796f04e7970972175a660a521caff47c83e0295f,122eacff868aa8f656ad6360716c1816f453979f,347d61f17793d636653b614ec2104baa61ac7a4b,ff6e4f0130e8f5d7629695d163db4ba4a2acb3a0c59737e7f82ebe2f52e48e7a,61cf0d498442916f91c767e09875aa06547376fc9568ebd872ad507f1609a74b
8,right_hand,4,right_hand,different_subject_same_class,5.436922862106562,5.449635981702289,0.012713119595726852,0.00233283831037751,31,1,70981aa89ddbadceca42f354c3c51d05bf6dbf0c,f663379d77883542412d60804de6dc0c77beb1866344a59e0828131f39005040,796f04e7970972175a660a521caff47c83e0295f,122eacff868aa8f656ad6360716c1816f453979f,347d61f17793d636653b614ec2104baa61ac7a4b,ff6e4f0130e8f5d7629695d163db4ba4a2acb3a0c59737e7f82ebe2f52e48e7a,61cf0d498442916f91c767e09875aa06547376fc9568ebd872ad507f1609a74b
8,right_hand,4,feet,different_subject_different_class,4.5486911974052795,4.540352408150116,-0.008338789255163626,-0.0018365951594847929,91,1,70981aa89ddbadceca42f354c3c51d05bf6dbf0c,f663379d77883542412d60804de6dc0c77beb1866344a59e0828131f39005040,796f04e7970972175a660a521caff47c83e0295f,122eacff868aa8f656ad6360716c1816f453979f,347d61f17793d636653b614ec2104baa61ac7a4b,ff6e4f0130e8f5d7629695d163db4ba4a2acb3a0c59737e7f82ebe2f52e48e7a,61cf0d498442916f91c767e09875aa06547376fc9568ebd872ad507f1609a74b
8,right_hand,4,tongue,different_subject_different_class,4.570263495329109,4.55880576960994,-0.011457725719169254,-0.0025133173682347076,90,1,70981aa89ddbadceca42f354c3c51d05bf6dbf0c,f663379d77883542412d60804de6dc0c77beb1866344a59e0828131f39005040,796f04e7970972175a660a521caff47c83e0295f,122eacff868aa8f656ad6360716c1816f453979f,347d61f17793d636653b614ec2104baa61ac7a4b,ff6e4f0130e8f5d7629695d163db4ba4a2acb3a0c59737e7f82ebe2f52e48e7a,61cf0d498442916f91c767e09875aa06547376fc9568ebd872ad507f1609a74b
8,right_hand,5,left_hand,different_subject_different_class,7.248945440471346,7.25196213894551,0.0030166984741644143,0.0004159837594798951,34,1,70981aa89ddbadceca42f354c3c51d05bf6dbf0c,f663379d77883542412d60804de6dc0c77beb1866344a59e0828131f39005040,796f04e7970972175a660a521caff47c83e0295f,122eacff868aa8f656ad6360716c1816f453979f,347d61f17793d636653b614ec2104baa61ac7a4b,ff6e4f0130e8f5d7629695d163db4ba4a2acb3a0c59737e7f82ebe2f52e48e7a,61cf0d498442916f91c767e09875aa06547376fc9568ebd872ad507f1609a74b
8,right_hand,5,right_hand,different_subject_same_class,7.280049052104254,7.2795500368668,-0.0004990152374544365,-6.855028606537587e-05,69,1,70981aa89ddbadceca42f354c3c51d05bf6dbf0c,f663379d77883542412d60804de6dc0c77beb1866344a59e0828131f39005040,796f04e7970972175a660a521caff47c83e0295f,122eacff868aa8f656ad6360716c1816f453979f,347d61f17793d636653b614ec2104baa61ac7a4b,ff6e4f0130e8f5d7629695d163db4ba4a2acb3a0c59737e7f82ebe2f52e48e7a,61cf0d498442916f91c767e09875aa06547376fc9568ebd872ad507f1609a74b
8,right_hand,5,feet,different_subject_different_class,7.174335128367738,7.171115370910938,-0.003219757456800032,-0.0004489897721992765,111,1,70981aa89ddbadceca42f354c3c51d05bf6dbf0c,f663379d77883542412d60804de6dc0c77beb1866344a59e0828131f39005040,796f04e7970972175a660a521caff47c83e0295f,122eacff868aa8f656ad6360716c1816f453979f,347d61f17793d636653b614ec2104baa61ac7a4b,ff6e4f0130e8f5d7629695d163db4ba4a2acb3a0c59737e7f82ebe2f52e48e7a,61cf0d498442916f91c767e09875aa06547376fc9568ebd872ad507f1609a74b
8,right_hand,5,tongue,different_subject_different_class,7.20841680752429,7.204246008873094,-0.004170798651196073,-0.0005789361782008995,106,1,70981aa89ddbadceca42f354c3c51d05bf6dbf0c,f663379d77883542412d60804de6dc0c77beb1866344a59e0828131f39005040,796f04e7970972175a660a521caff47c83e0295f,122eacff868aa8f656ad6360716c1816f453979f,347d61f17793d636653b614ec2104baa61ac7a4b,ff6e4f0130e8f5d7629695d163db4ba4a2acb3a0c59737e7f82ebe2f52e48e7a,61cf0d498442916f91c767e09875aa06547376fc9568ebd872ad507f1609a74b
8,right_hand,6,left_hand,different_subject_different_class,2.7330935654616293,2.7432053878734433,0.010111822411813964,0.003686133913455433,35,1,70981aa89ddbadceca42f354c3c51d05bf6dbf0c,f663379d77883542412d60804de6dc0c77beb1866344a59e0828131f39005040,796f04e7970972175a660a521caff47c83e0295f,122eacff868aa8f656ad6360716c1816f453979f,347d61f17793d636653b614ec2104baa61ac7a4b,ff6e4f0130e8f5d7629695d163db4ba4a2acb3a0c59737e7f82ebe2f52e48e7a,61cf0d498442916f91c767e09875aa06547376fc9568ebd872ad507f1609a74b
8,right_hand,6,right_hand,different_subject_same_class,2.5696874559987695,2.574784346980711,0.005096890981941549,0.001979540922686731,27,1,70981aa89ddbadceca42f354c3c51d05bf6dbf0c,f663379d77883542412d60804de6dc0c77beb1866344a59e0828131f39005040,796f04e7970972175a660a521caff47c83e0295f,122eacff868aa8f656ad6360716c1816f453979f,347d61f17793d636653b614ec2104baa61ac7a4b,ff6e4f0130e8f5d7629695d163db4ba4a2acb3a0c59737e7f82ebe2f52e48e7a,61cf0d498442916f91c767e09875aa06547376fc9568ebd872ad507f1609a74b
8,right_hand,6,feet,different_subject_different_class,2.5060990260484113,2.545349383478585,0.03925035743017391,0.015420420349733153,32,1,70981aa89ddbadceca42f354c3c51d05bf6dbf0c,f663379d77883542412d60804de6dc0c77beb1866344a59e0828131f39005040,796f04e7970972175a660a521caff47c83e0295f,122eacff868aa8f656ad6360716c1816f453979f,347d61f17793d636653b614ec2104baa61ac7a4b,ff6e4f0130e8f5d7629695d163db4ba4a2acb3a0c59737e7f82ebe2f52e48e7a,61cf0d498442916f91c767e09875aa06547376fc9568ebd872ad507f1609a74b
8,right_hand,6,tongue,different_subject_different_class,2.693738453369495,2.716163159880792,0.02242470651129702,0.008256023365062209,13,1,70981aa89ddbadceca42f354c3c51d05bf6dbf0c,f663379d77883542412d60804de6dc0c77beb1866344a59e0828131f39005040,796f04e7970972175a660a521caff47c83e0295f,122eacff868aa8f656ad6360716c1816f453979f,347d61f17793d636653b614ec2104baa61ac7a4b,ff6e4f0130e8f5d7629695d163db4ba4a2acb3a0c59737e7f82ebe2f52e48e7a,61cf0d498442916f91c767e09875aa06547376fc9568ebd872ad507f1609a74b
8,right_hand,7,left_hand,different_subject_different_class,4.603634821325769,4.6074619266000365,0.0038271052742677725,0.0008306319911561137,29,1,70981aa89ddbadceca42f354c3c51d05bf6dbf0c,f663379d77883542412d60804de6dc0c77beb1866344a59e0828131f39005040,796f04e7970972175a660a521caff47c83e0295f,122eacff868aa8f656ad6360716c1816f453979f,347d61f17793d636653b614ec2104baa61ac7a4b,ff6e4f0130e8f5d7629695d163db4ba4a2acb3a0c59737e7f82ebe2f52e48e7a,61cf0d498442916f91c767e09875aa06547376fc9568ebd872ad507f1609a74b
8,right_hand,7,right_hand,different_subject_same_class,4.524429319331861,4.537247167299427,0.012817847967565577,0.002825027488020841,1,1,70981aa89ddbadceca42f354c3c51d05bf6dbf0c,f663379d77883542412d60804de6dc0c77beb1866344a59e0828131f39005040,796f04e7970972175a660a521caff47c83e0295f,122eacff868aa8f656ad6360716c1816f453979f,347d61f17793d636653b614ec2104baa61ac7a4b,ff6e4f0130e8f5d7629695d163db4ba4a2acb3a0c59737e7f82ebe2f52e48e7a,61cf0d498442916f91c767e09875aa06547376fc9568ebd872ad507f1609a74b
8,right_hand,7,feet,different_subject_different_class,4.297925203779536,4.311084942152757,0.013159738373221153,0.003052535162215984,17,1,70981aa89ddbadceca42f354c3c51d05bf6dbf0c,f663379d77883542412d60804de6dc0c77beb1866344a59e0828131f39005040,796f04e7970972175a660a521caff47c83e0295f,122eacff868aa8f656ad6360716c1816f453979f,347d61f17793d636653b614ec2104baa61ac7a4b,ff6e4f0130e8f5d7629695d163db4ba4a2acb3a0c59737e7f82ebe2f52e48e7a,61cf0d498442916f91c767e09875aa06547376fc9568ebd872ad507f1609a74b
8,right_hand,7,tongue,different_subject_different_class,3.710394580521989,3.7184365177398417,0.008041937217852624,0.0021627200516900888,46,1,70981aa89ddbadceca42f354c3c51d05bf6dbf0c,f663379d77883542412d60804de6dc0c77beb1866344a59e0828131f39005040,796f04e7970972175a660a521caff47c83e0295f,122eacff868aa8f656ad6360716c1816f453979f,347d61f17793d636653b614ec2104baa61ac7a4b,ff6e4f0130e8f5d7629695d163db4ba4a2acb3a0c59737e7f82ebe2f52e48e7a,61cf0d498442916f91c767e09875aa06547376fc9568ebd872ad507f1609a74b
8,right_hand,8,left_hand,same_subject_different_class,1.6603949824655606,1.7133259952148914,0.052931012749330764,0.03089371952399051,4,1,70981aa89ddbadceca42f354c3c51d05bf6dbf0c,f663379d77883542412d60804de6dc0c77beb1866344a59e0828131f39005040,796f04e7970972175a660a521caff47c83e0295f,122eacff868aa8f656ad6360716c1816f453979f,347d61f17793d636653b614ec2104baa61ac7a4b,ff6e4f0130e8f5d7629695d163db4ba4a2acb3a0c59737e7f82ebe2f52e48e7a,61cf0d498442916f91c767e09875aa06547376fc9568ebd872ad507f1609a74b
8,right_hand,8,right_hand,same_subject_same_class,1.0512942049092042,1.268229491136388,0.21693528622718383,0.17105365215312923,1,1,70981aa89ddbadceca42f354c3c51d05bf6dbf0c,f663379d77883542412d60804de6dc0c77beb1866344a59e0828131f39005040,796f04e7970972175a660a521caff47c83e0295f,122eacff868aa8f656ad6360716c1816f453979f,347d61f17793d636653b614ec2104baa61ac7a4b,ff6e4f0130e8f5d7629695d163db4ba4a2acb3a0c59737e7f82ebe2f52e48e7a,61cf0d498442916f91c767e09875aa06547376fc9568ebd872ad507f1609a74b
8,right_hand,8,feet,same_subject_different_class,1.2632203990520776,1.3115447847507657,0.04832438569868813,0.036845395033819804,7,1,70981aa89ddbadceca42f354c3c51d05bf6dbf0c,f663379d77883542412d60804de6dc0c77beb1866344a59e0828131f39005040,796f04e7970972175a660a521caff47c83e0295f,122eacff868aa8f656ad6360716c1816f453979f,347d61f17793d636653b614ec2104baa61ac7a4b,ff6e4f0130e8f5d7629695d163db4ba4a2acb3a0c59737e7f82ebe2f52e48e7a,61cf0d498442916f91c767e09875aa06547376fc9568ebd872ad507f1609a74b
8,right_hand,8,tongue,same_subject_different_class,1.4584535788741784,1.4640194717629138,0.005565892888735435,0.0038017888396205614,51,1,70981aa89ddbadceca42f354c3c51d05bf6dbf0c,f663379d77883542412d60804de6dc0c77beb1866344a59e0828131f39005040,796f04e7970972175a660a521caff47c83e0295f,122eacff868aa8f656ad6360716c1816f453979f,347d61f17793d636653b614ec2104baa61ac7a4b,ff6e4f0130e8f5d7629695d163db4ba4a2acb3a0c59737e7f82ebe2f52e48e7a,61cf0d498442916f91c767e09875aa06547376fc9568ebd872ad507f1609a74b
8,right_hand,9,left_hand,different_subject_different_class,2.1754831622784225,2.2811707957861307,0.10568763350770816,0.04633043422392508,1,1,70981aa89ddbadceca42f354c3c51d05bf6dbf0c,f663379d77883542412d60804de6dc0c77beb1866344a59e0828131f39005040,796f04e7970972175a660a521caff47c83e0295f,122eacff868aa8f656ad6360716c1816f453979f,347d61f17793d636653b614ec2104baa61ac7a4b,ff6e4f0130e8f5d7629695d163db4ba4a2acb3a0c59737e7f82ebe2f52e48e7a,61cf0d498442916f91c767e09875aa06547376fc9568ebd872ad507f1609a74b
8,right_hand,9,right_hand,different_subject_same_class,2.6145343345021024,2.616242251405433,0.0017079169033307195,0.0006528129810659676,52,1,70981aa89ddbadceca42f354c3c51d05bf6dbf0c,f663379d77883542412d60804de6dc0c77beb1866344a59e0828131f39005040,796f04e7970972175a660a521caff47c83e0295f,122eacff868aa8f656ad6360716c1816f453979f,347d61f17793d636653b614ec2104baa61ac7a4b,ff6e4f0130e8f5d7629695d163db4ba4a2acb3a0c59737e7f82ebe2f52e48e7a,61cf0d498442916f91c767e09875aa06547376fc9568ebd872ad507f1609a74b
8,right_hand,9,feet,different_subject_different_class,2.9175127922645565,2.9258978250777528,0.008385032813196247,0.0028657982316841234,33,1,70981aa89ddbadceca42f354c3c51d05bf6dbf0c,f663379d77883542412d60804de6dc0c77beb1866344a59e0828131f39005040,796f04e7970972175a660a521caff47c83e0295f,122eacff868aa8f656ad6360716c1816f453979f,347d61f17793d636653b614ec2104baa61ac7a4b,ff6e4f0130e8f5d7629695d163db4ba4a2acb3a0c59737e7f82ebe2f52e48e7a,61cf0d498442916f91c767e09875aa06547376fc9568ebd872ad507f1609a74b
8,right_hand,9,tongue,different_subject_different_class,4.135923227101544,4.118899891104422,-0.01702333599712169,-0.004132981244309178,97,1,70981aa89ddbadceca42f354c3c51d05bf6dbf0c,f663379d77883542412d60804de6dc0c77beb1866344a59e0828131f39005040,796f04e7970972175a660a521caff47c83e0295f,122eacff868aa8f656ad6360716c1816f453979f,347d61f17793d636653b614ec2104baa61ac7a4b,ff6e4f0130e8f5d7629695d163db4ba4a2acb3a0c59737e7f82ebe2f52e48e7a,61cf0d498442916f91c767e09875aa06547376fc9568ebd872ad507f1609a74b
8,feet,1,left_hand,different_subject_different_class,4.917713274769493,4.919053864698453,0.0013405899289598011,0.0002725300364325207,51,1,70981aa89ddbadceca42f354c3c51d05bf6dbf0c,f663379d77883542412d60804de6dc0c77beb1866344a59e0828131f39005040,796f04e7970972175a660a521caff47c83e0295f,122eacff868aa8f656ad6360716c1816f453979f,347d61f17793d636653b614ec2104baa61ac7a4b,ff6e4f0130e8f5d7629695d163db4ba4a2acb3a0c59737e7f82ebe2f52e48e7a,61cf0d498442916f91c767e09875aa06547376fc9568ebd872ad507f1609a74b
8,feet,1,right_hand,different_subject_different_class,5.087428577640676,5.088345765432775,0.0009171877920994831,0.00018025264680916867,62,1,70981aa89ddbadceca42f354c3c51d05bf6dbf0c,f663379d77883542412d60804de6dc0c77beb1866344a59e0828131f39005040,796f04e7970972175a660a521caff47c83e0295f,122eacff868aa8f656ad6360716c1816f453979f,347d61f17793d636653b614ec2104baa61ac7a4b,ff6e4f0130e8f5d7629695d163db4ba4a2acb3a0c59737e7f82ebe2f52e48e7a,61cf0d498442916f91c767e09875aa06547376fc9568ebd872ad507f1609a74b
8,feet,1,feet,different_subject_same_class,3.636934918699446,3.6330299825653984,-0.003904936134047521,-0.0010748428041571297,64,1,70981aa89ddbadceca42f354c3c51d05bf6dbf0c,f663379d77883542412d60804de6dc0c77beb1866344a59e0828131f39005040,796f04e7970972175a660a521caff47c83e0295f,122eacff868aa8f656ad6360716c1816f453979f,347d61f17793d636653b614ec2104baa61ac7a4b,ff6e4f0130e8f5d7629695d163db4ba4a2acb3a0c59737e7f82ebe2f52e48e7a,61cf0d498442916f91c767e09875aa06547376fc9568ebd872ad507f1609a74b
8,feet,1,tongue,different_subject_different_class,3.452540407815447,3.447500562516484,-0.005039845298963286,-0.0014618838220825346,76,1,70981aa89ddbadceca42f354c3c51d05bf6dbf0c,f663379d77883542412d60804de6dc0c77beb1866344a59e0828131f39005040,796f04e7970972175a660a521caff47c83e0295f,122eacff868aa8f656ad6360716c1816f453979f,347d61f17793d636653b614ec2104baa61ac7a4b,ff6e4f0130e8f5d7629695d163db4ba4a2acb3a0c59737e7f82ebe2f52e48e7a,61cf0d498442916f91c767e09875aa06547376fc9568ebd872ad507f1609a74b
8,feet,2,left_hand,different_subject_different_class,3.5096593529300417,3.5110372436093362,0.0013778906792945023,0.0003924454751377216,58,1,70981aa89ddbadceca42f354c3c51d05bf6dbf0c,f663379d77883542412d60804de6dc0c77beb1866344a59e0828131f39005040,796f04e7970972175a660a521caff47c83e0295f,122eacff868aa8f656ad6360716c1816f453979f,347d61f17793d636653b614ec2104baa61ac7a4b,ff6e4f0130e8f5d7629695d163db4ba4a2acb3a0c59737e7f82ebe2f52e48e7a,61cf0d498442916f91c767e09875aa06547376fc9568ebd872ad507f1609a74b
8,feet,2,right_hand,different_subject_different_class,3.8146535867697113,3.821537363561964,0.006883776792252494,0.001801310869779457,40,1,70981aa89ddbadceca42f354c3c51d05bf6dbf0c,f663379d77883542412d60804de6dc0c77beb1866344a59e0828131f39005040,796f04e7970972175a660a521caff47c83e0295f,122eacff868aa8f656ad6360716c1816f453979f,347d61f17793d636653b614ec2104baa61ac7a4b,ff6e4f0130e8f5d7629695d163db4ba4a2acb3a0c59737e7f82ebe2f52e48e7a,61cf0d498442916f91c767e09875aa06547376fc9568ebd872ad507f1609a74b
8,feet,2,feet,different_subject_same_class,3.679438492937779,3.679911293267984,0.00047280033020502543,0.00012848144765607926,63,1,70981aa89ddbadceca42f354c3c51d05bf6dbf0c,f663379d77883542412d60804de6dc0c77beb1866344a59e0828131f39005040,796f04e7970972175a660a521caff47c83e0295f,122eacff868aa8f656ad6360716c1816f453979f,347d61f17793d636653b614ec2104baa61ac7a4b,ff6e4f0130e8f5d7629695d163db4ba4a2acb3a0c59737e7f82ebe2f52e48e7a,61cf0d498442916f91c767e09875aa06547376fc9568ebd872ad507f1609a74b
8,feet,2,tongue,different_subject_different_class,4.040388814815713,4.0423745747748345,0.001985759959121758,0.0004912360105155192,57,1,70981aa89ddbadceca42f354c3c51d05bf6dbf0c,f663379d77883542412d60804de6dc0c77beb1866344a59e0828131f39005040,796f04e7970972175a660a521caff47c83e0295f,122eacff868aa8f656ad6360716c1816f453979f,347d61f17793d636653b614ec2104baa61ac7a4b,ff6e4f0130e8f5d7629695d163db4ba4a2acb3a0c59737e7f82ebe2f52e48e7a,61cf0d498442916f91c767e09875aa06547376fc9568ebd872ad507f1609a74b
8,feet,3,left_hand,different_subject_different_class,3.6502850535773352,3.6706182173913935,0.020333163814058253,0.005539438484154985,5,1,70981aa89ddbadceca42f354c3c51d05bf6dbf0c,f663379d77883542412d60804de6dc0c77beb1866344a59e0828131f39005040,796f04e7970972175a660a521caff47c83e0295f,122eacff868aa8f656ad6360716c1816f453979f,347d61f17793d636653b614ec2104baa61ac7a4b,ff6e4f0130e8f5d7629695d163db4ba4a2acb3a0c59737e7f82ebe2f52e48e7a,61cf0d498442916f91c767e09875aa06547376fc9568ebd872ad507f1609a74b
8,feet,3,right_hand,different_subject_different_class,3.457250426043636,3.475471467217523,0.01822104117388701,0.005242753780532358,4,1,70981aa89ddbadceca42f354c3c51d05bf6dbf0c,f663379d77883542412d60804de6dc0c77beb1866344a59e0828131f39005040,796f04e7970972175a660a521caff47c83e0295f,122eacff868aa8f656ad6360716c1816f453979f,347d61f17793d636653b614ec2104baa61ac7a4b,ff6e4f0130e8f5d7629695d163db4ba4a2acb3a0c59737e7f82ebe2f52e48e7a,61cf0d498442916f91c767e09875aa06547376fc9568ebd872ad507f1609a74b
8,feet,3,feet,different_subject_same_class,2.950806166014822,2.9748994607528054,0.024093294737983495,0.0080988601651387,29,1,70981aa89ddbadceca42f354c3c51d05bf6dbf0c,f663379d77883542412d60804de6dc0c77beb1866344a59e0828131f39005040,796f04e7970972175a660a521caff47c83e0295f,122eacff868aa8f656ad6360716c1816f453979f,347d61f17793d636653b614ec2104baa61ac7a4b,ff6e4f0130e8f5d7629695d163db4ba4a2acb3a0c59737e7f82ebe2f52e48e7a,61cf0d498442916f91c767e09875aa06547376fc9568ebd872ad507f1609a74b
8,feet,3,tongue,different_subject_different_class,2.6184335949018913,2.6325945929766936,0.014160998074802311,0.005379103228648042,44,1,70981aa89ddbadceca42f354c3c51d05bf6dbf0c,f663379d77883542412d60804de6dc0c77beb1866344a59e0828131f39005040,796f04e7970972175a660a521caff47c83e0295f,122eacff868aa8f656ad6360716c1816f453979f,347d61f17793d636653b614ec2104baa61ac7a4b,ff6e4f0130e8f5d7629695d163db4ba4a2acb3a0c59737e7f82ebe2f52e48e7a,61cf0d498442916f91c767e09875aa06547376fc9568ebd872ad507f1609a74b
8,feet,4,left_hand,different_subject_different_class,5.5810659709663195,5.589696763863879,0.008630792897559303,0.001544053865919064,11,1,70981aa89ddbadceca42f354c3c51d05bf6dbf0c,f663379d77883542412d60804de6dc0c77beb1866344a59e0828131f39005040,796f04e7970972175a660a521caff47c83e0295f,122eacff868aa8f656ad6360716c1816f453979f,347d61f17793d636653b614ec2104baa61ac7a4b,ff6e4f0130e8f5d7629695d163db4ba4a2acb3a0c59737e7f82ebe2f52e48e7a,61cf0d498442916f91c767e09875aa06547376fc9568ebd872ad507f1609a74b
8,feet,4,right_hand,different_subject_different_class,5.482322069849268,5.486487072049867,0.004165002200599233,0.0007591382511073885,41,1,70981aa89ddbadceca42f354c3c51d05bf6dbf0c,f663379d77883542412d60804de6dc0c77beb1866344a59e0828131f39005040,796f04e7970972175a660a521caff47c83e0295f,122eacff868aa8f656ad6360716c1816f453979f,347d61f17793d636653b614ec2104baa61ac7a4b,ff6e4f0130e8f5d7629695d163db4ba4a2acb3a0c59737e7f82ebe2f52e48e7a,61cf0d498442916f91c767e09875aa06547376fc9568ebd872ad507f1609a74b
8,feet,4,feet,different_subject_same_class,4.552941640923972,4.558376680343375,0.005435039419403154,0.0011923190645564948,51,1,70981aa89ddbadceca42f354c3c51d05bf6dbf0c,f663379d77883542412d60804de6dc0c77beb1866344a59e0828131f39005040,796f04e7970972175a660a521caff47c83e0295f,122eacff868aa8f656ad6360716c1816f453979f,347d61f17793d636653b614ec2104baa61ac7a4b,ff6e4f0130e8f5d7629695d163db4ba4a2acb3a0c59737e7f82ebe2f52e48e7a,61cf0d498442916f91c767e09875aa06547376fc9568ebd872ad507f1609a74b
8,feet,4,tongue,different_subject_different_class,4.593781197352221,4.589877962632259,-0.003903234719961901,-0.0008504005447943166,79,1,70981aa89ddbadceca42f354c3c51d05bf6dbf0c,f663379d77883542412d60804de6dc0c77beb1866344a59e0828131f39005040,796f04e7970972175a660a521caff47c83e0295f,122eacff868aa8f656ad6360716c1816f453979f,347d61f17793d636653b614ec2104baa61ac7a4b,ff6e4f0130e8f5d7629695d163db4ba4a2acb3a0c59737e7f82ebe2f52e48e7a,61cf0d498442916f91c767e09875aa06547376fc9568ebd872ad507f1609a74b
8,feet,5,left_hand,different_subject_different_class,7.263615230793275,7.266383105268378,0.0027678744751034046,0.0003809150212705686,8,1,70981aa89ddbadceca42f354c3c51d05bf6dbf0c,f663379d77883542412d60804de6dc0c77beb1866344a59e0828131f39005040,796f04e7970972175a660a521caff47c83e0295f,122eacff868aa8f656ad6360716c1816f453979f,347d61f17793d636653b614ec2104baa61ac7a4b,ff6e4f0130e8f5d7629695d163db4ba4a2acb3a0c59737e7f82ebe2f52e48e7a,61cf0d498442916f91c767e09875aa06547376fc9568ebd872ad507f1609a74b
8,feet,5,right_hand,different_subject_different_class,7.298987806183267,7.2996420382591065,0.0006542320758393672,8.962522715639836e-05,40,1,70981aa89ddbadceca42f354c3c51d05bf6dbf0c,f663379d77883542412d60804de6dc0c77beb1866344a59e0828131f39005040,796f04e7970972175a660a521caff47c83e0295f,122eacff868aa8f656ad6360716c1816f453979f,347d61f17793d636653b614ec2104baa61ac7a4b,ff6e4f0130e8f5d7629695d163db4ba4a2acb3a0c59737e7f82ebe2f52e48e7a,61cf0d498442916f91c767e09875aa06547376fc9568ebd872ad507f1609a74b
8,feet,5,feet,different_subject_same_class,7.1836242558382715,7.182150362413706,-0.0014738934245652757,-0.00020521617484905235,101,1,70981aa89ddbadceca42f354c3c51d05bf6dbf0c,f663379d77883542412d60804de6dc0c77beb1866344a59e0828131f39005040,796f04e7970972175a660a521caff47c83e0295f,122eacff868aa8f656ad6360716c1816f453979f,347d61f17793d636653b614ec2104baa61ac7a4b,ff6e4f0130e8f5d7629695d163db4ba4a2acb3a0c59737e7f82ebe2f52e48e7a,61cf0d498442916f91c767e09875aa06547376fc9568ebd872ad507f1609a74b
8,feet,5,tongue,different_subject_different_class,7.224296421291073,7.222722157152123,-0.001574264138949566,-0.00021795994705274514,89,1,70981aa89ddbadceca42f354c3c51d05bf6dbf0c,f663379d77883542412d60804de6dc0c77beb1866344a59e0828131f39005040,796f04e7970972175a660a521caff47c83e0295f,122eacff868aa8f656ad6360716c1816f453979f,347d61f17793d636653b614ec2104baa61ac7a4b,ff6e4f0130e8f5d7629695d163db4ba4a2acb3a0c59737e7f82ebe2f52e48e7a,61cf0d498442916f91c767e09875aa06547376fc9568ebd872ad507f1609a74b
8,feet,6,left_hand,different_subject_different_class,2.7364412464726215,2.749043127888611,0.012601881415989613,0.0045840973857941706,32,1,70981aa89ddbadceca42f354c3c51d05bf6dbf0c,f663379d77883542412d60804de6dc0c77beb1866344a59e0828131f39005040,796f04e7970972175a660a521caff47c83e0295f,122eacff868aa8f656ad6360716c1816f453979f,347d61f17793d636653b614ec2104baa61ac7a4b,ff6e4f0130e8f5d7629695d163db4ba4a2acb3a0c59737e7f82ebe2f52e48e7a,61cf0d498442916f91c767e09875aa06547376fc9568ebd872ad507f1609a74b
8,feet,6,right_hand,different_subject_different_class,2.600486356179184,2.6065963446759866,0.006109988496802554,0.0023440485939767008,33,1,70981aa89ddbadceca42f354c3c51d05bf6dbf0c,f663379d77883542412d60804de6dc0c77beb1866344a59e0828131f39005040,796f04e7970972175a660a521caff47c83e0295f,122eacff868aa8f656ad6360716c1816f453979f,347d61f17793d636653b614ec2104baa61ac7a4b,ff6e4f0130e8f5d7629695d163db4ba4a2acb3a0c59737e7f82ebe2f52e48e7a,61cf0d498442916f91c767e09875aa06547376fc9568ebd872ad507f1609a74b
8,feet,6,feet,different_subject_same_class,2.5027404652226055,2.535922411556255,0.03318194633364957,0.013084764022132026,29,1,70981aa89ddbadceca42f354c3c51d05bf6dbf0c,f663379d77883542412d60804de6dc0c77beb1866344a59e0828131f39005040,796f04e7970972175a660a521caff47c83e0295f,122eacff868aa8f656ad6360716c1816f453979f,347d61f17793d636653b614ec2104baa61ac7a4b,ff6e4f0130e8f5d7629695d163db4ba4a2acb3a0c59737e7f82ebe2f52e48e7a,61cf0d498442916f91c767e09875aa06547376fc9568ebd872ad507f1609a74b
8,feet,6,tongue,different_subject_different_class,2.6916469630542093,2.708913777890687,0.01726681483647763,0.006374073245669172,13,1,70981aa89ddbadceca42f354c3c51d05bf6dbf0c,f663379d77883542412d60804de6dc0c77beb1866344a59e0828131f39005040,796f04e7970972175a660a521caff47c83e0295f,122eacff868aa8f656ad6360716c1816f453979f,347d61f17793d636653b614ec2104baa61ac7a4b,ff6e4f0130e8f5d7629695d163db4ba4a2acb3a0c59737e7f82ebe2f52e48e7a,61cf0d498442916f91c767e09875aa06547376fc9568ebd872ad507f1609a74b
8,feet,7,left_hand,different_subject_different_class,4.629619211849625,4.631382800968936,0.0017635891193110709,0.00038079104990891896,37,1,70981aa89ddbadceca42f354c3c51d05bf6dbf0c,f663379d77883542412d60804de6dc0c77beb1866344a59e0828131f39005040,796f04e7970972175a660a521caff47c83e0295f,122eacff868aa8f656ad6360716c1816f453979f,347d61f17793d636653b614ec2104baa61ac7a4b,ff6e4f0130e8f5d7629695d163db4ba4a2acb3a0c59737e7f82ebe2f52e48e7a,61cf0d498442916f91c767e09875aa06547376fc9568ebd872ad507f1609a74b
8,feet,7,right_hand,different_subject_different_class,4.568961706589609,4.574688330615292,0.005726624025682803,0.001251806377137954,12,1,70981aa89ddbadceca42f354c3c51d05bf6dbf0c,f663379d77883542412d60804de6dc0c77beb1866344a59e0828131f39005040,796f04e7970972175a660a521caff47c83e0295f,122eacff868aa8f656ad6360716c1816f453979f,347d61f17793d636653b614ec2104baa61ac7a4b,ff6e4f0130e8f5d7629695d163db4ba4a2acb3a0c59737e7f82ebe2f52e48e7a,61cf0d498442916f91c767e09875aa06547376fc9568ebd872ad507f1609a74b
8,feet,7,feet,different_subject_same_class,4.312086157572975,4.324577788940832,0.012491631367857359,0.002888520446967561,5,1,70981aa89ddbadceca42f354c3c51d05bf6dbf0c,f663379d77883542412d60804de6dc0c77beb1866344a59e0828131f39005040,796f04e7970972175a660a521caff47c83e0295f,122eacff868aa8f656ad6360716c1816f453979f,347d61f17793d636653b614ec2104baa61ac7a4b,ff6e4f0130e8f5d7629695d163db4ba4a2acb3a0c59737e7f82ebe2f52e48e7a,61cf0d498442916f91c767e09875aa06547376fc9568ebd872ad507f1609a74b
8,feet,7,tongue,different_subject_different_class,3.7249614722620628,3.7370442968341466,0.012082824572083872,0.00323325698395384,36,1,70981aa89ddbadceca42f354c3c51d05bf6dbf0c,f663379d77883542412d60804de6dc0c77beb1866344a59e0828131f39005040,796f04e7970972175a660a521caff47c83e0295f,122eacff868aa8f656ad6360716c1816f453979f,347d61f17793d636653b614ec2104baa61ac7a4b,ff6e4f0130e8f5d7629695d163db4ba4a2acb3a0c59737e7f82ebe2f52e48e7a,61cf0d498442916f91c767e09875aa06547376fc9568ebd872ad507f1609a74b
8,feet,8,left_hand,same_subject_different_class,1.4081651239528052,1.4702042713243322,0.06203914737152694,0.042197637825962274,6,1,70981aa89ddbadceca42f354c3c51d05bf6dbf0c,f663379d77883542412d60804de6dc0c77beb1866344a59e0828131f39005040,796f04e7970972175a660a521caff47c83e0295f,122eacff868aa8f656ad6360716c1816f453979f,347d61f17793d636653b614ec2104baa61ac7a4b,ff6e4f0130e8f5d7629695d163db4ba4a2acb3a0c59737e7f82ebe2f52e48e7a,61cf0d498442916f91c767e09875aa06547376fc9568ebd872ad507f1609a74b
8,feet,8,right_hand,same_subject_different_class,1.2578607107341508,1.3387012055394023,0.08084049480525146,0.060387257791912154,4,1,70981aa89ddbadceca42f354c3c51d05bf6dbf0c,f663379d77883542412d60804de6dc0c77beb1866344a59e0828131f39005040,796f04e7970972175a660a521caff47c83e0295f,122eacff868aa8f656ad6360716c1816f453979f,347d61f17793d636653b614ec2104baa61ac7a4b,ff6e4f0130e8f5d7629695d163db4ba4a2acb3a0c59737e7f82ebe2f52e48e7a,61cf0d498442916f91c767e09875aa06547376fc9568ebd872ad507f1609a74b
8,feet,8,feet,same_subject_same_class,1.083454320525223,1.1529927655621108,0.06953844503688789,0.060311258764044605,4,1,70981aa89ddbadceca42f354c3c51d05bf6dbf0c,f663379d77883542412d60804de6dc0c77beb1866344a59e0828131f39005040,796f04e7970972175a660a521caff47c83e0295f,122eacff868aa8f656ad6360716c1816f453979f,347d61f17793d636653b614ec2104baa61ac7a4b,ff6e4f0130e8f5d7629695d163db4ba4a2acb3a0c59737e7f82ebe2f52e48e7a,61cf0d498442916f91c767e09875aa06547376fc9568ebd872ad507f1609a74b
8,feet,8,tongue,same_subject_different_class,1.3933007652746554,1.4052142054238232,0.011913440149167842,0.008478024277853538,51,1,70981aa89ddbadceca42f354c3c51d05bf6dbf0c,f663379d77883542412d60804de6dc0c77beb1866344a59e0828131f39005040,796f04e7970972175a660a521caff47c83e0295f,122eacff868aa8f656ad6360716c1816f453979f,347d61f17793d636653b614ec2104baa61ac7a4b,ff6e4f0130e8f5d7629695d163db4ba4a2acb3a0c59737e7f82ebe2f52e48e7a,61cf0d498442916f91c767e09875aa06547376fc9568ebd872ad507f1609a74b
8,feet,9,left_hand,different_subject_different_class,2.2184166820782596,2.2595592762642003,0.041142594185940684,0.01820823849063301,25,1,70981aa89ddbadceca42f354c3c51d05bf6dbf0c,f663379d77883542412d60804de6dc0c77beb1866344a59e0828131f39005040,796f04e7970972175a660a521caff47c83e0295f,122eacff868aa8f656ad6360716c1816f453979f,347d61f17793d636653b614ec2104baa61ac7a4b,ff6e4f0130e8f5d7629695d163db4ba4a2acb3a0c59737e7f82ebe2f52e48e7a,61cf0d498442916f91c767e09875aa06547376fc9568ebd872ad507f1609a74b
8,feet,9,right_hand,different_subject_different_class,2.549001518417931,2.554092011587188,0.0050904931692570266,0.0019930735252147963,29,1,70981aa89ddbadceca42f354c3c51d05bf6dbf0c,f663379d77883542412d60804de6dc0c77beb1866344a59e0828131f39005040,796f04e7970972175a660a521caff47c83e0295f,122eacff868aa8f656ad6360716c1816f453979f,347d61f17793d636653b614ec2104baa61ac7a4b,ff6e4f0130e8f5d7629695d163db4ba4a2acb3a0c59737e7f82ebe2f52e48e7a,61cf0d498442916f91c767e09875aa06547376fc9568ebd872ad507f1609a74b
8,feet,9,feet,different_subject_same_class,2.726175384717393,2.74332780117371,0.01715241645631682,0.006252412288818822,9,1,70981aa89ddbadceca42f354c3c51d05bf6dbf0c,f663379d77883542412d60804de6dc0c77beb1866344a59e0828131f39005040,796f04e7970972175a660a521caff47c83e0295f,122eacff868aa8f656ad6360716c1816f453979f,347d61f17793d636653b614ec2104baa61ac7a4b,ff6e4f0130e8f5d7629695d163db4ba4a2acb3a0c59737e7f82ebe2f52e48e7a,61cf0d498442916f91c767e09875aa06547376fc9568ebd872ad507f1609a74b
8,feet,9,tongue,different_subject_different_class,4.038484516587358,4.033835682657529,-0.004648833929829621,-0.0011524599154636179,82,1,70981aa89ddbadceca42f354c3c51d05bf6dbf0c,f663379d77883542412d60804de6dc0c77beb1866344a59e0828131f39005040,796f04e7970972175a660a521caff47c83e0295f,122eacff868aa8f656ad6360716c1816f453979f,347d61f17793d636653b614ec2104baa61ac7a4b,ff6e4f0130e8f5d7629695d163db4ba4a2acb3a0c59737e7f82ebe2f52e48e7a,61cf0d498442916f91c767e09875aa06547376fc9568ebd872ad507f1609a74b
8,tongue,1,left_hand,different_subject_different_class,6.315448528788554,6.301068033318534,-0.014380495470020627,-0.0022822314239395645,115,1,70981aa89ddbadceca42f354c3c51d05bf6dbf0c,f663379d77883542412d60804de6dc0c77beb1866344a59e0828131f39005040,796f04e7970972175a660a521caff47c83e0295f,122eacff868aa8f656ad6360716c1816f453979f,347d61f17793d636653b614ec2104baa61ac7a4b,ff6e4f0130e8f5d7629695d163db4ba4a2acb3a0c59737e7f82ebe2f52e48e7a,61cf0d498442916f91c767e09875aa06547376fc9568ebd872ad507f1609a74b
8,tongue,1,right_hand,different_subject_different_class,6.467050665817659,6.454729199955571,-0.012321465862088488,-0.001908905157814103,104,1,70981aa89ddbadceca42f354c3c51d05bf6dbf0c,f663379d77883542412d60804de6dc0c77beb1866344a59e0828131f39005040,796f04e7970972175a660a521caff47c83e0295f,122eacff868aa8f656ad6360716c1816f453979f,347d61f17793d636653b614ec2104baa61ac7a4b,ff6e4f0130e8f5d7629695d163db4ba4a2acb3a0c59737e7f82ebe2f52e48e7a,61cf0d498442916f91c767e09875aa06547376fc9568ebd872ad507f1609a74b
8,tongue,1,feet,different_subject_different_class,4.938467936982167,4.971100601451564,0.03263266446939728,0.006564474768398073,7,1,70981aa89ddbadceca42f354c3c51d05bf6dbf0c,f663379d77883542412d60804de6dc0c77beb1866344a59e0828131f39005040,796f04e7970972175a660a521caff47c83e0295f,122eacff868aa8f656ad6360716c1816f453979f,347d61f17793d636653b614ec2104baa61ac7a4b,ff6e4f0130e8f5d7629695d163db4ba4a2acb3a0c59737e7f82ebe2f52e48e7a,61cf0d498442916f91c767e09875aa06547376fc9568ebd872ad507f1609a74b
8,tongue,1,tongue,different_subject_same_class,4.716447044028181,4.761193387758031,0.04474634372984987,0.009398136157397338,12,1,70981aa89ddbadceca42f354c3c51d05bf6dbf0c,f663379d77883542412d60804de6dc0c77beb1866344a59e0828131f39005040,796f04e7970972175a660a521caff47c83e0295f,122eacff868aa8f656ad6360716c1816f453979f,347d61f17793d636653b614ec2104baa61ac7a4b,ff6e4f0130e8f5d7629695d163db4ba4a2acb3a0c59737e7f82ebe2f52e48e7a,61cf0d498442916f91c767e09875aa06547376fc9568ebd872ad507f1609a74b
8,tongue,2,left_hand,different_subject_different_class,4.772620969285105,4.809497355262242,0.03687638597713683,0.007667409555135541,14,1,70981aa89ddbadceca42f354c3c51d05bf6dbf0c,f663379d77883542412d60804de6dc0c77beb1866344a59e0828131f39005040,796f04e7970972175a660a521caff47c83e0295f,122eacff868aa8f656ad6360716c1816f453979f,347d61f17793d636653b614ec2104baa61ac7a4b,ff6e4f0130e8f5d7629695d163db4ba4a2acb3a0c59737e7f82ebe2f52e48e7a,61cf0d498442916f91c767e09875aa06547376fc9568ebd872ad507f1609a74b
8,tongue,2,right_hand,different_subject_different_class,5.1169604558887345,5.159173579021575,0.0422131231328402,0.008182148261979164,7,1,70981aa89ddbadceca42f354c3c51d05bf6dbf0c,f663379d77883542412d60804de6dc0c77beb1866344a59e0828131f39005040,796f04e7970972175a660a521caff47c83e0295f,122eacff868aa8f656ad6360716c1816f453979f,347d61f17793d636653b614ec2104baa61ac7a4b,ff6e4f0130e8f5d7629695d163db4ba4a2acb3a0c59737e7f82ebe2f52e48e7a,61cf0d498442916f91c767e09875aa06547376fc9568ebd872ad507f1609a74b
8,tongue,2,feet,different_subject_different_class,4.926452642774025,4.980259318555136,0.05380667578111087,0.01080399078430341,11,1,70981aa89ddbadceca42f354c3c51d05bf6dbf0c,f663379d77883542412d60804de6dc0c77beb1866344a59e0828131f39005040,796f04e7970972175a660a521caff47c83e0295f,122eacff868aa8f656ad6360716c1816f453979f,347d61f17793d636653b614ec2104baa61ac7a4b,ff6e4f0130e8f5d7629695d163db4ba4a2acb3a0c59737e7f82ebe2f52e48e7a,61cf0d498442916f91c767e09875aa06547376fc9568ebd872ad507f1609a74b
8,tongue,2,tongue,different_subject_same_class,5.336831772289376,5.376307360310495,0.03947558802111928,0.00734250952848043,15,1,70981aa89ddbadceca42f354c3c51d05bf6dbf0c,f663379d77883542412d60804de6dc0c77beb1866344a59e0828131f39005040,796f04e7970972175a660a521caff47c83e0295f,122eacff868aa8f656ad6360716c1816f453979f,347d61f17793d636653b614ec2104baa61ac7a4b,ff6e4f0130e8f5d7629695d163db4ba4a2acb3a0c59737e7f82ebe2f52e48e7a,61cf0d498442916f91c767e09875aa06547376fc9568ebd872ad507f1609a74b
8,tongue,3,left_hand,different_subject_different_class,4.859130750384196,4.896052936349198,0.036922185965002186,0.007541214616142134,5,1,70981aa89ddbadceca42f354c3c51d05bf6dbf0c,f663379d77883542412d60804de6dc0c77beb1866344a59e0828131f39005040,796f04e7970972175a660a521caff47c83e0295f,122eacff868aa8f656ad6360716c1816f453979f,347d61f17793d636653b614ec2104baa61ac7a4b,ff6e4f0130e8f5d7629695d163db4ba4a2acb3a0c59737e7f82ebe2f52e48e7a,61cf0d498442916f91c767e09875aa06547376fc9568ebd872ad507f1609a74b
8,tongue,3,right_hand,different_subject_different_class,4.640635320196741,4.66506943253794,0.024434112341198855,0.005237673885575151,8,1,70981aa89ddbadceca42f354c3c51d05bf6dbf0c,f663379d77883542412d60804de6dc0c77beb1866344a59e0828131f39005040,796f04e7970972175a660a521caff47c83e0295f,122eacff868aa8f656ad6360716c1816f453979f,347d61f17793d636653b614ec2104baa61ac7a4b,ff6e4f0130e8f5d7629695d163db4ba4a2acb3a0c59737e7f82ebe2f52e48e7a,61cf0d498442916f91c767e09875aa06547376fc9568ebd872ad507f1609a74b
8,tongue,3,feet,different_subject_different_class,4.04320056592568,4.125919983369461,0.08271941744378086,0.020048720716155887,5,1,70981aa89ddbadceca42f354c3c51d05bf6dbf0c,f663379d77883542412d60804de6dc0c77beb1866344a59e0828131f39005040,796f04e7970972175a660a521caff47c83e0295f,122eacff868aa8f656ad6360716c1816f453979f,347d61f17793d636653b614ec2104baa61ac7a4b,ff6e4f0130e8f5d7629695d163db4ba4a2acb3a0c59737e7f82ebe2f52e48e7a,61cf0d498442916f91c767e09875aa06547376fc9568ebd872ad507f1609a74b
8,tongue,3,tongue,different_subject_same_class,3.4545928219470556,3.563423299876863,0.10883047792980749,0.03054099071911221,12,1,70981aa89ddbadceca42f354c3c51d05bf6dbf0c,f663379d77883542412d60804de6dc0c77beb1866344a59e0828131f39005040,796f04e7970972175a660a521caff47c83e0295f,122eacff868aa8f656ad6360716c1816f453979f,347d61f17793d636653b614ec2104baa61ac7a4b,ff6e4f0130e8f5d7629695d163db4ba4a2acb3a0c59737e7f82ebe2f52e48e7a,61cf0d498442916f91c767e09875aa06547376fc9568ebd872ad507f1609a74b
8,tongue,4,left_hand,different_subject_different_class,6.882223547112822,6.899305474288115,0.017081927175292222,0.002475890832628305,4,1,70981aa89ddbadceca42f354c3c51d05bf6dbf0c,f663379d77883542412d60804de6dc0c77beb1866344a59e0828131f39005040,796f04e7970972175a660a521caff47c83e0295f,122eacff868aa8f656ad6360716c1816f453979f,347d61f17793d636653b614ec2104baa61ac7a4b,ff6e4f0130e8f5d7629695d163db4ba4a2acb3a0c59737e7f82ebe2f52e48e7a,61cf0d498442916f91c767e09875aa06547376fc9568ebd872ad507f1609a74b
8,tongue,4,right_hand,different_subject_different_class,6.755515570260338,6.786363280885084,0.03084771062474534,0.004545543665726388,2,1,70981aa89ddbadceca42f354c3c51d05bf6dbf0c,f663379d77883542412d60804de6dc0c77beb1866344a59e0828131f39005040,796f04e7970972175a660a521caff47c83e0295f,122eacff868aa8f656ad6360716c1816f453979f,347d61f17793d636653b614ec2104baa61ac7a4b,ff6e4f0130e8f5d7629695d163db4ba4a2acb3a0c59737e7f82ebe2f52e48e7a,61cf0d498442916f91c767e09875aa06547376fc9568ebd872ad507f1609a74b
8,tongue,4,feet,different_subject_different_class,5.715585304872038,5.775972847862169,0.06038754299013149,0.010454956174609169,22,1,70981aa89ddbadceca42f354c3c51d05bf6dbf0c,f663379d77883542412d60804de6dc0c77beb1866344a59e0828131f39005040,796f04e7970972175a660a521caff47c83e0295f,122eacff868aa8f656ad6360716c1816f453979f,347d61f17793d636653b614ec2104baa61ac7a4b,ff6e4f0130e8f5d7629695d163db4ba4a2acb3a0c59737e7f82ebe2f52e48e7a,61cf0d498442916f91c767e09875aa06547376fc9568ebd872ad507f1609a74b
8,tongue,4,tongue,different_subject_same_class,5.767280561224965,5.814451274495475,0.04717071327051059,0.008112668082269488,23,1,70981aa89ddbadceca42f354c3c51d05bf6dbf0c,f663379d77883542412d60804de6dc0c77beb1866344a59e0828131f39005040,796f04e7970972175a660a521caff47c83e0295f,122eacff868aa8f656ad6360716c1816f453979f,347d61f17793d636653b614ec2104baa61ac7a4b,ff6e4f0130e8f5d7629695d163db4ba4a2acb3a0c59737e7f82ebe2f52e48e7a,61cf0d498442916f91c767e09875aa06547376fc9568ebd872ad507f1609a74b
8,tongue,5,left_hand,different_subject_different_class,8.65176631282514,8.654743012882523,0.0029767000573830416,0.0003439385840749107,28,1,70981aa89ddbadceca42f354c3c51d05bf6dbf0c,f663379d77883542412d60804de6dc0c77beb1866344a59e0828131f39005040,796f04e7970972175a660a521caff47c83e0295f,122eacff868aa8f656ad6360716c1816f453979f,347d61f17793d636653b614ec2104baa61ac7a4b,ff6e4f0130e8f5d7629695d163db4ba4a2acb3a0c59737e7f82ebe2f52e48e7a,61cf0d498442916f91c767e09875aa06547376fc9568ebd872ad507f1609a74b
8,tongue,5,right_hand,different_subject_different_class,8.687108399596042,8.6893842499266,0.0022758503305588818,0.0002619115768275647,43,1,70981aa89ddbadceca42f354c3c51d05bf6dbf0c,f663379d77883542412d60804de6dc0c77beb1866344a59e0828131f39005040,796f04e7970972175a660a521caff47c83e0295f,122eacff868aa8f656ad6360716c1816f453979f,347d61f17793d636653b614ec2104baa61ac7a4b,ff6e4f0130e8f5d7629695d163db4ba4a2acb3a0c59737e7f82ebe2f52e48e7a,61cf0d498442916f91c767e09875aa06547376fc9568ebd872ad507f1609a74b
8,tongue,5,feet,different_subject_different_class,8.578436729485993,8.57506680991735,-0.003369919568642743,-0.0003929904738171041,95,1,70981aa89ddbadceca42f354c3c51d05bf6dbf0c,f663379d77883542412d60804de6dc0c77beb1866344a59e0828131f39005040,796f04e7970972175a660a521caff47c83e0295f,122eacff868aa8f656ad6360716c1816f453979f,347d61f17793d636653b614ec2104baa61ac7a4b,ff6e4f0130e8f5d7629695d163db4ba4a2acb3a0c59737e7f82ebe2f52e48e7a,61cf0d498442916f91c767e09875aa06547376fc9568ebd872ad507f1609a74b
8,tongue,5,tongue,different_subject_same_class,8.604478396381314,8.611112637019804,0.006634240638490496,0.0007704278085934459,16,1,70981aa89ddbadceca42f354c3c51d05bf6dbf0c,f663379d77883542412d60804de6dc0c77beb1866344a59e0828131f39005040,796f04e7970972175a660a521caff47c83e0295f,122eacff868aa8f656ad6360716c1816f453979f,347d61f17793d636653b614ec2104baa61ac7a4b,ff6e4f0130e8f5d7629695d163db4ba4a2acb3a0c59737e7f82ebe2f52e48e7a,61cf0d498442916f91c767e09875aa06547376fc9568ebd872ad507f1609a74b
8,tongue,6,left_hand,different_subject_different_class,3.7480017665444776,3.7782567148135273,0.03025494826904973,0.008007647587954579,10,1,70981aa89ddbadceca42f354c3c51d05bf6dbf0c,f663379d77883542412d60804de6dc0c77beb1866344a59e0828131f39005040,796f04e7970972175a660a521caff47c83e0295f,122eacff868aa8f656ad6360716c1816f453979f,347d61f17793d636653b614ec2104baa61ac7a4b,ff6e4f0130e8f5d7629695d163db4ba4a2acb3a0c59737e7f82ebe2f52e48e7a,61cf0d498442916f91c767e09875aa06547376fc9568ebd872ad507f1609a74b
8,tongue,6,right_hand,different_subject_different_class,3.587975657600771,3.599358247497712,0.011382589896941298,0.0031623942698269943,17,1,70981aa89ddbadceca42f354c3c51d05bf6dbf0c,f663379d77883542412d60804de6dc0c77beb1866344a59e0828131f39005040,796f04e7970972175a660a521caff47c83e0295f,122eacff868aa8f656ad6360716c1816f453979f,347d61f17793d636653b614ec2104baa61ac7a4b,ff6e4f0130e8f5d7629695d163db4ba4a2acb3a0c59737e7f82ebe2f52e48e7a,61cf0d498442916f91c767e09875aa06547376fc9568ebd872ad507f1609a74b
8,tongue,6,feet,different_subject_different_class,3.177314471862267,3.270947736651909,0.09363326478964185,0.028625729399603124,8,1,70981aa89ddbadceca42f354c3c51d05bf6dbf0c,f663379d77883542412d60804de6dc0c77beb1866344a59e0828131f39005040,796f04e7970972175a660a521caff47c83e0295f,122eacff868aa8f656ad6360716c1816f453979f,347d61f17793d636653b614ec2104baa61ac7a4b,ff6e4f0130e8f5d7629695d163db4ba4a2acb3a0c59737e7f82ebe2f52e48e7a,61cf0d498442916f91c767e09875aa06547376fc9568ebd872ad507f1609a74b
8,tongue,6,tongue,different_subject_same_class,3.602243547945455,3.6363006194379754,0.034057071492520574,0.009365856967509033,5,1,70981aa89ddbadceca42f354c3c51d05bf6dbf0c,f663379d77883542412d60804de6dc0c77beb1866344a59e0828131f39005040,796f04e7970972175a660a521caff47c83e0295f,122eacff868aa8f656ad6360716c1816f453979f,347d61f17793d636653b614ec2104baa61ac7a4b,ff6e4f0130e8f5d7629695d163db4ba4a2acb3a0c59737e7f82ebe2f52e48e7a,61cf0d498442916f91c767e09875aa06547376fc9568ebd872ad507f1609a74b
8,tongue,7,left_hand,different_subject_different_class,5.877730170113257,5.882821588220001,0.005091418106743184,0.0008654721259843143,21,1,70981aa89ddbadceca42f354c3c51d05bf6dbf0c,f663379d77883542412d60804de6dc0c77beb1866344a59e0828131f39005040,796f04e7970972175a660a521caff47c83e0295f,122eacff868aa8f656ad6360716c1816f453979f,347d61f17793d636653b614ec2104baa61ac7a4b,ff6e4f0130e8f5d7629695d163db4ba4a2acb3a0c59737e7f82ebe2f52e48e7a,61cf0d498442916f91c767e09875aa06547376fc9568ebd872ad507f1609a74b
8,tongue,7,right_hand,different_subject_different_class,5.819727119651365,5.826211640480722,0.00648452082935691,0.0011129909501231012,29,1,70981aa89ddbadceca42f354c3c51d05bf6dbf0c,f663379d77883542412d60804de6dc0c77beb1866344a59e0828131f39005040,796f04e7970972175a660a521caff47c83e0295f,122eacff868aa8f656ad6360716c1816f453979f,347d61f17793d636653b614ec2104baa61ac7a4b,ff6e4f0130e8f5d7629695d163db4ba4a2acb3a0c59737e7f82ebe2f52e48e7a,61cf0d498442916f91c767e09875aa06547376fc9568ebd872ad507f1609a74b
8,tongue,7,feet,different_subject_different_class,5.560360225762856,5.585530733628478,0.025170507865622582,0.004506377113651882,8,1,70981aa89ddbadceca42f354c3c51d05bf6dbf0c,f663379d77883542412d60804de6dc0c77beb1866344a59e0828131f39005040,796f04e7970972175a660a521caff47c83e0295f,122eacff868aa8f656ad6360716c1816f453979f,347d61f17793d636653b614ec2104baa61ac7a4b,ff6e4f0130e8f5d7629695d163db4ba4a2acb3a0c59737e7f82ebe2f52e48e7a,61cf0d498442916f91c767e09875aa06547376fc9568ebd872ad507f1609a74b
8,tongue,7,tongue,different_subject_same_class,4.84458952098991,4.891660398646586,0.04707087765667595,0.009622678972092874,10,1,70981aa89ddbadceca42f354c3c51d05bf6dbf0c,f663379d77883542412d60804de6dc0c77beb1866344a59e0828131f39005040,796f04e7970972175a660a521caff47c83e0295f,122eacff868aa8f656ad6360716c1816f453979f,347d61f17793d636653b614ec2104baa61ac7a4b,ff6e4f0130e8f5d7629695d163db4ba4a2acb3a0c59737e7f82ebe2f52e48e7a,61cf0d498442916f91c767e09875aa06547376fc9568ebd872ad507f1609a74b
8,tongue,8,left_hand,same_subject_different_class,2.6822914337259407,2.6974922492120594,0.015200815486118735,0.005635165584093489,39,1,70981aa89ddbadceca42f354c3c51d05bf6dbf0c,f663379d77883542412d60804de6dc0c77beb1866344a59e0828131f39005040,796f04e7970972175a660a521caff47c83e0295f,122eacff868aa8f656ad6360716c1816f453979f,347d61f17793d636653b614ec2104baa61ac7a4b,ff6e4f0130e8f5d7629695d163db4ba4a2acb3a0c59737e7f82ebe2f52e48e7a,61cf0d498442916f91c767e09875aa06547376fc9568ebd872ad507f1609a74b
8,tongue,8,right_hand,same_subject_different_class,2.240287876910566,2.3367990216815273,0.09651114477096145,0.04130057564878361,8,1,70981aa89ddbadceca42f354c3c51d05bf6dbf0c,f663379d77883542412d60804de6dc0c77beb1866344a59e0828131f39005040,796f04e7970972175a660a521caff47c83e0295f,122eacff868aa8f656ad6360716c1816f453979f,347d61f17793d636653b614ec2104baa61ac7a4b,ff6e4f0130e8f5d7629695d163db4ba4a2acb3a0c59737e7f82ebe2f52e48e7a,61cf0d498442916f91c767e09875aa06547376fc9568ebd872ad507f1609a74b
8,tongue,8,feet,same_subject_different_class,2.2288724384355683,2.2926101636212697,0.06373772518570142,0.027801379491847463,3,1,70981aa89ddbadceca42f354c3c51d05bf6dbf0c,f663379d77883542412d60804de6dc0c77beb1866344a59e0828131f39005040,796f04e7970972175a660a521caff47c83e0295f,122eacff868aa8f656ad6360716c1816f453979f,347d61f17793d636653b614ec2104baa61ac7a4b,ff6e4f0130e8f5d7629695d163db4ba4a2acb3a0c59737e7f82ebe2f52e48e7a,61cf0d498442916f91c767e09875aa06547376fc9568ebd872ad507f1609a74b
8,tongue,8,tongue,same_subject_same_class,1.3514459600026612,1.5549892277443704,0.20354326774170928,0.13089689890454367,1,1,70981aa89ddbadceca42f354c3c51d05bf6dbf0c,f663379d77883542412d60804de6dc0c77beb1866344a59e0828131f39005040,796f04e7970972175a660a521caff47c83e0295f,122eacff868aa8f656ad6360716c1816f453979f,347d61f17793d636653b614ec2104baa61ac7a4b,ff6e4f0130e8f5d7629695d163db4ba4a2acb3a0c59737e7f82ebe2f52e48e7a,61cf0d498442916f91c767e09875aa06547376fc9568ebd872ad507f1609a74b
8,tongue,9,left_hand,different_subject_different_class,3.014463014285822,2.8701328311639287,-0.14433018312189327,-0.050286934999925724,110,1,70981aa89ddbadceca42f354c3c51d05bf6dbf0c,f663379d77883542412d60804de6dc0c77beb1866344a59e0828131f39005040,796f04e7970972175a660a521caff47c83e0295f,122eacff868aa8f656ad6360716c1816f453979f,347d61f17793d636653b614ec2104baa61ac7a4b,ff6e4f0130e8f5d7629695d163db4ba4a2acb3a0c59737e7f82ebe2f52e48e7a,61cf0d498442916f91c767e09875aa06547376fc9568ebd872ad507f1609a74b
8,tongue,9,right_hand,different_subject_different_class,2.0564869880920225,2.080703747538461,0.02421675944643864,0.011638734959307801,15,1,70981aa89ddbadceca42f354c3c51d05bf6dbf0c,f663379d77883542412d60804de6dc0c77beb1866344a59e0828131f39005040,796f04e7970972175a660a521caff47c83e0295f,122eacff868aa8f656ad6360716c1816f453979f,347d61f17793d636653b614ec2104baa61ac7a4b,ff6e4f0130e8f5d7629695d163db4ba4a2acb3a0c59737e7f82ebe2f52e48e7a,61cf0d498442916f91c767e09875aa06547376fc9568ebd872ad507f1609a74b
8,tongue,9,feet,different_subject_different_class,2.3216257227039407,2.3014560490195066,-0.02016967368443412,-0.008763875240210231,92,1,70981aa89ddbadceca42f354c3c51d05bf6dbf0c,f663379d77883542412d60804de6dc0c77beb1866344a59e0828131f39005040,796f04e7970972175a660a521caff47c83e0295f,122eacff868aa8f656ad6360716c1816f453979f,347d61f17793d636653b614ec2104baa61ac7a4b,ff6e4f0130e8f5d7629695d163db4ba4a2acb3a0c59737e7f82ebe2f52e48e7a,61cf0d498442916f91c767e09875aa06547376fc9568ebd872ad507f1609a74b
8,tongue,9,tongue,different_subject_same_class,2.9487255116186786,3.002268226412801,0.053542714794122315,0.017834087681798085,17,1,70981aa89ddbadceca42f354c3c51d05bf6dbf0c,f663379d77883542412d60804de6dc0c77beb1866344a59e0828131f39005040,796f04e7970972175a660a521caff47c83e0295f,122eacff868aa8f656ad6360716c1816f453979f,347d61f17793d636653b614ec2104baa61ac7a4b,ff6e4f0130e8f5d7629695d163db4ba4a2acb3a0c59737e7f82ebe2f52e48e7a,61cf0d498442916f91c767e09875aa06547376fc9568ebd872ad507f1609a74b
9,left_hand,1,left_hand,different_subject_same_class,5.593229453031953,5.642586147537148,0.04935669450519509,0.008747176066906498,35,1,70981aa89ddbadceca42f354c3c51d05bf6dbf0c,f663379d77883542412d60804de6dc0c77beb1866344a59e0828131f39005040,796f04e7970972175a660a521caff47c83e0295f,122eacff868aa8f656ad6360716c1816f453979f,347d61f17793d636653b614ec2104baa61ac7a4b,ff6e4f0130e8f5d7629695d163db4ba4a2acb3a0c59737e7f82ebe2f52e48e7a,61cf0d498442916f91c767e09875aa06547376fc9568ebd872ad507f1609a74b
9,left_hand,1,right_hand,different_subject_different_class,5.767600515121344,5.806192820518852,0.038592305397508575,0.006646748840500942,38,1,70981aa89ddbadceca42f354c3c51d05bf6dbf0c,f663379d77883542412d60804de6dc0c77beb1866344a59e0828131f39005040,796f04e7970972175a660a521caff47c83e0295f,122eacff868aa8f656ad6360716c1816f453979f,347d61f17793d636653b614ec2104baa61ac7a4b,ff6e4f0130e8f5d7629695d163db4ba4a2acb3a0c59737e7f82ebe2f52e48e7a,61cf0d498442916f91c767e09875aa06547376fc9568ebd872ad507f1609a74b
9,left_hand,1,feet,different_subject_different_class,4.447891239051288,4.337051424880643,-0.11083981417064503,-0.02555649064587593,114,1,70981aa89ddbadceca42f354c3c51d05bf6dbf0c,f663379d77883542412d60804de6dc0c77beb1866344a59e0828131f39005040,796f04e7970972175a660a521caff47c83e0295f,122eacff868aa8f656ad6360716c1816f453979f,347d61f17793d636653b614ec2104baa61ac7a4b,ff6e4f0130e8f5d7629695d163db4ba4a2acb3a0c59737e7f82ebe2f52e48e7a,61cf0d498442916f91c767e09875aa06547376fc9568ebd872ad507f1609a74b
9,left_hand,1,tongue,different_subject_different_class,4.259059430991797,4.142127691267259,-0.11693173972453774,-0.028229873253560463,103,1,70981aa89ddbadceca42f354c3c51d05bf6dbf0c,f663379d77883542412d60804de6dc0c77beb1866344a59e0828131f39005040,796f04e7970972175a660a521caff47c83e0295f,122eacff868aa8f656ad6360716c1816f453979f,347d61f17793d636653b614ec2104baa61ac7a4b,ff6e4f0130e8f5d7629695d163db4ba4a2acb3a0c59737e7f82ebe2f52e48e7a,61cf0d498442916f91c767e09875aa06547376fc9568ebd872ad507f1609a74b
9,left_hand,2,left_hand,different_subject_same_class,4.42470299796896,4.359332918983949,-0.06537007898501113,-0.014995431686425833,89,1,70981aa89ddbadceca42f354c3c51d05bf6dbf0c,f663379d77883542412d60804de6dc0c77beb1866344a59e0828131f39005040,796f04e7970972175a660a521caff47c83e0295f,122eacff868aa8f656ad6360716c1816f453979f,347d61f17793d636653b614ec2104baa61ac7a4b,ff6e4f0130e8f5d7629695d163db4ba4a2acb3a0c59737e7f82ebe2f52e48e7a,61cf0d498442916f91c767e09875aa06547376fc9568ebd872ad507f1609a74b
9,left_hand,2,right_hand,different_subject_different_class,4.738042155055907,4.657264949052269,-0.08077720600363758,-0.017344344134871553,93,1,70981aa89ddbadceca42f354c3c51d05bf6dbf0c,f663379d77883542412d60804de6dc0c77beb1866344a59e0828131f39005040,796f04e7970972175a660a521caff47c83e0295f,122eacff868aa8f656ad6360716c1816f453979f,347d61f17793d636653b614ec2104baa61ac7a4b,ff6e4f0130e8f5d7629695d163db4ba4a2acb3a0c59737e7f82ebe2f52e48e7a,61cf0d498442916f91c767e09875aa06547376fc9568ebd872ad507f1609a74b
9,left_hand,2,feet,different_subject_different_class,4.606863619707137,4.490911108774745,-0.11595251093239156,-0.025819373424210767,104,1,70981aa89ddbadceca42f354c3c51d05bf6dbf0c,f663379d77883542412d60804de6dc0c77beb1866344a59e0828131f39005040,796f04e7970972175a660a521caff47c83e0295f,122eacff868aa8f656ad6360716c1816f453979f,347d61f17793d636653b614ec2104baa61ac7a4b,ff6e4f0130e8f5d7629695d163db4ba4a2acb3a0c59737e7f82ebe2f52e48e7a,61cf0d498442916f91c767e09875aa06547376fc9568ebd872ad507f1609a74b
9,left_hand,2,tongue,different_subject_different_class,4.928158129064675,4.853875002745544,-0.07428312631913148,-0.015303881182995855,91,1,70981aa89ddbadceca42f354c3c51d05bf6dbf0c,f663379d77883542412d60804de6dc0c77beb1866344a59e0828131f39005040,796f04e7970972175a660a521caff47c83e0295f,122eacff868aa8f656ad6360716c1816f453979f,347d61f17793d636653b614ec2104baa61ac7a4b,ff6e4f0130e8f5d7629695d163db4ba4a2acb3a0c59737e7f82ebe2f52e48e7a,61cf0d498442916f91c767e09875aa06547376fc9568ebd872ad507f1609a74b
9,left_hand,3,left_hand,different_subject_same_class,4.1494688272909315,4.234785483371925,0.0853166560809937,0.02014662995705293,10,1,70981aa89ddbadceca42f354c3c51d05bf6dbf0c,f663379d77883542412d60804de6dc0c77beb1866344a59e0828131f39005040,796f04e7970972175a660a521caff47c83e0295f,122eacff868aa8f656ad6360716c1816f453979f,347d61f17793d636653b614ec2104baa61ac7a4b,ff6e4f0130e8f5d7629695d163db4ba4a2acb3a0c59737e7f82ebe2f52e48e7a,61cf0d498442916f91c767e09875aa06547376fc9568ebd872ad507f1609a74b
9,left_hand,3,right_hand,different_subject_different_class,4.002003620176423,4.111416896682923,0.10941327650649946,0.02661206081892929,1,1,70981aa89ddbadceca42f354c3c51d05bf6dbf0c,f663379d77883542412d60804de6dc0c77beb1866344a59e0828131f39005040,796f04e7970972175a660a521caff47c83e0295f,122eacff868aa8f656ad6360716c1816f453979f,347d61f17793d636653b614ec2104baa61ac7a4b,ff6e4f0130e8f5d7629695d163db4ba4a2acb3a0c59737e7f82ebe2f52e48e7a,61cf0d498442916f91c767e09875aa06547376fc9568ebd872ad507f1609a74b
9,left_hand,3,feet,different_subject_different_class,3.522013184586055,3.4754469618118993,-0.046566222774155897,-0.013398628517662353,66,1,70981aa89ddbadceca42f354c3c51d05bf6dbf0c,f663379d77883542412d60804de6dc0c77beb1866344a59e0828131f39005040,796f04e7970972175a660a521caff47c83e0295f,122eacff868aa8f656ad6360716c1816f453979f,347d61f17793d636653b614ec2104baa61ac7a4b,ff6e4f0130e8f5d7629695d163db4ba4a2acb3a0c59737e7f82ebe2f52e48e7a,61cf0d498442916f91c767e09875aa06547376fc9568ebd872ad507f1609a74b
9,left_hand,3,tongue,different_subject_different_class,3.093636666501769,2.9787726429937296,-0.11486402350803937,-0.03856085618961459,85,1,70981aa89ddbadceca42f354c3c51d05bf6dbf0c,f663379d77883542412d60804de6dc0c77beb1866344a59e0828131f39005040,796f04e7970972175a660a521caff47c83e0295f,122eacff868aa8f656ad6360716c1816f453979f,347d61f17793d636653b614ec2104baa61ac7a4b,ff6e4f0130e8f5d7629695d163db4ba4a2acb3a0c59737e7f82ebe2f52e48e7a,61cf0d498442916f91c767e09875aa06547376fc9568ebd872ad507f1609a74b
9,left_hand,4,left_hand,different_subject_same_class,6.155604200597013,6.169828089139987,0.01422388854297374,0.0023053946297159162,23,1,70981aa89ddbadceca42f354c3c51d05bf6dbf0c,f663379d77883542412d60804de6dc0c77beb1866344a59e0828131f39005040,796f04e7970972175a660a521caff47c83e0295f,122eacff868aa8f656ad6360716c1816f453979f,347d61f17793d636653b614ec2104baa61ac7a4b,ff6e4f0130e8f5d7629695d163db4ba4a2acb3a0c59737e7f82ebe2f52e48e7a,61cf0d498442916f91c767e09875aa06547376fc9568ebd872ad507f1609a74b
9,left_hand,4,right_hand,different_subject_different_class,6.088938040552766,6.058653875164441,-0.030284165388325235,-0.004998497358046102,78,1,70981aa89ddbadceca42f354c3c51d05bf6dbf0c,f663379d77883542412d60804de6dc0c77beb1866344a59e0828131f39005040,796f04e7970972175a660a521caff47c83e0295f,122eacff868aa8f656ad6360716c1816f453979f,347d61f17793d636653b614ec2104baa61ac7a4b,ff6e4f0130e8f5d7629695d163db4ba4a2acb3a0c59737e7f82ebe2f52e48e7a,61cf0d498442916f91c767e09875aa06547376fc9568ebd872ad507f1609a74b
9,left_hand,4,feet,different_subject_different_class,5.107147646887918,5.038528810731753,-0.0686188361561646,-0.01361882381420758,90,1,70981aa89ddbadceca42f354c3c51d05bf6dbf0c,f663379d77883542412d60804de6dc0c77beb1866344a59e0828131f39005040,796f04e7970972175a660a521caff47c83e0295f,122eacff868aa8f656ad6360716c1816f453979f,347d61f17793d636653b614ec2104baa61ac7a4b,ff6e4f0130e8f5d7629695d163db4ba4a2acb3a0c59737e7f82ebe2f52e48e7a,61cf0d498442916f91c767e09875aa06547376fc9568ebd872ad507f1609a74b
9,left_hand,4,tongue,different_subject_different_class,5.149426250401489,5.101067157778415,-0.04835909262307414,-0.00948019132610973,75,1,70981aa89ddbadceca42f354c3c51d05bf6dbf0c,f663379d77883542412d60804de6dc0c77beb1866344a59e0828131f39005040,796f04e7970972175a660a521caff47c83e0295f,122eacff868aa8f656ad6360716c1816f453979f,347d61f17793d636653b614ec2104baa61ac7a4b,ff6e4f0130e8f5d7629695d163db4ba4a2acb3a0c59737e7f82ebe2f52e48e7a,61cf0d498442916f91c767e09875aa06547376fc9568ebd872ad507f1609a74b
9,left_hand,5,left_hand,different_subject_same_class,8.013781143577637,8.025147068157416,0.011365924579779474,0.001416288634120833,21,1,70981aa89ddbadceca42f354c3c51d05bf6dbf0c,f663379d77883542412d60804de6dc0c77beb1866344a59e0828131f39005040,796f04e7970972175a660a521caff47c83e0295f,122eacff868aa8f656ad6360716c1816f453979f,347d61f17793d636653b614ec2104baa61ac7a4b,ff6e4f0130e8f5d7629695d163db4ba4a2acb3a0c59737e7f82ebe2f52e48e7a,61cf0d498442916f91c767e09875aa06547376fc9568ebd872ad507f1609a74b
9,left_hand,5,right_hand,different_subject_different_class,8.056256558432576,8.055708159383808,-0.0005483990487675783,-6.807583367189981e-05,62,1,70981aa89ddbadceca42f354c3c51d05bf6dbf0c,f663379d77883542412d60804de6dc0c77beb1866344a59e0828131f39005040,796f04e7970972175a660a521caff47c83e0295f,122eacff868aa8f656ad6360716c1816f453979f,347d61f17793d636653b614ec2104baa61ac7a4b,ff6e4f0130e8f5d7629695d163db4ba4a2acb3a0c59737e7f82ebe2f52e48e7a,61cf0d498442916f91c767e09875aa06547376fc9568ebd872ad507f1609a74b
9,left_hand,5,feet,different_subject_different_class,7.939483820324245,7.945546779948714,0.006062959624468789,0.0007630638636184486,35,1,70981aa89ddbadceca42f354c3c51d05bf6dbf0c,f663379d77883542412d60804de6dc0c77beb1866344a59e0828131f39005040,796f04e7970972175a660a521caff47c83e0295f,122eacff868aa8f656ad6360716c1816f453979f,347d61f17793d636653b614ec2104baa61ac7a4b,ff6e4f0130e8f5d7629695d163db4ba4a2acb3a0c59737e7f82ebe2f52e48e7a,61cf0d498442916f91c767e09875aa06547376fc9568ebd872ad507f1609a74b
9,left_hand,5,tongue,different_subject_different_class,7.983852000871923,7.954390559360373,-0.029461441511549502,-0.0037037961980482073,117,1,70981aa89ddbadceca42f354c3c51d05bf6dbf0c,f663379d77883542412d60804de6dc0c77beb1866344a59e0828131f39005040,796f04e7970972175a660a521caff47c83e0295f,122eacff868aa8f656ad6360716c1816f453979f,347d61f17793d636653b614ec2104baa61ac7a4b,ff6e4f0130e8f5d7629695d163db4ba4a2acb3a0c59737e7f82ebe2f52e48e7a,61cf0d498442916f91c767e09875aa06547376fc9568ebd872ad507f1609a74b
9,left_hand,6,left_hand,different_subject_same_class,3.034749271778723,3.0702917000117234,0.03554242823300058,0.011576238255428585,17,1,70981aa89ddbadceca42f354c3c51d05bf6dbf0c,f663379d77883542412d60804de6dc0c77beb1866344a59e0828131f39005040,796f04e7970972175a660a521caff47c83e0295f,122eacff868aa8f656ad6360716c1816f453979f,347d61f17793d636653b614ec2104baa61ac7a4b,ff6e4f0130e8f5d7629695d163db4ba4a2acb3a0c59737e7f82ebe2f52e48e7a,61cf0d498442916f91c767e09875aa06547376fc9568ebd872ad507f1609a74b
9,left_hand,6,right_hand,different_subject_different_class,2.944409562606493,2.955041213040647,0.01063165043415415,0.003597801068640429,41,1,70981aa89ddbadceca42f354c3c51d05bf6dbf0c,f663379d77883542412d60804de6dc0c77beb1866344a59e0828131f39005040,796f04e7970972175a660a521caff47c83e0295f,122eacff868aa8f656ad6360716c1816f453979f,347d61f17793d636653b614ec2104baa61ac7a4b,ff6e4f0130e8f5d7629695d163db4ba4a2acb3a0c59737e7f82ebe2f52e48e7a,61cf0d498442916f91c767e09875aa06547376fc9568ebd872ad507f1609a74b
9,left_hand,6,feet,different_subject_different_class,2.619938228093034,2.639919490082175,0.019981261989141075,0.007568890666631314,51,1,70981aa89ddbadceca42f354c3c51d05bf6dbf0c,f663379d77883542412d60804de6dc0c77beb1866344a59e0828131f39005040,796f04e7970972175a660a521caff47c83e0295f,122eacff868aa8f656ad6360716c1816f453979f,347d61f17793d636653b614ec2104baa61ac7a4b,ff6e4f0130e8f5d7629695d163db4ba4a2acb3a0c59737e7f82ebe2f52e48e7a,61cf0d498442916f91c767e09875aa06547376fc9568ebd872ad507f1609a74b
9,left_hand,6,tongue,different_subject_different_class,2.9515359789678097,2.9818471868673573,0.030311207899547554,0.010165245232231916,42,1,70981aa89ddbadceca42f354c3c51d05bf6dbf0c,f663379d77883542412d60804de6dc0c77beb1866344a59e0828131f39005040,796f04e7970972175a660a521caff47c83e0295f,122eacff868aa8f656ad6360716c1816f453979f,347d61f17793d636653b614ec2104baa61ac7a4b,ff6e4f0130e8f5d7629695d163db4ba4a2acb3a0c59737e7f82ebe2f52e48e7a,61cf0d498442916f91c767e09875aa06547376fc9568ebd872ad507f1609a74b
9,left_hand,7,left_hand,different_subject_same_class,5.12093702520493,5.152662600841525,0.03172557563659506,0.006157122655656454,16,1,70981aa89ddbadceca42f354c3c51d05bf6dbf0c,f663379d77883542412d60804de6dc0c77beb1866344a59e0828131f39005040,796f04e7970972175a660a521caff47c83e0295f,122eacff868aa8f656ad6360716c1816f453979f,347d61f17793d636653b614ec2104baa61ac7a4b,ff6e4f0130e8f5d7629695d163db4ba4a2acb3a0c59737e7f82ebe2f52e48e7a,61cf0d498442916f91c767e09875aa06547376fc9568ebd872ad507f1609a74b
9,left_hand,7,right_hand,different_subject_different_class,5.072021670051096,5.127109051946823,0.05508738189572693,0.010744335908909448,2,1,70981aa89ddbadceca42f354c3c51d05bf6dbf0c,f663379d77883542412d60804de6dc0c77beb1866344a59e0828131f39005040,796f04e7970972175a660a521caff47c83e0295f,122eacff868aa8f656ad6360716c1816f453979f,347d61f17793d636653b614ec2104baa61ac7a4b,ff6e4f0130e8f5d7629695d163db4ba4a2acb3a0c59737e7f82ebe2f52e48e7a,61cf0d498442916f91c767e09875aa06547376fc9568ebd872ad507f1609a74b
9,left_hand,7,feet,different_subject_different_class,4.792884113343178,4.8225380702143195,0.02965395687114114,0.006149035308667513,18,1,70981aa89ddbadceca42f354c3c51d05bf6dbf0c,f663379d77883542412d60804de6dc0c77beb1866344a59e0828131f39005040,796f04e7970972175a660a521caff47c83e0295f,122eacff868aa8f656ad6360716c1816f453979f,347d61f17793d636653b614ec2104baa61ac7a4b,ff6e4f0130e8f5d7629695d163db4ba4a2acb3a0c59737e7f82ebe2f52e48e7a,61cf0d498442916f91c767e09875aa06547376fc9568ebd872ad507f1609a74b
9,left_hand,7,tongue,different_subject_different_class,4.139947749163066,4.150500399045605,0.010552649882538567,0.002542500630758912,44,1,70981aa89ddbadceca42f354c3c51d05bf6dbf0c,f663379d77883542412d60804de6dc0c77beb1866344a59e0828131f39005040,796f04e7970972175a660a521caff47c83e0295f,122eacff868aa8f656ad6360716c1816f453979f,347d61f17793d636653b614ec2104baa61ac7a4b,ff6e4f0130e8f5d7629695d163db4ba4a2acb3a0c59737e7f82ebe2f52e48e7a,61cf0d498442916f91c767e09875aa06547376fc9568ebd872ad507f1609a74b
9,left_hand,8,left_hand,different_subject_same_class,2.576834808109996,2.6827797167114236,0.10594490860142747,0.03949072223167682,10,1,70981aa89ddbadceca42f354c3c51d05bf6dbf0c,f663379d77883542412d60804de6dc0c77beb1866344a59e0828131f39005040,796f04e7970972175a660a521caff47c83e0295f,122eacff868aa8f656ad6360716c1816f453979f,347d61f17793d636653b614ec2104baa61ac7a4b,ff6e4f0130e8f5d7629695d163db4ba4a2acb3a0c59737e7f82ebe2f52e48e7a,61cf0d498442916f91c767e09875aa06547376fc9568ebd872ad507f1609a74b
9,left_hand,8,right_hand,different_subject_different_class,2.426072982467816,2.5273626118300587,0.10128962936224273,0.04007720494404999,19,1,70981aa89ddbadceca42f354c3c51d05bf6dbf0c,f663379d77883542412d60804de6dc0c77beb1866344a59e0828131f39005040,796f04e7970972175a660a521caff47c83e0295f,122eacff868aa8f656ad6360716c1816f453979f,347d61f17793d636653b614ec2104baa61ac7a4b,ff6e4f0130e8f5d7629695d163db4ba4a2acb3a0c59737e7f82ebe2f52e48e7a,61cf0d498442916f91c767e09875aa06547376fc9568ebd872ad507f1609a74b
9,left_hand,8,feet,different_subject_different_class,2.416180710191241,2.4490165328385745,0.03283582264733331,0.013407758668445733,48,1,70981aa89ddbadceca42f354c3c51d05bf6dbf0c,f663379d77883542412d60804de6dc0c77beb1866344a59e0828131f39005040,796f04e7970972175a660a521caff47c83e0295f,122eacff868aa8f656ad6360716c1816f453979f,347d61f17793d636653b614ec2104baa61ac7a4b,ff6e4f0130e8f5d7629695d163db4ba4a2acb3a0c59737e7f82ebe2f52e48e7a,61cf0d498442916f91c767e09875aa06547376fc9568ebd872ad507f1609a74b
9,left_hand,8,tongue,different_subject_different_class,2.364125923947898,2.197903669339386,-0.16622225460851192,-0.07562763415308034,109,1,70981aa89ddbadceca42f354c3c51d05bf6dbf0c,f663379d77883542412d60804de6dc0c77beb1866344a59e0828131f39005040,796f04e7970972175a660a521caff47c83e0295f,122eacff868aa8f656ad6360716c1816f453979f,347d61f17793d636653b614ec2104baa61ac7a4b,ff6e4f0130e8f5d7629695d163db4ba4a2acb3a0c59737e7f82ebe2f52e48e7a,61cf0d498442916f91c767e09875aa06547376fc9568ebd872ad507f1609a74b
9,left_hand,9,left_hand,same_subject_same_class,1.7268712034819227,2.516538812019067,0.7896676085371441,0.3137911502757944,10,1,70981aa89ddbadceca42f354c3c51d05bf6dbf0c,f663379d77883542412d60804de6dc0c77beb1866344a59e0828131f39005040,796f04e7970972175a660a521caff47c83e0295f,122eacff868aa8f656ad6360716c1816f453979f,347d61f17793d636653b614ec2104baa61ac7a4b,ff6e4f0130e8f5d7629695d163db4ba4a2acb3a0c59737e7f82ebe2f52e48e7a,61cf0d498442916f91c767e09875aa06547376fc9568ebd872ad507f1609a74b
9,left_hand,9,right_hand,same_subject_different_class,2.256409887033007,2.1652600361166607,-0.09114985091634642,-0.04209649159729627,95,1,70981aa89ddbadceca42f354c3c51d05bf6dbf0c,f663379d77883542412d60804de6dc0c77beb1866344a59e0828131f39005040,796f04e7970972175a660a521caff47c83e0295f,122eacff868aa8f656ad6360716c1816f453979f,347d61f17793d636653b614ec2104baa61ac7a4b,ff6e4f0130e8f5d7629695d163db4ba4a2acb3a0c59737e7f82ebe2f52e48e7a,61cf0d498442916f91c767e09875aa06547376fc9568ebd872ad507f1609a74b
9,left_hand,9,feet,same_subject_different_class,2.42638903272542,2.4263232321129387,-6.580061248140368e-05,-2.7119475101469433e-05,65,1,70981aa89ddbadceca42f354c3c51d05bf6dbf0c,f663379d77883542412d60804de6dc0c77beb1866344a59e0828131f39005040,796f04e7970972175a660a521caff47c83e0295f,122eacff868aa8f656ad6360716c1816f453979f,347d61f17793d636653b614ec2104baa61ac7a4b,ff6e4f0130e8f5d7629695d163db4ba4a2acb3a0c59737e7f82ebe2f52e48e7a,61cf0d498442916f91c767e09875aa06547376fc9568ebd872ad507f1609a74b
9,left_hand,9,tongue,same_subject_different_class,3.544903626702947,3.3917592248269974,-0.15314440187594958,-0.04515190841229627,113,1,70981aa89ddbadceca42f354c3c51d05bf6dbf0c,f663379d77883542412d60804de6dc0c77beb1866344a59e0828131f39005040,796f04e7970972175a660a521caff47c83e0295f,122eacff868aa8f656ad6360716c1816f453979f,347d61f17793d636653b614ec2104baa61ac7a4b,ff6e4f0130e8f5d7629695d163db4ba4a2acb3a0c59737e7f82ebe2f52e48e7a,61cf0d498442916f91c767e09875aa06547376fc9568ebd872ad507f1609a74b
9,right_hand,1,left_hand,different_subject_different_class,5.981548556858748,5.972452670693935,-0.009095886164812939,-0.0015229733354682397,84,1,70981aa89ddbadceca42f354c3c51d05bf6dbf0c,f663379d77883542412d60804de6dc0c77beb1866344a59e0828131f39005040,796f04e7970972175a660a521caff47c83e0295f,122eacff868aa8f656ad6360716c1816f453979f,347d61f17793d636653b614ec2104baa61ac7a4b,ff6e4f0130e8f5d7629695d163db4ba4a2acb3a0c59737e7f82ebe2f52e48e7a,61cf0d498442916f91c767e09875aa06547376fc9568ebd872ad507f1609a74b
9,right_hand,1,right_hand,different_subject_same_class,6.1154729495012665,6.1060335241661985,-0.00943942533506803,-0.0015459177054480747,74,1,70981aa89ddbadceca42f354c3c51d05bf6dbf0c,f663379d77883542412d60804de6dc0c77beb1866344a59e0828131f39005040,796f04e7970972175a660a521caff47c83e0295f,122eacff868aa8f656ad6360716c1816f453979f,347d61f17793d636653b614ec2104baa61ac7a4b,ff6e4f0130e8f5d7629695d163db4ba4a2acb3a0c59737e7f82ebe2f52e48e7a,61cf0d498442916f91c767e09875aa06547376fc9568ebd872ad507f1609a74b
9,right_hand,1,feet,different_subject_different_class,4.598075918153942,4.591477157379741,-0.0065987607742012955,-0.0014371759997967777,79,1,70981aa89ddbadceca42f354c3c51d05bf6dbf0c,f663379d77883542412d60804de6dc0c77beb1866344a59e0828131f39005040,796f04e7970972175a660a521caff47c83e0295f,122eacff868aa8f656ad6360716c1816f453979f,347d61f17793d636653b614ec2104baa61ac7a4b,ff6e4f0130e8f5d7629695d163db4ba4a2acb3a0c59737e7f82ebe2f52e48e7a,61cf0d498442916f91c767e09875aa06547376fc9568ebd872ad507f1609a74b
9,right_hand,1,tongue,different_subject_different_class,4.393080220287056,4.393196681594343,0.00011646130728770743,2.6509468099990057e-05,68,1,70981aa89ddbadceca42f354c3c51d05bf6dbf0c,f663379d77883542412d60804de6dc0c77beb1866344a59e0828131f39005040,796f04e7970972175a660a521caff47c83e0295f,122eacff868aa8f656ad6360716c1816f453979f,347d61f17793d636653b614ec2104baa61ac7a4b,ff6e4f0130e8f5d7629695d163db4ba4a2acb3a0c59737e7f82ebe2f52e48e7a,61cf0d498442916f91c767e09875aa06547376fc9568ebd872ad507f1609a74b
9,right_hand,2,left_hand,different_subject_different_class,4.691450836274277,4.70534390163674,0.013893065362463375,0.0029526142303075258,52,1,70981aa89ddbadceca42f354c3c51d05bf6dbf0c,f663379d77883542412d60804de6dc0c77beb1866344a59e0828131f39005040,796f04e7970972175a660a521caff47c83e0295f,122eacff868aa8f656ad6360716c1816f453979f,347d61f17793d636653b614ec2104baa61ac7a4b,ff6e4f0130e8f5d7629695d163db4ba4a2acb3a0c59737e7f82ebe2f52e48e7a,61cf0d498442916f91c767e09875aa06547376fc9568ebd872ad507f1609a74b
9,right_hand,2,right_hand,different_subject_same_class,4.986278238001498,5.014689541374365,0.02841130337286657,0.00566561561557407,31,1,70981aa89ddbadceca42f354c3c51d05bf6dbf0c,f663379d77883542412d60804de6dc0c77beb1866344a59e0828131f39005040,796f04e7970972175a660a521caff47c83e0295f,122eacff868aa8f656ad6360716c1816f453979f,347d61f17793d636653b614ec2104baa61ac7a4b,ff6e4f0130e8f5d7629695d163db4ba4a2acb3a0c59737e7f82ebe2f52e48e7a,61cf0d498442916f91c767e09875aa06547376fc9568ebd872ad507f1609a74b
9,right_hand,2,feet,different_subject_different_class,4.83233968650576,4.8570955858352205,0.02475589932946054,0.005096852407363843,50,1,70981aa89ddbadceca42f354c3c51d05bf6dbf0c,f663379d77883542412d60804de6dc0c77beb1866344a59e0828131f39005040,796f04e7970972175a660a521caff47c83e0295f,122eacff868aa8f656ad6360716c1816f453979f,347d61f17793d636653b614ec2104baa61ac7a4b,ff6e4f0130e8f5d7629695d163db4ba4a2acb3a0c59737e7f82ebe2f52e48e7a,61cf0d498442916f91c767e09875aa06547376fc9568ebd872ad507f1609a74b
9,right_hand,2,tongue,different_subject_different_class,5.202596070132515,5.22940804321791,0.026811973085395735,0.005127152607677755,40,1,70981aa89ddbadceca42f354c3c51d05bf6dbf0c,f663379d77883542412d60804de6dc0c77beb1866344a59e0828131f39005040,796f04e7970972175a660a521caff47c83e0295f,122eacff868aa8f656ad6360716c1816f453979f,347d61f17793d636653b614ec2104baa61ac7a4b,ff6e4f0130e8f5d7629695d163db4ba4a2acb3a0c59737e7f82ebe2f52e48e7a,61cf0d498442916f91c767e09875aa06547376fc9568ebd872ad507f1609a74b
9,right_hand,3,left_hand,different_subject_different_class,4.507170150506579,4.558572865433696,0.05140271492711701,0.01127605424866377,2,1,70981aa89ddbadceca42f354c3c51d05bf6dbf0c,f663379d77883542412d60804de6dc0c77beb1866344a59e0828131f39005040,796f04e7970972175a660a521caff47c83e0295f,122eacff868aa8f656ad6360716c1816f453979f,347d61f17793d636653b614ec2104baa61ac7a4b,ff6e4f0130e8f5d7629695d163db4ba4a2acb3a0c59737e7f82ebe2f52e48e7a,61cf0d498442916f91c767e09875aa06547376fc9568ebd872ad507f1609a74b
9,right_hand,3,right_hand,different_subject_same_class,4.322233112689246,4.372899185975301,0.0506660732860551,0.011586380369469892,1,1,70981aa89ddbadceca42f354c3c51d05bf6dbf0c,f663379d77883542412d60804de6dc0c77beb1866344a59e0828131f39005040,796f04e7970972175a660a521caff47c83e0295f,122eacff868aa8f656ad6360716c1816f453979f,347d61f17793d636653b614ec2104baa61ac7a4b,ff6e4f0130e8f5d7629695d163db4ba4a2acb3a0c59737e7f82ebe2f52e48e7a,61cf0d498442916f91c767e09875aa06547376fc9568ebd872ad507f1609a74b
9,right_hand,3,feet,different_subject_different_class,3.6737586442444163,3.740841546246247,0.06708290200183065,0.017932569763385215,3,1,70981aa89ddbadceca42f354c3c51d05bf6dbf0c,f663379d77883542412d60804de6dc0c77beb1866344a59e0828131f39005040,796f04e7970972175a660a521caff47c83e0295f,122eacff868aa8f656ad6360716c1816f453979f,347d61f17793d636653b614ec2104baa61ac7a4b,ff6e4f0130e8f5d7629695d163db4ba4a2acb3a0c59737e7f82ebe2f52e48e7a,61cf0d498442916f91c767e09875aa06547376fc9568ebd872ad507f1609a74b
9,right_hand,3,tongue,different_subject_different_class,3.1136682698969396,3.1771980113657445,0.06352974146880497,0.01999552474902129,33,1,70981aa89ddbadceca42f354c3c51d05bf6dbf0c,f663379d77883542412d60804de6dc0c77beb1866344a59e0828131f39005040,796f04e7970972175a660a521caff47c83e0295f,122eacff868aa8f656ad6360716c1816f453979f,347d61f17793d636653b614ec2104baa61ac7a4b,ff6e4f0130e8f5d7629695d163db4ba4a2acb3a0c59737e7f82ebe2f52e48e7a,61cf0d498442916f91c767e09875aa06547376fc9568ebd872ad507f1609a74b
9,right_hand,4,left_hand,different_subject_different_class,6.484671489648966,6.502879517095747,0.018208027446780406,0.00279999458684609,3,1,70981aa89ddbadceca42f354c3c51d05bf6dbf0c,f663379d77883542412d60804de6dc0c77beb1866344a59e0828131f39005040,796f04e7970972175a660a521caff47c83e0295f,122eacff868aa8f656ad6360716c1816f453979f,347d61f17793d636653b614ec2104baa61ac7a4b,ff6e4f0130e8f5d7629695d163db4ba4a2acb3a0c59737e7f82ebe2f52e48e7a,61cf0d498442916f91c767e09875aa06547376fc9568ebd872ad507f1609a74b
9,right_hand,4,right_hand,different_subject_same_class,6.348544497181606,6.382292626890911,0.03374812970930563,0.005287775362588756,5,1,70981aa89ddbadceca42f354c3c51d05bf6dbf0c,f663379d77883542412d60804de6dc0c77beb1866344a59e0828131f39005040,796f04e7970972175a660a521caff47c83e0295f,122eacff868aa8f656ad6360716c1816f453979f,347d61f17793d636653b614ec2104baa61ac7a4b,ff6e4f0130e8f5d7629695d163db4ba4a2acb3a0c59737e7f82ebe2f52e48e7a,61cf0d498442916f91c767e09875aa06547376fc9568ebd872ad507f1609a74b
9,right_hand,4,feet,different_subject_different_class,5.3458082567206695,5.378277350819035,0.0324690940983654,0.006037080645054651,41,1,70981aa89ddbadceca42f354c3c51d05bf6dbf0c,f663379d77883542412d60804de6dc0c77beb1866344a59e0828131f39005040,796f04e7970972175a660a521caff47c83e0295f,122eacff868aa8f656ad6360716c1816f453979f,347d61f17793d636653b614ec2104baa61ac7a4b,ff6e4f0130e8f5d7629695d163db4ba4a2acb3a0c59737e7f82ebe2f52e48e7a,61cf0d498442916f91c767e09875aa06547376fc9568ebd872ad507f1609a74b
9,right_hand,4,tongue,different_subject_different_class,5.3917605533779485,5.415074186986979,0.023313633609030937,0.004305321183790274,35,1,70981aa89ddbadceca42f354c3c51d05bf6dbf0c,f663379d77883542412d60804de6dc0c77beb1866344a59e0828131f39005040,796f04e7970972175a660a521caff47c83e0295f,122eacff868aa8f656ad6360716c1816f453979f,347d61f17793d636653b614ec2104baa61ac7a4b,ff6e4f0130e8f5d7629695d163db4ba4a2acb3a0c59737e7f82ebe2f52e48e7a,61cf0d498442916f91c767e09875aa06547376fc9568ebd872ad507f1609a74b
9,right_hand,5,left_hand,different_subject_different_class,8.405528436695631,8.417964068731028,0.012435632035396438,0.0014772731189943242,1,1,70981aa89ddbadceca42f354c3c51d05bf6dbf0c,f663379d77883542412d60804de6dc0c77beb1866344a59e0828131f39005040,796f04e7970972175a660a521caff47c83e0295f,122eacff868aa8f656ad6360716c1816f453979f,347d61f17793d636653b614ec2104baa61ac7a4b,ff6e4f0130e8f5d7629695d163db4ba4a2acb3a0c59737e7f82ebe2f52e48e7a,61cf0d498442916f91c767e09875aa06547376fc9568ebd872ad507f1609a74b
9,right_hand,5,right_hand,different_subject_same_class,8.438737998466147,8.445986719860997,0.007248721394850222,0.0008582444698621928,7,1,70981aa89ddbadceca42f354c3c51d05bf6dbf0c,f663379d77883542412d60804de6dc0c77beb1866344a59e0828131f39005040,796f04e7970972175a660a521caff47c83e0295f,122eacff868aa8f656ad6360716c1816f453979f,347d61f17793d636653b614ec2104baa61ac7a4b,ff6e4f0130e8f5d7629695d163db4ba4a2acb3a0c59737e7f82ebe2f52e48e7a,61cf0d498442916f91c767e09875aa06547376fc9568ebd872ad507f1609a74b
9,right_hand,5,feet,different_subject_different_class,8.329592975779276,8.333788464304014,0.004195488524738167,0.0005034311277168406,20,1,70981aa89ddbadceca42f354c3c51d05bf6dbf0c,f663379d77883542412d60804de6dc0c77beb1866344a59e0828131f39005040,796f04e7970972175a660a521caff47c83e0295f,122eacff868aa8f656ad6360716c1816f453979f,347d61f17793d636653b614ec2104baa61ac7a4b,ff6e4f0130e8f5d7629695d163db4ba4a2acb3a0c59737e7f82ebe2f52e48e7a,61cf0d498442916f91c767e09875aa06547376fc9568ebd872ad507f1609a74b
9,right_hand,5,tongue,different_subject_different_class,8.348246110820678,8.349676628367117,0.0014305175464386366,0.0001713261016095652,51,1,70981aa89ddbadceca42f354c3c51d05bf6dbf0c,f663379d77883542412d60804de6dc0c77beb1866344a59e0828131f39005040,796f04e7970972175a660a521caff47c83e0295f,122eacff868aa8f656ad6360716c1816f453979f,347d61f17793d636653b614ec2104baa61ac7a4b,ff6e4f0130e8f5d7629695d163db4ba4a2acb3a0c59737e7f82ebe2f52e48e7a,61cf0d498442916f91c767e09875aa06547376fc9568ebd872ad507f1609a74b
9,right_hand,6,left_hand,different_subject_different_class,3.0974605376861253,3.1370577854950445,0.03959724780891927,0.012622415816503875,4,1,70981aa89ddbadceca42f354c3c51d05bf6dbf0c,f663379d77883542412d60804de6dc0c77beb1866344a59e0828131f39005040,796f04e7970972175a660a521caff47c83e0295f,122eacff868aa8f656ad6360716c1816f453979f,347d61f17793d636653b614ec2104baa61ac7a4b,ff6e4f0130e8f5d7629695d163db4ba4a2acb3a0c59737e7f82ebe2f52e48e7a,61cf0d498442916f91c767e09875aa06547376fc9568ebd872ad507f1609a74b
9,right_hand,6,right_hand,different_subject_same_class,2.945978863515005,2.973337629244601,0.02735876572959617,0.009201365314354452,8,1,70981aa89ddbadceca42f354c3c51d05bf6dbf0c,f663379d77883542412d60804de6dc0c77beb1866344a59e0828131f39005040,796f04e7970972175a660a521caff47c83e0295f,122eacff868aa8f656ad6360716c1816f453979f,347d61f17793d636653b614ec2104baa61ac7a4b,ff6e4f0130e8f5d7629695d163db4ba4a2acb3a0c59737e7f82ebe2f52e48e7a,61cf0d498442916f91c767e09875aa06547376fc9568ebd872ad507f1609a74b
9,right_hand,6,feet,different_subject_different_class,2.4896136166836835,2.631683554193267,0.14206993750958352,0.0539844303404991,6,1,70981aa89ddbadceca42f354c3c51d05bf6dbf0c,f663379d77883542412d60804de6dc0c77beb1866344a59e0828131f39005040,796f04e7970972175a660a521caff47c83e0295f,122eacff868aa8f656ad6360716c1816f453979f,347d61f17793d636653b614ec2104baa61ac7a4b,ff6e4f0130e8f5d7629695d163db4ba4a2acb3a0c59737e7f82ebe2f52e48e7a,61cf0d498442916f91c767e09875aa06547376fc9568ebd872ad507f1609a74b
9,right_hand,6,tongue,different_subject_different_class,2.8904221968277706,2.9628853767186802,0.07246317989090967,0.02445696362751663,2,1,70981aa89ddbadceca42f354c3c51d05bf6dbf0c,f663379d77883542412d60804de6dc0c77beb1866344a59e0828131f39005040,796f04e7970972175a660a521caff47c83e0295f,122eacff868aa8f656ad6360716c1816f453979f,347d61f17793d636653b614ec2104baa61ac7a4b,ff6e4f0130e8f5d7629695d163db4ba4a2acb3a0c59737e7f82ebe2f52e48e7a,61cf0d498442916f91c767e09875aa06547376fc9568ebd872ad507f1609a74b
9,right_hand,7,left_hand,different_subject_different_class,5.469011819703081,5.483141951791141,0.014130132088060243,0.0025770137290435182,5,1,70981aa89ddbadceca42f354c3c51d05bf6dbf0c,f663379d77883542412d60804de6dc0c77beb1866344a59e0828131f39005040,796f04e7970972175a660a521caff47c83e0295f,122eacff868aa8f656ad6360716c1816f453979f,347d61f17793d636653b614ec2104baa61ac7a4b,ff6e4f0130e8f5d7629695d163db4ba4a2acb3a0c59737e7f82ebe2f52e48e7a,61cf0d498442916f91c767e09875aa06547376fc9568ebd872ad507f1609a74b
9,right_hand,7,right_hand,different_subject_same_class,5.402994044433988,5.420643193987988,0.017649149554000765,0.0032559142748180437,2,1,70981aa89ddbadceca42f354c3c51d05bf6dbf0c,f663379d77883542412d60804de6dc0c77beb1866344a59e0828131f39005040,796f04e7970972175a660a521caff47c83e0295f,122eacff868aa8f656ad6360716c1816f453979f,347d61f17793d636653b614ec2104baa61ac7a4b,ff6e4f0130e8f5d7629695d163db4ba4a2acb3a0c59737e7f82ebe2f52e48e7a,61cf0d498442916f91c767e09875aa06547376fc9568ebd872ad507f1609a74b
9,right_hand,7,feet,different_subject_different_class,5.072535130070187,5.095772439873704,0.023237309803517014,0.004560115287269959,7,1,70981aa89ddbadceca42f354c3c51d05bf6dbf0c,f663379d77883542412d60804de6dc0c77beb1866344a59e0828131f39005040,796f04e7970972175a660a521caff47c83e0295f,122eacff868aa8f656ad6360716c1816f453979f,347d61f17793d636653b614ec2104baa61ac7a4b,ff6e4f0130e8f5d7629695d163db4ba4a2acb3a0c59737e7f82ebe2f52e48e7a,61cf0d498442916f91c767e09875aa06547376fc9568ebd872ad507f1609a74b
9,right_hand,7,tongue,different_subject_different_class,4.376282573515164,4.426725954561666,0.05044338104650237,0.011395189484120044,6,1,70981aa89ddbadceca42f354c3c51d05bf6dbf0c,f663379d77883542412d60804de6dc0c77beb1866344a59e0828131f39005040,796f04e7970972175a660a521caff47c83e0295f,122eacff868aa8f656ad6360716c1816f453979f,347d61f17793d636653b614ec2104baa61ac7a4b,ff6e4f0130e8f5d7629695d163db4ba4a2acb3a0c59737e7f82ebe2f52e48e7a,61cf0d498442916f91c767e09875aa06547376fc9568ebd872ad507f1609a74b
9,right_hand,8,left_hand,different_subject_different_class,2.7827895615980616,2.818582125306076,0.03579256370801431,0.01269878333033405,8,1,70981aa89ddbadceca42f354c3c51d05bf6dbf0c,f663379d77883542412d60804de6dc0c77beb1866344a59e0828131f39005040,796f04e7970972175a660a521caff47c83e0295f,122eacff868aa8f656ad6360716c1816f453979f,347d61f17793d636653b614ec2104baa61ac7a4b,ff6e4f0130e8f5d7629695d163db4ba4a2acb3a0c59737e7f82ebe2f52e48e7a,61cf0d498442916f91c767e09875aa06547376fc9568ebd872ad507f1609a74b
9,right_hand,8,right_hand,different_subject_same_class,2.374229679102945,2.4907465933028323,0.11651691419988719,0.046779915111870525,2,1,70981aa89ddbadceca42f354c3c51d05bf6dbf0c,f663379d77883542412d60804de6dc0c77beb1866344a59e0828131f39005040,796f04e7970972175a660a521caff47c83e0295f,122eacff868aa8f656ad6360716c1816f453979f,347d61f17793d636653b614ec2104baa61ac7a4b,ff6e4f0130e8f5d7629695d163db4ba4a2acb3a0c59737e7f82ebe2f52e48e7a,61cf0d498442916f91c767e09875aa06547376fc9568ebd872ad507f1609a74b
9,right_hand,8,feet,different_subject_different_class,2.389165915120514,2.4463556483405693,0.057189733220055494,0.02337752209448731,1,1,70981aa89ddbadceca42f354c3c51d05bf6dbf0c,f663379d77883542412d60804de6dc0c77beb1866344a59e0828131f39005040,796f04e7970972175a660a521caff47c83e0295f,122eacff868aa8f656ad6360716c1816f453979f,347d61f17793d636653b614ec2104baa61ac7a4b,ff6e4f0130e8f5d7629695d163db4ba4a2acb3a0c59737e7f82ebe2f52e48e7a,61cf0d498442916f91c767e09875aa06547376fc9568ebd872ad507f1609a74b
9,right_hand,8,tongue,different_subject_different_class,1.9906738890120201,2.044185759150146,0.05351187013812586,0.026177596580250612,36,1,70981aa89ddbadceca42f354c3c51d05bf6dbf0c,f663379d77883542412d60804de6dc0c77beb1866344a59e0828131f39005040,796f04e7970972175a660a521caff47c83e0295f,122eacff868aa8f656ad6360716c1816f453979f,347d61f17793d636653b614ec2104baa61ac7a4b,ff6e4f0130e8f5d7629695d163db4ba4a2acb3a0c59737e7f82ebe2f52e48e7a,61cf0d498442916f91c767e09875aa06547376fc9568ebd872ad507f1609a74b
9,right_hand,9,left_hand,same_subject_different_class,2.3072083938799537,2.316293434325684,0.009085040445730108,0.0039222320933508725,51,1,70981aa89ddbadceca42f354c3c51d05bf6dbf0c,f663379d77883542412d60804de6dc0c77beb1866344a59e0828131f39005040,796f04e7970972175a660a521caff47c83e0295f,122eacff868aa8f656ad6360716c1816f453979f,347d61f17793d636653b614ec2104baa61ac7a4b,ff6e4f0130e8f5d7629695d163db4ba4a2acb3a0c59737e7f82ebe2f52e48e7a,61cf0d498442916f91c767e09875aa06547376fc9568ebd872ad507f1609a74b
9,right_hand,9,right_hand,same_subject_same_class,1.3035313152130525,1.3588458033359299,0.055314488122877314,0.040706964680673655,19,1,70981aa89ddbadceca42f354c3c51d05bf6dbf0c,f663379d77883542412d60804de6dc0c77beb1866344a59e0828131f39005040,796f04e7970972175a660a521caff47c83e0295f,122eacff868aa8f656ad6360716c1816f453979f,347d61f17793d636653b614ec2104baa61ac7a4b,ff6e4f0130e8f5d7629695d163db4ba4a2acb3a0c59737e7f82ebe2f52e48e7a,61cf0d498442916f91c767e09875aa06547376fc9568ebd872ad507f1609a74b
9,right_hand,9,feet,same_subject_different_class,1.7325458817145136,1.7409078881895952,0.008362006475081563,0.004803244635635134,51,1,70981aa89ddbadceca42f354c3c51d05bf6dbf0c,f663379d77883542412d60804de6dc0c77beb1866344a59e0828131f39005040,796f04e7970972175a660a521caff47c83e0295f,122eacff868aa8f656ad6360716c1816f453979f,347d61f17793d636653b614ec2104baa61ac7a4b,ff6e4f0130e8f5d7629695d163db4ba4a2acb3a0c59737e7f82ebe2f52e48e7a,61cf0d498442916f91c767e09875aa06547376fc9568ebd872ad507f1609a74b
9,right_hand,9,tongue,same_subject_different_class,2.7553267816573834,2.7559230066027878,0.0005962249454043445,0.00021634310681970317,65,1,70981aa89ddbadceca42f354c3c51d05bf6dbf0c,f663379d77883542412d60804de6dc0c77beb1866344a59e0828131f39005040,796f04e7970972175a660a521caff47c83e0295f,122eacff868aa8f656ad6360716c1816f453979f,347d61f17793d636653b614ec2104baa61ac7a4b,ff6e4f0130e8f5d7629695d163db4ba4a2acb3a0c59737e7f82ebe2f52e48e7a,61cf0d498442916f91c767e09875aa06547376fc9568ebd872ad507f1609a74b
9,feet,1,left_hand,different_subject_different_class,6.350355866927228,6.356204444344515,0.005848577417286727,0.0009201367684909107,33,1,70981aa89ddbadceca42f354c3c51d05bf6dbf0c,f663379d77883542412d60804de6dc0c77beb1866344a59e0828131f39005040,796f04e7970972175a660a521caff47c83e0295f,122eacff868aa8f656ad6360716c1816f453979f,347d61f17793d636653b614ec2104baa61ac7a4b,ff6e4f0130e8f5d7629695d163db4ba4a2acb3a0c59737e7f82ebe2f52e48e7a,61cf0d498442916f91c767e09875aa06547376fc9568ebd872ad507f1609a74b
9,feet,1,right_hand,different_subject_different_class,6.526663524980793,6.529089181721375,0.0024256567405815943,0.00037151533285414203,48,1,70981aa89ddbadceca42f354c3c51d05bf6dbf0c,f663379d77883542412d60804de6dc0c77beb1866344a59e0828131f39005040,796f04e7970972175a660a521caff47c83e0295f,122eacff868aa8f656ad6360716c1816f453979f,347d61f17793d636653b614ec2104baa61ac7a4b,ff6e4f0130e8f5d7629695d163db4ba4a2acb3a0c59737e7f82ebe2f52e48e7a,61cf0d498442916f91c767e09875aa06547376fc9568ebd872ad507f1609a74b
9,feet,1,feet,different_subject_same_class,4.938350984363945,4.934938046897592,-0.003412937466352517,-0.0006915866894211774,54,1,70981aa89ddbadceca42f354c3c51d05bf6dbf0c,f663379d77883542412d60804de6dc0c77beb1866344a59e0828131f39005040,796f04e7970972175a660a521caff47c83e0295f,122eacff868aa8f656ad6360716c1816f453979f,347d61f17793d636653b614ec2104baa61ac7a4b,ff6e4f0130e8f5d7629695d163db4ba4a2acb3a0c59737e7f82ebe2f52e48e7a,61cf0d498442916f91c767e09875aa06547376fc9568ebd872ad507f1609a74b
9,feet,1,tongue,different_subject_different_class,4.73292452736153,4.728177454299026,-0.004747073062504548,-0.0010039963830436062,86,1,70981aa89ddbadceca42f354c3c51d05bf6dbf0c,f663379d77883542412d60804de6dc0c77beb1866344a59e0828131f39005040,796f04e7970972175a660a521caff47c83e0295f,122eacff868aa8f656ad6360716c1816f453979f,347d61f17793d636653b614ec2104baa61ac7a4b,ff6e4f0130e8f5d7629695d163db4ba4a2acb3a0c59737e7f82ebe2f52e48e7a,61cf0d498442916f91c767e09875aa06547376fc9568ebd872ad507f1609a74b
9,feet,2,left_hand,different_subject_different_class,5.0197128527085,5.014653558915059,-0.005059293793441277,-0.001008901957832532,89,1,70981aa89ddbadceca42f354c3c51d05bf6dbf0c,f663379d77883542412d60804de6dc0c77beb1866344a59e0828131f39005040,796f04e7970972175a660a521caff47c83e0295f,122eacff868aa8f656ad6360716c1816f453979f,347d61f17793d636653b614ec2104baa61ac7a4b,ff6e4f0130e8f5d7629695d163db4ba4a2acb3a0c59737e7f82ebe2f52e48e7a,61cf0d498442916f91c767e09875aa06547376fc9568ebd872ad507f1609a74b
9,feet,2,right_hand,different_subject_different_class,5.349127842807647,5.345094128262533,-0.004033714545114364,-0.0007546573452815052,76,1,70981aa89ddbadceca42f354c3c51d05bf6dbf0c,f663379d77883542412d60804de6dc0c77beb1866344a59e0828131f39005040,796f04e7970972175a660a521caff47c83e0295f,122eacff868aa8f656ad6360716c1816f453979f,347d61f17793d636653b614ec2104baa61ac7a4b,ff6e4f0130e8f5d7629695d163db4ba4a2acb3a0c59737e7f82ebe2f52e48e7a,61cf0d498442916f91c767e09875aa06547376fc9568ebd872ad507f1609a74b
9,feet,2,feet,different_subject_same_class,5.182918918257205,5.177635028889509,-0.005283889367696304,-0.0010205217900091316,86,1,70981aa89ddbadceca42f354c3c51d05bf6dbf0c,f663379d77883542412d60804de6dc0c77beb1866344a59e0828131f39005040,796f04e7970972175a660a521caff47c83e0295f,122eacff868aa8f656ad6360716c1816f453979f,347d61f17793d636653b614ec2104baa61ac7a4b,ff6e4f0130e8f5d7629695d163db4ba4a2acb3a0c59737e7f82ebe2f52e48e7a,61cf0d498442916f91c767e09875aa06547376fc9568ebd872ad507f1609a74b
9,feet,2,tongue,different_subject_different_class,5.56410741441237,5.55977296208051,-0.004334452331860028,-0.0007796095922301911,83,1,70981aa89ddbadceca42f354c3c51d05bf6dbf0c,f663379d77883542412d60804de6dc0c77beb1866344a59e0828131f39005040,796f04e7970972175a660a521caff47c83e0295f,122eacff868aa8f656ad6360716c1816f453979f,347d61f17793d636653b614ec2104baa61ac7a4b,ff6e4f0130e8f5d7629695d163db4ba4a2acb3a0c59737e7f82ebe2f52e48e7a,61cf0d498442916f91c767e09875aa06547376fc9568ebd872ad507f1609a74b
9,feet,3,left_hand,different_subject_different_class,4.846711879224401,4.883176709207172,0.03646482998277101,0.0074674401837674645,1,1,70981aa89ddbadceca42f354c3c51d05bf6dbf0c,f663379d77883542412d60804de6dc0c77beb1866344a59e0828131f39005040,796f04e7970972175a660a521caff47c83e0295f,122eacff868aa8f656ad6360716c1816f453979f,347d61f17793d636653b614ec2104baa61ac7a4b,ff6e4f0130e8f5d7629695d163db4ba4a2acb3a0c59737e7f82ebe2f52e48e7a,61cf0d498442916f91c767e09875aa06547376fc9568ebd872ad507f1609a74b
9,feet,3,right_hand,different_subject_different_class,4.723879476544778,4.75539675538894,0.031517278844162,0.006627686492918975,1,1,70981aa89ddbadceca42f354c3c51d05bf6dbf0c,f663379d77883542412d60804de6dc0c77beb1866344a59e0828131f39005040,796f04e7970972175a660a521caff47c83e0295f,122eacff868aa8f656ad6360716c1816f453979f,347d61f17793d636653b614ec2104baa61ac7a4b,ff6e4f0130e8f5d7629695d163db4ba4a2acb3a0c59737e7f82ebe2f52e48e7a,61cf0d498442916f91c767e09875aa06547376fc9568ebd872ad507f1609a74b
9,feet,3,feet,different_subject_same_class,3.9597405710168534,3.9946988747084604,0.03495830369160702,0.008751173689946361,25,1,70981aa89ddbadceca42f354c3c51d05bf6dbf0c,f663379d77883542412d60804de6dc0c77beb1866344a59e0828131f39005040,796f04e7970972175a660a521caff47c83e0295f,122eacff868aa8f656ad6360716c1816f453979f,347d61f17793d636653b614ec2104baa61ac7a4b,ff6e4f0130e8f5d7629695d163db4ba4a2acb3a0c59737e7f82ebe2f52e48e7a,61cf0d498442916f91c767e09875aa06547376fc9568ebd872ad507f1609a74b
9,feet,3,tongue,different_subject_different_class,3.3878167102879653,3.3988475516794634,0.011030841391498125,0.003245465183058147,47,1,70981aa89ddbadceca42f354c3c51d05bf6dbf0c,f663379d77883542412d60804de6dc0c77beb1866344a59e0828131f39005040,796f04e7970972175a660a521caff47c83e0295f,122eacff868aa8f656ad6360716c1816f453979f,347d61f17793d636653b614ec2104baa61ac7a4b,ff6e4f0130e8f5d7629695d163db4ba4a2acb3a0c59737e7f82ebe2f52e48e7a,61cf0d498442916f91c767e09875aa06547376fc9568ebd872ad507f1609a74b
9,feet,4,left_hand,different_subject_different_class,6.890970422711111,6.902333931018421,0.011363508307310255,0.0016463283899151484,4,1,70981aa89ddbadceca42f354c3c51d05bf6dbf0c,f663379d77883542412d60804de6dc0c77beb1866344a59e0828131f39005040,796f04e7970972175a660a521caff47c83e0295f,122eacff868aa8f656ad6360716c1816f453979f,347d61f17793d636653b614ec2104baa61ac7a4b,ff6e4f0130e8f5d7629695d163db4ba4a2acb3a0c59737e7f82ebe2f52e48e7a,61cf0d498442916f91c767e09875aa06547376fc9568ebd872ad507f1609a74b
9,feet,4,right_hand,different_subject_different_class,6.778408678845403,6.785266641142021,0.006857962296618503,0.0010107137507368827,43,1,70981aa89ddbadceca42f354c3c51d05bf6dbf0c,f663379d77883542412d60804de6dc0c77beb1866344a59e0828131f39005040,796f04e7970972175a660a521caff47c83e0295f,122eacff868aa8f656ad6360716c1816f453979f,347d61f17793d636653b614ec2104baa61ac7a4b,ff6e4f0130e8f5d7629695d163db4ba4a2acb3a0c59737e7f82ebe2f52e48e7a,61cf0d498442916f91c767e09875aa06547376fc9568ebd872ad507f1609a74b
9,feet,4,feet,different_subject_same_class,5.771010488879397,5.769775428937363,-0.0012350599420338781,-0.00021405684800826692,70,1,70981aa89ddbadceca42f354c3c51d05bf6dbf0c,f663379d77883542412d60804de6dc0c77beb1866344a59e0828131f39005040,796f04e7970972175a660a521caff47c83e0295f,122eacff868aa8f656ad6360716c1816f453979f,347d61f17793d636653b614ec2104baa61ac7a4b,ff6e4f0130e8f5d7629695d163db4ba4a2acb3a0c59737e7f82ebe2f52e48e7a,61cf0d498442916f91c767e09875aa06547376fc9568ebd872ad507f1609a74b
9,feet,4,tongue,different_subject_different_class,5.817112582087951,5.813863089029173,-0.0032494930587780857,-0.0005589214966052291,66,1,70981aa89ddbadceca42f354c3c51d05bf6dbf0c,f663379d77883542412d60804de6dc0c77beb1866344a59e0828131f39005040,796f04e7970972175a660a521caff47c83e0295f,122eacff868aa8f656ad6360716c1816f453979f,347d61f17793d636653b614ec2104baa61ac7a4b,ff6e4f0130e8f5d7629695d163db4ba4a2acb3a0c59737e7f82ebe2f52e48e7a,61cf0d498442916f91c767e09875aa06547376fc9568ebd872ad507f1609a74b
9,feet,5,left_hand,different_subject_different_class,8.777546501124394,8.784504088840464,0.006957587716069469,0.0007920296519536205,4,1,70981aa89ddbadceca42f354c3c51d05bf6dbf0c,f663379d77883542412d60804de6dc0c77beb1866344a59e0828131f39005040,796f04e7970972175a660a521caff47c83e0295f,122eacff868aa8f656ad6360716c1816f453979f,347d61f17793d636653b614ec2104baa61ac7a4b,ff6e4f0130e8f5d7629695d163db4ba4a2acb3a0c59737e7f82ebe2f52e48e7a,61cf0d498442916f91c767e09875aa06547376fc9568ebd872ad507f1609a74b
9,feet,5,right_hand,different_subject_different_class,8.816767955726332,8.815746867170759,-0.0010210885555732574,-0.00011582553026513518,76,1,70981aa89ddbadceca42f354c3c51d05bf6dbf0c,f663379d77883542412d60804de6dc0c77beb1866344a59e0828131f39005040,796f04e7970972175a660a521caff47c83e0295f,122eacff868aa8f656ad6360716c1816f453979f,347d61f17793d636653b614ec2104baa61ac7a4b,ff6e4f0130e8f5d7629695d163db4ba4a2acb3a0c59737e7f82ebe2f52e48e7a,61cf0d498442916f91c767e09875aa06547376fc9568ebd872ad507f1609a74b
9,feet,5,feet,different_subject_same_class,8.696658013251007,8.69619231807869,-0.0004656951723163161,-5.355161837304046e-05,66,1,70981aa89ddbadceca42f354c3c51d05bf6dbf0c,f663379d77883542412d60804de6dc0c77beb1866344a59e0828131f39005040,796f04e7970972175a660a521caff47c83e0295f,122eacff868aa8f656ad6360716c1816f453979f,347d61f17793d636653b614ec2104baa61ac7a4b,ff6e4f0130e8f5d7629695d163db4ba4a2acb3a0c59737e7f82ebe2f52e48e7a,61cf0d498442916f91c767e09875aa06547376fc9568ebd872ad507f1609a74b
9,feet,5,tongue,different_subject_different_class,8.719200279819571,8.71489941735441,-0.004300862465161259,-0.0004935068391720896,98,1,70981aa89ddbadceca42f354c3c51d05bf6dbf0c,f663379d77883542412d60804de6dc0c77beb1866344a59e0828131f39005040,796f04e7970972175a660a521caff47c83e0295f,122eacff868aa8f656ad6360716c1816f453979f,347d61f17793d636653b614ec2104baa61ac7a4b,ff6e4f0130e8f5d7629695d163db4ba4a2acb3a0c59737e7f82ebe2f52e48e7a,61cf0d498442916f91c767e09875aa06547376fc9568ebd872ad507f1609a74b
9,feet,6,left_hand,different_subject_different_class,3.3935651629030987,3.425675737534336,0.03211057463123712,0.009373500906524512,9,1,70981aa89ddbadceca42f354c3c51d05bf6dbf0c,f663379d77883542412d60804de6dc0c77beb1866344a59e0828131f39005040,796f04e7970972175a660a521caff47c83e0295f,122eacff868aa8f656ad6360716c1816f453979f,347d61f17793d636653b614ec2104baa61ac7a4b,ff6e4f0130e8f5d7629695d163db4ba4a2acb3a0c59737e7f82ebe2f52e48e7a,61cf0d498442916f91c767e09875aa06547376fc9568ebd872ad507f1609a74b
9,feet,6,right_hand,different_subject_different_class,3.263966966991235,3.274855993964311,0.010889026973075921,0.0033250399385941942,22,1,70981aa89ddbadceca42f354c3c51d05bf6dbf0c,f663379d77883542412d60804de6dc0c77beb1866344a59e0828131f39005040,796f04e7970972175a660a521caff47c83e0295f,122eacff868aa8f656ad6360716c1816f453979f,347d61f17793d636653b614ec2104baa61ac7a4b,ff6e4f0130e8f5d7629695d163db4ba4a2acb3a0c59737e7f82ebe2f52e48e7a,61cf0d498442916f91c767e09875aa06547376fc9568ebd872ad507f1609a74b
9,feet,6,feet,different_subject_same_class,2.760464385101896,2.8425652831326254,0.0821008980307294,0.028882678092884743,15,1,70981aa89ddbadceca42f354c3c51d05bf6dbf0c,f663379d77883542412d60804de6dc0c77beb1866344a59e0828131f39005040,796f04e7970972175a660a521caff47c83e0295f,122eacff868aa8f656ad6360716c1816f453979f,347d61f17793d636653b614ec2104baa61ac7a4b,ff6e4f0130e8f5d7629695d163db4ba4a2acb3a0c59737e7f82ebe2f52e48e7a,61cf0d498442916f91c767e09875aa06547376fc9568ebd872ad507f1609a74b
9,feet,6,tongue,different_subject_different_class,3.1425375550917365,3.188060353234963,0.045522798143226684,0.014279151929176672,2,1,70981aa89ddbadceca42f354c3c51d05bf6dbf0c,f663379d77883542412d60804de6dc0c77beb1866344a59e0828131f39005040,796f04e7970972175a660a521caff47c83e0295f,122eacff868aa8f656ad6360716c1816f453979f,347d61f17793d636653b614ec2104baa61ac7a4b,ff6e4f0130e8f5d7629695d163db4ba4a2acb3a0c59737e7f82ebe2f52e48e7a,61cf0d498442916f91c767e09875aa06547376fc9568ebd872ad507f1609a74b
9,feet,7,left_hand,different_subject_different_class,5.879601460755854,5.88749888844284,0.007897427686986092,0.0013413892446737853,17,1,70981aa89ddbadceca42f354c3c51d05bf6dbf0c,f663379d77883542412d60804de6dc0c77beb1866344a59e0828131f39005040,796f04e7970972175a660a521caff47c83e0295f,122eacff868aa8f656ad6360716c1816f453979f,347d61f17793d636653b614ec2104baa61ac7a4b,ff6e4f0130e8f5d7629695d163db4ba4a2acb3a0c59737e7f82ebe2f52e48e7a,61cf0d498442916f91c767e09875aa06547376fc9568ebd872ad507f1609a74b
9,feet,7,right_hand,different_subject_different_class,5.822718040485704,5.842691169785218,0.019973129299514447,0.0034184810935760403,1,1,70981aa89ddbadceca42f354c3c51d05bf6dbf0c,f663379d77883542412d60804de6dc0c77beb1866344a59e0828131f39005040,796f04e7970972175a660a521caff47c83e0295f,122eacff868aa8f656ad6360716c1816f453979f,347d61f17793d636653b614ec2104baa61ac7a4b,ff6e4f0130e8f5d7629695d163db4ba4a2acb3a0c59737e7f82ebe2f52e48e7a,61cf0d498442916f91c767e09875aa06547376fc9568ebd872ad507f1609a74b
9,feet,7,feet,different_subject_same_class,5.457562809068092,5.485462568940068,0.027899759871975682,0.0050861271080310435,1,1,70981aa89ddbadceca42f354c3c51d05bf6dbf0c,f663379d77883542412d60804de6dc0c77beb1866344a59e0828131f39005040,796f04e7970972175a660a521caff47c83e0295f,122eacff868aa8f656ad6360716c1816f453979f,347d61f17793d636653b614ec2104baa61ac7a4b,ff6e4f0130e8f5d7629695d163db4ba4a2acb3a0c59737e7f82ebe2f52e48e7a,61cf0d498442916f91c767e09875aa06547376fc9568ebd872ad507f1609a74b
9,feet,7,tongue,different_subject_different_class,4.782743104984247,4.810410067480877,0.02766696249662992,0.005751476923695738,29,1,70981aa89ddbadceca42f354c3c51d05bf6dbf0c,f663379d77883542412d60804de6dc0c77beb1866344a59e0828131f39005040,796f04e7970972175a660a521caff47c83e0295f,122eacff868aa8f656ad6360716c1816f453979f,347d61f17793d636653b614ec2104baa61ac7a4b,ff6e4f0130e8f5d7629695d163db4ba4a2acb3a0c59737e7f82ebe2f52e48e7a,61cf0d498442916f91c767e09875aa06547376fc9568ebd872ad507f1609a74b
9,feet,8,left_hand,different_subject_different_class,3.006127659963718,3.0434923652959864,0.03736470533226832,0.012276917714112458,4,1,70981aa89ddbadceca42f354c3c51d05bf6dbf0c,f663379d77883542412d60804de6dc0c77beb1866344a59e0828131f39005040,796f04e7970972175a660a521caff47c83e0295f,122eacff868aa8f656ad6360716c1816f453979f,347d61f17793d636653b614ec2104baa61ac7a4b,ff6e4f0130e8f5d7629695d163db4ba4a2acb3a0c59737e7f82ebe2f52e48e7a,61cf0d498442916f91c767e09875aa06547376fc9568ebd872ad507f1609a74b
9,feet,8,right_hand,different_subject_different_class,2.7378964881554944,2.7791669078384436,0.0412704196829492,0.014849924834146846,2,1,70981aa89ddbadceca42f354c3c51d05bf6dbf0c,f663379d77883542412d60804de6dc0c77beb1866344a59e0828131f39005040,796f04e7970972175a660a521caff47c83e0295f,122eacff868aa8f656ad6360716c1816f453979f,347d61f17793d636653b614ec2104baa61ac7a4b,ff6e4f0130e8f5d7629695d163db4ba4a2acb3a0c59737e7f82ebe2f52e48e7a,61cf0d498442916f91c767e09875aa06547376fc9568ebd872ad507f1609a74b
9,feet,8,feet,different_subject_same_class,2.64030318928834,2.689857359954363,0.04955417066602319,0.018422601660507357,1,1,70981aa89ddbadceca42f354c3c51d05bf6dbf0c,f663379d77883542412d60804de6dc0c77beb1866344a59e0828131f39005040,796f04e7970972175a660a521caff47c83e0295f,122eacff868aa8f656ad6360716c1816f453979f,347d61f17793d636653b614ec2104baa61ac7a4b,ff6e4f0130e8f5d7629695d163db4ba4a2acb3a0c59737e7f82ebe2f52e48e7a,61cf0d498442916f91c767e09875aa06547376fc9568ebd872ad507f1609a74b
9,feet,8,tongue,different_subject_different_class,2.1740810757489535,2.1709533077187038,-0.0031277680302497224,-0.0014407348233281283,62,1,70981aa89ddbadceca42f354c3c51d05bf6dbf0c,f663379d77883542412d60804de6dc0c77beb1866344a59e0828131f39005040,796f04e7970972175a660a521caff47c83e0295f,122eacff868aa8f656ad6360716c1816f453979f,347d61f17793d636653b614ec2104baa61ac7a4b,ff6e4f0130e8f5d7629695d163db4ba4a2acb3a0c59737e7f82ebe2f52e48e7a,61cf0d498442916f91c767e09875aa06547376fc9568ebd872ad507f1609a74b
9,feet,9,left_hand,same_subject_different_class,2.666337048765298,2.7346195868246896,0.06828253805939166,0.0249696661240835,8,1,70981aa89ddbadceca42f354c3c51d05bf6dbf0c,f663379d77883542412d60804de6dc0c77beb1866344a59e0828131f39005040,796f04e7970972175a660a521caff47c83e0295f,122eacff868aa8f656ad6360716c1816f453979f,347d61f17793d636653b614ec2104baa61ac7a4b,ff6e4f0130e8f5d7629695d163db4ba4a2acb3a0c59737e7f82ebe2f52e48e7a,61cf0d498442916f91c767e09875aa06547376fc9568ebd872ad507f1609a74b
9,feet,9,right_hand,same_subject_different_class,1.224807528047604,1.2694004836643065,0.0445929556167024,0.0351291465463905,30,1,70981aa89ddbadceca42f354c3c51d05bf6dbf0c,f663379d77883542412d60804de6dc0c77beb1866344a59e0828131f39005040,796f04e7970972175a660a521caff47c83e0295f,122eacff868aa8f656ad6360716c1816f453979f,347d61f17793d636653b614ec2104baa61ac7a4b,ff6e4f0130e8f5d7629695d163db4ba4a2acb3a0c59737e7f82ebe2f52e48e7a,61cf0d498442916f91c767e09875aa06547376fc9568ebd872ad507f1609a74b
9,feet,9,feet,same_subject_same_class,1.2041490745858887,1.3151450641099696,0.11099598952408085,0.0843982862066991,3,1,70981aa89ddbadceca42f354c3c51d05bf6dbf0c,f663379d77883542412d60804de6dc0c77beb1866344a59e0828131f39005040,796f04e7970972175a660a521caff47c83e0295f,122eacff868aa8f656ad6360716c1816f453979f,347d61f17793d636653b614ec2104baa61ac7a4b,ff6e4f0130e8f5d7629695d163db4ba4a2acb3a0c59737e7f82ebe2f52e48e7a,61cf0d498442916f91c767e09875aa06547376fc9568ebd872ad507f1609a74b
9,feet,9,tongue,same_subject_different_class,2.3669536156554902,2.337589975408306,-0.029363640247184186,-0.012561501613239615,87,1,70981aa89ddbadceca42f354c3c51d05bf6dbf0c,f663379d77883542412d60804de6dc0c77beb1866344a59e0828131f39005040,796f04e7970972175a660a521caff47c83e0295f,122eacff868aa8f656ad6360716c1816f453979f,347d61f17793d636653b614ec2104baa61ac7a4b,ff6e4f0130e8f5d7629695d163db4ba4a2acb3a0c59737e7f82ebe2f52e48e7a,61cf0d498442916f91c767e09875aa06547376fc9568ebd872ad507f1609a74b
9,tongue,1,left_hand,different_subject_different_class,7.721666889087387,7.721523738443802,-0.00014315064358516594,-1.8539170302935125e-05,56,1,70981aa89ddbadceca42f354c3c51d05bf6dbf0c,f663379d77883542412d60804de6dc0c77beb1866344a59e0828131f39005040,796f04e7970972175a660a521caff47c83e0295f,122eacff868aa8f656ad6360716c1816f453979f,347d61f17793d636653b614ec2104baa61ac7a4b,ff6e4f0130e8f5d7629695d163db4ba4a2acb3a0c59737e7f82ebe2f52e48e7a,61cf0d498442916f91c767e09875aa06547376fc9568ebd872ad507f1609a74b
9,tongue,1,right_hand,different_subject_different_class,7.888514392716684,7.882957895751909,-0.00555649696477456,-0.0007048746217164157,78,1,70981aa89ddbadceca42f354c3c51d05bf6dbf0c,f663379d77883542412d60804de6dc0c77beb1866344a59e0828131f39005040,796f04e7970972175a660a521caff47c83e0295f,122eacff868aa8f656ad6360716c1816f453979f,347d61f17793d636653b614ec2104baa61ac7a4b,ff6e4f0130e8f5d7629695d163db4ba4a2acb3a0c59737e7f82ebe2f52e48e7a,61cf0d498442916f91c767e09875aa06547376fc9568ebd872ad507f1609a74b
9,tongue,1,feet,different_subject_different_class,6.250713214538559,6.288868692188881,0.03815547765032257,0.00606714490600094,1,1,70981aa89ddbadceca42f354c3c51d05bf6dbf0c,f663379d77883542412d60804de6dc0c77beb1866344a59e0828131f39005040,796f04e7970972175a660a521caff47c83e0295f,122eacff868aa8f656ad6360716c1816f453979f,347d61f17793d636653b614ec2104baa61ac7a4b,ff6e4f0130e8f5d7629695d163db4ba4a2acb3a0c59737e7f82ebe2f52e48e7a,61cf0d498442916f91c767e09875aa06547376fc9568ebd872ad507f1609a74b
9,tongue,1,tongue,different_subject_same_class,6.022233157429662,6.071177406819643,0.04894424938998121,0.008061739282235934,1,1,70981aa89ddbadceca42f354c3c51d05bf6dbf0c,f663379d77883542412d60804de6dc0c77beb1866344a59e0828131f39005040,796f04e7970972175a660a521caff47c83e0295f,122eacff868aa8f656ad6360716c1816f453979f,347d61f17793d636653b614ec2104baa61ac7a4b,ff6e4f0130e8f5d7629695d163db4ba4a2acb3a0c59737e7f82ebe2f52e48e7a,61cf0d498442916f91c767e09875aa06547376fc9568ebd872ad507f1609a74b
9,tongue,2,left_hand,different_subject_different_class,6.265352985838795,6.288156124476133,0.022803138637338627,0.003626363306817284,8,1,70981aa89ddbadceca42f354c3c51d05bf6dbf0c,f663379d77883542412d60804de6dc0c77beb1866344a59e0828131f39005040,796f04e7970972175a660a521caff47c83e0295f,122eacff868aa8f656ad6360716c1816f453979f,347d61f17793d636653b614ec2104baa61ac7a4b,ff6e4f0130e8f5d7629695d163db4ba4a2acb3a0c59737e7f82ebe2f52e48e7a,61cf0d498442916f91c767e09875aa06547376fc9568ebd872ad507f1609a74b
9,tongue,2,right_hand,different_subject_different_class,6.622562988846748,6.6482284268694265,0.02566543802267862,0.003860492807219047,11,1,70981aa89ddbadceca42f354c3c51d05bf6dbf0c,f663379d77883542412d60804de6dc0c77beb1866344a59e0828131f39005040,796f04e7970972175a660a521caff47c83e0295f,122eacff868aa8f656ad6360716c1816f453979f,347d61f17793d636653b614ec2104baa61ac7a4b,ff6e4f0130e8f5d7629695d163db4ba4a2acb3a0c59737e7f82ebe2f52e48e7a,61cf0d498442916f91c767e09875aa06547376fc9568ebd872ad507f1609a74b
9,tongue,2,feet,different_subject_different_class,6.4196190312783346,6.469240715992292,0.04962168471395767,0.007670403203777893,1,1,70981aa89ddbadceca42f354c3c51d05bf6dbf0c,f663379d77883542412d60804de6dc0c77beb1866344a59e0828131f39005040,796f04e7970972175a660a521caff47c83e0295f,122eacff868aa8f656ad6360716c1816f453979f,347d61f17793d636653b614ec2104baa61ac7a4b,ff6e4f0130e8f5d7629695d163db4ba4a2acb3a0c59737e7f82ebe2f52e48e7a,61cf0d498442916f91c767e09875aa06547376fc9568ebd872ad507f1609a74b
9,tongue,2,tongue,different_subject_same_class,6.837460724825988,6.870109999689475,0.032649274863487676,0.00475236566298988,3,1,70981aa89ddbadceca42f354c3c51d05bf6dbf0c,f663379d77883542412d60804de6dc0c77beb1866344a59e0828131f39005040,796f04e7970972175a660a521caff47c83e0295f,122eacff868aa8f656ad6360716c1816f453979f,347d61f17793d636653b614ec2104baa61ac7a4b,ff6e4f0130e8f5d7629695d163db4ba4a2acb3a0c59737e7f82ebe2f52e48e7a,61cf0d498442916f91c767e09875aa06547376fc9568ebd872ad507f1609a74b
9,tongue,3,left_hand,different_subject_different_class,6.165112681602216,6.162086947190515,-0.0030257344117012863,-0.0004910242970655927,66,1,70981aa89ddbadceca42f354c3c51d05bf6dbf0c,f663379d77883542412d60804de6dc0c77beb1866344a59e0828131f39005040,796f04e7970972175a660a521caff47c83e0295f,122eacff868aa8f656ad6360716c1816f453979f,347d61f17793d636653b614ec2104baa61ac7a4b,ff6e4f0130e8f5d7629695d163db4ba4a2acb3a0c59737e7f82ebe2f52e48e7a,61cf0d498442916f91c767e09875aa06547376fc9568ebd872ad507f1609a74b
9,tongue,3,right_hand,different_subject_different_class,6.021454283900543,6.013137513352982,-0.008316770547561525,-0.0013831000087879274,75,1,70981aa89ddbadceca42f354c3c51d05bf6dbf0c,f663379d77883542412d60804de6dc0c77beb1866344a59e0828131f39005040,796f04e7970972175a660a521caff47c83e0295f,122eacff868aa8f656ad6360716c1816f453979f,347d61f17793d636653b614ec2104baa61ac7a4b,ff6e4f0130e8f5d7629695d163db4ba4a2acb3a0c59737e7f82ebe2f52e48e7a,61cf0d498442916f91c767e09875aa06547376fc9568ebd872ad507f1609a74b
9,tongue,3,feet,different_subject_different_class,5.2234853097037695,5.258002651733099,0.034517342029329434,0.006564725108678315,24,1,70981aa89ddbadceca42f354c3c51d05bf6dbf0c,f663379d77883542412d60804de6dc0c77beb1866344a59e0828131f39005040,796f04e7970972175a660a521caff47c83e0295f,122eacff868aa8f656ad6360716c1816f453979f,347d61f17793d636653b614ec2104baa61ac7a4b,ff6e4f0130e8f5d7629695d163db4ba4a2acb3a0c59737e7f82ebe2f52e48e7a,61cf0d498442916f91c767e09875aa06547376fc9568ebd872ad507f1609a74b
9,tongue,3,tongue,different_subject_same_class,4.529412732275494,4.598894681561222,0.06948194928572793,0.015108401930643986,7,1,70981aa89ddbadceca42f354c3c51d05bf6dbf0c,f663379d77883542412d60804de6dc0c77beb1866344a59e0828131f39005040,796f04e7970972175a660a521caff47c83e0295f,122eacff868aa8f656ad6360716c1816f453979f,347d61f17793d636653b614ec2104baa61ac7a4b,ff6e4f0130e8f5d7629695d163db4ba4a2acb3a0c59737e7f82ebe2f52e48e7a,61cf0d498442916f91c767e09875aa06547376fc9568ebd872ad507f1609a74b
9,tongue,4,left_hand,different_subject_different_class,8.230311764198358,8.228076472812905,-0.0022352913854533085,-0.0002716663357273267,77,1,70981aa89ddbadceca42f354c3c51d05bf6dbf0c,f663379d77883542412d60804de6dc0c77beb1866344a59e0828131f39005040,796f04e7970972175a660a521caff47c83e0295f,122eacff868aa8f656ad6360716c1816f453979f,347d61f17793d636653b614ec2104baa61ac7a4b,ff6e4f0130e8f5d7629695d163db4ba4a2acb3a0c59737e7f82ebe2f52e48e7a,61cf0d498442916f91c767e09875aa06547376fc9568ebd872ad507f1609a74b
9,tongue,4,right_hand,different_subject_different_class,8.099055010614128,8.10967710842191,0.010622097807781117,0.0013098052691580108,39,1,70981aa89ddbadceca42f354c3c51d05bf6dbf0c,f663379d77883542412d60804de6dc0c77beb1866344a59e0828131f39005040,796f04e7970972175a660a521caff47c83e0295f,122eacff868aa8f656ad6360716c1816f453979f,347d61f17793d636653b614ec2104baa61ac7a4b,ff6e4f0130e8f5d7629695d163db4ba4a2acb3a0c59737e7f82ebe2f52e48e7a,61cf0d498442916f91c767e09875aa06547376fc9568ebd872ad507f1609a74b
9,tongue,4,feet,different_subject_different_class,7.009311373696817,7.053853561796379,0.04454218809956245,0.006314589282204925,2,1,70981aa89ddbadceca42f354c3c51d05bf6dbf0c,f663379d77883542412d60804de6dc0c77beb1866344a59e0828131f39005040,796f04e7970972175a660a521caff47c83e0295f,122eacff868aa8f656ad6360716c1816f453979f,347d61f17793d636653b614ec2104baa61ac7a4b,ff6e4f0130e8f5d7629695d163db4ba4a2acb3a0c59737e7f82ebe2f52e48e7a,61cf0d498442916f91c767e09875aa06547376fc9568ebd872ad507f1609a74b
9,tongue,4,tongue,different_subject_same_class,7.059814588165045,7.108474740245859,0.048660152080813646,0.006845371737106384,6,1,70981aa89ddbadceca42f354c3c51d05bf6dbf0c,f663379d77883542412d60804de6dc0c77beb1866344a59e0828131f39005040,796f04e7970972175a660a521caff47c83e0295f,122eacff868aa8f656ad6360716c1816f453979f,347d61f17793d636653b614ec2104baa61ac7a4b,ff6e4f0130e8f5d7629695d163db4ba4a2acb3a0c59737e7f82ebe2f52e48e7a,61cf0d498442916f91c767e09875aa06547376fc9568ebd872ad507f1609a74b
9,tongue,5,left_hand,different_subject_different_class,10.136777696302056,10.134500666742664,-0.002277029559392574,-0.00022468098175422343,85,1,70981aa89ddbadceca42f354c3c51d05bf6dbf0c,f663379d77883542412d60804de6dc0c77beb1866344a59e0828131f39005040,796f04e7970972175a660a521caff47c83e0295f,122eacff868aa8f656ad6360716c1816f453979f,347d61f17793d636653b614ec2104baa61ac7a4b,ff6e4f0130e8f5d7629695d163db4ba4a2acb3a0c59737e7f82ebe2f52e48e7a,61cf0d498442916f91c767e09875aa06547376fc9568ebd872ad507f1609a74b
9,tongue,5,right_hand,different_subject_different_class,10.165423982552042,10.169317952896117,0.003893970344075015,0.0003829136193903793,17,1,70981aa89ddbadceca42f354c3c51d05bf6dbf0c,f663379d77883542412d60804de6dc0c77beb1866344a59e0828131f39005040,796f04e7970972175a660a521caff47c83e0295f,122eacff868aa8f656ad6360716c1816f453979f,347d61f17793d636653b614ec2104baa61ac7a4b,ff6e4f0130e8f5d7629695d163db4ba4a2acb3a0c59737e7f82ebe2f52e48e7a,61cf0d498442916f91c767e09875aa06547376fc9568ebd872ad507f1609a74b
9,tongue,5,feet,different_subject_different_class,10.04760872459017,10.050460318492934,0.002851593902764904,0.00028372769130961557,37,1,70981aa89ddbadceca42f354c3c51d05bf6dbf0c,f663379d77883542412d60804de6dc0c77beb1866344a59e0828131f39005040,796f04e7970972175a660a521caff47c83e0295f,122eacff868aa8f656ad6360716c1816f453979f,347d61f17793d636653b614ec2104baa61ac7a4b,ff6e4f0130e8f5d7629695d163db4ba4a2acb3a0c59737e7f82ebe2f52e48e7a,61cf0d498442916f91c767e09875aa06547376fc9568ebd872ad507f1609a74b
9,tongue,5,tongue,different_subject_same_class,10.055151824134029,10.06848001223937,0.013328188105340644,0.0013237537432798925,1,1,70981aa89ddbadceca42f354c3c51d05bf6dbf0c,f663379d77883542412d60804de6dc0c77beb1866344a59e0828131f39005040,796f04e7970972175a660a521caff47c83e0295f,122eacff868aa8f656ad6360716c1816f453979f,347d61f17793d636653b614ec2104baa61ac7a4b,ff6e4f0130e8f5d7629695d163db4ba4a2acb3a0c59737e7f82ebe2f52e48e7a,61cf0d498442916f91c767e09875aa06547376fc9568ebd872ad507f1609a74b
9,tongue,6,left_hand,different_subject_different_class,4.658936138134541,4.675273353688315,0.016337215553773987,0.0034943872406702353,29,1,70981aa89ddbadceca42f354c3c51d05bf6dbf0c,f663379d77883542412d60804de6dc0c77beb1866344a59e0828131f39005040,796f04e7970972175a660a521caff47c83e0295f,122eacff868aa8f656ad6360716c1816f453979f,347d61f17793d636653b614ec2104baa61ac7a4b,ff6e4f0130e8f5d7629695d163db4ba4a2acb3a0c59737e7f82ebe2f52e48e7a,61cf0d498442916f91c767e09875aa06547376fc9568ebd872ad507f1609a74b
9,tongue,6,right_hand,different_subject_different_class,4.499226407068176,4.517247163881822,0.018020756813646344,0.003989322735699169,6,1,70981aa89ddbadceca42f354c3c51d05bf6dbf0c,f663379d77883542412d60804de6dc0c77beb1866344a59e0828131f39005040,796f04e7970972175a660a521caff47c83e0295f,122eacff868aa8f656ad6360716c1816f453979f,347d61f17793d636653b614ec2104baa61ac7a4b,ff6e4f0130e8f5d7629695d163db4ba4a2acb3a0c59737e7f82ebe2f52e48e7a,61cf0d498442916f91c767e09875aa06547376fc9568ebd872ad507f1609a74b
9,tongue,6,feet,different_subject_different_class,3.9298739293739167,3.960659901135699,0.030785971761782438,0.007772939997436972,42,1,70981aa89ddbadceca42f354c3c51d05bf6dbf0c,f663379d77883542412d60804de6dc0c77beb1866344a59e0828131f39005040,796f04e7970972175a660a521caff47c83e0295f,122eacff868aa8f656ad6360716c1816f453979f,347d61f17793d636653b614ec2104baa61ac7a4b,ff6e4f0130e8f5d7629695d163db4ba4a2acb3a0c59737e7f82ebe2f52e48e7a,61cf0d498442916f91c767e09875aa06547376fc9568ebd872ad507f1609a74b
9,tongue,6,tongue,different_subject_same_class,4.39376754092306,4.398786114905544,0.005018573982484398,0.0011408997508377747,53,1,70981aa89ddbadceca42f354c3c51d05bf6dbf0c,f663379d77883542412d60804de6dc0c77beb1866344a59e0828131f39005040,796f04e7970972175a660a521caff47c83e0295f,122eacff868aa8f656ad6360716c1816f453979f,347d61f17793d636653b614ec2104baa61ac7a4b,ff6e4f0130e8f5d7629695d163db4ba4a2acb3a0c59737e7f82ebe2f52e48e7a,61cf0d498442916f91c767e09875aa06547376fc9568ebd872ad507f1609a74b
9,tongue,7,left_hand,different_subject_different_class,7.21690753693098,7.213389615835509,-0.0035179210954705553,-0.00048769320428050704,74,1,70981aa89ddbadceca42f354c3c51d05bf6dbf0c,f663379d77883542412d60804de6dc0c77beb1866344a59e0828131f39005040,796f04e7970972175a660a521caff47c83e0295f,122eacff868aa8f656ad6360716c1816f453979f,347d61f17793d636653b614ec2104baa61ac7a4b,ff6e4f0130e8f5d7629695d163db4ba4a2acb3a0c59737e7f82ebe2f52e48e7a,61cf0d498442916f91c767e09875aa06547376fc9568ebd872ad507f1609a74b
9,tongue,7,right_hand,different_subject_different_class,7.1707924138364305,7.1604667523744885,-0.010325661461942026,-0.0014420374842908006,102,1,70981aa89ddbadceca42f354c3c51d05bf6dbf0c,f663379d77883542412d60804de6dc0c77beb1866344a59e0828131f39005040,796f04e7970972175a660a521caff47c83e0295f,122eacff868aa8f656ad6360716c1816f453979f,347d61f17793d636653b614ec2104baa61ac7a4b,ff6e4f0130e8f5d7629695d163db4ba4a2acb3a0c59737e7f82ebe2f52e48e7a,61cf0d498442916f91c767e09875aa06547376fc9568ebd872ad507f1609a74b
9,tongue,7,feet,different_subject_different_class,6.8205548861649214,6.811482734499526,-0.009072151665395545,-0.0013318908700224608,87,1,70981aa89ddbadceca42f354c3c51d05bf6dbf0c,f663379d77883542412d60804de6dc0c77beb1866344a59e0828131f39005040,796f04e7970972175a660a521caff47c83e0295f,122eacff868aa8f656ad6360716c1816f453979f,347d61f17793d636653b614ec2104baa61ac7a4b,ff6e4f0130e8f5d7629695d163db4ba4a2acb3a0c59737e7f82ebe2f52e48e7a,61cf0d498442916f91c767e09875aa06547376fc9568ebd872ad507f1609a74b
9,tongue,7,tongue,different_subject_same_class,6.0807004412798245,6.092616680224781,0.011916238944956525,0.001955849115476749,45,1,70981aa89ddbadceca42f354c3c51d05bf6dbf0c,f663379d77883542412d60804de6dc0c77beb1866344a59e0828131f39005040,796f04e7970972175a660a521caff47c83e0295f,122eacff868aa8f656ad6360716c1816f453979f,347d61f17793d636653b614ec2104baa61ac7a4b,ff6e4f0130e8f5d7629695d163db4ba4a2acb3a0c59737e7f82ebe2f52e48e7a,61cf0d498442916f91c767e09875aa06547376fc9568ebd872ad507f1609a74b
9,tongue,8,left_hand,different_subject_different_class,4.310777273091316,4.286215604028967,-0.024561669062348912,-0.0057303858068318775,102,1,70981aa89ddbadceca42f354c3c51d05bf6dbf0c,f663379d77883542412d60804de6dc0c77beb1866344a59e0828131f39005040,796f04e7970972175a660a521caff47c83e0295f,122eacff868aa8f656ad6360716c1816f453979f,347d61f17793d636653b614ec2104baa61ac7a4b,ff6e4f0130e8f5d7629695d163db4ba4a2acb3a0c59737e7f82ebe2f52e48e7a,61cf0d498442916f91c767e09875aa06547376fc9568ebd872ad507f1609a74b
9,tongue,8,right_hand,different_subject_different_class,3.9638494464538203,3.94218067383561,-0.02166877261821032,-0.005496646250139349,84,1,70981aa89ddbadceca42f354c3c51d05bf6dbf0c,f663379d77883542412d60804de6dc0c77beb1866344a59e0828131f39005040,796f04e7970972175a660a521caff47c83e0295f,122eacff868aa8f656ad6360716c1816f453979f,347d61f17793d636653b614ec2104baa61ac7a4b,ff6e4f0130e8f5d7629695d163db4ba4a2acb3a0c59737e7f82ebe2f52e48e7a,61cf0d498442916f91c767e09875aa06547376fc9568ebd872ad507f1609a74b
9,tongue,8,feet,different_subject_different_class,3.903021577091762,3.905861301600579,0.0028397245088171985,0.0007270418198550754,55,1,70981aa89ddbadceca42f354c3c51d05bf6dbf0c,f663379d77883542412d60804de6dc0c77beb1866344a59e0828131f39005040,796f04e7970972175a660a521caff47c83e0295f,122eacff868aa8f656ad6360716c1816f453979f,347d61f17793d636653b614ec2104baa61ac7a4b,ff6e4f0130e8f5d7629695d163db4ba4a2acb3a0c59737e7f82ebe2f52e48e7a,61cf0d498442916f91c767e09875aa06547376fc9568ebd872ad507f1609a74b
9,tongue,8,tongue,different_subject_same_class,3.025508230765962,3.1163127758257474,0.09080454505978519,0.029138456757032093,2,1,70981aa89ddbadceca42f354c3c51d05bf6dbf0c,f663379d77883542412d60804de6dc0c77beb1866344a59e0828131f39005040,796f04e7970972175a660a521caff47c83e0295f,122eacff868aa8f656ad6360716c1816f453979f,347d61f17793d636653b614ec2104baa61ac7a4b,ff6e4f0130e8f5d7629695d163db4ba4a2acb3a0c59737e7f82ebe2f52e48e7a,61cf0d498442916f91c767e09875aa06547376fc9568ebd872ad507f1609a74b
9,tongue,9,left_hand,same_subject_different_class,3.9684941337969577,3.840252115210739,-0.12824201858621853,-0.03339416651273196,112,1,70981aa89ddbadceca42f354c3c51d05bf6dbf0c,f663379d77883542412d60804de6dc0c77beb1866344a59e0828131f39005040,796f04e7970972175a660a521caff47c83e0295f,122eacff868aa8f656ad6360716c1816f453979f,347d61f17793d636653b614ec2104baa61ac7a4b,ff6e4f0130e8f5d7629695d163db4ba4a2acb3a0c59737e7f82ebe2f52e48e7a,61cf0d498442916f91c767e09875aa06547376fc9568ebd872ad507f1609a74b
9,tongue,9,right_hand,same_subject_different_class,1.7350584259078508,1.8436643605983094,0.10860593469045865,0.05890764990174982,1,1,70981aa89ddbadceca42f354c3c51d05bf6dbf0c,f663379d77883542412d60804de6dc0c77beb1866344a59e0828131f39005040,796f04e7970972175a660a521caff47c83e0295f,122eacff868aa8f656ad6360716c1816f453979f,347d61f17793d636653b614ec2104baa61ac7a4b,ff6e4f0130e8f5d7629695d163db4ba4a2acb3a0c59737e7f82ebe2f52e48e7a,61cf0d498442916f91c767e09875aa06547376fc9568ebd872ad507f1609a74b
9,tongue,9,feet,same_subject_different_class,1.7764394889367316,1.7987149247667311,0.022275435829999468,0.012384083504999154,43,1,70981aa89ddbadceca42f354c3c51d05bf6dbf0c,f663379d77883542412d60804de6dc0c77beb1866344a59e0828131f39005040,796f04e7970972175a660a521caff47c83e0295f,122eacff868aa8f656ad6360716c1816f453979f,347d61f17793d636653b614ec2104baa61ac7a4b,ff6e4f0130e8f5d7629695d163db4ba4a2acb3a0c59737e7f82ebe2f52e48e7a,61cf0d498442916f91c767e09875aa06547376fc9568ebd872ad507f1609a74b
9,tongue,9,tongue,same_subject_same_class,1.1837659546278723,1.5184978831686164,0.3347319285407442,0.220436216771186,1,1,70981aa89ddbadceca42f354c3c51d05bf6dbf0c,f663379d77883542412d60804de6dc0c77beb1866344a59e0828131f39005040,796f04e7970972175a660a521caff47c83e0295f,122eacff868aa8f656ad6360716c1816f453979f,347d61f17793d636653b614ec2104baa61ac7a4b,ff6e4f0130e8f5d7629695d163db4ba4a2acb3a0c59737e7f82ebe2f52e48e7a,61cf0d498442916f91c767e09875aa06547376fc9568ebd872ad507f1609a74b
