protocol_version,protocol_sha256,config_sha256,code_commit,phase,session,status,covariance_index,trial_uid,subject,run,class_label,finite,symmetry_relative_error,min_eigenvalue,max_eigenvalue,condition_number,passed
1.0,ff7143dca8408a73233321fc7219358e48f2336bad0cb63f4e76f8988e77ecce,ca0178be9c5fd168509f48974d2b3e1bbc91b2ba4e8e9e320299fd98dcf765e8,0c9085a7366142fd489e5640b36c75720ff4acbc,discovery,0train,PASS,0,S01_0train_T001,1,0,tongue,True,0.0,1.1282480176465559e-13,4.0418733634086985e-10,3582.4333836098867,True
1.0,ff7143dca8408a73233321fc7219358e48f2336bad0cb63f4e76f8988e77ecce,ca0178be9c5fd168509f48974d2b3e1bbc91b2ba4e8e9e320299fd98dcf765e8,0c9085a7366142fd489e5640b36c75720ff4acbc,discovery,0train,PASS,1,S01_0train_T002,1,0,feet,True,0.0,1.1869252936468415e-13,5.027180607357796e-10,4235.465057713722,True
1.0,ff7143dca8408a73233321fc7219358e48f2336bad0cb63f4e76f8988e77ecce,ca0178be9c5fd168509f48974d2b3e1bbc91b2ba4e8e9e320299fd98dcf765e8,0c9085a7366142fd489e5640b36c75720ff4acbc,discovery,0train,PASS,2,S01_0train_T003,1,0,right_hand,True,0.0,7.564125340948048e-14,3.521026272887989e-10,4654.9020728504765,True
1.0,ff7143dca8408a73233321fc7219358e48f2336bad0cb63f4e76f8988e77ecce,ca0178be9c5fd168509f48974d2b3e1bbc91b2ba4e8e9e320299fd98dcf765e8,0c9085a7366142fd489e5640b36c75720ff4acbc,discovery,0train,PASS,3,S01_0train_T004,1,0,left_hand,True,0.0,9.259268693651922e-14,4.0687181505190825e-10,4394.2111252355835,True
1.0,ff7143dca8408a73233321fc7219358e48f2336bad0cb63f4e76f8988e77ecce,ca0178be9c5fd168509f48974d2b3e1bbc91b2ba4e8e9e320299fd98dcf765e8,0c9085a7366142fd489e5640b36c75720ff4acbc,discovery,0train,PASS,4,S01_0train_T005,1,0,left_hand,True,0.0,9.554088902355797e-14,2.660829306381532e-10,2785.0162726928766,True
1.0,ff7143dca8408a73233321fc7219358e48f2336bad0cb63f4e76f8988e77ecce,ca0178be9c5fd168509f48974d2b3e1bbc91b2ba4e8e9e320299fd98dcf765e8,0c9085a7366142fd489e5640b36c75720ff4acbc,discovery,0train,PASS,5,S01_0train_T006,1,0,right_hand,True,0.0,8.630158319693639e-14,3.5643140006691665e-10,4130.0679183782295,True
1.0,ff7143dca8408a73233321fc7219358e48f2336bad0cb63f4e76f8988e77ecce,ca0178be9c5fd168509f48974d2b3e1bbc91b2ba4e8e9e320299fd98dcf765e8,0c9085a7366142fd489e5640b36c75720ff4acbc,discovery,0train,PASS,6,S01_0train_T007,1,0,feet,True,0.0,9.819603278476266e-14,3.045946361777461e-10,3101.9036873454106,True
1.0,ff7143dca8408a73233321fc7219358e48f2336bad0cb63f4e76f8988e77ecce,ca0178be9c5fd168509f48974d2b3e1bbc91b2ba4e8e9e320299fd98dcf765e8,0c9085a7366142fd489e5640b36c75720ff4acbc,discovery,0train,PASS,7,S01_0train_T008,1,0,tongue,True,0.0,1.0659184156433185e-13,3.105426319973382e-10,2913.3808689280877,True
1.0,ff7143dca8408a73233321fc7219358e48f2336bad0cb63f4e76f8988e77ecce,ca0178be9c5fd168509f48974d2b3e1bbc91b2ba4e8e9e320299fd98dcf765e8,0c9085a7366142fd489e5640b36c75720ff4acbc,discovery,0train,PASS,8,S01_0train_T009,1,0,right_hand,True,0.0,8.776331521775764e-14,3.594252009549227e-10,4095.392249747172,True
1.0,ff7143dca8408a73233321fc7219358e48f2336bad0cb63f4e76f8988e77ecce,ca0178be9c5fd168509f48974d2b3e1bbc91b2ba4e8e9e320299fd98dcf765e8,0c9085a7366142fd489e5640b36c75720ff4acbc,discovery,0train,PASS,9,S01_0train_T010,1,0,feet,True,0.0,9.049456940204442e-14,3.290923245632402e-10,3636.597496819577,True
1.0,ff7143dca8408a73233321fc7219358e48f2336bad0cb63f4e76f8988e77ecce,ca0178be9c5fd168509f48974d2b3e1bbc91b2ba4e8e9e320299fd98dcf765e8,0c9085a7366142fd489e5640b36c75720ff4acbc,discovery,0train,PASS,10,S01_0train_T011,1,0,left_hand,True,0.0,1.1837267641070555e-13,4.978175282081223e-10,4205.510454802051,True
1.0,ff7143dca8408a73233321fc7219358e48f2336bad0cb63f4e76f8988e77ecce,ca0178be9c5fd168509f48974d2b3e1bbc91b2ba4e8e9e320299fd98dcf765e8,0c9085a7366142fd489e5640b36c75720ff4acbc,discovery,0train,PASS,11,S01_0train_T012,1,0,left_hand,True,0.0,7.90417810558865e-14,3.3358896042902157e-10,4220.413001487877,True
1.0,ff7143dca8408a73233321fc7219358e48f2336bad0cb63f4e76f8988e77ecce,ca0178be9c5fd168509f48974d2b3e1bbc91b2ba4e8e9e320299fd98dcf765e8,0c9085a7366142fd489e5640b36c75720ff4acbc,discovery,0train,PASS,12,S01_0train_T013,1,0,left_hand,True,0.0,9.459726453837303e-14,3.430780926448801e-10,3626.723186120374,True
1.0,ff7143dca8408a73233321fc7219358e48f2336bad0cb63f4e76f8988e77ecce,ca0178be9c5fd168509f48974d2b3e1bbc91b2ba4e8e9e320299fd98dcf765e8,0c9085a7366142fd489e5640b36c75720ff4acbc,discovery,0train,PASS,13,S01_0train_T014,1,0,tongue,True,0.0,1.7764384722256296e-13,6.633898912207968e-10,3734.3814693996233,True
1.0,ff7143dca8408a73233321fc7219358e48f2336bad0cb63f4e76f8988e77ecce,ca0178be9c5fd168509f48974d2b3e1bbc91b2ba4e8e9e320299fd98dcf765e8,0c9085a7366142fd489e5640b36c75720ff4acbc,discovery,0train,PASS,14,S01_0train_T015,1,0,right_hand,True,0.0,8.377557157223229e-14,3.1586670642366207e-10,3770.3915413017276,True
1.0,ff7143dca8408a73233321fc7219358e48f2336bad0cb63f4e76f8988e77ecce,ca0178be9c5fd168509f48974d2b3e1bbc91b2ba4e8e9e320299fd98dcf765e8,0c9085a7366142fd489e5640b36c75720ff4acbc,discovery,0train,PASS,15,S01_0train_T016,1,0,right_hand,True,0.0,8.596203527114068e-14,3.233939215912166e-10,3762.0551976366123,True
1.0,ff7143dca8408a73233321fc7219358e48f2336bad0cb63f4e76f8988e77ecce,ca0178be9c5fd168509f48974d2b3e1bbc91b2ba4e8e9e320299fd98dcf765e8,0c9085a7366142fd489e5640b36c75720ff4acbc,discovery,0train,PASS,16,S01_0train_T017,1,0,left_hand,True,0.0,8.489839267419033e-14,3.56494775467863e-10,4199.07567432946,True
1.0,ff7143dca8408a73233321fc7219358e48f2336bad0cb63f4e76f8988e77ecce,ca0178be9c5fd168509f48974d2b3e1bbc91b2ba4e8e9e320299fd98dcf765e8,0c9085a7366142fd489e5640b36c75720ff4acbc,discovery,0train,PASS,17,S01_0train_T018,1,0,left_hand,True,0.0,8.598923438476826e-14,3.2624132504582003e-10,3793.978715824093,True
1.0,ff7143dca8408a73233321fc7219358e48f2336bad0cb63f4e76f8988e77ecce,ca0178be9c5fd168509f48974d2b3e1bbc91b2ba4e8e9e320299fd98dcf765e8,0c9085a7366142fd489e5640b36c75720ff4acbc,discovery,0train,PASS,18,S01_0train_T019,1,0,feet,True,0.0,1.1224192029229216e-13,3.733058689266883e-10,3325.9041537649446,True
1.0,ff7143dca8408a73233321fc7219358e48f2336bad0cb63f4e76f8988e77ecce,ca0178be9c5fd168509f48974d2b3e1bbc91b2ba4e8e9e320299fd98dcf765e8,0c9085a7366142fd489e5640b36c75720ff4acbc,discovery,0train,PASS,19,S01_0train_T020,1,0,left_hand,True,0.0,9.590932417006243e-14,3.496426730583286e-10,3645.5545494029,True
1.0,ff7143dca8408a73233321fc7219358e48f2336bad0cb63f4e76f8988e77ecce,ca0178be9c5fd168509f48974d2b3e1bbc91b2ba4e8e9e320299fd98dcf765e8,0c9085a7366142fd489e5640b36c75720ff4acbc,discovery,0train,PASS,20,S01_0train_T021,1,0,right_hand,True,0.0,1.198885781779771e-13,4.90282114583165e-10,4089.4814337970624,True
1.0,ff7143dca8408a73233321fc7219358e48f2336bad0cb63f4e76f8988e77ecce,ca0178be9c5fd168509f48974d2b3e1bbc91b2ba4e8e9e320299fd98dcf765e8,0c9085a7366142fd489e5640b36c75720ff4acbc,discovery,0train,PASS,21,S01_0train_T022,1,0,tongue,True,0.0,1.016258897795199e-13,4.2155135810822493e-10,4148.0705263470945,True
1.0,ff7143dca8408a73233321fc7219358e48f2336bad0cb63f4e76f8988e77ecce,ca0178be9c5fd168509f48974d2b3e1bbc91b2ba4e8e9e320299fd98dcf765e8,0c9085a7366142fd489e5640b36c75720ff4acbc,discovery,0train,PASS,22,S01_0train_T023,1,0,tongue,True,0.0,1.17856332824683e-13,4.0470049367800666e-10,3433.845971433866,True
1.0,ff7143dca8408a73233321fc7219358e48f2336bad0cb63f4e76f8988e77ecce,ca0178be9c5fd168509f48974d2b3e1bbc91b2ba4e8e9e320299fd98dcf765e8,0c9085a7366142fd489e5640b36c75720ff4acbc,discovery,0train,PASS,23,S01_0train_T024,1,0,feet,True,0.0,8.651527575311947e-14,3.489509787837057e-10,4033.403069528142,True
1.0,ff7143dca8408a73233321fc7219358e48f2336bad0cb63f4e76f8988e77ecce,ca0178be9c5fd168509f48974d2b3e1bbc91b2ba4e8e9e320299fd98dcf765e8,0c9085a7366142fd489e5640b36c75720ff4acbc,discovery,0train,PASS,24,S01_0train_T025,1,0,left_hand,True,0.0,7.960722513135487e-14,2.9673678100236576e-10,3727.5106689466825,True
1.0,ff7143dca8408a73233321fc7219358e48f2336bad0cb63f4e76f8988e77ecce,ca0178be9c5fd168509f48974d2b3e1bbc91b2ba4e8e9e320299fd98dcf765e8,0c9085a7366142fd489e5640b36c75720ff4acbc,discovery,0train,PASS,25,S01_0train_T026,1,0,tongue,True,0.0,9.985067199446339e-14,2.4241379396991503e-10,2427.7632701696452,True
1.0,ff7143dca8408a73233321fc7219358e48f2336bad0cb63f4e76f8988e77ecce,ca0178be9c5fd168509f48974d2b3e1bbc91b2ba4e8e9e320299fd98dcf765e8,0c9085a7366142fd489e5640b36c75720ff4acbc,discovery,0train,PASS,26,S01_0train_T027,1,0,tongue,True,0.0,1.0156598375281165e-13,3.0950610503709245e-10,3047.3401979776954,True
1.0,ff7143dca8408a73233321fc7219358e48f2336bad0cb63f4e76f8988e77ecce,ca0178be9c5fd168509f48974d2b3e1bbc91b2ba4e8e9e320299fd98dcf765e8,0c9085a7366142fd489e5640b36c75720ff4acbc,discovery,0train,PASS,27,S01_0train_T028,1,0,right_hand,True,0.0,8.981486182203506e-14,3.8813535715218173e-10,4321.504807536843,True
1.0,ff7143dca8408a73233321fc7219358e48f2336bad0cb63f4e76f8988e77ecce,ca0178be9c5fd168509f48974d2b3e1bbc91b2ba4e8e9e320299fd98dcf765e8,0c9085a7366142fd489e5640b36c75720ff4acbc,discovery,0train,PASS,28,S01_0train_T029,1,0,tongue,True,0.0,1.323095977841006e-13,4.1678102676870964e-10,3150.0437893311578,True
1.0,ff7143dca8408a73233321fc7219358e48f2336bad0cb63f4e76f8988e77ecce,ca0178be9c5fd168509f48974d2b3e1bbc91b2ba4e8e9e320299fd98dcf765e8,0c9085a7366142fd489e5640b36c75720ff4acbc,discovery,0train,PASS,29,S01_0train_T030,1,0,tongue,True,0.0,1.0233735247737324e-13,2.912803053223171e-10,2846.275560887889,True
1.0,ff7143dca8408a73233321fc7219358e48f2336bad0cb63f4e76f8988e77ecce,ca0178be9c5fd168509f48974d2b3e1bbc91b2ba4e8e9e320299fd98dcf765e8,0c9085a7366142fd489e5640b36c75720ff4acbc,discovery,0train,PASS,30,S01_0train_T031,1,0,right_hand,True,0.0,7.042759323208656e-14,2.9311489971285505e-10,4161.932649706294,True
1.0,ff7143dca8408a73233321fc7219358e48f2336bad0cb63f4e76f8988e77ecce,ca0178be9c5fd168509f48974d2b3e1bbc91b2ba4e8e9e320299fd98dcf765e8,0c9085a7366142fd489e5640b36c75720ff4acbc,discovery,0train,PASS,31,S01_0train_T032,1,0,left_hand,True,0.0,7.360152115199827e-14,2.525243506055934e-10,3430.9664617405456,True
1.0,ff7143dca8408a73233321fc7219358e48f2336bad0cb63f4e76f8988e77ecce,ca0178be9c5fd168509f48974d2b3e1bbc91b2ba4e8e9e320299fd98dcf765e8,0c9085a7366142fd489e5640b36c75720ff4acbc,discovery,0train,PASS,32,S01_0train_T033,1,0,right_hand,True,0.0,7.80561647472783e-14,2.9703994784832427e-10,3805.464293692211,True
1.0,ff7143dca8408a73233321fc7219358e48f2336bad0cb63f4e76f8988e77ecce,ca0178be9c5fd168509f48974d2b3e1bbc91b2ba4e8e9e320299fd98dcf765e8,0c9085a7366142fd489e5640b36c75720ff4acbc,discovery,0train,PASS,33,S01_0train_T034,1,0,feet,True,0.0,1.0040255841684354e-13,3.720793272108234e-10,3705.8749605368957,True
1.0,ff7143dca8408a73233321fc7219358e48f2336bad0cb63f4e76f8988e77ecce,ca0178be9c5fd168509f48974d2b3e1bbc91b2ba4e8e9e320299fd98dcf765e8,0c9085a7366142fd489e5640b36c75720ff4acbc,discovery,0train,PASS,34,S01_0train_T035,1,0,feet,True,0.0,8.77393343424228e-14,3.366282965462825e-10,3836.686237355228,True
1.0,ff7143dca8408a73233321fc7219358e48f2336bad0cb63f4e76f8988e77ecce,ca0178be9c5fd168509f48974d2b3e1bbc91b2ba4e8e9e320299fd98dcf765e8,0c9085a7366142fd489e5640b36c75720ff4acbc,discovery,0train,PASS,35,S01_0train_T036,1,0,feet,True,0.0,1.1426207824449748e-13,3.893338983651816e-10,3407.376308455432,True
1.0,ff7143dca8408a73233321fc7219358e48f2336bad0cb63f4e76f8988e77ecce,ca0178be9c5fd168509f48974d2b3e1bbc91b2ba4e8e9e320299fd98dcf765e8,0c9085a7366142fd489e5640b36c75720ff4acbc,discovery,0train,PASS,36,S01_0train_T037,1,0,tongue,True,0.0,1.414424371082636e-13,3.9687698508953805e-10,2805.9258112595894,True
1.0,ff7143dca8408a73233321fc7219358e48f2336bad0cb63f4e76f8988e77ecce,ca0178be9c5fd168509f48974d2b3e1bbc91b2ba4e8e9e320299fd98dcf765e8,0c9085a7366142fd489e5640b36c75720ff4acbc,discovery,0train,PASS,37,S01_0train_T038,1,0,feet,True,0.0,9.116739782868469e-14,3.927554743209283e-10,4308.069372112239,True
1.0,ff7143dca8408a73233321fc7219358e48f2336bad0cb63f4e76f8988e77ecce,ca0178be9c5fd168509f48974d2b3e1bbc91b2ba4e8e9e320299fd98dcf765e8,0c9085a7366142fd489e5640b36c75720ff4acbc,discovery,0train,PASS,38,S01_0train_T039,1,0,left_hand,True,0.0,9.154362224715957e-14,4.781006279604412e-10,5222.65359644184,True
1.0,ff7143dca8408a73233321fc7219358e48f2336bad0cb63f4e76f8988e77ecce,ca0178be9c5fd168509f48974d2b3e1bbc91b2ba4e8e9e320299fd98dcf765e8,0c9085a7366142fd489e5640b36c75720ff4acbc,discovery,0train,PASS,39,S01_0train_T040,1,0,tongue,True,0.0,1.0414133126719686e-13,3.918308027096235e-10,3762.4908184080896,True
1.0,ff7143dca8408a73233321fc7219358e48f2336bad0cb63f4e76f8988e77ecce,ca0178be9c5fd168509f48974d2b3e1bbc91b2ba4e8e9e320299fd98dcf765e8,0c9085a7366142fd489e5640b36c75720ff4acbc,discovery,0train,PASS,40,S01_0train_T041,1,0,right_hand,True,0.0,9.856562285175249e-14,4.510216298925294e-10,4575.851263790906,True
1.0,ff7143dca8408a73233321fc7219358e48f2336bad0cb63f4e76f8988e77ecce,ca0178be9c5fd168509f48974d2b3e1bbc91b2ba4e8e9e320299fd98dcf765e8,0c9085a7366142fd489e5640b36c75720ff4acbc,discovery,0train,PASS,41,S01_0train_T042,1,0,feet,True,0.0,9.751906929742935e-14,3.1748764318758727e-10,3255.646772215005,True
1.0,ff7143dca8408a73233321fc7219358e48f2336bad0cb63f4e76f8988e77ecce,ca0178be9c5fd168509f48974d2b3e1bbc91b2ba4e8e9e320299fd98dcf765e8,0c9085a7366142fd489e5640b36c75720ff4acbc,discovery,0train,PASS,42,S01_0train_T043,1,0,right_hand,True,0.0,7.440433274129245e-14,3.2490546386538316e-10,4366.754621603765,True
1.0,ff7143dca8408a73233321fc7219358e48f2336bad0cb63f4e76f8988e77ecce,ca0178be9c5fd168509f48974d2b3e1bbc91b2ba4e8e9e320299fd98dcf765e8,0c9085a7366142fd489e5640b36c75720ff4acbc,discovery,0train,PASS,43,S01_0train_T044,1,0,feet,True,0.0,9.587914394856259e-14,3.0740141958126144e-10,3206.134378360498,True
1.0,ff7143dca8408a73233321fc7219358e48f2336bad0cb63f4e76f8988e77ecce,ca0178be9c5fd168509f48974d2b3e1bbc91b2ba4e8e9e320299fd98dcf765e8,0c9085a7366142fd489e5640b36c75720ff4acbc,discovery,0train,PASS,44,S01_0train_T045,1,0,tongue,True,0.0,1.2924974552382757e-13,3.182619438840416e-10,2462.379655713667,True
1.0,ff7143dca8408a73233321fc7219358e48f2336bad0cb63f4e76f8988e77ecce,ca0178be9c5fd168509f48974d2b3e1bbc91b2ba4e8e9e320299fd98dcf765e8,0c9085a7366142fd489e5640b36c75720ff4acbc,discovery,0train,PASS,45,S01_0train_T046,1,0,right_hand,True,0.0,9.699344018539457e-14,3.3952913339009874e-10,3500.5370748899945,True
1.0,ff7143dca8408a73233321fc7219358e48f2336bad0cb63f4e76f8988e77ecce,ca0178be9c5fd168509f48974d2b3e1bbc91b2ba4e8e9e320299fd98dcf765e8,0c9085a7366142fd489e5640b36c75720ff4acbc,discovery,0train,PASS,46,S01_0train_T047,1,0,feet,True,0.0,8.657984826163279e-14,3.3987847706368855e-10,3925.6072156262157,True
1.0,ff7143dca8408a73233321fc7219358e48f2336bad0cb63f4e76f8988e77ecce,ca0178be9c5fd168509f48974d2b3e1bbc91b2ba4e8e9e320299fd98dcf765e8,0c9085a7366142fd489e5640b36c75720ff4acbc,discovery,0train,PASS,47,S01_0train_T048,1,0,left_hand,True,0.0,9.754305380394518e-14,4.4036563368683547e-10,4514.577066368458,True
1.0,ff7143dca8408a73233321fc7219358e48f2336bad0cb63f4e76f8988e77ecce,ca0178be9c5fd168509f48974d2b3e1bbc91b2ba4e8e9e320299fd98dcf765e8,0c9085a7366142fd489e5640b36c75720ff4acbc,discovery,0train,PASS,48,S01_0train_T049,1,1,left_hand,True,0.0,7.98613771318223e-14,3.270130716103027e-10,4094.7587351332822,True
1.0,ff7143dca8408a73233321fc7219358e48f2336bad0cb63f4e76f8988e77ecce,ca0178be9c5fd168509f48974d2b3e1bbc91b2ba4e8e9e320299fd98dcf765e8,0c9085a7366142fd489e5640b36c75720ff4acbc,discovery,0train,PASS,49,S01_0train_T050,1,1,left_hand,True,0.0,8.885652761770274e-14,3.7534768281526233e-10,4224.199311840793,True
1.0,ff7143dca8408a73233321fc7219358e48f2336bad0cb63f4e76f8988e77ecce,ca0178be9c5fd168509f48974d2b3e1bbc91b2ba4e8e9e320299fd98dcf765e8,0c9085a7366142fd489e5640b36c75720ff4acbc,discovery,0train,PASS,50,S01_0train_T051,1,1,tongue,True,0.0,1.1439688958790006e-13,3.142439871338708e-10,2746.9626863623125,True
1.0,ff7143dca8408a73233321fc7219358e48f2336bad0cb63f4e76f8988e77ecce,ca0178be9c5fd168509f48974d2b3e1bbc91b2ba4e8e9e320299fd98dcf765e8,0c9085a7366142fd489e5640b36c75720ff4acbc,discovery,0train,PASS,51,S01_0train_T052,1,1,right_hand,True,0.0,7.440420338348463e-14,3.1866256384341483e-10,4282.857007432833,True
1.0,ff7143dca8408a73233321fc7219358e48f2336bad0cb63f4e76f8988e77ecce,ca0178be9c5fd168509f48974d2b3e1bbc91b2ba4e8e9e320299fd98dcf765e8,0c9085a7366142fd489e5640b36c75720ff4acbc,discovery,0train,PASS,52,S01_0train_T053,1,1,left_hand,True,0.0,1.0148573100962768e-13,5.484491137290229e-10,5404.199272871109,True
1.0,ff7143dca8408a73233321fc7219358e48f2336bad0cb63f4e76f8988e77ecce,ca0178be9c5fd168509f48974d2b3e1bbc91b2ba4e8e9e320299fd98dcf765e8,0c9085a7366142fd489e5640b36c75720ff4acbc,discovery,0train,PASS,53,S01_0train_T054,1,1,feet,True,0.0,1.0404174076100267e-13,3.697371048191671e-10,3553.738164267176,True
1.0,ff7143dca8408a73233321fc7219358e48f2336bad0cb63f4e76f8988e77ecce,ca0178be9c5fd168509f48974d2b3e1bbc91b2ba4e8e9e320299fd98dcf765e8,0c9085a7366142fd489e5640b36c75720ff4acbc,discovery,0train,PASS,54,S01_0train_T055,1,1,left_hand,True,0.0,7.750376122919341e-14,3.458058549069004e-10,4461.794491292965,True
1.0,ff7143dca8408a73233321fc7219358e48f2336bad0cb63f4e76f8988e77ecce,ca0178be9c5fd168509f48974d2b3e1bbc91b2ba4e8e9e320299fd98dcf765e8,0c9085a7366142fd489e5640b36c75720ff4acbc,discovery,0train,PASS,55,S01_0train_T056,1,1,feet,True,0.0,1.060922711373045e-13,3.3631858516338827e-10,3170.0573619366214,True
1.0,ff7143dca8408a73233321fc7219358e48f2336bad0cb63f4e76f8988e77ecce,ca0178be9c5fd168509f48974d2b3e1bbc91b2ba4e8e9e320299fd98dcf765e8,0c9085a7366142fd489e5640b36c75720ff4acbc,discovery,0train,PASS,56,S01_0train_T057,1,1,right_hand,True,0.0,8.288891903752332e-14,3.9147881114177586e-10,4722.933001027021,True
1.0,ff7143dca8408a73233321fc7219358e48f2336bad0cb63f4e76f8988e77ecce,ca0178be9c5fd168509f48974d2b3e1bbc91b2ba4e8e9e320299fd98dcf765e8,0c9085a7366142fd489e5640b36c75720ff4acbc,discovery,0train,PASS,57,S01_0train_T058,1,1,tongue,True,0.0,1.0954254654764222e-13,3.459779223191232e-10,3158.3885277730924,True
1.0,ff7143dca8408a73233321fc7219358e48f2336bad0cb63f4e76f8988e77ecce,ca0178be9c5fd168509f48974d2b3e1bbc91b2ba4e8e9e320299fd98dcf765e8,0c9085a7366142fd489e5640b36c75720ff4acbc,discovery,0train,PASS,58,S01_0train_T059,1,1,left_hand,True,0.0,1.0052642375567865e-13,5.260588278584787e-10,5233.040311242168,True
1.0,ff7143dca8408a73233321fc7219358e48f2336bad0cb63f4e76f8988e77ecce,ca0178be9c5fd168509f48974d2b3e1bbc91b2ba4e8e9e320299fd98dcf765e8,0c9085a7366142fd489e5640b36c75720ff4acbc,discovery,0train,PASS,59,S01_0train_T060,1,1,feet,True,0.0,1.1558995425890035e-13,4.1464935007264984e-10,3587.2438286800525,True
1.0,ff7143dca8408a73233321fc7219358e48f2336bad0cb63f4e76f8988e77ecce,ca0178be9c5fd168509f48974d2b3e1bbc91b2ba4e8e9e320299fd98dcf765e8,0c9085a7366142fd489e5640b36c75720ff4acbc,discovery,0train,PASS,60,S01_0train_T061,1,1,feet,True,0.0,1.318435275461493e-13,4.575939017174731e-10,3470.73466732981,True
1.0,ff7143dca8408a73233321fc7219358e48f2336bad0cb63f4e76f8988e77ecce,ca0178be9c5fd168509f48974d2b3e1bbc91b2ba4e8e9e320299fd98dcf765e8,0c9085a7366142fd489e5640b36c75720ff4acbc,discovery,0train,PASS,61,S01_0train_T062,1,1,left_hand,True,0.0,8.002859820311809e-14,3.517787767573536e-10,4395.663358547339,True
1.0,ff7143dca8408a73233321fc7219358e48f2336bad0cb63f4e76f8988e77ecce,ca0178be9c5fd168509f48974d2b3e1bbc91b2ba4e8e9e320299fd98dcf765e8,0c9085a7366142fd489e5640b36c75720ff4acbc,discovery,0train,PASS,62,S01_0train_T063,1,1,feet,True,0.0,1.194972999896818e-13,4.3701286963940683e-10,3657.0940906375413,True
1.0,ff7143dca8408a73233321fc7219358e48f2336bad0cb63f4e76f8988e77ecce,ca0178be9c5fd168509f48974d2b3e1bbc91b2ba4e8e9e320299fd98dcf765e8,0c9085a7366142fd489e5640b36c75720ff4acbc,discovery,0train,PASS,63,S01_0train_T064,1,1,right_hand,True,0.0,8.192924287406286e-14,3.516587983223878e-10,4292.225656996958,True
1.0,ff7143dca8408a73233321fc7219358e48f2336bad0cb63f4e76f8988e77ecce,ca0178be9c5fd168509f48974d2b3e1bbc91b2ba4e8e9e320299fd98dcf765e8,0c9085a7366142fd489e5640b36c75720ff4acbc,discovery,0train,PASS,64,S01_0train_T065,1,1,tongue,True,0.0,1.2551453569602744e-13,4.2556214544572624e-10,3390.5407296917197,True
1.0,ff7143dca8408a73233321fc7219358e48f2336bad0cb63f4e76f8988e77ecce,ca0178be9c5fd168509f48974d2b3e1bbc91b2ba4e8e9e320299fd98dcf765e8,0c9085a7366142fd489e5640b36c75720ff4acbc,discovery,0train,PASS,65,S01_0train_T066,1,1,tongue,True,0.0,1.1999029346346865e-13,4.658657939473191e-10,3882.528998807334,True
1.0,ff7143dca8408a73233321fc7219358e48f2336bad0cb63f4e76f8988e77ecce,ca0178be9c5fd168509f48974d2b3e1bbc91b2ba4e8e9e320299fd98dcf765e8,0c9085a7366142fd489e5640b36c75720ff4acbc,discovery,0train,PASS,66,S01_0train_T067,1,1,tongue,True,0.0,1.0935125332262882e-13,2.5911645209454636e-10,2369.5791700718037,True
1.0,ff7143dca8408a73233321fc7219358e48f2336bad0cb63f4e76f8988e77ecce,ca0178be9c5fd168509f48974d2b3e1bbc91b2ba4e8e9e320299fd98dcf765e8,0c9085a7366142fd489e5640b36c75720ff4acbc,discovery,0train,PASS,67,S01_0train_T068,1,1,feet,True,0.0,1.1379549420572184e-13,4.5764273072913753e-10,4021.6243527340507,True
1.0,ff7143dca8408a73233321fc7219358e48f2336bad0cb63f4e76f8988e77ecce,ca0178be9c5fd168509f48974d2b3e1bbc91b2ba4e8e9e320299fd98dcf765e8,0c9085a7366142fd489e5640b36c75720ff4acbc,discovery,0train,PASS,68,S01_0train_T069,1,1,left_hand,True,0.0,8.087626439410766e-14,3.3996182363372003e-10,4203.480788592015,True
1.0,ff7143dca8408a73233321fc7219358e48f2336bad0cb63f4e76f8988e77ecce,ca0178be9c5fd168509f48974d2b3e1bbc91b2ba4e8e9e320299fd98dcf765e8,0c9085a7366142fd489e5640b36c75720ff4acbc,discovery,0train,PASS,69,S01_0train_T070,1,1,tongue,True,0.0,1.378093824794559e-13,4.6194392049037836e-10,3352.0498545100386,True
1.0,ff7143dca8408a73233321fc7219358e48f2336bad0cb63f4e76f8988e77ecce,ca0178be9c5fd168509f48974d2b3e1bbc91b2ba4e8e9e320299fd98dcf765e8,0c9085a7366142fd489e5640b36c75720ff4acbc,discovery,0train,PASS,70,S01_0train_T071,1,1,right_hand,True,0.0,7.986726329118498e-14,3.306498081620389e-10,4139.9917129567275,True
1.0,ff7143dca8408a73233321fc7219358e48f2336bad0cb63f4e76f8988e77ecce,ca0178be9c5fd168509f48974d2b3e1bbc91b2ba4e8e9e320299fd98dcf765e8,0c9085a7366142fd489e5640b36c75720ff4acbc,discovery,0train,PASS,71,S01_0train_T072,1,1,tongue,True,0.0,9.905777371767801e-14,3.598127574064354e-10,3632.352554499442,True
1.0,ff7143dca8408a73233321fc7219358e48f2336bad0cb63f4e76f8988e77ecce,ca0178be9c5fd168509f48974d2b3e1bbc91b2ba4e8e9e320299fd98dcf765e8,0c9085a7366142fd489e5640b36c75720ff4acbc,discovery,0train,PASS,72,S01_0train_T073,1,1,right_hand,True,0.0,7.413974089087186e-14,3.30650738350335e-10,4459.831318226862,True
1.0,ff7143dca8408a73233321fc7219358e48f2336bad0cb63f4e76f8988e77ecce,ca0178be9c5fd168509f48974d2b3e1bbc91b2ba4e8e9e320299fd98dcf765e8,0c9085a7366142fd489e5640b36c75720ff4acbc,discovery,0train,PASS,73,S01_0train_T074,1,1,left_hand,True,0.0,6.498267411788909e-14,2.4972388234008853e-10,3842.930223016815,True
1.0,ff7143dca8408a73233321fc7219358e48f2336bad0cb63f4e76f8988e77ecce,ca0178be9c5fd168509f48974d2b3e1bbc91b2ba4e8e9e320299fd98dcf765e8,0c9085a7366142fd489e5640b36c75720ff4acbc,discovery,0train,PASS,74,S01_0train_T075,1,1,feet,True,0.0,1.0224270105678446e-13,4.080299678043365e-10,3990.7980089231132,True
1.0,ff7143dca8408a73233321fc7219358e48f2336bad0cb63f4e76f8988e77ecce,ca0178be9c5fd168509f48974d2b3e1bbc91b2ba4e8e9e320299fd98dcf765e8,0c9085a7366142fd489e5640b36c75720ff4acbc,discovery,0train,PASS,75,S01_0train_T076,1,1,right_hand,True,0.0,8.091528012347748e-14,4.011391948223508e-10,4957.520930659927,True
1.0,ff7143dca8408a73233321fc7219358e48f2336bad0cb63f4e76f8988e77ecce,ca0178be9c5fd168509f48974d2b3e1bbc91b2ba4e8e9e320299fd98dcf765e8,0c9085a7366142fd489e5640b36c75720ff4acbc,discovery,0train,PASS,76,S01_0train_T077,1,1,left_hand,True,0.0,8.861146229418387e-14,2.9983505423360327e-10,3383.7050700977243,True
1.0,ff7143dca8408a73233321fc7219358e48f2336bad0cb63f4e76f8988e77ecce,ca0178be9c5fd168509f48974d2b3e1bbc91b2ba4e8e9e320299fd98dcf765e8,0c9085a7366142fd489e5640b36c75720ff4acbc,discovery,0train,PASS,77,S01_0train_T078,1,1,feet,True,0.0,1.0508136512301236e-13,4.2663883856654097e-10,4060.080853223603,True
1.0,ff7143dca8408a73233321fc7219358e48f2336bad0cb63f4e76f8988e77ecce,ca0178be9c5fd168509f48974d2b3e1bbc91b2ba4e8e9e320299fd98dcf765e8,0c9085a7366142fd489e5640b36c75720ff4acbc,discovery,0train,PASS,78,S01_0train_T079,1,1,feet,True,0.0,1.3631888534218364e-13,4.878006452065106e-10,3578.3790630479984,True
1.0,ff7143dca8408a73233321fc7219358e48f2336bad0cb63f4e76f8988e77ecce,ca0178be9c5fd168509f48974d2b3e1bbc91b2ba4e8e9e320299fd98dcf765e8,0c9085a7366142fd489e5640b36c75720ff4acbc,discovery,0train,PASS,79,S01_0train_T080,1,1,left_hand,True,0.0,1.1784541830879113e-13,5.764456923389504e-10,4891.540974707103,True
1.0,ff7143dca8408a73233321fc7219358e48f2336bad0cb63f4e76f8988e77ecce,ca0178be9c5fd168509f48974d2b3e1bbc91b2ba4e8e9e320299fd98dcf765e8,0c9085a7366142fd489e5640b36c75720ff4acbc,discovery,0train,PASS,80,S01_0train_T081,1,1,feet,True,0.0,1.4805560933450184e-13,6.214838990738837e-10,4197.638318922223,True
1.0,ff7143dca8408a73233321fc7219358e48f2336bad0cb63f4e76f8988e77ecce,ca0178be9c5fd168509f48974d2b3e1bbc91b2ba4e8e9e320299fd98dcf765e8,0c9085a7366142fd489e5640b36c75720ff4acbc,discovery,0train,PASS,81,S01_0train_T082,1,1,tongue,True,0.0,1.0957279739593526e-13,3.491625564305749e-10,3186.5806544017973,True
1.0,ff7143dca8408a73233321fc7219358e48f2336bad0cb63f4e76f8988e77ecce,ca0178be9c5fd168509f48974d2b3e1bbc91b2ba4e8e9e320299fd98dcf765e8,0c9085a7366142fd489e5640b36c75720ff4acbc,discovery,0train,PASS,82,S01_0train_T083,1,1,tongue,True,0.0,1.3790829704676381e-13,5.908101940269119e-10,4284.080121927485,True
1.0,ff7143dca8408a73233321fc7219358e48f2336bad0cb63f4e76f8988e77ecce,ca0178be9c5fd168509f48974d2b3e1bbc91b2ba4e8e9e320299fd98dcf765e8,0c9085a7366142fd489e5640b36c75720ff4acbc,discovery,0train,PASS,83,S01_0train_T084,1,1,right_hand,True,0.0,8.215432381463683e-14,3.8259513473880407e-10,4657.029806514455,True
1.0,ff7143dca8408a73233321fc7219358e48f2336bad0cb63f4e76f8988e77ecce,ca0178be9c5fd168509f48974d2b3e1bbc91b2ba4e8e9e320299fd98dcf765e8,0c9085a7366142fd489e5640b36c75720ff4acbc,discovery,0train,PASS,84,S01_0train_T085,1,1,left_hand,True,0.0,1.0211286457697228e-13,4.5778674073997467e-10,4483.144632524698,True
1.0,ff7143dca8408a73233321fc7219358e48f2336bad0cb63f4e76f8988e77ecce,ca0178be9c5fd168509f48974d2b3e1bbc91b2ba4e8e9e320299fd98dcf765e8,0c9085a7366142fd489e5640b36c75720ff4acbc,discovery,0train,PASS,85,S01_0train_T086,1,1,right_hand,True,0.0,1.0124400250679732e-13,4.4021222265529964e-10,4348.032592110774,True
1.0,ff7143dca8408a73233321fc7219358e48f2336bad0cb63f4e76f8988e77ecce,ca0178be9c5fd168509f48974d2b3e1bbc91b2ba4e8e9e320299fd98dcf765e8,0c9085a7366142fd489e5640b36c75720ff4acbc,discovery,0train,PASS,86,S01_0train_T087,1,1,tongue,True,0.0,1.0779735422589196e-13,3.911514791343615e-10,3628.5814428681997,True
1.0,ff7143dca8408a73233321fc7219358e48f2336bad0cb63f4e76f8988e77ecce,ca0178be9c5fd168509f48974d2b3e1bbc91b2ba4e8e9e320299fd98dcf765e8,0c9085a7366142fd489e5640b36c75720ff4acbc,discovery,0train,PASS,87,S01_0train_T088,1,1,right_hand,True,0.0,7.540971749104764e-14,3.3955497149767113e-10,4502.801267462404,True
1.0,ff7143dca8408a73233321fc7219358e48f2336bad0cb63f4e76f8988e77ecce,ca0178be9c5fd168509f48974d2b3e1bbc91b2ba4e8e9e320299fd98dcf765e8,0c9085a7366142fd489e5640b36c75720ff4acbc,discovery,0train,PASS,88,S01_0train_T089,1,1,tongue,True,0.0,1.2722099771503443e-13,3.724080887904502e-10,2927.2533267237586,True
1.0,ff7143dca8408a73233321fc7219358e48f2336bad0cb63f4e76f8988e77ecce,ca0178be9c5fd168509f48974d2b3e1bbc91b2ba4e8e9e320299fd98dcf765e8,0c9085a7366142fd489e5640b36c75720ff4acbc,discovery,0train,PASS,89,S01_0train_T090,1,1,feet,True,0.0,1.0331235028546906e-13,3.865271918341475e-10,3741.3454515951785,True
1.0,ff7143dca8408a73233321fc7219358e48f2336bad0cb63f4e76f8988e77ecce,ca0178be9c5fd168509f48974d2b3e1bbc91b2ba4e8e9e320299fd98dcf765e8,0c9085a7366142fd489e5640b36c75720ff4acbc,discovery,0train,PASS,90,S01_0train_T091,1,1,right_hand,True,0.0,6.672048449043766e-14,2.533374915247186e-10,3796.997180993594,True
1.0,ff7143dca8408a73233321fc7219358e48f2336bad0cb63f4e76f8988e77ecce,ca0178be9c5fd168509f48974d2b3e1bbc91b2ba4e8e9e320299fd98dcf765e8,0c9085a7366142fd489e5640b36c75720ff4acbc,discovery,0train,PASS,91,S01_0train_T092,1,1,right_hand,True,0.0,1.1112780757838788e-13,4.875723769817876e-10,4387.492092272777,True
1.0,ff7143dca8408a73233321fc7219358e48f2336bad0cb63f4e76f8988e77ecce,ca0178be9c5fd168509f48974d2b3e1bbc91b2ba4e8e9e320299fd98dcf765e8,0c9085a7366142fd489e5640b36c75720ff4acbc,discovery,0train,PASS,92,S01_0train_T093,1,1,right_hand,True,0.0,8.916363671253282e-14,3.7420273981887155e-10,4196.808851856462,True
1.0,ff7143dca8408a73233321fc7219358e48f2336bad0cb63f4e76f8988e77ecce,ca0178be9c5fd168509f48974d2b3e1bbc91b2ba4e8e9e320299fd98dcf765e8,0c9085a7366142fd489e5640b36c75720ff4acbc,discovery,0train,PASS,93,S01_0train_T094,1,1,feet,True,0.0,1.251014103864351e-13,4.172524634966708e-10,3335.3138242629598,True
1.0,ff7143dca8408a73233321fc7219358e48f2336bad0cb63f4e76f8988e77ecce,ca0178be9c5fd168509f48974d2b3e1bbc91b2ba4e8e9e320299fd98dcf765e8,0c9085a7366142fd489e5640b36c75720ff4acbc,discovery,0train,PASS,94,S01_0train_T095,1,1,tongue,True,0.0,1.303580804346578e-13,4.830109583186238e-10,3705.2628936242572,True
1.0,ff7143dca8408a73233321fc7219358e48f2336bad0cb63f4e76f8988e77ecce,ca0178be9c5fd168509f48974d2b3e1bbc91b2ba4e8e9e320299fd98dcf765e8,0c9085a7366142fd489e5640b36c75720ff4acbc,discovery,0train,PASS,95,S01_0train_T096,1,1,left_hand,True,0.0,1.2576436035179418e-13,5.386841540716377e-10,4283.281468333351,True
1.0,ff7143dca8408a73233321fc7219358e48f2336bad0cb63f4e76f8988e77ecce,ca0178be9c5fd168509f48974d2b3e1bbc91b2ba4e8e9e320299fd98dcf765e8,0c9085a7366142fd489e5640b36c75720ff4acbc,discovery,0train,PASS,96,S01_0train_T097,1,2,right_hand,True,0.0,9.206786533898469e-14,3.9625747213512685e-10,4303.971539647915,True
1.0,ff7143dca8408a73233321fc7219358e48f2336bad0cb63f4e76f8988e77ecce,ca0178be9c5fd168509f48974d2b3e1bbc91b2ba4e8e9e320299fd98dcf765e8,0c9085a7366142fd489e5640b36c75720ff4acbc,discovery,0train,PASS,97,S01_0train_T098,1,2,tongue,True,0.0,1.0216000630601265e-13,3.382257780456968e-10,3310.745469538899,True
1.0,ff7143dca8408a73233321fc7219358e48f2336bad0cb63f4e76f8988e77ecce,ca0178be9c5fd168509f48974d2b3e1bbc91b2ba4e8e9e320299fd98dcf765e8,0c9085a7366142fd489e5640b36c75720ff4acbc,discovery,0train,PASS,98,S01_0train_T099,1,2,left_hand,True,0.0,9.859739373830299e-14,4.708561012014896e-10,4775.543078260618,True
1.0,ff7143dca8408a73233321fc7219358e48f2336bad0cb63f4e76f8988e77ecce,ca0178be9c5fd168509f48974d2b3e1bbc91b2ba4e8e9e320299fd98dcf765e8,0c9085a7366142fd489e5640b36c75720ff4acbc,discovery,0train,PASS,99,S01_0train_T100,1,2,feet,True,0.0,9.12116914006306e-14,2.636768144459064e-10,2890.8225513301186,True
1.0,ff7143dca8408a73233321fc7219358e48f2336bad0cb63f4e76f8988e77ecce,ca0178be9c5fd168509f48974d2b3e1bbc91b2ba4e8e9e320299fd98dcf765e8,0c9085a7366142fd489e5640b36c75720ff4acbc,discovery,0train,PASS,100,S01_0train_T101,1,2,feet,True,0.0,1.0584452397246927e-13,5.149983995177974e-10,4865.612127952422,True
1.0,ff7143dca8408a73233321fc7219358e48f2336bad0cb63f4e76f8988e77ecce,ca0178be9c5fd168509f48974d2b3e1bbc91b2ba4e8e9e320299fd98dcf765e8,0c9085a7366142fd489e5640b36c75720ff4acbc,discovery,0train,PASS,101,S01_0train_T102,1,2,tongue,True,0.0,1.1530998165755998e-13,3.9021606018374954e-10,3384.0614192671333,True
1.0,ff7143dca8408a73233321fc7219358e48f2336bad0cb63f4e76f8988e77ecce,ca0178be9c5fd168509f48974d2b3e1bbc91b2ba4e8e9e320299fd98dcf765e8,0c9085a7366142fd489e5640b36c75720ff4acbc,discovery,0train,PASS,102,S01_0train_T103,1,2,left_hand,True,0.0,8.59361128550249e-14,3.1975893691220175e-10,3720.8913259974693,True
1.0,ff7143dca8408a73233321fc7219358e48f2336bad0cb63f4e76f8988e77ecce,ca0178be9c5fd168509f48974d2b3e1bbc91b2ba4e8e9e320299fd98dcf765e8,0c9085a7366142fd489e5640b36c75720ff4acbc,discovery,0train,PASS,103,S01_0train_T104,1,2,left_hand,True,0.0,9.713673408069653e-14,3.905469214887847e-10,4020.5893803711483,True
1.0,ff7143dca8408a73233321fc7219358e48f2336bad0cb63f4e76f8988e77ecce,ca0178be9c5fd168509f48974d2b3e1bbc91b2ba4e8e9e320299fd98dcf765e8,0c9085a7366142fd489e5640b36c75720ff4acbc,discovery,0train,PASS,104,S01_0train_T105,1,2,feet,True,0.0,1.331340187360725e-13,5.378258477092969e-10,4039.7326905266295,True
1.0,ff7143dca8408a73233321fc7219358e48f2336bad0cb63f4e76f8988e77ecce,ca0178be9c5fd168509f48974d2b3e1bbc91b2ba4e8e9e320299fd98dcf765e8,0c9085a7366142fd489e5640b36c75720ff4acbc,discovery,0train,PASS,105,S01_0train_T106,1,2,right_hand,True,0.0,7.279510683523145e-14,3.005521281640429e-10,4128.740807322799,True
1.0,ff7143dca8408a73233321fc7219358e48f2336bad0cb63f4e76f8988e77ecce,ca0178be9c5fd168509f48974d2b3e1bbc91b2ba4e8e9e320299fd98dcf765e8,0c9085a7366142fd489e5640b36c75720ff4acbc,discovery,0train,PASS,106,S01_0train_T107,1,2,tongue,True,0.0,1.3808287677276235e-13,5.047720588526033e-10,3655.5731648268534,True
1.0,ff7143dca8408a73233321fc7219358e48f2336bad0cb63f4e76f8988e77ecce,ca0178be9c5fd168509f48974d2b3e1bbc91b2ba4e8e9e320299fd98dcf765e8,0c9085a7366142fd489e5640b36c75720ff4acbc,discovery,0train,PASS,107,S01_0train_T108,1,2,tongue,True,0.0,1.438915035565121e-13,5.012529038847458e-10,3483.547613969321,True
1.0,ff7143dca8408a73233321fc7219358e48f2336bad0cb63f4e76f8988e77ecce,ca0178be9c5fd168509f48974d2b3e1bbc91b2ba4e8e9e320299fd98dcf765e8,0c9085a7366142fd489e5640b36c75720ff4acbc,discovery,0train,PASS,108,S01_0train_T109,1,2,tongue,True,0.0,1.0645565272697432e-13,5.602133970238343e-10,5262.410991557279,True
1.0,ff7143dca8408a73233321fc7219358e48f2336bad0cb63f4e76f8988e77ecce,ca0178be9c5fd168509f48974d2b3e1bbc91b2ba4e8e9e320299fd98dcf765e8,0c9085a7366142fd489e5640b36c75720ff4acbc,discovery,0train,PASS,109,S01_0train_T110,1,2,right_hand,True,0.0,1.1253492926924443e-13,4.101969811288083e-10,3645.0636597228868,True
1.0,ff7143dca8408a73233321fc7219358e48f2336bad0cb63f4e76f8988e77ecce,ca0178be9c5fd168509f48974d2b3e1bbc91b2ba4e8e9e320299fd98dcf765e8,0c9085a7366142fd489e5640b36c75720ff4acbc,discovery,0train,PASS,110,S01_0train_T111,1,2,left_hand,True,0.0,7.756475997814754e-14,2.58134036227335e-10,3327.980854966348,True
1.0,ff7143dca8408a73233321fc7219358e48f2336bad0cb63f4e76f8988e77ecce,ca0178be9c5fd168509f48974d2b3e1bbc91b2ba4e8e9e320299fd98dcf765e8,0c9085a7366142fd489e5640b36c75720ff4acbc,discovery,0train,PASS,111,S01_0train_T112,1,2,feet,True,0.0,9.227057836233398e-14,2.8351282828715574e-10,3072.6243762539293,True
1.0,ff7143dca8408a73233321fc7219358e48f2336bad0cb63f4e76f8988e77ecce,ca0178be9c5fd168509f48974d2b3e1bbc91b2ba4e8e9e320299fd98dcf765e8,0c9085a7366142fd489e5640b36c75720ff4acbc,discovery,0train,PASS,112,S01_0train_T113,1,2,right_hand,True,0.0,7.650183131475792e-14,2.4450895209958736e-10,3196.1189411738865,True
1.0,ff7143dca8408a73233321fc7219358e48f2336bad0cb63f4e76f8988e77ecce,ca0178be9c5fd168509f48974d2b3e1bbc91b2ba4e8e9e320299fd98dcf765e8,0c9085a7366142fd489e5640b36c75720ff4acbc,discovery,0train,PASS,113,S01_0train_T114,1,2,tongue,True,0.0,1.1598555928150252e-13,3.1584117121370025e-10,2723.1077141865444,True
1.0,ff7143dca8408a73233321fc7219358e48f2336bad0cb63f4e76f8988e77ecce,ca0178be9c5fd168509f48974d2b3e1bbc91b2ba4e8e9e320299fd98dcf765e8,0c9085a7366142fd489e5640b36c75720ff4acbc,discovery,0train,PASS,114,S01_0train_T115,1,2,left_hand,True,0.0,8.437865214459186e-14,2.9384138268520227e-10,3482.4138003730327,True
1.0,ff7143dca8408a73233321fc7219358e48f2336bad0cb63f4e76f8988e77ecce,ca0178be9c5fd168509f48974d2b3e1bbc91b2ba4e8e9e320299fd98dcf765e8,0c9085a7366142fd489e5640b36c75720ff4acbc,discovery,0train,PASS,115,S01_0train_T116,1,2,tongue,True,0.0,1.1839004405927418e-13,4.003500982342433e-10,3381.6196405316023,True
1.0,ff7143dca8408a73233321fc7219358e48f2336bad0cb63f4e76f8988e77ecce,ca0178be9c5fd168509f48974d2b3e1bbc91b2ba4e8e9e320299fd98dcf765e8,0c9085a7366142fd489e5640b36c75720ff4acbc,discovery,0train,PASS,116,S01_0train_T117,1,2,feet,True,0.0,9.781053958507122e-14,3.3033527839846344e-10,3377.297373062262,True
1.0,ff7143dca8408a73233321fc7219358e48f2336bad0cb63f4e76f8988e77ecce,ca0178be9c5fd168509f48974d2b3e1bbc91b2ba4e8e9e320299fd98dcf765e8,0c9085a7366142fd489e5640b36c75720ff4acbc,discovery,0train,PASS,117,S01_0train_T118,1,2,right_hand,True,0.0,6.846571194916257e-14,2.647553127872532e-10,3866.9766989911727,True
1.0,ff7143dca8408a73233321fc7219358e48f2336bad0cb63f4e76f8988e77ecce,ca0178be9c5fd168509f48974d2b3e1bbc91b2ba4e8e9e320299fd98dcf765e8,0c9085a7366142fd489e5640b36c75720ff4acbc,discovery,0train,PASS,118,S01_0train_T119,1,2,tongue,True,0.0,1.3066577796267025e-13,5.368780291205509e-10,4108.788372070389,True
1.0,ff7143dca8408a73233321fc7219358e48f2336bad0cb63f4e76f8988e77ecce,ca0178be9c5fd168509f48974d2b3e1bbc91b2ba4e8e9e320299fd98dcf765e8,0c9085a7366142fd489e5640b36c75720ff4acbc,discovery,0train,PASS,119,S01_0train_T120,1,2,tongue,True,0.0,1.216552178124845e-13,5.248632804453238e-10,4314.350751928548,True
1.0,ff7143dca8408a73233321fc7219358e48f2336bad0cb63f4e76f8988e77ecce,ca0178be9c5fd168509f48974d2b3e1bbc91b2ba4e8e9e320299fd98dcf765e8,0c9085a7366142fd489e5640b36c75720ff4acbc,discovery,0train,PASS,120,S01_0train_T121,1,2,left_hand,True,0.0,1.0759660171376269e-13,3.8243067721643914e-10,3554.3007039740214,True
1.0,ff7143dca8408a73233321fc7219358e48f2336bad0cb63f4e76f8988e77ecce,ca0178be9c5fd168509f48974d2b3e1bbc91b2ba4e8e9e320299fd98dcf765e8,0c9085a7366142fd489e5640b36c75720ff4acbc,discovery,0train,PASS,121,S01_0train_T122,1,2,right_hand,True,0.0,8.957796286722071e-14,4.402347018277022e-10,4914.542458174134,True
1.0,ff7143dca8408a73233321fc7219358e48f2336bad0cb63f4e76f8988e77ecce,ca0178be9c5fd168509f48974d2b3e1bbc91b2ba4e8e9e320299fd98dcf765e8,0c9085a7366142fd489e5640b36c75720ff4acbc,discovery,0train,PASS,122,S01_0train_T123,1,2,right_hand,True,0.0,9.013449804607275e-14,4.0332184731708733e-10,4474.666815262311,True
1.0,ff7143dca8408a73233321fc7219358e48f2336bad0cb63f4e76f8988e77ecce,ca0178be9c5fd168509f48974d2b3e1bbc91b2ba4e8e9e320299fd98dcf765e8,0c9085a7366142fd489e5640b36c75720ff4acbc,discovery,0train,PASS,123,S01_0train_T124,1,2,feet,True,0.0,9.872957566666912e-14,3.272302554022388e-10,3314.4096203455174,True
1.0,ff7143dca8408a73233321fc7219358e48f2336bad0cb63f4e76f8988e77ecce,ca0178be9c5fd168509f48974d2b3e1bbc91b2ba4e8e9e320299fd98dcf765e8,0c9085a7366142fd489e5640b36c75720ff4acbc,discovery,0train,PASS,124,S01_0train_T125,1,2,tongue,True,0.0,1.101962205734705e-13,3.5012934153452547e-10,3177.3262250957664,True
1.0,ff7143dca8408a73233321fc7219358e48f2336bad0cb63f4e76f8988e77ecce,ca0178be9c5fd168509f48974d2b3e1bbc91b2ba4e8e9e320299fd98dcf765e8,0c9085a7366142fd489e5640b36c75720ff4acbc,discovery,0train,PASS,125,S01_0train_T126,1,2,right_hand,True,0.0,9.863388067228834e-14,4.700007651008745e-10,4765.1046668482495,True
1.0,ff7143dca8408a73233321fc7219358e48f2336bad0cb63f4e76f8988e77ecce,ca0178be9c5fd168509f48974d2b3e1bbc91b2ba4e8e9e320299fd98dcf765e8,0c9085a7366142fd489e5640b36c75720ff4acbc,discovery,0train,PASS,126,S01_0train_T127,1,2,left_hand,True,0.0,1.1795198437172803e-13,4.341653104552352e-10,3680.864826207201,True
1.0,ff7143dca8408a73233321fc7219358e48f2336bad0cb63f4e76f8988e77ecce,ca0178be9c5fd168509f48974d2b3e1bbc91b2ba4e8e9e320299fd98dcf765e8,0c9085a7366142fd489e5640b36c75720ff4acbc,discovery,0train,PASS,127,S01_0train_T128,1,2,left_hand,True,0.0,8.430091704388505e-14,2.7234743412414306e-10,3230.658024542787,True
1.0,ff7143dca8408a73233321fc7219358e48f2336bad0cb63f4e76f8988e77ecce,ca0178be9c5fd168509f48974d2b3e1bbc91b2ba4e8e9e320299fd98dcf765e8,0c9085a7366142fd489e5640b36c75720ff4acbc,discovery,0train,PASS,128,S01_0train_T129,1,2,tongue,True,0.0,9.772999463754812e-14,3.36462614048311e-10,3442.7773714318937,True
1.0,ff7143dca8408a73233321fc7219358e48f2336bad0cb63f4e76f8988e77ecce,ca0178be9c5fd168509f48974d2b3e1bbc91b2ba4e8e9e320299fd98dcf765e8,0c9085a7366142fd489e5640b36c75720ff4acbc,discovery,0train,PASS,129,S01_0train_T130,1,2,right_hand,True,0.0,8.09624424961338e-14,3.08391889472356e-10,3809.07344151682,True
1.0,ff7143dca8408a73233321fc7219358e48f2336bad0cb63f4e76f8988e77ecce,ca0178be9c5fd168509f48974d2b3e1bbc91b2ba4e8e9e320299fd98dcf765e8,0c9085a7366142fd489e5640b36c75720ff4acbc,discovery,0train,PASS,130,S01_0train_T131,1,2,left_hand,True,0.0,7.771532983182494e-14,3.5196893488285167e-10,4528.9511817618,True
1.0,ff7143dca8408a73233321fc7219358e48f2336bad0cb63f4e76f8988e77ecce,ca0178be9c5fd168509f48974d2b3e1bbc91b2ba4e8e9e320299fd98dcf765e8,0c9085a7366142fd489e5640b36c75720ff4acbc,discovery,0train,PASS,131,S01_0train_T132,1,2,feet,True,0.0,1.379127476488275e-13,4.682171821680814e-10,3395.024681549531,True
1.0,ff7143dca8408a73233321fc7219358e48f2336bad0cb63f4e76f8988e77ecce,ca0178be9c5fd168509f48974d2b3e1bbc91b2ba4e8e9e320299fd98dcf765e8,0c9085a7366142fd489e5640b36c75720ff4acbc,discovery,0train,PASS,132,S01_0train_T133,1,2,right_hand,True,0.0,9.036800735072335e-14,2.9894650772706893e-10,3308.1011354697753,True
1.0,ff7143dca8408a73233321fc7219358e48f2336bad0cb63f4e76f8988e77ecce,ca0178be9c5fd168509f48974d2b3e1bbc91b2ba4e8e9e320299fd98dcf765e8,0c9085a7366142fd489e5640b36c75720ff4acbc,discovery,0train,PASS,133,S01_0train_T134,1,2,right_hand,True,0.0,9.055540492714087e-14,3.9430495670836363e-10,4354.295108344044,True
1.0,ff7143dca8408a73233321fc7219358e48f2336bad0cb63f4e76f8988e77ecce,ca0178be9c5fd168509f48974d2b3e1bbc91b2ba4e8e9e320299fd98dcf765e8,0c9085a7366142fd489e5640b36c75720ff4acbc,discovery,0train,PASS,134,S01_0train_T135,1,2,feet,True,0.0,1.1676895685806489e-13,4.296370984276049e-10,3679.3777215106734,True
1.0,ff7143dca8408a73233321fc7219358e48f2336bad0cb63f4e76f8988e77ecce,ca0178be9c5fd168509f48974d2b3e1bbc91b2ba4e8e9e320299fd98dcf765e8,0c9085a7366142fd489e5640b36c75720ff4acbc,discovery,0train,PASS,135,S01_0train_T136,1,2,left_hand,True,0.0,9.549220446795769e-14,3.1059795774037485e-10,3252.600141246039,True
1.0,ff7143dca8408a73233321fc7219358e48f2336bad0cb63f4e76f8988e77ecce,ca0178be9c5fd168509f48974d2b3e1bbc91b2ba4e8e9e320299fd98dcf765e8,0c9085a7366142fd489e5640b36c75720ff4acbc,discovery,0train,PASS,136,S01_0train_T137,1,2,tongue,True,0.0,1.1546744813793738e-13,3.551552578181153e-10,3075.8041642510966,True
1.0,ff7143dca8408a73233321fc7219358e48f2336bad0cb63f4e76f8988e77ecce,ca0178be9c5fd168509f48974d2b3e1bbc91b2ba4e8e9e320299fd98dcf765e8,0c9085a7366142fd489e5640b36c75720ff4acbc,discovery,0train,PASS,137,S01_0train_T138,1,2,feet,True,0.0,9.48619169733222e-14,3.155519822177946e-10,3326.4348042485435,True
1.0,ff7143dca8408a73233321fc7219358e48f2336bad0cb63f4e76f8988e77ecce,ca0178be9c5fd168509f48974d2b3e1bbc91b2ba4e8e9e320299fd98dcf765e8,0c9085a7366142fd489e5640b36c75720ff4acbc,discovery,0train,PASS,138,S01_0train_T139,1,2,feet,True,0.0,1.568078692599391e-13,7.999663246095982e-10,5101.570019317721,True
1.0,ff7143dca8408a73233321fc7219358e48f2336bad0cb63f4e76f8988e77ecce,ca0178be9c5fd168509f48974d2b3e1bbc91b2ba4e8e9e320299fd98dcf765e8,0c9085a7366142fd489e5640b36c75720ff4acbc,discovery,0train,PASS,139,S01_0train_T140,1,2,feet,True,0.0,1.2887690983491238e-13,5.129583964362193e-10,3980.2195528532166,True
1.0,ff7143dca8408a73233321fc7219358e48f2336bad0cb63f4e76f8988e77ecce,ca0178be9c5fd168509f48974d2b3e1bbc91b2ba4e8e9e320299fd98dcf765e8,0c9085a7366142fd489e5640b36c75720ff4acbc,discovery,0train,PASS,140,S01_0train_T141,1,2,feet,True,0.0,1.263931011763147e-13,5.422303239489878e-10,4290.03101358034,True
1.0,ff7143dca8408a73233321fc7219358e48f2336bad0cb63f4e76f8988e77ecce,ca0178be9c5fd168509f48974d2b3e1bbc91b2ba4e8e9e320299fd98dcf765e8,0c9085a7366142fd489e5640b36c75720ff4acbc,discovery,0train,PASS,141,S01_0train_T142,1,2,left_hand,True,0.0,1.021967936588352e-13,4.150621432804507e-10,4061.400836762626,True
1.0,ff7143dca8408a73233321fc7219358e48f2336bad0cb63f4e76f8988e77ecce,ca0178be9c5fd168509f48974d2b3e1bbc91b2ba4e8e9e320299fd98dcf765e8,0c9085a7366142fd489e5640b36c75720ff4acbc,discovery,0train,PASS,142,S01_0train_T143,1,2,right_hand,True,0.0,8.57049603612342e-14,3.6725331871077755e-10,4285.088251168394,True
1.0,ff7143dca8408a73233321fc7219358e48f2336bad0cb63f4e76f8988e77ecce,ca0178be9c5fd168509f48974d2b3e1bbc91b2ba4e8e9e320299fd98dcf765e8,0c9085a7366142fd489e5640b36c75720ff4acbc,discovery,0train,PASS,143,S01_0train_T144,1,2,left_hand,True,0.0,8.949899425328626e-14,3.0482480883339483e-10,3405.9020593094783,True
1.0,ff7143dca8408a73233321fc7219358e48f2336bad0cb63f4e76f8988e77ecce,ca0178be9c5fd168509f48974d2b3e1bbc91b2ba4e8e9e320299fd98dcf765e8,0c9085a7366142fd489e5640b36c75720ff4acbc,discovery,0train,PASS,144,S01_0train_T145,1,3,right_hand,True,0.0,7.318401151421687e-14,2.713291454505917e-10,3707.492112507153,True
1.0,ff7143dca8408a73233321fc7219358e48f2336bad0cb63f4e76f8988e77ecce,ca0178be9c5fd168509f48974d2b3e1bbc91b2ba4e8e9e320299fd98dcf765e8,0c9085a7366142fd489e5640b36c75720ff4acbc,discovery,0train,PASS,145,S01_0train_T146,1,3,left_hand,True,0.0,9.160029117561351e-14,4.175263857665843e-10,4558.133826956013,True
1.0,ff7143dca8408a73233321fc7219358e48f2336bad0cb63f4e76f8988e77ecce,ca0178be9c5fd168509f48974d2b3e1bbc91b2ba4e8e9e320299fd98dcf765e8,0c9085a7366142fd489e5640b36c75720ff4acbc,discovery,0train,PASS,146,S01_0train_T147,1,3,left_hand,True,0.0,9.526758089893727e-14,4.514042061359982e-10,4738.27719646688,True
1.0,ff7143dca8408a73233321fc7219358e48f2336bad0cb63f4e76f8988e77ecce,ca0178be9c5fd168509f48974d2b3e1bbc91b2ba4e8e9e320299fd98dcf765e8,0c9085a7366142fd489e5640b36c75720ff4acbc,discovery,0train,PASS,147,S01_0train_T148,1,3,feet,True,0.0,1.21842670378002e-13,4.56945946053354e-10,3750.2949060106366,True
1.0,ff7143dca8408a73233321fc7219358e48f2336bad0cb63f4e76f8988e77ecce,ca0178be9c5fd168509f48974d2b3e1bbc91b2ba4e8e9e320299fd98dcf765e8,0c9085a7366142fd489e5640b36c75720ff4acbc,discovery,0train,PASS,148,S01_0train_T149,1,3,feet,True,0.0,1.1345900450443776e-13,3.796495981098285e-10,3346.138984455651,True
1.0,ff7143dca8408a73233321fc7219358e48f2336bad0cb63f4e76f8988e77ecce,ca0178be9c5fd168509f48974d2b3e1bbc91b2ba4e8e9e320299fd98dcf765e8,0c9085a7366142fd489e5640b36c75720ff4acbc,discovery,0train,PASS,149,S01_0train_T150,1,3,right_hand,True,0.0,7.685461775403036e-14,2.6188362998194324e-10,3407.5197774073854,True
1.0,ff7143dca8408a73233321fc7219358e48f2336bad0cb63f4e76f8988e77ecce,ca0178be9c5fd168509f48974d2b3e1bbc91b2ba4e8e9e320299fd98dcf765e8,0c9085a7366142fd489e5640b36c75720ff4acbc,discovery,0train,PASS,150,S01_0train_T151,1,3,feet,True,0.0,1.1351249595169658e-13,4.2352894412818776e-10,3731.1217639722568,True
1.0,ff7143dca8408a73233321fc7219358e48f2336bad0cb63f4e76f8988e77ecce,ca0178be9c5fd168509f48974d2b3e1bbc91b2ba4e8e9e320299fd98dcf765e8,0c9085a7366142fd489e5640b36c75720ff4acbc,discovery,0train,PASS,151,S01_0train_T152,1,3,tongue,True,0.0,1.261370289804796e-13,4.260754031454705e-10,3377.87727037243,True
1.0,ff7143dca8408a73233321fc7219358e48f2336bad0cb63f4e76f8988e77ecce,ca0178be9c5fd168509f48974d2b3e1bbc91b2ba4e8e9e320299fd98dcf765e8,0c9085a7366142fd489e5640b36c75720ff4acbc,discovery,0train,PASS,152,S01_0train_T153,1,3,left_hand,True,0.0,7.8343292673412e-14,3.3491094807370023e-10,4274.915396648393,True
1.0,ff7143dca8408a73233321fc7219358e48f2336bad0cb63f4e76f8988e77ecce,ca0178be9c5fd168509f48974d2b3e1bbc91b2ba4e8e9e320299fd98dcf765e8,0c9085a7366142fd489e5640b36c75720ff4acbc,discovery,0train,PASS,153,S01_0train_T154,1,3,tongue,True,0.0,1.3291895393479912e-13,4.9367574595927e-10,3714.1109777423717,True
1.0,ff7143dca8408a73233321fc7219358e48f2336bad0cb63f4e76f8988e77ecce,ca0178be9c5fd168509f48974d2b3e1bbc91b2ba4e8e9e320299fd98dcf765e8,0c9085a7366142fd489e5640b36c75720ff4acbc,discovery,0train,PASS,154,S01_0train_T155,1,3,left_hand,True,0.0,9.89087633451474e-14,3.968301403089483e-10,4012.082720357026,True
1.0,ff7143dca8408a73233321fc7219358e48f2336bad0cb63f4e76f8988e77ecce,ca0178be9c5fd168509f48974d2b3e1bbc91b2ba4e8e9e320299fd98dcf765e8,0c9085a7366142fd489e5640b36c75720ff4acbc,discovery,0train,PASS,155,S01_0train_T156,1,3,left_hand,True,0.0,8.931748029638349e-14,3.799426002331651e-10,4253.843692997116,True
1.0,ff7143dca8408a73233321fc7219358e48f2336bad0cb63f4e76f8988e77ecce,ca0178be9c5fd168509f48974d2b3e1bbc91b2ba4e8e9e320299fd98dcf765e8,0c9085a7366142fd489e5640b36c75720ff4acbc,discovery,0train,PASS,156,S01_0train_T157,1,3,right_hand,True,0.0,8.843567286996769e-14,4.0860784870500753e-10,4620.396220717496,True
1.0,ff7143dca8408a73233321fc7219358e48f2336bad0cb63f4e76f8988e77ecce,ca0178be9c5fd168509f48974d2b3e1bbc91b2ba4e8e9e320299fd98dcf765e8,0c9085a7366142fd489e5640b36c75720ff4acbc,discovery,0train,PASS,157,S01_0train_T158,1,3,tongue,True,0.0,1.2142083042743282e-13,3.529163133732575e-10,2906.5549307388237,True
1.0,ff7143dca8408a73233321fc7219358e48f2336bad0cb63f4e76f8988e77ecce,ca0178be9c5fd168509f48974d2b3e1bbc91b2ba4e8e9e320299fd98dcf765e8,0c9085a7366142fd489e5640b36c75720ff4acbc,discovery,0train,PASS,158,S01_0train_T159,1,3,feet,True,0.0,1.0471512811077821e-13,3.986264005073143e-10,3806.769926171576,True
1.0,ff7143dca8408a73233321fc7219358e48f2336bad0cb63f4e76f8988e77ecce,ca0178be9c5fd168509f48974d2b3e1bbc91b2ba4e8e9e320299fd98dcf765e8,0c9085a7366142fd489e5640b36c75720ff4acbc,discovery,0train,PASS,159,S01_0train_T160,1,3,right_hand,True,0.0,8.408476868180652e-14,3.5176996019829685e-10,4183.515822341908,True
1.0,ff7143dca8408a73233321fc7219358e48f2336bad0cb63f4e76f8988e77ecce,ca0178be9c5fd168509f48974d2b3e1bbc91b2ba4e8e9e320299fd98dcf765e8,0c9085a7366142fd489e5640b36c75720ff4acbc,discovery,0train,PASS,160,S01_0train_T161,1,3,tongue,True,0.0,1.1114000163902089e-13,3.869162302403702e-10,3481.3408721826504,True
1.0,ff7143dca8408a73233321fc7219358e48f2336bad0cb63f4e76f8988e77ecce,ca0178be9c5fd168509f48974d2b3e1bbc91b2ba4e8e9e320299fd98dcf765e8,0c9085a7366142fd489e5640b36c75720ff4acbc,discovery,0train,PASS,161,S01_0train_T162,1,3,feet,True,0.0,1.1714880990779845e-13,5.483336558874549e-10,4680.659208736469,True
1.0,ff7143dca8408a73233321fc7219358e48f2336bad0cb63f4e76f8988e77ecce,ca0178be9c5fd168509f48974d2b3e1bbc91b2ba4e8e9e320299fd98dcf765e8,0c9085a7366142fd489e5640b36c75720ff4acbc,discovery,0train,PASS,162,S01_0train_T163,1,3,tongue,True,0.0,1.4288011252399143e-13,5.641198741087731e-10,3948.2042962000755,True
1.0,ff7143dca8408a73233321fc7219358e48f2336bad0cb63f4e76f8988e77ecce,ca0178be9c5fd168509f48974d2b3e1bbc91b2ba4e8e9e320299fd98dcf765e8,0c9085a7366142fd489e5640b36c75720ff4acbc,discovery,0train,PASS,163,S01_0train_T164,1,3,feet,True,0.0,1.2278858663297062e-13,6.060301783466426e-10,4935.55789642027,True
1.0,ff7143dca8408a73233321fc7219358e48f2336bad0cb63f4e76f8988e77ecce,ca0178be9c5fd168509f48974d2b3e1bbc91b2ba4e8e9e320299fd98dcf765e8,0c9085a7366142fd489e5640b36c75720ff4acbc,discovery,0train,PASS,164,S01_0train_T165,1,3,tongue,True,0.0,1.275193586166863e-13,4.5514805075665884e-10,3569.24670649262,True
1.0,ff7143dca8408a73233321fc7219358e48f2336bad0cb63f4e76f8988e77ecce,ca0178be9c5fd168509f48974d2b3e1bbc91b2ba4e8e9e320299fd98dcf765e8,0c9085a7366142fd489e5640b36c75720ff4acbc,discovery,0train,PASS,165,S01_0train_T166,1,3,right_hand,True,0.0,7.213896127775637e-14,3.273912231921145e-10,4538.341242973562,True
1.0,ff7143dca8408a73233321fc7219358e48f2336bad0cb63f4e76f8988e77ecce,ca0178be9c5fd168509f48974d2b3e1bbc91b2ba4e8e9e320299fd98dcf765e8,0c9085a7366142fd489e5640b36c75720ff4acbc,discovery,0train,PASS,166,S01_0train_T167,1,3,right_hand,True,0.0,1.038663451948717e-13,3.879178741723752e-10,3734.7792823996297,True
1.0,ff7143dca8408a73233321fc7219358e48f2336bad0cb63f4e76f8988e77ecce,ca0178be9c5fd168509f48974d2b3e1bbc91b2ba4e8e9e320299fd98dcf765e8,0c9085a7366142fd489e5640b36c75720ff4acbc,discovery,0train,PASS,167,S01_0train_T168,1,3,tongue,True,0.0,1.1780592817755952e-13,4.856457271298029e-10,4122.421805444525,True
1.0,ff7143dca8408a73233321fc7219358e48f2336bad0cb63f4e76f8988e77ecce,ca0178be9c5fd168509f48974d2b3e1bbc91b2ba4e8e9e320299fd98dcf765e8,0c9085a7366142fd489e5640b36c75720ff4acbc,discovery,0train,PASS,168,S01_0train_T169,1,3,left_hand,True,0.0,1.0499505614541618e-13,4.167577679842073e-10,3969.308492078004,True
1.0,ff7143dca8408a73233321fc7219358e48f2336bad0cb63f4e76f8988e77ecce,ca0178be9c5fd168509f48974d2b3e1bbc91b2ba4e8e9e320299fd98dcf765e8,0c9085a7366142fd489e5640b36c75720ff4acbc,discovery,0train,PASS,169,S01_0train_T170,1,3,right_hand,True,0.0,8.954861537509837e-14,3.833914210560871e-10,4281.377433365657,True
1.0,ff7143dca8408a73233321fc7219358e48f2336bad0cb63f4e76f8988e77ecce,ca0178be9c5fd168509f48974d2b3e1bbc91b2ba4e8e9e320299fd98dcf765e8,0c9085a7366142fd489e5640b36c75720ff4acbc,discovery,0train,PASS,170,S01_0train_T171,1,3,right_hand,True,0.0,9.409944704935238e-14,3.303736532099548e-10,3510.8989858004543,True
1.0,ff7143dca8408a73233321fc7219358e48f2336bad0cb63f4e76f8988e77ecce,ca0178be9c5fd168509f48974d2b3e1bbc91b2ba4e8e9e320299fd98dcf765e8,0c9085a7366142fd489e5640b36c75720ff4acbc,discovery,0train,PASS,171,S01_0train_T172,1,3,right_hand,True,0.0,1.0144566654411972e-13,5.425691302743437e-10,5348.371682671877,True
1.0,ff7143dca8408a73233321fc7219358e48f2336bad0cb63f4e76f8988e77ecce,ca0178be9c5fd168509f48974d2b3e1bbc91b2ba4e8e9e320299fd98dcf765e8,0c9085a7366142fd489e5640b36c75720ff4acbc,discovery,0train,PASS,172,S01_0train_T173,1,3,feet,True,0.0,1.4261922369219598e-13,4.5021341458570406e-10,3156.75126347178,True
1.0,ff7143dca8408a73233321fc7219358e48f2336bad0cb63f4e76f8988e77ecce,ca0178be9c5fd168509f48974d2b3e1bbc91b2ba4e8e9e320299fd98dcf765e8,0c9085a7366142fd489e5640b36c75720ff4acbc,discovery,0train,PASS,173,S01_0train_T174,1,3,tongue,True,0.0,1.2098231773338095e-13,4.1841383587177405e-10,3458.470987420396,True
1.0,ff7143dca8408a73233321fc7219358e48f2336bad0cb63f4e76f8988e77ecce,ca0178be9c5fd168509f48974d2b3e1bbc91b2ba4e8e9e320299fd98dcf765e8,0c9085a7366142fd489e5640b36c75720ff4acbc,discovery,0train,PASS,174,S01_0train_T175,1,3,left_hand,True,0.0,1.2158598102184546e-13,5.880562511195621e-10,4836.546501310093,True
1.0,ff7143dca8408a73233321fc7219358e48f2336bad0cb63f4e76f8988e77ecce,ca0178be9c5fd168509f48974d2b3e1bbc91b2ba4e8e9e320299fd98dcf765e8,0c9085a7366142fd489e5640b36c75720ff4acbc,discovery,0train,PASS,175,S01_0train_T176,1,3,tongue,True,0.0,1.1274764395531225e-13,4.4614630469717314e-10,3957.0343915479434,True
1.0,ff7143dca8408a73233321fc7219358e48f2336bad0cb63f4e76f8988e77ecce,ca0178be9c5fd168509f48974d2b3e1bbc91b2ba4e8e9e320299fd98dcf765e8,0c9085a7366142fd489e5640b36c75720ff4acbc,discovery,0train,PASS,176,S01_0train_T177,1,3,left_hand,True,0.0,8.619129748741174e-14,4.3362683922111936e-10,5030.981686804873,True
1.0,ff7143dca8408a73233321fc7219358e48f2336bad0cb63f4e76f8988e77ecce,ca0178be9c5fd168509f48974d2b3e1bbc91b2ba4e8e9e320299fd98dcf765e8,0c9085a7366142fd489e5640b36c75720ff4acbc,discovery,0train,PASS,177,S01_0train_T178,1,3,feet,True,0.0,8.379990655551389e-14,2.827721963609964e-10,3374.373647704151,True
1.0,ff7143dca8408a73233321fc7219358e48f2336bad0cb63f4e76f8988e77ecce,ca0178be9c5fd168509f48974d2b3e1bbc91b2ba4e8e9e320299fd98dcf765e8,0c9085a7366142fd489e5640b36c75720ff4acbc,discovery,0train,PASS,178,S01_0train_T179,1,3,left_hand,True,0.0,8.607749761569042e-14,4.011825275074445e-10,4660.713178473208,True
1.0,ff7143dca8408a73233321fc7219358e48f2336bad0cb63f4e76f8988e77ecce,ca0178be9c5fd168509f48974d2b3e1bbc91b2ba4e8e9e320299fd98dcf765e8,0c9085a7366142fd489e5640b36c75720ff4acbc,discovery,0train,PASS,179,S01_0train_T180,1,3,tongue,True,0.0,1.241899189775608e-13,4.537630717252835e-10,3653.7834589236786,True
1.0,ff7143dca8408a73233321fc7219358e48f2336bad0cb63f4e76f8988e77ecce,ca0178be9c5fd168509f48974d2b3e1bbc91b2ba4e8e9e320299fd98dcf765e8,0c9085a7366142fd489e5640b36c75720ff4acbc,discovery,0train,PASS,180,S01_0train_T181,1,3,left_hand,True,0.0,1.1294606017234305e-13,5.160951229462807e-10,4569.394648726811,True
1.0,ff7143dca8408a73233321fc7219358e48f2336bad0cb63f4e76f8988e77ecce,ca0178be9c5fd168509f48974d2b3e1bbc91b2ba4e8e9e320299fd98dcf765e8,0c9085a7366142fd489e5640b36c75720ff4acbc,discovery,0train,PASS,181,S01_0train_T182,1,3,feet,True,0.0,1.1844717253419817e-13,3.472236832736187e-10,2931.464515739014,True
1.0,ff7143dca8408a73233321fc7219358e48f2336bad0cb63f4e76f8988e77ecce,ca0178be9c5fd168509f48974d2b3e1bbc91b2ba4e8e9e320299fd98dcf765e8,0c9085a7366142fd489e5640b36c75720ff4acbc,discovery,0train,PASS,182,S01_0train_T183,1,3,left_hand,True,0.0,8.846529543145016e-14,3.8237357851477014e-10,4322.300362531012,True
1.0,ff7143dca8408a73233321fc7219358e48f2336bad0cb63f4e76f8988e77ecce,ca0178be9c5fd168509f48974d2b3e1bbc91b2ba4e8e9e320299fd98dcf765e8,0c9085a7366142fd489e5640b36c75720ff4acbc,discovery,0train,PASS,183,S01_0train_T184,1,3,right_hand,True,0.0,1.0578528854106207e-13,4.986157579075662e-10,4713.469753537813,True
1.0,ff7143dca8408a73233321fc7219358e48f2336bad0cb63f4e76f8988e77ecce,ca0178be9c5fd168509f48974d2b3e1bbc91b2ba4e8e9e320299fd98dcf765e8,0c9085a7366142fd489e5640b36c75720ff4acbc,discovery,0train,PASS,184,S01_0train_T185,1,3,feet,True,0.0,1.2345221075307498e-13,3.8432983250474273e-10,3113.187120427244,True
1.0,ff7143dca8408a73233321fc7219358e48f2336bad0cb63f4e76f8988e77ecce,ca0178be9c5fd168509f48974d2b3e1bbc91b2ba4e8e9e320299fd98dcf765e8,0c9085a7366142fd489e5640b36c75720ff4acbc,discovery,0train,PASS,185,S01_0train_T186,1,3,feet,True,0.0,1.3519531494513654e-13,5.955426451281717e-10,4405.053868692478,True
1.0,ff7143dca8408a73233321fc7219358e48f2336bad0cb63f4e76f8988e77ecce,ca0178be9c5fd168509f48974d2b3e1bbc91b2ba4e8e9e320299fd98dcf765e8,0c9085a7366142fd489e5640b36c75720ff4acbc,discovery,0train,PASS,186,S01_0train_T187,1,3,tongue,True,0.0,1.3375266377012163e-13,4.792709863557791e-10,3583.2631130210148,True
1.0,ff7143dca8408a73233321fc7219358e48f2336bad0cb63f4e76f8988e77ecce,ca0178be9c5fd168509f48974d2b3e1bbc91b2ba4e8e9e320299fd98dcf765e8,0c9085a7366142fd489e5640b36c75720ff4acbc,discovery,0train,PASS,187,S01_0train_T188,1,3,left_hand,True,0.0,8.89095529439477e-14,3.759828835872422e-10,4228.824362937439,True
1.0,ff7143dca8408a73233321fc7219358e48f2336bad0cb63f4e76f8988e77ecce,ca0178be9c5fd168509f48974d2b3e1bbc91b2ba4e8e9e320299fd98dcf765e8,0c9085a7366142fd489e5640b36c75720ff4acbc,discovery,0train,PASS,188,S01_0train_T189,1,3,right_hand,True,0.0,1.254255167768962e-13,5.733987277158373e-10,4571.62738851445,True
1.0,ff7143dca8408a73233321fc7219358e48f2336bad0cb63f4e76f8988e77ecce,ca0178be9c5fd168509f48974d2b3e1bbc91b2ba4e8e9e320299fd98dcf765e8,0c9085a7366142fd489e5640b36c75720ff4acbc,discovery,0train,PASS,189,S01_0train_T190,1,3,tongue,True,0.0,1.2254256718645082e-13,4.1159955122575363e-10,3358.8291862655133,True
1.0,ff7143dca8408a73233321fc7219358e48f2336bad0cb63f4e76f8988e77ecce,ca0178be9c5fd168509f48974d2b3e1bbc91b2ba4e8e9e320299fd98dcf765e8,0c9085a7366142fd489e5640b36c75720ff4acbc,discovery,0train,PASS,190,S01_0train_T191,1,3,right_hand,True,0.0,8.205916186682794e-14,3.66548767812868e-10,4466.8841293764635,True
1.0,ff7143dca8408a73233321fc7219358e48f2336bad0cb63f4e76f8988e77ecce,ca0178be9c5fd168509f48974d2b3e1bbc91b2ba4e8e9e320299fd98dcf765e8,0c9085a7366142fd489e5640b36c75720ff4acbc,discovery,0train,PASS,191,S01_0train_T192,1,3,feet,True,0.0,1.1656102706235778e-13,5.003356204886277e-10,4292.47779552387,True
1.0,ff7143dca8408a73233321fc7219358e48f2336bad0cb63f4e76f8988e77ecce,ca0178be9c5fd168509f48974d2b3e1bbc91b2ba4e8e9e320299fd98dcf765e8,0c9085a7366142fd489e5640b36c75720ff4acbc,discovery,0train,PASS,192,S01_0train_T193,1,4,feet,True,0.0,1.091831431790818e-13,4.1951160246601113e-10,3842.2744596931934,True
1.0,ff7143dca8408a73233321fc7219358e48f2336bad0cb63f4e76f8988e77ecce,ca0178be9c5fd168509f48974d2b3e1bbc91b2ba4e8e9e320299fd98dcf765e8,0c9085a7366142fd489e5640b36c75720ff4acbc,discovery,0train,PASS,193,S01_0train_T194,1,4,left_hand,True,0.0,9.208934683352478e-14,3.9096651951765253e-10,4245.513004065771,True
1.0,ff7143dca8408a73233321fc7219358e48f2336bad0cb63f4e76f8988e77ecce,ca0178be9c5fd168509f48974d2b3e1bbc91b2ba4e8e9e320299fd98dcf765e8,0c9085a7366142fd489e5640b36c75720ff4acbc,discovery,0train,PASS,194,S01_0train_T195,1,4,tongue,True,0.0,1.3810867147601182e-13,3.7350521089978737e-10,2704.4298298435356,True
1.0,ff7143dca8408a73233321fc7219358e48f2336bad0cb63f4e76f8988e77ecce,ca0178be9c5fd168509f48974d2b3e1bbc91b2ba4e8e9e320299fd98dcf765e8,0c9085a7366142fd489e5640b36c75720ff4acbc,discovery,0train,PASS,195,S01_0train_T196,1,4,right_hand,True,0.0,8.137398937219323e-14,3.442764965521613e-10,4230.792900880019,True
1.0,ff7143dca8408a73233321fc7219358e48f2336bad0cb63f4e76f8988e77ecce,ca0178be9c5fd168509f48974d2b3e1bbc91b2ba4e8e9e320299fd98dcf765e8,0c9085a7366142fd489e5640b36c75720ff4acbc,discovery,0train,PASS,196,S01_0train_T197,1,4,tongue,True,0.0,1.4799742661767667e-13,6.292527296537877e-10,4251.7815615763575,True
1.0,ff7143dca8408a73233321fc7219358e48f2336bad0cb63f4e76f8988e77ecce,ca0178be9c5fd168509f48974d2b3e1bbc91b2ba4e8e9e320299fd98dcf765e8,0c9085a7366142fd489e5640b36c75720ff4acbc,discovery,0train,PASS,197,S01_0train_T198,1,4,left_hand,True,0.0,9.101658333866277e-14,3.6086786239345837e-10,3964.8583714762003,True
1.0,ff7143dca8408a73233321fc7219358e48f2336bad0cb63f4e76f8988e77ecce,ca0178be9c5fd168509f48974d2b3e1bbc91b2ba4e8e9e320299fd98dcf765e8,0c9085a7366142fd489e5640b36c75720ff4acbc,discovery,0train,PASS,198,S01_0train_T199,1,4,left_hand,True,0.0,7.862813518469814e-14,3.218627591046213e-10,4093.480766758146,True
1.0,ff7143dca8408a73233321fc7219358e48f2336bad0cb63f4e76f8988e77ecce,ca0178be9c5fd168509f48974d2b3e1bbc91b2ba4e8e9e320299fd98dcf765e8,0c9085a7366142fd489e5640b36c75720ff4acbc,discovery,0train,PASS,199,S01_0train_T200,1,4,feet,True,0.0,1.0853889084870922e-13,4.660528812433048e-10,4293.879157959419,True
1.0,ff7143dca8408a73233321fc7219358e48f2336bad0cb63f4e76f8988e77ecce,ca0178be9c5fd168509f48974d2b3e1bbc91b2ba4e8e9e320299fd98dcf765e8,0c9085a7366142fd489e5640b36c75720ff4acbc,discovery,0train,PASS,200,S01_0train_T201,1,4,feet,True,0.0,1.373445552905526e-13,4.979785035828115e-10,3625.760792113945,True
1.0,ff7143dca8408a73233321fc7219358e48f2336bad0cb63f4e76f8988e77ecce,ca0178be9c5fd168509f48974d2b3e1bbc91b2ba4e8e9e320299fd98dcf765e8,0c9085a7366142fd489e5640b36c75720ff4acbc,discovery,0train,PASS,201,S01_0train_T202,1,4,right_hand,True,0.0,9.535153978122059e-14,4.0434615198778953e-10,4240.583349944236,True
1.0,ff7143dca8408a73233321fc7219358e48f2336bad0cb63f4e76f8988e77ecce,ca0178be9c5fd168509f48974d2b3e1bbc91b2ba4e8e9e320299fd98dcf765e8,0c9085a7366142fd489e5640b36c75720ff4acbc,discovery,0train,PASS,202,S01_0train_T203,1,4,tongue,True,0.0,1.1685593626023044e-13,3.488671947019219e-10,2985.446917519173,True
1.0,ff7143dca8408a73233321fc7219358e48f2336bad0cb63f4e76f8988e77ecce,ca0178be9c5fd168509f48974d2b3e1bbc91b2ba4e8e9e320299fd98dcf765e8,0c9085a7366142fd489e5640b36c75720ff4acbc,discovery,0train,PASS,203,S01_0train_T204,1,4,right_hand,True,0.0,8.342320480201443e-14,3.3503007912412727e-10,4016.029831498841,True
1.0,ff7143dca8408a73233321fc7219358e48f2336bad0cb63f4e76f8988e77ecce,ca0178be9c5fd168509f48974d2b3e1bbc91b2ba4e8e9e320299fd98dcf765e8,0c9085a7366142fd489e5640b36c75720ff4acbc,discovery,0train,PASS,204,S01_0train_T205,1,4,right_hand,True,0.0,1.295567156212359e-13,4.894319388568325e-10,3777.742716847699,True
1.0,ff7143dca8408a73233321fc7219358e48f2336bad0cb63f4e76f8988e77ecce,ca0178be9c5fd168509f48974d2b3e1bbc91b2ba4e8e9e320299fd98dcf765e8,0c9085a7366142fd489e5640b36c75720ff4acbc,discovery,0train,PASS,205,S01_0train_T206,1,4,left_hand,True,0.0,7.887211845721474e-14,2.9158545985325026e-10,3696.9396227315083,True
1.0,ff7143dca8408a73233321fc7219358e48f2336bad0cb63f4e76f8988e77ecce,ca0178be9c5fd168509f48974d2b3e1bbc91b2ba4e8e9e320299fd98dcf765e8,0c9085a7366142fd489e5640b36c75720ff4acbc,discovery,0train,PASS,206,S01_0train_T207,1,4,right_hand,True,0.0,1.1917541265232311e-13,4.270953802992149e-10,3583.75415527365,True
1.0,ff7143dca8408a73233321fc7219358e48f2336bad0cb63f4e76f8988e77ecce,ca0178be9c5fd168509f48974d2b3e1bbc91b2ba4e8e9e320299fd98dcf765e8,0c9085a7366142fd489e5640b36c75720ff4acbc,discovery,0train,PASS,207,S01_0train_T208,1,4,tongue,True,0.0,1.2421801594869746e-13,5.008355267662524e-10,4031.907311843553,True
1.0,ff7143dca8408a73233321fc7219358e48f2336bad0cb63f4e76f8988e77ecce,ca0178be9c5fd168509f48974d2b3e1bbc91b2ba4e8e9e320299fd98dcf765e8,0c9085a7366142fd489e5640b36c75720ff4acbc,discovery,0train,PASS,208,S01_0train_T209,1,4,tongue,True,0.0,1.881068706713567e-13,1.0055338083253192e-09,5345.545352684629,True
1.0,ff7143dca8408a73233321fc7219358e48f2336bad0cb63f4e76f8988e77ecce,ca0178be9c5fd168509f48974d2b3e1bbc91b2ba4e8e9e320299fd98dcf765e8,0c9085a7366142fd489e5640b36c75720ff4acbc,discovery,0train,PASS,209,S01_0train_T210,1,4,right_hand,True,0.0,1.0912788093146498e-13,4.292312898410827e-10,3933.2871322833676,True
1.0,ff7143dca8408a73233321fc7219358e48f2336bad0cb63f4e76f8988e77ecce,ca0178be9c5fd168509f48974d2b3e1bbc91b2ba4e8e9e320299fd98dcf765e8,0c9085a7366142fd489e5640b36c75720ff4acbc,discovery,0train,PASS,210,S01_0train_T211,1,4,right_hand,True,0.0,1.1626159050428385e-13,4.00563921688092e-10,3445.3676399114165,True
1.0,ff7143dca8408a73233321fc7219358e48f2336bad0cb63f4e76f8988e77ecce,ca0178be9c5fd168509f48974d2b3e1bbc91b2ba4e8e9e320299fd98dcf765e8,0c9085a7366142fd489e5640b36c75720ff4acbc,discovery,0train,PASS,211,S01_0train_T212,1,4,right_hand,True,0.0,9.764900214452001e-14,3.961427158690856e-10,4056.8024984300046,True
1.0,ff7143dca8408a73233321fc7219358e48f2336bad0cb63f4e76f8988e77ecce,ca0178be9c5fd168509f48974d2b3e1bbc91b2ba4e8e9e320299fd98dcf765e8,0c9085a7366142fd489e5640b36c75720ff4acbc,discovery,0train,PASS,212,S01_0train_T213,1,4,right_hand,True,0.0,8.323055458422206e-14,3.73305303118542e-10,4485.195430733189,True
1.0,ff7143dca8408a73233321fc7219358e48f2336bad0cb63f4e76f8988e77ecce,ca0178be9c5fd168509f48974d2b3e1bbc91b2ba4e8e9e320299fd98dcf765e8,0c9085a7366142fd489e5640b36c75720ff4acbc,discovery,0train,PASS,213,S01_0train_T214,1,4,tongue,True,0.0,1.1375465886880094e-13,2.902631034344927e-10,2551.659038152169,True
1.0,ff7143dca8408a73233321fc7219358e48f2336bad0cb63f4e76f8988e77ecce,ca0178be9c5fd168509f48974d2b3e1bbc91b2ba4e8e9e320299fd98dcf765e8,0c9085a7366142fd489e5640b36c75720ff4acbc,discovery,0train,PASS,214,S01_0train_T215,1,4,tongue,True,0.0,1.3356506872877438e-13,5.642684542926216e-10,4224.670863895264,True
1.0,ff7143dca8408a73233321fc7219358e48f2336bad0cb63f4e76f8988e77ecce,ca0178be9c5fd168509f48974d2b3e1bbc91b2ba4e8e9e320299fd98dcf765e8,0c9085a7366142fd489e5640b36c75720ff4acbc,discovery,0train,PASS,215,S01_0train_T216,1,4,feet,True,0.0,1.1400730785311452e-13,3.978069505216182e-10,3489.3109749959826,True
1.0,ff7143dca8408a73233321fc7219358e48f2336bad0cb63f4e76f8988e77ecce,ca0178be9c5fd168509f48974d2b3e1bbc91b2ba4e8e9e320299fd98dcf765e8,0c9085a7366142fd489e5640b36c75720ff4acbc,discovery,0train,PASS,216,S01_0train_T217,1,4,tongue,True,0.0,1.529054958293349e-13,6.128701678843016e-10,4008.163111209261,True
1.0,ff7143dca8408a73233321fc7219358e48f2336bad0cb63f4e76f8988e77ecce,ca0178be9c5fd168509f48974d2b3e1bbc91b2ba4e8e9e320299fd98dcf765e8,0c9085a7366142fd489e5640b36c75720ff4acbc,discovery,0train,PASS,217,S01_0train_T218,1,4,left_hand,True,0.0,8.149197982501409e-14,2.7893833916004205e-10,3422.8931455463485,True
1.0,ff7143dca8408a73233321fc7219358e48f2336bad0cb63f4e76f8988e77ecce,ca0178be9c5fd168509f48974d2b3e1bbc91b2ba4e8e9e320299fd98dcf765e8,0c9085a7366142fd489e5640b36c75720ff4acbc,discovery,0train,PASS,218,S01_0train_T219,1,4,right_hand,True,0.0,9.455843376282178e-14,3.936563650943988e-10,4163.101580994836,True
1.0,ff7143dca8408a73233321fc7219358e48f2336bad0cb63f4e76f8988e77ecce,ca0178be9c5fd168509f48974d2b3e1bbc91b2ba4e8e9e320299fd98dcf765e8,0c9085a7366142fd489e5640b36c75720ff4acbc,discovery,0train,PASS,219,S01_0train_T220,1,4,feet,True,0.0,9.843930270011107e-14,3.865903153134618e-10,3927.194775964475,True
1.0,ff7143dca8408a73233321fc7219358e48f2336bad0cb63f4e76f8988e77ecce,ca0178be9c5fd168509f48974d2b3e1bbc91b2ba4e8e9e320299fd98dcf765e8,0c9085a7366142fd489e5640b36c75720ff4acbc,discovery,0train,PASS,220,S01_0train_T221,1,4,right_hand,True,0.0,1.0762347178147616e-13,4.910247117169781e-10,4562.4314435235665,True
1.0,ff7143dca8408a73233321fc7219358e48f2336bad0cb63f4e76f8988e77ecce,ca0178be9c5fd168509f48974d2b3e1bbc91b2ba4e8e9e320299fd98dcf765e8,0c9085a7366142fd489e5640b36c75720ff4acbc,discovery,0train,PASS,221,S01_0train_T222,1,4,left_hand,True,0.0,9.418366302107979e-14,4.001077583981207e-10,4248.165186658437,True
1.0,ff7143dca8408a73233321fc7219358e48f2336bad0cb63f4e76f8988e77ecce,ca0178be9c5fd168509f48974d2b3e1bbc91b2ba4e8e9e320299fd98dcf765e8,0c9085a7366142fd489e5640b36c75720ff4acbc,discovery,0train,PASS,222,S01_0train_T223,1,4,tongue,True,0.0,1.2785641070050056e-13,4.390589137602115e-10,3433.9999954221507,True
1.0,ff7143dca8408a73233321fc7219358e48f2336bad0cb63f4e76f8988e77ecce,ca0178be9c5fd168509f48974d2b3e1bbc91b2ba4e8e9e320299fd98dcf765e8,0c9085a7366142fd489e5640b36c75720ff4acbc,discovery,0train,PASS,223,S01_0train_T224,1,4,left_hand,True,0.0,7.7709695816591e-14,2.853333177754465e-10,3671.7852872424696,True
1.0,ff7143dca8408a73233321fc7219358e48f2336bad0cb63f4e76f8988e77ecce,ca0178be9c5fd168509f48974d2b3e1bbc91b2ba4e8e9e320299fd98dcf765e8,0c9085a7366142fd489e5640b36c75720ff4acbc,discovery,0train,PASS,224,S01_0train_T225,1,4,tongue,True,0.0,1.419433183392982e-13,5.154296955735829e-10,3631.236056786491,True
1.0,ff7143dca8408a73233321fc7219358e48f2336bad0cb63f4e76f8988e77ecce,ca0178be9c5fd168509f48974d2b3e1bbc91b2ba4e8e9e320299fd98dcf765e8,0c9085a7366142fd489e5640b36c75720ff4acbc,discovery,0train,PASS,225,S01_0train_T226,1,4,left_hand,True,0.0,1.0157694942105388e-13,3.633976124395732e-10,3577.559815595837,True
1.0,ff7143dca8408a73233321fc7219358e48f2336bad0cb63f4e76f8988e77ecce,ca0178be9c5fd168509f48974d2b3e1bbc91b2ba4e8e9e320299fd98dcf765e8,0c9085a7366142fd489e5640b36c75720ff4acbc,discovery,0train,PASS,226,S01_0train_T227,1,4,left_hand,True,0.0,9.699131046983714e-14,4.584717285610228e-10,4726.936117680364,True
1.0,ff7143dca8408a73233321fc7219358e48f2336bad0cb63f4e76f8988e77ecce,ca0178be9c5fd168509f48974d2b3e1bbc91b2ba4e8e9e320299fd98dcf765e8,0c9085a7366142fd489e5640b36c75720ff4acbc,discovery,0train,PASS,227,S01_0train_T228,1,4,left_hand,True,0.0,9.594291421132911e-14,3.6792328479432667e-10,3834.814564668306,True
1.0,ff7143dca8408a73233321fc7219358e48f2336bad0cb63f4e76f8988e77ecce,ca0178be9c5fd168509f48974d2b3e1bbc91b2ba4e8e9e320299fd98dcf765e8,0c9085a7366142fd489e5640b36c75720ff4acbc,discovery,0train,PASS,228,S01_0train_T229,1,4,left_hand,True,0.0,9.636949759614373e-14,3.229944477292482e-10,3351.6253149188665,True
1.0,ff7143dca8408a73233321fc7219358e48f2336bad0cb63f4e76f8988e77ecce,ca0178be9c5fd168509f48974d2b3e1bbc91b2ba4e8e9e320299fd98dcf765e8,0c9085a7366142fd489e5640b36c75720ff4acbc,discovery,0train,PASS,229,S01_0train_T230,1,4,feet,True,0.0,1.0747023307381192e-13,4.420995698946728e-10,4113.693226951813,True
1.0,ff7143dca8408a73233321fc7219358e48f2336bad0cb63f4e76f8988e77ecce,ca0178be9c5fd168509f48974d2b3e1bbc91b2ba4e8e9e320299fd98dcf765e8,0c9085a7366142fd489e5640b36c75720ff4acbc,discovery,0train,PASS,230,S01_0train_T231,1,4,feet,True,0.0,1.2506057679893944e-13,4.007548395612749e-10,3204.4857765654688,True
1.0,ff7143dca8408a73233321fc7219358e48f2336bad0cb63f4e76f8988e77ecce,ca0178be9c5fd168509f48974d2b3e1bbc91b2ba4e8e9e320299fd98dcf765e8,0c9085a7366142fd489e5640b36c75720ff4acbc,discovery,0train,PASS,231,S01_0train_T232,1,4,tongue,True,0.0,1.2335556235974003e-13,3.6796700605657146e-10,2982.978627128906,True
1.0,ff7143dca8408a73233321fc7219358e48f2336bad0cb63f4e76f8988e77ecce,ca0178be9c5fd168509f48974d2b3e1bbc91b2ba4e8e9e320299fd98dcf765e8,0c9085a7366142fd489e5640b36c75720ff4acbc,discovery,0train,PASS,232,S01_0train_T233,1,4,right_hand,True,0.0,9.854394563723837e-14,4.692577731490843e-10,4761.9137849069275,True
1.0,ff7143dca8408a73233321fc7219358e48f2336bad0cb63f4e76f8988e77ecce,ca0178be9c5fd168509f48974d2b3e1bbc91b2ba4e8e9e320299fd98dcf765e8,0c9085a7366142fd489e5640b36c75720ff4acbc,discovery,0train,PASS,233,S01_0train_T234,1,4,feet,True,0.0,1.439390963251957e-13,5.840450957131284e-10,4057.584844034446,True
1.0,ff7143dca8408a73233321fc7219358e48f2336bad0cb63f4e76f8988e77ecce,ca0178be9c5fd168509f48974d2b3e1bbc91b2ba4e8e9e320299fd98dcf765e8,0c9085a7366142fd489e5640b36c75720ff4acbc,discovery,0train,PASS,234,S01_0train_T235,1,4,feet,True,0.0,1.1016271805495796e-13,3.7351355629323413e-10,3390.5622781283932,True
1.0,ff7143dca8408a73233321fc7219358e48f2336bad0cb63f4e76f8988e77ecce,ca0178be9c5fd168509f48974d2b3e1bbc91b2ba4e8e9e320299fd98dcf765e8,0c9085a7366142fd489e5640b36c75720ff4acbc,discovery,0train,PASS,235,S01_0train_T236,1,4,feet,True,0.0,8.334280178150844e-14,2.8381088733096145e-10,3405.3437281242395,True
1.0,ff7143dca8408a73233321fc7219358e48f2336bad0cb63f4e76f8988e77ecce,ca0178be9c5fd168509f48974d2b3e1bbc91b2ba4e8e9e320299fd98dcf765e8,0c9085a7366142fd489e5640b36c75720ff4acbc,discovery,0train,PASS,236,S01_0train_T237,1,4,tongue,True,0.0,1.1841213311671033e-13,3.4577829732001825e-10,2920.12556668673,True
1.0,ff7143dca8408a73233321fc7219358e48f2336bad0cb63f4e76f8988e77ecce,ca0178be9c5fd168509f48974d2b3e1bbc91b2ba4e8e9e320299fd98dcf765e8,0c9085a7366142fd489e5640b36c75720ff4acbc,discovery,0train,PASS,237,S01_0train_T238,1,4,feet,True,0.0,9.994914777731001e-14,3.14776196251184e-10,3149.3634838439616,True
1.0,ff7143dca8408a73233321fc7219358e48f2336bad0cb63f4e76f8988e77ecce,ca0178be9c5fd168509f48974d2b3e1bbc91b2ba4e8e9e320299fd98dcf765e8,0c9085a7366142fd489e5640b36c75720ff4acbc,discovery,0train,PASS,238,S01_0train_T239,1,4,left_hand,True,0.0,8.273854930730988e-14,3.063474756894626e-10,3702.596652397398,True
1.0,ff7143dca8408a73233321fc7219358e48f2336bad0cb63f4e76f8988e77ecce,ca0178be9c5fd168509f48974d2b3e1bbc91b2ba4e8e9e320299fd98dcf765e8,0c9085a7366142fd489e5640b36c75720ff4acbc,discovery,0train,PASS,239,S01_0train_T240,1,4,feet,True,0.0,1.3659884004531654e-13,5.312873061828311e-10,3889.398372684402,True
1.0,ff7143dca8408a73233321fc7219358e48f2336bad0cb63f4e76f8988e77ecce,ca0178be9c5fd168509f48974d2b3e1bbc91b2ba4e8e9e320299fd98dcf765e8,0c9085a7366142fd489e5640b36c75720ff4acbc,discovery,0train,PASS,240,S01_0train_T241,1,5,left_hand,True,0.0,8.019895947804908e-14,3.7117304450020113e-10,4628.152870260035,True
1.0,ff7143dca8408a73233321fc7219358e48f2336bad0cb63f4e76f8988e77ecce,ca0178be9c5fd168509f48974d2b3e1bbc91b2ba4e8e9e320299fd98dcf765e8,0c9085a7366142fd489e5640b36c75720ff4acbc,discovery,0train,PASS,241,S01_0train_T242,1,5,tongue,True,0.0,1.07066354290769e-13,3.919091916027667e-10,3660.4327680610695,True
1.0,ff7143dca8408a73233321fc7219358e48f2336bad0cb63f4e76f8988e77ecce,ca0178be9c5fd168509f48974d2b3e1bbc91b2ba4e8e9e320299fd98dcf765e8,0c9085a7366142fd489e5640b36c75720ff4acbc,discovery,0train,PASS,242,S01_0train_T243,1,5,right_hand,True,0.0,8.142750843492891e-14,3.583616304634865e-10,4400.989755812849,True
1.0,ff7143dca8408a73233321fc7219358e48f2336bad0cb63f4e76f8988e77ecce,ca0178be9c5fd168509f48974d2b3e1bbc91b2ba4e8e9e320299fd98dcf765e8,0c9085a7366142fd489e5640b36c75720ff4acbc,discovery,0train,PASS,243,S01_0train_T244,1,5,tongue,True,0.0,1.2728871434881452e-13,4.2755067564336986e-10,3358.9048159582717,True
1.0,ff7143dca8408a73233321fc7219358e48f2336bad0cb63f4e76f8988e77ecce,ca0178be9c5fd168509f48974d2b3e1bbc91b2ba4e8e9e320299fd98dcf765e8,0c9085a7366142fd489e5640b36c75720ff4acbc,discovery,0train,PASS,244,S01_0train_T245,1,5,tongue,True,0.0,1.2835892437931006e-13,4.989597454721311e-10,3887.2228626477768,True
1.0,ff7143dca8408a73233321fc7219358e48f2336bad0cb63f4e76f8988e77ecce,ca0178be9c5fd168509f48974d2b3e1bbc91b2ba4e8e9e320299fd98dcf765e8,0c9085a7366142fd489e5640b36c75720ff4acbc,discovery,0train,PASS,245,S01_0train_T246,1,5,feet,True,0.0,9.237145910370072e-14,3.497920590702509e-10,3786.7980268402735,True
1.0,ff7143dca8408a73233321fc7219358e48f2336bad0cb63f4e76f8988e77ecce,ca0178be9c5fd168509f48974d2b3e1bbc91b2ba4e8e9e320299fd98dcf765e8,0c9085a7366142fd489e5640b36c75720ff4acbc,discovery,0train,PASS,246,S01_0train_T247,1,5,tongue,True,0.0,1.241689987805586e-13,4.975999033984583e-10,4007.4407322705133,True
1.0,ff7143dca8408a73233321fc7219358e48f2336bad0cb63f4e76f8988e77ecce,ca0178be9c5fd168509f48974d2b3e1bbc91b2ba4e8e9e320299fd98dcf765e8,0c9085a7366142fd489e5640b36c75720ff4acbc,discovery,0train,PASS,247,S01_0train_T248,1,5,tongue,True,0.0,1.0830369774845752e-13,4.5660073486803463e-10,4215.929320608424,True
1.0,ff7143dca8408a73233321fc7219358e48f2336bad0cb63f4e76f8988e77ecce,ca0178be9c5fd168509f48974d2b3e1bbc91b2ba4e8e9e320299fd98dcf765e8,0c9085a7366142fd489e5640b36c75720ff4acbc,discovery,0train,PASS,248,S01_0train_T249,1,5,feet,True,0.0,1.123131724273732e-13,4.3009222936993944e-10,3829.401485814646,True
1.0,ff7143dca8408a73233321fc7219358e48f2336bad0cb63f4e76f8988e77ecce,ca0178be9c5fd168509f48974d2b3e1bbc91b2ba4e8e9e320299fd98dcf765e8,0c9085a7366142fd489e5640b36c75720ff4acbc,discovery,0train,PASS,249,S01_0train_T250,1,5,right_hand,True,0.0,9.641700695701772e-14,4.676105115300188e-10,4849.875828840834,True
1.0,ff7143dca8408a73233321fc7219358e48f2336bad0cb63f4e76f8988e77ecce,ca0178be9c5fd168509f48974d2b3e1bbc91b2ba4e8e9e320299fd98dcf765e8,0c9085a7366142fd489e5640b36c75720ff4acbc,discovery,0train,PASS,250,S01_0train_T251,1,5,tongue,True,0.0,1.1788756568369294e-13,4.0301604511804734e-10,3418.6476137728528,True
1.0,ff7143dca8408a73233321fc7219358e48f2336bad0cb63f4e76f8988e77ecce,ca0178be9c5fd168509f48974d2b3e1bbc91b2ba4e8e9e320299fd98dcf765e8,0c9085a7366142fd489e5640b36c75720ff4acbc,discovery,0train,PASS,251,S01_0train_T252,1,5,feet,True,0.0,1.2825368932585604e-13,6.136843439603207e-10,4784.925464413923,True
1.0,ff7143dca8408a73233321fc7219358e48f2336bad0cb63f4e76f8988e77ecce,ca0178be9c5fd168509f48974d2b3e1bbc91b2ba4e8e9e320299fd98dcf765e8,0c9085a7366142fd489e5640b36c75720ff4acbc,discovery,0train,PASS,252,S01_0train_T253,1,5,left_hand,True,0.0,9.844510797203685e-14,4.456205494535274e-10,4526.58906707792,True
1.0,ff7143dca8408a73233321fc7219358e48f2336bad0cb63f4e76f8988e77ecce,ca0178be9c5fd168509f48974d2b3e1bbc91b2ba4e8e9e320299fd98dcf765e8,0c9085a7366142fd489e5640b36c75720ff4acbc,discovery,0train,PASS,253,S01_0train_T254,1,5,right_hand,True,0.0,7.904274852578612e-14,3.1502823900352376e-10,3985.5425687879774,True
1.0,ff7143dca8408a73233321fc7219358e48f2336bad0cb63f4e76f8988e77ecce,ca0178be9c5fd168509f48974d2b3e1bbc91b2ba4e8e9e320299fd98dcf765e8,0c9085a7366142fd489e5640b36c75720ff4acbc,discovery,0train,PASS,254,S01_0train_T255,1,5,right_hand,True,0.0,9.50287991639842e-14,4.112255291927694e-10,4327.377940272062,True
1.0,ff7143dca8408a73233321fc7219358e48f2336bad0cb63f4e76f8988e77ecce,ca0178be9c5fd168509f48974d2b3e1bbc91b2ba4e8e9e320299fd98dcf765e8,0c9085a7366142fd489e5640b36c75720ff4acbc,discovery,0train,PASS,255,S01_0train_T256,1,5,right_hand,True,0.0,9.656980416463796e-14,3.9886675261120135e-10,4130.346499731837,True
1.0,ff7143dca8408a73233321fc7219358e48f2336bad0cb63f4e76f8988e77ecce,ca0178be9c5fd168509f48974d2b3e1bbc91b2ba4e8e9e320299fd98dcf765e8,0c9085a7366142fd489e5640b36c75720ff4acbc,discovery,0train,PASS,256,S01_0train_T257,1,5,feet,True,0.0,1.1684167085342605e-13,4.3618930141051376e-10,3733.1655583537363,True
1.0,ff7143dca8408a73233321fc7219358e48f2336bad0cb63f4e76f8988e77ecce,ca0178be9c5fd168509f48974d2b3e1bbc91b2ba4e8e9e320299fd98dcf765e8,0c9085a7366142fd489e5640b36c75720ff4acbc,discovery,0train,PASS,257,S01_0train_T258,1,5,right_hand,True,0.0,8.688133950025181e-14,3.788643456410268e-10,4360.710226387897,True
1.0,ff7143dca8408a73233321fc7219358e48f2336bad0cb63f4e76f8988e77ecce,ca0178be9c5fd168509f48974d2b3e1bbc91b2ba4e8e9e320299fd98dcf765e8,0c9085a7366142fd489e5640b36c75720ff4acbc,discovery,0train,PASS,258,S01_0train_T259,1,5,tongue,True,0.0,1.316683623990856e-13,4.5943336813054995e-10,3489.3224139752842,True
1.0,ff7143dca8408a73233321fc7219358e48f2336bad0cb63f4e76f8988e77ecce,ca0178be9c5fd168509f48974d2b3e1bbc91b2ba4e8e9e320299fd98dcf765e8,0c9085a7366142fd489e5640b36c75720ff4acbc,discovery,0train,PASS,259,S01_0train_T260,1,5,feet,True,0.0,1.0031239015852642e-13,3.3352210096376597e-10,3324.8345537046007,True
1.0,ff7143dca8408a73233321fc7219358e48f2336bad0cb63f4e76f8988e77ecce,ca0178be9c5fd168509f48974d2b3e1bbc91b2ba4e8e9e320299fd98dcf765e8,0c9085a7366142fd489e5640b36c75720ff4acbc,discovery,0train,PASS,260,S01_0train_T261,1,5,tongue,True,0.0,1.3010480471360712e-13,5.68459592893497e-10,4369.24365817863,True
1.0,ff7143dca8408a73233321fc7219358e48f2336bad0cb63f4e76f8988e77ecce,ca0178be9c5fd168509f48974d2b3e1bbc91b2ba4e8e9e320299fd98dcf765e8,0c9085a7366142fd489e5640b36c75720ff4acbc,discovery,0train,PASS,261,S01_0train_T262,1,5,right_hand,True,0.0,8.804208716380171e-14,4.040311858008368e-10,4589.068692216933,True
1.0,ff7143dca8408a73233321fc7219358e48f2336bad0cb63f4e76f8988e77ecce,ca0178be9c5fd168509f48974d2b3e1bbc91b2ba4e8e9e320299fd98dcf765e8,0c9085a7366142fd489e5640b36c75720ff4acbc,discovery,0train,PASS,262,S01_0train_T263,1,5,feet,True,0.0,1.208736637478677e-13,4.4931161568149253e-10,3717.2002713404863,True
1.0,ff7143dca8408a73233321fc7219358e48f2336bad0cb63f4e76f8988e77ecce,ca0178be9c5fd168509f48974d2b3e1bbc91b2ba4e8e9e320299fd98dcf765e8,0c9085a7366142fd489e5640b36c75720ff4acbc,discovery,0train,PASS,263,S01_0train_T264,1,5,left_hand,True,0.0,9.978644418378977e-14,4.444412328295926e-10,4453.923941923484,True
1.0,ff7143dca8408a73233321fc7219358e48f2336bad0cb63f4e76f8988e77ecce,ca0178be9c5fd168509f48974d2b3e1bbc91b2ba4e8e9e320299fd98dcf765e8,0c9085a7366142fd489e5640b36c75720ff4acbc,discovery,0train,PASS,264,S01_0train_T265,1,5,tongue,True,0.0,1.3551875384486036e-13,4.793104950478324e-10,3536.857309037384,True
1.0,ff7143dca8408a73233321fc7219358e48f2336bad0cb63f4e76f8988e77ecce,ca0178be9c5fd168509f48974d2b3e1bbc91b2ba4e8e9e320299fd98dcf765e8,0c9085a7366142fd489e5640b36c75720ff4acbc,discovery,0train,PASS,265,S01_0train_T266,1,5,left_hand,True,0.0,9.888632267878746e-14,3.7826145797658996e-10,3825.215133191847,True
1.0,ff7143dca8408a73233321fc7219358e48f2336bad0cb63f4e76f8988e77ecce,ca0178be9c5fd168509f48974d2b3e1bbc91b2ba4e8e9e320299fd98dcf765e8,0c9085a7366142fd489e5640b36c75720ff4acbc,discovery,0train,PASS,266,S01_0train_T267,1,5,feet,True,0.0,1.3561192465400325e-13,4.3389419512084396e-10,3199.5283322456366,True
1.0,ff7143dca8408a73233321fc7219358e48f2336bad0cb63f4e76f8988e77ecce,ca0178be9c5fd168509f48974d2b3e1bbc91b2ba4e8e9e320299fd98dcf765e8,0c9085a7366142fd489e5640b36c75720ff4acbc,discovery,0train,PASS,267,S01_0train_T268,1,5,tongue,True,0.0,1.2499109631182635e-13,4.1188152409627344e-10,3295.2869144272177,True
1.0,ff7143dca8408a73233321fc7219358e48f2336bad0cb63f4e76f8988e77ecce,ca0178be9c5fd168509f48974d2b3e1bbc91b2ba4e8e9e320299fd98dcf765e8,0c9085a7366142fd489e5640b36c75720ff4acbc,discovery,0train,PASS,268,S01_0train_T269,1,5,left_hand,True,0.0,1.066501081739767e-13,4.4641890805856967e-10,4185.8270535491,True
1.0,ff7143dca8408a73233321fc7219358e48f2336bad0cb63f4e76f8988e77ecce,ca0178be9c5fd168509f48974d2b3e1bbc91b2ba4e8e9e320299fd98dcf765e8,0c9085a7366142fd489e5640b36c75720ff4acbc,discovery,0train,PASS,269,S01_0train_T270,1,5,feet,True,0.0,1.116273879557089e-13,3.807870950800455e-10,3411.233587505719,True
1.0,ff7143dca8408a73233321fc7219358e48f2336bad0cb63f4e76f8988e77ecce,ca0178be9c5fd168509f48974d2b3e1bbc91b2ba4e8e9e320299fd98dcf765e8,0c9085a7366142fd489e5640b36c75720ff4acbc,discovery,0train,PASS,270,S01_0train_T271,1,5,left_hand,True,0.0,7.349526282156752e-14,2.871822394064488e-10,3907.493195903966,True
1.0,ff7143dca8408a73233321fc7219358e48f2336bad0cb63f4e76f8988e77ecce,ca0178be9c5fd168509f48974d2b3e1bbc91b2ba4e8e9e320299fd98dcf765e8,0c9085a7366142fd489e5640b36c75720ff4acbc,discovery,0train,PASS,271,S01_0train_T272,1,5,right_hand,True,0.0,9.326045990966423e-14,3.756939103377933e-10,4028.437246628477,True
1.0,ff7143dca8408a73233321fc7219358e48f2336bad0cb63f4e76f8988e77ecce,ca0178be9c5fd168509f48974d2b3e1bbc91b2ba4e8e9e320299fd98dcf765e8,0c9085a7366142fd489e5640b36c75720ff4acbc,discovery,0train,PASS,272,S01_0train_T273,1,5,right_hand,True,0.0,8.47359687978163e-14,3.391424084469255e-10,4002.3429631887966,True
1.0,ff7143dca8408a73233321fc7219358e48f2336bad0cb63f4e76f8988e77ecce,ca0178be9c5fd168509f48974d2b3e1bbc91b2ba4e8e9e320299fd98dcf765e8,0c9085a7366142fd489e5640b36c75720ff4acbc,discovery,0train,PASS,273,S01_0train_T274,1,5,left_hand,True,0.0,9.364716717534662e-14,3.581450520502375e-10,3824.408819325419,True
1.0,ff7143dca8408a73233321fc7219358e48f2336bad0cb63f4e76f8988e77ecce,ca0178be9c5fd168509f48974d2b3e1bbc91b2ba4e8e9e320299fd98dcf765e8,0c9085a7366142fd489e5640b36c75720ff4acbc,discovery,0train,PASS,274,S01_0train_T275,1,5,tongue,True,0.0,1.4960955870313338e-13,5.748976585052404e-10,3842.653260183702,True
1.0,ff7143dca8408a73233321fc7219358e48f2336bad0cb63f4e76f8988e77ecce,ca0178be9c5fd168509f48974d2b3e1bbc91b2ba4e8e9e320299fd98dcf765e8,0c9085a7366142fd489e5640b36c75720ff4acbc,discovery,0train,PASS,275,S01_0train_T276,1,5,left_hand,True,0.0,9.373080071780653e-14,2.6350997207955194e-10,2811.3487782196185,True
1.0,ff7143dca8408a73233321fc7219358e48f2336bad0cb63f4e76f8988e77ecce,ca0178be9c5fd168509f48974d2b3e1bbc91b2ba4e8e9e320299fd98dcf765e8,0c9085a7366142fd489e5640b36c75720ff4acbc,discovery,0train,PASS,276,S01_0train_T277,1,5,tongue,True,0.0,1.3363584949222998e-13,6.099799612794499e-10,4564.493461875409,True
1.0,ff7143dca8408a73233321fc7219358e48f2336bad0cb63f4e76f8988e77ecce,ca0178be9c5fd168509f48974d2b3e1bbc91b2ba4e8e9e320299fd98dcf765e8,0c9085a7366142fd489e5640b36c75720ff4acbc,discovery,0train,PASS,277,S01_0train_T278,1,5,feet,True,0.0,1.2108907823870251e-13,4.492635435148362e-10,3710.190465148347,True
1.0,ff7143dca8408a73233321fc7219358e48f2336bad0cb63f4e76f8988e77ecce,ca0178be9c5fd168509f48974d2b3e1bbc91b2ba4e8e9e320299fd98dcf765e8,0c9085a7366142fd489e5640b36c75720ff4acbc,discovery,0train,PASS,278,S01_0train_T279,1,5,feet,True,0.0,9.054222017550911e-14,3.8394906107566665e-10,4240.552753526598,True
1.0,ff7143dca8408a73233321fc7219358e48f2336bad0cb63f4e76f8988e77ecce,ca0178be9c5fd168509f48974d2b3e1bbc91b2ba4e8e9e320299fd98dcf765e8,0c9085a7366142fd489e5640b36c75720ff4acbc,discovery,0train,PASS,279,S01_0train_T280,1,5,left_hand,True,0.0,1.1105828682538822e-13,5.24343861416672e-10,4721.339365166631,True
1.0,ff7143dca8408a73233321fc7219358e48f2336bad0cb63f4e76f8988e77ecce,ca0178be9c5fd168509f48974d2b3e1bbc91b2ba4e8e9e320299fd98dcf765e8,0c9085a7366142fd489e5640b36c75720ff4acbc,discovery,0train,PASS,280,S01_0train_T281,1,5,feet,True,0.0,1.4676735569940268e-13,6.137379345142477e-10,4181.706017591931,True
1.0,ff7143dca8408a73233321fc7219358e48f2336bad0cb63f4e76f8988e77ecce,ca0178be9c5fd168509f48974d2b3e1bbc91b2ba4e8e9e320299fd98dcf765e8,0c9085a7366142fd489e5640b36c75720ff4acbc,discovery,0train,PASS,281,S01_0train_T282,1,5,right_hand,True,0.0,1.0460092676896761e-13,5.285009643809622e-10,5052.545715472138,True
1.0,ff7143dca8408a73233321fc7219358e48f2336bad0cb63f4e76f8988e77ecce,ca0178be9c5fd168509f48974d2b3e1bbc91b2ba4e8e9e320299fd98dcf765e8,0c9085a7366142fd489e5640b36c75720ff4acbc,discovery,0train,PASS,282,S01_0train_T283,1,5,right_hand,True,0.0,1.0922297322141782e-13,3.8191424432025634e-10,3496.6475738216377,True
1.0,ff7143dca8408a73233321fc7219358e48f2336bad0cb63f4e76f8988e77ecce,ca0178be9c5fd168509f48974d2b3e1bbc91b2ba4e8e9e320299fd98dcf765e8,0c9085a7366142fd489e5640b36c75720ff4acbc,discovery,0train,PASS,283,S01_0train_T284,1,5,left_hand,True,0.0,1.4093067067612723e-13,7.47448021203715e-10,5303.657590060188,True
1.0,ff7143dca8408a73233321fc7219358e48f2336bad0cb63f4e76f8988e77ecce,ca0178be9c5fd168509f48974d2b3e1bbc91b2ba4e8e9e320299fd98dcf765e8,0c9085a7366142fd489e5640b36c75720ff4acbc,discovery,0train,PASS,284,S01_0train_T285,1,5,feet,True,0.0,9.907447138479351e-14,2.933747623745093e-10,2961.1539509009995,True
1.0,ff7143dca8408a73233321fc7219358e48f2336bad0cb63f4e76f8988e77ecce,ca0178be9c5fd168509f48974d2b3e1bbc91b2ba4e8e9e320299fd98dcf765e8,0c9085a7366142fd489e5640b36c75720ff4acbc,discovery,0train,PASS,285,S01_0train_T286,1,5,left_hand,True,0.0,1.0833289757708397e-13,4.804560835004465e-10,4434.997071490489,True
1.0,ff7143dca8408a73233321fc7219358e48f2336bad0cb63f4e76f8988e77ecce,ca0178be9c5fd168509f48974d2b3e1bbc91b2ba4e8e9e320299fd98dcf765e8,0c9085a7366142fd489e5640b36c75720ff4acbc,discovery,0train,PASS,286,S01_0train_T287,1,5,right_hand,True,0.0,8.471411877701674e-14,3.3828359040098476e-10,3993.23743532539,True
1.0,ff7143dca8408a73233321fc7219358e48f2336bad0cb63f4e76f8988e77ecce,ca0178be9c5fd168509f48974d2b3e1bbc91b2ba4e8e9e320299fd98dcf765e8,0c9085a7366142fd489e5640b36c75720ff4acbc,discovery,0train,PASS,287,S01_0train_T288,1,5,left_hand,True,0.0,9.989107613293115e-14,4.282385881622751e-10,4287.055508265742,True
1.0,ff7143dca8408a73233321fc7219358e48f2336bad0cb63f4e76f8988e77ecce,ca0178be9c5fd168509f48974d2b3e1bbc91b2ba4e8e9e320299fd98dcf765e8,0c9085a7366142fd489e5640b36c75720ff4acbc,discovery,0train,PASS,288,S02_0train_T001,2,0,left_hand,True,0.0,1.1291891199781498e-13,8.29850772740598e-10,7349.085800230309,True
1.0,ff7143dca8408a73233321fc7219358e48f2336bad0cb63f4e76f8988e77ecce,ca0178be9c5fd168509f48974d2b3e1bbc91b2ba4e8e9e320299fd98dcf765e8,0c9085a7366142fd489e5640b36c75720ff4acbc,discovery,0train,PASS,289,S02_0train_T002,2,0,right_hand,True,0.0,1.0669657685131815e-13,7.290001047970264e-10,6832.460106127764,True
1.0,ff7143dca8408a73233321fc7219358e48f2336bad0cb63f4e76f8988e77ecce,ca0178be9c5fd168509f48974d2b3e1bbc91b2ba4e8e9e320299fd98dcf765e8,0c9085a7366142fd489e5640b36c75720ff4acbc,discovery,0train,PASS,290,S02_0train_T003,2,0,right_hand,True,0.0,8.256612362353008e-14,4.757163964014227e-10,5761.641403567732,True
1.0,ff7143dca8408a73233321fc7219358e48f2336bad0cb63f4e76f8988e77ecce,ca0178be9c5fd168509f48974d2b3e1bbc91b2ba4e8e9e320299fd98dcf765e8,0c9085a7366142fd489e5640b36c75720ff4acbc,discovery,0train,PASS,291,S02_0train_T004,2,0,left_hand,True,0.0,1.0070760589915179e-13,7.106271793567259e-10,7056.340710435965,True
1.0,ff7143dca8408a73233321fc7219358e48f2336bad0cb63f4e76f8988e77ecce,ca0178be9c5fd168509f48974d2b3e1bbc91b2ba4e8e9e320299fd98dcf765e8,0c9085a7366142fd489e5640b36c75720ff4acbc,discovery,0train,PASS,292,S02_0train_T005,2,0,right_hand,True,0.0,1.0401586296889081e-13,6.376479566372747e-10,6130.2953072454275,True
1.0,ff7143dca8408a73233321fc7219358e48f2336bad0cb63f4e76f8988e77ecce,ca0178be9c5fd168509f48974d2b3e1bbc91b2ba4e8e9e320299fd98dcf765e8,0c9085a7366142fd489e5640b36c75720ff4acbc,discovery,0train,PASS,293,S02_0train_T006,2,0,left_hand,True,0.0,1.005788723492322e-13,6.338776003266269e-10,6302.293767280101,True
1.0,ff7143dca8408a73233321fc7219358e48f2336bad0cb63f4e76f8988e77ecce,ca0178be9c5fd168509f48974d2b3e1bbc91b2ba4e8e9e320299fd98dcf765e8,0c9085a7366142fd489e5640b36c75720ff4acbc,discovery,0train,PASS,294,S02_0train_T007,2,0,right_hand,True,0.0,1.0447943816936923e-13,6.738914631469612e-10,6449.9912610032525,True
1.0,ff7143dca8408a73233321fc7219358e48f2336bad0cb63f4e76f8988e77ecce,ca0178be9c5fd168509f48974d2b3e1bbc91b2ba4e8e9e320299fd98dcf765e8,0c9085a7366142fd489e5640b36c75720ff4acbc,discovery,0train,PASS,295,S02_0train_T008,2,0,feet,True,0.0,8.57906238003768e-14,4.3763738670892726e-10,5101.226303322498,True
1.0,ff7143dca8408a73233321fc7219358e48f2336bad0cb63f4e76f8988e77ecce,ca0178be9c5fd168509f48974d2b3e1bbc91b2ba4e8e9e320299fd98dcf765e8,0c9085a7366142fd489e5640b36c75720ff4acbc,discovery,0train,PASS,296,S02_0train_T009,2,0,right_hand,True,0.0,9.839431145896046e-14,5.119783572005737e-10,5203.3328920048,True
1.0,ff7143dca8408a73233321fc7219358e48f2336bad0cb63f4e76f8988e77ecce,ca0178be9c5fd168509f48974d2b3e1bbc91b2ba4e8e9e320299fd98dcf765e8,0c9085a7366142fd489e5640b36c75720ff4acbc,discovery,0train,PASS,297,S02_0train_T010,2,0,tongue,True,0.0,8.430118026178136e-14,4.559822922962115e-10,5408.966883740473,True
1.0,ff7143dca8408a73233321fc7219358e48f2336bad0cb63f4e76f8988e77ecce,ca0178be9c5fd168509f48974d2b3e1bbc91b2ba4e8e9e320299fd98dcf765e8,0c9085a7366142fd489e5640b36c75720ff4acbc,discovery,0train,PASS,298,S02_0train_T011,2,0,left_hand,True,0.0,9.590206778870452e-14,6.101073893714128e-10,6361.77512580466,True
1.0,ff7143dca8408a73233321fc7219358e48f2336bad0cb63f4e76f8988e77ecce,ca0178be9c5fd168509f48974d2b3e1bbc91b2ba4e8e9e320299fd98dcf765e8,0c9085a7366142fd489e5640b36c75720ff4acbc,discovery,0train,PASS,299,S02_0train_T012,2,0,feet,True,0.0,7.55729172931523e-14,4.384991530079038e-10,5802.331955863724,True
1.0,ff7143dca8408a73233321fc7219358e48f2336bad0cb63f4e76f8988e77ecce,ca0178be9c5fd168509f48974d2b3e1bbc91b2ba4e8e9e320299fd98dcf765e8,0c9085a7366142fd489e5640b36c75720ff4acbc,discovery,0train,PASS,300,S02_0train_T013,2,0,right_hand,True,0.0,9.862294339969565e-14,6.043267294920442e-10,6127.648482796238,True
1.0,ff7143dca8408a73233321fc7219358e48f2336bad0cb63f4e76f8988e77ecce,ca0178be9c5fd168509f48974d2b3e1bbc91b2ba4e8e9e320299fd98dcf765e8,0c9085a7366142fd489e5640b36c75720ff4acbc,discovery,0train,PASS,301,S02_0train_T014,2,0,left_hand,True,0.0,8.918186003118386e-14,5.836168648559829e-10,6544.1207959994545,True
1.0,ff7143dca8408a73233321fc7219358e48f2336bad0cb63f4e76f8988e77ecce,ca0178be9c5fd168509f48974d2b3e1bbc91b2ba4e8e9e320299fd98dcf765e8,0c9085a7366142fd489e5640b36c75720ff4acbc,discovery,0train,PASS,302,S02_0train_T015,2,0,tongue,True,0.0,1.1696168277809012e-13,7.885825206631363e-10,6742.229608300897,True
1.0,ff7143dca8408a73233321fc7219358e48f2336bad0cb63f4e76f8988e77ecce,ca0178be9c5fd168509f48974d2b3e1bbc91b2ba4e8e9e320299fd98dcf765e8,0c9085a7366142fd489e5640b36c75720ff4acbc,discovery,0train,PASS,303,S02_0train_T016,2,0,tongue,True,0.0,9.288390450036086e-14,5.281866993577011e-10,5686.525584803006,True
1.0,ff7143dca8408a73233321fc7219358e48f2336bad0cb63f4e76f8988e77ecce,ca0178be9c5fd168509f48974d2b3e1bbc91b2ba4e8e9e320299fd98dcf765e8,0c9085a7366142fd489e5640b36c75720ff4acbc,discovery,0train,PASS,304,S02_0train_T017,2,0,tongue,True,0.0,9.24261513869295e-14,5.542834451318179e-10,5997.041279057327,True
1.0,ff7143dca8408a73233321fc7219358e48f2336bad0cb63f4e76f8988e77ecce,ca0178be9c5fd168509f48974d2b3e1bbc91b2ba4e8e9e320299fd98dcf765e8,0c9085a7366142fd489e5640b36c75720ff4acbc,discovery,0train,PASS,305,S02_0train_T018,2,0,tongue,True,0.0,9.224206401867962e-14,5.464553940565976e-10,5924.145343776531,True
1.0,ff7143dca8408a73233321fc7219358e48f2336bad0cb63f4e76f8988e77ecce,ca0178be9c5fd168509f48974d2b3e1bbc91b2ba4e8e9e320299fd98dcf765e8,0c9085a7366142fd489e5640b36c75720ff4acbc,discovery,0train,PASS,306,S02_0train_T019,2,0,tongue,True,0.0,1.1246806387487879e-13,7.667185405065353e-10,6817.211162801851,True
1.0,ff7143dca8408a73233321fc7219358e48f2336bad0cb63f4e76f8988e77ecce,ca0178be9c5fd168509f48974d2b3e1bbc91b2ba4e8e9e320299fd98dcf765e8,0c9085a7366142fd489e5640b36c75720ff4acbc,discovery,0train,PASS,307,S02_0train_T020,2,0,left_hand,True,0.0,7.22458675452725e-14,4.088407641218992e-10,5659.019373886004,True
1.0,ff7143dca8408a73233321fc7219358e48f2336bad0cb63f4e76f8988e77ecce,ca0178be9c5fd168509f48974d2b3e1bbc91b2ba4e8e9e320299fd98dcf765e8,0c9085a7366142fd489e5640b36c75720ff4acbc,discovery,0train,PASS,308,S02_0train_T021,2,0,feet,True,0.0,9.39395542970122e-14,5.673008503484328e-10,6038.9987433278275,True
1.0,ff7143dca8408a73233321fc7219358e48f2336bad0cb63f4e76f8988e77ecce,ca0178be9c5fd168509f48974d2b3e1bbc91b2ba4e8e9e320299fd98dcf765e8,0c9085a7366142fd489e5640b36c75720ff4acbc,discovery,0train,PASS,309,S02_0train_T022,2,0,right_hand,True,0.0,8.963676259939634e-14,5.713321503944285e-10,6373.859718113872,True
1.0,ff7143dca8408a73233321fc7219358e48f2336bad0cb63f4e76f8988e77ecce,ca0178be9c5fd168509f48974d2b3e1bbc91b2ba4e8e9e320299fd98dcf765e8,0c9085a7366142fd489e5640b36c75720ff4acbc,discovery,0train,PASS,310,S02_0train_T023,2,0,left_hand,True,0.0,8.974397161938967e-14,5.652998315935925e-10,6299.02846278152,True
1.0,ff7143dca8408a73233321fc7219358e48f2336bad0cb63f4e76f8988e77ecce,ca0178be9c5fd168509f48974d2b3e1bbc91b2ba4e8e9e320299fd98dcf765e8,0c9085a7366142fd489e5640b36c75720ff4acbc,discovery,0train,PASS,311,S02_0train_T024,2,0,left_hand,True,0.0,1.0135799129800478e-13,6.127675085034544e-10,6045.576679808538,True
1.0,ff7143dca8408a73233321fc7219358e48f2336bad0cb63f4e76f8988e77ecce,ca0178be9c5fd168509f48974d2b3e1bbc91b2ba4e8e9e320299fd98dcf765e8,0c9085a7366142fd489e5640b36c75720ff4acbc,discovery,0train,PASS,312,S02_0train_T025,2,0,feet,True,0.0,7.560970276182784e-14,3.787500650843579e-10,5009.278587927116,True
1.0,ff7143dca8408a73233321fc7219358e48f2336bad0cb63f4e76f8988e77ecce,ca0178be9c5fd168509f48974d2b3e1bbc91b2ba4e8e9e320299fd98dcf765e8,0c9085a7366142fd489e5640b36c75720ff4acbc,discovery,0train,PASS,313,S02_0train_T026,2,0,tongue,True,0.0,9.660105169392766e-14,6.021212469346609e-10,6233.071342146788,True
1.0,ff7143dca8408a73233321fc7219358e48f2336bad0cb63f4e76f8988e77ecce,ca0178be9c5fd168509f48974d2b3e1bbc91b2ba4e8e9e320299fd98dcf765e8,0c9085a7366142fd489e5640b36c75720ff4acbc,discovery,0train,PASS,314,S02_0train_T027,2,0,left_hand,True,0.0,9.011695820919993e-14,5.326202071481375e-10,5910.321627941532,True
1.0,ff7143dca8408a73233321fc7219358e48f2336bad0cb63f4e76f8988e77ecce,ca0178be9c5fd168509f48974d2b3e1bbc91b2ba4e8e9e320299fd98dcf765e8,0c9085a7366142fd489e5640b36c75720ff4acbc,discovery,0train,PASS,315,S02_0train_T028,2,0,feet,True,0.0,9.83502075258738e-14,5.79795634592241e-10,5895.21516199861,True
1.0,ff7143dca8408a73233321fc7219358e48f2336bad0cb63f4e76f8988e77ecce,ca0178be9c5fd168509f48974d2b3e1bbc91b2ba4e8e9e320299fd98dcf765e8,0c9085a7366142fd489e5640b36c75720ff4acbc,discovery,0train,PASS,316,S02_0train_T029,2,0,feet,True,0.0,8.913515012735045e-14,4.803517791019118e-10,5389.027543181525,True
1.0,ff7143dca8408a73233321fc7219358e48f2336bad0cb63f4e76f8988e77ecce,ca0178be9c5fd168509f48974d2b3e1bbc91b2ba4e8e9e320299fd98dcf765e8,0c9085a7366142fd489e5640b36c75720ff4acbc,discovery,0train,PASS,317,S02_0train_T030,2,0,feet,True,0.0,9.377078101413591e-14,5.049235631365466e-10,5384.657754534746,True
1.0,ff7143dca8408a73233321fc7219358e48f2336bad0cb63f4e76f8988e77ecce,ca0178be9c5fd168509f48974d2b3e1bbc91b2ba4e8e9e320299fd98dcf765e8,0c9085a7366142fd489e5640b36c75720ff4acbc,discovery,0train,PASS,318,S02_0train_T031,2,0,left_hand,True,0.0,1.0827382214066986e-13,7.21853517944818e-10,6666.9256120559085,True
1.0,ff7143dca8408a73233321fc7219358e48f2336bad0cb63f4e76f8988e77ecce,ca0178be9c5fd168509f48974d2b3e1bbc91b2ba4e8e9e320299fd98dcf765e8,0c9085a7366142fd489e5640b36c75720ff4acbc,discovery,0train,PASS,319,S02_0train_T032,2,0,right_hand,True,0.0,9.111561509345819e-14,5.402242391105704e-10,5928.99733548917,True
1.0,ff7143dca8408a73233321fc7219358e48f2336bad0cb63f4e76f8988e77ecce,ca0178be9c5fd168509f48974d2b3e1bbc91b2ba4e8e9e320299fd98dcf765e8,0c9085a7366142fd489e5640b36c75720ff4acbc,discovery,0train,PASS,320,S02_0train_T033,2,0,left_hand,True,0.0,1.0190541631749125e-13,6.176150337567007e-10,6060.669354732738,True
1.0,ff7143dca8408a73233321fc7219358e48f2336bad0cb63f4e76f8988e77ecce,ca0178be9c5fd168509f48974d2b3e1bbc91b2ba4e8e9e320299fd98dcf765e8,0c9085a7366142fd489e5640b36c75720ff4acbc,discovery,0train,PASS,321,S02_0train_T034,2,0,right_hand,True,0.0,9.662002578027192e-14,5.769072940566427e-10,5970.887395213641,True
1.0,ff7143dca8408a73233321fc7219358e48f2336bad0cb63f4e76f8988e77ecce,ca0178be9c5fd168509f48974d2b3e1bbc91b2ba4e8e9e320299fd98dcf765e8,0c9085a7366142fd489e5640b36c75720ff4acbc,discovery,0train,PASS,322,S02_0train_T035,2,0,right_hand,True,0.0,8.140919423781277e-14,4.4673366936400086e-10,5487.508794878883,True
1.0,ff7143dca8408a73233321fc7219358e48f2336bad0cb63f4e76f8988e77ecce,ca0178be9c5fd168509f48974d2b3e1bbc91b2ba4e8e9e320299fd98dcf765e8,0c9085a7366142fd489e5640b36c75720ff4acbc,discovery,0train,PASS,323,S02_0train_T036,2,0,left_hand,True,0.0,8.479317339842776e-14,4.968617601774205e-10,5859.690589037836,True
1.0,ff7143dca8408a73233321fc7219358e48f2336bad0cb63f4e76f8988e77ecce,ca0178be9c5fd168509f48974d2b3e1bbc91b2ba4e8e9e320299fd98dcf765e8,0c9085a7366142fd489e5640b36c75720ff4acbc,discovery,0train,PASS,324,S02_0train_T037,2,0,right_hand,True,0.0,8.05513118955201e-14,3.878809684302845e-10,4815.327761928812,True
1.0,ff7143dca8408a73233321fc7219358e48f2336bad0cb63f4e76f8988e77ecce,ca0178be9c5fd168509f48974d2b3e1bbc91b2ba4e8e9e320299fd98dcf765e8,0c9085a7366142fd489e5640b36c75720ff4acbc,discovery,0train,PASS,325,S02_0train_T038,2,0,feet,True,0.0,8.684274663842231e-14,4.992009277470836e-10,5748.331865015189,True
1.0,ff7143dca8408a73233321fc7219358e48f2336bad0cb63f4e76f8988e77ecce,ca0178be9c5fd168509f48974d2b3e1bbc91b2ba4e8e9e320299fd98dcf765e8,0c9085a7366142fd489e5640b36c75720ff4acbc,discovery,0train,PASS,326,S02_0train_T039,2,0,right_hand,True,0.0,8.859555669682045e-14,4.755241497615215e-10,5367.358900275269,True
1.0,ff7143dca8408a73233321fc7219358e48f2336bad0cb63f4e76f8988e77ecce,ca0178be9c5fd168509f48974d2b3e1bbc91b2ba4e8e9e320299fd98dcf765e8,0c9085a7366142fd489e5640b36c75720ff4acbc,discovery,0train,PASS,327,S02_0train_T040,2,0,feet,True,0.0,1.1459951226789996e-13,7.01861130810572e-10,6124.468742675162,True
1.0,ff7143dca8408a73233321fc7219358e48f2336bad0cb63f4e76f8988e77ecce,ca0178be9c5fd168509f48974d2b3e1bbc91b2ba4e8e9e320299fd98dcf765e8,0c9085a7366142fd489e5640b36c75720ff4acbc,discovery,0train,PASS,328,S02_0train_T041,2,0,feet,True,0.0,1.0705340889492452e-13,6.558981823014537e-10,6126.8313552278705,True
1.0,ff7143dca8408a73233321fc7219358e48f2336bad0cb63f4e76f8988e77ecce,ca0178be9c5fd168509f48974d2b3e1bbc91b2ba4e8e9e320299fd98dcf765e8,0c9085a7366142fd489e5640b36c75720ff4acbc,discovery,0train,PASS,329,S02_0train_T042,2,0,tongue,True,0.0,7.887801231641117e-14,4.5561726260167733e-10,5776.2264694756095,True
1.0,ff7143dca8408a73233321fc7219358e48f2336bad0cb63f4e76f8988e77ecce,ca0178be9c5fd168509f48974d2b3e1bbc91b2ba4e8e9e320299fd98dcf765e8,0c9085a7366142fd489e5640b36c75720ff4acbc,discovery,0train,PASS,330,S02_0train_T043,2,0,feet,True,0.0,1.0885562759212516e-13,5.787287152113927e-10,5316.479524419729,True
1.0,ff7143dca8408a73233321fc7219358e48f2336bad0cb63f4e76f8988e77ecce,ca0178be9c5fd168509f48974d2b3e1bbc91b2ba4e8e9e320299fd98dcf765e8,0c9085a7366142fd489e5640b36c75720ff4acbc,discovery,0train,PASS,331,S02_0train_T044,2,0,feet,True,0.0,8.94307972734297e-14,4.675264210639575e-10,5227.8011078725085,True
1.0,ff7143dca8408a73233321fc7219358e48f2336bad0cb63f4e76f8988e77ecce,ca0178be9c5fd168509f48974d2b3e1bbc91b2ba4e8e9e320299fd98dcf765e8,0c9085a7366142fd489e5640b36c75720ff4acbc,discovery,0train,PASS,332,S02_0train_T045,2,0,tongue,True,0.0,9.770667614523519e-14,6.118544476092646e-10,6262.155993309804,True
1.0,ff7143dca8408a73233321fc7219358e48f2336bad0cb63f4e76f8988e77ecce,ca0178be9c5fd168509f48974d2b3e1bbc91b2ba4e8e9e320299fd98dcf765e8,0c9085a7366142fd489e5640b36c75720ff4acbc,discovery,0train,PASS,333,S02_0train_T046,2,0,tongue,True,0.0,9.082870326924727e-14,5.436681190184408e-10,5985.642197343971,True
1.0,ff7143dca8408a73233321fc7219358e48f2336bad0cb63f4e76f8988e77ecce,ca0178be9c5fd168509f48974d2b3e1bbc91b2ba4e8e9e320299fd98dcf765e8,0c9085a7366142fd489e5640b36c75720ff4acbc,discovery,0train,PASS,334,S02_0train_T047,2,0,tongue,True,0.0,9.500105143976407e-14,5.738613503737693e-10,6040.578937567118,True
1.0,ff7143dca8408a73233321fc7219358e48f2336bad0cb63f4e76f8988e77ecce,ca0178be9c5fd168509f48974d2b3e1bbc91b2ba4e8e9e320299fd98dcf765e8,0c9085a7366142fd489e5640b36c75720ff4acbc,discovery,0train,PASS,335,S02_0train_T048,2,0,tongue,True,0.0,9.559730980519903e-14,4.936097545881505e-10,5163.427251185113,True
1.0,ff7143dca8408a73233321fc7219358e48f2336bad0cb63f4e76f8988e77ecce,ca0178be9c5fd168509f48974d2b3e1bbc91b2ba4e8e9e320299fd98dcf765e8,0c9085a7366142fd489e5640b36c75720ff4acbc,discovery,0train,PASS,336,S02_0train_T049,2,1,tongue,True,0.0,9.035693104585003e-14,5.051256240339551e-10,5590.336216461779,True
1.0,ff7143dca8408a73233321fc7219358e48f2336bad0cb63f4e76f8988e77ecce,ca0178be9c5fd168509f48974d2b3e1bbc91b2ba4e8e9e320299fd98dcf765e8,0c9085a7366142fd489e5640b36c75720ff4acbc,discovery,0train,PASS,337,S02_0train_T050,2,1,feet,True,0.0,8.014594050161722e-14,4.63785279100354e-10,5786.75945653162,True
1.0,ff7143dca8408a73233321fc7219358e48f2336bad0cb63f4e76f8988e77ecce,ca0178be9c5fd168509f48974d2b3e1bbc91b2ba4e8e9e320299fd98dcf765e8,0c9085a7366142fd489e5640b36c75720ff4acbc,discovery,0train,PASS,338,S02_0train_T051,2,1,right_hand,True,0.0,5.3434611656139295e-14,2.52848175013061e-10,4731.917518932888,True
1.0,ff7143dca8408a73233321fc7219358e48f2336bad0cb63f4e76f8988e77ecce,ca0178be9c5fd168509f48974d2b3e1bbc91b2ba4e8e9e320299fd98dcf765e8,0c9085a7366142fd489e5640b36c75720ff4acbc,discovery,0train,PASS,339,S02_0train_T052,2,1,left_hand,True,0.0,5.3347928855099285e-14,2.41958627832319e-10,4535.483064197557,True
1.0,ff7143dca8408a73233321fc7219358e48f2336bad0cb63f4e76f8988e77ecce,ca0178be9c5fd168509f48974d2b3e1bbc91b2ba4e8e9e320299fd98dcf765e8,0c9085a7366142fd489e5640b36c75720ff4acbc,discovery,0train,PASS,340,S02_0train_T053,2,1,left_hand,True,0.0,9.024389031226371e-14,4.950043451303067e-10,5485.184020962336,True
1.0,ff7143dca8408a73233321fc7219358e48f2336bad0cb63f4e76f8988e77ecce,ca0178be9c5fd168509f48974d2b3e1bbc91b2ba4e8e9e320299fd98dcf765e8,0c9085a7366142fd489e5640b36c75720ff4acbc,discovery,0train,PASS,341,S02_0train_T054,2,1,right_hand,True,0.0,6.768607504108268e-14,2.6666401381139077e-10,3939.717492106561,True
1.0,ff7143dca8408a73233321fc7219358e48f2336bad0cb63f4e76f8988e77ecce,ca0178be9c5fd168509f48974d2b3e1bbc91b2ba4e8e9e320299fd98dcf765e8,0c9085a7366142fd489e5640b36c75720ff4acbc,discovery,0train,PASS,342,S02_0train_T055,2,1,feet,True,0.0,8.029835680168941e-14,3.8816789414296706e-10,4834.070205217454,True
1.0,ff7143dca8408a73233321fc7219358e48f2336bad0cb63f4e76f8988e77ecce,ca0178be9c5fd168509f48974d2b3e1bbc91b2ba4e8e9e320299fd98dcf765e8,0c9085a7366142fd489e5640b36c75720ff4acbc,discovery,0train,PASS,343,S02_0train_T056,2,1,tongue,True,0.0,6.501644915022394e-14,3.3912100127162633e-10,5215.926211043445,True
1.0,ff7143dca8408a73233321fc7219358e48f2336bad0cb63f4e76f8988e77ecce,ca0178be9c5fd168509f48974d2b3e1bbc91b2ba4e8e9e320299fd98dcf765e8,0c9085a7366142fd489e5640b36c75720ff4acbc,discovery,0train,PASS,344,S02_0train_T057,2,1,right_hand,True,0.0,6.291501037739686e-14,2.970844663737738e-10,4721.996620388475,True
1.0,ff7143dca8408a73233321fc7219358e48f2336bad0cb63f4e76f8988e77ecce,ca0178be9c5fd168509f48974d2b3e1bbc91b2ba4e8e9e320299fd98dcf765e8,0c9085a7366142fd489e5640b36c75720ff4acbc,discovery,0train,PASS,345,S02_0train_T058,2,1,feet,True,0.0,8.185337252035299e-14,4.255797903928722e-10,5199.2945102787435,True
1.0,ff7143dca8408a73233321fc7219358e48f2336bad0cb63f4e76f8988e77ecce,ca0178be9c5fd168509f48974d2b3e1bbc91b2ba4e8e9e320299fd98dcf765e8,0c9085a7366142fd489e5640b36c75720ff4acbc,discovery,0train,PASS,346,S02_0train_T059,2,1,left_hand,True,0.0,7.368613113190143e-14,3.5168518175558806e-10,4772.745920477981,True
1.0,ff7143dca8408a73233321fc7219358e48f2336bad0cb63f4e76f8988e77ecce,ca0178be9c5fd168509f48974d2b3e1bbc91b2ba4e8e9e320299fd98dcf765e8,0c9085a7366142fd489e5640b36c75720ff4acbc,discovery,0train,PASS,347,S02_0train_T060,2,1,left_hand,True,0.0,7.955187181690926e-14,4.144367798890024e-10,5209.642091676229,True
1.0,ff7143dca8408a73233321fc7219358e48f2336bad0cb63f4e76f8988e77ecce,ca0178be9c5fd168509f48974d2b3e1bbc91b2ba4e8e9e320299fd98dcf765e8,0c9085a7366142fd489e5640b36c75720ff4acbc,discovery,0train,PASS,348,S02_0train_T061,2,1,left_hand,True,0.0,6.310311001403136e-14,2.704138999525677e-10,4285.270565784152,True
1.0,ff7143dca8408a73233321fc7219358e48f2336bad0cb63f4e76f8988e77ecce,ca0178be9c5fd168509f48974d2b3e1bbc91b2ba4e8e9e320299fd98dcf765e8,0c9085a7366142fd489e5640b36c75720ff4acbc,discovery,0train,PASS,349,S02_0train_T062,2,1,tongue,True,0.0,7.010220005868962e-14,3.377044601408256e-10,4817.316144972613,True
1.0,ff7143dca8408a73233321fc7219358e48f2336bad0cb63f4e76f8988e77ecce,ca0178be9c5fd168509f48974d2b3e1bbc91b2ba4e8e9e320299fd98dcf765e8,0c9085a7366142fd489e5640b36c75720ff4acbc,discovery,0train,PASS,350,S02_0train_T063,2,1,right_hand,True,0.0,8.020917604297018e-14,4.3292940053625554e-10,5397.504648399877,True
1.0,ff7143dca8408a73233321fc7219358e48f2336bad0cb63f4e76f8988e77ecce,ca0178be9c5fd168509f48974d2b3e1bbc91b2ba4e8e9e320299fd98dcf765e8,0c9085a7366142fd489e5640b36c75720ff4acbc,discovery,0train,PASS,351,S02_0train_T064,2,1,right_hand,True,0.0,9.294035239788412e-14,5.719373047941712e-10,6153.810374482634,True
1.0,ff7143dca8408a73233321fc7219358e48f2336bad0cb63f4e76f8988e77ecce,ca0178be9c5fd168509f48974d2b3e1bbc91b2ba4e8e9e320299fd98dcf765e8,0c9085a7366142fd489e5640b36c75720ff4acbc,discovery,0train,PASS,352,S02_0train_T065,2,1,left_hand,True,0.0,6.635552968896824e-14,3.290108795196111e-10,4958.303867994138,True
1.0,ff7143dca8408a73233321fc7219358e48f2336bad0cb63f4e76f8988e77ecce,ca0178be9c5fd168509f48974d2b3e1bbc91b2ba4e8e9e320299fd98dcf765e8,0c9085a7366142fd489e5640b36c75720ff4acbc,discovery,0train,PASS,353,S02_0train_T066,2,1,left_hand,True,0.0,7.703135024872716e-14,4.220529160818761e-10,5478.975958737657,True
1.0,ff7143dca8408a73233321fc7219358e48f2336bad0cb63f4e76f8988e77ecce,ca0178be9c5fd168509f48974d2b3e1bbc91b2ba4e8e9e320299fd98dcf765e8,0c9085a7366142fd489e5640b36c75720ff4acbc,discovery,0train,PASS,354,S02_0train_T067,2,1,feet,True,0.0,8.076967651861593e-14,4.0325568506889574e-10,4992.661880674397,True
1.0,ff7143dca8408a73233321fc7219358e48f2336bad0cb63f4e76f8988e77ecce,ca0178be9c5fd168509f48974d2b3e1bbc91b2ba4e8e9e320299fd98dcf765e8,0c9085a7366142fd489e5640b36c75720ff4acbc,discovery,0train,PASS,355,S02_0train_T068,2,1,left_hand,True,0.0,9.005671517922623e-14,5.00998073504572e-10,5563.139544980199,True
1.0,ff7143dca8408a73233321fc7219358e48f2336bad0cb63f4e76f8988e77ecce,ca0178be9c5fd168509f48974d2b3e1bbc91b2ba4e8e9e320299fd98dcf765e8,0c9085a7366142fd489e5640b36c75720ff4acbc,discovery,0train,PASS,356,S02_0train_T069,2,1,right_hand,True,0.0,6.396632090074868e-14,2.817877763440592e-10,4405.25220734965,True
1.0,ff7143dca8408a73233321fc7219358e48f2336bad0cb63f4e76f8988e77ecce,ca0178be9c5fd168509f48974d2b3e1bbc91b2ba4e8e9e320299fd98dcf765e8,0c9085a7366142fd489e5640b36c75720ff4acbc,discovery,0train,PASS,357,S02_0train_T070,2,1,tongue,True,0.0,7.328240141140624e-14,3.2996073339137936e-10,4502.591714195951,True
1.0,ff7143dca8408a73233321fc7219358e48f2336bad0cb63f4e76f8988e77ecce,ca0178be9c5fd168509f48974d2b3e1bbc91b2ba4e8e9e320299fd98dcf765e8,0c9085a7366142fd489e5640b36c75720ff4acbc,discovery,0train,PASS,358,S02_0train_T071,2,1,tongue,True,0.0,9.348814328173946e-14,5.26101938200261e-10,5627.472316085901,True
1.0,ff7143dca8408a73233321fc7219358e48f2336bad0cb63f4e76f8988e77ecce,ca0178be9c5fd168509f48974d2b3e1bbc91b2ba4e8e9e320299fd98dcf765e8,0c9085a7366142fd489e5640b36c75720ff4acbc,discovery,0train,PASS,359,S02_0train_T072,2,1,feet,True,0.0,7.797997498519184e-14,4.1372319924520377e-10,5305.505667625163,True
1.0,ff7143dca8408a73233321fc7219358e48f2336bad0cb63f4e76f8988e77ecce,ca0178be9c5fd168509f48974d2b3e1bbc91b2ba4e8e9e320299fd98dcf765e8,0c9085a7366142fd489e5640b36c75720ff4acbc,discovery,0train,PASS,360,S02_0train_T073,2,1,left_hand,True,0.0,1.1755589161850095e-13,7.70136892857039e-10,6551.2402845476345,True
1.0,ff7143dca8408a73233321fc7219358e48f2336bad0cb63f4e76f8988e77ecce,ca0178be9c5fd168509f48974d2b3e1bbc91b2ba4e8e9e320299fd98dcf765e8,0c9085a7366142fd489e5640b36c75720ff4acbc,discovery,0train,PASS,361,S02_0train_T074,2,1,tongue,True,0.0,6.684782216331221e-14,3.8468972196128053e-10,5754.708373617115,True
1.0,ff7143dca8408a73233321fc7219358e48f2336bad0cb63f4e76f8988e77ecce,ca0178be9c5fd168509f48974d2b3e1bbc91b2ba4e8e9e320299fd98dcf765e8,0c9085a7366142fd489e5640b36c75720ff4acbc,discovery,0train,PASS,362,S02_0train_T075,2,1,tongue,True,0.0,7.080973540450337e-14,3.8753487518201604e-10,5472.903873573428,True
1.0,ff7143dca8408a73233321fc7219358e48f2336bad0cb63f4e76f8988e77ecce,ca0178be9c5fd168509f48974d2b3e1bbc91b2ba4e8e9e320299fd98dcf765e8,0c9085a7366142fd489e5640b36c75720ff4acbc,discovery,0train,PASS,363,S02_0train_T076,2,1,right_hand,True,0.0,7.400240925282919e-14,3.397090155113211e-10,4590.512916285002,True
1.0,ff7143dca8408a73233321fc7219358e48f2336bad0cb63f4e76f8988e77ecce,ca0178be9c5fd168509f48974d2b3e1bbc91b2ba4e8e9e320299fd98dcf765e8,0c9085a7366142fd489e5640b36c75720ff4acbc,discovery,0train,PASS,364,S02_0train_T077,2,1,tongue,True,0.0,7.584139439285852e-14,3.879888991866429e-10,5115.7933249072385,True
1.0,ff7143dca8408a73233321fc7219358e48f2336bad0cb63f4e76f8988e77ecce,ca0178be9c5fd168509f48974d2b3e1bbc91b2ba4e8e9e320299fd98dcf765e8,0c9085a7366142fd489e5640b36c75720ff4acbc,discovery,0train,PASS,365,S02_0train_T078,2,1,tongue,True,0.0,8.253406174427754e-14,4.922260243858479e-10,5963.913734319227,True
1.0,ff7143dca8408a73233321fc7219358e48f2336bad0cb63f4e76f8988e77ecce,ca0178be9c5fd168509f48974d2b3e1bbc91b2ba4e8e9e320299fd98dcf765e8,0c9085a7366142fd489e5640b36c75720ff4acbc,discovery,0train,PASS,366,S02_0train_T079,2,1,right_hand,True,0.0,9.592058969091988e-14,5.455627841163851e-10,5687.650439538839,True
1.0,ff7143dca8408a73233321fc7219358e48f2336bad0cb63f4e76f8988e77ecce,ca0178be9c5fd168509f48974d2b3e1bbc91b2ba4e8e9e320299fd98dcf765e8,0c9085a7366142fd489e5640b36c75720ff4acbc,discovery,0train,PASS,367,S02_0train_T080,2,1,left_hand,True,0.0,7.6078443152315e-14,4.353085537850425e-10,5721.838351943147,True
1.0,ff7143dca8408a73233321fc7219358e48f2336bad0cb63f4e76f8988e77ecce,ca0178be9c5fd168509f48974d2b3e1bbc91b2ba4e8e9e320299fd98dcf765e8,0c9085a7366142fd489e5640b36c75720ff4acbc,discovery,0train,PASS,368,S02_0train_T081,2,1,right_hand,True,0.0,1.173311338650495e-13,7.841188111870439e-10,6682.956052303322,True
1.0,ff7143dca8408a73233321fc7219358e48f2336bad0cb63f4e76f8988e77ecce,ca0178be9c5fd168509f48974d2b3e1bbc91b2ba4e8e9e320299fd98dcf765e8,0c9085a7366142fd489e5640b36c75720ff4acbc,discovery,0train,PASS,369,S02_0train_T082,2,1,feet,True,0.0,8.931168847007695e-14,4.692199818724812e-10,5253.7354282546,True
1.0,ff7143dca8408a73233321fc7219358e48f2336bad0cb63f4e76f8988e77ecce,ca0178be9c5fd168509f48974d2b3e1bbc91b2ba4e8e9e320299fd98dcf765e8,0c9085a7366142fd489e5640b36c75720ff4acbc,discovery,0train,PASS,370,S02_0train_T083,2,1,feet,True,0.0,9.54630610301446e-14,5.738861262479481e-10,6011.604070256355,True
1.0,ff7143dca8408a73233321fc7219358e48f2336bad0cb63f4e76f8988e77ecce,ca0178be9c5fd168509f48974d2b3e1bbc91b2ba4e8e9e320299fd98dcf765e8,0c9085a7366142fd489e5640b36c75720ff4acbc,discovery,0train,PASS,371,S02_0train_T084,2,1,feet,True,0.0,1.0019900527618694e-13,5.238857209489682e-10,5228.452313522853,True
1.0,ff7143dca8408a73233321fc7219358e48f2336bad0cb63f4e76f8988e77ecce,ca0178be9c5fd168509f48974d2b3e1bbc91b2ba4e8e9e320299fd98dcf765e8,0c9085a7366142fd489e5640b36c75720ff4acbc,discovery,0train,PASS,372,S02_0train_T085,2,1,tongue,True,0.0,7.472504764677307e-14,3.5308790724388555e-10,4725.161353030376,True
1.0,ff7143dca8408a73233321fc7219358e48f2336bad0cb63f4e76f8988e77ecce,ca0178be9c5fd168509f48974d2b3e1bbc91b2ba4e8e9e320299fd98dcf765e8,0c9085a7366142fd489e5640b36c75720ff4acbc,discovery,0train,PASS,373,S02_0train_T086,2,1,feet,True,0.0,7.207663341529545e-14,4.0699803366385854e-10,5646.740342584995,True
1.0,ff7143dca8408a73233321fc7219358e48f2336bad0cb63f4e76f8988e77ecce,ca0178be9c5fd168509f48974d2b3e1bbc91b2ba4e8e9e320299fd98dcf765e8,0c9085a7366142fd489e5640b36c75720ff4acbc,discovery,0train,PASS,374,S02_0train_T087,2,1,left_hand,True,0.0,8.993989381946667e-14,5.565063213515483e-10,6187.5358944564105,True
1.0,ff7143dca8408a73233321fc7219358e48f2336bad0cb63f4e76f8988e77ecce,ca0178be9c5fd168509f48974d2b3e1bbc91b2ba4e8e9e320299fd98dcf765e8,0c9085a7366142fd489e5640b36c75720ff4acbc,discovery,0train,PASS,375,S02_0train_T088,2,1,tongue,True,0.0,8.550954027105551e-14,4.757377962937668e-10,5563.563957726028,True
1.0,ff7143dca8408a73233321fc7219358e48f2336bad0cb63f4e76f8988e77ecce,ca0178be9c5fd168509f48974d2b3e1bbc91b2ba4e8e9e320299fd98dcf765e8,0c9085a7366142fd489e5640b36c75720ff4acbc,discovery,0train,PASS,376,S02_0train_T089,2,1,right_hand,True,0.0,7.120858152135893e-14,4.0647716637741403e-10,5708.260966488873,True
1.0,ff7143dca8408a73233321fc7219358e48f2336bad0cb63f4e76f8988e77ecce,ca0178be9c5fd168509f48974d2b3e1bbc91b2ba4e8e9e320299fd98dcf765e8,0c9085a7366142fd489e5640b36c75720ff4acbc,discovery,0train,PASS,377,S02_0train_T090,2,1,feet,True,0.0,8.929303433597004e-14,4.242411830187028e-10,4751.111731991004,True
1.0,ff7143dca8408a73233321fc7219358e48f2336bad0cb63f4e76f8988e77ecce,ca0178be9c5fd168509f48974d2b3e1bbc91b2ba4e8e9e320299fd98dcf765e8,0c9085a7366142fd489e5640b36c75720ff4acbc,discovery,0train,PASS,378,S02_0train_T091,2,1,right_hand,True,0.0,7.401225264406917e-14,4.065320182685937e-10,5492.766450761046,True
1.0,ff7143dca8408a73233321fc7219358e48f2336bad0cb63f4e76f8988e77ecce,ca0178be9c5fd168509f48974d2b3e1bbc91b2ba4e8e9e320299fd98dcf765e8,0c9085a7366142fd489e5640b36c75720ff4acbc,discovery,0train,PASS,379,S02_0train_T092,2,1,feet,True,0.0,1.2365944037873078e-13,7.669110645640827e-10,6201.799573209051,True
1.0,ff7143dca8408a73233321fc7219358e48f2336bad0cb63f4e76f8988e77ecce,ca0178be9c5fd168509f48974d2b3e1bbc91b2ba4e8e9e320299fd98dcf765e8,0c9085a7366142fd489e5640b36c75720ff4acbc,discovery,0train,PASS,380,S02_0train_T093,2,1,tongue,True,0.0,7.917103414724967e-14,4.5680327670468764e-10,5769.82834220761,True
1.0,ff7143dca8408a73233321fc7219358e48f2336bad0cb63f4e76f8988e77ecce,ca0178be9c5fd168509f48974d2b3e1bbc91b2ba4e8e9e320299fd98dcf765e8,0c9085a7366142fd489e5640b36c75720ff4acbc,discovery,0train,PASS,381,S02_0train_T094,2,1,right_hand,True,0.0,9.507009788278557e-14,5.968164928624169e-10,6277.646769631475,True
1.0,ff7143dca8408a73233321fc7219358e48f2336bad0cb63f4e76f8988e77ecce,ca0178be9c5fd168509f48974d2b3e1bbc91b2ba4e8e9e320299fd98dcf765e8,0c9085a7366142fd489e5640b36c75720ff4acbc,discovery,0train,PASS,382,S02_0train_T095,2,1,feet,True,0.0,7.598304028062883e-14,3.631566624788501e-10,4779.443690823642,True
1.0,ff7143dca8408a73233321fc7219358e48f2336bad0cb63f4e76f8988e77ecce,ca0178be9c5fd168509f48974d2b3e1bbc91b2ba4e8e9e320299fd98dcf765e8,0c9085a7366142fd489e5640b36c75720ff4acbc,discovery,0train,PASS,383,S02_0train_T096,2,1,left_hand,True,0.0,6.617913116658627e-14,2.907003704531056e-10,4392.628995405726,True
1.0,ff7143dca8408a73233321fc7219358e48f2336bad0cb63f4e76f8988e77ecce,ca0178be9c5fd168509f48974d2b3e1bbc91b2ba4e8e9e320299fd98dcf765e8,0c9085a7366142fd489e5640b36c75720ff4acbc,discovery,0train,PASS,384,S02_0train_T097,2,2,left_hand,True,0.0,7.253183457174041e-14,4.1395680713177696e-10,5707.243027505901,True
1.0,ff7143dca8408a73233321fc7219358e48f2336bad0cb63f4e76f8988e77ecce,ca0178be9c5fd168509f48974d2b3e1bbc91b2ba4e8e9e320299fd98dcf765e8,0c9085a7366142fd489e5640b36c75720ff4acbc,discovery,0train,PASS,385,S02_0train_T098,2,2,left_hand,True,0.0,7.447941628430774e-14,4.068764616070569e-10,5462.938378221189,True
1.0,ff7143dca8408a73233321fc7219358e48f2336bad0cb63f4e76f8988e77ecce,ca0178be9c5fd168509f48974d2b3e1bbc91b2ba4e8e9e320299fd98dcf765e8,0c9085a7366142fd489e5640b36c75720ff4acbc,discovery,0train,PASS,386,S02_0train_T099,2,2,tongue,True,0.0,7.5880526786218e-14,4.3253657669822985e-10,5700.231601143687,True
1.0,ff7143dca8408a73233321fc7219358e48f2336bad0cb63f4e76f8988e77ecce,ca0178be9c5fd168509f48974d2b3e1bbc91b2ba4e8e9e320299fd98dcf765e8,0c9085a7366142fd489e5640b36c75720ff4acbc,discovery,0train,PASS,387,S02_0train_T100,2,2,right_hand,True,0.0,8.410250917333e-14,4.750958745574636e-10,5649.009515023158,True
1.0,ff7143dca8408a73233321fc7219358e48f2336bad0cb63f4e76f8988e77ecce,ca0178be9c5fd168509f48974d2b3e1bbc91b2ba4e8e9e320299fd98dcf765e8,0c9085a7366142fd489e5640b36c75720ff4acbc,discovery,0train,PASS,388,S02_0train_T101,2,2,left_hand,True,0.0,7.309510792928266e-14,3.5808420148544687e-10,4898.880535642449,True
1.0,ff7143dca8408a73233321fc7219358e48f2336bad0cb63f4e76f8988e77ecce,ca0178be9c5fd168509f48974d2b3e1bbc91b2ba4e8e9e320299fd98dcf765e8,0c9085a7366142fd489e5640b36c75720ff4acbc,discovery,0train,PASS,389,S02_0train_T102,2,2,feet,True,0.0,7.682328842808727e-14,3.807158896649902e-10,4955.7353955418175,True
1.0,ff7143dca8408a73233321fc7219358e48f2336bad0cb63f4e76f8988e77ecce,ca0178be9c5fd168509f48974d2b3e1bbc91b2ba4e8e9e320299fd98dcf765e8,0c9085a7366142fd489e5640b36c75720ff4acbc,discovery,0train,PASS,390,S02_0train_T103,2,2,left_hand,True,0.0,7.836394440660437e-14,4.3167131160004934e-10,5508.544967571449,True
1.0,ff7143dca8408a73233321fc7219358e48f2336bad0cb63f4e76f8988e77ecce,ca0178be9c5fd168509f48974d2b3e1bbc91b2ba4e8e9e320299fd98dcf765e8,0c9085a7366142fd489e5640b36c75720ff4acbc,discovery,0train,PASS,391,S02_0train_T104,2,2,feet,True,0.0,9.780371575342169e-14,5.429152667247664e-10,5551.069941898116,True
1.0,ff7143dca8408a73233321fc7219358e48f2336bad0cb63f4e76f8988e77ecce,ca0178be9c5fd168509f48974d2b3e1bbc91b2ba4e8e9e320299fd98dcf765e8,0c9085a7366142fd489e5640b36c75720ff4acbc,discovery,0train,PASS,392,S02_0train_T105,2,2,right_hand,True,0.0,7.3674812533858e-14,3.4743860890638514e-10,4715.839741658198,True
1.0,ff7143dca8408a73233321fc7219358e48f2336bad0cb63f4e76f8988e77ecce,ca0178be9c5fd168509f48974d2b3e1bbc91b2ba4e8e9e320299fd98dcf765e8,0c9085a7366142fd489e5640b36c75720ff4acbc,discovery,0train,PASS,393,S02_0train_T106,2,2,tongue,True,0.0,9.236865185450085e-14,5.397076674382452e-10,5842.974392312156,True
1.0,ff7143dca8408a73233321fc7219358e48f2336bad0cb63f4e76f8988e77ecce,ca0178be9c5fd168509f48974d2b3e1bbc91b2ba4e8e9e320299fd98dcf765e8,0c9085a7366142fd489e5640b36c75720ff4acbc,discovery,0train,PASS,394,S02_0train_T107,2,2,left_hand,True,0.0,8.668850361217106e-14,4.694947035616073e-10,5415.881968179346,True
1.0,ff7143dca8408a73233321fc7219358e48f2336bad0cb63f4e76f8988e77ecce,ca0178be9c5fd168509f48974d2b3e1bbc91b2ba4e8e9e320299fd98dcf765e8,0c9085a7366142fd489e5640b36c75720ff4acbc,discovery,0train,PASS,395,S02_0train_T108,2,2,feet,True,0.0,1.075126596332332e-13,6.424282451246751e-10,5975.373014826752,True
1.0,ff7143dca8408a73233321fc7219358e48f2336bad0cb63f4e76f8988e77ecce,ca0178be9c5fd168509f48974d2b3e1bbc91b2ba4e8e9e320299fd98dcf765e8,0c9085a7366142fd489e5640b36c75720ff4acbc,discovery,0train,PASS,396,S02_0train_T109,2,2,feet,True,0.0,8.126545937374696e-14,3.4123913535379246e-10,4199.0673280317515,True
1.0,ff7143dca8408a73233321fc7219358e48f2336bad0cb63f4e76f8988e77ecce,ca0178be9c5fd168509f48974d2b3e1bbc91b2ba4e8e9e320299fd98dcf765e8,0c9085a7366142fd489e5640b36c75720ff4acbc,discovery,0train,PASS,397,S02_0train_T110,2,2,left_hand,True,0.0,7.329806989098747e-14,4.066454058655944e-10,5547.832384541334,True
1.0,ff7143dca8408a73233321fc7219358e48f2336bad0cb63f4e76f8988e77ecce,ca0178be9c5fd168509f48974d2b3e1bbc91b2ba4e8e9e320299fd98dcf765e8,0c9085a7366142fd489e5640b36c75720ff4acbc,discovery,0train,PASS,398,S02_0train_T111,2,2,feet,True,0.0,8.211023776125748e-14,4.432547659382044e-10,5398.288666840856,True
1.0,ff7143dca8408a73233321fc7219358e48f2336bad0cb63f4e76f8988e77ecce,ca0178be9c5fd168509f48974d2b3e1bbc91b2ba4e8e9e320299fd98dcf765e8,0c9085a7366142fd489e5640b36c75720ff4acbc,discovery,0train,PASS,399,S02_0train_T112,2,2,right_hand,True,0.0,7.005490371832102e-14,3.0970940331066475e-10,4420.9525225522275,True
1.0,ff7143dca8408a73233321fc7219358e48f2336bad0cb63f4e76f8988e77ecce,ca0178be9c5fd168509f48974d2b3e1bbc91b2ba4e8e9e320299fd98dcf765e8,0c9085a7366142fd489e5640b36c75720ff4acbc,discovery,0train,PASS,400,S02_0train_T113,2,2,tongue,True,0.0,1.030809557500769e-13,6.091375243983161e-10,5909.311957440418,True
1.0,ff7143dca8408a73233321fc7219358e48f2336bad0cb63f4e76f8988e77ecce,ca0178be9c5fd168509f48974d2b3e1bbc91b2ba4e8e9e320299fd98dcf765e8,0c9085a7366142fd489e5640b36c75720ff4acbc,discovery,0train,PASS,401,S02_0train_T114,2,2,tongue,True,0.0,7.246984439591828e-14,3.766938531605916e-10,5197.9393125592,True
1.0,ff7143dca8408a73233321fc7219358e48f2336bad0cb63f4e76f8988e77ecce,ca0178be9c5fd168509f48974d2b3e1bbc91b2ba4e8e9e320299fd98dcf765e8,0c9085a7366142fd489e5640b36c75720ff4acbc,discovery,0train,PASS,402,S02_0train_T115,2,2,tongue,True,0.0,7.325414873631637e-14,4.102390999695109e-10,5600.216602696406,True
1.0,ff7143dca8408a73233321fc7219358e48f2336bad0cb63f4e76f8988e77ecce,ca0178be9c5fd168509f48974d2b3e1bbc91b2ba4e8e9e320299fd98dcf765e8,0c9085a7366142fd489e5640b36c75720ff4acbc,discovery,0train,PASS,403,S02_0train_T116,2,2,feet,True,0.0,1.0127685518461734e-13,5.461578579923057e-10,5392.721337927761,True
1.0,ff7143dca8408a73233321fc7219358e48f2336bad0cb63f4e76f8988e77ecce,ca0178be9c5fd168509f48974d2b3e1bbc91b2ba4e8e9e320299fd98dcf765e8,0c9085a7366142fd489e5640b36c75720ff4acbc,discovery,0train,PASS,404,S02_0train_T117,2,2,left_hand,True,0.0,7.034337767612546e-14,3.9743790870996233e-10,5649.9690779684115,True
1.0,ff7143dca8408a73233321fc7219358e48f2336bad0cb63f4e76f8988e77ecce,ca0178be9c5fd168509f48974d2b3e1bbc91b2ba4e8e9e320299fd98dcf765e8,0c9085a7366142fd489e5640b36c75720ff4acbc,discovery,0train,PASS,405,S02_0train_T118,2,2,tongue,True,0.0,9.160210097695644e-14,4.899414161265424e-10,5348.582738836883,True
1.0,ff7143dca8408a73233321fc7219358e48f2336bad0cb63f4e76f8988e77ecce,ca0178be9c5fd168509f48974d2b3e1bbc91b2ba4e8e9e320299fd98dcf765e8,0c9085a7366142fd489e5640b36c75720ff4acbc,discovery,0train,PASS,406,S02_0train_T119,2,2,right_hand,True,0.0,6.860738874926157e-14,3.3388200557998226e-10,4866.560463337499,True
1.0,ff7143dca8408a73233321fc7219358e48f2336bad0cb63f4e76f8988e77ecce,ca0178be9c5fd168509f48974d2b3e1bbc91b2ba4e8e9e320299fd98dcf765e8,0c9085a7366142fd489e5640b36c75720ff4acbc,discovery,0train,PASS,407,S02_0train_T120,2,2,tongue,True,0.0,7.169315231544905e-14,3.5356683054918717e-10,4931.668076101566,True
1.0,ff7143dca8408a73233321fc7219358e48f2336bad0cb63f4e76f8988e77ecce,ca0178be9c5fd168509f48974d2b3e1bbc91b2ba4e8e9e320299fd98dcf765e8,0c9085a7366142fd489e5640b36c75720ff4acbc,discovery,0train,PASS,408,S02_0train_T121,2,2,right_hand,True,0.0,8.173356665323003e-14,4.657207060366856e-10,5698.034786767509,True
1.0,ff7143dca8408a73233321fc7219358e48f2336bad0cb63f4e76f8988e77ecce,ca0178be9c5fd168509f48974d2b3e1bbc91b2ba4e8e9e320299fd98dcf765e8,0c9085a7366142fd489e5640b36c75720ff4acbc,discovery,0train,PASS,409,S02_0train_T122,2,2,left_hand,True,0.0,8.946762499321658e-14,5.700484949956582e-10,6371.561724577791,True
1.0,ff7143dca8408a73233321fc7219358e48f2336bad0cb63f4e76f8988e77ecce,ca0178be9c5fd168509f48974d2b3e1bbc91b2ba4e8e9e320299fd98dcf765e8,0c9085a7366142fd489e5640b36c75720ff4acbc,discovery,0train,PASS,410,S02_0train_T123,2,2,feet,True,0.0,7.797789629579295e-14,3.526961070775053e-10,4523.026701562016,True
1.0,ff7143dca8408a73233321fc7219358e48f2336bad0cb63f4e76f8988e77ecce,ca0178be9c5fd168509f48974d2b3e1bbc91b2ba4e8e9e320299fd98dcf765e8,0c9085a7366142fd489e5640b36c75720ff4acbc,discovery,0train,PASS,411,S02_0train_T124,2,2,right_hand,True,0.0,9.011957781702754e-14,5.61380193635621e-10,6229.281219841131,True
1.0,ff7143dca8408a73233321fc7219358e48f2336bad0cb63f4e76f8988e77ecce,ca0178be9c5fd168509f48974d2b3e1bbc91b2ba4e8e9e320299fd98dcf765e8,0c9085a7366142fd489e5640b36c75720ff4acbc,discovery,0train,PASS,412,S02_0train_T125,2,2,left_hand,True,0.0,8.451357719368826e-14,4.901236424048248e-10,5799.347970818454,True
1.0,ff7143dca8408a73233321fc7219358e48f2336bad0cb63f4e76f8988e77ecce,ca0178be9c5fd168509f48974d2b3e1bbc91b2ba4e8e9e320299fd98dcf765e8,0c9085a7366142fd489e5640b36c75720ff4acbc,discovery,0train,PASS,413,S02_0train_T126,2,2,feet,True,0.0,9.089597098542305e-14,4.923339163505912e-10,5416.454778062128,True
1.0,ff7143dca8408a73233321fc7219358e48f2336bad0cb63f4e76f8988e77ecce,ca0178be9c5fd168509f48974d2b3e1bbc91b2ba4e8e9e320299fd98dcf765e8,0c9085a7366142fd489e5640b36c75720ff4acbc,discovery,0train,PASS,414,S02_0train_T127,2,2,feet,True,0.0,8.455050903094609e-14,4.4135819647728206e-10,5220.053687858246,True
1.0,ff7143dca8408a73233321fc7219358e48f2336bad0cb63f4e76f8988e77ecce,ca0178be9c5fd168509f48974d2b3e1bbc91b2ba4e8e9e320299fd98dcf765e8,0c9085a7366142fd489e5640b36c75720ff4acbc,discovery,0train,PASS,415,S02_0train_T128,2,2,left_hand,True,0.0,9.053807446579184e-14,5.557707089884006e-10,6138.530251141893,True
1.0,ff7143dca8408a73233321fc7219358e48f2336bad0cb63f4e76f8988e77ecce,ca0178be9c5fd168509f48974d2b3e1bbc91b2ba4e8e9e320299fd98dcf765e8,0c9085a7366142fd489e5640b36c75720ff4acbc,discovery,0train,PASS,416,S02_0train_T129,2,2,feet,True,0.0,1.1487337753797508e-13,7.459850961485729e-10,6493.977213318757,True
1.0,ff7143dca8408a73233321fc7219358e48f2336bad0cb63f4e76f8988e77ecce,ca0178be9c5fd168509f48974d2b3e1bbc91b2ba4e8e9e320299fd98dcf765e8,0c9085a7366142fd489e5640b36c75720ff4acbc,discovery,0train,PASS,417,S02_0train_T130,2,2,tongue,True,0.0,9.857945710751058e-14,5.488339203584446e-10,5567.426890573026,True
1.0,ff7143dca8408a73233321fc7219358e48f2336bad0cb63f4e76f8988e77ecce,ca0178be9c5fd168509f48974d2b3e1bbc91b2ba4e8e9e320299fd98dcf765e8,0c9085a7366142fd489e5640b36c75720ff4acbc,discovery,0train,PASS,418,S02_0train_T131,2,2,tongue,True,0.0,1.0879964825388975e-13,6.438104487034434e-10,5917.394578345305,True
1.0,ff7143dca8408a73233321fc7219358e48f2336bad0cb63f4e76f8988e77ecce,ca0178be9c5fd168509f48974d2b3e1bbc91b2ba4e8e9e320299fd98dcf765e8,0c9085a7366142fd489e5640b36c75720ff4acbc,discovery,0train,PASS,419,S02_0train_T132,2,2,right_hand,True,0.0,8.33474547885915e-14,4.878853724090395e-10,5853.632527190508,True
1.0,ff7143dca8408a73233321fc7219358e48f2336bad0cb63f4e76f8988e77ecce,ca0178be9c5fd168509f48974d2b3e1bbc91b2ba4e8e9e320299fd98dcf765e8,0c9085a7366142fd489e5640b36c75720ff4acbc,discovery,0train,PASS,420,S02_0train_T133,2,2,left_hand,True,0.0,9.644082387950058e-14,5.655125342164974e-10,5863.829356363498,True
1.0,ff7143dca8408a73233321fc7219358e48f2336bad0cb63f4e76f8988e77ecce,ca0178be9c5fd168509f48974d2b3e1bbc91b2ba4e8e9e320299fd98dcf765e8,0c9085a7366142fd489e5640b36c75720ff4acbc,discovery,0train,PASS,421,S02_0train_T134,2,2,right_hand,True,0.0,9.454222076804709e-14,6.188198192516811e-10,6545.433502878184,True
1.0,ff7143dca8408a73233321fc7219358e48f2336bad0cb63f4e76f8988e77ecce,ca0178be9c5fd168509f48974d2b3e1bbc91b2ba4e8e9e320299fd98dcf765e8,0c9085a7366142fd489e5640b36c75720ff4acbc,discovery,0train,PASS,422,S02_0train_T135,2,2,tongue,True,0.0,7.640550467814997e-14,3.7817392425168197e-10,4949.563854655489,True
1.0,ff7143dca8408a73233321fc7219358e48f2336bad0cb63f4e76f8988e77ecce,ca0178be9c5fd168509f48974d2b3e1bbc91b2ba4e8e9e320299fd98dcf765e8,0c9085a7366142fd489e5640b36c75720ff4acbc,discovery,0train,PASS,423,S02_0train_T136,2,2,right_hand,True,0.0,8.776385233395671e-14,5.170471652532045e-10,5891.345371734027,True
1.0,ff7143dca8408a73233321fc7219358e48f2336bad0cb63f4e76f8988e77ecce,ca0178be9c5fd168509f48974d2b3e1bbc91b2ba4e8e9e320299fd98dcf765e8,0c9085a7366142fd489e5640b36c75720ff4acbc,discovery,0train,PASS,424,S02_0train_T137,2,2,tongue,True,0.0,1.1477122930091512e-13,7.250281676471758e-10,6317.159553517084,True
1.0,ff7143dca8408a73233321fc7219358e48f2336bad0cb63f4e76f8988e77ecce,ca0178be9c5fd168509f48974d2b3e1bbc91b2ba4e8e9e320299fd98dcf765e8,0c9085a7366142fd489e5640b36c75720ff4acbc,discovery,0train,PASS,425,S02_0train_T138,2,2,feet,True,0.0,8.188848086068973e-14,3.5690862264471254e-10,4358.471654296437,True
1.0,ff7143dca8408a73233321fc7219358e48f2336bad0cb63f4e76f8988e77ecce,ca0178be9c5fd168509f48974d2b3e1bbc91b2ba4e8e9e320299fd98dcf765e8,0c9085a7366142fd489e5640b36c75720ff4acbc,discovery,0train,PASS,426,S02_0train_T139,2,2,right_hand,True,0.0,1.1123526522346139e-13,7.113041455325385e-10,6394.592075665879,True
1.0,ff7143dca8408a73233321fc7219358e48f2336bad0cb63f4e76f8988e77ecce,ca0178be9c5fd168509f48974d2b3e1bbc91b2ba4e8e9e320299fd98dcf765e8,0c9085a7366142fd489e5640b36c75720ff4acbc,discovery,0train,PASS,427,S02_0train_T140,2,2,right_hand,True,0.0,8.729587620605544e-14,4.3134901919054415e-10,4941.230192505048,True
1.0,ff7143dca8408a73233321fc7219358e48f2336bad0cb63f4e76f8988e77ecce,ca0178be9c5fd168509f48974d2b3e1bbc91b2ba4e8e9e320299fd98dcf765e8,0c9085a7366142fd489e5640b36c75720ff4acbc,discovery,0train,PASS,428,S02_0train_T141,2,2,right_hand,True,0.0,1.0061566434975947e-13,5.751218790606452e-10,5716.027248614198,True
1.0,ff7143dca8408a73233321fc7219358e48f2336bad0cb63f4e76f8988e77ecce,ca0178be9c5fd168509f48974d2b3e1bbc91b2ba4e8e9e320299fd98dcf765e8,0c9085a7366142fd489e5640b36c75720ff4acbc,discovery,0train,PASS,429,S02_0train_T142,2,2,feet,True,0.0,9.445989198771493e-14,5.489921878199012e-10,5811.9078507024005,True
1.0,ff7143dca8408a73233321fc7219358e48f2336bad0cb63f4e76f8988e77ecce,ca0178be9c5fd168509f48974d2b3e1bbc91b2ba4e8e9e320299fd98dcf765e8,0c9085a7366142fd489e5640b36c75720ff4acbc,discovery,0train,PASS,430,S02_0train_T143,2,2,tongue,True,0.0,7.015070083469602e-14,3.4325917141038413e-10,4893.1680984805025,True
1.0,ff7143dca8408a73233321fc7219358e48f2336bad0cb63f4e76f8988e77ecce,ca0178be9c5fd168509f48974d2b3e1bbc91b2ba4e8e9e320299fd98dcf765e8,0c9085a7366142fd489e5640b36c75720ff4acbc,discovery,0train,PASS,431,S02_0train_T144,2,2,left_hand,True,0.0,8.199855825156597e-14,4.886097506738817e-10,5958.760264721489,True
1.0,ff7143dca8408a73233321fc7219358e48f2336bad0cb63f4e76f8988e77ecce,ca0178be9c5fd168509f48974d2b3e1bbc91b2ba4e8e9e320299fd98dcf765e8,0c9085a7366142fd489e5640b36c75720ff4acbc,discovery,0train,PASS,432,S02_0train_T145,2,3,right_hand,True,0.0,7.540153343882563e-14,4.829845654974063e-10,6405.500571009723,True
1.0,ff7143dca8408a73233321fc7219358e48f2336bad0cb63f4e76f8988e77ecce,ca0178be9c5fd168509f48974d2b3e1bbc91b2ba4e8e9e320299fd98dcf765e8,0c9085a7366142fd489e5640b36c75720ff4acbc,discovery,0train,PASS,433,S02_0train_T146,2,3,tongue,True,0.0,6.594977971532104e-14,2.994243307589984e-10,4540.1869733529675,True
1.0,ff7143dca8408a73233321fc7219358e48f2336bad0cb63f4e76f8988e77ecce,ca0178be9c5fd168509f48974d2b3e1bbc91b2ba4e8e9e320299fd98dcf765e8,0c9085a7366142fd489e5640b36c75720ff4acbc,discovery,0train,PASS,434,S02_0train_T147,2,3,left_hand,True,0.0,8.04298800084276e-14,4.379630033544301e-10,5445.277343551172,True
1.0,ff7143dca8408a73233321fc7219358e48f2336bad0cb63f4e76f8988e77ecce,ca0178be9c5fd168509f48974d2b3e1bbc91b2ba4e8e9e320299fd98dcf765e8,0c9085a7366142fd489e5640b36c75720ff4acbc,discovery,0train,PASS,435,S02_0train_T148,2,3,feet,True,0.0,6.524155743206439e-14,2.788288232759302e-10,4273.791648310555,True
1.0,ff7143dca8408a73233321fc7219358e48f2336bad0cb63f4e76f8988e77ecce,ca0178be9c5fd168509f48974d2b3e1bbc91b2ba4e8e9e320299fd98dcf765e8,0c9085a7366142fd489e5640b36c75720ff4acbc,discovery,0train,PASS,436,S02_0train_T149,2,3,feet,True,0.0,6.762211350980971e-14,3.2825043386323955e-10,4854.187732769124,True
1.0,ff7143dca8408a73233321fc7219358e48f2336bad0cb63f4e76f8988e77ecce,ca0178be9c5fd168509f48974d2b3e1bbc91b2ba4e8e9e320299fd98dcf765e8,0c9085a7366142fd489e5640b36c75720ff4acbc,discovery,0train,PASS,437,S02_0train_T150,2,3,tongue,True,0.0,1.0679195689467106e-13,5.990788422754175e-10,5609.774927771847,True
1.0,ff7143dca8408a73233321fc7219358e48f2336bad0cb63f4e76f8988e77ecce,ca0178be9c5fd168509f48974d2b3e1bbc91b2ba4e8e9e320299fd98dcf765e8,0c9085a7366142fd489e5640b36c75720ff4acbc,discovery,0train,PASS,438,S02_0train_T151,2,3,left_hand,True,0.0,8.123587335651493e-14,4.957536833855412e-10,6102.6448402894275,True
1.0,ff7143dca8408a73233321fc7219358e48f2336bad0cb63f4e76f8988e77ecce,ca0178be9c5fd168509f48974d2b3e1bbc91b2ba4e8e9e320299fd98dcf765e8,0c9085a7366142fd489e5640b36c75720ff4acbc,discovery,0train,PASS,439,S02_0train_T152,2,3,left_hand,True,0.0,7.579757134142015e-14,4.55097382849038e-10,6004.115630553806,True
1.0,ff7143dca8408a73233321fc7219358e48f2336bad0cb63f4e76f8988e77ecce,ca0178be9c5fd168509f48974d2b3e1bbc91b2ba4e8e9e320299fd98dcf765e8,0c9085a7366142fd489e5640b36c75720ff4acbc,discovery,0train,PASS,440,S02_0train_T153,2,3,feet,True,0.0,9.431483262388575e-14,4.0633945653106087e-10,4308.330357235382,True
1.0,ff7143dca8408a73233321fc7219358e48f2336bad0cb63f4e76f8988e77ecce,ca0178be9c5fd168509f48974d2b3e1bbc91b2ba4e8e9e320299fd98dcf765e8,0c9085a7366142fd489e5640b36c75720ff4acbc,discovery,0train,PASS,441,S02_0train_T154,2,3,right_hand,True,0.0,6.444262029258425e-14,3.5550792006576777e-10,5516.658361371409,True
1.0,ff7143dca8408a73233321fc7219358e48f2336bad0cb63f4e76f8988e77ecce,ca0178be9c5fd168509f48974d2b3e1bbc91b2ba4e8e9e320299fd98dcf765e8,0c9085a7366142fd489e5640b36c75720ff4acbc,discovery,0train,PASS,442,S02_0train_T155,2,3,tongue,True,0.0,7.887889047746916e-14,4.286049481962341e-10,5433.709140706792,True
1.0,ff7143dca8408a73233321fc7219358e48f2336bad0cb63f4e76f8988e77ecce,ca0178be9c5fd168509f48974d2b3e1bbc91b2ba4e8e9e320299fd98dcf765e8,0c9085a7366142fd489e5640b36c75720ff4acbc,discovery,0train,PASS,443,S02_0train_T156,2,3,tongue,True,0.0,8.246286788450286e-14,4.710761616537987e-10,5712.585236710248,True
1.0,ff7143dca8408a73233321fc7219358e48f2336bad0cb63f4e76f8988e77ecce,ca0178be9c5fd168509f48974d2b3e1bbc91b2ba4e8e9e320299fd98dcf765e8,0c9085a7366142fd489e5640b36c75720ff4acbc,discovery,0train,PASS,444,S02_0train_T157,2,3,tongue,True,0.0,6.938830335821394e-14,3.1875902663755306e-10,4593.843792259542,True
1.0,ff7143dca8408a73233321fc7219358e48f2336bad0cb63f4e76f8988e77ecce,ca0178be9c5fd168509f48974d2b3e1bbc91b2ba4e8e9e320299fd98dcf765e8,0c9085a7366142fd489e5640b36c75720ff4acbc,discovery,0train,PASS,445,S02_0train_T158,2,3,right_hand,True,0.0,7.776476414376514e-14,3.671441455634479e-10,4721.21467358535,True
1.0,ff7143dca8408a73233321fc7219358e48f2336bad0cb63f4e76f8988e77ecce,ca0178be9c5fd168509f48974d2b3e1bbc91b2ba4e8e9e320299fd98dcf765e8,0c9085a7366142fd489e5640b36c75720ff4acbc,discovery,0train,PASS,446,S02_0train_T159,2,3,left_hand,True,0.0,8.677912189519876e-14,4.416577924590242e-10,5089.447586164845,True
1.0,ff7143dca8408a73233321fc7219358e48f2336bad0cb63f4e76f8988e77ecce,ca0178be9c5fd168509f48974d2b3e1bbc91b2ba4e8e9e320299fd98dcf765e8,0c9085a7366142fd489e5640b36c75720ff4acbc,discovery,0train,PASS,447,S02_0train_T160,2,3,feet,True,0.0,6.862967828037437e-14,3.3981639112895964e-10,4951.449571724642,True
1.0,ff7143dca8408a73233321fc7219358e48f2336bad0cb63f4e76f8988e77ecce,ca0178be9c5fd168509f48974d2b3e1bbc91b2ba4e8e9e320299fd98dcf765e8,0c9085a7366142fd489e5640b36c75720ff4acbc,discovery,0train,PASS,448,S02_0train_T161,2,3,right_hand,True,0.0,1.0892107642844977e-13,6.662498532870435e-10,6116.812972599503,True
1.0,ff7143dca8408a73233321fc7219358e48f2336bad0cb63f4e76f8988e77ecce,ca0178be9c5fd168509f48974d2b3e1bbc91b2ba4e8e9e320299fd98dcf765e8,0c9085a7366142fd489e5640b36c75720ff4acbc,discovery,0train,PASS,449,S02_0train_T162,2,3,tongue,True,0.0,1.0254456587065884e-13,5.380475733062942e-10,5246.963295792217,True
1.0,ff7143dca8408a73233321fc7219358e48f2336bad0cb63f4e76f8988e77ecce,ca0178be9c5fd168509f48974d2b3e1bbc91b2ba4e8e9e320299fd98dcf765e8,0c9085a7366142fd489e5640b36c75720ff4acbc,discovery,0train,PASS,450,S02_0train_T163,2,3,left_hand,True,0.0,9.401606166322263e-14,5.901652373766684e-10,6277.280997907725,True
1.0,ff7143dca8408a73233321fc7219358e48f2336bad0cb63f4e76f8988e77ecce,ca0178be9c5fd168509f48974d2b3e1bbc91b2ba4e8e9e320299fd98dcf765e8,0c9085a7366142fd489e5640b36c75720ff4acbc,discovery,0train,PASS,451,S02_0train_T164,2,3,tongue,True,0.0,9.666316157339662e-14,5.607352272933901e-10,5800.919586802695,True
1.0,ff7143dca8408a73233321fc7219358e48f2336bad0cb63f4e76f8988e77ecce,ca0178be9c5fd168509f48974d2b3e1bbc91b2ba4e8e9e320299fd98dcf765e8,0c9085a7366142fd489e5640b36c75720ff4acbc,discovery,0train,PASS,452,S02_0train_T165,2,3,feet,True,0.0,9.228788223315055e-14,5.067337302264358e-10,5490.793785323345,True
1.0,ff7143dca8408a73233321fc7219358e48f2336bad0cb63f4e76f8988e77ecce,ca0178be9c5fd168509f48974d2b3e1bbc91b2ba4e8e9e320299fd98dcf765e8,0c9085a7366142fd489e5640b36c75720ff4acbc,discovery,0train,PASS,453,S02_0train_T166,2,3,right_hand,True,0.0,9.679887257994614e-14,5.428422928104606e-10,5607.940240854845,True
1.0,ff7143dca8408a73233321fc7219358e48f2336bad0cb63f4e76f8988e77ecce,ca0178be9c5fd168509f48974d2b3e1bbc91b2ba4e8e9e320299fd98dcf765e8,0c9085a7366142fd489e5640b36c75720ff4acbc,discovery,0train,PASS,454,S02_0train_T167,2,3,tongue,True,0.0,8.965910545736875e-14,5.190327894578176e-10,5788.957929148736,True
1.0,ff7143dca8408a73233321fc7219358e48f2336bad0cb63f4e76f8988e77ecce,ca0178be9c5fd168509f48974d2b3e1bbc91b2ba4e8e9e320299fd98dcf765e8,0c9085a7366142fd489e5640b36c75720ff4acbc,discovery,0train,PASS,455,S02_0train_T168,2,3,tongue,True,0.0,1.0455958114072139e-13,5.694119103613702e-10,5445.8128480356845,True
1.0,ff7143dca8408a73233321fc7219358e48f2336bad0cb63f4e76f8988e77ecce,ca0178be9c5fd168509f48974d2b3e1bbc91b2ba4e8e9e320299fd98dcf765e8,0c9085a7366142fd489e5640b36c75720ff4acbc,discovery,0train,PASS,456,S02_0train_T169,2,3,left_hand,True,0.0,8.326664605143211e-14,4.685422901520341e-10,5627.01048223589,True
1.0,ff7143dca8408a73233321fc7219358e48f2336bad0cb63f4e76f8988e77ecce,ca0178be9c5fd168509f48974d2b3e1bbc91b2ba4e8e9e320299fd98dcf765e8,0c9085a7366142fd489e5640b36c75720ff4acbc,discovery,0train,PASS,457,S02_0train_T170,2,3,right_hand,True,0.0,8.155239357744334e-14,4.2564887000384955e-10,5219.330191696301,True
1.0,ff7143dca8408a73233321fc7219358e48f2336bad0cb63f4e76f8988e77ecce,ca0178be9c5fd168509f48974d2b3e1bbc91b2ba4e8e9e320299fd98dcf765e8,0c9085a7366142fd489e5640b36c75720ff4acbc,discovery,0train,PASS,458,S02_0train_T171,2,3,right_hand,True,0.0,7.824717880519733e-14,4.226238560584147e-10,5401.138577923313,True
1.0,ff7143dca8408a73233321fc7219358e48f2336bad0cb63f4e76f8988e77ecce,ca0178be9c5fd168509f48974d2b3e1bbc91b2ba4e8e9e320299fd98dcf765e8,0c9085a7366142fd489e5640b36c75720ff4acbc,discovery,0train,PASS,459,S02_0train_T172,2,3,feet,True,0.0,9.394716603071163e-14,4.945494112904698e-10,5264.122721155846,True
1.0,ff7143dca8408a73233321fc7219358e48f2336bad0cb63f4e76f8988e77ecce,ca0178be9c5fd168509f48974d2b3e1bbc91b2ba4e8e9e320299fd98dcf765e8,0c9085a7366142fd489e5640b36c75720ff4acbc,discovery,0train,PASS,460,S02_0train_T173,2,3,tongue,True,0.0,8.632558031132226e-14,4.854075233081008e-10,5622.985927896923,True
1.0,ff7143dca8408a73233321fc7219358e48f2336bad0cb63f4e76f8988e77ecce,ca0178be9c5fd168509f48974d2b3e1bbc91b2ba4e8e9e320299fd98dcf765e8,0c9085a7366142fd489e5640b36c75720ff4acbc,discovery,0train,PASS,461,S02_0train_T174,2,3,right_hand,True,0.0,8.877994678562857e-14,4.759410351468435e-10,5360.906965804663,True
1.0,ff7143dca8408a73233321fc7219358e48f2336bad0cb63f4e76f8988e77ecce,ca0178be9c5fd168509f48974d2b3e1bbc91b2ba4e8e9e320299fd98dcf765e8,0c9085a7366142fd489e5640b36c75720ff4acbc,discovery,0train,PASS,462,S02_0train_T175,2,3,left_hand,True,0.0,1.0360198613576834e-13,5.372827011812653e-10,5186.027036944706,True
1.0,ff7143dca8408a73233321fc7219358e48f2336bad0cb63f4e76f8988e77ecce,ca0178be9c5fd168509f48974d2b3e1bbc91b2ba4e8e9e320299fd98dcf765e8,0c9085a7366142fd489e5640b36c75720ff4acbc,discovery,0train,PASS,463,S02_0train_T176,2,3,left_hand,True,0.0,8.430048884674194e-14,4.5747685298634844e-10,5426.74021520848,True
1.0,ff7143dca8408a73233321fc7219358e48f2336bad0cb63f4e76f8988e77ecce,ca0178be9c5fd168509f48974d2b3e1bbc91b2ba4e8e9e320299fd98dcf765e8,0c9085a7366142fd489e5640b36c75720ff4acbc,discovery,0train,PASS,464,S02_0train_T177,2,3,tongue,True,0.0,9.631124727554558e-14,5.51339094474121e-10,5724.55564713792,True
1.0,ff7143dca8408a73233321fc7219358e48f2336bad0cb63f4e76f8988e77ecce,ca0178be9c5fd168509f48974d2b3e1bbc91b2ba4e8e9e320299fd98dcf765e8,0c9085a7366142fd489e5640b36c75720ff4acbc,discovery,0train,PASS,465,S02_0train_T178,2,3,right_hand,True,0.0,1.2367071743051765e-13,7.298516315673465e-10,5901.571905874983,True
1.0,ff7143dca8408a73233321fc7219358e48f2336bad0cb63f4e76f8988e77ecce,ca0178be9c5fd168509f48974d2b3e1bbc91b2ba4e8e9e320299fd98dcf765e8,0c9085a7366142fd489e5640b36c75720ff4acbc,discovery,0train,PASS,466,S02_0train_T179,2,3,left_hand,True,0.0,9.887949605791974e-14,6.015564613467496e-10,6083.733082482352,True
1.0,ff7143dca8408a73233321fc7219358e48f2336bad0cb63f4e76f8988e77ecce,ca0178be9c5fd168509f48974d2b3e1bbc91b2ba4e8e9e320299fd98dcf765e8,0c9085a7366142fd489e5640b36c75720ff4acbc,discovery,0train,PASS,467,S02_0train_T180,2,3,feet,True,0.0,8.743035199636282e-14,4.194810387007702e-10,4797.88802312292,True
1.0,ff7143dca8408a73233321fc7219358e48f2336bad0cb63f4e76f8988e77ecce,ca0178be9c5fd168509f48974d2b3e1bbc91b2ba4e8e9e320299fd98dcf765e8,0c9085a7366142fd489e5640b36c75720ff4acbc,discovery,0train,PASS,468,S02_0train_T181,2,3,right_hand,True,0.0,7.248218925599193e-14,3.4600769906448894e-10,4773.692718392682,True
1.0,ff7143dca8408a73233321fc7219358e48f2336bad0cb63f4e76f8988e77ecce,ca0178be9c5fd168509f48974d2b3e1bbc91b2ba4e8e9e320299fd98dcf765e8,0c9085a7366142fd489e5640b36c75720ff4acbc,discovery,0train,PASS,469,S02_0train_T182,2,3,right_hand,True,0.0,9.319229575470559e-14,4.972112734791939e-10,5335.32594569748,True
1.0,ff7143dca8408a73233321fc7219358e48f2336bad0cb63f4e76f8988e77ecce,ca0178be9c5fd168509f48974d2b3e1bbc91b2ba4e8e9e320299fd98dcf765e8,0c9085a7366142fd489e5640b36c75720ff4acbc,discovery,0train,PASS,470,S02_0train_T183,2,3,feet,True,0.0,8.953892849748e-14,3.883056541886034e-10,4336.724380161998,True
1.0,ff7143dca8408a73233321fc7219358e48f2336bad0cb63f4e76f8988e77ecce,ca0178be9c5fd168509f48974d2b3e1bbc91b2ba4e8e9e320299fd98dcf765e8,0c9085a7366142fd489e5640b36c75720ff4acbc,discovery,0train,PASS,471,S02_0train_T184,2,3,left_hand,True,0.0,1.0929941297577785e-13,5.759292502460673e-10,5269.280360853361,True
1.0,ff7143dca8408a73233321fc7219358e48f2336bad0cb63f4e76f8988e77ecce,ca0178be9c5fd168509f48974d2b3e1bbc91b2ba4e8e9e320299fd98dcf765e8,0c9085a7366142fd489e5640b36c75720ff4acbc,discovery,0train,PASS,472,S02_0train_T185,2,3,tongue,True,0.0,1.0200004683994343e-13,6.160170788722233e-10,6039.380352823424,True
1.0,ff7143dca8408a73233321fc7219358e48f2336bad0cb63f4e76f8988e77ecce,ca0178be9c5fd168509f48974d2b3e1bbc91b2ba4e8e9e320299fd98dcf765e8,0c9085a7366142fd489e5640b36c75720ff4acbc,discovery,0train,PASS,473,S02_0train_T186,2,3,feet,True,0.0,8.170864027596645e-14,3.8901242326228547e-10,4760.9704671185,True
1.0,ff7143dca8408a73233321fc7219358e48f2336bad0cb63f4e76f8988e77ecce,ca0178be9c5fd168509f48974d2b3e1bbc91b2ba4e8e9e320299fd98dcf765e8,0c9085a7366142fd489e5640b36c75720ff4acbc,discovery,0train,PASS,474,S02_0train_T187,2,3,feet,True,0.0,1.0169235279712423e-13,5.14397898456153e-10,5058.373459825189,True
1.0,ff7143dca8408a73233321fc7219358e48f2336bad0cb63f4e76f8988e77ecce,ca0178be9c5fd168509f48974d2b3e1bbc91b2ba4e8e9e320299fd98dcf765e8,0c9085a7366142fd489e5640b36c75720ff4acbc,discovery,0train,PASS,475,S02_0train_T188,2,3,feet,True,0.0,9.582859186855623e-14,4.957015707993617e-10,5172.794060036834,True
1.0,ff7143dca8408a73233321fc7219358e48f2336bad0cb63f4e76f8988e77ecce,ca0178be9c5fd168509f48974d2b3e1bbc91b2ba4e8e9e320299fd98dcf765e8,0c9085a7366142fd489e5640b36c75720ff4acbc,discovery,0train,PASS,476,S02_0train_T189,2,3,feet,True,0.0,1.0494475734274104e-13,5.611733889611776e-10,5347.321802159501,True
1.0,ff7143dca8408a73233321fc7219358e48f2336bad0cb63f4e76f8988e77ecce,ca0178be9c5fd168509f48974d2b3e1bbc91b2ba4e8e9e320299fd98dcf765e8,0c9085a7366142fd489e5640b36c75720ff4acbc,discovery,0train,PASS,477,S02_0train_T190,2,3,left_hand,True,0.0,1.0153860879565535e-13,5.814329219736475e-10,5726.225017951259,True
1.0,ff7143dca8408a73233321fc7219358e48f2336bad0cb63f4e76f8988e77ecce,ca0178be9c5fd168509f48974d2b3e1bbc91b2ba4e8e9e320299fd98dcf765e8,0c9085a7366142fd489e5640b36c75720ff4acbc,discovery,0train,PASS,478,S02_0train_T191,2,3,right_hand,True,0.0,8.524462264792864e-14,3.915349541586678e-10,4593.075105461584,True
1.0,ff7143dca8408a73233321fc7219358e48f2336bad0cb63f4e76f8988e77ecce,ca0178be9c5fd168509f48974d2b3e1bbc91b2ba4e8e9e320299fd98dcf765e8,0c9085a7366142fd489e5640b36c75720ff4acbc,discovery,0train,PASS,479,S02_0train_T192,2,3,left_hand,True,0.0,1.0406027785701461e-13,6.467716234683378e-10,6215.355530349851,True
1.0,ff7143dca8408a73233321fc7219358e48f2336bad0cb63f4e76f8988e77ecce,ca0178be9c5fd168509f48974d2b3e1bbc91b2ba4e8e9e320299fd98dcf765e8,0c9085a7366142fd489e5640b36c75720ff4acbc,discovery,0train,PASS,480,S02_0train_T193,2,4,right_hand,True,0.0,8.328515194212781e-14,4.141630088950361e-10,4972.831281893137,True
1.0,ff7143dca8408a73233321fc7219358e48f2336bad0cb63f4e76f8988e77ecce,ca0178be9c5fd168509f48974d2b3e1bbc91b2ba4e8e9e320299fd98dcf765e8,0c9085a7366142fd489e5640b36c75720ff4acbc,discovery,0train,PASS,481,S02_0train_T194,2,4,left_hand,True,0.0,6.297060684422309e-14,3.077881440448222e-10,4887.80654133173,True
1.0,ff7143dca8408a73233321fc7219358e48f2336bad0cb63f4e76f8988e77ecce,ca0178be9c5fd168509f48974d2b3e1bbc91b2ba4e8e9e320299fd98dcf765e8,0c9085a7366142fd489e5640b36c75720ff4acbc,discovery,0train,PASS,482,S02_0train_T195,2,4,left_hand,True,0.0,8.246121148202172e-14,4.636728199122213e-10,5622.920298876664,True
1.0,ff7143dca8408a73233321fc7219358e48f2336bad0cb63f4e76f8988e77ecce,ca0178be9c5fd168509f48974d2b3e1bbc91b2ba4e8e9e320299fd98dcf765e8,0c9085a7366142fd489e5640b36c75720ff4acbc,discovery,0train,PASS,483,S02_0train_T196,2,4,feet,True,0.0,7.928009383360043e-14,4.196696279908897e-10,5293.505692257716,True
1.0,ff7143dca8408a73233321fc7219358e48f2336bad0cb63f4e76f8988e77ecce,ca0178be9c5fd168509f48974d2b3e1bbc91b2ba4e8e9e320299fd98dcf765e8,0c9085a7366142fd489e5640b36c75720ff4acbc,discovery,0train,PASS,484,S02_0train_T197,2,4,feet,True,0.0,8.514307617444778e-14,4.5541624450014736e-10,5348.834749252599,True
1.0,ff7143dca8408a73233321fc7219358e48f2336bad0cb63f4e76f8988e77ecce,ca0178be9c5fd168509f48974d2b3e1bbc91b2ba4e8e9e320299fd98dcf765e8,0c9085a7366142fd489e5640b36c75720ff4acbc,discovery,0train,PASS,485,S02_0train_T198,2,4,right_hand,True,0.0,7.446403394728745e-14,3.816409838954557e-10,5125.1720282252845,True
1.0,ff7143dca8408a73233321fc7219358e48f2336bad0cb63f4e76f8988e77ecce,ca0178be9c5fd168509f48974d2b3e1bbc91b2ba4e8e9e320299fd98dcf765e8,0c9085a7366142fd489e5640b36c75720ff4acbc,discovery,0train,PASS,486,S02_0train_T199,2,4,feet,True,0.0,9.705981375463257e-14,5.00319251710632e-10,5154.751821134133,True
1.0,ff7143dca8408a73233321fc7219358e48f2336bad0cb63f4e76f8988e77ecce,ca0178be9c5fd168509f48974d2b3e1bbc91b2ba4e8e9e320299fd98dcf765e8,0c9085a7366142fd489e5640b36c75720ff4acbc,discovery,0train,PASS,487,S02_0train_T200,2,4,tongue,True,0.0,8.181636254955678e-14,3.90306877788635e-10,4770.523470194892,True
1.0,ff7143dca8408a73233321fc7219358e48f2336bad0cb63f4e76f8988e77ecce,ca0178be9c5fd168509f48974d2b3e1bbc91b2ba4e8e9e320299fd98dcf765e8,0c9085a7366142fd489e5640b36c75720ff4acbc,discovery,0train,PASS,488,S02_0train_T201,2,4,left_hand,True,0.0,8.86581026110089e-14,5.001075983703296e-10,5640.85609371286,True
1.0,ff7143dca8408a73233321fc7219358e48f2336bad0cb63f4e76f8988e77ecce,ca0178be9c5fd168509f48974d2b3e1bbc91b2ba4e8e9e320299fd98dcf765e8,0c9085a7366142fd489e5640b36c75720ff4acbc,discovery,0train,PASS,489,S02_0train_T202,2,4,tongue,True,0.0,1.098385671245162e-13,6.718845130864735e-10,6117.018190202769,True
1.0,ff7143dca8408a73233321fc7219358e48f2336bad0cb63f4e76f8988e77ecce,ca0178be9c5fd168509f48974d2b3e1bbc91b2ba4e8e9e320299fd98dcf765e8,0c9085a7366142fd489e5640b36c75720ff4acbc,discovery,0train,PASS,490,S02_0train_T203,2,4,left_hand,True,0.0,1.0183818830619771e-13,6.512057686092164e-10,6394.514468886963,True
1.0,ff7143dca8408a73233321fc7219358e48f2336bad0cb63f4e76f8988e77ecce,ca0178be9c5fd168509f48974d2b3e1bbc91b2ba4e8e9e320299fd98dcf765e8,0c9085a7366142fd489e5640b36c75720ff4acbc,discovery,0train,PASS,491,S02_0train_T204,2,4,left_hand,True,0.0,9.540803306761568e-14,5.335641709054188e-10,5592.444930997392,True
1.0,ff7143dca8408a73233321fc7219358e48f2336bad0cb63f4e76f8988e77ecce,ca0178be9c5fd168509f48974d2b3e1bbc91b2ba4e8e9e320299fd98dcf765e8,0c9085a7366142fd489e5640b36c75720ff4acbc,discovery,0train,PASS,492,S02_0train_T205,2,4,right_hand,True,0.0,7.534561576689556e-14,3.627556921323652e-10,4814.556075228844,True
1.0,ff7143dca8408a73233321fc7219358e48f2336bad0cb63f4e76f8988e77ecce,ca0178be9c5fd168509f48974d2b3e1bbc91b2ba4e8e9e320299fd98dcf765e8,0c9085a7366142fd489e5640b36c75720ff4acbc,discovery,0train,PASS,493,S02_0train_T206,2,4,tongue,True,0.0,7.706552209434049e-14,3.948344189678872e-10,5123.360073841412,True
1.0,ff7143dca8408a73233321fc7219358e48f2336bad0cb63f4e76f8988e77ecce,ca0178be9c5fd168509f48974d2b3e1bbc91b2ba4e8e9e320299fd98dcf765e8,0c9085a7366142fd489e5640b36c75720ff4acbc,discovery,0train,PASS,494,S02_0train_T207,2,4,feet,True,0.0,8.495716777108302e-14,4.3422557009786826e-10,5111.111651790094,True
1.0,ff7143dca8408a73233321fc7219358e48f2336bad0cb63f4e76f8988e77ecce,ca0178be9c5fd168509f48974d2b3e1bbc91b2ba4e8e9e320299fd98dcf765e8,0c9085a7366142fd489e5640b36c75720ff4acbc,discovery,0train,PASS,495,S02_0train_T208,2,4,right_hand,True,0.0,9.36112902475648e-14,5.27917401890745e-10,5639.462937585974,True
1.0,ff7143dca8408a73233321fc7219358e48f2336bad0cb63f4e76f8988e77ecce,ca0178be9c5fd168509f48974d2b3e1bbc91b2ba4e8e9e320299fd98dcf765e8,0c9085a7366142fd489e5640b36c75720ff4acbc,discovery,0train,PASS,496,S02_0train_T209,2,4,tongue,True,0.0,8.320929136239212e-14,5.083718127209736e-10,6109.5558488404695,True
1.0,ff7143dca8408a73233321fc7219358e48f2336bad0cb63f4e76f8988e77ecce,ca0178be9c5fd168509f48974d2b3e1bbc91b2ba4e8e9e320299fd98dcf765e8,0c9085a7366142fd489e5640b36c75720ff4acbc,discovery,0train,PASS,497,S02_0train_T210,2,4,feet,True,0.0,9.374486338618277e-14,5.072659898214553e-10,5411.133703739785,True
1.0,ff7143dca8408a73233321fc7219358e48f2336bad0cb63f4e76f8988e77ecce,ca0178be9c5fd168509f48974d2b3e1bbc91b2ba4e8e9e320299fd98dcf765e8,0c9085a7366142fd489e5640b36c75720ff4acbc,discovery,0train,PASS,498,S02_0train_T211,2,4,tongue,True,0.0,8.445103372846599e-14,5.00641795475642e-10,5928.19025857454,True
1.0,ff7143dca8408a73233321fc7219358e48f2336bad0cb63f4e76f8988e77ecce,ca0178be9c5fd168509f48974d2b3e1bbc91b2ba4e8e9e320299fd98dcf765e8,0c9085a7366142fd489e5640b36c75720ff4acbc,discovery,0train,PASS,499,S02_0train_T212,2,4,feet,True,0.0,9.955614726688935e-14,5.433688984550634e-10,5457.914085389466,True
1.0,ff7143dca8408a73233321fc7219358e48f2336bad0cb63f4e76f8988e77ecce,ca0178be9c5fd168509f48974d2b3e1bbc91b2ba4e8e9e320299fd98dcf765e8,0c9085a7366142fd489e5640b36c75720ff4acbc,discovery,0train,PASS,500,S02_0train_T213,2,4,tongue,True,0.0,1.3869527764431598e-13,9.77750831029784e-10,7049.633178839917,True
1.0,ff7143dca8408a73233321fc7219358e48f2336bad0cb63f4e76f8988e77ecce,ca0178be9c5fd168509f48974d2b3e1bbc91b2ba4e8e9e320299fd98dcf765e8,0c9085a7366142fd489e5640b36c75720ff4acbc,discovery,0train,PASS,501,S02_0train_T214,2,4,right_hand,True,0.0,6.952177213750446e-14,3.5946064655983247e-10,5170.4758884579205,True
1.0,ff7143dca8408a73233321fc7219358e48f2336bad0cb63f4e76f8988e77ecce,ca0178be9c5fd168509f48974d2b3e1bbc91b2ba4e8e9e320299fd98dcf765e8,0c9085a7366142fd489e5640b36c75720ff4acbc,discovery,0train,PASS,502,S02_0train_T215,2,4,right_hand,True,0.0,1.127668613127683e-13,7.617049977173847e-10,6754.688290957502,True
1.0,ff7143dca8408a73233321fc7219358e48f2336bad0cb63f4e76f8988e77ecce,ca0178be9c5fd168509f48974d2b3e1bbc91b2ba4e8e9e320299fd98dcf765e8,0c9085a7366142fd489e5640b36c75720ff4acbc,discovery,0train,PASS,503,S02_0train_T216,2,4,tongue,True,0.0,1.2758280312629775e-13,7.989853879694392e-10,6262.484977528684,True
1.0,ff7143dca8408a73233321fc7219358e48f2336bad0cb63f4e76f8988e77ecce,ca0178be9c5fd168509f48974d2b3e1bbc91b2ba4e8e9e320299fd98dcf765e8,0c9085a7366142fd489e5640b36c75720ff4acbc,discovery,0train,PASS,504,S02_0train_T217,2,4,left_hand,True,0.0,8.688677303254792e-14,5.173021583652303e-10,5953.750384669575,True
1.0,ff7143dca8408a73233321fc7219358e48f2336bad0cb63f4e76f8988e77ecce,ca0178be9c5fd168509f48974d2b3e1bbc91b2ba4e8e9e320299fd98dcf765e8,0c9085a7366142fd489e5640b36c75720ff4acbc,discovery,0train,PASS,505,S02_0train_T218,2,4,right_hand,True,0.0,8.852880278409291e-14,4.1307861836491435e-10,4666.036424013829,True
1.0,ff7143dca8408a73233321fc7219358e48f2336bad0cb63f4e76f8988e77ecce,ca0178be9c5fd168509f48974d2b3e1bbc91b2ba4e8e9e320299fd98dcf765e8,0c9085a7366142fd489e5640b36c75720ff4acbc,discovery,0train,PASS,506,S02_0train_T219,2,4,right_hand,True,0.0,1.0681049620041338e-13,6.085288431033004e-10,5697.275686852818,True
1.0,ff7143dca8408a73233321fc7219358e48f2336bad0cb63f4e76f8988e77ecce,ca0178be9c5fd168509f48974d2b3e1bbc91b2ba4e8e9e320299fd98dcf765e8,0c9085a7366142fd489e5640b36c75720ff4acbc,discovery,0train,PASS,507,S02_0train_T220,2,4,right_hand,True,0.0,8.912915478534589e-14,4.90021492617669e-10,5497.881067062869,True
1.0,ff7143dca8408a73233321fc7219358e48f2336bad0cb63f4e76f8988e77ecce,ca0178be9c5fd168509f48974d2b3e1bbc91b2ba4e8e9e320299fd98dcf765e8,0c9085a7366142fd489e5640b36c75720ff4acbc,discovery,0train,PASS,508,S02_0train_T221,2,4,feet,True,0.0,1.0730159902066566e-13,5.964350107607192e-10,5558.491357112482,True
1.0,ff7143dca8408a73233321fc7219358e48f2336bad0cb63f4e76f8988e77ecce,ca0178be9c5fd168509f48974d2b3e1bbc91b2ba4e8e9e320299fd98dcf765e8,0c9085a7366142fd489e5640b36c75720ff4acbc,discovery,0train,PASS,509,S02_0train_T222,2,4,tongue,True,0.0,1.034444798316348e-13,5.554087772442029e-10,5369.148534055956,True
1.0,ff7143dca8408a73233321fc7219358e48f2336bad0cb63f4e76f8988e77ecce,ca0178be9c5fd168509f48974d2b3e1bbc91b2ba4e8e9e320299fd98dcf765e8,0c9085a7366142fd489e5640b36c75720ff4acbc,discovery,0train,PASS,510,S02_0train_T223,2,4,left_hand,True,0.0,9.684041723157065e-14,6.115073354392082e-10,6314.587988369928,True
1.0,ff7143dca8408a73233321fc7219358e48f2336bad0cb63f4e76f8988e77ecce,ca0178be9c5fd168509f48974d2b3e1bbc91b2ba4e8e9e320299fd98dcf765e8,0c9085a7366142fd489e5640b36c75720ff4acbc,discovery,0train,PASS,511,S02_0train_T224,2,4,tongue,True,0.0,9.577633742584828e-14,4.66643281588855e-10,4872.218902191144,True
1.0,ff7143dca8408a73233321fc7219358e48f2336bad0cb63f4e76f8988e77ecce,ca0178be9c5fd168509f48974d2b3e1bbc91b2ba4e8e9e320299fd98dcf765e8,0c9085a7366142fd489e5640b36c75720ff4acbc,discovery,0train,PASS,512,S02_0train_T225,2,4,left_hand,True,0.0,9.34866028479373e-14,5.49369288366307e-10,5876.449369541171,True
1.0,ff7143dca8408a73233321fc7219358e48f2336bad0cb63f4e76f8988e77ecce,ca0178be9c5fd168509f48974d2b3e1bbc91b2ba4e8e9e320299fd98dcf765e8,0c9085a7366142fd489e5640b36c75720ff4acbc,discovery,0train,PASS,513,S02_0train_T226,2,4,feet,True,0.0,9.672219003437886e-14,5.245048083628738e-10,5422.797066282766,True
1.0,ff7143dca8408a73233321fc7219358e48f2336bad0cb63f4e76f8988e77ecce,ca0178be9c5fd168509f48974d2b3e1bbc91b2ba4e8e9e320299fd98dcf765e8,0c9085a7366142fd489e5640b36c75720ff4acbc,discovery,0train,PASS,514,S02_0train_T227,2,4,left_hand,True,0.0,9.1056466789134e-14,5.523119987143442e-10,6065.598833231393,True
1.0,ff7143dca8408a73233321fc7219358e48f2336bad0cb63f4e76f8988e77ecce,ca0178be9c5fd168509f48974d2b3e1bbc91b2ba4e8e9e320299fd98dcf765e8,0c9085a7366142fd489e5640b36c75720ff4acbc,discovery,0train,PASS,515,S02_0train_T228,2,4,tongue,True,0.0,8.135653643188438e-14,4.987496728773427e-10,6130.4191986457045,True
1.0,ff7143dca8408a73233321fc7219358e48f2336bad0cb63f4e76f8988e77ecce,ca0178be9c5fd168509f48974d2b3e1bbc91b2ba4e8e9e320299fd98dcf765e8,0c9085a7366142fd489e5640b36c75720ff4acbc,discovery,0train,PASS,516,S02_0train_T229,2,4,left_hand,True,0.0,8.583186376114548e-14,4.211229266644283e-10,4906.370527340954,True
1.0,ff7143dca8408a73233321fc7219358e48f2336bad0cb63f4e76f8988e77ecce,ca0178be9c5fd168509f48974d2b3e1bbc91b2ba4e8e9e320299fd98dcf765e8,0c9085a7366142fd489e5640b36c75720ff4acbc,discovery,0train,PASS,517,S02_0train_T230,2,4,feet,True,0.0,9.399264586816896e-14,5.102240530142967e-10,5428.340146205911,True
1.0,ff7143dca8408a73233321fc7219358e48f2336bad0cb63f4e76f8988e77ecce,ca0178be9c5fd168509f48974d2b3e1bbc91b2ba4e8e9e320299fd98dcf765e8,0c9085a7366142fd489e5640b36c75720ff4acbc,discovery,0train,PASS,518,S02_0train_T231,2,4,left_hand,True,0.0,1.1278507344309489e-13,7.474148586628114e-10,6626.89517190336,True
1.0,ff7143dca8408a73233321fc7219358e48f2336bad0cb63f4e76f8988e77ecce,ca0178be9c5fd168509f48974d2b3e1bbc91b2ba4e8e9e320299fd98dcf765e8,0c9085a7366142fd489e5640b36c75720ff4acbc,discovery,0train,PASS,519,S02_0train_T232,2,4,right_hand,True,0.0,8.125015317742111e-14,4.405144878299833e-10,5421.70655196253,True
1.0,ff7143dca8408a73233321fc7219358e48f2336bad0cb63f4e76f8988e77ecce,ca0178be9c5fd168509f48974d2b3e1bbc91b2ba4e8e9e320299fd98dcf765e8,0c9085a7366142fd489e5640b36c75720ff4acbc,discovery,0train,PASS,520,S02_0train_T233,2,4,feet,True,0.0,1.272182709342078e-13,8.449573738457593e-10,6641.792626491029,True
1.0,ff7143dca8408a73233321fc7219358e48f2336bad0cb63f4e76f8988e77ecce,ca0178be9c5fd168509f48974d2b3e1bbc91b2ba4e8e9e320299fd98dcf765e8,0c9085a7366142fd489e5640b36c75720ff4acbc,discovery,0train,PASS,521,S02_0train_T234,2,4,feet,True,0.0,8.975795789806929e-14,5.61691199586182e-10,6257.842900392725,True
1.0,ff7143dca8408a73233321fc7219358e48f2336bad0cb63f4e76f8988e77ecce,ca0178be9c5fd168509f48974d2b3e1bbc91b2ba4e8e9e320299fd98dcf765e8,0c9085a7366142fd489e5640b36c75720ff4acbc,discovery,0train,PASS,522,S02_0train_T235,2,4,tongue,True,0.0,9.912880832257969e-14,6.061845123005887e-10,6115.119535463145,True
1.0,ff7143dca8408a73233321fc7219358e48f2336bad0cb63f4e76f8988e77ecce,ca0178be9c5fd168509f48974d2b3e1bbc91b2ba4e8e9e320299fd98dcf765e8,0c9085a7366142fd489e5640b36c75720ff4acbc,discovery,0train,PASS,523,S02_0train_T236,2,4,left_hand,True,0.0,9.098988024437993e-14,5.290441299104222e-10,5814.318344957917,True
1.0,ff7143dca8408a73233321fc7219358e48f2336bad0cb63f4e76f8988e77ecce,ca0178be9c5fd168509f48974d2b3e1bbc91b2ba4e8e9e320299fd98dcf765e8,0c9085a7366142fd489e5640b36c75720ff4acbc,discovery,0train,PASS,524,S02_0train_T237,2,4,right_hand,True,0.0,7.917570509125122e-14,4.0733069019718466e-10,5144.642409281101,True
1.0,ff7143dca8408a73233321fc7219358e48f2336bad0cb63f4e76f8988e77ecce,ca0178be9c5fd168509f48974d2b3e1bbc91b2ba4e8e9e320299fd98dcf765e8,0c9085a7366142fd489e5640b36c75720ff4acbc,discovery,0train,PASS,525,S02_0train_T238,2,4,tongue,True,0.0,1.0419924146255214e-13,6.29387750327155e-10,6040.23351315229,True
1.0,ff7143dca8408a73233321fc7219358e48f2336bad0cb63f4e76f8988e77ecce,ca0178be9c5fd168509f48974d2b3e1bbc91b2ba4e8e9e320299fd98dcf765e8,0c9085a7366142fd489e5640b36c75720ff4acbc,discovery,0train,PASS,526,S02_0train_T239,2,4,right_hand,True,0.0,1.0265169116928245e-13,5.596904702768169e-10,5452.325859433079,True
1.0,ff7143dca8408a73233321fc7219358e48f2336bad0cb63f4e76f8988e77ecce,ca0178be9c5fd168509f48974d2b3e1bbc91b2ba4e8e9e320299fd98dcf765e8,0c9085a7366142fd489e5640b36c75720ff4acbc,discovery,0train,PASS,527,S02_0train_T240,2,4,feet,True,0.0,1.2333718117595925e-13,7.475574518561719e-10,6061.087538474448,True
1.0,ff7143dca8408a73233321fc7219358e48f2336bad0cb63f4e76f8988e77ecce,ca0178be9c5fd168509f48974d2b3e1bbc91b2ba4e8e9e320299fd98dcf765e8,0c9085a7366142fd489e5640b36c75720ff4acbc,discovery,0train,PASS,528,S02_0train_T241,2,5,feet,True,0.0,1.0426187180779695e-13,7.188789585842465e-10,6894.936241979947,True
1.0,ff7143dca8408a73233321fc7219358e48f2336bad0cb63f4e76f8988e77ecce,ca0178be9c5fd168509f48974d2b3e1bbc91b2ba4e8e9e320299fd98dcf765e8,0c9085a7366142fd489e5640b36c75720ff4acbc,discovery,0train,PASS,529,S02_0train_T242,2,5,left_hand,True,0.0,1.030596217657109e-13,6.110794798770337e-10,5929.3782512245425,True
1.0,ff7143dca8408a73233321fc7219358e48f2336bad0cb63f4e76f8988e77ecce,ca0178be9c5fd168509f48974d2b3e1bbc91b2ba4e8e9e320299fd98dcf765e8,0c9085a7366142fd489e5640b36c75720ff4acbc,discovery,0train,PASS,530,S02_0train_T243,2,5,tongue,True,0.0,7.006560378048005e-14,3.583112605679595e-10,5113.939525741778,True
1.0,ff7143dca8408a73233321fc7219358e48f2336bad0cb63f4e76f8988e77ecce,ca0178be9c5fd168509f48974d2b3e1bbc91b2ba4e8e9e320299fd98dcf765e8,0c9085a7366142fd489e5640b36c75720ff4acbc,discovery,0train,PASS,531,S02_0train_T244,2,5,right_hand,True,0.0,9.763018782421333e-14,6.376217513303153e-10,6530.989702471701,True
1.0,ff7143dca8408a73233321fc7219358e48f2336bad0cb63f4e76f8988e77ecce,ca0178be9c5fd168509f48974d2b3e1bbc91b2ba4e8e9e320299fd98dcf765e8,0c9085a7366142fd489e5640b36c75720ff4acbc,discovery,0train,PASS,532,S02_0train_T245,2,5,tongue,True,0.0,7.448215498290765e-14,3.8217611247146787e-10,5131.109761246443,True
1.0,ff7143dca8408a73233321fc7219358e48f2336bad0cb63f4e76f8988e77ecce,ca0178be9c5fd168509f48974d2b3e1bbc91b2ba4e8e9e320299fd98dcf765e8,0c9085a7366142fd489e5640b36c75720ff4acbc,discovery,0train,PASS,533,S02_0train_T246,2,5,left_hand,True,0.0,8.068153024375094e-14,4.459672630335462e-10,5527.501296594308,True
1.0,ff7143dca8408a73233321fc7219358e48f2336bad0cb63f4e76f8988e77ecce,ca0178be9c5fd168509f48974d2b3e1bbc91b2ba4e8e9e320299fd98dcf765e8,0c9085a7366142fd489e5640b36c75720ff4acbc,discovery,0train,PASS,534,S02_0train_T247,2,5,left_hand,True,0.0,1.0828541765984996e-13,6.507215917810111e-10,6009.318760029916,True
1.0,ff7143dca8408a73233321fc7219358e48f2336bad0cb63f4e76f8988e77ecce,ca0178be9c5fd168509f48974d2b3e1bbc91b2ba4e8e9e320299fd98dcf765e8,0c9085a7366142fd489e5640b36c75720ff4acbc,discovery,0train,PASS,535,S02_0train_T248,2,5,feet,True,0.0,1.283806239905476e-13,8.226814221603712e-10,6408.1431962890565,True
1.0,ff7143dca8408a73233321fc7219358e48f2336bad0cb63f4e76f8988e77ecce,ca0178be9c5fd168509f48974d2b3e1bbc91b2ba4e8e9e320299fd98dcf765e8,0c9085a7366142fd489e5640b36c75720ff4acbc,discovery,0train,PASS,536,S02_0train_T249,2,5,feet,True,0.0,1.0645036293681995e-13,5.790228968029306e-10,5439.369869942015,True
1.0,ff7143dca8408a73233321fc7219358e48f2336bad0cb63f4e76f8988e77ecce,ca0178be9c5fd168509f48974d2b3e1bbc91b2ba4e8e9e320299fd98dcf765e8,0c9085a7366142fd489e5640b36c75720ff4acbc,discovery,0train,PASS,537,S02_0train_T250,2,5,right_hand,True,0.0,7.651087990037159e-14,4.0540456644457254e-10,5298.652518079375,True
1.0,ff7143dca8408a73233321fc7219358e48f2336bad0cb63f4e76f8988e77ecce,ca0178be9c5fd168509f48974d2b3e1bbc91b2ba4e8e9e320299fd98dcf765e8,0c9085a7366142fd489e5640b36c75720ff4acbc,discovery,0train,PASS,538,S02_0train_T251,2,5,tongue,True,0.0,8.652467485332312e-14,4.5887695320797995e-10,5303.423029163294,True
1.0,ff7143dca8408a73233321fc7219358e48f2336bad0cb63f4e76f8988e77ecce,ca0178be9c5fd168509f48974d2b3e1bbc91b2ba4e8e9e320299fd98dcf765e8,0c9085a7366142fd489e5640b36c75720ff4acbc,discovery,0train,PASS,539,S02_0train_T252,2,5,right_hand,True,0.0,1.0319640963774604e-13,6.184208752240395e-10,5992.658827907908,True
1.0,ff7143dca8408a73233321fc7219358e48f2336bad0cb63f4e76f8988e77ecce,ca0178be9c5fd168509f48974d2b3e1bbc91b2ba4e8e9e320299fd98dcf765e8,0c9085a7366142fd489e5640b36c75720ff4acbc,discovery,0train,PASS,540,S02_0train_T253,2,5,right_hand,True,0.0,7.949942611260731e-14,4.4341196328867487e-10,5577.549234891357,True
1.0,ff7143dca8408a73233321fc7219358e48f2336bad0cb63f4e76f8988e77ecce,ca0178be9c5fd168509f48974d2b3e1bbc91b2ba4e8e9e320299fd98dcf765e8,0c9085a7366142fd489e5640b36c75720ff4acbc,discovery,0train,PASS,541,S02_0train_T254,2,5,left_hand,True,0.0,9.899264618525348e-14,5.800943767362053e-10,5859.974443461433,True
1.0,ff7143dca8408a73233321fc7219358e48f2336bad0cb63f4e76f8988e77ecce,ca0178be9c5fd168509f48974d2b3e1bbc91b2ba4e8e9e320299fd98dcf765e8,0c9085a7366142fd489e5640b36c75720ff4acbc,discovery,0train,PASS,542,S02_0train_T255,2,5,right_hand,True,0.0,8.323647006695353e-14,3.3814677480401995e-10,4062.4833625455567,True
1.0,ff7143dca8408a73233321fc7219358e48f2336bad0cb63f4e76f8988e77ecce,ca0178be9c5fd168509f48974d2b3e1bbc91b2ba4e8e9e320299fd98dcf765e8,0c9085a7366142fd489e5640b36c75720ff4acbc,discovery,0train,PASS,543,S02_0train_T256,2,5,tongue,True,0.0,1.1523918416390206e-13,7.795572121149697e-10,6764.688745160008,True
1.0,ff7143dca8408a73233321fc7219358e48f2336bad0cb63f4e76f8988e77ecce,ca0178be9c5fd168509f48974d2b3e1bbc91b2ba4e8e9e320299fd98dcf765e8,0c9085a7366142fd489e5640b36c75720ff4acbc,discovery,0train,PASS,544,S02_0train_T257,2,5,tongue,True,0.0,9.294645799157972e-14,4.878829392561948e-10,5249.075110537225,True
1.0,ff7143dca8408a73233321fc7219358e48f2336bad0cb63f4e76f8988e77ecce,ca0178be9c5fd168509f48974d2b3e1bbc91b2ba4e8e9e320299fd98dcf765e8,0c9085a7366142fd489e5640b36c75720ff4acbc,discovery,0train,PASS,545,S02_0train_T258,2,5,right_hand,True,0.0,1.1007888831557851e-13,7.011113307151605e-10,6369.171613590308,True
1.0,ff7143dca8408a73233321fc7219358e48f2336bad0cb63f4e76f8988e77ecce,ca0178be9c5fd168509f48974d2b3e1bbc91b2ba4e8e9e320299fd98dcf765e8,0c9085a7366142fd489e5640b36c75720ff4acbc,discovery,0train,PASS,546,S02_0train_T259,2,5,right_hand,True,0.0,7.797817869993384e-14,4.188553930573525e-10,5371.4436530909625,True
1.0,ff7143dca8408a73233321fc7219358e48f2336bad0cb63f4e76f8988e77ecce,ca0178be9c5fd168509f48974d2b3e1bbc91b2ba4e8e9e320299fd98dcf765e8,0c9085a7366142fd489e5640b36c75720ff4acbc,discovery,0train,PASS,547,S02_0train_T260,2,5,right_hand,True,0.0,8.04841880107343e-14,3.9248128562722677e-10,4876.501774173095,True
1.0,ff7143dca8408a73233321fc7219358e48f2336bad0cb63f4e76f8988e77ecce,ca0178be9c5fd168509f48974d2b3e1bbc91b2ba4e8e9e320299fd98dcf765e8,0c9085a7366142fd489e5640b36c75720ff4acbc,discovery,0train,PASS,548,S02_0train_T261,2,5,right_hand,True,0.0,1.0676253060445493e-13,5.944002080265225e-10,5567.498303582921,True
1.0,ff7143dca8408a73233321fc7219358e48f2336bad0cb63f4e76f8988e77ecce,ca0178be9c5fd168509f48974d2b3e1bbc91b2ba4e8e9e320299fd98dcf765e8,0c9085a7366142fd489e5640b36c75720ff4acbc,discovery,0train,PASS,549,S02_0train_T262,2,5,tongue,True,0.0,1.0561598089726429e-13,6.163536060575834e-10,5835.798719297303,True
1.0,ff7143dca8408a73233321fc7219358e48f2336bad0cb63f4e76f8988e77ecce,ca0178be9c5fd168509f48974d2b3e1bbc91b2ba4e8e9e320299fd98dcf765e8,0c9085a7366142fd489e5640b36c75720ff4acbc,discovery,0train,PASS,550,S02_0train_T263,2,5,tongue,True,0.0,8.845888288312094e-14,3.9674682103919264e-10,4485.098704710151,True
1.0,ff7143dca8408a73233321fc7219358e48f2336bad0cb63f4e76f8988e77ecce,ca0178be9c5fd168509f48974d2b3e1bbc91b2ba4e8e9e320299fd98dcf765e8,0c9085a7366142fd489e5640b36c75720ff4acbc,discovery,0train,PASS,551,S02_0train_T264,2,5,feet,True,0.0,7.665882784013803e-14,3.901329077094026e-10,5089.210449747207,True
1.0,ff7143dca8408a73233321fc7219358e48f2336bad0cb63f4e76f8988e77ecce,ca0178be9c5fd168509f48974d2b3e1bbc91b2ba4e8e9e320299fd98dcf765e8,0c9085a7366142fd489e5640b36c75720ff4acbc,discovery,0train,PASS,552,S02_0train_T265,2,5,tongue,True,0.0,6.901918854231571e-14,3.268934627887318e-10,4736.2692852917735,True
1.0,ff7143dca8408a73233321fc7219358e48f2336bad0cb63f4e76f8988e77ecce,ca0178be9c5fd168509f48974d2b3e1bbc91b2ba4e8e9e320299fd98dcf765e8,0c9085a7366142fd489e5640b36c75720ff4acbc,discovery,0train,PASS,553,S02_0train_T266,2,5,left_hand,True,0.0,8.56370443056082e-14,4.699896206342832e-10,5488.157892944754,True
1.0,ff7143dca8408a73233321fc7219358e48f2336bad0cb63f4e76f8988e77ecce,ca0178be9c5fd168509f48974d2b3e1bbc91b2ba4e8e9e320299fd98dcf765e8,0c9085a7366142fd489e5640b36c75720ff4acbc,discovery,0train,PASS,554,S02_0train_T267,2,5,right_hand,True,0.0,7.201410006804975e-14,3.237179509233278e-10,4495.202337006647,True
1.0,ff7143dca8408a73233321fc7219358e48f2336bad0cb63f4e76f8988e77ecce,ca0178be9c5fd168509f48974d2b3e1bbc91b2ba4e8e9e320299fd98dcf765e8,0c9085a7366142fd489e5640b36c75720ff4acbc,discovery,0train,PASS,555,S02_0train_T268,2,5,feet,True,0.0,8.696081040840331e-14,4.1514916391144423e-10,4773.979933739521,True
1.0,ff7143dca8408a73233321fc7219358e48f2336bad0cb63f4e76f8988e77ecce,ca0178be9c5fd168509f48974d2b3e1bbc91b2ba4e8e9e320299fd98dcf765e8,0c9085a7366142fd489e5640b36c75720ff4acbc,discovery,0train,PASS,556,S02_0train_T269,2,5,right_hand,True,0.0,1.111879398654435e-13,6.691198974386388e-10,6017.917934700371,True
1.0,ff7143dca8408a73233321fc7219358e48f2336bad0cb63f4e76f8988e77ecce,ca0178be9c5fd168509f48974d2b3e1bbc91b2ba4e8e9e320299fd98dcf765e8,0c9085a7366142fd489e5640b36c75720ff4acbc,discovery,0train,PASS,557,S02_0train_T270,2,5,left_hand,True,0.0,7.381769508695135e-14,3.7866343502946853e-10,5129.710899038953,True
1.0,ff7143dca8408a73233321fc7219358e48f2336bad0cb63f4e76f8988e77ecce,ca0178be9c5fd168509f48974d2b3e1bbc91b2ba4e8e9e320299fd98dcf765e8,0c9085a7366142fd489e5640b36c75720ff4acbc,discovery,0train,PASS,558,S02_0train_T271,2,5,tongue,True,0.0,7.614614480870556e-14,4.0107226720361065e-10,5267.138188166779,True
1.0,ff7143dca8408a73233321fc7219358e48f2336bad0cb63f4e76f8988e77ecce,ca0178be9c5fd168509f48974d2b3e1bbc91b2ba4e8e9e320299fd98dcf765e8,0c9085a7366142fd489e5640b36c75720ff4acbc,discovery,0train,PASS,559,S02_0train_T272,2,5,left_hand,True,0.0,6.8397819421043e-14,3.211543974213574e-10,4695.389416501666,True
1.0,ff7143dca8408a73233321fc7219358e48f2336bad0cb63f4e76f8988e77ecce,ca0178be9c5fd168509f48974d2b3e1bbc91b2ba4e8e9e320299fd98dcf765e8,0c9085a7366142fd489e5640b36c75720ff4acbc,discovery,0train,PASS,560,S02_0train_T273,2,5,tongue,True,0.0,8.076177916056142e-14,4.5687138228824125e-10,5657.0247341869635,True
1.0,ff7143dca8408a73233321fc7219358e48f2336bad0cb63f4e76f8988e77ecce,ca0178be9c5fd168509f48974d2b3e1bbc91b2ba4e8e9e320299fd98dcf765e8,0c9085a7366142fd489e5640b36c75720ff4acbc,discovery,0train,PASS,561,S02_0train_T274,2,5,left_hand,True,0.0,8.223387446382583e-14,4.756155718201576e-10,5783.694066724022,True
1.0,ff7143dca8408a73233321fc7219358e48f2336bad0cb63f4e76f8988e77ecce,ca0178be9c5fd168509f48974d2b3e1bbc91b2ba4e8e9e320299fd98dcf765e8,0c9085a7366142fd489e5640b36c75720ff4acbc,discovery,0train,PASS,562,S02_0train_T275,2,5,left_hand,True,0.0,9.636006705225291e-14,5.382711783445783e-10,5586.039889871511,True
1.0,ff7143dca8408a73233321fc7219358e48f2336bad0cb63f4e76f8988e77ecce,ca0178be9c5fd168509f48974d2b3e1bbc91b2ba4e8e9e320299fd98dcf765e8,0c9085a7366142fd489e5640b36c75720ff4acbc,discovery,0train,PASS,563,S02_0train_T276,2,5,left_hand,True,0.0,1.0069921718964992e-13,6.048597453336476e-10,6006.598285610271,True
1.0,ff7143dca8408a73233321fc7219358e48f2336bad0cb63f4e76f8988e77ecce,ca0178be9c5fd168509f48974d2b3e1bbc91b2ba4e8e9e320299fd98dcf765e8,0c9085a7366142fd489e5640b36c75720ff4acbc,discovery,0train,PASS,564,S02_0train_T277,2,5,left_hand,True,0.0,9.197587627839105e-14,5.170162998025323e-10,5621.216352836216,True
1.0,ff7143dca8408a73233321fc7219358e48f2336bad0cb63f4e76f8988e77ecce,ca0178be9c5fd168509f48974d2b3e1bbc91b2ba4e8e9e320299fd98dcf765e8,0c9085a7366142fd489e5640b36c75720ff4acbc,discovery,0train,PASS,565,S02_0train_T278,2,5,feet,True,0.0,8.47720088382685e-14,4.0980276145106035e-10,4834.175420248667,True
1.0,ff7143dca8408a73233321fc7219358e48f2336bad0cb63f4e76f8988e77ecce,ca0178be9c5fd168509f48974d2b3e1bbc91b2ba4e8e9e320299fd98dcf765e8,0c9085a7366142fd489e5640b36c75720ff4acbc,discovery,0train,PASS,566,S02_0train_T279,2,5,feet,True,0.0,1.0849717623636925e-13,6.260008567796957e-10,5769.743310331928,True
1.0,ff7143dca8408a73233321fc7219358e48f2336bad0cb63f4e76f8988e77ecce,ca0178be9c5fd168509f48974d2b3e1bbc91b2ba4e8e9e320299fd98dcf765e8,0c9085a7366142fd489e5640b36c75720ff4acbc,discovery,0train,PASS,567,S02_0train_T280,2,5,tongue,True,0.0,6.483852757925151e-14,3.192618610663603e-10,4923.9529795942635,True
1.0,ff7143dca8408a73233321fc7219358e48f2336bad0cb63f4e76f8988e77ecce,ca0178be9c5fd168509f48974d2b3e1bbc91b2ba4e8e9e320299fd98dcf765e8,0c9085a7366142fd489e5640b36c75720ff4acbc,discovery,0train,PASS,568,S02_0train_T281,2,5,right_hand,True,0.0,7.25587738667537e-14,4.2293263619663164e-10,5828.8283229992485,True
1.0,ff7143dca8408a73233321fc7219358e48f2336bad0cb63f4e76f8988e77ecce,ca0178be9c5fd168509f48974d2b3e1bbc91b2ba4e8e9e320299fd98dcf765e8,0c9085a7366142fd489e5640b36c75720ff4acbc,discovery,0train,PASS,569,S02_0train_T282,2,5,feet,True,0.0,8.57784280842332e-14,3.926409050505004e-10,4577.385175034131,True
1.0,ff7143dca8408a73233321fc7219358e48f2336bad0cb63f4e76f8988e77ecce,ca0178be9c5fd168509f48974d2b3e1bbc91b2ba4e8e9e320299fd98dcf765e8,0c9085a7366142fd489e5640b36c75720ff4acbc,discovery,0train,PASS,570,S02_0train_T283,2,5,feet,True,0.0,8.969571138699847e-14,5.039589212071999e-10,5618.539765327616,True
1.0,ff7143dca8408a73233321fc7219358e48f2336bad0cb63f4e76f8988e77ecce,ca0178be9c5fd168509f48974d2b3e1bbc91b2ba4e8e9e320299fd98dcf765e8,0c9085a7366142fd489e5640b36c75720ff4acbc,discovery,0train,PASS,571,S02_0train_T284,2,5,feet,True,0.0,9.0168134181661e-14,4.6471085110620084e-10,5153.825742583867,True
1.0,ff7143dca8408a73233321fc7219358e48f2336bad0cb63f4e76f8988e77ecce,ca0178be9c5fd168509f48974d2b3e1bbc91b2ba4e8e9e320299fd98dcf765e8,0c9085a7366142fd489e5640b36c75720ff4acbc,discovery,0train,PASS,572,S02_0train_T285,2,5,tongue,True,0.0,7.034528204345413e-14,3.4052656707533625e-10,4840.787572149956,True
1.0,ff7143dca8408a73233321fc7219358e48f2336bad0cb63f4e76f8988e77ecce,ca0178be9c5fd168509f48974d2b3e1bbc91b2ba4e8e9e320299fd98dcf765e8,0c9085a7366142fd489e5640b36c75720ff4acbc,discovery,0train,PASS,573,S02_0train_T286,2,5,feet,True,0.0,9.481325120453209e-14,5.032374938378069e-10,5307.6704726876,True
1.0,ff7143dca8408a73233321fc7219358e48f2336bad0cb63f4e76f8988e77ecce,ca0178be9c5fd168509f48974d2b3e1bbc91b2ba4e8e9e320299fd98dcf765e8,0c9085a7366142fd489e5640b36c75720ff4acbc,discovery,0train,PASS,574,S02_0train_T287,2,5,left_hand,True,0.0,7.09020814746634e-14,3.0659935600572845e-10,4324.264529741495,True
1.0,ff7143dca8408a73233321fc7219358e48f2336bad0cb63f4e76f8988e77ecce,ca0178be9c5fd168509f48974d2b3e1bbc91b2ba4e8e9e320299fd98dcf765e8,0c9085a7366142fd489e5640b36c75720ff4acbc,discovery,0train,PASS,575,S02_0train_T288,2,5,feet,True,0.0,7.300722647282702e-14,3.289952905529113e-10,4506.338707105411,True
1.0,ff7143dca8408a73233321fc7219358e48f2336bad0cb63f4e76f8988e77ecce,ca0178be9c5fd168509f48974d2b3e1bbc91b2ba4e8e9e320299fd98dcf765e8,0c9085a7366142fd489e5640b36c75720ff4acbc,discovery,0train,PASS,576,S03_0train_T001,3,0,left_hand,True,0.0,6.153124283463734e-14,1.9556564590106895e-10,3178.314574705463,True
1.0,ff7143dca8408a73233321fc7219358e48f2336bad0cb63f4e76f8988e77ecce,ca0178be9c5fd168509f48974d2b3e1bbc91b2ba4e8e9e320299fd98dcf765e8,0c9085a7366142fd489e5640b36c75720ff4acbc,discovery,0train,PASS,577,S03_0train_T002,3,0,right_hand,True,0.0,7.196696276722224e-14,2.6378135127965074e-10,3665.311708830256,True
1.0,ff7143dca8408a73233321fc7219358e48f2336bad0cb63f4e76f8988e77ecce,ca0178be9c5fd168509f48974d2b3e1bbc91b2ba4e8e9e320299fd98dcf765e8,0c9085a7366142fd489e5640b36c75720ff4acbc,discovery,0train,PASS,578,S03_0train_T003,3,0,right_hand,True,0.0,7.737693466268143e-14,2.792100779485117e-10,3608.440669893499,True
1.0,ff7143dca8408a73233321fc7219358e48f2336bad0cb63f4e76f8988e77ecce,ca0178be9c5fd168509f48974d2b3e1bbc91b2ba4e8e9e320299fd98dcf765e8,0c9085a7366142fd489e5640b36c75720ff4acbc,discovery,0train,PASS,579,S03_0train_T004,3,0,left_hand,True,0.0,8.863717243624825e-14,2.830420467608964e-10,3193.26574823303,True
1.0,ff7143dca8408a73233321fc7219358e48f2336bad0cb63f4e76f8988e77ecce,ca0178be9c5fd168509f48974d2b3e1bbc91b2ba4e8e9e320299fd98dcf765e8,0c9085a7366142fd489e5640b36c75720ff4acbc,discovery,0train,PASS,580,S03_0train_T005,3,0,right_hand,True,0.0,9.589905258587151e-14,3.860213672208193e-10,4025.2886427127287,True
1.0,ff7143dca8408a73233321fc7219358e48f2336bad0cb63f4e76f8988e77ecce,ca0178be9c5fd168509f48974d2b3e1bbc91b2ba4e8e9e320299fd98dcf765e8,0c9085a7366142fd489e5640b36c75720ff4acbc,discovery,0train,PASS,581,S03_0train_T006,3,0,left_hand,True,0.0,7.942753018795438e-14,2.8739178942338603e-10,3618.2893858503808,True
1.0,ff7143dca8408a73233321fc7219358e48f2336bad0cb63f4e76f8988e77ecce,ca0178be9c5fd168509f48974d2b3e1bbc91b2ba4e8e9e320299fd98dcf765e8,0c9085a7366142fd489e5640b36c75720ff4acbc,discovery,0train,PASS,582,S03_0train_T007,3,0,right_hand,True,0.0,7.991137751507949e-14,3.0448032198180155e-10,3810.2249197787296,True
1.0,ff7143dca8408a73233321fc7219358e48f2336bad0cb63f4e76f8988e77ecce,ca0178be9c5fd168509f48974d2b3e1bbc91b2ba4e8e9e320299fd98dcf765e8,0c9085a7366142fd489e5640b36c75720ff4acbc,discovery,0train,PASS,583,S03_0train_T008,3,0,feet,True,0.0,1.073094029971082e-13,4.754908932392048e-10,4431.027290795928,True
1.0,ff7143dca8408a73233321fc7219358e48f2336bad0cb63f4e76f8988e77ecce,ca0178be9c5fd168509f48974d2b3e1bbc91b2ba4e8e9e320299fd98dcf765e8,0c9085a7366142fd489e5640b36c75720ff4acbc,discovery,0train,PASS,584,S03_0train_T009,3,0,right_hand,True,0.0,7.983836653375794e-14,3.2853550256295037e-10,4115.007819254872,True
1.0,ff7143dca8408a73233321fc7219358e48f2336bad0cb63f4e76f8988e77ecce,ca0178be9c5fd168509f48974d2b3e1bbc91b2ba4e8e9e320299fd98dcf765e8,0c9085a7366142fd489e5640b36c75720ff4acbc,discovery,0train,PASS,585,S03_0train_T010,3,0,tongue,True,0.0,1.4070105330256845e-13,4.6280068331601345e-10,3289.2481786955123,True
1.0,ff7143dca8408a73233321fc7219358e48f2336bad0cb63f4e76f8988e77ecce,ca0178be9c5fd168509f48974d2b3e1bbc91b2ba4e8e9e320299fd98dcf765e8,0c9085a7366142fd489e5640b36c75720ff4acbc,discovery,0train,PASS,586,S03_0train_T011,3,0,left_hand,True,0.0,7.825115588593275e-14,3.002872417793719e-10,3837.479950035533,True
1.0,ff7143dca8408a73233321fc7219358e48f2336bad0cb63f4e76f8988e77ecce,ca0178be9c5fd168509f48974d2b3e1bbc91b2ba4e8e9e320299fd98dcf765e8,0c9085a7366142fd489e5640b36c75720ff4acbc,discovery,0train,PASS,587,S03_0train_T012,3,0,feet,True,0.0,8.537992284061209e-14,3.082056762592916e-10,3609.8144154411143,True
1.0,ff7143dca8408a73233321fc7219358e48f2336bad0cb63f4e76f8988e77ecce,ca0178be9c5fd168509f48974d2b3e1bbc91b2ba4e8e9e320299fd98dcf765e8,0c9085a7366142fd489e5640b36c75720ff4acbc,discovery,0train,PASS,588,S03_0train_T013,3,0,right_hand,True,0.0,1.1136003852674701e-13,4.93040942464369e-10,4427.44946021142,True
1.0,ff7143dca8408a73233321fc7219358e48f2336bad0cb63f4e76f8988e77ecce,ca0178be9c5fd168509f48974d2b3e1bbc91b2ba4e8e9e320299fd98dcf765e8,0c9085a7366142fd489e5640b36c75720ff4acbc,discovery,0train,PASS,589,S03_0train_T014,3,0,left_hand,True,0.0,9.376367409947916e-14,4.1637989756216254e-10,4440.737861022827,True
1.0,ff7143dca8408a73233321fc7219358e48f2336bad0cb63f4e76f8988e77ecce,ca0178be9c5fd168509f48974d2b3e1bbc91b2ba4e8e9e320299fd98dcf765e8,0c9085a7366142fd489e5640b36c75720ff4acbc,discovery,0train,PASS,590,S03_0train_T015,3,0,tongue,True,0.0,1.4815392171999648e-13,7.083464252658493e-10,4781.15204135189,True
1.0,ff7143dca8408a73233321fc7219358e48f2336bad0cb63f4e76f8988e77ecce,ca0178be9c5fd168509f48974d2b3e1bbc91b2ba4e8e9e320299fd98dcf765e8,0c9085a7366142fd489e5640b36c75720ff4acbc,discovery,0train,PASS,591,S03_0train_T016,3,0,tongue,True,0.0,1.5984332088262795e-13,8.471421487806972e-10,5299.828257464376,True
1.0,ff7143dca8408a73233321fc7219358e48f2336bad0cb63f4e76f8988e77ecce,ca0178be9c5fd168509f48974d2b3e1bbc91b2ba4e8e9e320299fd98dcf765e8,0c9085a7366142fd489e5640b36c75720ff4acbc,discovery,0train,PASS,592,S03_0train_T017,3,0,tongue,True,0.0,1.5812496065804346e-13,8.03313091390579e-10,5080.242158148586,True
1.0,ff7143dca8408a73233321fc7219358e48f2336bad0cb63f4e76f8988e77ecce,ca0178be9c5fd168509f48974d2b3e1bbc91b2ba4e8e9e320299fd98dcf765e8,0c9085a7366142fd489e5640b36c75720ff4acbc,discovery,0train,PASS,593,S03_0train_T018,3,0,tongue,True,0.0,1.5928315396265003e-13,7.335056331177697e-10,4605.042120711447,True
1.0,ff7143dca8408a73233321fc7219358e48f2336bad0cb63f4e76f8988e77ecce,ca0178be9c5fd168509f48974d2b3e1bbc91b2ba4e8e9e320299fd98dcf765e8,0c9085a7366142fd489e5640b36c75720ff4acbc,discovery,0train,PASS,594,S03_0train_T019,3,0,tongue,True,0.0,1.5458294111470553e-13,6.573114961682617e-10,4252.160629292953,True
1.0,ff7143dca8408a73233321fc7219358e48f2336bad0cb63f4e76f8988e77ecce,ca0178be9c5fd168509f48974d2b3e1bbc91b2ba4e8e9e320299fd98dcf765e8,0c9085a7366142fd489e5640b36c75720ff4acbc,discovery,0train,PASS,595,S03_0train_T020,3,0,left_hand,True,0.0,1.0175806621384081e-13,4.961807809915654e-10,4876.0830414058755,True
1.0,ff7143dca8408a73233321fc7219358e48f2336bad0cb63f4e76f8988e77ecce,ca0178be9c5fd168509f48974d2b3e1bbc91b2ba4e8e9e320299fd98dcf765e8,0c9085a7366142fd489e5640b36c75720ff4acbc,discovery,0train,PASS,596,S03_0train_T021,3,0,feet,True,0.0,1.0422205814937303e-13,4.6295089141983326e-10,4441.966505366103,True
1.0,ff7143dca8408a73233321fc7219358e48f2336bad0cb63f4e76f8988e77ecce,ca0178be9c5fd168509f48974d2b3e1bbc91b2ba4e8e9e320299fd98dcf765e8,0c9085a7366142fd489e5640b36c75720ff4acbc,discovery,0train,PASS,597,S03_0train_T022,3,0,right_hand,True,0.0,1.1137600023796271e-13,5.59555080334046e-10,5024.018452256473,True
1.0,ff7143dca8408a73233321fc7219358e48f2336bad0cb63f4e76f8988e77ecce,ca0178be9c5fd168509f48974d2b3e1bbc91b2ba4e8e9e320299fd98dcf765e8,0c9085a7366142fd489e5640b36c75720ff4acbc,discovery,0train,PASS,598,S03_0train_T023,3,0,left_hand,True,0.0,1.2072629656369225e-13,6.158050065546019e-10,5100.835725791673,True
1.0,ff7143dca8408a73233321fc7219358e48f2336bad0cb63f4e76f8988e77ecce,ca0178be9c5fd168509f48974d2b3e1bbc91b2ba4e8e9e320299fd98dcf765e8,0c9085a7366142fd489e5640b36c75720ff4acbc,discovery,0train,PASS,599,S03_0train_T024,3,0,left_hand,True,0.0,1.2122797061674383e-13,6.365780600782972e-10,5251.082376779258,True
1.0,ff7143dca8408a73233321fc7219358e48f2336bad0cb63f4e76f8988e77ecce,ca0178be9c5fd168509f48974d2b3e1bbc91b2ba4e8e9e320299fd98dcf765e8,0c9085a7366142fd489e5640b36c75720ff4acbc,discovery,0train,PASS,600,S03_0train_T025,3,0,feet,True,0.0,1.3868959836764742e-13,7.597592492799207e-10,5478.127114233192,True
1.0,ff7143dca8408a73233321fc7219358e48f2336bad0cb63f4e76f8988e77ecce,ca0178be9c5fd168509f48974d2b3e1bbc91b2ba4e8e9e320299fd98dcf765e8,0c9085a7366142fd489e5640b36c75720ff4acbc,discovery,0train,PASS,601,S03_0train_T026,3,0,tongue,True,0.0,1.6771464695838594e-13,8.540619444684315e-10,5092.351562355463,True
1.0,ff7143dca8408a73233321fc7219358e48f2336bad0cb63f4e76f8988e77ecce,ca0178be9c5fd168509f48974d2b3e1bbc91b2ba4e8e9e320299fd98dcf765e8,0c9085a7366142fd489e5640b36c75720ff4acbc,discovery,0train,PASS,602,S03_0train_T027,3,0,left_hand,True,0.0,1.178838177724061e-13,5.942621244786658e-10,5041.083124962796,True
1.0,ff7143dca8408a73233321fc7219358e48f2336bad0cb63f4e76f8988e77ecce,ca0178be9c5fd168509f48974d2b3e1bbc91b2ba4e8e9e320299fd98dcf765e8,0c9085a7366142fd489e5640b36c75720ff4acbc,discovery,0train,PASS,603,S03_0train_T028,3,0,feet,True,0.0,1.4007916792591911e-13,7.438963859484414e-10,5310.54258076298,True
1.0,ff7143dca8408a73233321fc7219358e48f2336bad0cb63f4e76f8988e77ecce,ca0178be9c5fd168509f48974d2b3e1bbc91b2ba4e8e9e320299fd98dcf765e8,0c9085a7366142fd489e5640b36c75720ff4acbc,discovery,0train,PASS,604,S03_0train_T029,3,0,feet,True,0.0,1.7968375426684316e-13,1.0632819378335023e-09,5917.518487811942,True
1.0,ff7143dca8408a73233321fc7219358e48f2336bad0cb63f4e76f8988e77ecce,ca0178be9c5fd168509f48974d2b3e1bbc91b2ba4e8e9e320299fd98dcf765e8,0c9085a7366142fd489e5640b36c75720ff4acbc,discovery,0train,PASS,605,S03_0train_T030,3,0,feet,True,0.0,1.2365548173344864e-13,5.810363587242288e-10,4698.832195540744,True
1.0,ff7143dca8408a73233321fc7219358e48f2336bad0cb63f4e76f8988e77ecce,ca0178be9c5fd168509f48974d2b3e1bbc91b2ba4e8e9e320299fd98dcf765e8,0c9085a7366142fd489e5640b36c75720ff4acbc,discovery,0train,PASS,606,S03_0train_T031,3,0,left_hand,True,0.0,1.2088200588194805e-13,6.533419697496416e-10,5404.79093627622,True
1.0,ff7143dca8408a73233321fc7219358e48f2336bad0cb63f4e76f8988e77ecce,ca0178be9c5fd168509f48974d2b3e1bbc91b2ba4e8e9e320299fd98dcf765e8,0c9085a7366142fd489e5640b36c75720ff4acbc,discovery,0train,PASS,607,S03_0train_T032,3,0,right_hand,True,0.0,1.5541203625959222e-13,8.685308144890698e-10,5588.568526560715,True
1.0,ff7143dca8408a73233321fc7219358e48f2336bad0cb63f4e76f8988e77ecce,ca0178be9c5fd168509f48974d2b3e1bbc91b2ba4e8e9e320299fd98dcf765e8,0c9085a7366142fd489e5640b36c75720ff4acbc,discovery,0train,PASS,608,S03_0train_T033,3,0,left_hand,True,0.0,1.236550589590497e-13,6.802331232248412e-10,5501.053729230043,True
1.0,ff7143dca8408a73233321fc7219358e48f2336bad0cb63f4e76f8988e77ecce,ca0178be9c5fd168509f48974d2b3e1bbc91b2ba4e8e9e320299fd98dcf765e8,0c9085a7366142fd489e5640b36c75720ff4acbc,discovery,0train,PASS,609,S03_0train_T034,3,0,right_hand,True,0.0,1.3388719061962683e-13,7.194398553184027e-10,5373.4778658723935,True
1.0,ff7143dca8408a73233321fc7219358e48f2336bad0cb63f4e76f8988e77ecce,ca0178be9c5fd168509f48974d2b3e1bbc91b2ba4e8e9e320299fd98dcf765e8,0c9085a7366142fd489e5640b36c75720ff4acbc,discovery,0train,PASS,610,S03_0train_T035,3,0,right_hand,True,0.0,1.461907049635449e-13,8.72719538129132e-10,5969.733426942289,True
1.0,ff7143dca8408a73233321fc7219358e48f2336bad0cb63f4e76f8988e77ecce,ca0178be9c5fd168509f48974d2b3e1bbc91b2ba4e8e9e320299fd98dcf765e8,0c9085a7366142fd489e5640b36c75720ff4acbc,discovery,0train,PASS,611,S03_0train_T036,3,0,left_hand,True,0.0,1.391210239564422e-13,7.649558288587673e-10,5498.491939638609,True
1.0,ff7143dca8408a73233321fc7219358e48f2336bad0cb63f4e76f8988e77ecce,ca0178be9c5fd168509f48974d2b3e1bbc91b2ba4e8e9e320299fd98dcf765e8,0c9085a7366142fd489e5640b36c75720ff4acbc,discovery,0train,PASS,612,S03_0train_T037,3,0,right_hand,True,0.0,1.715548012718492e-13,1.0306921785662062e-09,6007.94714531452,True
1.0,ff7143dca8408a73233321fc7219358e48f2336bad0cb63f4e76f8988e77ecce,ca0178be9c5fd168509f48974d2b3e1bbc91b2ba4e8e9e320299fd98dcf765e8,0c9085a7366142fd489e5640b36c75720ff4acbc,discovery,0train,PASS,613,S03_0train_T038,3,0,feet,True,0.0,1.750706058029398e-13,1.0967240737102864e-09,6264.467234121321,True
1.0,ff7143dca8408a73233321fc7219358e48f2336bad0cb63f4e76f8988e77ecce,ca0178be9c5fd168509f48974d2b3e1bbc91b2ba4e8e9e320299fd98dcf765e8,0c9085a7366142fd489e5640b36c75720ff4acbc,discovery,0train,PASS,614,S03_0train_T039,3,0,right_hand,True,0.0,1.654864761152651e-13,1.1174197877928856e-09,6752.332964142503,True
1.0,ff7143dca8408a73233321fc7219358e48f2336bad0cb63f4e76f8988e77ecce,ca0178be9c5fd168509f48974d2b3e1bbc91b2ba4e8e9e320299fd98dcf765e8,0c9085a7366142fd489e5640b36c75720ff4acbc,discovery,0train,PASS,615,S03_0train_T040,3,0,feet,True,0.0,2.0222691021616094e-13,1.1556447478025221e-09,5714.594296907618,True
1.0,ff7143dca8408a73233321fc7219358e48f2336bad0cb63f4e76f8988e77ecce,ca0178be9c5fd168509f48974d2b3e1bbc91b2ba4e8e9e320299fd98dcf765e8,0c9085a7366142fd489e5640b36c75720ff4acbc,discovery,0train,PASS,616,S03_0train_T041,3,0,feet,True,0.0,2.110867763253159e-13,1.2810471467548333e-09,6068.817616412647,True
1.0,ff7143dca8408a73233321fc7219358e48f2336bad0cb63f4e76f8988e77ecce,ca0178be9c5fd168509f48974d2b3e1bbc91b2ba4e8e9e320299fd98dcf765e8,0c9085a7366142fd489e5640b36c75720ff4acbc,discovery,0train,PASS,617,S03_0train_T042,3,0,tongue,True,0.0,2.436973714524479e-13,1.4530386058289041e-09,5962.471392976974,True
1.0,ff7143dca8408a73233321fc7219358e48f2336bad0cb63f4e76f8988e77ecce,ca0178be9c5fd168509f48974d2b3e1bbc91b2ba4e8e9e320299fd98dcf765e8,0c9085a7366142fd489e5640b36c75720ff4acbc,discovery,0train,PASS,618,S03_0train_T043,3,0,feet,True,0.0,1.8278347370501335e-13,1.0577354759450976e-09,5786.822268473423,True
1.0,ff7143dca8408a73233321fc7219358e48f2336bad0cb63f4e76f8988e77ecce,ca0178be9c5fd168509f48974d2b3e1bbc91b2ba4e8e9e320299fd98dcf765e8,0c9085a7366142fd489e5640b36c75720ff4acbc,discovery,0train,PASS,619,S03_0train_T044,3,0,feet,True,0.0,1.773988824720907e-13,1.1651012677894675e-09,6567.692262507725,True
1.0,ff7143dca8408a73233321fc7219358e48f2336bad0cb63f4e76f8988e77ecce,ca0178be9c5fd168509f48974d2b3e1bbc91b2ba4e8e9e320299fd98dcf765e8,0c9085a7366142fd489e5640b36c75720ff4acbc,discovery,0train,PASS,620,S03_0train_T045,3,0,tongue,True,0.0,2.1134256649261237e-13,1.2993173016454181e-09,6147.920521684574,True
1.0,ff7143dca8408a73233321fc7219358e48f2336bad0cb63f4e76f8988e77ecce,ca0178be9c5fd168509f48974d2b3e1bbc91b2ba4e8e9e320299fd98dcf765e8,0c9085a7366142fd489e5640b36c75720ff4acbc,discovery,0train,PASS,621,S03_0train_T046,3,0,tongue,True,0.0,2.0075620367624817e-13,1.2858699842532355e-09,6405.131999442013,True
1.0,ff7143dca8408a73233321fc7219358e48f2336bad0cb63f4e76f8988e77ecce,ca0178be9c5fd168509f48974d2b3e1bbc91b2ba4e8e9e320299fd98dcf765e8,0c9085a7366142fd489e5640b36c75720ff4acbc,discovery,0train,PASS,622,S03_0train_T047,3,0,tongue,True,0.0,1.9693299117699572e-13,1.2426287564928557e-09,6309.906476645293,True
1.0,ff7143dca8408a73233321fc7219358e48f2336bad0cb63f4e76f8988e77ecce,ca0178be9c5fd168509f48974d2b3e1bbc91b2ba4e8e9e320299fd98dcf765e8,0c9085a7366142fd489e5640b36c75720ff4acbc,discovery,0train,PASS,623,S03_0train_T048,3,0,tongue,True,0.0,1.815078026146326e-13,1.0308435161932554e-09,5679.334449229633,True
1.0,ff7143dca8408a73233321fc7219358e48f2336bad0cb63f4e76f8988e77ecce,ca0178be9c5fd168509f48974d2b3e1bbc91b2ba4e8e9e320299fd98dcf765e8,0c9085a7366142fd489e5640b36c75720ff4acbc,discovery,0train,PASS,624,S03_0train_T049,3,1,tongue,True,0.0,1.291201266361084e-13,6.143308696332987e-10,4757.824249697577,True
1.0,ff7143dca8408a73233321fc7219358e48f2336bad0cb63f4e76f8988e77ecce,ca0178be9c5fd168509f48974d2b3e1bbc91b2ba4e8e9e320299fd98dcf765e8,0c9085a7366142fd489e5640b36c75720ff4acbc,discovery,0train,PASS,625,S03_0train_T050,3,1,feet,True,0.0,1.2596386464273184e-13,6.67125613366456e-10,5296.166605070491,True
1.0,ff7143dca8408a73233321fc7219358e48f2336bad0cb63f4e76f8988e77ecce,ca0178be9c5fd168509f48974d2b3e1bbc91b2ba4e8e9e320299fd98dcf765e8,0c9085a7366142fd489e5640b36c75720ff4acbc,discovery,0train,PASS,626,S03_0train_T051,3,1,right_hand,True,0.0,1.0774558239002845e-13,5.08381320383044e-10,4718.349551842909,True
1.0,ff7143dca8408a73233321fc7219358e48f2336bad0cb63f4e76f8988e77ecce,ca0178be9c5fd168509f48974d2b3e1bbc91b2ba4e8e9e320299fd98dcf765e8,0c9085a7366142fd489e5640b36c75720ff4acbc,discovery,0train,PASS,627,S03_0train_T052,3,1,left_hand,True,0.0,9.889595891645076e-14,4.696285200855724e-10,4748.712942682762,True
1.0,ff7143dca8408a73233321fc7219358e48f2336bad0cb63f4e76f8988e77ecce,ca0178be9c5fd168509f48974d2b3e1bbc91b2ba4e8e9e320299fd98dcf765e8,0c9085a7366142fd489e5640b36c75720ff4acbc,discovery,0train,PASS,628,S03_0train_T053,3,1,left_hand,True,0.0,9.932466685975298e-14,4.1800800009217513e-10,4208.501405621676,True
1.0,ff7143dca8408a73233321fc7219358e48f2336bad0cb63f4e76f8988e77ecce,ca0178be9c5fd168509f48974d2b3e1bbc91b2ba4e8e9e320299fd98dcf765e8,0c9085a7366142fd489e5640b36c75720ff4acbc,discovery,0train,PASS,629,S03_0train_T054,3,1,right_hand,True,0.0,1.038769303102972e-13,5.285235911831127e-10,5087.978530019392,True
1.0,ff7143dca8408a73233321fc7219358e48f2336bad0cb63f4e76f8988e77ecce,ca0178be9c5fd168509f48974d2b3e1bbc91b2ba4e8e9e320299fd98dcf765e8,0c9085a7366142fd489e5640b36c75720ff4acbc,discovery,0train,PASS,630,S03_0train_T055,3,1,feet,True,0.0,2.0016528034003847e-13,1.1017135985773009e-09,5504.019461845343,True
1.0,ff7143dca8408a73233321fc7219358e48f2336bad0cb63f4e76f8988e77ecce,ca0178be9c5fd168509f48974d2b3e1bbc91b2ba4e8e9e320299fd98dcf765e8,0c9085a7366142fd489e5640b36c75720ff4acbc,discovery,0train,PASS,631,S03_0train_T056,3,1,tongue,True,0.0,2.3414808401504256e-13,1.3625375470194831e-09,5819.127466923661,True
1.0,ff7143dca8408a73233321fc7219358e48f2336bad0cb63f4e76f8988e77ecce,ca0178be9c5fd168509f48974d2b3e1bbc91b2ba4e8e9e320299fd98dcf765e8,0c9085a7366142fd489e5640b36c75720ff4acbc,discovery,0train,PASS,632,S03_0train_T057,3,1,right_hand,True,0.0,1.3831883222363636e-13,7.816512060602118e-10,5651.083033989357,True
1.0,ff7143dca8408a73233321fc7219358e48f2336bad0cb63f4e76f8988e77ecce,ca0178be9c5fd168509f48974d2b3e1bbc91b2ba4e8e9e320299fd98dcf765e8,0c9085a7366142fd489e5640b36c75720ff4acbc,discovery,0train,PASS,633,S03_0train_T058,3,1,feet,True,0.0,1.4877034314051615e-13,8.697126606913516e-10,5846.00829931469,True
1.0,ff7143dca8408a73233321fc7219358e48f2336bad0cb63f4e76f8988e77ecce,ca0178be9c5fd168509f48974d2b3e1bbc91b2ba4e8e9e320299fd98dcf765e8,0c9085a7366142fd489e5640b36c75720ff4acbc,discovery,0train,PASS,634,S03_0train_T059,3,1,left_hand,True,0.0,9.738145614020407e-14,4.855342164355837e-10,4985.900146497504,True
1.0,ff7143dca8408a73233321fc7219358e48f2336bad0cb63f4e76f8988e77ecce,ca0178be9c5fd168509f48974d2b3e1bbc91b2ba4e8e9e320299fd98dcf765e8,0c9085a7366142fd489e5640b36c75720ff4acbc,discovery,0train,PASS,635,S03_0train_T060,3,1,left_hand,True,0.0,1.0687039695071e-13,4.5870904939488457e-10,4292.199360000946,True
1.0,ff7143dca8408a73233321fc7219358e48f2336bad0cb63f4e76f8988e77ecce,ca0178be9c5fd168509f48974d2b3e1bbc91b2ba4e8e9e320299fd98dcf765e8,0c9085a7366142fd489e5640b36c75720ff4acbc,discovery,0train,PASS,636,S03_0train_T061,3,1,left_hand,True,0.0,1.4355275808581254e-13,5.619930958119506e-10,3914.888876436662,True
1.0,ff7143dca8408a73233321fc7219358e48f2336bad0cb63f4e76f8988e77ecce,ca0178be9c5fd168509f48974d2b3e1bbc91b2ba4e8e9e320299fd98dcf765e8,0c9085a7366142fd489e5640b36c75720ff4acbc,discovery,0train,PASS,637,S03_0train_T062,3,1,tongue,True,0.0,2.001798692135982e-13,1.0207255440603077e-09,5099.041917002961,True
1.0,ff7143dca8408a73233321fc7219358e48f2336bad0cb63f4e76f8988e77ecce,ca0178be9c5fd168509f48974d2b3e1bbc91b2ba4e8e9e320299fd98dcf765e8,0c9085a7366142fd489e5640b36c75720ff4acbc,discovery,0train,PASS,638,S03_0train_T063,3,1,right_hand,True,0.0,9.987326191788121e-14,4.184271759637101e-10,4189.581554948645,True
1.0,ff7143dca8408a73233321fc7219358e48f2336bad0cb63f4e76f8988e77ecce,ca0178be9c5fd168509f48974d2b3e1bbc91b2ba4e8e9e320299fd98dcf765e8,0c9085a7366142fd489e5640b36c75720ff4acbc,discovery,0train,PASS,639,S03_0train_T064,3,1,right_hand,True,0.0,1.0124671238981512e-13,5.068930767595555e-10,5006.513938032285,True
1.0,ff7143dca8408a73233321fc7219358e48f2336bad0cb63f4e76f8988e77ecce,ca0178be9c5fd168509f48974d2b3e1bbc91b2ba4e8e9e320299fd98dcf765e8,0c9085a7366142fd489e5640b36c75720ff4acbc,discovery,0train,PASS,640,S03_0train_T065,3,1,left_hand,True,0.0,1.3826174887302842e-13,6.674805736813221e-10,4827.658981041081,True
1.0,ff7143dca8408a73233321fc7219358e48f2336bad0cb63f4e76f8988e77ecce,ca0178be9c5fd168509f48974d2b3e1bbc91b2ba4e8e9e320299fd98dcf765e8,0c9085a7366142fd489e5640b36c75720ff4acbc,discovery,0train,PASS,641,S03_0train_T066,3,1,left_hand,True,0.0,1.3232068565504791e-13,6.468704749345482e-10,4888.657217367364,True
1.0,ff7143dca8408a73233321fc7219358e48f2336bad0cb63f4e76f8988e77ecce,ca0178be9c5fd168509f48974d2b3e1bbc91b2ba4e8e9e320299fd98dcf765e8,0c9085a7366142fd489e5640b36c75720ff4acbc,discovery,0train,PASS,642,S03_0train_T067,3,1,feet,True,0.0,1.4314135043882195e-13,7.657050375514377e-10,5349.293095279949,True
1.0,ff7143dca8408a73233321fc7219358e48f2336bad0cb63f4e76f8988e77ecce,ca0178be9c5fd168509f48974d2b3e1bbc91b2ba4e8e9e320299fd98dcf765e8,0c9085a7366142fd489e5640b36c75720ff4acbc,discovery,0train,PASS,643,S03_0train_T068,3,1,left_hand,True,0.0,1.1827541980043118e-13,5.99980325329792e-10,5072.738920243551,True
1.0,ff7143dca8408a73233321fc7219358e48f2336bad0cb63f4e76f8988e77ecce,ca0178be9c5fd168509f48974d2b3e1bbc91b2ba4e8e9e320299fd98dcf765e8,0c9085a7366142fd489e5640b36c75720ff4acbc,discovery,0train,PASS,644,S03_0train_T069,3,1,right_hand,True,0.0,1.1325650796466607e-13,5.900180730401388e-10,5209.573239042595,True
1.0,ff7143dca8408a73233321fc7219358e48f2336bad0cb63f4e76f8988e77ecce,ca0178be9c5fd168509f48974d2b3e1bbc91b2ba4e8e9e320299fd98dcf765e8,0c9085a7366142fd489e5640b36c75720ff4acbc,discovery,0train,PASS,645,S03_0train_T070,3,1,tongue,True,0.0,1.7192631520233426e-13,7.846268533041339e-10,4563.739136622181,True
1.0,ff7143dca8408a73233321fc7219358e48f2336bad0cb63f4e76f8988e77ecce,ca0178be9c5fd168509f48974d2b3e1bbc91b2ba4e8e9e320299fd98dcf765e8,0c9085a7366142fd489e5640b36c75720ff4acbc,discovery,0train,PASS,646,S03_0train_T071,3,1,tongue,True,0.0,1.5679153643323866e-13,7.110929883801468e-10,4535.276613498382,True
1.0,ff7143dca8408a73233321fc7219358e48f2336bad0cb63f4e76f8988e77ecce,ca0178be9c5fd168509f48974d2b3e1bbc91b2ba4e8e9e320299fd98dcf765e8,0c9085a7366142fd489e5640b36c75720ff4acbc,discovery,0train,PASS,647,S03_0train_T072,3,1,feet,True,0.0,1.731383257272001e-13,7.932305924083168e-10,4581.484712160988,True
1.0,ff7143dca8408a73233321fc7219358e48f2336bad0cb63f4e76f8988e77ecce,ca0178be9c5fd168509f48974d2b3e1bbc91b2ba4e8e9e320299fd98dcf765e8,0c9085a7366142fd489e5640b36c75720ff4acbc,discovery,0train,PASS,648,S03_0train_T073,3,1,left_hand,True,0.0,1.2564954064516908e-13,5.682912713020608e-10,4522.828085037733,True
1.0,ff7143dca8408a73233321fc7219358e48f2336bad0cb63f4e76f8988e77ecce,ca0178be9c5fd168509f48974d2b3e1bbc91b2ba4e8e9e320299fd98dcf765e8,0c9085a7366142fd489e5640b36c75720ff4acbc,discovery,0train,PASS,649,S03_0train_T074,3,1,tongue,True,0.0,2.2387607669520555e-13,1.2645905658282576e-09,5648.6185772762365,True
1.0,ff7143dca8408a73233321fc7219358e48f2336bad0cb63f4e76f8988e77ecce,ca0178be9c5fd168509f48974d2b3e1bbc91b2ba4e8e9e320299fd98dcf765e8,0c9085a7366142fd489e5640b36c75720ff4acbc,discovery,0train,PASS,650,S03_0train_T075,3,1,tongue,True,0.0,1.506129351339465e-13,7.420852736578842e-10,4927.1018654401505,True
1.0,ff7143dca8408a73233321fc7219358e48f2336bad0cb63f4e76f8988e77ecce,ca0178be9c5fd168509f48974d2b3e1bbc91b2ba4e8e9e320299fd98dcf765e8,0c9085a7366142fd489e5640b36c75720ff4acbc,discovery,0train,PASS,651,S03_0train_T076,3,1,right_hand,True,0.0,1.294034377465259e-13,6.904917697258857e-10,5335.9615613799515,True
1.0,ff7143dca8408a73233321fc7219358e48f2336bad0cb63f4e76f8988e77ecce,ca0178be9c5fd168509f48974d2b3e1bbc91b2ba4e8e9e320299fd98dcf765e8,0c9085a7366142fd489e5640b36c75720ff4acbc,discovery,0train,PASS,652,S03_0train_T077,3,1,tongue,True,0.0,1.590804216404266e-13,7.473185483648781e-10,4697.740555742684,True
1.0,ff7143dca8408a73233321fc7219358e48f2336bad0cb63f4e76f8988e77ecce,ca0178be9c5fd168509f48974d2b3e1bbc91b2ba4e8e9e320299fd98dcf765e8,0c9085a7366142fd489e5640b36c75720ff4acbc,discovery,0train,PASS,653,S03_0train_T078,3,1,tongue,True,0.0,2.176655583828199e-13,1.140009967630241e-09,5237.438463393668,True
1.0,ff7143dca8408a73233321fc7219358e48f2336bad0cb63f4e76f8988e77ecce,ca0178be9c5fd168509f48974d2b3e1bbc91b2ba4e8e9e320299fd98dcf765e8,0c9085a7366142fd489e5640b36c75720ff4acbc,discovery,0train,PASS,654,S03_0train_T079,3,1,right_hand,True,0.0,1.6223800557409967e-13,8.31240984145561e-10,5123.589760636602,True
1.0,ff7143dca8408a73233321fc7219358e48f2336bad0cb63f4e76f8988e77ecce,ca0178be9c5fd168509f48974d2b3e1bbc91b2ba4e8e9e320299fd98dcf765e8,0c9085a7366142fd489e5640b36c75720ff4acbc,discovery,0train,PASS,655,S03_0train_T080,3,1,left_hand,True,0.0,1.3781991868877669e-13,7.397363747279635e-10,5367.412648083384,True
1.0,ff7143dca8408a73233321fc7219358e48f2336bad0cb63f4e76f8988e77ecce,ca0178be9c5fd168509f48974d2b3e1bbc91b2ba4e8e9e320299fd98dcf765e8,0c9085a7366142fd489e5640b36c75720ff4acbc,discovery,0train,PASS,656,S03_0train_T081,3,1,right_hand,True,0.0,1.6594477932387082e-13,8.600899168979516e-10,5182.988705051894,True
1.0,ff7143dca8408a73233321fc7219358e48f2336bad0cb63f4e76f8988e77ecce,ca0178be9c5fd168509f48974d2b3e1bbc91b2ba4e8e9e320299fd98dcf765e8,0c9085a7366142fd489e5640b36c75720ff4acbc,discovery,0train,PASS,657,S03_0train_T082,3,1,feet,True,0.0,1.5183120689155042e-13,9.162761857002255e-10,6034.834369423808,True
1.0,ff7143dca8408a73233321fc7219358e48f2336bad0cb63f4e76f8988e77ecce,ca0178be9c5fd168509f48974d2b3e1bbc91b2ba4e8e9e320299fd98dcf765e8,0c9085a7366142fd489e5640b36c75720ff4acbc,discovery,0train,PASS,658,S03_0train_T083,3,1,feet,True,0.0,1.9252503148811886e-13,1.0666611238579813e-09,5540.376311657984,True
1.0,ff7143dca8408a73233321fc7219358e48f2336bad0cb63f4e76f8988e77ecce,ca0178be9c5fd168509f48974d2b3e1bbc91b2ba4e8e9e320299fd98dcf765e8,0c9085a7366142fd489e5640b36c75720ff4acbc,discovery,0train,PASS,659,S03_0train_T084,3,1,feet,True,0.0,1.580190550985718e-13,8.981451128384227e-10,5683.777265204899,True
1.0,ff7143dca8408a73233321fc7219358e48f2336bad0cb63f4e76f8988e77ecce,ca0178be9c5fd168509f48974d2b3e1bbc91b2ba4e8e9e320299fd98dcf765e8,0c9085a7366142fd489e5640b36c75720ff4acbc,discovery,0train,PASS,660,S03_0train_T085,3,1,tongue,True,0.0,2.0030307262225984e-13,1.1848720216256584e-09,5915.396135036536,True
1.0,ff7143dca8408a73233321fc7219358e48f2336bad0cb63f4e76f8988e77ecce,ca0178be9c5fd168509f48974d2b3e1bbc91b2ba4e8e9e320299fd98dcf765e8,0c9085a7366142fd489e5640b36c75720ff4acbc,discovery,0train,PASS,661,S03_0train_T086,3,1,feet,True,0.0,1.4410351239266258e-13,8.053786754936291e-10,5588.8899730568755,True
1.0,ff7143dca8408a73233321fc7219358e48f2336bad0cb63f4e76f8988e77ecce,ca0178be9c5fd168509f48974d2b3e1bbc91b2ba4e8e9e320299fd98dcf765e8,0c9085a7366142fd489e5640b36c75720ff4acbc,discovery,0train,PASS,662,S03_0train_T087,3,1,left_hand,True,0.0,1.457937952911679e-13,7.877843594314286e-10,5403.41485629157,True
1.0,ff7143dca8408a73233321fc7219358e48f2336bad0cb63f4e76f8988e77ecce,ca0178be9c5fd168509f48974d2b3e1bbc91b2ba4e8e9e320299fd98dcf765e8,0c9085a7366142fd489e5640b36c75720ff4acbc,discovery,0train,PASS,663,S03_0train_T088,3,1,tongue,True,0.0,1.5452531949762208e-13,8.29553674752257e-10,5368.399673588913,True
1.0,ff7143dca8408a73233321fc7219358e48f2336bad0cb63f4e76f8988e77ecce,ca0178be9c5fd168509f48974d2b3e1bbc91b2ba4e8e9e320299fd98dcf765e8,0c9085a7366142fd489e5640b36c75720ff4acbc,discovery,0train,PASS,664,S03_0train_T089,3,1,right_hand,True,0.0,1.955589406733137e-13,1.1740470297933272e-09,6003.545661226522,True
1.0,ff7143dca8408a73233321fc7219358e48f2336bad0cb63f4e76f8988e77ecce,ca0178be9c5fd168509f48974d2b3e1bbc91b2ba4e8e9e320299fd98dcf765e8,0c9085a7366142fd489e5640b36c75720ff4acbc,discovery,0train,PASS,665,S03_0train_T090,3,1,feet,True,0.0,1.5584453522953173e-13,8.954753622742945e-10,5745.952920039294,True
1.0,ff7143dca8408a73233321fc7219358e48f2336bad0cb63f4e76f8988e77ecce,ca0178be9c5fd168509f48974d2b3e1bbc91b2ba4e8e9e320299fd98dcf765e8,0c9085a7366142fd489e5640b36c75720ff4acbc,discovery,0train,PASS,666,S03_0train_T091,3,1,right_hand,True,0.0,1.3502187758869953e-13,7.367188305736213e-10,5456.292296703183,True
1.0,ff7143dca8408a73233321fc7219358e48f2336bad0cb63f4e76f8988e77ecce,ca0178be9c5fd168509f48974d2b3e1bbc91b2ba4e8e9e320299fd98dcf765e8,0c9085a7366142fd489e5640b36c75720ff4acbc,discovery,0train,PASS,667,S03_0train_T092,3,1,feet,True,0.0,2.0875717914457096e-13,1.0778777358719436e-09,5163.30858794312,True
1.0,ff7143dca8408a73233321fc7219358e48f2336bad0cb63f4e76f8988e77ecce,ca0178be9c5fd168509f48974d2b3e1bbc91b2ba4e8e9e320299fd98dcf765e8,0c9085a7366142fd489e5640b36c75720ff4acbc,discovery,0train,PASS,668,S03_0train_T093,3,1,tongue,True,0.0,1.8553193557696313e-13,1.0423726988738995e-09,5618.2925900727105,True
1.0,ff7143dca8408a73233321fc7219358e48f2336bad0cb63f4e76f8988e77ecce,ca0178be9c5fd168509f48974d2b3e1bbc91b2ba4e8e9e320299fd98dcf765e8,0c9085a7366142fd489e5640b36c75720ff4acbc,discovery,0train,PASS,669,S03_0train_T094,3,1,right_hand,True,0.0,1.5132864930621582e-13,7.878409142694888e-10,5206.158370417228,True
1.0,ff7143dca8408a73233321fc7219358e48f2336bad0cb63f4e76f8988e77ecce,ca0178be9c5fd168509f48974d2b3e1bbc91b2ba4e8e9e320299fd98dcf765e8,0c9085a7366142fd489e5640b36c75720ff4acbc,discovery,0train,PASS,670,S03_0train_T095,3,1,feet,True,0.0,1.732547287218328e-13,1.063025745349293e-09,6135.623270958578,True
1.0,ff7143dca8408a73233321fc7219358e48f2336bad0cb63f4e76f8988e77ecce,ca0178be9c5fd168509f48974d2b3e1bbc91b2ba4e8e9e320299fd98dcf765e8,0c9085a7366142fd489e5640b36c75720ff4acbc,discovery,0train,PASS,671,S03_0train_T096,3,1,left_hand,True,0.0,1.473469935219978e-13,8.437232987703359e-10,5726.097822582137,True
1.0,ff7143dca8408a73233321fc7219358e48f2336bad0cb63f4e76f8988e77ecce,ca0178be9c5fd168509f48974d2b3e1bbc91b2ba4e8e9e320299fd98dcf765e8,0c9085a7366142fd489e5640b36c75720ff4acbc,discovery,0train,PASS,672,S03_0train_T097,3,2,left_hand,True,0.0,8.907186938761158e-14,4.130559138210891e-10,4637.332938681293,True
1.0,ff7143dca8408a73233321fc7219358e48f2336bad0cb63f4e76f8988e77ecce,ca0178be9c5fd168509f48974d2b3e1bbc91b2ba4e8e9e320299fd98dcf765e8,0c9085a7366142fd489e5640b36c75720ff4acbc,discovery,0train,PASS,673,S03_0train_T098,3,2,left_hand,True,0.0,1.1073905679535833e-13,5.548116460820356e-10,5010.0810151138185,True
1.0,ff7143dca8408a73233321fc7219358e48f2336bad0cb63f4e76f8988e77ecce,ca0178be9c5fd168509f48974d2b3e1bbc91b2ba4e8e9e320299fd98dcf765e8,0c9085a7366142fd489e5640b36c75720ff4acbc,discovery,0train,PASS,674,S03_0train_T099,3,2,tongue,True,0.0,1.5305909410936425e-13,7.108536673382325e-10,4644.308601684988,True
1.0,ff7143dca8408a73233321fc7219358e48f2336bad0cb63f4e76f8988e77ecce,ca0178be9c5fd168509f48974d2b3e1bbc91b2ba4e8e9e320299fd98dcf765e8,0c9085a7366142fd489e5640b36c75720ff4acbc,discovery,0train,PASS,675,S03_0train_T100,3,2,right_hand,True,0.0,1.3539079065471786e-13,6.596986638604544e-10,4872.55197100414,True
1.0,ff7143dca8408a73233321fc7219358e48f2336bad0cb63f4e76f8988e77ecce,ca0178be9c5fd168509f48974d2b3e1bbc91b2ba4e8e9e320299fd98dcf765e8,0c9085a7366142fd489e5640b36c75720ff4acbc,discovery,0train,PASS,676,S03_0train_T101,3,2,left_hand,True,0.0,1.1594701809081664e-13,5.908197124217588e-10,5095.600750672117,True
1.0,ff7143dca8408a73233321fc7219358e48f2336bad0cb63f4e76f8988e77ecce,ca0178be9c5fd168509f48974d2b3e1bbc91b2ba4e8e9e320299fd98dcf765e8,0c9085a7366142fd489e5640b36c75720ff4acbc,discovery,0train,PASS,677,S03_0train_T102,3,2,feet,True,0.0,1.1108325218638423e-13,5.638589101491032e-10,5076.002899186065,True
1.0,ff7143dca8408a73233321fc7219358e48f2336bad0cb63f4e76f8988e77ecce,ca0178be9c5fd168509f48974d2b3e1bbc91b2ba4e8e9e320299fd98dcf765e8,0c9085a7366142fd489e5640b36c75720ff4acbc,discovery,0train,PASS,678,S03_0train_T103,3,2,left_hand,True,0.0,1.2835566741171017e-13,6.404715336904762e-10,4989.818888449367,True
1.0,ff7143dca8408a73233321fc7219358e48f2336bad0cb63f4e76f8988e77ecce,ca0178be9c5fd168509f48974d2b3e1bbc91b2ba4e8e9e320299fd98dcf765e8,0c9085a7366142fd489e5640b36c75720ff4acbc,discovery,0train,PASS,679,S03_0train_T104,3,2,feet,True,0.0,1.7517727938748318e-13,1.0281580343755108e-09,5869.243077472837,True
1.0,ff7143dca8408a73233321fc7219358e48f2336bad0cb63f4e76f8988e77ecce,ca0178be9c5fd168509f48974d2b3e1bbc91b2ba4e8e9e320299fd98dcf765e8,0c9085a7366142fd489e5640b36c75720ff4acbc,discovery,0train,PASS,680,S03_0train_T105,3,2,right_hand,True,0.0,1.4235052861996402e-13,8.388747329177166e-10,5893.021550747288,True
1.0,ff7143dca8408a73233321fc7219358e48f2336bad0cb63f4e76f8988e77ecce,ca0178be9c5fd168509f48974d2b3e1bbc91b2ba4e8e9e320299fd98dcf765e8,0c9085a7366142fd489e5640b36c75720ff4acbc,discovery,0train,PASS,681,S03_0train_T106,3,2,tongue,True,0.0,1.9947579182683047e-13,9.813677633403926e-10,4919.733639620494,True
1.0,ff7143dca8408a73233321fc7219358e48f2336bad0cb63f4e76f8988e77ecce,ca0178be9c5fd168509f48974d2b3e1bbc91b2ba4e8e9e320299fd98dcf765e8,0c9085a7366142fd489e5640b36c75720ff4acbc,discovery,0train,PASS,682,S03_0train_T107,3,2,left_hand,True,0.0,1.2650977479970108e-13,6.138945709941754e-10,4852.546548012872,True
1.0,ff7143dca8408a73233321fc7219358e48f2336bad0cb63f4e76f8988e77ecce,ca0178be9c5fd168509f48974d2b3e1bbc91b2ba4e8e9e320299fd98dcf765e8,0c9085a7366142fd489e5640b36c75720ff4acbc,discovery,0train,PASS,683,S03_0train_T108,3,2,feet,True,0.0,1.6334382929668935e-13,1.0001471281478087e-09,6122.956296874814,True
1.0,ff7143dca8408a73233321fc7219358e48f2336bad0cb63f4e76f8988e77ecce,ca0178be9c5fd168509f48974d2b3e1bbc91b2ba4e8e9e320299fd98dcf765e8,0c9085a7366142fd489e5640b36c75720ff4acbc,discovery,0train,PASS,684,S03_0train_T109,3,2,feet,True,0.0,1.5898326234933046e-13,8.607844694570788e-10,5414.308756387801,True
1.0,ff7143dca8408a73233321fc7219358e48f2336bad0cb63f4e76f8988e77ecce,ca0178be9c5fd168509f48974d2b3e1bbc91b2ba4e8e9e320299fd98dcf765e8,0c9085a7366142fd489e5640b36c75720ff4acbc,discovery,0train,PASS,685,S03_0train_T110,3,2,left_hand,True,0.0,1.3685016739290465e-13,7.394333961044854e-10,5403.233406222514,True
1.0,ff7143dca8408a73233321fc7219358e48f2336bad0cb63f4e76f8988e77ecce,ca0178be9c5fd168509f48974d2b3e1bbc91b2ba4e8e9e320299fd98dcf765e8,0c9085a7366142fd489e5640b36c75720ff4acbc,discovery,0train,PASS,686,S03_0train_T111,3,2,feet,True,0.0,1.718054351454583e-13,9.618738224396515e-10,5598.622777127425,True
1.0,ff7143dca8408a73233321fc7219358e48f2336bad0cb63f4e76f8988e77ecce,ca0178be9c5fd168509f48974d2b3e1bbc91b2ba4e8e9e320299fd98dcf765e8,0c9085a7366142fd489e5640b36c75720ff4acbc,discovery,0train,PASS,687,S03_0train_T112,3,2,right_hand,True,0.0,1.4781736633152022e-13,7.523233852747396e-10,5089.546674694852,True
1.0,ff7143dca8408a73233321fc7219358e48f2336bad0cb63f4e76f8988e77ecce,ca0178be9c5fd168509f48974d2b3e1bbc91b2ba4e8e9e320299fd98dcf765e8,0c9085a7366142fd489e5640b36c75720ff4acbc,discovery,0train,PASS,688,S03_0train_T113,3,2,tongue,True,0.0,1.9132999062272359e-13,1.0472368398061233e-09,5473.458898929914,True
1.0,ff7143dca8408a73233321fc7219358e48f2336bad0cb63f4e76f8988e77ecce,ca0178be9c5fd168509f48974d2b3e1bbc91b2ba4e8e9e320299fd98dcf765e8,0c9085a7366142fd489e5640b36c75720ff4acbc,discovery,0train,PASS,689,S03_0train_T114,3,2,tongue,True,0.0,2.4681215156998907e-13,1.5083179514641814e-09,6111.198098917202,True
1.0,ff7143dca8408a73233321fc7219358e48f2336bad0cb63f4e76f8988e77ecce,ca0178be9c5fd168509f48974d2b3e1bbc91b2ba4e8e9e320299fd98dcf765e8,0c9085a7366142fd489e5640b36c75720ff4acbc,discovery,0train,PASS,690,S03_0train_T115,3,2,tongue,True,0.0,2.018533588948705e-13,1.0978461899134565e-09,5438.830425830259,True
1.0,ff7143dca8408a73233321fc7219358e48f2336bad0cb63f4e76f8988e77ecce,ca0178be9c5fd168509f48974d2b3e1bbc91b2ba4e8e9e320299fd98dcf765e8,0c9085a7366142fd489e5640b36c75720ff4acbc,discovery,0train,PASS,691,S03_0train_T116,3,2,feet,True,0.0,1.6756847742585312e-13,9.78686439172491e-10,5840.516391906389,True
1.0,ff7143dca8408a73233321fc7219358e48f2336bad0cb63f4e76f8988e77ecce,ca0178be9c5fd168509f48974d2b3e1bbc91b2ba4e8e9e320299fd98dcf765e8,0c9085a7366142fd489e5640b36c75720ff4acbc,discovery,0train,PASS,692,S03_0train_T117,3,2,left_hand,True,0.0,1.7998034578675132e-13,1.1780767291484596e-09,6545.585430446373,True
1.0,ff7143dca8408a73233321fc7219358e48f2336bad0cb63f4e76f8988e77ecce,ca0178be9c5fd168509f48974d2b3e1bbc91b2ba4e8e9e320299fd98dcf765e8,0c9085a7366142fd489e5640b36c75720ff4acbc,discovery,0train,PASS,693,S03_0train_T118,3,2,tongue,True,0.0,1.9235018280519998e-13,1.1161654486048768e-09,5802.778205494394,True
1.0,ff7143dca8408a73233321fc7219358e48f2336bad0cb63f4e76f8988e77ecce,ca0178be9c5fd168509f48974d2b3e1bbc91b2ba4e8e9e320299fd98dcf765e8,0c9085a7366142fd489e5640b36c75720ff4acbc,discovery,0train,PASS,694,S03_0train_T119,3,2,right_hand,True,0.0,1.4681108754847635e-13,8.55869285124913e-10,5829.731932489833,True
1.0,ff7143dca8408a73233321fc7219358e48f2336bad0cb63f4e76f8988e77ecce,ca0178be9c5fd168509f48974d2b3e1bbc91b2ba4e8e9e320299fd98dcf765e8,0c9085a7366142fd489e5640b36c75720ff4acbc,discovery,0train,PASS,695,S03_0train_T120,3,2,tongue,True,0.0,2.6613536437326865e-13,1.7012281813506198e-09,6392.341676788805,True
1.0,ff7143dca8408a73233321fc7219358e48f2336bad0cb63f4e76f8988e77ecce,ca0178be9c5fd168509f48974d2b3e1bbc91b2ba4e8e9e320299fd98dcf765e8,0c9085a7366142fd489e5640b36c75720ff4acbc,discovery,0train,PASS,696,S03_0train_T121,3,2,right_hand,True,0.0,1.318238288927671e-13,7.223210133765424e-10,5479.441914588286,True
1.0,ff7143dca8408a73233321fc7219358e48f2336bad0cb63f4e76f8988e77ecce,ca0178be9c5fd168509f48974d2b3e1bbc91b2ba4e8e9e320299fd98dcf765e8,0c9085a7366142fd489e5640b36c75720ff4acbc,discovery,0train,PASS,697,S03_0train_T122,3,2,left_hand,True,0.0,1.5270318269151493e-13,9.571964116254933e-10,6268.346178214141,True
1.0,ff7143dca8408a73233321fc7219358e48f2336bad0cb63f4e76f8988e77ecce,ca0178be9c5fd168509f48974d2b3e1bbc91b2ba4e8e9e320299fd98dcf765e8,0c9085a7366142fd489e5640b36c75720ff4acbc,discovery,0train,PASS,698,S03_0train_T123,3,2,feet,True,0.0,1.7313794395529075e-13,9.9651322884466e-10,5755.6027643598945,True
1.0,ff7143dca8408a73233321fc7219358e48f2336bad0cb63f4e76f8988e77ecce,ca0178be9c5fd168509f48974d2b3e1bbc91b2ba4e8e9e320299fd98dcf765e8,0c9085a7366142fd489e5640b36c75720ff4acbc,discovery,0train,PASS,699,S03_0train_T124,3,2,right_hand,True,0.0,2.0864136974284478e-13,1.2024795678023696e-09,5763.380336720627,True
1.0,ff7143dca8408a73233321fc7219358e48f2336bad0cb63f4e76f8988e77ecce,ca0178be9c5fd168509f48974d2b3e1bbc91b2ba4e8e9e320299fd98dcf765e8,0c9085a7366142fd489e5640b36c75720ff4acbc,discovery,0train,PASS,700,S03_0train_T125,3,2,left_hand,True,0.0,1.473541688545354e-13,8.18482123596961e-10,5554.5230240818455,True
1.0,ff7143dca8408a73233321fc7219358e48f2336bad0cb63f4e76f8988e77ecce,ca0178be9c5fd168509f48974d2b3e1bbc91b2ba4e8e9e320299fd98dcf765e8,0c9085a7366142fd489e5640b36c75720ff4acbc,discovery,0train,PASS,701,S03_0train_T126,3,2,feet,True,0.0,1.912477647731221e-13,1.022616723126933e-09,5347.078039526719,True
1.0,ff7143dca8408a73233321fc7219358e48f2336bad0cb63f4e76f8988e77ecce,ca0178be9c5fd168509f48974d2b3e1bbc91b2ba4e8e9e320299fd98dcf765e8,0c9085a7366142fd489e5640b36c75720ff4acbc,discovery,0train,PASS,702,S03_0train_T127,3,2,feet,True,0.0,1.8464947422304542e-13,9.758735901331524e-10,5285.006059396389,True
1.0,ff7143dca8408a73233321fc7219358e48f2336bad0cb63f4e76f8988e77ecce,ca0178be9c5fd168509f48974d2b3e1bbc91b2ba4e8e9e320299fd98dcf765e8,0c9085a7366142fd489e5640b36c75720ff4acbc,discovery,0train,PASS,703,S03_0train_T128,3,2,left_hand,True,0.0,1.6408553533651664e-13,8.781893139646445e-10,5352.021506122403,True
1.0,ff7143dca8408a73233321fc7219358e48f2336bad0cb63f4e76f8988e77ecce,ca0178be9c5fd168509f48974d2b3e1bbc91b2ba4e8e9e320299fd98dcf765e8,0c9085a7366142fd489e5640b36c75720ff4acbc,discovery,0train,PASS,704,S03_0train_T129,3,2,feet,True,0.0,1.6145729551255914e-13,8.881931778241921e-10,5501.102783894352,True
1.0,ff7143dca8408a73233321fc7219358e48f2336bad0cb63f4e76f8988e77ecce,ca0178be9c5fd168509f48974d2b3e1bbc91b2ba4e8e9e320299fd98dcf765e8,0c9085a7366142fd489e5640b36c75720ff4acbc,discovery,0train,PASS,705,S03_0train_T130,3,2,tongue,True,0.0,2.0231312531709422e-13,1.1097367304423303e-09,5485.243375599044,True
1.0,ff7143dca8408a73233321fc7219358e48f2336bad0cb63f4e76f8988e77ecce,ca0178be9c5fd168509f48974d2b3e1bbc91b2ba4e8e9e320299fd98dcf765e8,0c9085a7366142fd489e5640b36c75720ff4acbc,discovery,0train,PASS,706,S03_0train_T131,3,2,tongue,True,0.0,2.1875886617381838e-13,1.3004181731995572e-09,5944.527853633548,True
1.0,ff7143dca8408a73233321fc7219358e48f2336bad0cb63f4e76f8988e77ecce,ca0178be9c5fd168509f48974d2b3e1bbc91b2ba4e8e9e320299fd98dcf765e8,0c9085a7366142fd489e5640b36c75720ff4acbc,discovery,0train,PASS,707,S03_0train_T132,3,2,right_hand,True,0.0,1.400175156607164e-13,7.491908798764507e-10,5350.693992399161,True
1.0,ff7143dca8408a73233321fc7219358e48f2336bad0cb63f4e76f8988e77ecce,ca0178be9c5fd168509f48974d2b3e1bbc91b2ba4e8e9e320299fd98dcf765e8,0c9085a7366142fd489e5640b36c75720ff4acbc,discovery,0train,PASS,708,S03_0train_T133,3,2,left_hand,True,0.0,1.4647650552138424e-13,8.217020570262022e-10,5609.787413355797,True
1.0,ff7143dca8408a73233321fc7219358e48f2336bad0cb63f4e76f8988e77ecce,ca0178be9c5fd168509f48974d2b3e1bbc91b2ba4e8e9e320299fd98dcf765e8,0c9085a7366142fd489e5640b36c75720ff4acbc,discovery,0train,PASS,709,S03_0train_T134,3,2,right_hand,True,0.0,1.6672378693023115e-13,9.613730572272066e-10,5766.262120890477,True
1.0,ff7143dca8408a73233321fc7219358e48f2336bad0cb63f4e76f8988e77ecce,ca0178be9c5fd168509f48974d2b3e1bbc91b2ba4e8e9e320299fd98dcf765e8,0c9085a7366142fd489e5640b36c75720ff4acbc,discovery,0train,PASS,710,S03_0train_T135,3,2,tongue,True,0.0,2.0507758763896987e-13,1.0885799189699492e-09,5308.136942230599,True
1.0,ff7143dca8408a73233321fc7219358e48f2336bad0cb63f4e76f8988e77ecce,ca0178be9c5fd168509f48974d2b3e1bbc91b2ba4e8e9e320299fd98dcf765e8,0c9085a7366142fd489e5640b36c75720ff4acbc,discovery,0train,PASS,711,S03_0train_T136,3,2,right_hand,True,0.0,1.9513577927534774e-13,1.1130582267239775e-09,5704.019175045232,True
1.0,ff7143dca8408a73233321fc7219358e48f2336bad0cb63f4e76f8988e77ecce,ca0178be9c5fd168509f48974d2b3e1bbc91b2ba4e8e9e320299fd98dcf765e8,0c9085a7366142fd489e5640b36c75720ff4acbc,discovery,0train,PASS,712,S03_0train_T137,3,2,tongue,True,0.0,2.1692765238995168e-13,1.258795011657163e-09,5802.83333078412,True
1.0,ff7143dca8408a73233321fc7219358e48f2336bad0cb63f4e76f8988e77ecce,ca0178be9c5fd168509f48974d2b3e1bbc91b2ba4e8e9e320299fd98dcf765e8,0c9085a7366142fd489e5640b36c75720ff4acbc,discovery,0train,PASS,713,S03_0train_T138,3,2,feet,True,0.0,1.6909724695953596e-13,8.754559491891055e-10,5177.23360332766,True
1.0,ff7143dca8408a73233321fc7219358e48f2336bad0cb63f4e76f8988e77ecce,ca0178be9c5fd168509f48974d2b3e1bbc91b2ba4e8e9e320299fd98dcf765e8,0c9085a7366142fd489e5640b36c75720ff4acbc,discovery,0train,PASS,714,S03_0train_T139,3,2,right_hand,True,0.0,1.7869733562392922e-13,1.065309639413412e-09,5961.53062771663,True
1.0,ff7143dca8408a73233321fc7219358e48f2336bad0cb63f4e76f8988e77ecce,ca0178be9c5fd168509f48974d2b3e1bbc91b2ba4e8e9e320299fd98dcf765e8,0c9085a7366142fd489e5640b36c75720ff4acbc,discovery,0train,PASS,715,S03_0train_T140,3,2,right_hand,True,0.0,1.7159218945274495e-13,9.249666975044327e-10,5390.494173740704,True
1.0,ff7143dca8408a73233321fc7219358e48f2336bad0cb63f4e76f8988e77ecce,ca0178be9c5fd168509f48974d2b3e1bbc91b2ba4e8e9e320299fd98dcf765e8,0c9085a7366142fd489e5640b36c75720ff4acbc,discovery,0train,PASS,716,S03_0train_T141,3,2,right_hand,True,0.0,1.5809248979502135e-13,9.164177311810619e-10,5796.718948314784,True
1.0,ff7143dca8408a73233321fc7219358e48f2336bad0cb63f4e76f8988e77ecce,ca0178be9c5fd168509f48974d2b3e1bbc91b2ba4e8e9e320299fd98dcf765e8,0c9085a7366142fd489e5640b36c75720ff4acbc,discovery,0train,PASS,717,S03_0train_T142,3,2,feet,True,0.0,1.844204914638483e-13,9.7743228782889e-10,5300.019971048037,True
1.0,ff7143dca8408a73233321fc7219358e48f2336bad0cb63f4e76f8988e77ecce,ca0178be9c5fd168509f48974d2b3e1bbc91b2ba4e8e9e320299fd98dcf765e8,0c9085a7366142fd489e5640b36c75720ff4acbc,discovery,0train,PASS,718,S03_0train_T143,3,2,tongue,True,0.0,1.8657013624609967e-13,9.953857151174769e-10,5335.182442084355,True
1.0,ff7143dca8408a73233321fc7219358e48f2336bad0cb63f4e76f8988e77ecce,ca0178be9c5fd168509f48974d2b3e1bbc91b2ba4e8e9e320299fd98dcf765e8,0c9085a7366142fd489e5640b36c75720ff4acbc,discovery,0train,PASS,719,S03_0train_T144,3,2,left_hand,True,0.0,1.6475726382125763e-13,8.725362013357745e-10,5295.889122572309,True
1.0,ff7143dca8408a73233321fc7219358e48f2336bad0cb63f4e76f8988e77ecce,ca0178be9c5fd168509f48974d2b3e1bbc91b2ba4e8e9e320299fd98dcf765e8,0c9085a7366142fd489e5640b36c75720ff4acbc,discovery,0train,PASS,720,S03_0train_T145,3,3,right_hand,True,0.0,1.205411126136935e-13,5.45473785451208e-10,4525.209479352707,True
1.0,ff7143dca8408a73233321fc7219358e48f2336bad0cb63f4e76f8988e77ecce,ca0178be9c5fd168509f48974d2b3e1bbc91b2ba4e8e9e320299fd98dcf765e8,0c9085a7366142fd489e5640b36c75720ff4acbc,discovery,0train,PASS,721,S03_0train_T146,3,3,tongue,True,0.0,1.5747251209627073e-13,7.047527458180973e-10,4475.40168399198,True
1.0,ff7143dca8408a73233321fc7219358e48f2336bad0cb63f4e76f8988e77ecce,ca0178be9c5fd168509f48974d2b3e1bbc91b2ba4e8e9e320299fd98dcf765e8,0c9085a7366142fd489e5640b36c75720ff4acbc,discovery,0train,PASS,722,S03_0train_T147,3,3,left_hand,True,0.0,1.3508501948909543e-13,6.291324583902396e-10,4657.307381452652,True
1.0,ff7143dca8408a73233321fc7219358e48f2336bad0cb63f4e76f8988e77ecce,ca0178be9c5fd168509f48974d2b3e1bbc91b2ba4e8e9e320299fd98dcf765e8,0c9085a7366142fd489e5640b36c75720ff4acbc,discovery,0train,PASS,723,S03_0train_T148,3,3,feet,True,0.0,1.4396180866021602e-13,5.942612062272296e-10,4127.908726333294,True
1.0,ff7143dca8408a73233321fc7219358e48f2336bad0cb63f4e76f8988e77ecce,ca0178be9c5fd168509f48974d2b3e1bbc91b2ba4e8e9e320299fd98dcf765e8,0c9085a7366142fd489e5640b36c75720ff4acbc,discovery,0train,PASS,724,S03_0train_T149,3,3,feet,True,0.0,1.171247836675284e-13,5.357520207098809e-10,4574.198593447753,True
1.0,ff7143dca8408a73233321fc7219358e48f2336bad0cb63f4e76f8988e77ecce,ca0178be9c5fd168509f48974d2b3e1bbc91b2ba4e8e9e320299fd98dcf765e8,0c9085a7366142fd489e5640b36c75720ff4acbc,discovery,0train,PASS,725,S03_0train_T150,3,3,tongue,True,0.0,1.6203948879309342e-13,7.04182910605365e-10,4345.748779203624,True
1.0,ff7143dca8408a73233321fc7219358e48f2336bad0cb63f4e76f8988e77ecce,ca0178be9c5fd168509f48974d2b3e1bbc91b2ba4e8e9e320299fd98dcf765e8,0c9085a7366142fd489e5640b36c75720ff4acbc,discovery,0train,PASS,726,S03_0train_T151,3,3,left_hand,True,0.0,1.0894298062337795e-13,4.561157737132698e-10,4186.7385223292895,True
1.0,ff7143dca8408a73233321fc7219358e48f2336bad0cb63f4e76f8988e77ecce,ca0178be9c5fd168509f48974d2b3e1bbc91b2ba4e8e9e320299fd98dcf765e8,0c9085a7366142fd489e5640b36c75720ff4acbc,discovery,0train,PASS,727,S03_0train_T152,3,3,left_hand,True,0.0,1.2893540928136678e-13,5.571118463632861e-10,4320.859952036447,True
1.0,ff7143dca8408a73233321fc7219358e48f2336bad0cb63f4e76f8988e77ecce,ca0178be9c5fd168509f48974d2b3e1bbc91b2ba4e8e9e320299fd98dcf765e8,0c9085a7366142fd489e5640b36c75720ff4acbc,discovery,0train,PASS,728,S03_0train_T153,3,3,feet,True,0.0,1.354445884057317e-13,5.979240088642513e-10,4414.528597282433,True
1.0,ff7143dca8408a73233321fc7219358e48f2336bad0cb63f4e76f8988e77ecce,ca0178be9c5fd168509f48974d2b3e1bbc91b2ba4e8e9e320299fd98dcf765e8,0c9085a7366142fd489e5640b36c75720ff4acbc,discovery,0train,PASS,729,S03_0train_T154,3,3,right_hand,True,0.0,1.1956728120751004e-13,4.938045207861369e-10,4129.930159816337,True
1.0,ff7143dca8408a73233321fc7219358e48f2336bad0cb63f4e76f8988e77ecce,ca0178be9c5fd168509f48974d2b3e1bbc91b2ba4e8e9e320299fd98dcf765e8,0c9085a7366142fd489e5640b36c75720ff4acbc,discovery,0train,PASS,730,S03_0train_T155,3,3,tongue,True,0.0,1.3757631223382038e-13,6.074502379381944e-10,4415.369390813376,True
1.0,ff7143dca8408a73233321fc7219358e48f2336bad0cb63f4e76f8988e77ecce,ca0178be9c5fd168509f48974d2b3e1bbc91b2ba4e8e9e320299fd98dcf765e8,0c9085a7366142fd489e5640b36c75720ff4acbc,discovery,0train,PASS,731,S03_0train_T156,3,3,tongue,True,0.0,1.346226254973064e-13,6.422890060235687e-10,4771.033127982041,True
1.0,ff7143dca8408a73233321fc7219358e48f2336bad0cb63f4e76f8988e77ecce,ca0178be9c5fd168509f48974d2b3e1bbc91b2ba4e8e9e320299fd98dcf765e8,0c9085a7366142fd489e5640b36c75720ff4acbc,discovery,0train,PASS,732,S03_0train_T157,3,3,tongue,True,0.0,1.7168845834095536e-13,7.570935499326768e-10,4409.693914480658,True
1.0,ff7143dca8408a73233321fc7219358e48f2336bad0cb63f4e76f8988e77ecce,ca0178be9c5fd168509f48974d2b3e1bbc91b2ba4e8e9e320299fd98dcf765e8,0c9085a7366142fd489e5640b36c75720ff4acbc,discovery,0train,PASS,733,S03_0train_T158,3,3,right_hand,True,0.0,1.6338671142813273e-13,7.84120306762057e-10,4799.168181476987,True
1.0,ff7143dca8408a73233321fc7219358e48f2336bad0cb63f4e76f8988e77ecce,ca0178be9c5fd168509f48974d2b3e1bbc91b2ba4e8e9e320299fd98dcf765e8,0c9085a7366142fd489e5640b36c75720ff4acbc,discovery,0train,PASS,734,S03_0train_T159,3,3,left_hand,True,0.0,1.3770853789956793e-13,6.049890529854676e-10,4393.257398656658,True
1.0,ff7143dca8408a73233321fc7219358e48f2336bad0cb63f4e76f8988e77ecce,ca0178be9c5fd168509f48974d2b3e1bbc91b2ba4e8e9e320299fd98dcf765e8,0c9085a7366142fd489e5640b36c75720ff4acbc,discovery,0train,PASS,735,S03_0train_T160,3,3,feet,True,0.0,1.4515480393921526e-13,7.725426748063491e-10,5322.1984656453915,True
1.0,ff7143dca8408a73233321fc7219358e48f2336bad0cb63f4e76f8988e77ecce,ca0178be9c5fd168509f48974d2b3e1bbc91b2ba4e8e9e320299fd98dcf765e8,0c9085a7366142fd489e5640b36c75720ff4acbc,discovery,0train,PASS,736,S03_0train_T161,3,3,right_hand,True,0.0,1.2392062280713657e-13,7.250921169292851e-10,5851.262691422877,True
1.0,ff7143dca8408a73233321fc7219358e48f2336bad0cb63f4e76f8988e77ecce,ca0178be9c5fd168509f48974d2b3e1bbc91b2ba4e8e9e320299fd98dcf765e8,0c9085a7366142fd489e5640b36c75720ff4acbc,discovery,0train,PASS,737,S03_0train_T162,3,3,tongue,True,0.0,1.369952923434679e-13,6.718816404501488e-10,4904.414078446141,True
1.0,ff7143dca8408a73233321fc7219358e48f2336bad0cb63f4e76f8988e77ecce,ca0178be9c5fd168509f48974d2b3e1bbc91b2ba4e8e9e320299fd98dcf765e8,0c9085a7366142fd489e5640b36c75720ff4acbc,discovery,0train,PASS,738,S03_0train_T163,3,3,left_hand,True,0.0,1.1680746880411324e-13,6.257897701095103e-10,5357.446544441119,True
1.0,ff7143dca8408a73233321fc7219358e48f2336bad0cb63f4e76f8988e77ecce,ca0178be9c5fd168509f48974d2b3e1bbc91b2ba4e8e9e320299fd98dcf765e8,0c9085a7366142fd489e5640b36c75720ff4acbc,discovery,0train,PASS,739,S03_0train_T164,3,3,tongue,True,0.0,1.7948147310801855e-13,9.538325553973297e-10,5314.378909868196,True
1.0,ff7143dca8408a73233321fc7219358e48f2336bad0cb63f4e76f8988e77ecce,ca0178be9c5fd168509f48974d2b3e1bbc91b2ba4e8e9e320299fd98dcf765e8,0c9085a7366142fd489e5640b36c75720ff4acbc,discovery,0train,PASS,740,S03_0train_T165,3,3,feet,True,0.0,1.680525381022612e-13,9.043912206597521e-10,5381.598105405724,True
1.0,ff7143dca8408a73233321fc7219358e48f2336bad0cb63f4e76f8988e77ecce,ca0178be9c5fd168509f48974d2b3e1bbc91b2ba4e8e9e320299fd98dcf765e8,0c9085a7366142fd489e5640b36c75720ff4acbc,discovery,0train,PASS,741,S03_0train_T166,3,3,right_hand,True,0.0,1.224421825189688e-13,5.442607662342677e-10,4445.042999376057,True
1.0,ff7143dca8408a73233321fc7219358e48f2336bad0cb63f4e76f8988e77ecce,ca0178be9c5fd168509f48974d2b3e1bbc91b2ba4e8e9e320299fd98dcf765e8,0c9085a7366142fd489e5640b36c75720ff4acbc,discovery,0train,PASS,742,S03_0train_T167,3,3,tongue,True,0.0,1.5267201295822663e-13,6.392144698360805e-10,4186.847723105473,True
1.0,ff7143dca8408a73233321fc7219358e48f2336bad0cb63f4e76f8988e77ecce,ca0178be9c5fd168509f48974d2b3e1bbc91b2ba4e8e9e320299fd98dcf765e8,0c9085a7366142fd489e5640b36c75720ff4acbc,discovery,0train,PASS,743,S03_0train_T168,3,3,tongue,True,0.0,1.7051749611903243e-13,9.091898020415206e-10,5331.944361925455,True
1.0,ff7143dca8408a73233321fc7219358e48f2336bad0cb63f4e76f8988e77ecce,ca0178be9c5fd168509f48974d2b3e1bbc91b2ba4e8e9e320299fd98dcf765e8,0c9085a7366142fd489e5640b36c75720ff4acbc,discovery,0train,PASS,744,S03_0train_T169,3,3,left_hand,True,0.0,1.6123555795632503e-13,8.16753167733632e-10,5065.589613643855,True
1.0,ff7143dca8408a73233321fc7219358e48f2336bad0cb63f4e76f8988e77ecce,ca0178be9c5fd168509f48974d2b3e1bbc91b2ba4e8e9e320299fd98dcf765e8,0c9085a7366142fd489e5640b36c75720ff4acbc,discovery,0train,PASS,745,S03_0train_T170,3,3,right_hand,True,0.0,1.6917067672333118e-13,7.730257290109515e-10,4569.501901769833,True
1.0,ff7143dca8408a73233321fc7219358e48f2336bad0cb63f4e76f8988e77ecce,ca0178be9c5fd168509f48974d2b3e1bbc91b2ba4e8e9e320299fd98dcf765e8,0c9085a7366142fd489e5640b36c75720ff4acbc,discovery,0train,PASS,746,S03_0train_T171,3,3,right_hand,True,0.0,1.902196979118049e-13,8.998707015590354e-10,4730.691465908327,True
1.0,ff7143dca8408a73233321fc7219358e48f2336bad0cb63f4e76f8988e77ecce,ca0178be9c5fd168509f48974d2b3e1bbc91b2ba4e8e9e320299fd98dcf765e8,0c9085a7366142fd489e5640b36c75720ff4acbc,discovery,0train,PASS,747,S03_0train_T172,3,3,feet,True,0.0,1.4969277297936962e-13,6.128955459847336e-10,4094.3562857854317,True
1.0,ff7143dca8408a73233321fc7219358e48f2336bad0cb63f4e76f8988e77ecce,ca0178be9c5fd168509f48974d2b3e1bbc91b2ba4e8e9e320299fd98dcf765e8,0c9085a7366142fd489e5640b36c75720ff4acbc,discovery,0train,PASS,748,S03_0train_T173,3,3,tongue,True,0.0,2.7611769299091747e-13,1.7663258536065438e-09,6397.003518585261,True
1.0,ff7143dca8408a73233321fc7219358e48f2336bad0cb63f4e76f8988e77ecce,ca0178be9c5fd168509f48974d2b3e1bbc91b2ba4e8e9e320299fd98dcf765e8,0c9085a7366142fd489e5640b36c75720ff4acbc,discovery,0train,PASS,749,S03_0train_T174,3,3,right_hand,True,0.0,1.4451152908643187e-13,6.790631780097321e-10,4699.024239122034,True
1.0,ff7143dca8408a73233321fc7219358e48f2336bad0cb63f4e76f8988e77ecce,ca0178be9c5fd168509f48974d2b3e1bbc91b2ba4e8e9e320299fd98dcf765e8,0c9085a7366142fd489e5640b36c75720ff4acbc,discovery,0train,PASS,750,S03_0train_T175,3,3,left_hand,True,0.0,1.434288298879576e-13,7.657011256861611e-10,5338.544045045229,True
1.0,ff7143dca8408a73233321fc7219358e48f2336bad0cb63f4e76f8988e77ecce,ca0178be9c5fd168509f48974d2b3e1bbc91b2ba4e8e9e320299fd98dcf765e8,0c9085a7366142fd489e5640b36c75720ff4acbc,discovery,0train,PASS,751,S03_0train_T176,3,3,left_hand,True,0.0,1.1437503452326228e-13,5.630457456864319e-10,4922.802847958191,True
1.0,ff7143dca8408a73233321fc7219358e48f2336bad0cb63f4e76f8988e77ecce,ca0178be9c5fd168509f48974d2b3e1bbc91b2ba4e8e9e320299fd98dcf765e8,0c9085a7366142fd489e5640b36c75720ff4acbc,discovery,0train,PASS,752,S03_0train_T177,3,3,tongue,True,0.0,1.9636152486126204e-13,1.1107793807429834e-09,5656.807674150002,True
1.0,ff7143dca8408a73233321fc7219358e48f2336bad0cb63f4e76f8988e77ecce,ca0178be9c5fd168509f48974d2b3e1bbc91b2ba4e8e9e320299fd98dcf765e8,0c9085a7366142fd489e5640b36c75720ff4acbc,discovery,0train,PASS,753,S03_0train_T178,3,3,right_hand,True,0.0,1.710402093126661e-13,9.160846339119033e-10,5355.960669092003,True
1.0,ff7143dca8408a73233321fc7219358e48f2336bad0cb63f4e76f8988e77ecce,ca0178be9c5fd168509f48974d2b3e1bbc91b2ba4e8e9e320299fd98dcf765e8,0c9085a7366142fd489e5640b36c75720ff4acbc,discovery,0train,PASS,754,S03_0train_T179,3,3,left_hand,True,0.0,1.5830361367035372e-13,6.928102937396755e-10,4376.465436742089,True
1.0,ff7143dca8408a73233321fc7219358e48f2336bad0cb63f4e76f8988e77ecce,ca0178be9c5fd168509f48974d2b3e1bbc91b2ba4e8e9e320299fd98dcf765e8,0c9085a7366142fd489e5640b36c75720ff4acbc,discovery,0train,PASS,755,S03_0train_T180,3,3,feet,True,0.0,1.9456490897359818e-13,1.0667273365138808e-09,5482.629638310741,True
1.0,ff7143dca8408a73233321fc7219358e48f2336bad0cb63f4e76f8988e77ecce,ca0178be9c5fd168509f48974d2b3e1bbc91b2ba4e8e9e320299fd98dcf765e8,0c9085a7366142fd489e5640b36c75720ff4acbc,discovery,0train,PASS,756,S03_0train_T181,3,3,right_hand,True,0.0,1.8070441887055575e-13,1.1171832838416164e-09,6182.379439441876,True
1.0,ff7143dca8408a73233321fc7219358e48f2336bad0cb63f4e76f8988e77ecce,ca0178be9c5fd168509f48974d2b3e1bbc91b2ba4e8e9e320299fd98dcf765e8,0c9085a7366142fd489e5640b36c75720ff4acbc,discovery,0train,PASS,757,S03_0train_T182,3,3,right_hand,True,0.0,1.4410193926251612e-13,7.78355761227439e-10,5401.424611014276,True
1.0,ff7143dca8408a73233321fc7219358e48f2336bad0cb63f4e76f8988e77ecce,ca0178be9c5fd168509f48974d2b3e1bbc91b2ba4e8e9e320299fd98dcf765e8,0c9085a7366142fd489e5640b36c75720ff4acbc,discovery,0train,PASS,758,S03_0train_T183,3,3,feet,True,0.0,1.482454789248093e-13,7.124762921344562e-10,4806.057475087163,True
1.0,ff7143dca8408a73233321fc7219358e48f2336bad0cb63f4e76f8988e77ecce,ca0178be9c5fd168509f48974d2b3e1bbc91b2ba4e8e9e320299fd98dcf765e8,0c9085a7366142fd489e5640b36c75720ff4acbc,discovery,0train,PASS,759,S03_0train_T184,3,3,left_hand,True,0.0,1.2610634256888362e-13,5.648161488268212e-10,4478.887717469875,True
1.0,ff7143dca8408a73233321fc7219358e48f2336bad0cb63f4e76f8988e77ecce,ca0178be9c5fd168509f48974d2b3e1bbc91b2ba4e8e9e320299fd98dcf765e8,0c9085a7366142fd489e5640b36c75720ff4acbc,discovery,0train,PASS,760,S03_0train_T185,3,3,tongue,True,0.0,2.2810977233224927e-13,1.1250273660441579e-09,4931.9560251260045,True
1.0,ff7143dca8408a73233321fc7219358e48f2336bad0cb63f4e76f8988e77ecce,ca0178be9c5fd168509f48974d2b3e1bbc91b2ba4e8e9e320299fd98dcf765e8,0c9085a7366142fd489e5640b36c75720ff4acbc,discovery,0train,PASS,761,S03_0train_T186,3,3,feet,True,0.0,1.5241915497067967e-13,6.968965688853575e-10,4572.237452828137,True
1.0,ff7143dca8408a73233321fc7219358e48f2336bad0cb63f4e76f8988e77ecce,ca0178be9c5fd168509f48974d2b3e1bbc91b2ba4e8e9e320299fd98dcf765e8,0c9085a7366142fd489e5640b36c75720ff4acbc,discovery,0train,PASS,762,S03_0train_T187,3,3,feet,True,0.0,2.0607215495670723e-13,1.2176983015585366e-09,5909.087046788817,True
1.0,ff7143dca8408a73233321fc7219358e48f2336bad0cb63f4e76f8988e77ecce,ca0178be9c5fd168509f48974d2b3e1bbc91b2ba4e8e9e320299fd98dcf765e8,0c9085a7366142fd489e5640b36c75720ff4acbc,discovery,0train,PASS,763,S03_0train_T188,3,3,feet,True,0.0,1.3442703790136048e-13,7.575042800988832e-10,5635.058928061204,True
1.0,ff7143dca8408a73233321fc7219358e48f2336bad0cb63f4e76f8988e77ecce,ca0178be9c5fd168509f48974d2b3e1bbc91b2ba4e8e9e320299fd98dcf765e8,0c9085a7366142fd489e5640b36c75720ff4acbc,discovery,0train,PASS,764,S03_0train_T189,3,3,feet,True,0.0,1.6877985890333566e-13,7.528901909551803e-10,4460.782203795886,True
1.0,ff7143dca8408a73233321fc7219358e48f2336bad0cb63f4e76f8988e77ecce,ca0178be9c5fd168509f48974d2b3e1bbc91b2ba4e8e9e320299fd98dcf765e8,0c9085a7366142fd489e5640b36c75720ff4acbc,discovery,0train,PASS,765,S03_0train_T190,3,3,left_hand,True,0.0,1.3708051198950074e-13,7.662171836975734e-10,5589.541303699386,True
1.0,ff7143dca8408a73233321fc7219358e48f2336bad0cb63f4e76f8988e77ecce,ca0178be9c5fd168509f48974d2b3e1bbc91b2ba4e8e9e320299fd98dcf765e8,0c9085a7366142fd489e5640b36c75720ff4acbc,discovery,0train,PASS,766,S03_0train_T191,3,3,right_hand,True,0.0,1.4802478227651748e-13,7.350397033658255e-10,4965.652994460993,True
1.0,ff7143dca8408a73233321fc7219358e48f2336bad0cb63f4e76f8988e77ecce,ca0178be9c5fd168509f48974d2b3e1bbc91b2ba4e8e9e320299fd98dcf765e8,0c9085a7366142fd489e5640b36c75720ff4acbc,discovery,0train,PASS,767,S03_0train_T192,3,3,left_hand,True,0.0,1.545656940308857e-13,7.228609558028805e-10,4676.723126274298,True
1.0,ff7143dca8408a73233321fc7219358e48f2336bad0cb63f4e76f8988e77ecce,ca0178be9c5fd168509f48974d2b3e1bbc91b2ba4e8e9e320299fd98dcf765e8,0c9085a7366142fd489e5640b36c75720ff4acbc,discovery,0train,PASS,768,S03_0train_T193,3,4,right_hand,True,0.0,1.0159493766936284e-13,4.290084858940065e-10,4222.734869823923,True
1.0,ff7143dca8408a73233321fc7219358e48f2336bad0cb63f4e76f8988e77ecce,ca0178be9c5fd168509f48974d2b3e1bbc91b2ba4e8e9e320299fd98dcf765e8,0c9085a7366142fd489e5640b36c75720ff4acbc,discovery,0train,PASS,769,S03_0train_T194,3,4,left_hand,True,0.0,1.0363438769851098e-13,4.649722852377479e-10,4486.660225083075,True
1.0,ff7143dca8408a73233321fc7219358e48f2336bad0cb63f4e76f8988e77ecce,ca0178be9c5fd168509f48974d2b3e1bbc91b2ba4e8e9e320299fd98dcf765e8,0c9085a7366142fd489e5640b36c75720ff4acbc,discovery,0train,PASS,770,S03_0train_T195,3,4,left_hand,True,0.0,9.954264935914089e-14,4.751101951101302e-10,4772.930981533106,True
1.0,ff7143dca8408a73233321fc7219358e48f2336bad0cb63f4e76f8988e77ecce,ca0178be9c5fd168509f48974d2b3e1bbc91b2ba4e8e9e320299fd98dcf765e8,0c9085a7366142fd489e5640b36c75720ff4acbc,discovery,0train,PASS,771,S03_0train_T196,3,4,feet,True,0.0,1.3345020867775066e-13,5.783007552225597e-10,4333.457106979978,True
1.0,ff7143dca8408a73233321fc7219358e48f2336bad0cb63f4e76f8988e77ecce,ca0178be9c5fd168509f48974d2b3e1bbc91b2ba4e8e9e320299fd98dcf765e8,0c9085a7366142fd489e5640b36c75720ff4acbc,discovery,0train,PASS,772,S03_0train_T197,3,4,feet,True,0.0,1.5010974997964465e-13,8.56015509383469e-10,5702.597662707101,True
1.0,ff7143dca8408a73233321fc7219358e48f2336bad0cb63f4e76f8988e77ecce,ca0178be9c5fd168509f48974d2b3e1bbc91b2ba4e8e9e320299fd98dcf765e8,0c9085a7366142fd489e5640b36c75720ff4acbc,discovery,0train,PASS,773,S03_0train_T198,3,4,right_hand,True,0.0,1.307193121436673e-13,6.106009268881257e-10,4671.084301736867,True
1.0,ff7143dca8408a73233321fc7219358e48f2336bad0cb63f4e76f8988e77ecce,ca0178be9c5fd168509f48974d2b3e1bbc91b2ba4e8e9e320299fd98dcf765e8,0c9085a7366142fd489e5640b36c75720ff4acbc,discovery,0train,PASS,774,S03_0train_T199,3,4,feet,True,0.0,1.3157724548494563e-13,5.788325351578164e-10,4399.18416763059,True
1.0,ff7143dca8408a73233321fc7219358e48f2336bad0cb63f4e76f8988e77ecce,ca0178be9c5fd168509f48974d2b3e1bbc91b2ba4e8e9e320299fd98dcf765e8,0c9085a7366142fd489e5640b36c75720ff4acbc,discovery,0train,PASS,775,S03_0train_T200,3,4,tongue,True,0.0,1.7045642790758725e-13,8.268844343957648e-10,4851.00177532794,True
1.0,ff7143dca8408a73233321fc7219358e48f2336bad0cb63f4e76f8988e77ecce,ca0178be9c5fd168509f48974d2b3e1bbc91b2ba4e8e9e320299fd98dcf765e8,0c9085a7366142fd489e5640b36c75720ff4acbc,discovery,0train,PASS,776,S03_0train_T201,3,4,left_hand,True,0.0,1.200290426853136e-13,5.72895620388111e-10,4772.975003142375,True
1.0,ff7143dca8408a73233321fc7219358e48f2336bad0cb63f4e76f8988e77ecce,ca0178be9c5fd168509f48974d2b3e1bbc91b2ba4e8e9e320299fd98dcf765e8,0c9085a7366142fd489e5640b36c75720ff4acbc,discovery,0train,PASS,777,S03_0train_T202,3,4,tongue,True,0.0,1.84163754477975e-13,8.898756767714087e-10,4831.980534355544,True
1.0,ff7143dca8408a73233321fc7219358e48f2336bad0cb63f4e76f8988e77ecce,ca0178be9c5fd168509f48974d2b3e1bbc91b2ba4e8e9e320299fd98dcf765e8,0c9085a7366142fd489e5640b36c75720ff4acbc,discovery,0train,PASS,778,S03_0train_T203,3,4,left_hand,True,0.0,1.4958748973147955e-13,7.167345656931662e-10,4791.407135581705,True
1.0,ff7143dca8408a73233321fc7219358e48f2336bad0cb63f4e76f8988e77ecce,ca0178be9c5fd168509f48974d2b3e1bbc91b2ba4e8e9e320299fd98dcf765e8,0c9085a7366142fd489e5640b36c75720ff4acbc,discovery,0train,PASS,779,S03_0train_T204,3,4,left_hand,True,0.0,1.3154667391901704e-13,6.69966860736474e-10,5092.997342896864,True
1.0,ff7143dca8408a73233321fc7219358e48f2336bad0cb63f4e76f8988e77ecce,ca0178be9c5fd168509f48974d2b3e1bbc91b2ba4e8e9e320299fd98dcf765e8,0c9085a7366142fd489e5640b36c75720ff4acbc,discovery,0train,PASS,780,S03_0train_T205,3,4,right_hand,True,0.0,1.271513927924679e-13,6.141867139859788e-10,4830.357737318954,True
1.0,ff7143dca8408a73233321fc7219358e48f2336bad0cb63f4e76f8988e77ecce,ca0178be9c5fd168509f48974d2b3e1bbc91b2ba4e8e9e320299fd98dcf765e8,0c9085a7366142fd489e5640b36c75720ff4acbc,discovery,0train,PASS,781,S03_0train_T206,3,4,tongue,True,0.0,1.8011151170506827e-13,8.793938980615375e-10,4882.496902816189,True
1.0,ff7143dca8408a73233321fc7219358e48f2336bad0cb63f4e76f8988e77ecce,ca0178be9c5fd168509f48974d2b3e1bbc91b2ba4e8e9e320299fd98dcf765e8,0c9085a7366142fd489e5640b36c75720ff4acbc,discovery,0train,PASS,782,S03_0train_T207,3,4,feet,True,0.0,2.2179761941668113e-13,1.4636168919899742e-09,6598.884586043926,True
1.0,ff7143dca8408a73233321fc7219358e48f2336bad0cb63f4e76f8988e77ecce,ca0178be9c5fd168509f48974d2b3e1bbc91b2ba4e8e9e320299fd98dcf765e8,0c9085a7366142fd489e5640b36c75720ff4acbc,discovery,0train,PASS,783,S03_0train_T208,3,4,right_hand,True,0.0,1.4065121203155011e-13,7.048991978616528e-10,5011.682357230833,True
1.0,ff7143dca8408a73233321fc7219358e48f2336bad0cb63f4e76f8988e77ecce,ca0178be9c5fd168509f48974d2b3e1bbc91b2ba4e8e9e320299fd98dcf765e8,0c9085a7366142fd489e5640b36c75720ff4acbc,discovery,0train,PASS,784,S03_0train_T209,3,4,tongue,True,0.0,2.5917259259885073e-13,1.8511709666329058e-09,7142.618546468615,True
1.0,ff7143dca8408a73233321fc7219358e48f2336bad0cb63f4e76f8988e77ecce,ca0178be9c5fd168509f48974d2b3e1bbc91b2ba4e8e9e320299fd98dcf765e8,0c9085a7366142fd489e5640b36c75720ff4acbc,discovery,0train,PASS,785,S03_0train_T210,3,4,feet,True,0.0,2.0515735468429136e-13,1.0823139244090532e-09,5275.5307070252675,True
1.0,ff7143dca8408a73233321fc7219358e48f2336bad0cb63f4e76f8988e77ecce,ca0178be9c5fd168509f48974d2b3e1bbc91b2ba4e8e9e320299fd98dcf765e8,0c9085a7366142fd489e5640b36c75720ff4acbc,discovery,0train,PASS,786,S03_0train_T211,3,4,tongue,True,0.0,1.6303174726171063e-13,8.99395306162881e-10,5516.688137550934,True
1.0,ff7143dca8408a73233321fc7219358e48f2336bad0cb63f4e76f8988e77ecce,ca0178be9c5fd168509f48974d2b3e1bbc91b2ba4e8e9e320299fd98dcf765e8,0c9085a7366142fd489e5640b36c75720ff4acbc,discovery,0train,PASS,787,S03_0train_T212,3,4,feet,True,0.0,2.2254345148636662e-13,1.175236035602273e-09,5280.928410846859,True
1.0,ff7143dca8408a73233321fc7219358e48f2336bad0cb63f4e76f8988e77ecce,ca0178be9c5fd168509f48974d2b3e1bbc91b2ba4e8e9e320299fd98dcf765e8,0c9085a7366142fd489e5640b36c75720ff4acbc,discovery,0train,PASS,788,S03_0train_T213,3,4,tongue,True,0.0,1.6629309714256237e-13,9.200605884894608e-10,5532.76476473763,True
1.0,ff7143dca8408a73233321fc7219358e48f2336bad0cb63f4e76f8988e77ecce,ca0178be9c5fd168509f48974d2b3e1bbc91b2ba4e8e9e320299fd98dcf765e8,0c9085a7366142fd489e5640b36c75720ff4acbc,discovery,0train,PASS,789,S03_0train_T214,3,4,right_hand,True,0.0,1.4271389024422406e-13,7.741577179713819e-10,5424.543586097876,True
1.0,ff7143dca8408a73233321fc7219358e48f2336bad0cb63f4e76f8988e77ecce,ca0178be9c5fd168509f48974d2b3e1bbc91b2ba4e8e9e320299fd98dcf765e8,0c9085a7366142fd489e5640b36c75720ff4acbc,discovery,0train,PASS,790,S03_0train_T215,3,4,right_hand,True,0.0,1.8403619721652905e-13,9.75841481423011e-10,5302.443194231393,True
1.0,ff7143dca8408a73233321fc7219358e48f2336bad0cb63f4e76f8988e77ecce,ca0178be9c5fd168509f48974d2b3e1bbc91b2ba4e8e9e320299fd98dcf765e8,0c9085a7366142fd489e5640b36c75720ff4acbc,discovery,0train,PASS,791,S03_0train_T216,3,4,tongue,True,0.0,2.321393967048805e-13,1.2435695202398985e-09,5356.994710470675,True
1.0,ff7143dca8408a73233321fc7219358e48f2336bad0cb63f4e76f8988e77ecce,ca0178be9c5fd168509f48974d2b3e1bbc91b2ba4e8e9e320299fd98dcf765e8,0c9085a7366142fd489e5640b36c75720ff4acbc,discovery,0train,PASS,792,S03_0train_T217,3,4,left_hand,True,0.0,1.5874279490918459e-13,7.735787840347654e-10,4873.158397376859,True
1.0,ff7143dca8408a73233321fc7219358e48f2336bad0cb63f4e76f8988e77ecce,ca0178be9c5fd168509f48974d2b3e1bbc91b2ba4e8e9e320299fd98dcf765e8,0c9085a7366142fd489e5640b36c75720ff4acbc,discovery,0train,PASS,793,S03_0train_T218,3,4,right_hand,True,0.0,1.587255052233255e-13,8.954740408900968e-10,5641.651854439979,True
1.0,ff7143dca8408a73233321fc7219358e48f2336bad0cb63f4e76f8988e77ecce,ca0178be9c5fd168509f48974d2b3e1bbc91b2ba4e8e9e320299fd98dcf765e8,0c9085a7366142fd489e5640b36c75720ff4acbc,discovery,0train,PASS,794,S03_0train_T219,3,4,right_hand,True,0.0,2.0492920086127925e-13,1.1541491357551147e-09,5631.940840565624,True
1.0,ff7143dca8408a73233321fc7219358e48f2336bad0cb63f4e76f8988e77ecce,ca0178be9c5fd168509f48974d2b3e1bbc91b2ba4e8e9e320299fd98dcf765e8,0c9085a7366142fd489e5640b36c75720ff4acbc,discovery,0train,PASS,795,S03_0train_T220,3,4,right_hand,True,0.0,2.0366939741287983e-13,1.1274062695300407e-09,5535.472112408503,True
1.0,ff7143dca8408a73233321fc7219358e48f2336bad0cb63f4e76f8988e77ecce,ca0178be9c5fd168509f48974d2b3e1bbc91b2ba4e8e9e320299fd98dcf765e8,0c9085a7366142fd489e5640b36c75720ff4acbc,discovery,0train,PASS,796,S03_0train_T221,3,4,feet,True,0.0,1.9663799299067678e-13,1.216037401556172e-09,6184.142662673678,True
1.0,ff7143dca8408a73233321fc7219358e48f2336bad0cb63f4e76f8988e77ecce,ca0178be9c5fd168509f48974d2b3e1bbc91b2ba4e8e9e320299fd98dcf765e8,0c9085a7366142fd489e5640b36c75720ff4acbc,discovery,0train,PASS,797,S03_0train_T222,3,4,tongue,True,0.0,2.2296862779649845e-13,1.3889301840405482e-09,6229.262823953031,True
1.0,ff7143dca8408a73233321fc7219358e48f2336bad0cb63f4e76f8988e77ecce,ca0178be9c5fd168509f48974d2b3e1bbc91b2ba4e8e9e320299fd98dcf765e8,0c9085a7366142fd489e5640b36c75720ff4acbc,discovery,0train,PASS,798,S03_0train_T223,3,4,left_hand,True,0.0,1.7497460925090584e-13,9.168275463686209e-10,5239.774789574931,True
1.0,ff7143dca8408a73233321fc7219358e48f2336bad0cb63f4e76f8988e77ecce,ca0178be9c5fd168509f48974d2b3e1bbc91b2ba4e8e9e320299fd98dcf765e8,0c9085a7366142fd489e5640b36c75720ff4acbc,discovery,0train,PASS,799,S03_0train_T224,3,4,tongue,True,0.0,2.1391114604476191e-13,1.2670669984752378e-09,5923.333224581473,True
1.0,ff7143dca8408a73233321fc7219358e48f2336bad0cb63f4e76f8988e77ecce,ca0178be9c5fd168509f48974d2b3e1bbc91b2ba4e8e9e320299fd98dcf765e8,0c9085a7366142fd489e5640b36c75720ff4acbc,discovery,0train,PASS,800,S03_0train_T225,3,4,left_hand,True,0.0,2.0063535018950015e-13,1.2873297299970587e-09,6416.2657716158965,True
1.0,ff7143dca8408a73233321fc7219358e48f2336bad0cb63f4e76f8988e77ecce,ca0178be9c5fd168509f48974d2b3e1bbc91b2ba4e8e9e320299fd98dcf765e8,0c9085a7366142fd489e5640b36c75720ff4acbc,discovery,0train,PASS,801,S03_0train_T226,3,4,feet,True,0.0,2.347182490373853e-13,1.769638746185682e-09,7539.416953914898,True
1.0,ff7143dca8408a73233321fc7219358e48f2336bad0cb63f4e76f8988e77ecce,ca0178be9c5fd168509f48974d2b3e1bbc91b2ba4e8e9e320299fd98dcf765e8,0c9085a7366142fd489e5640b36c75720ff4acbc,discovery,0train,PASS,802,S03_0train_T227,3,4,left_hand,True,0.0,1.5350866436610748e-13,8.665976093925522e-10,5645.2683825440445,True
1.0,ff7143dca8408a73233321fc7219358e48f2336bad0cb63f4e76f8988e77ecce,ca0178be9c5fd168509f48974d2b3e1bbc91b2ba4e8e9e320299fd98dcf765e8,0c9085a7366142fd489e5640b36c75720ff4acbc,discovery,0train,PASS,803,S03_0train_T228,3,4,tongue,True,0.0,1.7287673022499334e-13,9.174582811283883e-10,5307.008525290516,True
1.0,ff7143dca8408a73233321fc7219358e48f2336bad0cb63f4e76f8988e77ecce,ca0178be9c5fd168509f48974d2b3e1bbc91b2ba4e8e9e320299fd98dcf765e8,0c9085a7366142fd489e5640b36c75720ff4acbc,discovery,0train,PASS,804,S03_0train_T229,3,4,left_hand,True,0.0,1.619030563625068e-13,8.702762507811217e-10,5375.292291163063,True
1.0,ff7143dca8408a73233321fc7219358e48f2336bad0cb63f4e76f8988e77ecce,ca0178be9c5fd168509f48974d2b3e1bbc91b2ba4e8e9e320299fd98dcf765e8,0c9085a7366142fd489e5640b36c75720ff4acbc,discovery,0train,PASS,805,S03_0train_T230,3,4,feet,True,0.0,2.0652342554090586e-13,1.0182220081350887e-09,4930.297884940954,True
1.0,ff7143dca8408a73233321fc7219358e48f2336bad0cb63f4e76f8988e77ecce,ca0178be9c5fd168509f48974d2b3e1bbc91b2ba4e8e9e320299fd98dcf765e8,0c9085a7366142fd489e5640b36c75720ff4acbc,discovery,0train,PASS,806,S03_0train_T231,3,4,left_hand,True,0.0,1.8211107708507e-13,1.0731824635767106e-09,5893.010358043142,True
1.0,ff7143dca8408a73233321fc7219358e48f2336bad0cb63f4e76f8988e77ecce,ca0178be9c5fd168509f48974d2b3e1bbc91b2ba4e8e9e320299fd98dcf765e8,0c9085a7366142fd489e5640b36c75720ff4acbc,discovery,0train,PASS,807,S03_0train_T232,3,4,right_hand,True,0.0,1.7832146643638045e-13,1.1059542023161127e-09,6202.0250529438235,True
1.0,ff7143dca8408a73233321fc7219358e48f2336bad0cb63f4e76f8988e77ecce,ca0178be9c5fd168509f48974d2b3e1bbc91b2ba4e8e9e320299fd98dcf765e8,0c9085a7366142fd489e5640b36c75720ff4acbc,discovery,0train,PASS,808,S03_0train_T233,3,4,feet,True,0.0,2.0953545912508878e-13,1.3227933781389585e-09,6312.98102794752,True
1.0,ff7143dca8408a73233321fc7219358e48f2336bad0cb63f4e76f8988e77ecce,ca0178be9c5fd168509f48974d2b3e1bbc91b2ba4e8e9e320299fd98dcf765e8,0c9085a7366142fd489e5640b36c75720ff4acbc,discovery,0train,PASS,809,S03_0train_T234,3,4,feet,True,0.0,1.494416579343989e-13,7.992312129572891e-10,5348.11527123268,True
1.0,ff7143dca8408a73233321fc7219358e48f2336bad0cb63f4e76f8988e77ecce,ca0178be9c5fd168509f48974d2b3e1bbc91b2ba4e8e9e320299fd98dcf765e8,0c9085a7366142fd489e5640b36c75720ff4acbc,discovery,0train,PASS,810,S03_0train_T235,3,4,tongue,True,0.0,1.7028247054917447e-13,9.476999700012747e-10,5565.458188061679,True
1.0,ff7143dca8408a73233321fc7219358e48f2336bad0cb63f4e76f8988e77ecce,ca0178be9c5fd168509f48974d2b3e1bbc91b2ba4e8e9e320299fd98dcf765e8,0c9085a7366142fd489e5640b36c75720ff4acbc,discovery,0train,PASS,811,S03_0train_T236,3,4,left_hand,True,0.0,1.6580512316139534e-13,1.0421701252863794e-09,6285.512205023527,True
1.0,ff7143dca8408a73233321fc7219358e48f2336bad0cb63f4e76f8988e77ecce,ca0178be9c5fd168509f48974d2b3e1bbc91b2ba4e8e9e320299fd98dcf765e8,0c9085a7366142fd489e5640b36c75720ff4acbc,discovery,0train,PASS,812,S03_0train_T237,3,4,right_hand,True,0.0,1.6643060466212895e-13,9.116898235536153e-10,5477.897682367005,True
1.0,ff7143dca8408a73233321fc7219358e48f2336bad0cb63f4e76f8988e77ecce,ca0178be9c5fd168509f48974d2b3e1bbc91b2ba4e8e9e320299fd98dcf765e8,0c9085a7366142fd489e5640b36c75720ff4acbc,discovery,0train,PASS,813,S03_0train_T238,3,4,tongue,True,0.0,2.3906094735968047e-13,1.4652803315879218e-09,6129.31701213133,True
1.0,ff7143dca8408a73233321fc7219358e48f2336bad0cb63f4e76f8988e77ecce,ca0178be9c5fd168509f48974d2b3e1bbc91b2ba4e8e9e320299fd98dcf765e8,0c9085a7366142fd489e5640b36c75720ff4acbc,discovery,0train,PASS,814,S03_0train_T239,3,4,right_hand,True,0.0,2.0616168074482788e-13,1.1356924506529555e-09,5508.746565074011,True
1.0,ff7143dca8408a73233321fc7219358e48f2336bad0cb63f4e76f8988e77ecce,ca0178be9c5fd168509f48974d2b3e1bbc91b2ba4e8e9e320299fd98dcf765e8,0c9085a7366142fd489e5640b36c75720ff4acbc,discovery,0train,PASS,815,S03_0train_T240,3,4,feet,True,0.0,1.7555433625093145e-13,9.444913772288728e-10,5380.051540731234,True
1.0,ff7143dca8408a73233321fc7219358e48f2336bad0cb63f4e76f8988e77ecce,ca0178be9c5fd168509f48974d2b3e1bbc91b2ba4e8e9e320299fd98dcf765e8,0c9085a7366142fd489e5640b36c75720ff4acbc,discovery,0train,PASS,816,S03_0train_T241,3,5,feet,True,0.0,1.381093708049654e-13,7.9928493371548e-10,5787.333104603092,True
1.0,ff7143dca8408a73233321fc7219358e48f2336bad0cb63f4e76f8988e77ecce,ca0178be9c5fd168509f48974d2b3e1bbc91b2ba4e8e9e320299fd98dcf765e8,0c9085a7366142fd489e5640b36c75720ff4acbc,discovery,0train,PASS,817,S03_0train_T242,3,5,left_hand,True,0.0,1.863368382554244e-13,1.3679201051581296e-09,7341.114714434672,True
1.0,ff7143dca8408a73233321fc7219358e48f2336bad0cb63f4e76f8988e77ecce,ca0178be9c5fd168509f48974d2b3e1bbc91b2ba4e8e9e320299fd98dcf765e8,0c9085a7366142fd489e5640b36c75720ff4acbc,discovery,0train,PASS,818,S03_0train_T243,3,5,tongue,True,0.0,2.1053135070121642e-13,1.322102990593427e-09,6279.839017751516,True
1.0,ff7143dca8408a73233321fc7219358e48f2336bad0cb63f4e76f8988e77ecce,ca0178be9c5fd168509f48974d2b3e1bbc91b2ba4e8e9e320299fd98dcf765e8,0c9085a7366142fd489e5640b36c75720ff4acbc,discovery,0train,PASS,819,S03_0train_T244,3,5,right_hand,True,0.0,1.5785707897846392e-13,8.080403122313655e-10,5118.809479184678,True
1.0,ff7143dca8408a73233321fc7219358e48f2336bad0cb63f4e76f8988e77ecce,ca0178be9c5fd168509f48974d2b3e1bbc91b2ba4e8e9e320299fd98dcf765e8,0c9085a7366142fd489e5640b36c75720ff4acbc,discovery,0train,PASS,820,S03_0train_T245,3,5,tongue,True,0.0,2.075915456190073e-13,1.031656217762047e-09,4969.644667781631,True
1.0,ff7143dca8408a73233321fc7219358e48f2336bad0cb63f4e76f8988e77ecce,ca0178be9c5fd168509f48974d2b3e1bbc91b2ba4e8e9e320299fd98dcf765e8,0c9085a7366142fd489e5640b36c75720ff4acbc,discovery,0train,PASS,821,S03_0train_T246,3,5,left_hand,True,0.0,1.7653637861775862e-13,9.199209810206628e-10,5210.9428562171925,True
1.0,ff7143dca8408a73233321fc7219358e48f2336bad0cb63f4e76f8988e77ecce,ca0178be9c5fd168509f48974d2b3e1bbc91b2ba4e8e9e320299fd98dcf765e8,0c9085a7366142fd489e5640b36c75720ff4acbc,discovery,0train,PASS,822,S03_0train_T247,3,5,left_hand,True,0.0,1.4173292949394675e-13,5.983834225231841e-10,4221.90823727199,True
1.0,ff7143dca8408a73233321fc7219358e48f2336bad0cb63f4e76f8988e77ecce,ca0178be9c5fd168509f48974d2b3e1bbc91b2ba4e8e9e320299fd98dcf765e8,0c9085a7366142fd489e5640b36c75720ff4acbc,discovery,0train,PASS,823,S03_0train_T248,3,5,feet,True,0.0,1.6859786255125434e-13,7.451283833787281e-10,4419.560082810697,True
1.0,ff7143dca8408a73233321fc7219358e48f2336bad0cb63f4e76f8988e77ecce,ca0178be9c5fd168509f48974d2b3e1bbc91b2ba4e8e9e320299fd98dcf765e8,0c9085a7366142fd489e5640b36c75720ff4acbc,discovery,0train,PASS,824,S03_0train_T249,3,5,feet,True,0.0,2.2389048290605852e-13,1.219086478395767e-09,5445.012501524147,True
1.0,ff7143dca8408a73233321fc7219358e48f2336bad0cb63f4e76f8988e77ecce,ca0178be9c5fd168509f48974d2b3e1bbc91b2ba4e8e9e320299fd98dcf765e8,0c9085a7366142fd489e5640b36c75720ff4acbc,discovery,0train,PASS,825,S03_0train_T250,3,5,right_hand,True,0.0,1.6551440237932807e-13,7.22244565398785e-10,4363.6357623038475,True
1.0,ff7143dca8408a73233321fc7219358e48f2336bad0cb63f4e76f8988e77ecce,ca0178be9c5fd168509f48974d2b3e1bbc91b2ba4e8e9e320299fd98dcf765e8,0c9085a7366142fd489e5640b36c75720ff4acbc,discovery,0train,PASS,826,S03_0train_T251,3,5,tongue,True,0.0,1.6905373611447311e-13,8.27935789493343e-10,4897.471114940129,True
1.0,ff7143dca8408a73233321fc7219358e48f2336bad0cb63f4e76f8988e77ecce,ca0178be9c5fd168509f48974d2b3e1bbc91b2ba4e8e9e320299fd98dcf765e8,0c9085a7366142fd489e5640b36c75720ff4acbc,discovery,0train,PASS,827,S03_0train_T252,3,5,right_hand,True,0.0,1.338018501922549e-13,6.041706428962658e-10,4515.413217591204,True
1.0,ff7143dca8408a73233321fc7219358e48f2336bad0cb63f4e76f8988e77ecce,ca0178be9c5fd168509f48974d2b3e1bbc91b2ba4e8e9e320299fd98dcf765e8,0c9085a7366142fd489e5640b36c75720ff4acbc,discovery,0train,PASS,828,S03_0train_T253,3,5,right_hand,True,0.0,1.7067704572719804e-13,8.525038491793689e-10,4994.835981295165,True
1.0,ff7143dca8408a73233321fc7219358e48f2336bad0cb63f4e76f8988e77ecce,ca0178be9c5fd168509f48974d2b3e1bbc91b2ba4e8e9e320299fd98dcf765e8,0c9085a7366142fd489e5640b36c75720ff4acbc,discovery,0train,PASS,829,S03_0train_T254,3,5,left_hand,True,0.0,1.3408584429642455e-13,7.413019187822694e-10,5528.562113860937,True
1.0,ff7143dca8408a73233321fc7219358e48f2336bad0cb63f4e76f8988e77ecce,ca0178be9c5fd168509f48974d2b3e1bbc91b2ba4e8e9e320299fd98dcf765e8,0c9085a7366142fd489e5640b36c75720ff4acbc,discovery,0train,PASS,830,S03_0train_T255,3,5,right_hand,True,0.0,1.4904629693118943e-13,7.780910186740941e-10,5220.4652829001,True
1.0,ff7143dca8408a73233321fc7219358e48f2336bad0cb63f4e76f8988e77ecce,ca0178be9c5fd168509f48974d2b3e1bbc91b2ba4e8e9e320299fd98dcf765e8,0c9085a7366142fd489e5640b36c75720ff4acbc,discovery,0train,PASS,831,S03_0train_T256,3,5,tongue,True,0.0,2.329623248044784e-13,1.1689755593145523e-09,5017.873857052445,True
1.0,ff7143dca8408a73233321fc7219358e48f2336bad0cb63f4e76f8988e77ecce,ca0178be9c5fd168509f48974d2b3e1bbc91b2ba4e8e9e320299fd98dcf765e8,0c9085a7366142fd489e5640b36c75720ff4acbc,discovery,0train,PASS,832,S03_0train_T257,3,5,tongue,True,0.0,2.0689997113778845e-13,1.0630193100505229e-09,5137.841751280805,True
1.0,ff7143dca8408a73233321fc7219358e48f2336bad0cb63f4e76f8988e77ecce,ca0178be9c5fd168509f48974d2b3e1bbc91b2ba4e8e9e320299fd98dcf765e8,0c9085a7366142fd489e5640b36c75720ff4acbc,discovery,0train,PASS,833,S03_0train_T258,3,5,right_hand,True,0.0,2.0339818725445858e-13,1.031929458408837e-09,5073.444716190394,True
1.0,ff7143dca8408a73233321fc7219358e48f2336bad0cb63f4e76f8988e77ecce,ca0178be9c5fd168509f48974d2b3e1bbc91b2ba4e8e9e320299fd98dcf765e8,0c9085a7366142fd489e5640b36c75720ff4acbc,discovery,0train,PASS,834,S03_0train_T259,3,5,right_hand,True,0.0,1.574480291987627e-13,8.08383159485523e-10,5134.2856661928645,True
1.0,ff7143dca8408a73233321fc7219358e48f2336bad0cb63f4e76f8988e77ecce,ca0178be9c5fd168509f48974d2b3e1bbc91b2ba4e8e9e320299fd98dcf765e8,0c9085a7366142fd489e5640b36c75720ff4acbc,discovery,0train,PASS,835,S03_0train_T260,3,5,right_hand,True,0.0,1.9029294092692395e-13,1.0114434367173697e-09,5315.191576684828,True
1.0,ff7143dca8408a73233321fc7219358e48f2336bad0cb63f4e76f8988e77ecce,ca0178be9c5fd168509f48974d2b3e1bbc91b2ba4e8e9e320299fd98dcf765e8,0c9085a7366142fd489e5640b36c75720ff4acbc,discovery,0train,PASS,836,S03_0train_T261,3,5,right_hand,True,0.0,1.7314342477471212e-13,8.040090919485148e-10,4643.601644097441,True
1.0,ff7143dca8408a73233321fc7219358e48f2336bad0cb63f4e76f8988e77ecce,ca0178be9c5fd168509f48974d2b3e1bbc91b2ba4e8e9e320299fd98dcf765e8,0c9085a7366142fd489e5640b36c75720ff4acbc,discovery,0train,PASS,837,S03_0train_T262,3,5,tongue,True,0.0,2.4126078588458177e-13,1.3920410094333282e-09,5769.860213003182,True
1.0,ff7143dca8408a73233321fc7219358e48f2336bad0cb63f4e76f8988e77ecce,ca0178be9c5fd168509f48974d2b3e1bbc91b2ba4e8e9e320299fd98dcf765e8,0c9085a7366142fd489e5640b36c75720ff4acbc,discovery,0train,PASS,838,S03_0train_T263,3,5,tongue,True,0.0,2.4419031047659836e-13,1.3381707888278497e-09,5480.032300282822,True
1.0,ff7143dca8408a73233321fc7219358e48f2336bad0cb63f4e76f8988e77ecce,ca0178be9c5fd168509f48974d2b3e1bbc91b2ba4e8e9e320299fd98dcf765e8,0c9085a7366142fd489e5640b36c75720ff4acbc,discovery,0train,PASS,839,S03_0train_T264,3,5,feet,True,0.0,2.307606395589435e-13,1.2220756136326208e-09,5295.858149675757,True
1.0,ff7143dca8408a73233321fc7219358e48f2336bad0cb63f4e76f8988e77ecce,ca0178be9c5fd168509f48974d2b3e1bbc91b2ba4e8e9e320299fd98dcf765e8,0c9085a7366142fd489e5640b36c75720ff4acbc,discovery,0train,PASS,840,S03_0train_T265,3,5,tongue,True,0.0,2.098618288730379e-13,1.189946065823401e-09,5670.140550158333,True
1.0,ff7143dca8408a73233321fc7219358e48f2336bad0cb63f4e76f8988e77ecce,ca0178be9c5fd168509f48974d2b3e1bbc91b2ba4e8e9e320299fd98dcf765e8,0c9085a7366142fd489e5640b36c75720ff4acbc,discovery,0train,PASS,841,S03_0train_T266,3,5,left_hand,True,0.0,2.203388795866432e-13,1.0945633862241017e-09,4967.636162430833,True
1.0,ff7143dca8408a73233321fc7219358e48f2336bad0cb63f4e76f8988e77ecce,ca0178be9c5fd168509f48974d2b3e1bbc91b2ba4e8e9e320299fd98dcf765e8,0c9085a7366142fd489e5640b36c75720ff4acbc,discovery,0train,PASS,842,S03_0train_T267,3,5,right_hand,True,0.0,2.2288089654355992e-13,1.2629327229204753e-09,5666.401842894809,True
1.0,ff7143dca8408a73233321fc7219358e48f2336bad0cb63f4e76f8988e77ecce,ca0178be9c5fd168509f48974d2b3e1bbc91b2ba4e8e9e320299fd98dcf765e8,0c9085a7366142fd489e5640b36c75720ff4acbc,discovery,0train,PASS,843,S03_0train_T268,3,5,feet,True,0.0,1.7314450733308028e-13,9.605260735966734e-10,5547.539961801371,True
1.0,ff7143dca8408a73233321fc7219358e48f2336bad0cb63f4e76f8988e77ecce,ca0178be9c5fd168509f48974d2b3e1bbc91b2ba4e8e9e320299fd98dcf765e8,0c9085a7366142fd489e5640b36c75720ff4acbc,discovery,0train,PASS,844,S03_0train_T269,3,5,right_hand,True,0.0,1.8574455801335023e-13,1.0743890649976114e-09,5784.229032004215,True
1.0,ff7143dca8408a73233321fc7219358e48f2336bad0cb63f4e76f8988e77ecce,ca0178be9c5fd168509f48974d2b3e1bbc91b2ba4e8e9e320299fd98dcf765e8,0c9085a7366142fd489e5640b36c75720ff4acbc,discovery,0train,PASS,845,S03_0train_T270,3,5,left_hand,True,0.0,1.9624301290083436e-13,1.20300503708445e-09,6130.180225536759,True
1.0,ff7143dca8408a73233321fc7219358e48f2336bad0cb63f4e76f8988e77ecce,ca0178be9c5fd168509f48974d2b3e1bbc91b2ba4e8e9e320299fd98dcf765e8,0c9085a7366142fd489e5640b36c75720ff4acbc,discovery,0train,PASS,846,S03_0train_T271,3,5,tongue,True,0.0,2.407510006252347e-13,1.5205787265415596e-09,6315.980920505374,True
1.0,ff7143dca8408a73233321fc7219358e48f2336bad0cb63f4e76f8988e77ecce,ca0178be9c5fd168509f48974d2b3e1bbc91b2ba4e8e9e320299fd98dcf765e8,0c9085a7366142fd489e5640b36c75720ff4acbc,discovery,0train,PASS,847,S03_0train_T272,3,5,left_hand,True,0.0,2.00443658811785e-13,1.2080518859049887e-09,6026.890015210409,True
1.0,ff7143dca8408a73233321fc7219358e48f2336bad0cb63f4e76f8988e77ecce,ca0178be9c5fd168509f48974d2b3e1bbc91b2ba4e8e9e320299fd98dcf765e8,0c9085a7366142fd489e5640b36c75720ff4acbc,discovery,0train,PASS,848,S03_0train_T273,3,5,tongue,True,0.0,2.6087311859299867e-13,1.3461567479298689e-09,5160.197245274919,True
1.0,ff7143dca8408a73233321fc7219358e48f2336bad0cb63f4e76f8988e77ecce,ca0178be9c5fd168509f48974d2b3e1bbc91b2ba4e8e9e320299fd98dcf765e8,0c9085a7366142fd489e5640b36c75720ff4acbc,discovery,0train,PASS,849,S03_0train_T274,3,5,left_hand,True,0.0,2.0411045976865473e-13,1.2112239228554878e-09,5934.159005022709,True
1.0,ff7143dca8408a73233321fc7219358e48f2336bad0cb63f4e76f8988e77ecce,ca0178be9c5fd168509f48974d2b3e1bbc91b2ba4e8e9e320299fd98dcf765e8,0c9085a7366142fd489e5640b36c75720ff4acbc,discovery,0train,PASS,850,S03_0train_T275,3,5,left_hand,True,0.0,1.928798825388227e-13,1.0985757808278198e-09,5695.647292851805,True
1.0,ff7143dca8408a73233321fc7219358e48f2336bad0cb63f4e76f8988e77ecce,ca0178be9c5fd168509f48974d2b3e1bbc91b2ba4e8e9e320299fd98dcf765e8,0c9085a7366142fd489e5640b36c75720ff4acbc,discovery,0train,PASS,851,S03_0train_T276,3,5,left_hand,True,0.0,2.4617194160449823e-13,1.3472566495082745e-09,5472.827815904331,True
1.0,ff7143dca8408a73233321fc7219358e48f2336bad0cb63f4e76f8988e77ecce,ca0178be9c5fd168509f48974d2b3e1bbc91b2ba4e8e9e320299fd98dcf765e8,0c9085a7366142fd489e5640b36c75720ff4acbc,discovery,0train,PASS,852,S03_0train_T277,3,5,left_hand,True,0.0,2.1219962919479268e-13,1.2810299780537499e-09,6036.9095974140655,True
1.0,ff7143dca8408a73233321fc7219358e48f2336bad0cb63f4e76f8988e77ecce,ca0178be9c5fd168509f48974d2b3e1bbc91b2ba4e8e9e320299fd98dcf765e8,0c9085a7366142fd489e5640b36c75720ff4acbc,discovery,0train,PASS,853,S03_0train_T278,3,5,feet,True,0.0,2.4193096331949876e-13,1.2722828343320897e-09,5258.867310224728,True
1.0,ff7143dca8408a73233321fc7219358e48f2336bad0cb63f4e76f8988e77ecce,ca0178be9c5fd168509f48974d2b3e1bbc91b2ba4e8e9e320299fd98dcf765e8,0c9085a7366142fd489e5640b36c75720ff4acbc,discovery,0train,PASS,854,S03_0train_T279,3,5,feet,True,0.0,2.42111473204179e-13,1.1957203547137472e-09,4938.718264315235,True
1.0,ff7143dca8408a73233321fc7219358e48f2336bad0cb63f4e76f8988e77ecce,ca0178be9c5fd168509f48974d2b3e1bbc91b2ba4e8e9e320299fd98dcf765e8,0c9085a7366142fd489e5640b36c75720ff4acbc,discovery,0train,PASS,855,S03_0train_T280,3,5,tongue,True,0.0,2.620609443117456e-13,1.4195902797625219e-09,5417.023446552908,True
1.0,ff7143dca8408a73233321fc7219358e48f2336bad0cb63f4e76f8988e77ecce,ca0178be9c5fd168509f48974d2b3e1bbc91b2ba4e8e9e320299fd98dcf765e8,0c9085a7366142fd489e5640b36c75720ff4acbc,discovery,0train,PASS,856,S03_0train_T281,3,5,right_hand,True,0.0,2.2257909978851438e-13,1.3067016185967065e-09,5870.729191726812,True
1.0,ff7143dca8408a73233321fc7219358e48f2336bad0cb63f4e76f8988e77ecce,ca0178be9c5fd168509f48974d2b3e1bbc91b2ba4e8e9e320299fd98dcf765e8,0c9085a7366142fd489e5640b36c75720ff4acbc,discovery,0train,PASS,857,S03_0train_T282,3,5,feet,True,0.0,2.1040233971968432e-13,1.1855920178557478e-09,5634.880388855434,True
1.0,ff7143dca8408a73233321fc7219358e48f2336bad0cb63f4e76f8988e77ecce,ca0178be9c5fd168509f48974d2b3e1bbc91b2ba4e8e9e320299fd98dcf765e8,0c9085a7366142fd489e5640b36c75720ff4acbc,discovery,0train,PASS,858,S03_0train_T283,3,5,feet,True,0.0,2.2273988073106528e-13,1.3060117298814513e-09,5863.394222870765,True
1.0,ff7143dca8408a73233321fc7219358e48f2336bad0cb63f4e76f8988e77ecce,ca0178be9c5fd168509f48974d2b3e1bbc91b2ba4e8e9e320299fd98dcf765e8,0c9085a7366142fd489e5640b36c75720ff4acbc,discovery,0train,PASS,859,S03_0train_T284,3,5,feet,True,0.0,2.38198445481557e-13,1.6287347944394623e-09,6837.722182219574,True
1.0,ff7143dca8408a73233321fc7219358e48f2336bad0cb63f4e76f8988e77ecce,ca0178be9c5fd168509f48974d2b3e1bbc91b2ba4e8e9e320299fd98dcf765e8,0c9085a7366142fd489e5640b36c75720ff4acbc,discovery,0train,PASS,860,S03_0train_T285,3,5,tongue,True,0.0,2.467015248006722e-13,1.353580035677712e-09,5486.711266869413,True
1.0,ff7143dca8408a73233321fc7219358e48f2336bad0cb63f4e76f8988e77ecce,ca0178be9c5fd168509f48974d2b3e1bbc91b2ba4e8e9e320299fd98dcf765e8,0c9085a7366142fd489e5640b36c75720ff4acbc,discovery,0train,PASS,861,S03_0train_T286,3,5,feet,True,0.0,2.366372984915364e-13,1.5004704376104036e-09,6340.80276936592,True
1.0,ff7143dca8408a73233321fc7219358e48f2336bad0cb63f4e76f8988e77ecce,ca0178be9c5fd168509f48974d2b3e1bbc91b2ba4e8e9e320299fd98dcf765e8,0c9085a7366142fd489e5640b36c75720ff4acbc,discovery,0train,PASS,862,S03_0train_T287,3,5,left_hand,True,0.0,2.4035059111186977e-13,1.1468351402891497e-09,4771.509547714663,True
1.0,ff7143dca8408a73233321fc7219358e48f2336bad0cb63f4e76f8988e77ecce,ca0178be9c5fd168509f48974d2b3e1bbc91b2ba4e8e9e320299fd98dcf765e8,0c9085a7366142fd489e5640b36c75720ff4acbc,discovery,0train,PASS,863,S03_0train_T288,3,5,feet,True,0.0,2.2363382153400957e-13,1.4520581126144471e-09,6493.016586910234,True
1.0,ff7143dca8408a73233321fc7219358e48f2336bad0cb63f4e76f8988e77ecce,ca0178be9c5fd168509f48974d2b3e1bbc91b2ba4e8e9e320299fd98dcf765e8,0c9085a7366142fd489e5640b36c75720ff4acbc,discovery,0train,PASS,864,S04_0train_T001,4,0,tongue,True,0.0,7.351155371889788e-14,3.4497186145161245e-10,4692.757042937174,True
1.0,ff7143dca8408a73233321fc7219358e48f2336bad0cb63f4e76f8988e77ecce,ca0178be9c5fd168509f48974d2b3e1bbc91b2ba4e8e9e320299fd98dcf765e8,0c9085a7366142fd489e5640b36c75720ff4acbc,discovery,0train,PASS,865,S04_0train_T002,4,0,tongue,True,0.0,8.637429362932888e-14,3.8830989884726906e-10,4495.665116680228,True
1.0,ff7143dca8408a73233321fc7219358e48f2336bad0cb63f4e76f8988e77ecce,ca0178be9c5fd168509f48974d2b3e1bbc91b2ba4e8e9e320299fd98dcf765e8,0c9085a7366142fd489e5640b36c75720ff4acbc,discovery,0train,PASS,866,S04_0train_T003,4,0,left_hand,True,0.0,7.468754455154338e-14,2.717364834092739e-10,3638.3105783018896,True
1.0,ff7143dca8408a73233321fc7219358e48f2336bad0cb63f4e76f8988e77ecce,ca0178be9c5fd168509f48974d2b3e1bbc91b2ba4e8e9e320299fd98dcf765e8,0c9085a7366142fd489e5640b36c75720ff4acbc,discovery,0train,PASS,867,S04_0train_T004,4,0,tongue,True,0.0,7.040753461430559e-14,2.742012166408702e-10,3894.4868350092356,True
1.0,ff7143dca8408a73233321fc7219358e48f2336bad0cb63f4e76f8988e77ecce,ca0178be9c5fd168509f48974d2b3e1bbc91b2ba4e8e9e320299fd98dcf765e8,0c9085a7366142fd489e5640b36c75720ff4acbc,discovery,0train,PASS,868,S04_0train_T005,4,0,left_hand,True,0.0,7.295431006552304e-14,2.546532870917765e-10,3490.585914157268,True
1.0,ff7143dca8408a73233321fc7219358e48f2336bad0cb63f4e76f8988e77ecce,ca0178be9c5fd168509f48974d2b3e1bbc91b2ba4e8e9e320299fd98dcf765e8,0c9085a7366142fd489e5640b36c75720ff4acbc,discovery,0train,PASS,869,S04_0train_T006,4,0,left_hand,True,0.0,7.226676710815096e-14,3.169280822950307e-10,4385.530098789827,True
1.0,ff7143dca8408a73233321fc7219358e48f2336bad0cb63f4e76f8988e77ecce,ca0178be9c5fd168509f48974d2b3e1bbc91b2ba4e8e9e320299fd98dcf765e8,0c9085a7366142fd489e5640b36c75720ff4acbc,discovery,0train,PASS,870,S04_0train_T007,4,0,tongue,True,0.0,1.0869171567743742e-13,5.119255542081456e-10,4709.885670839703,True
1.0,ff7143dca8408a73233321fc7219358e48f2336bad0cb63f4e76f8988e77ecce,ca0178be9c5fd168509f48974d2b3e1bbc91b2ba4e8e9e320299fd98dcf765e8,0c9085a7366142fd489e5640b36c75720ff4acbc,discovery,0train,PASS,871,S04_0train_T008,4,0,tongue,True,0.0,8.543442881998577e-14,3.6342626127552537e-10,4253.861894966034,True
1.0,ff7143dca8408a73233321fc7219358e48f2336bad0cb63f4e76f8988e77ecce,ca0178be9c5fd168509f48974d2b3e1bbc91b2ba4e8e9e320299fd98dcf765e8,0c9085a7366142fd489e5640b36c75720ff4acbc,discovery,0train,PASS,872,S04_0train_T009,4,0,tongue,True,0.0,8.761536633338423e-14,3.035467834007892e-10,3464.5381980800807,True
1.0,ff7143dca8408a73233321fc7219358e48f2336bad0cb63f4e76f8988e77ecce,ca0178be9c5fd168509f48974d2b3e1bbc91b2ba4e8e9e320299fd98dcf765e8,0c9085a7366142fd489e5640b36c75720ff4acbc,discovery,0train,PASS,873,S04_0train_T010,4,0,right_hand,True,0.0,8.399903710083424e-14,3.533829991768271e-10,4206.988691461052,True
1.0,ff7143dca8408a73233321fc7219358e48f2336bad0cb63f4e76f8988e77ecce,ca0178be9c5fd168509f48974d2b3e1bbc91b2ba4e8e9e320299fd98dcf765e8,0c9085a7366142fd489e5640b36c75720ff4acbc,discovery,0train,PASS,874,S04_0train_T011,4,0,tongue,True,0.0,9.607587829647199e-14,3.4368426320657314e-10,3577.216979958575,True
1.0,ff7143dca8408a73233321fc7219358e48f2336bad0cb63f4e76f8988e77ecce,ca0178be9c5fd168509f48974d2b3e1bbc91b2ba4e8e9e320299fd98dcf765e8,0c9085a7366142fd489e5640b36c75720ff4acbc,discovery,0train,PASS,875,S04_0train_T012,4,0,left_hand,True,0.0,7.979822233125233e-14,3.220407441093879e-10,4035.688198322975,True
1.0,ff7143dca8408a73233321fc7219358e48f2336bad0cb63f4e76f8988e77ecce,ca0178be9c5fd168509f48974d2b3e1bbc91b2ba4e8e9e320299fd98dcf765e8,0c9085a7366142fd489e5640b36c75720ff4acbc,discovery,0train,PASS,876,S04_0train_T013,4,0,left_hand,True,0.0,8.542505463571129e-14,3.6664477003478485e-10,4292.005098484442,True
1.0,ff7143dca8408a73233321fc7219358e48f2336bad0cb63f4e76f8988e77ecce,ca0178be9c5fd168509f48974d2b3e1bbc91b2ba4e8e9e320299fd98dcf765e8,0c9085a7366142fd489e5640b36c75720ff4acbc,discovery,0train,PASS,877,S04_0train_T014,4,0,right_hand,True,0.0,9.408719877579576e-14,4.0170811056800084e-10,4269.529923249682,True
1.0,ff7143dca8408a73233321fc7219358e48f2336bad0cb63f4e76f8988e77ecce,ca0178be9c5fd168509f48974d2b3e1bbc91b2ba4e8e9e320299fd98dcf765e8,0c9085a7366142fd489e5640b36c75720ff4acbc,discovery,0train,PASS,878,S04_0train_T015,4,0,right_hand,True,0.0,9.70131044269047e-14,3.905239660303041e-10,4025.4764378202894,True
1.0,ff7143dca8408a73233321fc7219358e48f2336bad0cb63f4e76f8988e77ecce,ca0178be9c5fd168509f48974d2b3e1bbc91b2ba4e8e9e320299fd98dcf765e8,0c9085a7366142fd489e5640b36c75720ff4acbc,discovery,0train,PASS,879,S04_0train_T016,4,0,right_hand,True,0.0,7.64618224901864e-14,3.2455221763677264e-10,4244.630942172844,True
1.0,ff7143dca8408a73233321fc7219358e48f2336bad0cb63f4e76f8988e77ecce,ca0178be9c5fd168509f48974d2b3e1bbc91b2ba4e8e9e320299fd98dcf765e8,0c9085a7366142fd489e5640b36c75720ff4acbc,discovery,0train,PASS,880,S04_0train_T017,4,0,feet,True,0.0,8.257307232798592e-14,3.145557403178505e-10,3809.4227506566967,True
1.0,ff7143dca8408a73233321fc7219358e48f2336bad0cb63f4e76f8988e77ecce,ca0178be9c5fd168509f48974d2b3e1bbc91b2ba4e8e9e320299fd98dcf765e8,0c9085a7366142fd489e5640b36c75720ff4acbc,discovery,0train,PASS,881,S04_0train_T018,4,0,left_hand,True,0.0,1.0513370377033577e-13,4.8645360061685e-10,4626.999555532699,True
1.0,ff7143dca8408a73233321fc7219358e48f2336bad0cb63f4e76f8988e77ecce,ca0178be9c5fd168509f48974d2b3e1bbc91b2ba4e8e9e320299fd98dcf765e8,0c9085a7366142fd489e5640b36c75720ff4acbc,discovery,0train,PASS,882,S04_0train_T019,4,0,feet,True,0.0,1.0023993962071195e-13,4.3571076862434586e-10,4346.678282858001,True
1.0,ff7143dca8408a73233321fc7219358e48f2336bad0cb63f4e76f8988e77ecce,ca0178be9c5fd168509f48974d2b3e1bbc91b2ba4e8e9e320299fd98dcf765e8,0c9085a7366142fd489e5640b36c75720ff4acbc,discovery,0train,PASS,883,S04_0train_T020,4,0,right_hand,True,0.0,7.654492106490535e-14,2.830079862017323e-10,3697.279744553646,True
1.0,ff7143dca8408a73233321fc7219358e48f2336bad0cb63f4e76f8988e77ecce,ca0178be9c5fd168509f48974d2b3e1bbc91b2ba4e8e9e320299fd98dcf765e8,0c9085a7366142fd489e5640b36c75720ff4acbc,discovery,0train,PASS,884,S04_0train_T021,4,0,feet,True,0.0,1.0329529996333949e-13,4.5681247172092035e-10,4422.39358308701,True
1.0,ff7143dca8408a73233321fc7219358e48f2336bad0cb63f4e76f8988e77ecce,ca0178be9c5fd168509f48974d2b3e1bbc91b2ba4e8e9e320299fd98dcf765e8,0c9085a7366142fd489e5640b36c75720ff4acbc,discovery,0train,PASS,885,S04_0train_T022,4,0,right_hand,True,0.0,9.528791339473528e-14,3.704369957362333e-10,3887.554911625342,True
1.0,ff7143dca8408a73233321fc7219358e48f2336bad0cb63f4e76f8988e77ecce,ca0178be9c5fd168509f48974d2b3e1bbc91b2ba4e8e9e320299fd98dcf765e8,0c9085a7366142fd489e5640b36c75720ff4acbc,discovery,0train,PASS,886,S04_0train_T023,4,0,left_hand,True,0.0,9.103962155275381e-14,3.4572762661923063e-10,3797.551227944147,True
1.0,ff7143dca8408a73233321fc7219358e48f2336bad0cb63f4e76f8988e77ecce,ca0178be9c5fd168509f48974d2b3e1bbc91b2ba4e8e9e320299fd98dcf765e8,0c9085a7366142fd489e5640b36c75720ff4acbc,discovery,0train,PASS,887,S04_0train_T024,4,0,feet,True,0.0,8.799217161114525e-14,3.62948304081894e-10,4124.779482495716,True
1.0,ff7143dca8408a73233321fc7219358e48f2336bad0cb63f4e76f8988e77ecce,ca0178be9c5fd168509f48974d2b3e1bbc91b2ba4e8e9e320299fd98dcf765e8,0c9085a7366142fd489e5640b36c75720ff4acbc,discovery,0train,PASS,888,S04_0train_T025,4,0,feet,True,0.0,1.0091698692248906e-13,4.746975644949906e-10,4703.842028692254,True
1.0,ff7143dca8408a73233321fc7219358e48f2336bad0cb63f4e76f8988e77ecce,ca0178be9c5fd168509f48974d2b3e1bbc91b2ba4e8e9e320299fd98dcf765e8,0c9085a7366142fd489e5640b36c75720ff4acbc,discovery,0train,PASS,889,S04_0train_T026,4,0,left_hand,True,0.0,8.07595757749162e-14,3.121121147671651e-10,3864.707209917101,True
1.0,ff7143dca8408a73233321fc7219358e48f2336bad0cb63f4e76f8988e77ecce,ca0178be9c5fd168509f48974d2b3e1bbc91b2ba4e8e9e320299fd98dcf765e8,0c9085a7366142fd489e5640b36c75720ff4acbc,discovery,0train,PASS,890,S04_0train_T027,4,0,feet,True,0.0,8.326863156064364e-14,3.3195313818184864e-10,3986.5328871183715,True
1.0,ff7143dca8408a73233321fc7219358e48f2336bad0cb63f4e76f8988e77ecce,ca0178be9c5fd168509f48974d2b3e1bbc91b2ba4e8e9e320299fd98dcf765e8,0c9085a7366142fd489e5640b36c75720ff4acbc,discovery,0train,PASS,891,S04_0train_T028,4,0,right_hand,True,0.0,7.886561855662599e-14,3.0301306852753755e-10,3842.1440682668626,True
1.0,ff7143dca8408a73233321fc7219358e48f2336bad0cb63f4e76f8988e77ecce,ca0178be9c5fd168509f48974d2b3e1bbc91b2ba4e8e9e320299fd98dcf765e8,0c9085a7366142fd489e5640b36c75720ff4acbc,discovery,0train,PASS,892,S04_0train_T029,4,0,right_hand,True,0.0,1.0053985985354554e-13,4.671498382191425e-10,4646.414256988527,True
1.0,ff7143dca8408a73233321fc7219358e48f2336bad0cb63f4e76f8988e77ecce,ca0178be9c5fd168509f48974d2b3e1bbc91b2ba4e8e9e320299fd98dcf765e8,0c9085a7366142fd489e5640b36c75720ff4acbc,discovery,0train,PASS,893,S04_0train_T030,4,0,tongue,True,0.0,8.710399871201105e-14,3.569767557420091e-10,4098.282065353498,True
1.0,ff7143dca8408a73233321fc7219358e48f2336bad0cb63f4e76f8988e77ecce,ca0178be9c5fd168509f48974d2b3e1bbc91b2ba4e8e9e320299fd98dcf765e8,0c9085a7366142fd489e5640b36c75720ff4acbc,discovery,0train,PASS,894,S04_0train_T031,4,0,left_hand,True,0.0,7.030029451407416e-14,2.6424714745080814e-10,3758.8341453947355,True
1.0,ff7143dca8408a73233321fc7219358e48f2336bad0cb63f4e76f8988e77ecce,ca0178be9c5fd168509f48974d2b3e1bbc91b2ba4e8e9e320299fd98dcf765e8,0c9085a7366142fd489e5640b36c75720ff4acbc,discovery,0train,PASS,895,S04_0train_T032,4,0,feet,True,0.0,7.085077801279635e-14,2.518701175907037e-10,3554.9379224207455,True
1.0,ff7143dca8408a73233321fc7219358e48f2336bad0cb63f4e76f8988e77ecce,ca0178be9c5fd168509f48974d2b3e1bbc91b2ba4e8e9e320299fd98dcf765e8,0c9085a7366142fd489e5640b36c75720ff4acbc,discovery,0train,PASS,896,S04_0train_T033,4,0,left_hand,True,0.0,6.978504143891884e-14,2.5180000963544873e-10,3608.223258788822,True
1.0,ff7143dca8408a73233321fc7219358e48f2336bad0cb63f4e76f8988e77ecce,ca0178be9c5fd168509f48974d2b3e1bbc91b2ba4e8e9e320299fd98dcf765e8,0c9085a7366142fd489e5640b36c75720ff4acbc,discovery,0train,PASS,897,S04_0train_T034,4,0,feet,True,0.0,8.553219002849205e-14,3.465736609393298e-10,4051.9675788013956,True
1.0,ff7143dca8408a73233321fc7219358e48f2336bad0cb63f4e76f8988e77ecce,ca0178be9c5fd168509f48974d2b3e1bbc91b2ba4e8e9e320299fd98dcf765e8,0c9085a7366142fd489e5640b36c75720ff4acbc,discovery,0train,PASS,898,S04_0train_T035,4,0,right_hand,True,0.0,7.81280766215092e-14,2.638381941647546e-10,3376.9958966597437,True
1.0,ff7143dca8408a73233321fc7219358e48f2336bad0cb63f4e76f8988e77ecce,ca0178be9c5fd168509f48974d2b3e1bbc91b2ba4e8e9e320299fd98dcf765e8,0c9085a7366142fd489e5640b36c75720ff4acbc,discovery,0train,PASS,899,S04_0train_T036,4,0,tongue,True,0.0,8.589077084541332e-14,3.503055240810343e-10,4078.5001768294305,True
1.0,ff7143dca8408a73233321fc7219358e48f2336bad0cb63f4e76f8988e77ecce,ca0178be9c5fd168509f48974d2b3e1bbc91b2ba4e8e9e320299fd98dcf765e8,0c9085a7366142fd489e5640b36c75720ff4acbc,discovery,0train,PASS,900,S04_0train_T037,4,0,feet,True,0.0,1.0167617113949769e-13,4.6408829563902996e-10,4564.376199830637,True
1.0,ff7143dca8408a73233321fc7219358e48f2336bad0cb63f4e76f8988e77ecce,ca0178be9c5fd168509f48974d2b3e1bbc91b2ba4e8e9e320299fd98dcf765e8,0c9085a7366142fd489e5640b36c75720ff4acbc,discovery,0train,PASS,901,S04_0train_T038,4,0,right_hand,True,0.0,9.203365369518441e-14,3.6895439277609544e-10,4008.9073720584092,True
1.0,ff7143dca8408a73233321fc7219358e48f2336bad0cb63f4e76f8988e77ecce,ca0178be9c5fd168509f48974d2b3e1bbc91b2ba4e8e9e320299fd98dcf765e8,0c9085a7366142fd489e5640b36c75720ff4acbc,discovery,0train,PASS,902,S04_0train_T039,4,0,right_hand,True,0.0,7.668558081683611e-14,3.0841583034757156e-10,4021.8229693561857,True
1.0,ff7143dca8408a73233321fc7219358e48f2336bad0cb63f4e76f8988e77ecce,ca0178be9c5fd168509f48974d2b3e1bbc91b2ba4e8e9e320299fd98dcf765e8,0c9085a7366142fd489e5640b36c75720ff4acbc,discovery,0train,PASS,903,S04_0train_T040,4,0,feet,True,0.0,8.542777000392726e-14,3.1368007949440223e-10,3671.874842103239,True
1.0,ff7143dca8408a73233321fc7219358e48f2336bad0cb63f4e76f8988e77ecce,ca0178be9c5fd168509f48974d2b3e1bbc91b2ba4e8e9e320299fd98dcf765e8,0c9085a7366142fd489e5640b36c75720ff4acbc,discovery,0train,PASS,904,S04_0train_T041,4,0,left_hand,True,0.0,8.62554319632951e-14,3.780775749190872e-10,4383.232062184481,True
1.0,ff7143dca8408a73233321fc7219358e48f2336bad0cb63f4e76f8988e77ecce,ca0178be9c5fd168509f48974d2b3e1bbc91b2ba4e8e9e320299fd98dcf765e8,0c9085a7366142fd489e5640b36c75720ff4acbc,discovery,0train,PASS,905,S04_0train_T042,4,0,left_hand,True,0.0,8.104388061766307e-14,3.610038754057539e-10,4454.424845582667,True
1.0,ff7143dca8408a73233321fc7219358e48f2336bad0cb63f4e76f8988e77ecce,ca0178be9c5fd168509f48974d2b3e1bbc91b2ba4e8e9e320299fd98dcf765e8,0c9085a7366142fd489e5640b36c75720ff4acbc,discovery,0train,PASS,906,S04_0train_T043,4,0,tongue,True,0.0,8.61484822904699e-14,3.5242560426262246e-10,4090.9090316221304,True
1.0,ff7143dca8408a73233321fc7219358e48f2336bad0cb63f4e76f8988e77ecce,ca0178be9c5fd168509f48974d2b3e1bbc91b2ba4e8e9e320299fd98dcf765e8,0c9085a7366142fd489e5640b36c75720ff4acbc,discovery,0train,PASS,907,S04_0train_T044,4,0,feet,True,0.0,9.297239638375603e-14,3.2298180111680044e-10,3473.95370754616,True
1.0,ff7143dca8408a73233321fc7219358e48f2336bad0cb63f4e76f8988e77ecce,ca0178be9c5fd168509f48974d2b3e1bbc91b2ba4e8e9e320299fd98dcf765e8,0c9085a7366142fd489e5640b36c75720ff4acbc,discovery,0train,PASS,908,S04_0train_T045,4,0,tongue,True,0.0,9.155926709160622e-14,3.9012511067034294e-10,4260.902506788502,True
1.0,ff7143dca8408a73233321fc7219358e48f2336bad0cb63f4e76f8988e77ecce,ca0178be9c5fd168509f48974d2b3e1bbc91b2ba4e8e9e320299fd98dcf765e8,0c9085a7366142fd489e5640b36c75720ff4acbc,discovery,0train,PASS,909,S04_0train_T046,4,0,right_hand,True,0.0,9.054315121058423e-14,3.329352421292185e-10,3677.089185408199,True
1.0,ff7143dca8408a73233321fc7219358e48f2336bad0cb63f4e76f8988e77ecce,ca0178be9c5fd168509f48974d2b3e1bbc91b2ba4e8e9e320299fd98dcf765e8,0c9085a7366142fd489e5640b36c75720ff4acbc,discovery,0train,PASS,910,S04_0train_T047,4,0,feet,True,0.0,8.903057303292601e-14,3.2758020181415627e-10,3679.4124833163537,True
1.0,ff7143dca8408a73233321fc7219358e48f2336bad0cb63f4e76f8988e77ecce,ca0178be9c5fd168509f48974d2b3e1bbc91b2ba4e8e9e320299fd98dcf765e8,0c9085a7366142fd489e5640b36c75720ff4acbc,discovery,0train,PASS,911,S04_0train_T048,4,0,tongue,True,0.0,8.012574096393185e-14,2.717500870284067e-10,3391.545385530144,True
1.0,ff7143dca8408a73233321fc7219358e48f2336bad0cb63f4e76f8988e77ecce,ca0178be9c5fd168509f48974d2b3e1bbc91b2ba4e8e9e320299fd98dcf765e8,0c9085a7366142fd489e5640b36c75720ff4acbc,discovery,0train,PASS,912,S04_0train_T049,4,1,feet,True,0.0,7.36070634902522e-14,3.088512534126973e-10,4195.945861277275,True
1.0,ff7143dca8408a73233321fc7219358e48f2336bad0cb63f4e76f8988e77ecce,ca0178be9c5fd168509f48974d2b3e1bbc91b2ba4e8e9e320299fd98dcf765e8,0c9085a7366142fd489e5640b36c75720ff4acbc,discovery,0train,PASS,913,S04_0train_T050,4,1,right_hand,True,0.0,7.066914778529843e-14,2.4224227551847483e-10,3427.836377119428,True
1.0,ff7143dca8408a73233321fc7219358e48f2336bad0cb63f4e76f8988e77ecce,ca0178be9c5fd168509f48974d2b3e1bbc91b2ba4e8e9e320299fd98dcf765e8,0c9085a7366142fd489e5640b36c75720ff4acbc,discovery,0train,PASS,914,S04_0train_T051,4,1,right_hand,True,0.0,6.957579228638581e-14,2.440969530032437e-10,3508.3603791171945,True
1.0,ff7143dca8408a73233321fc7219358e48f2336bad0cb63f4e76f8988e77ecce,ca0178be9c5fd168509f48974d2b3e1bbc91b2ba4e8e9e320299fd98dcf765e8,0c9085a7366142fd489e5640b36c75720ff4acbc,discovery,0train,PASS,915,S04_0train_T052,4,1,left_hand,True,0.0,9.50435636602334e-14,3.840154225221828e-10,4040.4148133058316,True
1.0,ff7143dca8408a73233321fc7219358e48f2336bad0cb63f4e76f8988e77ecce,ca0178be9c5fd168509f48974d2b3e1bbc91b2ba4e8e9e320299fd98dcf765e8,0c9085a7366142fd489e5640b36c75720ff4acbc,discovery,0train,PASS,916,S04_0train_T053,4,1,right_hand,True,0.0,7.016573361981938e-14,2.275002116393346e-10,3242.3264163673434,True
1.0,ff7143dca8408a73233321fc7219358e48f2336bad0cb63f4e76f8988e77ecce,ca0178be9c5fd168509f48974d2b3e1bbc91b2ba4e8e9e320299fd98dcf765e8,0c9085a7366142fd489e5640b36c75720ff4acbc,discovery,0train,PASS,917,S04_0train_T054,4,1,tongue,True,0.0,9.761140636690235e-14,3.7468412590690497e-10,3838.528096793729,True
1.0,ff7143dca8408a73233321fc7219358e48f2336bad0cb63f4e76f8988e77ecce,ca0178be9c5fd168509f48974d2b3e1bbc91b2ba4e8e9e320299fd98dcf765e8,0c9085a7366142fd489e5640b36c75720ff4acbc,discovery,0train,PASS,918,S04_0train_T055,4,1,feet,True,0.0,7.747536642269063e-14,2.7442631715916916e-10,3542.110606640467,True
1.0,ff7143dca8408a73233321fc7219358e48f2336bad0cb63f4e76f8988e77ecce,ca0178be9c5fd168509f48974d2b3e1bbc91b2ba4e8e9e320299fd98dcf765e8,0c9085a7366142fd489e5640b36c75720ff4acbc,discovery,0train,PASS,919,S04_0train_T056,4,1,left_hand,True,0.0,9.106758565874565e-14,3.7825095537736344e-10,4153.519088501696,True
1.0,ff7143dca8408a73233321fc7219358e48f2336bad0cb63f4e76f8988e77ecce,ca0178be9c5fd168509f48974d2b3e1bbc91b2ba4e8e9e320299fd98dcf765e8,0c9085a7366142fd489e5640b36c75720ff4acbc,discovery,0train,PASS,920,S04_0train_T057,4,1,tongue,True,0.0,9.581982887881285e-14,3.8269501898309763e-10,3993.902133420706,True
1.0,ff7143dca8408a73233321fc7219358e48f2336bad0cb63f4e76f8988e77ecce,ca0178be9c5fd168509f48974d2b3e1bbc91b2ba4e8e9e320299fd98dcf765e8,0c9085a7366142fd489e5640b36c75720ff4acbc,discovery,0train,PASS,921,S04_0train_T058,4,1,left_hand,True,0.0,8.977555201323748e-14,3.8312219262830545e-10,4267.555966370597,True
1.0,ff7143dca8408a73233321fc7219358e48f2336bad0cb63f4e76f8988e77ecce,ca0178be9c5fd168509f48974d2b3e1bbc91b2ba4e8e9e320299fd98dcf765e8,0c9085a7366142fd489e5640b36c75720ff4acbc,discovery,0train,PASS,922,S04_0train_T059,4,1,feet,True,0.0,9.489097816445125e-14,3.7982837377897907e-10,4002.7869996314694,True
1.0,ff7143dca8408a73233321fc7219358e48f2336bad0cb63f4e76f8988e77ecce,ca0178be9c5fd168509f48974d2b3e1bbc91b2ba4e8e9e320299fd98dcf765e8,0c9085a7366142fd489e5640b36c75720ff4acbc,discovery,0train,PASS,923,S04_0train_T060,4,1,tongue,True,0.0,1.0601873599338755e-13,4.586843669438575e-10,4326.446289384792,True
1.0,ff7143dca8408a73233321fc7219358e48f2336bad0cb63f4e76f8988e77ecce,ca0178be9c5fd168509f48974d2b3e1bbc91b2ba4e8e9e320299fd98dcf765e8,0c9085a7366142fd489e5640b36c75720ff4acbc,discovery,0train,PASS,924,S04_0train_T061,4,1,left_hand,True,0.0,8.176112133102049e-14,2.7880992380146613e-10,3410.055039150797,True
1.0,ff7143dca8408a73233321fc7219358e48f2336bad0cb63f4e76f8988e77ecce,ca0178be9c5fd168509f48974d2b3e1bbc91b2ba4e8e9e320299fd98dcf765e8,0c9085a7366142fd489e5640b36c75720ff4acbc,discovery,0train,PASS,925,S04_0train_T062,4,1,right_hand,True,0.0,6.41862454592266e-14,1.9778201753531803e-10,3081.376954209859,True
1.0,ff7143dca8408a73233321fc7219358e48f2336bad0cb63f4e76f8988e77ecce,ca0178be9c5fd168509f48974d2b3e1bbc91b2ba4e8e9e320299fd98dcf765e8,0c9085a7366142fd489e5640b36c75720ff4acbc,discovery,0train,PASS,926,S04_0train_T063,4,1,tongue,True,0.0,7.501135591938958e-14,3.1328796086564624e-10,4176.5404321222895,True
1.0,ff7143dca8408a73233321fc7219358e48f2336bad0cb63f4e76f8988e77ecce,ca0178be9c5fd168509f48974d2b3e1bbc91b2ba4e8e9e320299fd98dcf765e8,0c9085a7366142fd489e5640b36c75720ff4acbc,discovery,0train,PASS,927,S04_0train_T064,4,1,feet,True,0.0,7.889367581478398e-14,2.847648599980792e-10,3609.4763877729824,True
1.0,ff7143dca8408a73233321fc7219358e48f2336bad0cb63f4e76f8988e77ecce,ca0178be9c5fd168509f48974d2b3e1bbc91b2ba4e8e9e320299fd98dcf765e8,0c9085a7366142fd489e5640b36c75720ff4acbc,discovery,0train,PASS,928,S04_0train_T065,4,1,left_hand,True,0.0,9.85807073093277e-14,4.670913001597101e-10,4738.161379731893,True
1.0,ff7143dca8408a73233321fc7219358e48f2336bad0cb63f4e76f8988e77ecce,ca0178be9c5fd168509f48974d2b3e1bbc91b2ba4e8e9e320299fd98dcf765e8,0c9085a7366142fd489e5640b36c75720ff4acbc,discovery,0train,PASS,929,S04_0train_T066,4,1,left_hand,True,0.0,1.0008574633051929e-13,3.644516394410978e-10,3641.394032648234,True
1.0,ff7143dca8408a73233321fc7219358e48f2336bad0cb63f4e76f8988e77ecce,ca0178be9c5fd168509f48974d2b3e1bbc91b2ba4e8e9e320299fd98dcf765e8,0c9085a7366142fd489e5640b36c75720ff4acbc,discovery,0train,PASS,930,S04_0train_T067,4,1,feet,True,0.0,8.355560191796817e-14,3.1018053021788645e-10,3712.2649241688227,True
1.0,ff7143dca8408a73233321fc7219358e48f2336bad0cb63f4e76f8988e77ecce,ca0178be9c5fd168509f48974d2b3e1bbc91b2ba4e8e9e320299fd98dcf765e8,0c9085a7366142fd489e5640b36c75720ff4acbc,discovery,0train,PASS,931,S04_0train_T068,4,1,tongue,True,0.0,8.932173573774166e-14,3.2320109700859077e-10,3618.3924812829923,True
1.0,ff7143dca8408a73233321fc7219358e48f2336bad0cb63f4e76f8988e77ecce,ca0178be9c5fd168509f48974d2b3e1bbc91b2ba4e8e9e320299fd98dcf765e8,0c9085a7366142fd489e5640b36c75720ff4acbc,discovery,0train,PASS,932,S04_0train_T069,4,1,right_hand,True,0.0,8.131831196611734e-14,3.0614261252420056e-10,3764.743821191961,True
1.0,ff7143dca8408a73233321fc7219358e48f2336bad0cb63f4e76f8988e77ecce,ca0178be9c5fd168509f48974d2b3e1bbc91b2ba4e8e9e320299fd98dcf765e8,0c9085a7366142fd489e5640b36c75720ff4acbc,discovery,0train,PASS,933,S04_0train_T070,4,1,left_hand,True,0.0,7.42966252808058e-14,2.613957661755652e-10,3518.272400497518,True
1.0,ff7143dca8408a73233321fc7219358e48f2336bad0cb63f4e76f8988e77ecce,ca0178be9c5fd168509f48974d2b3e1bbc91b2ba4e8e9e320299fd98dcf765e8,0c9085a7366142fd489e5640b36c75720ff4acbc,discovery,0train,PASS,934,S04_0train_T071,4,1,feet,True,0.0,7.284493217664811e-14,3.0870234440721806e-10,4237.80124688178,True
1.0,ff7143dca8408a73233321fc7219358e48f2336bad0cb63f4e76f8988e77ecce,ca0178be9c5fd168509f48974d2b3e1bbc91b2ba4e8e9e320299fd98dcf765e8,0c9085a7366142fd489e5640b36c75720ff4acbc,discovery,0train,PASS,935,S04_0train_T072,4,1,left_hand,True,0.0,9.107692844667554e-14,3.5684599149037907e-10,3918.0723106984024,True
1.0,ff7143dca8408a73233321fc7219358e48f2336bad0cb63f4e76f8988e77ecce,ca0178be9c5fd168509f48974d2b3e1bbc91b2ba4e8e9e320299fd98dcf765e8,0c9085a7366142fd489e5640b36c75720ff4acbc,discovery,0train,PASS,936,S04_0train_T073,4,1,right_hand,True,0.0,8.63393820685514e-14,3.9157570441389156e-10,4535.308164505855,True
1.0,ff7143dca8408a73233321fc7219358e48f2336bad0cb63f4e76f8988e77ecce,ca0178be9c5fd168509f48974d2b3e1bbc91b2ba4e8e9e320299fd98dcf765e8,0c9085a7366142fd489e5640b36c75720ff4acbc,discovery,0train,PASS,937,S04_0train_T074,4,1,right_hand,True,0.0,6.956596826198815e-14,3.4047031166251743e-10,4894.207903213436,True
1.0,ff7143dca8408a73233321fc7219358e48f2336bad0cb63f4e76f8988e77ecce,ca0178be9c5fd168509f48974d2b3e1bbc91b2ba4e8e9e320299fd98dcf765e8,0c9085a7366142fd489e5640b36c75720ff4acbc,discovery,0train,PASS,938,S04_0train_T075,4,1,left_hand,True,0.0,9.388101190980876e-14,3.8109943038043463e-10,4059.3877572022325,True
1.0,ff7143dca8408a73233321fc7219358e48f2336bad0cb63f4e76f8988e77ecce,ca0178be9c5fd168509f48974d2b3e1bbc91b2ba4e8e9e320299fd98dcf765e8,0c9085a7366142fd489e5640b36c75720ff4acbc,discovery,0train,PASS,939,S04_0train_T076,4,1,left_hand,True,0.0,6.808474896216466e-14,2.709072296554406e-10,3978.9708236419633,True
1.0,ff7143dca8408a73233321fc7219358e48f2336bad0cb63f4e76f8988e77ecce,ca0178be9c5fd168509f48974d2b3e1bbc91b2ba4e8e9e320299fd98dcf765e8,0c9085a7366142fd489e5640b36c75720ff4acbc,discovery,0train,PASS,940,S04_0train_T077,4,1,right_hand,True,0.0,7.210327572527273e-14,2.551023914066449e-10,3538.013895216547,True
1.0,ff7143dca8408a73233321fc7219358e48f2336bad0cb63f4e76f8988e77ecce,ca0178be9c5fd168509f48974d2b3e1bbc91b2ba4e8e9e320299fd98dcf765e8,0c9085a7366142fd489e5640b36c75720ff4acbc,discovery,0train,PASS,941,S04_0train_T078,4,1,tongue,True,0.0,1.1825333008014965e-13,5.882354690070639e-10,4974.367052567315,True
1.0,ff7143dca8408a73233321fc7219358e48f2336bad0cb63f4e76f8988e77ecce,ca0178be9c5fd168509f48974d2b3e1bbc91b2ba4e8e9e320299fd98dcf765e8,0c9085a7366142fd489e5640b36c75720ff4acbc,discovery,0train,PASS,942,S04_0train_T079,4,1,right_hand,True,0.0,9.598793472184033e-14,4.0437447671582736e-10,4212.763592504082,True
1.0,ff7143dca8408a73233321fc7219358e48f2336bad0cb63f4e76f8988e77ecce,ca0178be9c5fd168509f48974d2b3e1bbc91b2ba4e8e9e320299fd98dcf765e8,0c9085a7366142fd489e5640b36c75720ff4acbc,discovery,0train,PASS,943,S04_0train_T080,4,1,feet,True,0.0,8.722832289669934e-14,3.298028673871572e-10,3780.9149188587317,True
1.0,ff7143dca8408a73233321fc7219358e48f2336bad0cb63f4e76f8988e77ecce,ca0178be9c5fd168509f48974d2b3e1bbc91b2ba4e8e9e320299fd98dcf765e8,0c9085a7366142fd489e5640b36c75720ff4acbc,discovery,0train,PASS,944,S04_0train_T081,4,1,right_hand,True,0.0,8.005612641796947e-14,2.7443650663628265e-10,3428.0512799665307,True
1.0,ff7143dca8408a73233321fc7219358e48f2336bad0cb63f4e76f8988e77ecce,ca0178be9c5fd168509f48974d2b3e1bbc91b2ba4e8e9e320299fd98dcf765e8,0c9085a7366142fd489e5640b36c75720ff4acbc,discovery,0train,PASS,945,S04_0train_T082,4,1,tongue,True,0.0,8.446984713524878e-14,3.61453008880364e-10,4279.077341073247,True
1.0,ff7143dca8408a73233321fc7219358e48f2336bad0cb63f4e76f8988e77ecce,ca0178be9c5fd168509f48974d2b3e1bbc91b2ba4e8e9e320299fd98dcf765e8,0c9085a7366142fd489e5640b36c75720ff4acbc,discovery,0train,PASS,946,S04_0train_T083,4,1,tongue,True,0.0,9.677384284664901e-14,3.178756323092299e-10,3284.7267707757146,True
1.0,ff7143dca8408a73233321fc7219358e48f2336bad0cb63f4e76f8988e77ecce,ca0178be9c5fd168509f48974d2b3e1bbc91b2ba4e8e9e320299fd98dcf765e8,0c9085a7366142fd489e5640b36c75720ff4acbc,discovery,0train,PASS,947,S04_0train_T084,4,1,tongue,True,0.0,8.398904722493925e-14,2.8849267388206543e-10,3434.8844690358865,True
1.0,ff7143dca8408a73233321fc7219358e48f2336bad0cb63f4e76f8988e77ecce,ca0178be9c5fd168509f48974d2b3e1bbc91b2ba4e8e9e320299fd98dcf765e8,0c9085a7366142fd489e5640b36c75720ff4acbc,discovery,0train,PASS,948,S04_0train_T085,4,1,left_hand,True,0.0,8.273415656547157e-14,3.1655042355005965e-10,3826.1153154992026,True
1.0,ff7143dca8408a73233321fc7219358e48f2336bad0cb63f4e76f8988e77ecce,ca0178be9c5fd168509f48974d2b3e1bbc91b2ba4e8e9e320299fd98dcf765e8,0c9085a7366142fd489e5640b36c75720ff4acbc,discovery,0train,PASS,949,S04_0train_T086,4,1,feet,True,0.0,9.129414637070432e-14,3.666676911737912e-10,4016.332982455624,True
1.0,ff7143dca8408a73233321fc7219358e48f2336bad0cb63f4e76f8988e77ecce,ca0178be9c5fd168509f48974d2b3e1bbc91b2ba4e8e9e320299fd98dcf765e8,0c9085a7366142fd489e5640b36c75720ff4acbc,discovery,0train,PASS,950,S04_0train_T087,4,1,right_hand,True,0.0,9.230971363663478e-14,3.5874976956801313e-10,3886.370734288973,True
1.0,ff7143dca8408a73233321fc7219358e48f2336bad0cb63f4e76f8988e77ecce,ca0178be9c5fd168509f48974d2b3e1bbc91b2ba4e8e9e320299fd98dcf765e8,0c9085a7366142fd489e5640b36c75720ff4acbc,discovery,0train,PASS,951,S04_0train_T088,4,1,feet,True,0.0,9.421343453537673e-14,3.6700647253585777e-10,3895.479178163794,True
1.0,ff7143dca8408a73233321fc7219358e48f2336bad0cb63f4e76f8988e77ecce,ca0178be9c5fd168509f48974d2b3e1bbc91b2ba4e8e9e320299fd98dcf765e8,0c9085a7366142fd489e5640b36c75720ff4acbc,discovery,0train,PASS,952,S04_0train_T089,4,1,right_hand,True,0.0,9.995578576722831e-14,4.940447715972684e-10,4942.633063260325,True
1.0,ff7143dca8408a73233321fc7219358e48f2336bad0cb63f4e76f8988e77ecce,ca0178be9c5fd168509f48974d2b3e1bbc91b2ba4e8e9e320299fd98dcf765e8,0c9085a7366142fd489e5640b36c75720ff4acbc,discovery,0train,PASS,953,S04_0train_T090,4,1,tongue,True,0.0,1.0517861927038825e-13,4.1978883203861507e-10,3991.1993041042083,True
1.0,ff7143dca8408a73233321fc7219358e48f2336bad0cb63f4e76f8988e77ecce,ca0178be9c5fd168509f48974d2b3e1bbc91b2ba4e8e9e320299fd98dcf765e8,0c9085a7366142fd489e5640b36c75720ff4acbc,discovery,0train,PASS,954,S04_0train_T091,4,1,feet,True,0.0,8.841250202366047e-14,3.1389249321461346e-10,3550.3179531172104,True
1.0,ff7143dca8408a73233321fc7219358e48f2336bad0cb63f4e76f8988e77ecce,ca0178be9c5fd168509f48974d2b3e1bbc91b2ba4e8e9e320299fd98dcf765e8,0c9085a7366142fd489e5640b36c75720ff4acbc,discovery,0train,PASS,955,S04_0train_T092,4,1,tongue,True,0.0,7.481971765251657e-14,2.8431656621584384e-10,3800.0219078116343,True
1.0,ff7143dca8408a73233321fc7219358e48f2336bad0cb63f4e76f8988e77ecce,ca0178be9c5fd168509f48974d2b3e1bbc91b2ba4e8e9e320299fd98dcf765e8,0c9085a7366142fd489e5640b36c75720ff4acbc,discovery,0train,PASS,956,S04_0train_T093,4,1,tongue,True,0.0,8.418184586876334e-14,3.5414873650444313e-10,4206.949049995281,True
1.0,ff7143dca8408a73233321fc7219358e48f2336bad0cb63f4e76f8988e77ecce,ca0178be9c5fd168509f48974d2b3e1bbc91b2ba4e8e9e320299fd98dcf765e8,0c9085a7366142fd489e5640b36c75720ff4acbc,discovery,0train,PASS,957,S04_0train_T094,4,1,feet,True,0.0,8.689606460462812e-14,3.5652617081241514e-10,4102.903536939076,True
1.0,ff7143dca8408a73233321fc7219358e48f2336bad0cb63f4e76f8988e77ecce,ca0178be9c5fd168509f48974d2b3e1bbc91b2ba4e8e9e320299fd98dcf765e8,0c9085a7366142fd489e5640b36c75720ff4acbc,discovery,0train,PASS,958,S04_0train_T095,4,1,left_hand,True,0.0,8.271959920619618e-14,3.3477926856110165e-10,4047.157768820823,True
1.0,ff7143dca8408a73233321fc7219358e48f2336bad0cb63f4e76f8988e77ecce,ca0178be9c5fd168509f48974d2b3e1bbc91b2ba4e8e9e320299fd98dcf765e8,0c9085a7366142fd489e5640b36c75720ff4acbc,discovery,0train,PASS,959,S04_0train_T096,4,1,feet,True,0.0,8.617122483897091e-14,3.126764151001414e-10,3628.547878766295,True
1.0,ff7143dca8408a73233321fc7219358e48f2336bad0cb63f4e76f8988e77ecce,ca0178be9c5fd168509f48974d2b3e1bbc91b2ba4e8e9e320299fd98dcf765e8,0c9085a7366142fd489e5640b36c75720ff4acbc,discovery,0train,PASS,960,S04_0train_T097,4,2,left_hand,True,0.0,8.51820458020029e-14,3.8781357342843783e-10,4552.761908652341,True
1.0,ff7143dca8408a73233321fc7219358e48f2336bad0cb63f4e76f8988e77ecce,ca0178be9c5fd168509f48974d2b3e1bbc91b2ba4e8e9e320299fd98dcf765e8,0c9085a7366142fd489e5640b36c75720ff4acbc,discovery,0train,PASS,961,S04_0train_T098,4,2,right_hand,True,0.0,6.730662198009467e-14,2.415359606805593e-10,3588.5913387837436,True
1.0,ff7143dca8408a73233321fc7219358e48f2336bad0cb63f4e76f8988e77ecce,ca0178be9c5fd168509f48974d2b3e1bbc91b2ba4e8e9e320299fd98dcf765e8,0c9085a7366142fd489e5640b36c75720ff4acbc,discovery,0train,PASS,962,S04_0train_T099,4,2,right_hand,True,0.0,7.788033113283147e-14,3.04260064865487e-10,3906.7638829956413,True
1.0,ff7143dca8408a73233321fc7219358e48f2336bad0cb63f4e76f8988e77ecce,ca0178be9c5fd168509f48974d2b3e1bbc91b2ba4e8e9e320299fd98dcf765e8,0c9085a7366142fd489e5640b36c75720ff4acbc,discovery,0train,PASS,963,S04_0train_T100,4,2,left_hand,True,0.0,6.647875142198429e-14,2.724827153992641e-10,4098.794119486952,True
1.0,ff7143dca8408a73233321fc7219358e48f2336bad0cb63f4e76f8988e77ecce,ca0178be9c5fd168509f48974d2b3e1bbc91b2ba4e8e9e320299fd98dcf765e8,0c9085a7366142fd489e5640b36c75720ff4acbc,discovery,0train,PASS,964,S04_0train_T101,4,2,right_hand,True,0.0,8.636031329841011e-14,3.4303730806208477e-10,3972.163774774079,True
1.0,ff7143dca8408a73233321fc7219358e48f2336bad0cb63f4e76f8988e77ecce,ca0178be9c5fd168509f48974d2b3e1bbc91b2ba4e8e9e320299fd98dcf765e8,0c9085a7366142fd489e5640b36c75720ff4acbc,discovery,0train,PASS,965,S04_0train_T102,4,2,left_hand,True,0.0,8.380848003694947e-14,3.209839848195175e-10,3829.9702449919405,True
1.0,ff7143dca8408a73233321fc7219358e48f2336bad0cb63f4e76f8988e77ecce,ca0178be9c5fd168509f48974d2b3e1bbc91b2ba4e8e9e320299fd98dcf765e8,0c9085a7366142fd489e5640b36c75720ff4acbc,discovery,0train,PASS,966,S04_0train_T103,4,2,right_hand,True,0.0,8.881299931912896e-14,3.043150886795542e-10,3426.470122758363,True
1.0,ff7143dca8408a73233321fc7219358e48f2336bad0cb63f4e76f8988e77ecce,ca0178be9c5fd168509f48974d2b3e1bbc91b2ba4e8e9e320299fd98dcf765e8,0c9085a7366142fd489e5640b36c75720ff4acbc,discovery,0train,PASS,967,S04_0train_T104,4,2,feet,True,0.0,8.355351049629484e-14,3.0562943695842297e-10,3657.8886409802735,True
1.0,ff7143dca8408a73233321fc7219358e48f2336bad0cb63f4e76f8988e77ecce,ca0178be9c5fd168509f48974d2b3e1bbc91b2ba4e8e9e320299fd98dcf765e8,0c9085a7366142fd489e5640b36c75720ff4acbc,discovery,0train,PASS,968,S04_0train_T105,4,2,right_hand,True,0.0,8.901875186141781e-14,2.848730089054239e-10,3200.1460697731095,True
1.0,ff7143dca8408a73233321fc7219358e48f2336bad0cb63f4e76f8988e77ecce,ca0178be9c5fd168509f48974d2b3e1bbc91b2ba4e8e9e320299fd98dcf765e8,0c9085a7366142fd489e5640b36c75720ff4acbc,discovery,0train,PASS,969,S04_0train_T106,4,2,tongue,True,0.0,7.643289391105179e-14,3.3853101752202834e-10,4429.127306313841,True
1.0,ff7143dca8408a73233321fc7219358e48f2336bad0cb63f4e76f8988e77ecce,ca0178be9c5fd168509f48974d2b3e1bbc91b2ba4e8e9e320299fd98dcf765e8,0c9085a7366142fd489e5640b36c75720ff4acbc,discovery,0train,PASS,970,S04_0train_T107,4,2,left_hand,True,0.0,8.92401193224757e-14,3.6390906504211353e-10,4077.863945106365,True
1.0,ff7143dca8408a73233321fc7219358e48f2336bad0cb63f4e76f8988e77ecce,ca0178be9c5fd168509f48974d2b3e1bbc91b2ba4e8e9e320299fd98dcf765e8,0c9085a7366142fd489e5640b36c75720ff4acbc,discovery,0train,PASS,971,S04_0train_T108,4,2,feet,True,0.0,8.50591099711268e-14,2.273055458863318e-10,2672.3245277723972,True
1.0,ff7143dca8408a73233321fc7219358e48f2336bad0cb63f4e76f8988e77ecce,ca0178be9c5fd168509f48974d2b3e1bbc91b2ba4e8e9e320299fd98dcf765e8,0c9085a7366142fd489e5640b36c75720ff4acbc,discovery,0train,PASS,972,S04_0train_T109,4,2,right_hand,True,0.0,9.15260040071008e-14,3.332927388270981e-10,3641.5086886262457,True
1.0,ff7143dca8408a73233321fc7219358e48f2336bad0cb63f4e76f8988e77ecce,ca0178be9c5fd168509f48974d2b3e1bbc91b2ba4e8e9e320299fd98dcf765e8,0c9085a7366142fd489e5640b36c75720ff4acbc,discovery,0train,PASS,973,S04_0train_T110,4,2,left_hand,True,0.0,9.465103862559277e-14,3.2878862539342575e-10,3473.6927366851346,True
1.0,ff7143dca8408a73233321fc7219358e48f2336bad0cb63f4e76f8988e77ecce,ca0178be9c5fd168509f48974d2b3e1bbc91b2ba4e8e9e320299fd98dcf765e8,0c9085a7366142fd489e5640b36c75720ff4acbc,discovery,0train,PASS,974,S04_0train_T111,4,2,tongue,True,0.0,8.842248868961533e-14,3.8697170077602433e-10,4376.39458593379,True
1.0,ff7143dca8408a73233321fc7219358e48f2336bad0cb63f4e76f8988e77ecce,ca0178be9c5fd168509f48974d2b3e1bbc91b2ba4e8e9e320299fd98dcf765e8,0c9085a7366142fd489e5640b36c75720ff4acbc,discovery,0train,PASS,975,S04_0train_T112,4,2,tongue,True,0.0,8.361448136349182e-14,3.4961999537304295e-10,4181.33306183127,True
1.0,ff7143dca8408a73233321fc7219358e48f2336bad0cb63f4e76f8988e77ecce,ca0178be9c5fd168509f48974d2b3e1bbc91b2ba4e8e9e320299fd98dcf765e8,0c9085a7366142fd489e5640b36c75720ff4acbc,discovery,0train,PASS,976,S04_0train_T113,4,2,tongue,True,0.0,1.0391858226281988e-13,3.956129076943801e-10,3806.950586506635,True
1.0,ff7143dca8408a73233321fc7219358e48f2336bad0cb63f4e76f8988e77ecce,ca0178be9c5fd168509f48974d2b3e1bbc91b2ba4e8e9e320299fd98dcf765e8,0c9085a7366142fd489e5640b36c75720ff4acbc,discovery,0train,PASS,977,S04_0train_T114,4,2,tongue,True,0.0,8.719354878291977e-14,3.227746524865187e-10,3701.8180472285885,True
1.0,ff7143dca8408a73233321fc7219358e48f2336bad0cb63f4e76f8988e77ecce,ca0178be9c5fd168509f48974d2b3e1bbc91b2ba4e8e9e320299fd98dcf765e8,0c9085a7366142fd489e5640b36c75720ff4acbc,discovery,0train,PASS,978,S04_0train_T115,4,2,tongue,True,0.0,9.051885407798695e-14,3.8848720518796907e-10,4291.782183336812,True
1.0,ff7143dca8408a73233321fc7219358e48f2336bad0cb63f4e76f8988e77ecce,ca0178be9c5fd168509f48974d2b3e1bbc91b2ba4e8e9e320299fd98dcf765e8,0c9085a7366142fd489e5640b36c75720ff4acbc,discovery,0train,PASS,979,S04_0train_T116,4,2,left_hand,True,0.0,8.099754002882486e-14,2.9107134976431435e-10,3593.582591035849,True
1.0,ff7143dca8408a73233321fc7219358e48f2336bad0cb63f4e76f8988e77ecce,ca0178be9c5fd168509f48974d2b3e1bbc91b2ba4e8e9e320299fd98dcf765e8,0c9085a7366142fd489e5640b36c75720ff4acbc,discovery,0train,PASS,980,S04_0train_T117,4,2,feet,True,0.0,6.861474534818361e-14,2.3855332609208954e-10,3476.7064263163456,True
1.0,ff7143dca8408a73233321fc7219358e48f2336bad0cb63f4e76f8988e77ecce,ca0178be9c5fd168509f48974d2b3e1bbc91b2ba4e8e9e320299fd98dcf765e8,0c9085a7366142fd489e5640b36c75720ff4acbc,discovery,0train,PASS,981,S04_0train_T118,4,2,right_hand,True,0.0,9.417083243443367e-14,3.4496933509227534e-10,3663.2291143062776,True
1.0,ff7143dca8408a73233321fc7219358e48f2336bad0cb63f4e76f8988e77ecce,ca0178be9c5fd168509f48974d2b3e1bbc91b2ba4e8e9e320299fd98dcf765e8,0c9085a7366142fd489e5640b36c75720ff4acbc,discovery,0train,PASS,982,S04_0train_T119,4,2,left_hand,True,0.0,8.372729223365624e-14,3.0142790824701854e-10,3600.1153292504564,True
1.0,ff7143dca8408a73233321fc7219358e48f2336bad0cb63f4e76f8988e77ecce,ca0178be9c5fd168509f48974d2b3e1bbc91b2ba4e8e9e320299fd98dcf765e8,0c9085a7366142fd489e5640b36c75720ff4acbc,discovery,0train,PASS,983,S04_0train_T120,4,2,left_hand,True,0.0,9.805527038809288e-14,3.6099333669393146e-10,3681.5291545794144,True
1.0,ff7143dca8408a73233321fc7219358e48f2336bad0cb63f4e76f8988e77ecce,ca0178be9c5fd168509f48974d2b3e1bbc91b2ba4e8e9e320299fd98dcf765e8,0c9085a7366142fd489e5640b36c75720ff4acbc,discovery,0train,PASS,984,S04_0train_T121,4,2,feet,True,0.0,7.564037837354173e-14,2.8463563115460055e-10,3763.0117309693856,True
1.0,ff7143dca8408a73233321fc7219358e48f2336bad0cb63f4e76f8988e77ecce,ca0178be9c5fd168509f48974d2b3e1bbc91b2ba4e8e9e320299fd98dcf765e8,0c9085a7366142fd489e5640b36c75720ff4acbc,discovery,0train,PASS,985,S04_0train_T122,4,2,tongue,True,0.0,9.365948417892844e-14,3.726120013143102e-10,3978.3691377422797,True
1.0,ff7143dca8408a73233321fc7219358e48f2336bad0cb63f4e76f8988e77ecce,ca0178be9c5fd168509f48974d2b3e1bbc91b2ba4e8e9e320299fd98dcf765e8,0c9085a7366142fd489e5640b36c75720ff4acbc,discovery,0train,PASS,986,S04_0train_T123,4,2,left_hand,True,0.0,1.0617687310353672e-13,4.4130256297342763e-10,4156.2964709188445,True
1.0,ff7143dca8408a73233321fc7219358e48f2336bad0cb63f4e76f8988e77ecce,ca0178be9c5fd168509f48974d2b3e1bbc91b2ba4e8e9e320299fd98dcf765e8,0c9085a7366142fd489e5640b36c75720ff4acbc,discovery,0train,PASS,987,S04_0train_T124,4,2,feet,True,0.0,1.0029822107873488e-13,3.815370435094675e-10,3804.0260276396925,True
1.0,ff7143dca8408a73233321fc7219358e48f2336bad0cb63f4e76f8988e77ecce,ca0178be9c5fd168509f48974d2b3e1bbc91b2ba4e8e9e320299fd98dcf765e8,0c9085a7366142fd489e5640b36c75720ff4acbc,discovery,0train,PASS,988,S04_0train_T125,4,2,feet,True,0.0,1.0889330970574364e-13,4.0822248119969793e-10,3748.8297701926313,True
1.0,ff7143dca8408a73233321fc7219358e48f2336bad0cb63f4e76f8988e77ecce,ca0178be9c5fd168509f48974d2b3e1bbc91b2ba4e8e9e320299fd98dcf765e8,0c9085a7366142fd489e5640b36c75720ff4acbc,discovery,0train,PASS,989,S04_0train_T126,4,2,feet,True,0.0,1.1712274822738119e-13,3.957164462221381e-10,3378.6472074058343,True
1.0,ff7143dca8408a73233321fc7219358e48f2336bad0cb63f4e76f8988e77ecce,ca0178be9c5fd168509f48974d2b3e1bbc91b2ba4e8e9e320299fd98dcf765e8,0c9085a7366142fd489e5640b36c75720ff4acbc,discovery,0train,PASS,990,S04_0train_T127,4,2,left_hand,True,0.0,7.36515995038325e-14,3.0321760875243515e-10,4116.918176863994,True
1.0,ff7143dca8408a73233321fc7219358e48f2336bad0cb63f4e76f8988e77ecce,ca0178be9c5fd168509f48974d2b3e1bbc91b2ba4e8e9e320299fd98dcf765e8,0c9085a7366142fd489e5640b36c75720ff4acbc,discovery,0train,PASS,991,S04_0train_T128,4,2,right_hand,True,0.0,8.791559754655879e-14,2.9407087381136945e-10,3344.9226532940743,True
1.0,ff7143dca8408a73233321fc7219358e48f2336bad0cb63f4e76f8988e77ecce,ca0178be9c5fd168509f48974d2b3e1bbc91b2ba4e8e9e320299fd98dcf765e8,0c9085a7366142fd489e5640b36c75720ff4acbc,discovery,0train,PASS,992,S04_0train_T129,4,2,left_hand,True,0.0,9.87026972684403e-14,3.561340502933821e-10,3608.149120026674,True
1.0,ff7143dca8408a73233321fc7219358e48f2336bad0cb63f4e76f8988e77ecce,ca0178be9c5fd168509f48974d2b3e1bbc91b2ba4e8e9e320299fd98dcf765e8,0c9085a7366142fd489e5640b36c75720ff4acbc,discovery,0train,PASS,993,S04_0train_T130,4,2,right_hand,True,0.0,1.0256960531113546e-13,3.353381366811572e-10,3269.371425033174,True
1.0,ff7143dca8408a73233321fc7219358e48f2336bad0cb63f4e76f8988e77ecce,ca0178be9c5fd168509f48974d2b3e1bbc91b2ba4e8e9e320299fd98dcf765e8,0c9085a7366142fd489e5640b36c75720ff4acbc,discovery,0train,PASS,994,S04_0train_T131,4,2,right_hand,True,0.0,1.064984612914321e-13,4.4566514497327654e-10,4184.709709126387,True
1.0,ff7143dca8408a73233321fc7219358e48f2336bad0cb63f4e76f8988e77ecce,ca0178be9c5fd168509f48974d2b3e1bbc91b2ba4e8e9e320299fd98dcf765e8,0c9085a7366142fd489e5640b36c75720ff4acbc,discovery,0train,PASS,995,S04_0train_T132,4,2,left_hand,True,0.0,7.133342801756518e-14,2.6939590625837185e-10,3776.57311228665,True
1.0,ff7143dca8408a73233321fc7219358e48f2336bad0cb63f4e76f8988e77ecce,ca0178be9c5fd168509f48974d2b3e1bbc91b2ba4e8e9e320299fd98dcf765e8,0c9085a7366142fd489e5640b36c75720ff4acbc,discovery,0train,PASS,996,S04_0train_T133,4,2,right_hand,True,0.0,8.44881898883483e-14,2.9236692012777927e-10,3460.4471999476386,True
1.0,ff7143dca8408a73233321fc7219358e48f2336bad0cb63f4e76f8988e77ecce,ca0178be9c5fd168509f48974d2b3e1bbc91b2ba4e8e9e320299fd98dcf765e8,0c9085a7366142fd489e5640b36c75720ff4acbc,discovery,0train,PASS,997,S04_0train_T134,4,2,feet,True,0.0,8.67481280320529e-14,3.426357129424397e-10,3949.7764472316676,True
1.0,ff7143dca8408a73233321fc7219358e48f2336bad0cb63f4e76f8988e77ecce,ca0178be9c5fd168509f48974d2b3e1bbc91b2ba4e8e9e320299fd98dcf765e8,0c9085a7366142fd489e5640b36c75720ff4acbc,discovery,0train,PASS,998,S04_0train_T135,4,2,right_hand,True,0.0,8.708944200855326e-14,3.1789623860840367e-10,3650.2270685944036,True
1.0,ff7143dca8408a73233321fc7219358e48f2336bad0cb63f4e76f8988e77ecce,ca0178be9c5fd168509f48974d2b3e1bbc91b2ba4e8e9e320299fd98dcf765e8,0c9085a7366142fd489e5640b36c75720ff4acbc,discovery,0train,PASS,999,S04_0train_T136,4,2,feet,True,0.0,8.849725383623548e-14,2.9600573129405955e-10,3344.8013182625905,True
1.0,ff7143dca8408a73233321fc7219358e48f2336bad0cb63f4e76f8988e77ecce,ca0178be9c5fd168509f48974d2b3e1bbc91b2ba4e8e9e320299fd98dcf765e8,0c9085a7366142fd489e5640b36c75720ff4acbc,discovery,0train,PASS,1000,S04_0train_T137,4,2,feet,True,0.0,8.957546636576875e-14,3.037248796974346e-10,3390.71502521926,True
1.0,ff7143dca8408a73233321fc7219358e48f2336bad0cb63f4e76f8988e77ecce,ca0178be9c5fd168509f48974d2b3e1bbc91b2ba4e8e9e320299fd98dcf765e8,0c9085a7366142fd489e5640b36c75720ff4acbc,discovery,0train,PASS,1001,S04_0train_T138,4,2,tongue,True,0.0,9.256722530704378e-14,3.6693165928449916e-10,3963.9479099367363,True
1.0,ff7143dca8408a73233321fc7219358e48f2336bad0cb63f4e76f8988e77ecce,ca0178be9c5fd168509f48974d2b3e1bbc91b2ba4e8e9e320299fd98dcf765e8,0c9085a7366142fd489e5640b36c75720ff4acbc,discovery,0train,PASS,1002,S04_0train_T139,4,2,feet,True,0.0,1.0804778929406867e-13,4.2383865413119665e-10,3922.6962152613282,True
1.0,ff7143dca8408a73233321fc7219358e48f2336bad0cb63f4e76f8988e77ecce,ca0178be9c5fd168509f48974d2b3e1bbc91b2ba4e8e9e320299fd98dcf765e8,0c9085a7366142fd489e5640b36c75720ff4acbc,discovery,0train,PASS,1003,S04_0train_T140,4,2,feet,True,0.0,8.297941166138112e-14,2.910312195624373e-10,3507.270222040923,True
1.0,ff7143dca8408a73233321fc7219358e48f2336bad0cb63f4e76f8988e77ecce,ca0178be9c5fd168509f48974d2b3e1bbc91b2ba4e8e9e320299fd98dcf765e8,0c9085a7366142fd489e5640b36c75720ff4acbc,discovery,0train,PASS,1004,S04_0train_T141,4,2,tongue,True,0.0,9.509182896273604e-14,3.369780198260439e-10,3543.7116259284135,True
1.0,ff7143dca8408a73233321fc7219358e48f2336bad0cb63f4e76f8988e77ecce,ca0178be9c5fd168509f48974d2b3e1bbc91b2ba4e8e9e320299fd98dcf765e8,0c9085a7366142fd489e5640b36c75720ff4acbc,discovery,0train,PASS,1005,S04_0train_T142,4,2,tongue,True,0.0,8.274728900723054e-14,3.0177171668325803e-10,3646.907594240204,True
1.0,ff7143dca8408a73233321fc7219358e48f2336bad0cb63f4e76f8988e77ecce,ca0178be9c5fd168509f48974d2b3e1bbc91b2ba4e8e9e320299fd98dcf765e8,0c9085a7366142fd489e5640b36c75720ff4acbc,discovery,0train,PASS,1006,S04_0train_T143,4,2,tongue,True,0.0,7.754889770132712e-14,2.646832627782114e-10,3413.1144429365863,True
1.0,ff7143dca8408a73233321fc7219358e48f2336bad0cb63f4e76f8988e77ecce,ca0178be9c5fd168509f48974d2b3e1bbc91b2ba4e8e9e320299fd98dcf765e8,0c9085a7366142fd489e5640b36c75720ff4acbc,discovery,0train,PASS,1007,S04_0train_T144,4,2,tongue,True,0.0,8.655732577992603e-14,3.6893115285282996e-10,4262.275313251311,True
1.0,ff7143dca8408a73233321fc7219358e48f2336bad0cb63f4e76f8988e77ecce,ca0178be9c5fd168509f48974d2b3e1bbc91b2ba4e8e9e320299fd98dcf765e8,0c9085a7366142fd489e5640b36c75720ff4acbc,discovery,0train,PASS,1008,S04_0train_T145,4,3,tongue,True,0.0,1.2928739429804876e-13,6.746063145495071e-10,5217.881590175172,True
1.0,ff7143dca8408a73233321fc7219358e48f2336bad0cb63f4e76f8988e77ecce,ca0178be9c5fd168509f48974d2b3e1bbc91b2ba4e8e9e320299fd98dcf765e8,0c9085a7366142fd489e5640b36c75720ff4acbc,discovery,0train,PASS,1009,S04_0train_T146,4,3,feet,True,0.0,1.3746591536675207e-13,6.031276601824705e-10,4387.470585514647,True
1.0,ff7143dca8408a73233321fc7219358e48f2336bad0cb63f4e76f8988e77ecce,ca0178be9c5fd168509f48974d2b3e1bbc91b2ba4e8e9e320299fd98dcf765e8,0c9085a7366142fd489e5640b36c75720ff4acbc,discovery,0train,PASS,1010,S04_0train_T147,4,3,right_hand,True,0.0,1.373666506846056e-13,6.559816232627171e-10,4775.406694371937,True
1.0,ff7143dca8408a73233321fc7219358e48f2336bad0cb63f4e76f8988e77ecce,ca0178be9c5fd168509f48974d2b3e1bbc91b2ba4e8e9e320299fd98dcf765e8,0c9085a7366142fd489e5640b36c75720ff4acbc,discovery,0train,PASS,1011,S04_0train_T148,4,3,left_hand,True,0.0,9.471441216510235e-14,3.096701241651632e-10,3269.5142912924243,True
1.0,ff7143dca8408a73233321fc7219358e48f2336bad0cb63f4e76f8988e77ecce,ca0178be9c5fd168509f48974d2b3e1bbc91b2ba4e8e9e320299fd98dcf765e8,0c9085a7366142fd489e5640b36c75720ff4acbc,discovery,0train,PASS,1012,S04_0train_T149,4,3,left_hand,True,0.0,7.5308385492891e-14,3.19482963914588e-10,4242.329215047994,True
1.0,ff7143dca8408a73233321fc7219358e48f2336bad0cb63f4e76f8988e77ecce,ca0178be9c5fd168509f48974d2b3e1bbc91b2ba4e8e9e320299fd98dcf765e8,0c9085a7366142fd489e5640b36c75720ff4acbc,discovery,0train,PASS,1013,S04_0train_T150,4,3,right_hand,True,0.0,1.1021671375208429e-13,4.613505205517579e-10,4185.84899554795,True
1.0,ff7143dca8408a73233321fc7219358e48f2336bad0cb63f4e76f8988e77ecce,ca0178be9c5fd168509f48974d2b3e1bbc91b2ba4e8e9e320299fd98dcf765e8,0c9085a7366142fd489e5640b36c75720ff4acbc,discovery,0train,PASS,1014,S04_0train_T151,4,3,feet,True,0.0,9.930209508015248e-14,4.1461932950315704e-10,4175.333150508997,True
1.0,ff7143dca8408a73233321fc7219358e48f2336bad0cb63f4e76f8988e77ecce,ca0178be9c5fd168509f48974d2b3e1bbc91b2ba4e8e9e320299fd98dcf765e8,0c9085a7366142fd489e5640b36c75720ff4acbc,discovery,0train,PASS,1015,S04_0train_T152,4,3,tongue,True,0.0,1.1158476901563813e-13,4.3201765527680753e-10,3871.654340354122,True
1.0,ff7143dca8408a73233321fc7219358e48f2336bad0cb63f4e76f8988e77ecce,ca0178be9c5fd168509f48974d2b3e1bbc91b2ba4e8e9e320299fd98dcf765e8,0c9085a7366142fd489e5640b36c75720ff4acbc,discovery,0train,PASS,1016,S04_0train_T153,4,3,right_hand,True,0.0,1.0501651424555542e-13,4.44166105078612e-10,4229.488174022214,True
1.0,ff7143dca8408a73233321fc7219358e48f2336bad0cb63f4e76f8988e77ecce,ca0178be9c5fd168509f48974d2b3e1bbc91b2ba4e8e9e320299fd98dcf765e8,0c9085a7366142fd489e5640b36c75720ff4acbc,discovery,0train,PASS,1017,S04_0train_T154,4,3,feet,True,0.0,8.960810261779342e-14,3.489362271621504e-10,3894.0253946729854,True
1.0,ff7143dca8408a73233321fc7219358e48f2336bad0cb63f4e76f8988e77ecce,ca0178be9c5fd168509f48974d2b3e1bbc91b2ba4e8e9e320299fd98dcf765e8,0c9085a7366142fd489e5640b36c75720ff4acbc,discovery,0train,PASS,1018,S04_0train_T155,4,3,left_hand,True,0.0,8.835168220202782e-14,2.811795959937876e-10,3182.5041582211556,True
1.0,ff7143dca8408a73233321fc7219358e48f2336bad0cb63f4e76f8988e77ecce,ca0178be9c5fd168509f48974d2b3e1bbc91b2ba4e8e9e320299fd98dcf765e8,0c9085a7366142fd489e5640b36c75720ff4acbc,discovery,0train,PASS,1019,S04_0train_T156,4,3,left_hand,True,0.0,9.771501813958959e-14,3.558976011552351e-10,3642.199612006641,True
1.0,ff7143dca8408a73233321fc7219358e48f2336bad0cb63f4e76f8988e77ecce,ca0178be9c5fd168509f48974d2b3e1bbc91b2ba4e8e9e320299fd98dcf765e8,0c9085a7366142fd489e5640b36c75720ff4acbc,discovery,0train,PASS,1020,S04_0train_T157,4,3,left_hand,True,0.0,8.570504578776662e-14,2.6062943739746857e-10,3041.0045873246627,True
1.0,ff7143dca8408a73233321fc7219358e48f2336bad0cb63f4e76f8988e77ecce,ca0178be9c5fd168509f48974d2b3e1bbc91b2ba4e8e9e320299fd98dcf765e8,0c9085a7366142fd489e5640b36c75720ff4acbc,discovery,0train,PASS,1021,S04_0train_T158,4,3,tongue,True,0.0,8.634974951149869e-14,3.154354783196804e-10,3652.9981859145487,True
1.0,ff7143dca8408a73233321fc7219358e48f2336bad0cb63f4e76f8988e77ecce,ca0178be9c5fd168509f48974d2b3e1bbc91b2ba4e8e9e320299fd98dcf765e8,0c9085a7366142fd489e5640b36c75720ff4acbc,discovery,0train,PASS,1022,S04_0train_T159,4,3,right_hand,True,0.0,1.06247838047606e-13,4.090841038535927e-10,3850.2816750990846,True
1.0,ff7143dca8408a73233321fc7219358e48f2336bad0cb63f4e76f8988e77ecce,ca0178be9c5fd168509f48974d2b3e1bbc91b2ba4e8e9e320299fd98dcf765e8,0c9085a7366142fd489e5640b36c75720ff4acbc,discovery,0train,PASS,1023,S04_0train_T160,4,3,right_hand,True,0.0,8.349342299879369e-14,2.852415964499624e-10,3416.3361161283756,True
1.0,ff7143dca8408a73233321fc7219358e48f2336bad0cb63f4e76f8988e77ecce,ca0178be9c5fd168509f48974d2b3e1bbc91b2ba4e8e9e320299fd98dcf765e8,0c9085a7366142fd489e5640b36c75720ff4acbc,discovery,0train,PASS,1024,S04_0train_T161,4,3,left_hand,True,0.0,1.0282788792059203e-13,4.257097252222847e-10,4140.0220682451,True
1.0,ff7143dca8408a73233321fc7219358e48f2336bad0cb63f4e76f8988e77ecce,ca0178be9c5fd168509f48974d2b3e1bbc91b2ba4e8e9e320299fd98dcf765e8,0c9085a7366142fd489e5640b36c75720ff4acbc,discovery,0train,PASS,1025,S04_0train_T162,4,3,left_hand,True,0.0,1.1547394364447648e-13,4.236880403781636e-10,3669.1224617964285,True
1.0,ff7143dca8408a73233321fc7219358e48f2336bad0cb63f4e76f8988e77ecce,ca0178be9c5fd168509f48974d2b3e1bbc91b2ba4e8e9e320299fd98dcf765e8,0c9085a7366142fd489e5640b36c75720ff4acbc,discovery,0train,PASS,1026,S04_0train_T163,4,3,feet,True,0.0,1.143117703991895e-13,4.3218920970905145e-10,3780.7935980677958,True
1.0,ff7143dca8408a73233321fc7219358e48f2336bad0cb63f4e76f8988e77ecce,ca0178be9c5fd168509f48974d2b3e1bbc91b2ba4e8e9e320299fd98dcf765e8,0c9085a7366142fd489e5640b36c75720ff4acbc,discovery,0train,PASS,1027,S04_0train_T164,4,3,left_hand,True,0.0,9.127637868696331e-14,3.787193456247595e-10,4149.149550768173,True
1.0,ff7143dca8408a73233321fc7219358e48f2336bad0cb63f4e76f8988e77ecce,ca0178be9c5fd168509f48974d2b3e1bbc91b2ba4e8e9e320299fd98dcf765e8,0c9085a7366142fd489e5640b36c75720ff4acbc,discovery,0train,PASS,1028,S04_0train_T165,4,3,right_hand,True,0.0,1.1376610279771416e-13,4.0199219769571516e-10,3533.4971297249376,True
1.0,ff7143dca8408a73233321fc7219358e48f2336bad0cb63f4e76f8988e77ecce,ca0178be9c5fd168509f48974d2b3e1bbc91b2ba4e8e9e320299fd98dcf765e8,0c9085a7366142fd489e5640b36c75720ff4acbc,discovery,0train,PASS,1029,S04_0train_T166,4,3,tongue,True,0.0,1.1512494593260838e-13,4.6117210830111956e-10,4005.8399555825163,True
1.0,ff7143dca8408a73233321fc7219358e48f2336bad0cb63f4e76f8988e77ecce,ca0178be9c5fd168509f48974d2b3e1bbc91b2ba4e8e9e320299fd98dcf765e8,0c9085a7366142fd489e5640b36c75720ff4acbc,discovery,0train,PASS,1030,S04_0train_T167,4,3,tongue,True,0.0,1.0303099972595261e-13,2.9039814212755696e-10,2818.551143830241,True
1.0,ff7143dca8408a73233321fc7219358e48f2336bad0cb63f4e76f8988e77ecce,ca0178be9c5fd168509f48974d2b3e1bbc91b2ba4e8e9e320299fd98dcf765e8,0c9085a7366142fd489e5640b36c75720ff4acbc,discovery,0train,PASS,1031,S04_0train_T168,4,3,feet,True,0.0,1.0224176528374814e-13,3.715081673148208e-10,3633.6243440612225,True
1.0,ff7143dca8408a73233321fc7219358e48f2336bad0cb63f4e76f8988e77ecce,ca0178be9c5fd168509f48974d2b3e1bbc91b2ba4e8e9e320299fd98dcf765e8,0c9085a7366142fd489e5640b36c75720ff4acbc,discovery,0train,PASS,1032,S04_0train_T169,4,3,left_hand,True,0.0,8.672174086947218e-14,3.4013601485279913e-10,3922.153907919692,True
1.0,ff7143dca8408a73233321fc7219358e48f2336bad0cb63f4e76f8988e77ecce,ca0178be9c5fd168509f48974d2b3e1bbc91b2ba4e8e9e320299fd98dcf765e8,0c9085a7366142fd489e5640b36c75720ff4acbc,discovery,0train,PASS,1033,S04_0train_T170,4,3,tongue,True,0.0,1.0790429509966116e-13,3.8631765612737114e-10,3580.1879412730095,True
1.0,ff7143dca8408a73233321fc7219358e48f2336bad0cb63f4e76f8988e77ecce,ca0178be9c5fd168509f48974d2b3e1bbc91b2ba4e8e9e320299fd98dcf765e8,0c9085a7366142fd489e5640b36c75720ff4acbc,discovery,0train,PASS,1034,S04_0train_T171,4,3,tongue,True,0.0,1.1914478304739288e-13,4.153985549352547e-10,3486.5022564187248,True
1.0,ff7143dca8408a73233321fc7219358e48f2336bad0cb63f4e76f8988e77ecce,ca0178be9c5fd168509f48974d2b3e1bbc91b2ba4e8e9e320299fd98dcf765e8,0c9085a7366142fd489e5640b36c75720ff4acbc,discovery,0train,PASS,1035,S04_0train_T172,4,3,right_hand,True,0.0,1.2199236738954929e-13,4.5199610011228924e-10,3705.1178674888997,True
1.0,ff7143dca8408a73233321fc7219358e48f2336bad0cb63f4e76f8988e77ecce,ca0178be9c5fd168509f48974d2b3e1bbc91b2ba4e8e9e320299fd98dcf765e8,0c9085a7366142fd489e5640b36c75720ff4acbc,discovery,0train,PASS,1036,S04_0train_T173,4,3,tongue,True,0.0,9.63342086622153e-14,3.530239507971224e-10,3664.5751877711464,True
1.0,ff7143dca8408a73233321fc7219358e48f2336bad0cb63f4e76f8988e77ecce,ca0178be9c5fd168509f48974d2b3e1bbc91b2ba4e8e9e320299fd98dcf765e8,0c9085a7366142fd489e5640b36c75720ff4acbc,discovery,0train,PASS,1037,S04_0train_T174,4,3,tongue,True,0.0,8.884583097797005e-14,3.259855702654755e-10,3669.1149902836287,True
1.0,ff7143dca8408a73233321fc7219358e48f2336bad0cb63f4e76f8988e77ecce,ca0178be9c5fd168509f48974d2b3e1bbc91b2ba4e8e9e320299fd98dcf765e8,0c9085a7366142fd489e5640b36c75720ff4acbc,discovery,0train,PASS,1038,S04_0train_T175,4,3,right_hand,True,0.0,8.107030639530157e-14,2.7897014613156885e-10,3441.089081016926,True
1.0,ff7143dca8408a73233321fc7219358e48f2336bad0cb63f4e76f8988e77ecce,ca0178be9c5fd168509f48974d2b3e1bbc91b2ba4e8e9e320299fd98dcf765e8,0c9085a7366142fd489e5640b36c75720ff4acbc,discovery,0train,PASS,1039,S04_0train_T176,4,3,left_hand,True,0.0,8.299452866230232e-14,2.8689979644170527e-10,3456.851928264767,True
1.0,ff7143dca8408a73233321fc7219358e48f2336bad0cb63f4e76f8988e77ecce,ca0178be9c5fd168509f48974d2b3e1bbc91b2ba4e8e9e320299fd98dcf765e8,0c9085a7366142fd489e5640b36c75720ff4acbc,discovery,0train,PASS,1040,S04_0train_T177,4,3,right_hand,True,0.0,1.0500007983107111e-13,4.5987513948786315e-10,4379.75990330418,True
1.0,ff7143dca8408a73233321fc7219358e48f2336bad0cb63f4e76f8988e77ecce,ca0178be9c5fd168509f48974d2b3e1bbc91b2ba4e8e9e320299fd98dcf765e8,0c9085a7366142fd489e5640b36c75720ff4acbc,discovery,0train,PASS,1041,S04_0train_T178,4,3,feet,True,0.0,9.770283361093976e-14,4.189993517026301e-10,4288.507673903481,True
1.0,ff7143dca8408a73233321fc7219358e48f2336bad0cb63f4e76f8988e77ecce,ca0178be9c5fd168509f48974d2b3e1bbc91b2ba4e8e9e320299fd98dcf765e8,0c9085a7366142fd489e5640b36c75720ff4acbc,discovery,0train,PASS,1042,S04_0train_T179,4,3,feet,True,0.0,1.0638778713312537e-13,3.757926562935213e-10,3532.291312942563,True
1.0,ff7143dca8408a73233321fc7219358e48f2336bad0cb63f4e76f8988e77ecce,ca0178be9c5fd168509f48974d2b3e1bbc91b2ba4e8e9e320299fd98dcf765e8,0c9085a7366142fd489e5640b36c75720ff4acbc,discovery,0train,PASS,1043,S04_0train_T180,4,3,feet,True,0.0,1.519035347768417e-13,6.507032112181908e-10,4283.660759929815,True
1.0,ff7143dca8408a73233321fc7219358e48f2336bad0cb63f4e76f8988e77ecce,ca0178be9c5fd168509f48974d2b3e1bbc91b2ba4e8e9e320299fd98dcf765e8,0c9085a7366142fd489e5640b36c75720ff4acbc,discovery,0train,PASS,1044,S04_0train_T181,4,3,tongue,True,0.0,8.502919537457049e-14,3.599001718089284e-10,4232.665853457705,True
1.0,ff7143dca8408a73233321fc7219358e48f2336bad0cb63f4e76f8988e77ecce,ca0178be9c5fd168509f48974d2b3e1bbc91b2ba4e8e9e320299fd98dcf765e8,0c9085a7366142fd489e5640b36c75720ff4acbc,discovery,0train,PASS,1045,S04_0train_T182,4,3,feet,True,0.0,8.089644006559032e-14,2.3051300096624982e-10,2849.4826321078076,True
1.0,ff7143dca8408a73233321fc7219358e48f2336bad0cb63f4e76f8988e77ecce,ca0178be9c5fd168509f48974d2b3e1bbc91b2ba4e8e9e320299fd98dcf765e8,0c9085a7366142fd489e5640b36c75720ff4acbc,discovery,0train,PASS,1046,S04_0train_T183,4,3,left_hand,True,0.0,8.956480973964137e-14,3.380640545676742e-10,3774.518759660214,True
1.0,ff7143dca8408a73233321fc7219358e48f2336bad0cb63f4e76f8988e77ecce,ca0178be9c5fd168509f48974d2b3e1bbc91b2ba4e8e9e320299fd98dcf765e8,0c9085a7366142fd489e5640b36c75720ff4acbc,discovery,0train,PASS,1047,S04_0train_T184,4,3,tongue,True,0.0,9.77120610474989e-14,3.2464063418364497e-10,3322.4213132279915,True
1.0,ff7143dca8408a73233321fc7219358e48f2336bad0cb63f4e76f8988e77ecce,ca0178be9c5fd168509f48974d2b3e1bbc91b2ba4e8e9e320299fd98dcf765e8,0c9085a7366142fd489e5640b36c75720ff4acbc,discovery,0train,PASS,1048,S04_0train_T185,4,3,right_hand,True,0.0,1.024889677520073e-13,3.6259093530716795e-10,3537.853324706419,True
1.0,ff7143dca8408a73233321fc7219358e48f2336bad0cb63f4e76f8988e77ecce,ca0178be9c5fd168509f48974d2b3e1bbc91b2ba4e8e9e320299fd98dcf765e8,0c9085a7366142fd489e5640b36c75720ff4acbc,discovery,0train,PASS,1049,S04_0train_T186,4,3,feet,True,0.0,9.539138410100704e-14,4.0679299379983486e-10,4264.462641291525,True
1.0,ff7143dca8408a73233321fc7219358e48f2336bad0cb63f4e76f8988e77ecce,ca0178be9c5fd168509f48974d2b3e1bbc91b2ba4e8e9e320299fd98dcf765e8,0c9085a7366142fd489e5640b36c75720ff4acbc,discovery,0train,PASS,1050,S04_0train_T187,4,3,right_hand,True,0.0,9.26379510398156e-14,3.643137938355819e-10,3932.66247522034,True
1.0,ff7143dca8408a73233321fc7219358e48f2336bad0cb63f4e76f8988e77ecce,ca0178be9c5fd168509f48974d2b3e1bbc91b2ba4e8e9e320299fd98dcf765e8,0c9085a7366142fd489e5640b36c75720ff4acbc,discovery,0train,PASS,1051,S04_0train_T188,4,3,feet,True,0.0,1.194033663193505e-13,4.255789130048627e-10,3564.2120161556404,True
1.0,ff7143dca8408a73233321fc7219358e48f2336bad0cb63f4e76f8988e77ecce,ca0178be9c5fd168509f48974d2b3e1bbc91b2ba4e8e9e320299fd98dcf765e8,0c9085a7366142fd489e5640b36c75720ff4acbc,discovery,0train,PASS,1052,S04_0train_T189,4,3,tongue,True,0.0,9.497381901415225e-14,3.7654527731796093e-10,3964.7271345574836,True
1.0,ff7143dca8408a73233321fc7219358e48f2336bad0cb63f4e76f8988e77ecce,ca0178be9c5fd168509f48974d2b3e1bbc91b2ba4e8e9e320299fd98dcf765e8,0c9085a7366142fd489e5640b36c75720ff4acbc,discovery,0train,PASS,1053,S04_0train_T190,4,3,right_hand,True,0.0,1.0791251116384655e-13,4.3792041120185883e-10,4058.1060201347013,True
1.0,ff7143dca8408a73233321fc7219358e48f2336bad0cb63f4e76f8988e77ecce,ca0178be9c5fd168509f48974d2b3e1bbc91b2ba4e8e9e320299fd98dcf765e8,0c9085a7366142fd489e5640b36c75720ff4acbc,discovery,0train,PASS,1054,S04_0train_T191,4,3,feet,True,0.0,8.105883807827324e-14,3.3636558071692427e-10,4149.647203086207,True
1.0,ff7143dca8408a73233321fc7219358e48f2336bad0cb63f4e76f8988e77ecce,ca0178be9c5fd168509f48974d2b3e1bbc91b2ba4e8e9e320299fd98dcf765e8,0c9085a7366142fd489e5640b36c75720ff4acbc,discovery,0train,PASS,1055,S04_0train_T192,4,3,left_hand,True,0.0,8.652317760895533e-14,3.4376504435155533e-10,3973.09777393075,True
1.0,ff7143dca8408a73233321fc7219358e48f2336bad0cb63f4e76f8988e77ecce,ca0178be9c5fd168509f48974d2b3e1bbc91b2ba4e8e9e320299fd98dcf765e8,0c9085a7366142fd489e5640b36c75720ff4acbc,discovery,0train,PASS,1056,S04_0train_T193,4,4,left_hand,True,0.0,7.305607809398041e-14,2.8311592229478635e-10,3875.3233089050013,True
1.0,ff7143dca8408a73233321fc7219358e48f2336bad0cb63f4e76f8988e77ecce,ca0178be9c5fd168509f48974d2b3e1bbc91b2ba4e8e9e320299fd98dcf765e8,0c9085a7366142fd489e5640b36c75720ff4acbc,discovery,0train,PASS,1057,S04_0train_T194,4,4,left_hand,True,0.0,8.367878907699747e-14,3.212994956425223e-10,3839.6766873248716,True
1.0,ff7143dca8408a73233321fc7219358e48f2336bad0cb63f4e76f8988e77ecce,ca0178be9c5fd168509f48974d2b3e1bbc91b2ba4e8e9e320299fd98dcf765e8,0c9085a7366142fd489e5640b36c75720ff4acbc,discovery,0train,PASS,1058,S04_0train_T195,4,4,tongue,True,0.0,7.446404313746351e-14,2.7404117410036155e-10,3680.181233168751,True
1.0,ff7143dca8408a73233321fc7219358e48f2336bad0cb63f4e76f8988e77ecce,ca0178be9c5fd168509f48974d2b3e1bbc91b2ba4e8e9e320299fd98dcf765e8,0c9085a7366142fd489e5640b36c75720ff4acbc,discovery,0train,PASS,1059,S04_0train_T196,4,4,right_hand,True,0.0,1.0542847529533238e-13,4.492722350716847e-10,4261.393649231454,True
1.0,ff7143dca8408a73233321fc7219358e48f2336bad0cb63f4e76f8988e77ecce,ca0178be9c5fd168509f48974d2b3e1bbc91b2ba4e8e9e320299fd98dcf765e8,0c9085a7366142fd489e5640b36c75720ff4acbc,discovery,0train,PASS,1060,S04_0train_T197,4,4,left_hand,True,0.0,9.690512099512512e-14,3.2408604480667437e-10,3344.3644822751703,True
1.0,ff7143dca8408a73233321fc7219358e48f2336bad0cb63f4e76f8988e77ecce,ca0178be9c5fd168509f48974d2b3e1bbc91b2ba4e8e9e320299fd98dcf765e8,0c9085a7366142fd489e5640b36c75720ff4acbc,discovery,0train,PASS,1061,S04_0train_T198,4,4,feet,True,0.0,7.933845747220359e-14,2.963673286895906e-10,3735.481355853478,True
1.0,ff7143dca8408a73233321fc7219358e48f2336bad0cb63f4e76f8988e77ecce,ca0178be9c5fd168509f48974d2b3e1bbc91b2ba4e8e9e320299fd98dcf765e8,0c9085a7366142fd489e5640b36c75720ff4acbc,discovery,0train,PASS,1062,S04_0train_T199,4,4,left_hand,True,0.0,8.571777113142693e-14,3.2811011229796884e-10,3827.7956597225725,True
1.0,ff7143dca8408a73233321fc7219358e48f2336bad0cb63f4e76f8988e77ecce,ca0178be9c5fd168509f48974d2b3e1bbc91b2ba4e8e9e320299fd98dcf765e8,0c9085a7366142fd489e5640b36c75720ff4acbc,discovery,0train,PASS,1063,S04_0train_T200,4,4,feet,True,0.0,9.2975303943028e-14,4.198366865295381e-10,4515.5720790845635,True
1.0,ff7143dca8408a73233321fc7219358e48f2336bad0cb63f4e76f8988e77ecce,ca0178be9c5fd168509f48974d2b3e1bbc91b2ba4e8e9e320299fd98dcf765e8,0c9085a7366142fd489e5640b36c75720ff4acbc,discovery,0train,PASS,1064,S04_0train_T201,4,4,right_hand,True,0.0,8.459395241530042e-14,3.320203824970337e-10,3924.8713769399606,True
1.0,ff7143dca8408a73233321fc7219358e48f2336bad0cb63f4e76f8988e77ecce,ca0178be9c5fd168509f48974d2b3e1bbc91b2ba4e8e9e320299fd98dcf765e8,0c9085a7366142fd489e5640b36c75720ff4acbc,discovery,0train,PASS,1065,S04_0train_T202,4,4,tongue,True,0.0,7.655662355623939e-14,2.88295871855295e-10,3765.786139242537,True
1.0,ff7143dca8408a73233321fc7219358e48f2336bad0cb63f4e76f8988e77ecce,ca0178be9c5fd168509f48974d2b3e1bbc91b2ba4e8e9e320299fd98dcf765e8,0c9085a7366142fd489e5640b36c75720ff4acbc,discovery,0train,PASS,1066,S04_0train_T203,4,4,left_hand,True,0.0,8.524651096609259e-14,2.4808151641466327e-10,2910.166217985619,True
1.0,ff7143dca8408a73233321fc7219358e48f2336bad0cb63f4e76f8988e77ecce,ca0178be9c5fd168509f48974d2b3e1bbc91b2ba4e8e9e320299fd98dcf765e8,0c9085a7366142fd489e5640b36c75720ff4acbc,discovery,0train,PASS,1067,S04_0train_T204,4,4,feet,True,0.0,9.137865567240501e-14,3.864489250570796e-10,4229.094006837982,True
1.0,ff7143dca8408a73233321fc7219358e48f2336bad0cb63f4e76f8988e77ecce,ca0178be9c5fd168509f48974d2b3e1bbc91b2ba4e8e9e320299fd98dcf765e8,0c9085a7366142fd489e5640b36c75720ff4acbc,discovery,0train,PASS,1068,S04_0train_T205,4,4,feet,True,0.0,1.00924360094785e-13,3.742394858841491e-10,3708.118491241114,True
1.0,ff7143dca8408a73233321fc7219358e48f2336bad0cb63f4e76f8988e77ecce,ca0178be9c5fd168509f48974d2b3e1bbc91b2ba4e8e9e320299fd98dcf765e8,0c9085a7366142fd489e5640b36c75720ff4acbc,discovery,0train,PASS,1069,S04_0train_T206,4,4,left_hand,True,0.0,8.419330759273801e-14,2.9817618379879423e-10,3541.566334953124,True
1.0,ff7143dca8408a73233321fc7219358e48f2336bad0cb63f4e76f8988e77ecce,ca0178be9c5fd168509f48974d2b3e1bbc91b2ba4e8e9e320299fd98dcf765e8,0c9085a7366142fd489e5640b36c75720ff4acbc,discovery,0train,PASS,1070,S04_0train_T207,4,4,feet,True,0.0,1.0903884537526772e-13,4.360394767590579e-10,3998.9370325628993,True
1.0,ff7143dca8408a73233321fc7219358e48f2336bad0cb63f4e76f8988e77ecce,ca0178be9c5fd168509f48974d2b3e1bbc91b2ba4e8e9e320299fd98dcf765e8,0c9085a7366142fd489e5640b36c75720ff4acbc,discovery,0train,PASS,1071,S04_0train_T208,4,4,right_hand,True,0.0,1.0544055664679639e-13,4.3238721927617014e-10,4100.767608090083,True
1.0,ff7143dca8408a73233321fc7219358e48f2336bad0cb63f4e76f8988e77ecce,ca0178be9c5fd168509f48974d2b3e1bbc91b2ba4e8e9e320299fd98dcf765e8,0c9085a7366142fd489e5640b36c75720ff4acbc,discovery,0train,PASS,1072,S04_0train_T209,4,4,tongue,True,0.0,9.47357581909615e-14,4.087265989624729e-10,4314.385684638648,True
1.0,ff7143dca8408a73233321fc7219358e48f2336bad0cb63f4e76f8988e77ecce,ca0178be9c5fd168509f48974d2b3e1bbc91b2ba4e8e9e320299fd98dcf765e8,0c9085a7366142fd489e5640b36c75720ff4acbc,discovery,0train,PASS,1073,S04_0train_T210,4,4,tongue,True,0.0,9.233011845721371e-14,3.662406128308509e-10,3966.642943283657,True
1.0,ff7143dca8408a73233321fc7219358e48f2336bad0cb63f4e76f8988e77ecce,ca0178be9c5fd168509f48974d2b3e1bbc91b2ba4e8e9e320299fd98dcf765e8,0c9085a7366142fd489e5640b36c75720ff4acbc,discovery,0train,PASS,1074,S04_0train_T211,4,4,tongue,True,0.0,8.0852991390005e-14,3.0407588795137786e-10,3760.848952200519,True
1.0,ff7143dca8408a73233321fc7219358e48f2336bad0cb63f4e76f8988e77ecce,ca0178be9c5fd168509f48974d2b3e1bbc91b2ba4e8e9e320299fd98dcf765e8,0c9085a7366142fd489e5640b36c75720ff4acbc,discovery,0train,PASS,1075,S04_0train_T212,4,4,feet,True,0.0,1.0690085319373107e-13,4.35760295717823e-10,4076.3032538956113,True
1.0,ff7143dca8408a73233321fc7219358e48f2336bad0cb63f4e76f8988e77ecce,ca0178be9c5fd168509f48974d2b3e1bbc91b2ba4e8e9e320299fd98dcf765e8,0c9085a7366142fd489e5640b36c75720ff4acbc,discovery,0train,PASS,1076,S04_0train_T213,4,4,left_hand,True,0.0,1.0304039804070901e-13,4.165098944856237e-10,4042.1999759848536,True
1.0,ff7143dca8408a73233321fc7219358e48f2336bad0cb63f4e76f8988e77ecce,ca0178be9c5fd168509f48974d2b3e1bbc91b2ba4e8e9e320299fd98dcf765e8,0c9085a7366142fd489e5640b36c75720ff4acbc,discovery,0train,PASS,1077,S04_0train_T214,4,4,tongue,True,0.0,1.0625798139298201e-13,3.163825127080091e-10,2977.494100305816,True
1.0,ff7143dca8408a73233321fc7219358e48f2336bad0cb63f4e76f8988e77ecce,ca0178be9c5fd168509f48974d2b3e1bbc91b2ba4e8e9e320299fd98dcf765e8,0c9085a7366142fd489e5640b36c75720ff4acbc,discovery,0train,PASS,1078,S04_0train_T215,4,4,right_hand,True,0.0,6.722316300848589e-14,2.2193045492754605e-10,3301.3985804198282,True
1.0,ff7143dca8408a73233321fc7219358e48f2336bad0cb63f4e76f8988e77ecce,ca0178be9c5fd168509f48974d2b3e1bbc91b2ba4e8e9e320299fd98dcf765e8,0c9085a7366142fd489e5640b36c75720ff4acbc,discovery,0train,PASS,1079,S04_0train_T216,4,4,tongue,True,0.0,1.1584187772171715e-13,4.105390400380057e-10,3543.960509896336,True
1.0,ff7143dca8408a73233321fc7219358e48f2336bad0cb63f4e76f8988e77ecce,ca0178be9c5fd168509f48974d2b3e1bbc91b2ba4e8e9e320299fd98dcf765e8,0c9085a7366142fd489e5640b36c75720ff4acbc,discovery,0train,PASS,1080,S04_0train_T217,4,4,right_hand,True,0.0,7.808386698332183e-14,2.452020551830013e-10,3140.239650725479,True
1.0,ff7143dca8408a73233321fc7219358e48f2336bad0cb63f4e76f8988e77ecce,ca0178be9c5fd168509f48974d2b3e1bbc91b2ba4e8e9e320299fd98dcf765e8,0c9085a7366142fd489e5640b36c75720ff4acbc,discovery,0train,PASS,1081,S04_0train_T218,4,4,left_hand,True,0.0,7.253005455333523e-14,2.400376090096651e-10,3309.491637472195,True
1.0,ff7143dca8408a73233321fc7219358e48f2336bad0cb63f4e76f8988e77ecce,ca0178be9c5fd168509f48974d2b3e1bbc91b2ba4e8e9e320299fd98dcf765e8,0c9085a7366142fd489e5640b36c75720ff4acbc,discovery,0train,PASS,1082,S04_0train_T219,4,4,feet,True,0.0,9.727902822746051e-14,3.5270429961833975e-10,3625.6971933728287,True
1.0,ff7143dca8408a73233321fc7219358e48f2336bad0cb63f4e76f8988e77ecce,ca0178be9c5fd168509f48974d2b3e1bbc91b2ba4e8e9e320299fd98dcf765e8,0c9085a7366142fd489e5640b36c75720ff4acbc,discovery,0train,PASS,1083,S04_0train_T220,4,4,right_hand,True,0.0,8.628852578267048e-14,3.86702559069664e-10,4481.506151161136,True
1.0,ff7143dca8408a73233321fc7219358e48f2336bad0cb63f4e76f8988e77ecce,ca0178be9c5fd168509f48974d2b3e1bbc91b2ba4e8e9e320299fd98dcf765e8,0c9085a7366142fd489e5640b36c75720ff4acbc,discovery,0train,PASS,1084,S04_0train_T221,4,4,left_hand,True,0.0,7.422304951462953e-14,2.4790929677739347e-10,3340.0580870573094,True
1.0,ff7143dca8408a73233321fc7219358e48f2336bad0cb63f4e76f8988e77ecce,ca0178be9c5fd168509f48974d2b3e1bbc91b2ba4e8e9e320299fd98dcf765e8,0c9085a7366142fd489e5640b36c75720ff4acbc,discovery,0train,PASS,1085,S04_0train_T222,4,4,feet,True,0.0,1.201817589917116e-13,5.922727856533659e-10,4928.142095958276,True
1.0,ff7143dca8408a73233321fc7219358e48f2336bad0cb63f4e76f8988e77ecce,ca0178be9c5fd168509f48974d2b3e1bbc91b2ba4e8e9e320299fd98dcf765e8,0c9085a7366142fd489e5640b36c75720ff4acbc,discovery,0train,PASS,1086,S04_0train_T223,4,4,feet,True,0.0,1.107319579527052e-13,4.648125479182988e-10,4197.636856713264,True
1.0,ff7143dca8408a73233321fc7219358e48f2336bad0cb63f4e76f8988e77ecce,ca0178be9c5fd168509f48974d2b3e1bbc91b2ba4e8e9e320299fd98dcf765e8,0c9085a7366142fd489e5640b36c75720ff4acbc,discovery,0train,PASS,1087,S04_0train_T224,4,4,left_hand,True,0.0,8.701214996591493e-14,2.932078400092102e-10,3369.7344580506037,True
1.0,ff7143dca8408a73233321fc7219358e48f2336bad0cb63f4e76f8988e77ecce,ca0178be9c5fd168509f48974d2b3e1bbc91b2ba4e8e9e320299fd98dcf765e8,0c9085a7366142fd489e5640b36c75720ff4acbc,discovery,0train,PASS,1088,S04_0train_T225,4,4,feet,True,0.0,1.0306623561418648e-13,4.2256631517244994e-10,4099.949053677149,True
1.0,ff7143dca8408a73233321fc7219358e48f2336bad0cb63f4e76f8988e77ecce,ca0178be9c5fd168509f48974d2b3e1bbc91b2ba4e8e9e320299fd98dcf765e8,0c9085a7366142fd489e5640b36c75720ff4acbc,discovery,0train,PASS,1089,S04_0train_T226,4,4,tongue,True,0.0,9.748239087263024e-14,3.195534044339464e-10,3278.062853951464,True
1.0,ff7143dca8408a73233321fc7219358e48f2336bad0cb63f4e76f8988e77ecce,ca0178be9c5fd168509f48974d2b3e1bbc91b2ba4e8e9e320299fd98dcf765e8,0c9085a7366142fd489e5640b36c75720ff4acbc,discovery,0train,PASS,1090,S04_0train_T227,4,4,tongue,True,0.0,9.715568531367327e-14,3.836021989939427e-10,3948.32477127261,True
1.0,ff7143dca8408a73233321fc7219358e48f2336bad0cb63f4e76f8988e77ecce,ca0178be9c5fd168509f48974d2b3e1bbc91b2ba4e8e9e320299fd98dcf765e8,0c9085a7366142fd489e5640b36c75720ff4acbc,discovery,0train,PASS,1091,S04_0train_T228,4,4,right_hand,True,0.0,6.929028274155235e-14,1.9923003690363923e-10,2875.295481860748,True
1.0,ff7143dca8408a73233321fc7219358e48f2336bad0cb63f4e76f8988e77ecce,ca0178be9c5fd168509f48974d2b3e1bbc91b2ba4e8e9e320299fd98dcf765e8,0c9085a7366142fd489e5640b36c75720ff4acbc,discovery,0train,PASS,1092,S04_0train_T229,4,4,left_hand,True,0.0,7.89831068286494e-14,1.9608101200752432e-10,2482.568993302758,True
1.0,ff7143dca8408a73233321fc7219358e48f2336bad0cb63f4e76f8988e77ecce,ca0178be9c5fd168509f48974d2b3e1bbc91b2ba4e8e9e320299fd98dcf765e8,0c9085a7366142fd489e5640b36c75720ff4acbc,discovery,0train,PASS,1093,S04_0train_T230,4,4,right_hand,True,0.0,1.0696887763341e-13,3.561775160539021e-10,3329.7303284283107,True
1.0,ff7143dca8408a73233321fc7219358e48f2336bad0cb63f4e76f8988e77ecce,ca0178be9c5fd168509f48974d2b3e1bbc91b2ba4e8e9e320299fd98dcf765e8,0c9085a7366142fd489e5640b36c75720ff4acbc,discovery,0train,PASS,1094,S04_0train_T231,4,4,tongue,True,0.0,9.891695367312242e-14,3.4157810308540073e-10,3453.180576245484,True
1.0,ff7143dca8408a73233321fc7219358e48f2336bad0cb63f4e76f8988e77ecce,ca0178be9c5fd168509f48974d2b3e1bbc91b2ba4e8e9e320299fd98dcf765e8,0c9085a7366142fd489e5640b36c75720ff4acbc,discovery,0train,PASS,1095,S04_0train_T232,4,4,right_hand,True,0.0,8.682868370807821e-14,3.1158348130503744e-10,3588.4856017464754,True
1.0,ff7143dca8408a73233321fc7219358e48f2336bad0cb63f4e76f8988e77ecce,ca0178be9c5fd168509f48974d2b3e1bbc91b2ba4e8e9e320299fd98dcf765e8,0c9085a7366142fd489e5640b36c75720ff4acbc,discovery,0train,PASS,1096,S04_0train_T233,4,4,tongue,True,0.0,1.2855916168521466e-13,4.941120002253584e-10,3843.460036206702,True
1.0,ff7143dca8408a73233321fc7219358e48f2336bad0cb63f4e76f8988e77ecce,ca0178be9c5fd168509f48974d2b3e1bbc91b2ba4e8e9e320299fd98dcf765e8,0c9085a7366142fd489e5640b36c75720ff4acbc,discovery,0train,PASS,1097,S04_0train_T234,4,4,feet,True,0.0,1.2011078570692757e-13,4.330584937886707e-10,3605.4921399427108,True
1.0,ff7143dca8408a73233321fc7219358e48f2336bad0cb63f4e76f8988e77ecce,ca0178be9c5fd168509f48974d2b3e1bbc91b2ba4e8e9e320299fd98dcf765e8,0c9085a7366142fd489e5640b36c75720ff4acbc,discovery,0train,PASS,1098,S04_0train_T235,4,4,right_hand,True,0.0,1.0316315286342093e-13,3.7923823381006194e-10,3676.101624309025,True
1.0,ff7143dca8408a73233321fc7219358e48f2336bad0cb63f4e76f8988e77ecce,ca0178be9c5fd168509f48974d2b3e1bbc91b2ba4e8e9e320299fd98dcf765e8,0c9085a7366142fd489e5640b36c75720ff4acbc,discovery,0train,PASS,1099,S04_0train_T236,4,4,right_hand,True,0.0,1.0553680232796397e-13,3.732772175786345e-10,3536.938862508322,True
1.0,ff7143dca8408a73233321fc7219358e48f2336bad0cb63f4e76f8988e77ecce,ca0178be9c5fd168509f48974d2b3e1bbc91b2ba4e8e9e320299fd98dcf765e8,0c9085a7366142fd489e5640b36c75720ff4acbc,discovery,0train,PASS,1100,S04_0train_T237,4,4,right_hand,True,0.0,9.387361552579707e-14,3.6263850478437853e-10,3863.0503656772776,True
1.0,ff7143dca8408a73233321fc7219358e48f2336bad0cb63f4e76f8988e77ecce,ca0178be9c5fd168509f48974d2b3e1bbc91b2ba4e8e9e320299fd98dcf765e8,0c9085a7366142fd489e5640b36c75720ff4acbc,discovery,0train,PASS,1101,S04_0train_T238,4,4,feet,True,0.0,9.338409647559592e-14,3.447620822815605e-10,3691.8714780482696,True
1.0,ff7143dca8408a73233321fc7219358e48f2336bad0cb63f4e76f8988e77ecce,ca0178be9c5fd168509f48974d2b3e1bbc91b2ba4e8e9e320299fd98dcf765e8,0c9085a7366142fd489e5640b36c75720ff4acbc,discovery,0train,PASS,1102,S04_0train_T239,4,4,tongue,True,0.0,1.161686204108758e-13,4.355181515430747e-10,3749.0171614562887,True
1.0,ff7143dca8408a73233321fc7219358e48f2336bad0cb63f4e76f8988e77ecce,ca0178be9c5fd168509f48974d2b3e1bbc91b2ba4e8e9e320299fd98dcf765e8,0c9085a7366142fd489e5640b36c75720ff4acbc,discovery,0train,PASS,1103,S04_0train_T240,4,4,left_hand,True,0.0,7.952487430850765e-14,3.3138107043119194e-10,4167.011558492214,True
1.0,ff7143dca8408a73233321fc7219358e48f2336bad0cb63f4e76f8988e77ecce,ca0178be9c5fd168509f48974d2b3e1bbc91b2ba4e8e9e320299fd98dcf765e8,0c9085a7366142fd489e5640b36c75720ff4acbc,discovery,0train,PASS,1104,S04_0train_T241,4,5,right_hand,True,0.0,8.11849814846953e-14,3.0345491450199694e-10,3737.820825385089,True
1.0,ff7143dca8408a73233321fc7219358e48f2336bad0cb63f4e76f8988e77ecce,ca0178be9c5fd168509f48974d2b3e1bbc91b2ba4e8e9e320299fd98dcf765e8,0c9085a7366142fd489e5640b36c75720ff4acbc,discovery,0train,PASS,1105,S04_0train_T242,4,5,tongue,True,0.0,9.954389096508543e-14,4.545861846135267e-10,4566.690936091404,True
1.0,ff7143dca8408a73233321fc7219358e48f2336bad0cb63f4e76f8988e77ecce,ca0178be9c5fd168509f48974d2b3e1bbc91b2ba4e8e9e320299fd98dcf765e8,0c9085a7366142fd489e5640b36c75720ff4acbc,discovery,0train,PASS,1106,S04_0train_T243,4,5,left_hand,True,0.0,8.660239954371048e-14,3.308495774396319e-10,3820.3280646126154,True
1.0,ff7143dca8408a73233321fc7219358e48f2336bad0cb63f4e76f8988e77ecce,ca0178be9c5fd168509f48974d2b3e1bbc91b2ba4e8e9e320299fd98dcf765e8,0c9085a7366142fd489e5640b36c75720ff4acbc,discovery,0train,PASS,1107,S04_0train_T244,4,5,feet,True,0.0,1.0388378465620758e-13,3.393566310451328e-10,3266.6949145932426,True
1.0,ff7143dca8408a73233321fc7219358e48f2336bad0cb63f4e76f8988e77ecce,ca0178be9c5fd168509f48974d2b3e1bbc91b2ba4e8e9e320299fd98dcf765e8,0c9085a7366142fd489e5640b36c75720ff4acbc,discovery,0train,PASS,1108,S04_0train_T245,4,5,feet,True,0.0,1.1235746074235491e-13,4.80157543400136e-10,4273.481620425523,True
1.0,ff7143dca8408a73233321fc7219358e48f2336bad0cb63f4e76f8988e77ecce,ca0178be9c5fd168509f48974d2b3e1bbc91b2ba4e8e9e320299fd98dcf765e8,0c9085a7366142fd489e5640b36c75720ff4acbc,discovery,0train,PASS,1109,S04_0train_T246,4,5,tongue,True,0.0,1.1843925268360915e-13,4.996772935437462e-10,4218.848753449596,True
1.0,ff7143dca8408a73233321fc7219358e48f2336bad0cb63f4e76f8988e77ecce,ca0178be9c5fd168509f48974d2b3e1bbc91b2ba4e8e9e320299fd98dcf765e8,0c9085a7366142fd489e5640b36c75720ff4acbc,discovery,0train,PASS,1110,S04_0train_T247,4,5,left_hand,True,0.0,9.005651893693728e-14,3.48003186813318e-10,3864.275356423778,True
1.0,ff7143dca8408a73233321fc7219358e48f2336bad0cb63f4e76f8988e77ecce,ca0178be9c5fd168509f48974d2b3e1bbc91b2ba4e8e9e320299fd98dcf765e8,0c9085a7366142fd489e5640b36c75720ff4acbc,discovery,0train,PASS,1111,S04_0train_T248,4,5,left_hand,True,0.0,7.752561967810203e-14,2.6118263086673603e-10,3368.9847556356904,True
1.0,ff7143dca8408a73233321fc7219358e48f2336bad0cb63f4e76f8988e77ecce,ca0178be9c5fd168509f48974d2b3e1bbc91b2ba4e8e9e320299fd98dcf765e8,0c9085a7366142fd489e5640b36c75720ff4acbc,discovery,0train,PASS,1112,S04_0train_T249,4,5,feet,True,0.0,9.859813895253082e-14,3.515531513884407e-10,3565.515080945826,True
1.0,ff7143dca8408a73233321fc7219358e48f2336bad0cb63f4e76f8988e77ecce,ca0178be9c5fd168509f48974d2b3e1bbc91b2ba4e8e9e320299fd98dcf765e8,0c9085a7366142fd489e5640b36c75720ff4acbc,discovery,0train,PASS,1113,S04_0train_T250,4,5,right_hand,True,0.0,9.187168240700395e-14,3.105069290318956e-10,3379.7892984729287,True
1.0,ff7143dca8408a73233321fc7219358e48f2336bad0cb63f4e76f8988e77ecce,ca0178be9c5fd168509f48974d2b3e1bbc91b2ba4e8e9e320299fd98dcf765e8,0c9085a7366142fd489e5640b36c75720ff4acbc,discovery,0train,PASS,1114,S04_0train_T251,4,5,tongue,True,0.0,9.422112896323847e-14,4.188624131107102e-10,4445.52530541355,True
1.0,ff7143dca8408a73233321fc7219358e48f2336bad0cb63f4e76f8988e77ecce,ca0178be9c5fd168509f48974d2b3e1bbc91b2ba4e8e9e320299fd98dcf765e8,0c9085a7366142fd489e5640b36c75720ff4acbc,discovery,0train,PASS,1115,S04_0train_T252,4,5,tongue,True,0.0,1.0831103732158084e-13,4.291769952832885e-10,3962.449311689636,True
1.0,ff7143dca8408a73233321fc7219358e48f2336bad0cb63f4e76f8988e77ecce,ca0178be9c5fd168509f48974d2b3e1bbc91b2ba4e8e9e320299fd98dcf765e8,0c9085a7366142fd489e5640b36c75720ff4acbc,discovery,0train,PASS,1116,S04_0train_T253,4,5,tongue,True,0.0,1.0297430290056907e-13,3.5260385143861845e-10,3424.19265298731,True
1.0,ff7143dca8408a73233321fc7219358e48f2336bad0cb63f4e76f8988e77ecce,ca0178be9c5fd168509f48974d2b3e1bbc91b2ba4e8e9e320299fd98dcf765e8,0c9085a7366142fd489e5640b36c75720ff4acbc,discovery,0train,PASS,1117,S04_0train_T254,4,5,right_hand,True,0.0,7.863758417346408e-14,2.7600738707568525e-10,3509.8660516687487,True
1.0,ff7143dca8408a73233321fc7219358e48f2336bad0cb63f4e76f8988e77ecce,ca0178be9c5fd168509f48974d2b3e1bbc91b2ba4e8e9e320299fd98dcf765e8,0c9085a7366142fd489e5640b36c75720ff4acbc,discovery,0train,PASS,1118,S04_0train_T255,4,5,left_hand,True,0.0,8.504093673775051e-14,3.39294786925924e-10,3989.7818620253706,True
1.0,ff7143dca8408a73233321fc7219358e48f2336bad0cb63f4e76f8988e77ecce,ca0178be9c5fd168509f48974d2b3e1bbc91b2ba4e8e9e320299fd98dcf765e8,0c9085a7366142fd489e5640b36c75720ff4acbc,discovery,0train,PASS,1119,S04_0train_T256,4,5,feet,True,0.0,1.1244563668988444e-13,4.3551591302336607e-10,3873.124167765461,True
1.0,ff7143dca8408a73233321fc7219358e48f2336bad0cb63f4e76f8988e77ecce,ca0178be9c5fd168509f48974d2b3e1bbc91b2ba4e8e9e320299fd98dcf765e8,0c9085a7366142fd489e5640b36c75720ff4acbc,discovery,0train,PASS,1120,S04_0train_T257,4,5,right_hand,True,0.0,8.799177438012758e-14,2.9233518378887317e-10,3322.3012701843563,True
1.0,ff7143dca8408a73233321fc7219358e48f2336bad0cb63f4e76f8988e77ecce,ca0178be9c5fd168509f48974d2b3e1bbc91b2ba4e8e9e320299fd98dcf765e8,0c9085a7366142fd489e5640b36c75720ff4acbc,discovery,0train,PASS,1121,S04_0train_T258,4,5,tongue,True,0.0,1.2360240355885807e-13,5.35044238851024e-10,4328.75270581807,True
1.0,ff7143dca8408a73233321fc7219358e48f2336bad0cb63f4e76f8988e77ecce,ca0178be9c5fd168509f48974d2b3e1bbc91b2ba4e8e9e320299fd98dcf765e8,0c9085a7366142fd489e5640b36c75720ff4acbc,discovery,0train,PASS,1122,S04_0train_T259,4,5,left_hand,True,0.0,9.74032423295791e-14,3.7887431418218726e-10,3889.7505372583673,True
1.0,ff7143dca8408a73233321fc7219358e48f2336bad0cb63f4e76f8988e77ecce,ca0178be9c5fd168509f48974d2b3e1bbc91b2ba4e8e9e320299fd98dcf765e8,0c9085a7366142fd489e5640b36c75720ff4acbc,discovery,0train,PASS,1123,S04_0train_T260,4,5,tongue,True,0.0,1.2635057995656896e-13,5.282313870830552e-10,4180.680351959022,True
1.0,ff7143dca8408a73233321fc7219358e48f2336bad0cb63f4e76f8988e77ecce,ca0178be9c5fd168509f48974d2b3e1bbc91b2ba4e8e9e320299fd98dcf765e8,0c9085a7366142fd489e5640b36c75720ff4acbc,discovery,0train,PASS,1124,S04_0train_T261,4,5,feet,True,0.0,1.0444663260105929e-13,3.77385283927679e-10,3613.1876588987475,True
1.0,ff7143dca8408a73233321fc7219358e48f2336bad0cb63f4e76f8988e77ecce,ca0178be9c5fd168509f48974d2b3e1bbc91b2ba4e8e9e320299fd98dcf765e8,0c9085a7366142fd489e5640b36c75720ff4acbc,discovery,0train,PASS,1125,S04_0train_T262,4,5,right_hand,True,0.0,8.111363142482542e-14,2.734821566585557e-10,3371.59305846162,True
1.0,ff7143dca8408a73233321fc7219358e48f2336bad0cb63f4e76f8988e77ecce,ca0178be9c5fd168509f48974d2b3e1bbc91b2ba4e8e9e320299fd98dcf765e8,0c9085a7366142fd489e5640b36c75720ff4acbc,discovery,0train,PASS,1126,S04_0train_T263,4,5,tongue,True,0.0,1.1263603156508919e-13,4.643900100395373e-10,4122.925884255603,True
1.0,ff7143dca8408a73233321fc7219358e48f2336bad0cb63f4e76f8988e77ecce,ca0178be9c5fd168509f48974d2b3e1bbc91b2ba4e8e9e320299fd98dcf765e8,0c9085a7366142fd489e5640b36c75720ff4acbc,discovery,0train,PASS,1127,S04_0train_T264,4,5,tongue,True,0.0,1.3013340376249942e-13,5.747873585266667e-10,4416.908663786932,True
1.0,ff7143dca8408a73233321fc7219358e48f2336bad0cb63f4e76f8988e77ecce,ca0178be9c5fd168509f48974d2b3e1bbc91b2ba4e8e9e320299fd98dcf765e8,0c9085a7366142fd489e5640b36c75720ff4acbc,discovery,0train,PASS,1128,S04_0train_T265,4,5,left_hand,True,0.0,8.188175159302533e-14,3.0297499145741225e-10,3700.152788172885,True
1.0,ff7143dca8408a73233321fc7219358e48f2336bad0cb63f4e76f8988e77ecce,ca0178be9c5fd168509f48974d2b3e1bbc91b2ba4e8e9e320299fd98dcf765e8,0c9085a7366142fd489e5640b36c75720ff4acbc,discovery,0train,PASS,1129,S04_0train_T266,4,5,right_hand,True,0.0,8.477690194148212e-14,3.289479662235167e-10,3880.1602640607866,True
1.0,ff7143dca8408a73233321fc7219358e48f2336bad0cb63f4e76f8988e77ecce,ca0178be9c5fd168509f48974d2b3e1bbc91b2ba4e8e9e320299fd98dcf765e8,0c9085a7366142fd489e5640b36c75720ff4acbc,discovery,0train,PASS,1130,S04_0train_T267,4,5,right_hand,True,0.0,8.70376231961516e-14,2.828720113746221e-10,3249.9969666810644,True
1.0,ff7143dca8408a73233321fc7219358e48f2336bad0cb63f4e76f8988e77ecce,ca0178be9c5fd168509f48974d2b3e1bbc91b2ba4e8e9e320299fd98dcf765e8,0c9085a7366142fd489e5640b36c75720ff4acbc,discovery,0train,PASS,1131,S04_0train_T268,4,5,feet,True,0.0,1.361570459339048e-13,4.841213447052942e-10,3555.6099310519926,True
1.0,ff7143dca8408a73233321fc7219358e48f2336bad0cb63f4e76f8988e77ecce,ca0178be9c5fd168509f48974d2b3e1bbc91b2ba4e8e9e320299fd98dcf765e8,0c9085a7366142fd489e5640b36c75720ff4acbc,discovery,0train,PASS,1132,S04_0train_T269,4,5,tongue,True,0.0,1.2251350932282356e-13,5.34978096941199e-10,4366.68657928596,True
1.0,ff7143dca8408a73233321fc7219358e48f2336bad0cb63f4e76f8988e77ecce,ca0178be9c5fd168509f48974d2b3e1bbc91b2ba4e8e9e320299fd98dcf765e8,0c9085a7366142fd489e5640b36c75720ff4acbc,discovery,0train,PASS,1133,S04_0train_T270,4,5,right_hand,True,0.0,1.0311520605562706e-13,3.764431053433429e-10,3650.704098290459,True
1.0,ff7143dca8408a73233321fc7219358e48f2336bad0cb63f4e76f8988e77ecce,ca0178be9c5fd168509f48974d2b3e1bbc91b2ba4e8e9e320299fd98dcf765e8,0c9085a7366142fd489e5640b36c75720ff4acbc,discovery,0train,PASS,1134,S04_0train_T271,4,5,left_hand,True,0.0,8.199912416995195e-14,3.1128548831996054e-10,3796.2050384195336,True
1.0,ff7143dca8408a73233321fc7219358e48f2336bad0cb63f4e76f8988e77ecce,ca0178be9c5fd168509f48974d2b3e1bbc91b2ba4e8e9e320299fd98dcf765e8,0c9085a7366142fd489e5640b36c75720ff4acbc,discovery,0train,PASS,1135,S04_0train_T272,4,5,left_hand,True,0.0,8.794305330777078e-14,3.576147383219662e-10,4066.4353223038124,True
1.0,ff7143dca8408a73233321fc7219358e48f2336bad0cb63f4e76f8988e77ecce,ca0178be9c5fd168509f48974d2b3e1bbc91b2ba4e8e9e320299fd98dcf765e8,0c9085a7366142fd489e5640b36c75720ff4acbc,discovery,0train,PASS,1136,S04_0train_T273,4,5,tongue,True,0.0,1.266411055437154e-13,4.683244677928904e-10,3698.0446892200325,True
1.0,ff7143dca8408a73233321fc7219358e48f2336bad0cb63f4e76f8988e77ecce,ca0178be9c5fd168509f48974d2b3e1bbc91b2ba4e8e9e320299fd98dcf765e8,0c9085a7366142fd489e5640b36c75720ff4acbc,discovery,0train,PASS,1137,S04_0train_T274,4,5,right_hand,True,0.0,1.1061133489272359e-13,4.503991863534803e-10,4071.9080624992002,True
1.0,ff7143dca8408a73233321fc7219358e48f2336bad0cb63f4e76f8988e77ecce,ca0178be9c5fd168509f48974d2b3e1bbc91b2ba4e8e9e320299fd98dcf765e8,0c9085a7366142fd489e5640b36c75720ff4acbc,discovery,0train,PASS,1138,S04_0train_T275,4,5,left_hand,True,0.0,8.378821149033859e-14,2.5838313482023866e-10,3083.7647710147407,True
1.0,ff7143dca8408a73233321fc7219358e48f2336bad0cb63f4e76f8988e77ecce,ca0178be9c5fd168509f48974d2b3e1bbc91b2ba4e8e9e320299fd98dcf765e8,0c9085a7366142fd489e5640b36c75720ff4acbc,discovery,0train,PASS,1139,S04_0train_T276,4,5,feet,True,0.0,8.378088429305813e-14,2.7909860838274786e-10,3331.292224208157,True
1.0,ff7143dca8408a73233321fc7219358e48f2336bad0cb63f4e76f8988e77ecce,ca0178be9c5fd168509f48974d2b3e1bbc91b2ba4e8e9e320299fd98dcf765e8,0c9085a7366142fd489e5640b36c75720ff4acbc,discovery,0train,PASS,1140,S04_0train_T277,4,5,right_hand,True,0.0,8.452918056226103e-14,3.355091552808215e-10,3969.151872159674,True
1.0,ff7143dca8408a73233321fc7219358e48f2336bad0cb63f4e76f8988e77ecce,ca0178be9c5fd168509f48974d2b3e1bbc91b2ba4e8e9e320299fd98dcf765e8,0c9085a7366142fd489e5640b36c75720ff4acbc,discovery,0train,PASS,1141,S04_0train_T278,4,5,right_hand,True,0.0,7.994353004163688e-14,3.3056418387509845e-10,4134.971068989963,True
1.0,ff7143dca8408a73233321fc7219358e48f2336bad0cb63f4e76f8988e77ecce,ca0178be9c5fd168509f48974d2b3e1bbc91b2ba4e8e9e320299fd98dcf765e8,0c9085a7366142fd489e5640b36c75720ff4acbc,discovery,0train,PASS,1142,S04_0train_T279,4,5,feet,True,0.0,8.880622269522005e-14,2.630078395513059e-10,2961.5924601808583,True
1.0,ff7143dca8408a73233321fc7219358e48f2336bad0cb63f4e76f8988e77ecce,ca0178be9c5fd168509f48974d2b3e1bbc91b2ba4e8e9e320299fd98dcf765e8,0c9085a7366142fd489e5640b36c75720ff4acbc,discovery,0train,PASS,1143,S04_0train_T280,4,5,left_hand,True,0.0,9.26252522904656e-14,2.5447366303450145e-10,2747.346503699572,True
1.0,ff7143dca8408a73233321fc7219358e48f2336bad0cb63f4e76f8988e77ecce,ca0178be9c5fd168509f48974d2b3e1bbc91b2ba4e8e9e320299fd98dcf765e8,0c9085a7366142fd489e5640b36c75720ff4acbc,discovery,0train,PASS,1144,S04_0train_T281,4,5,tongue,True,0.0,1.056666590675417e-13,3.878079409828271e-10,3670.1069609378096,True
1.0,ff7143dca8408a73233321fc7219358e48f2336bad0cb63f4e76f8988e77ecce,ca0178be9c5fd168509f48974d2b3e1bbc91b2ba4e8e9e320299fd98dcf765e8,0c9085a7366142fd489e5640b36c75720ff4acbc,discovery,0train,PASS,1145,S04_0train_T282,4,5,feet,True,0.0,1.3708002844654e-13,5.7717870889712e-10,4210.523702380282,True
1.0,ff7143dca8408a73233321fc7219358e48f2336bad0cb63f4e76f8988e77ecce,ca0178be9c5fd168509f48974d2b3e1bbc91b2ba4e8e9e320299fd98dcf765e8,0c9085a7366142fd489e5640b36c75720ff4acbc,discovery,0train,PASS,1146,S04_0train_T283,4,5,feet,True,0.0,1.0648865030232616e-13,3.982150709808906e-10,3739.5071667294096,True
1.0,ff7143dca8408a73233321fc7219358e48f2336bad0cb63f4e76f8988e77ecce,ca0178be9c5fd168509f48974d2b3e1bbc91b2ba4e8e9e320299fd98dcf765e8,0c9085a7366142fd489e5640b36c75720ff4acbc,discovery,0train,PASS,1147,S04_0train_T284,4,5,feet,True,0.0,1.0468268405488543e-13,3.752626527245734e-10,3584.763383864156,True
1.0,ff7143dca8408a73233321fc7219358e48f2336bad0cb63f4e76f8988e77ecce,ca0178be9c5fd168509f48974d2b3e1bbc91b2ba4e8e9e320299fd98dcf765e8,0c9085a7366142fd489e5640b36c75720ff4acbc,discovery,0train,PASS,1148,S04_0train_T285,4,5,feet,True,0.0,9.585359021747523e-14,2.8809555155115017e-10,3005.5791431234984,True
1.0,ff7143dca8408a73233321fc7219358e48f2336bad0cb63f4e76f8988e77ecce,ca0178be9c5fd168509f48974d2b3e1bbc91b2ba4e8e9e320299fd98dcf765e8,0c9085a7366142fd489e5640b36c75720ff4acbc,discovery,0train,PASS,1149,S04_0train_T286,4,5,left_hand,True,0.0,8.192594181935894e-14,3.0901825796428787e-10,3771.9219468437955,True
1.0,ff7143dca8408a73233321fc7219358e48f2336bad0cb63f4e76f8988e77ecce,ca0178be9c5fd168509f48974d2b3e1bbc91b2ba4e8e9e320299fd98dcf765e8,0c9085a7366142fd489e5640b36c75720ff4acbc,discovery,0train,PASS,1150,S04_0train_T287,4,5,right_hand,True,0.0,9.10476345219406e-14,3.2981550428120335e-10,3622.4500066690325,True
1.0,ff7143dca8408a73233321fc7219358e48f2336bad0cb63f4e76f8988e77ecce,ca0178be9c5fd168509f48974d2b3e1bbc91b2ba4e8e9e320299fd98dcf765e8,0c9085a7366142fd489e5640b36c75720ff4acbc,discovery,0train,PASS,1151,S04_0train_T288,4,5,left_hand,True,0.0,8.665217464900561e-14,3.555110557623928e-10,4102.736684941035,True
1.0,ff7143dca8408a73233321fc7219358e48f2336bad0cb63f4e76f8988e77ecce,ca0178be9c5fd168509f48974d2b3e1bbc91b2ba4e8e9e320299fd98dcf765e8,0c9085a7366142fd489e5640b36c75720ff4acbc,discovery,0train,PASS,1152,S05_0train_T001,5,0,left_hand,True,0.0,5.247532409039562e-14,2.442958411001241e-10,4655.442254711806,True
1.0,ff7143dca8408a73233321fc7219358e48f2336bad0cb63f4e76f8988e77ecce,ca0178be9c5fd168509f48974d2b3e1bbc91b2ba4e8e9e320299fd98dcf765e8,0c9085a7366142fd489e5640b36c75720ff4acbc,discovery,0train,PASS,1153,S05_0train_T002,5,0,right_hand,True,0.0,5.044965196114078e-14,2.074719767311009e-10,4112.45605600823,True
1.0,ff7143dca8408a73233321fc7219358e48f2336bad0cb63f4e76f8988e77ecce,ca0178be9c5fd168509f48974d2b3e1bbc91b2ba4e8e9e320299fd98dcf765e8,0c9085a7366142fd489e5640b36c75720ff4acbc,discovery,0train,PASS,1154,S05_0train_T003,5,0,right_hand,True,0.0,4.795003695105622e-14,2.2591080448316077e-10,4711.379153132947,True
1.0,ff7143dca8408a73233321fc7219358e48f2336bad0cb63f4e76f8988e77ecce,ca0178be9c5fd168509f48974d2b3e1bbc91b2ba4e8e9e320299fd98dcf765e8,0c9085a7366142fd489e5640b36c75720ff4acbc,discovery,0train,PASS,1155,S05_0train_T004,5,0,left_hand,True,0.0,6.166664064648818e-14,2.4952831043389804e-10,4046.4067414398437,True
1.0,ff7143dca8408a73233321fc7219358e48f2336bad0cb63f4e76f8988e77ecce,ca0178be9c5fd168509f48974d2b3e1bbc91b2ba4e8e9e320299fd98dcf765e8,0c9085a7366142fd489e5640b36c75720ff4acbc,discovery,0train,PASS,1156,S05_0train_T005,5,0,right_hand,True,0.0,4.797951722713251e-14,2.046940046489866e-10,4266.278955663017,True
1.0,ff7143dca8408a73233321fc7219358e48f2336bad0cb63f4e76f8988e77ecce,ca0178be9c5fd168509f48974d2b3e1bbc91b2ba4e8e9e320299fd98dcf765e8,0c9085a7366142fd489e5640b36c75720ff4acbc,discovery,0train,PASS,1157,S05_0train_T006,5,0,left_hand,True,0.0,4.609394296704056e-14,1.8507963217712252e-10,4015.2701258268053,True
1.0,ff7143dca8408a73233321fc7219358e48f2336bad0cb63f4e76f8988e77ecce,ca0178be9c5fd168509f48974d2b3e1bbc91b2ba4e8e9e320299fd98dcf765e8,0c9085a7366142fd489e5640b36c75720ff4acbc,discovery,0train,PASS,1158,S05_0train_T007,5,0,right_hand,True,0.0,5.458835846201751e-14,2.258324871769101e-10,4137.008210899839,True
1.0,ff7143dca8408a73233321fc7219358e48f2336bad0cb63f4e76f8988e77ecce,ca0178be9c5fd168509f48974d2b3e1bbc91b2ba4e8e9e320299fd98dcf765e8,0c9085a7366142fd489e5640b36c75720ff4acbc,discovery,0train,PASS,1159,S05_0train_T008,5,0,feet,True,0.0,4.8825983072208833e-14,2.250785782095707e-10,4609.811498863251,True
1.0,ff7143dca8408a73233321fc7219358e48f2336bad0cb63f4e76f8988e77ecce,ca0178be9c5fd168509f48974d2b3e1bbc91b2ba4e8e9e320299fd98dcf765e8,0c9085a7366142fd489e5640b36c75720ff4acbc,discovery,0train,PASS,1160,S05_0train_T009,5,0,right_hand,True,0.0,6.813781168976204e-14,3.3361350910931096e-10,4896.158253926397,True
1.0,ff7143dca8408a73233321fc7219358e48f2336bad0cb63f4e76f8988e77ecce,ca0178be9c5fd168509f48974d2b3e1bbc91b2ba4e8e9e320299fd98dcf765e8,0c9085a7366142fd489e5640b36c75720ff4acbc,discovery,0train,PASS,1161,S05_0train_T010,5,0,tongue,True,0.0,5.418380349698719e-14,2.4632070821597247e-10,4546.020993702828,True
1.0,ff7143dca8408a73233321fc7219358e48f2336bad0cb63f4e76f8988e77ecce,ca0178be9c5fd168509f48974d2b3e1bbc91b2ba4e8e9e320299fd98dcf765e8,0c9085a7366142fd489e5640b36c75720ff4acbc,discovery,0train,PASS,1162,S05_0train_T011,5,0,left_hand,True,0.0,5.496541441893175e-14,2.317189768792526e-10,4215.723274878858,True
1.0,ff7143dca8408a73233321fc7219358e48f2336bad0cb63f4e76f8988e77ecce,ca0178be9c5fd168509f48974d2b3e1bbc91b2ba4e8e9e320299fd98dcf765e8,0c9085a7366142fd489e5640b36c75720ff4acbc,discovery,0train,PASS,1163,S05_0train_T012,5,0,feet,True,0.0,5.328946542073731e-14,2.4289063921541054e-10,4557.948504412861,True
1.0,ff7143dca8408a73233321fc7219358e48f2336bad0cb63f4e76f8988e77ecce,ca0178be9c5fd168509f48974d2b3e1bbc91b2ba4e8e9e320299fd98dcf765e8,0c9085a7366142fd489e5640b36c75720ff4acbc,discovery,0train,PASS,1164,S05_0train_T013,5,0,right_hand,True,0.0,5.612035251857322e-14,2.4562627888411343e-10,4376.777191533545,True
1.0,ff7143dca8408a73233321fc7219358e48f2336bad0cb63f4e76f8988e77ecce,ca0178be9c5fd168509f48974d2b3e1bbc91b2ba4e8e9e320299fd98dcf765e8,0c9085a7366142fd489e5640b36c75720ff4acbc,discovery,0train,PASS,1165,S05_0train_T014,5,0,left_hand,True,0.0,4.9814880531209016e-14,2.031548591127883e-10,4078.1962527343976,True
1.0,ff7143dca8408a73233321fc7219358e48f2336bad0cb63f4e76f8988e77ecce,ca0178be9c5fd168509f48974d2b3e1bbc91b2ba4e8e9e320299fd98dcf765e8,0c9085a7366142fd489e5640b36c75720ff4acbc,discovery,0train,PASS,1166,S05_0train_T015,5,0,tongue,True,0.0,6.698595809956332e-14,3.5169162999855815e-10,5250.22915214302,True
1.0,ff7143dca8408a73233321fc7219358e48f2336bad0cb63f4e76f8988e77ecce,ca0178be9c5fd168509f48974d2b3e1bbc91b2ba4e8e9e320299fd98dcf765e8,0c9085a7366142fd489e5640b36c75720ff4acbc,discovery,0train,PASS,1167,S05_0train_T016,5,0,tongue,True,0.0,5.668558117000319e-14,2.2749308672584033e-10,4013.244321224757,True
1.0,ff7143dca8408a73233321fc7219358e48f2336bad0cb63f4e76f8988e77ecce,ca0178be9c5fd168509f48974d2b3e1bbc91b2ba4e8e9e320299fd98dcf765e8,0c9085a7366142fd489e5640b36c75720ff4acbc,discovery,0train,PASS,1168,S05_0train_T017,5,0,tongue,True,0.0,4.926218828224556e-14,1.9414739837551762e-10,3941.103819082469,True
1.0,ff7143dca8408a73233321fc7219358e48f2336bad0cb63f4e76f8988e77ecce,ca0178be9c5fd168509f48974d2b3e1bbc91b2ba4e8e9e320299fd98dcf765e8,0c9085a7366142fd489e5640b36c75720ff4acbc,discovery,0train,PASS,1169,S05_0train_T018,5,0,tongue,True,0.0,6.271707281900938e-14,3.0013330399614407e-10,4785.511990686759,True
1.0,ff7143dca8408a73233321fc7219358e48f2336bad0cb63f4e76f8988e77ecce,ca0178be9c5fd168509f48974d2b3e1bbc91b2ba4e8e9e320299fd98dcf765e8,0c9085a7366142fd489e5640b36c75720ff4acbc,discovery,0train,PASS,1170,S05_0train_T019,5,0,tongue,True,0.0,5.285366419654061e-14,2.092339336239949e-10,3958.7403599103677,True
1.0,ff7143dca8408a73233321fc7219358e48f2336bad0cb63f4e76f8988e77ecce,ca0178be9c5fd168509f48974d2b3e1bbc91b2ba4e8e9e320299fd98dcf765e8,0c9085a7366142fd489e5640b36c75720ff4acbc,discovery,0train,PASS,1171,S05_0train_T020,5,0,left_hand,True,0.0,7.756658893967638e-14,4.613907543230914e-10,5948.318220901985,True
1.0,ff7143dca8408a73233321fc7219358e48f2336bad0cb63f4e76f8988e77ecce,ca0178be9c5fd168509f48974d2b3e1bbc91b2ba4e8e9e320299fd98dcf765e8,0c9085a7366142fd489e5640b36c75720ff4acbc,discovery,0train,PASS,1172,S05_0train_T021,5,0,feet,True,0.0,5.4194691976838805e-14,1.8784070371863864e-10,3466.035083268231,True
1.0,ff7143dca8408a73233321fc7219358e48f2336bad0cb63f4e76f8988e77ecce,ca0178be9c5fd168509f48974d2b3e1bbc91b2ba4e8e9e320299fd98dcf765e8,0c9085a7366142fd489e5640b36c75720ff4acbc,discovery,0train,PASS,1173,S05_0train_T022,5,0,right_hand,True,0.0,4.883330833213366e-14,1.7625677970407153e-10,3609.355698477011,True
1.0,ff7143dca8408a73233321fc7219358e48f2336bad0cb63f4e76f8988e77ecce,ca0178be9c5fd168509f48974d2b3e1bbc91b2ba4e8e9e320299fd98dcf765e8,0c9085a7366142fd489e5640b36c75720ff4acbc,discovery,0train,PASS,1174,S05_0train_T023,5,0,left_hand,True,0.0,6.318060384489152e-14,2.64478892847672e-10,4186.077320453728,True
1.0,ff7143dca8408a73233321fc7219358e48f2336bad0cb63f4e76f8988e77ecce,ca0178be9c5fd168509f48974d2b3e1bbc91b2ba4e8e9e320299fd98dcf765e8,0c9085a7366142fd489e5640b36c75720ff4acbc,discovery,0train,PASS,1175,S05_0train_T024,5,0,left_hand,True,0.0,8.249820369795114e-14,4.417590592757743e-10,5354.771855314293,True
1.0,ff7143dca8408a73233321fc7219358e48f2336bad0cb63f4e76f8988e77ecce,ca0178be9c5fd168509f48974d2b3e1bbc91b2ba4e8e9e320299fd98dcf765e8,0c9085a7366142fd489e5640b36c75720ff4acbc,discovery,0train,PASS,1176,S05_0train_T025,5,0,feet,True,0.0,5.411858791815606e-14,2.574873162329012e-10,4757.835082879494,True
1.0,ff7143dca8408a73233321fc7219358e48f2336bad0cb63f4e76f8988e77ecce,ca0178be9c5fd168509f48974d2b3e1bbc91b2ba4e8e9e320299fd98dcf765e8,0c9085a7366142fd489e5640b36c75720ff4acbc,discovery,0train,PASS,1177,S05_0train_T026,5,0,tongue,True,0.0,6.984554058663046e-14,2.6685396861023924e-10,3820.630012581208,True
1.0,ff7143dca8408a73233321fc7219358e48f2336bad0cb63f4e76f8988e77ecce,ca0178be9c5fd168509f48974d2b3e1bbc91b2ba4e8e9e320299fd98dcf765e8,0c9085a7366142fd489e5640b36c75720ff4acbc,discovery,0train,PASS,1178,S05_0train_T027,5,0,left_hand,True,0.0,5.679742515356632e-14,2.2340411319629168e-10,3933.3493127947563,True
1.0,ff7143dca8408a73233321fc7219358e48f2336bad0cb63f4e76f8988e77ecce,ca0178be9c5fd168509f48974d2b3e1bbc91b2ba4e8e9e320299fd98dcf765e8,0c9085a7366142fd489e5640b36c75720ff4acbc,discovery,0train,PASS,1179,S05_0train_T028,5,0,feet,True,0.0,6.197576616543209e-14,3.044143923450852e-10,4911.829432370566,True
1.0,ff7143dca8408a73233321fc7219358e48f2336bad0cb63f4e76f8988e77ecce,ca0178be9c5fd168509f48974d2b3e1bbc91b2ba4e8e9e320299fd98dcf765e8,0c9085a7366142fd489e5640b36c75720ff4acbc,discovery,0train,PASS,1180,S05_0train_T029,5,0,feet,True,0.0,5.3625508471332737e-14,2.0554756644935605e-10,3833.0185075865193,True
1.0,ff7143dca8408a73233321fc7219358e48f2336bad0cb63f4e76f8988e77ecce,ca0178be9c5fd168509f48974d2b3e1bbc91b2ba4e8e9e320299fd98dcf765e8,0c9085a7366142fd489e5640b36c75720ff4acbc,discovery,0train,PASS,1181,S05_0train_T030,5,0,feet,True,0.0,5.525951734789353e-14,2.0037254412658766e-10,3626.0277639617457,True
1.0,ff7143dca8408a73233321fc7219358e48f2336bad0cb63f4e76f8988e77ecce,ca0178be9c5fd168509f48974d2b3e1bbc91b2ba4e8e9e320299fd98dcf765e8,0c9085a7366142fd489e5640b36c75720ff4acbc,discovery,0train,PASS,1182,S05_0train_T031,5,0,left_hand,True,0.0,6.385481755008975e-14,2.959178559099994e-10,4634.229135145081,True
1.0,ff7143dca8408a73233321fc7219358e48f2336bad0cb63f4e76f8988e77ecce,ca0178be9c5fd168509f48974d2b3e1bbc91b2ba4e8e9e320299fd98dcf765e8,0c9085a7366142fd489e5640b36c75720ff4acbc,discovery,0train,PASS,1183,S05_0train_T032,5,0,right_hand,True,0.0,5.507481899397152e-14,1.97594226320626e-10,3587.7417289788027,True
1.0,ff7143dca8408a73233321fc7219358e48f2336bad0cb63f4e76f8988e77ecce,ca0178be9c5fd168509f48974d2b3e1bbc91b2ba4e8e9e320299fd98dcf765e8,0c9085a7366142fd489e5640b36c75720ff4acbc,discovery,0train,PASS,1184,S05_0train_T033,5,0,left_hand,True,0.0,5.291523307823271e-14,2.2828913698392768e-10,4314.242302333108,True
1.0,ff7143dca8408a73233321fc7219358e48f2336bad0cb63f4e76f8988e77ecce,ca0178be9c5fd168509f48974d2b3e1bbc91b2ba4e8e9e320299fd98dcf765e8,0c9085a7366142fd489e5640b36c75720ff4acbc,discovery,0train,PASS,1185,S05_0train_T034,5,0,right_hand,True,0.0,8.72445342076216e-14,3.9960878424711137e-10,4580.330308098567,True
1.0,ff7143dca8408a73233321fc7219358e48f2336bad0cb63f4e76f8988e77ecce,ca0178be9c5fd168509f48974d2b3e1bbc91b2ba4e8e9e320299fd98dcf765e8,0c9085a7366142fd489e5640b36c75720ff4acbc,discovery,0train,PASS,1186,S05_0train_T035,5,0,right_hand,True,0.0,5.864238191170678e-14,2.3446813991948297e-10,3998.271084426673,True
1.0,ff7143dca8408a73233321fc7219358e48f2336bad0cb63f4e76f8988e77ecce,ca0178be9c5fd168509f48974d2b3e1bbc91b2ba4e8e9e320299fd98dcf765e8,0c9085a7366142fd489e5640b36c75720ff4acbc,discovery,0train,PASS,1187,S05_0train_T036,5,0,left_hand,True,0.0,5.638706341696885e-14,1.9007419507184805e-10,3370.8830280146854,True
1.0,ff7143dca8408a73233321fc7219358e48f2336bad0cb63f4e76f8988e77ecce,ca0178be9c5fd168509f48974d2b3e1bbc91b2ba4e8e9e320299fd98dcf765e8,0c9085a7366142fd489e5640b36c75720ff4acbc,discovery,0train,PASS,1188,S05_0train_T037,5,0,right_hand,True,0.0,6.465251348286209e-14,3.201379104367108e-10,4951.669984517649,True
1.0,ff7143dca8408a73233321fc7219358e48f2336bad0cb63f4e76f8988e77ecce,ca0178be9c5fd168509f48974d2b3e1bbc91b2ba4e8e9e320299fd98dcf765e8,0c9085a7366142fd489e5640b36c75720ff4acbc,discovery,0train,PASS,1189,S05_0train_T038,5,0,feet,True,0.0,5.5992570128702494e-14,2.346428036947306e-10,4190.606059971692,True
1.0,ff7143dca8408a73233321fc7219358e48f2336bad0cb63f4e76f8988e77ecce,ca0178be9c5fd168509f48974d2b3e1bbc91b2ba4e8e9e320299fd98dcf765e8,0c9085a7366142fd489e5640b36c75720ff4acbc,discovery,0train,PASS,1190,S05_0train_T039,5,0,right_hand,True,0.0,5.5663468129459256e-14,2.1042266577541768e-10,3780.265097496753,True
1.0,ff7143dca8408a73233321fc7219358e48f2336bad0cb63f4e76f8988e77ecce,ca0178be9c5fd168509f48974d2b3e1bbc91b2ba4e8e9e320299fd98dcf765e8,0c9085a7366142fd489e5640b36c75720ff4acbc,discovery,0train,PASS,1191,S05_0train_T040,5,0,feet,True,0.0,6.351244984280437e-14,2.2440403335650514e-10,3533.229058427337,True
1.0,ff7143dca8408a73233321fc7219358e48f2336bad0cb63f4e76f8988e77ecce,ca0178be9c5fd168509f48974d2b3e1bbc91b2ba4e8e9e320299fd98dcf765e8,0c9085a7366142fd489e5640b36c75720ff4acbc,discovery,0train,PASS,1192,S05_0train_T041,5,0,feet,True,0.0,5.3929473579987366e-14,2.1277373277571865e-10,3945.407189264251,True
1.0,ff7143dca8408a73233321fc7219358e48f2336bad0cb63f4e76f8988e77ecce,ca0178be9c5fd168509f48974d2b3e1bbc91b2ba4e8e9e320299fd98dcf765e8,0c9085a7366142fd489e5640b36c75720ff4acbc,discovery,0train,PASS,1193,S05_0train_T042,5,0,tongue,True,0.0,4.705130418974339e-14,1.818358797221472e-10,3864.6299577342043,True
1.0,ff7143dca8408a73233321fc7219358e48f2336bad0cb63f4e76f8988e77ecce,ca0178be9c5fd168509f48974d2b3e1bbc91b2ba4e8e9e320299fd98dcf765e8,0c9085a7366142fd489e5640b36c75720ff4acbc,discovery,0train,PASS,1194,S05_0train_T043,5,0,feet,True,0.0,4.894161235556065e-14,2.0000083551565993e-10,4086.5191375930676,True
1.0,ff7143dca8408a73233321fc7219358e48f2336bad0cb63f4e76f8988e77ecce,ca0178be9c5fd168509f48974d2b3e1bbc91b2ba4e8e9e320299fd98dcf765e8,0c9085a7366142fd489e5640b36c75720ff4acbc,discovery,0train,PASS,1195,S05_0train_T044,5,0,feet,True,0.0,4.895424071045085e-14,2.0213120380855112e-10,4128.982512548699,True
1.0,ff7143dca8408a73233321fc7219358e48f2336bad0cb63f4e76f8988e77ecce,ca0178be9c5fd168509f48974d2b3e1bbc91b2ba4e8e9e320299fd98dcf765e8,0c9085a7366142fd489e5640b36c75720ff4acbc,discovery,0train,PASS,1196,S05_0train_T045,5,0,tongue,True,0.0,4.9872639136003247e-14,1.9744821263651347e-10,3959.0488102719005,True
1.0,ff7143dca8408a73233321fc7219358e48f2336bad0cb63f4e76f8988e77ecce,ca0178be9c5fd168509f48974d2b3e1bbc91b2ba4e8e9e320299fd98dcf765e8,0c9085a7366142fd489e5640b36c75720ff4acbc,discovery,0train,PASS,1197,S05_0train_T046,5,0,tongue,True,0.0,5.368378417140524e-14,2.1547183511854975e-10,4013.7229229328655,True
1.0,ff7143dca8408a73233321fc7219358e48f2336bad0cb63f4e76f8988e77ecce,ca0178be9c5fd168509f48974d2b3e1bbc91b2ba4e8e9e320299fd98dcf765e8,0c9085a7366142fd489e5640b36c75720ff4acbc,discovery,0train,PASS,1198,S05_0train_T047,5,0,tongue,True,0.0,5.57498639085468e-14,2.4167340601346047e-10,4334.9595688683,True
1.0,ff7143dca8408a73233321fc7219358e48f2336bad0cb63f4e76f8988e77ecce,ca0178be9c5fd168509f48974d2b3e1bbc91b2ba4e8e9e320299fd98dcf765e8,0c9085a7366142fd489e5640b36c75720ff4acbc,discovery,0train,PASS,1199,S05_0train_T048,5,0,tongue,True,0.0,5.718403259176149e-14,2.2984694387746543e-10,4019.425239180832,True
1.0,ff7143dca8408a73233321fc7219358e48f2336bad0cb63f4e76f8988e77ecce,ca0178be9c5fd168509f48974d2b3e1bbc91b2ba4e8e9e320299fd98dcf765e8,0c9085a7366142fd489e5640b36c75720ff4acbc,discovery,0train,PASS,1200,S05_0train_T049,5,1,tongue,True,0.0,5.201564387431832e-14,1.8674957613939791e-10,3590.2578960788715,True
1.0,ff7143dca8408a73233321fc7219358e48f2336bad0cb63f4e76f8988e77ecce,ca0178be9c5fd168509f48974d2b3e1bbc91b2ba4e8e9e320299fd98dcf765e8,0c9085a7366142fd489e5640b36c75720ff4acbc,discovery,0train,PASS,1201,S05_0train_T050,5,1,feet,True,0.0,4.8448724015014863e-14,1.9368946327523012e-10,3997.8238274181035,True
1.0,ff7143dca8408a73233321fc7219358e48f2336bad0cb63f4e76f8988e77ecce,ca0178be9c5fd168509f48974d2b3e1bbc91b2ba4e8e9e320299fd98dcf765e8,0c9085a7366142fd489e5640b36c75720ff4acbc,discovery,0train,PASS,1202,S05_0train_T051,5,1,right_hand,True,0.0,5.762166376905932e-14,2.376167854830906e-10,4123.740446569367,True
1.0,ff7143dca8408a73233321fc7219358e48f2336bad0cb63f4e76f8988e77ecce,ca0178be9c5fd168509f48974d2b3e1bbc91b2ba4e8e9e320299fd98dcf765e8,0c9085a7366142fd489e5640b36c75720ff4acbc,discovery,0train,PASS,1203,S05_0train_T052,5,1,left_hand,True,0.0,5.0911987447526847e-14,2.0613138386871844e-10,4048.778965487659,True
1.0,ff7143dca8408a73233321fc7219358e48f2336bad0cb63f4e76f8988e77ecce,ca0178be9c5fd168509f48974d2b3e1bbc91b2ba4e8e9e320299fd98dcf765e8,0c9085a7366142fd489e5640b36c75720ff4acbc,discovery,0train,PASS,1204,S05_0train_T053,5,1,left_hand,True,0.0,6.418558850392663e-14,2.675730271523717e-10,4168.739952209095,True
1.0,ff7143dca8408a73233321fc7219358e48f2336bad0cb63f4e76f8988e77ecce,ca0178be9c5fd168509f48974d2b3e1bbc91b2ba4e8e9e320299fd98dcf765e8,0c9085a7366142fd489e5640b36c75720ff4acbc,discovery,0train,PASS,1205,S05_0train_T054,5,1,right_hand,True,0.0,6.36187563346444e-14,2.418355210034935e-10,3801.3242467583245,True
1.0,ff7143dca8408a73233321fc7219358e48f2336bad0cb63f4e76f8988e77ecce,ca0178be9c5fd168509f48974d2b3e1bbc91b2ba4e8e9e320299fd98dcf765e8,0c9085a7366142fd489e5640b36c75720ff4acbc,discovery,0train,PASS,1206,S05_0train_T055,5,1,feet,True,0.0,5.393922270457298e-14,2.1338119848571864e-10,3955.956125923708,True
1.0,ff7143dca8408a73233321fc7219358e48f2336bad0cb63f4e76f8988e77ecce,ca0178be9c5fd168509f48974d2b3e1bbc91b2ba4e8e9e320299fd98dcf765e8,0c9085a7366142fd489e5640b36c75720ff4acbc,discovery,0train,PASS,1207,S05_0train_T056,5,1,tongue,True,0.0,4.841838728668245e-14,1.667159441457391e-10,3443.236206084761,True
1.0,ff7143dca8408a73233321fc7219358e48f2336bad0cb63f4e76f8988e77ecce,ca0178be9c5fd168509f48974d2b3e1bbc91b2ba4e8e9e320299fd98dcf765e8,0c9085a7366142fd489e5640b36c75720ff4acbc,discovery,0train,PASS,1208,S05_0train_T057,5,1,right_hand,True,0.0,6.32184032760676e-14,2.656282597150753e-10,4201.755279314898,True
1.0,ff7143dca8408a73233321fc7219358e48f2336bad0cb63f4e76f8988e77ecce,ca0178be9c5fd168509f48974d2b3e1bbc91b2ba4e8e9e320299fd98dcf765e8,0c9085a7366142fd489e5640b36c75720ff4acbc,discovery,0train,PASS,1209,S05_0train_T058,5,1,feet,True,0.0,5.2789922994972346e-14,2.291155614620982e-10,4340.138201829142,True
1.0,ff7143dca8408a73233321fc7219358e48f2336bad0cb63f4e76f8988e77ecce,ca0178be9c5fd168509f48974d2b3e1bbc91b2ba4e8e9e320299fd98dcf765e8,0c9085a7366142fd489e5640b36c75720ff4acbc,discovery,0train,PASS,1210,S05_0train_T059,5,1,left_hand,True,0.0,4.498875071027175e-14,1.5439343321894145e-10,3431.823084246939,True
1.0,ff7143dca8408a73233321fc7219358e48f2336bad0cb63f4e76f8988e77ecce,ca0178be9c5fd168509f48974d2b3e1bbc91b2ba4e8e9e320299fd98dcf765e8,0c9085a7366142fd489e5640b36c75720ff4acbc,discovery,0train,PASS,1211,S05_0train_T060,5,1,left_hand,True,0.0,6.003561564428717e-14,2.4691218936693403e-10,4112.761845067038,True
1.0,ff7143dca8408a73233321fc7219358e48f2336bad0cb63f4e76f8988e77ecce,ca0178be9c5fd168509f48974d2b3e1bbc91b2ba4e8e9e320299fd98dcf765e8,0c9085a7366142fd489e5640b36c75720ff4acbc,discovery,0train,PASS,1212,S05_0train_T061,5,1,left_hand,True,0.0,5.713892140531641e-14,2.323643283686444e-10,4066.6558390271675,True
1.0,ff7143dca8408a73233321fc7219358e48f2336bad0cb63f4e76f8988e77ecce,ca0178be9c5fd168509f48974d2b3e1bbc91b2ba4e8e9e320299fd98dcf765e8,0c9085a7366142fd489e5640b36c75720ff4acbc,discovery,0train,PASS,1213,S05_0train_T062,5,1,tongue,True,0.0,6.701191877852293e-14,2.7992842616172533e-10,4177.293103438807,True
1.0,ff7143dca8408a73233321fc7219358e48f2336bad0cb63f4e76f8988e77ecce,ca0178be9c5fd168509f48974d2b3e1bbc91b2ba4e8e9e320299fd98dcf765e8,0c9085a7366142fd489e5640b36c75720ff4acbc,discovery,0train,PASS,1214,S05_0train_T063,5,1,right_hand,True,0.0,4.6977070303881725e-14,1.796868315814806e-10,3824.9901583716482,True
1.0,ff7143dca8408a73233321fc7219358e48f2336bad0cb63f4e76f8988e77ecce,ca0178be9c5fd168509f48974d2b3e1bbc91b2ba4e8e9e320299fd98dcf765e8,0c9085a7366142fd489e5640b36c75720ff4acbc,discovery,0train,PASS,1215,S05_0train_T064,5,1,right_hand,True,0.0,4.894475321914084e-14,2.056455556977029e-10,4201.585301226548,True
1.0,ff7143dca8408a73233321fc7219358e48f2336bad0cb63f4e76f8988e77ecce,ca0178be9c5fd168509f48974d2b3e1bbc91b2ba4e8e9e320299fd98dcf765e8,0c9085a7366142fd489e5640b36c75720ff4acbc,discovery,0train,PASS,1216,S05_0train_T065,5,1,left_hand,True,0.0,4.7938698848687696e-14,1.8458779159176468e-10,3850.496488742679,True
1.0,ff7143dca8408a73233321fc7219358e48f2336bad0cb63f4e76f8988e77ecce,ca0178be9c5fd168509f48974d2b3e1bbc91b2ba4e8e9e320299fd98dcf765e8,0c9085a7366142fd489e5640b36c75720ff4acbc,discovery,0train,PASS,1217,S05_0train_T066,5,1,left_hand,True,0.0,7.396908124202656e-14,3.6271359608766493e-10,4903.583902858917,True
1.0,ff7143dca8408a73233321fc7219358e48f2336bad0cb63f4e76f8988e77ecce,ca0178be9c5fd168509f48974d2b3e1bbc91b2ba4e8e9e320299fd98dcf765e8,0c9085a7366142fd489e5640b36c75720ff4acbc,discovery,0train,PASS,1218,S05_0train_T067,5,1,feet,True,0.0,5.872406588943102e-14,2.6313124246494533e-10,4480.807629369255,True
1.0,ff7143dca8408a73233321fc7219358e48f2336bad0cb63f4e76f8988e77ecce,ca0178be9c5fd168509f48974d2b3e1bbc91b2ba4e8e9e320299fd98dcf765e8,0c9085a7366142fd489e5640b36c75720ff4acbc,discovery,0train,PASS,1219,S05_0train_T068,5,1,left_hand,True,0.0,7.283445121124493e-14,2.7580110244666714e-10,3786.6847056587167,True
1.0,ff7143dca8408a73233321fc7219358e48f2336bad0cb63f4e76f8988e77ecce,ca0178be9c5fd168509f48974d2b3e1bbc91b2ba4e8e9e320299fd98dcf765e8,0c9085a7366142fd489e5640b36c75720ff4acbc,discovery,0train,PASS,1220,S05_0train_T069,5,1,right_hand,True,0.0,5.451003551897516e-14,2.588845640371104e-10,4749.300960315677,True
1.0,ff7143dca8408a73233321fc7219358e48f2336bad0cb63f4e76f8988e77ecce,ca0178be9c5fd168509f48974d2b3e1bbc91b2ba4e8e9e320299fd98dcf765e8,0c9085a7366142fd489e5640b36c75720ff4acbc,discovery,0train,PASS,1221,S05_0train_T070,5,1,tongue,True,0.0,5.88964316926457e-14,2.5304899244606274e-10,4296.508042568911,True
1.0,ff7143dca8408a73233321fc7219358e48f2336bad0cb63f4e76f8988e77ecce,ca0178be9c5fd168509f48974d2b3e1bbc91b2ba4e8e9e320299fd98dcf765e8,0c9085a7366142fd489e5640b36c75720ff4acbc,discovery,0train,PASS,1222,S05_0train_T071,5,1,tongue,True,0.0,5.90585472726465e-14,3.152652415775846e-10,5338.181451063266,True
1.0,ff7143dca8408a73233321fc7219358e48f2336bad0cb63f4e76f8988e77ecce,ca0178be9c5fd168509f48974d2b3e1bbc91b2ba4e8e9e320299fd98dcf765e8,0c9085a7366142fd489e5640b36c75720ff4acbc,discovery,0train,PASS,1223,S05_0train_T072,5,1,feet,True,0.0,5.664580421536608e-14,2.2693555160095e-10,4006.219961820051,True
1.0,ff7143dca8408a73233321fc7219358e48f2336bad0cb63f4e76f8988e77ecce,ca0178be9c5fd168509f48974d2b3e1bbc91b2ba4e8e9e320299fd98dcf765e8,0c9085a7366142fd489e5640b36c75720ff4acbc,discovery,0train,PASS,1224,S05_0train_T073,5,1,left_hand,True,0.0,6.042231702937529e-14,2.6181346282850156e-10,4333.058970598839,True
1.0,ff7143dca8408a73233321fc7219358e48f2336bad0cb63f4e76f8988e77ecce,ca0178be9c5fd168509f48974d2b3e1bbc91b2ba4e8e9e320299fd98dcf765e8,0c9085a7366142fd489e5640b36c75720ff4acbc,discovery,0train,PASS,1225,S05_0train_T074,5,1,tongue,True,0.0,4.967445217167555e-14,2.1635678922302619e-10,4355.49421814043,True
1.0,ff7143dca8408a73233321fc7219358e48f2336bad0cb63f4e76f8988e77ecce,ca0178be9c5fd168509f48974d2b3e1bbc91b2ba4e8e9e320299fd98dcf765e8,0c9085a7366142fd489e5640b36c75720ff4acbc,discovery,0train,PASS,1226,S05_0train_T075,5,1,tongue,True,0.0,4.918013877122668e-14,2.2023783195977064e-10,4478.186468408725,True
1.0,ff7143dca8408a73233321fc7219358e48f2336bad0cb63f4e76f8988e77ecce,ca0178be9c5fd168509f48974d2b3e1bbc91b2ba4e8e9e320299fd98dcf765e8,0c9085a7366142fd489e5640b36c75720ff4acbc,discovery,0train,PASS,1227,S05_0train_T076,5,1,right_hand,True,0.0,4.592336529937356e-14,1.8866882420189698e-10,4108.340557621777,True
1.0,ff7143dca8408a73233321fc7219358e48f2336bad0cb63f4e76f8988e77ecce,ca0178be9c5fd168509f48974d2b3e1bbc91b2ba4e8e9e320299fd98dcf765e8,0c9085a7366142fd489e5640b36c75720ff4acbc,discovery,0train,PASS,1228,S05_0train_T077,5,1,tongue,True,0.0,5.856579520536737e-14,2.594833274673399e-10,4430.629287238963,True
1.0,ff7143dca8408a73233321fc7219358e48f2336bad0cb63f4e76f8988e77ecce,ca0178be9c5fd168509f48974d2b3e1bbc91b2ba4e8e9e320299fd98dcf765e8,0c9085a7366142fd489e5640b36c75720ff4acbc,discovery,0train,PASS,1229,S05_0train_T078,5,1,tongue,True,0.0,5.51959374951951e-14,2.2758674469479666e-10,4123.251728709354,True
1.0,ff7143dca8408a73233321fc7219358e48f2336bad0cb63f4e76f8988e77ecce,ca0178be9c5fd168509f48974d2b3e1bbc91b2ba4e8e9e320299fd98dcf765e8,0c9085a7366142fd489e5640b36c75720ff4acbc,discovery,0train,PASS,1230,S05_0train_T079,5,1,right_hand,True,0.0,5.896005221881893e-14,2.42715588816079e-10,4116.610818377274,True
1.0,ff7143dca8408a73233321fc7219358e48f2336bad0cb63f4e76f8988e77ecce,ca0178be9c5fd168509f48974d2b3e1bbc91b2ba4e8e9e320299fd98dcf765e8,0c9085a7366142fd489e5640b36c75720ff4acbc,discovery,0train,PASS,1231,S05_0train_T080,5,1,left_hand,True,0.0,6.624743461554533e-14,2.885826259364265e-10,4356.132846670398,True
1.0,ff7143dca8408a73233321fc7219358e48f2336bad0cb63f4e76f8988e77ecce,ca0178be9c5fd168509f48974d2b3e1bbc91b2ba4e8e9e320299fd98dcf765e8,0c9085a7366142fd489e5640b36c75720ff4acbc,discovery,0train,PASS,1232,S05_0train_T081,5,1,right_hand,True,0.0,7.551558307382218e-14,3.19266008790201e-10,4227.816243941259,True
1.0,ff7143dca8408a73233321fc7219358e48f2336bad0cb63f4e76f8988e77ecce,ca0178be9c5fd168509f48974d2b3e1bbc91b2ba4e8e9e320299fd98dcf765e8,0c9085a7366142fd489e5640b36c75720ff4acbc,discovery,0train,PASS,1233,S05_0train_T082,5,1,feet,True,0.0,6.157132806023869e-14,2.5065777246898496e-10,4071.0145511844794,True
1.0,ff7143dca8408a73233321fc7219358e48f2336bad0cb63f4e76f8988e77ecce,ca0178be9c5fd168509f48974d2b3e1bbc91b2ba4e8e9e320299fd98dcf765e8,0c9085a7366142fd489e5640b36c75720ff4acbc,discovery,0train,PASS,1234,S05_0train_T083,5,1,feet,True,0.0,5.653650327471562e-14,2.375310398668369e-10,4201.374795194772,True
1.0,ff7143dca8408a73233321fc7219358e48f2336bad0cb63f4e76f8988e77ecce,ca0178be9c5fd168509f48974d2b3e1bbc91b2ba4e8e9e320299fd98dcf765e8,0c9085a7366142fd489e5640b36c75720ff4acbc,discovery,0train,PASS,1235,S05_0train_T084,5,1,feet,True,0.0,5.051935039420265e-14,1.6574125798153534e-10,3280.748004245023,True
1.0,ff7143dca8408a73233321fc7219358e48f2336bad0cb63f4e76f8988e77ecce,ca0178be9c5fd168509f48974d2b3e1bbc91b2ba4e8e9e320299fd98dcf765e8,0c9085a7366142fd489e5640b36c75720ff4acbc,discovery,0train,PASS,1236,S05_0train_T085,5,1,tongue,True,0.0,4.8856274895727275e-14,1.9238550324329586e-10,3937.784934563665,True
1.0,ff7143dca8408a73233321fc7219358e48f2336bad0cb63f4e76f8988e77ecce,ca0178be9c5fd168509f48974d2b3e1bbc91b2ba4e8e9e320299fd98dcf765e8,0c9085a7366142fd489e5640b36c75720ff4acbc,discovery,0train,PASS,1237,S05_0train_T086,5,1,feet,True,0.0,5.398649013079943e-14,2.5303988574035114e-10,4687.096440744372,True
1.0,ff7143dca8408a73233321fc7219358e48f2336bad0cb63f4e76f8988e77ecce,ca0178be9c5fd168509f48974d2b3e1bbc91b2ba4e8e9e320299fd98dcf765e8,0c9085a7366142fd489e5640b36c75720ff4acbc,discovery,0train,PASS,1238,S05_0train_T087,5,1,left_hand,True,0.0,6.806671907472618e-14,3.6554253526503206e-10,5370.35632441349,True
1.0,ff7143dca8408a73233321fc7219358e48f2336bad0cb63f4e76f8988e77ecce,ca0178be9c5fd168509f48974d2b3e1bbc91b2ba4e8e9e320299fd98dcf765e8,0c9085a7366142fd489e5640b36c75720ff4acbc,discovery,0train,PASS,1239,S05_0train_T088,5,1,tongue,True,0.0,5.1402480281635677e-14,2.1377414923109732e-10,4158.8294584195655,True
1.0,ff7143dca8408a73233321fc7219358e48f2336bad0cb63f4e76f8988e77ecce,ca0178be9c5fd168509f48974d2b3e1bbc91b2ba4e8e9e320299fd98dcf765e8,0c9085a7366142fd489e5640b36c75720ff4acbc,discovery,0train,PASS,1240,S05_0train_T089,5,1,right_hand,True,0.0,6.794910890072474e-14,3.435247200201559e-10,5055.617734767555,True
1.0,ff7143dca8408a73233321fc7219358e48f2336bad0cb63f4e76f8988e77ecce,ca0178be9c5fd168509f48974d2b3e1bbc91b2ba4e8e9e320299fd98dcf765e8,0c9085a7366142fd489e5640b36c75720ff4acbc,discovery,0train,PASS,1241,S05_0train_T090,5,1,feet,True,0.0,6.813590208392674e-14,3.174540855199235e-10,4659.130881233477,True
1.0,ff7143dca8408a73233321fc7219358e48f2336bad0cb63f4e76f8988e77ecce,ca0178be9c5fd168509f48974d2b3e1bbc91b2ba4e8e9e320299fd98dcf765e8,0c9085a7366142fd489e5640b36c75720ff4acbc,discovery,0train,PASS,1242,S05_0train_T091,5,1,right_hand,True,0.0,5.775987468258767e-14,2.8437068550693833e-10,4923.325874054656,True
1.0,ff7143dca8408a73233321fc7219358e48f2336bad0cb63f4e76f8988e77ecce,ca0178be9c5fd168509f48974d2b3e1bbc91b2ba4e8e9e320299fd98dcf765e8,0c9085a7366142fd489e5640b36c75720ff4acbc,discovery,0train,PASS,1243,S05_0train_T092,5,1,feet,True,0.0,5.720549275000453e-14,1.8649268167895247e-10,3260.0485148156986,True
1.0,ff7143dca8408a73233321fc7219358e48f2336bad0cb63f4e76f8988e77ecce,ca0178be9c5fd168509f48974d2b3e1bbc91b2ba4e8e9e320299fd98dcf765e8,0c9085a7366142fd489e5640b36c75720ff4acbc,discovery,0train,PASS,1244,S05_0train_T093,5,1,tongue,True,0.0,5.88140203536126e-14,2.479183720858517e-10,4215.293744506339,True
1.0,ff7143dca8408a73233321fc7219358e48f2336bad0cb63f4e76f8988e77ecce,ca0178be9c5fd168509f48974d2b3e1bbc91b2ba4e8e9e320299fd98dcf765e8,0c9085a7366142fd489e5640b36c75720ff4acbc,discovery,0train,PASS,1245,S05_0train_T094,5,1,right_hand,True,0.0,5.92427733781775e-14,2.4863809207268316e-10,4196.935387975452,True
1.0,ff7143dca8408a73233321fc7219358e48f2336bad0cb63f4e76f8988e77ecce,ca0178be9c5fd168509f48974d2b3e1bbc91b2ba4e8e9e320299fd98dcf765e8,0c9085a7366142fd489e5640b36c75720ff4acbc,discovery,0train,PASS,1246,S05_0train_T095,5,1,feet,True,0.0,5.797196381979181e-14,2.7026480691836e-10,4661.991575073928,True
1.0,ff7143dca8408a73233321fc7219358e48f2336bad0cb63f4e76f8988e77ecce,ca0178be9c5fd168509f48974d2b3e1bbc91b2ba4e8e9e320299fd98dcf765e8,0c9085a7366142fd489e5640b36c75720ff4acbc,discovery,0train,PASS,1247,S05_0train_T096,5,1,left_hand,True,0.0,4.7630518495302945e-14,1.694174724565714e-10,3556.910103199452,True
1.0,ff7143dca8408a73233321fc7219358e48f2336bad0cb63f4e76f8988e77ecce,ca0178be9c5fd168509f48974d2b3e1bbc91b2ba4e8e9e320299fd98dcf765e8,0c9085a7366142fd489e5640b36c75720ff4acbc,discovery,0train,PASS,1248,S05_0train_T097,5,2,left_hand,True,0.0,5.179070822450356e-14,1.9720986510727186e-10,3807.82329240222,True
1.0,ff7143dca8408a73233321fc7219358e48f2336bad0cb63f4e76f8988e77ecce,ca0178be9c5fd168509f48974d2b3e1bbc91b2ba4e8e9e320299fd98dcf765e8,0c9085a7366142fd489e5640b36c75720ff4acbc,discovery,0train,PASS,1249,S05_0train_T098,5,2,left_hand,True,0.0,5.623388865450049e-14,2.4272614668529224e-10,4316.367807614999,True
1.0,ff7143dca8408a73233321fc7219358e48f2336bad0cb63f4e76f8988e77ecce,ca0178be9c5fd168509f48974d2b3e1bbc91b2ba4e8e9e320299fd98dcf765e8,0c9085a7366142fd489e5640b36c75720ff4acbc,discovery,0train,PASS,1250,S05_0train_T099,5,2,tongue,True,0.0,6.76056344182609e-14,2.84936636242848e-10,4214.687706057293,True
1.0,ff7143dca8408a73233321fc7219358e48f2336bad0cb63f4e76f8988e77ecce,ca0178be9c5fd168509f48974d2b3e1bbc91b2ba4e8e9e320299fd98dcf765e8,0c9085a7366142fd489e5640b36c75720ff4acbc,discovery,0train,PASS,1251,S05_0train_T100,5,2,right_hand,True,0.0,5.418214758440513e-14,2.1672408301726198e-10,3999.9168117071863,True
1.0,ff7143dca8408a73233321fc7219358e48f2336bad0cb63f4e76f8988e77ecce,ca0178be9c5fd168509f48974d2b3e1bbc91b2ba4e8e9e320299fd98dcf765e8,0c9085a7366142fd489e5640b36c75720ff4acbc,discovery,0train,PASS,1252,S05_0train_T101,5,2,left_hand,True,0.0,6.975180797031669e-14,3.5661177261913785e-10,5112.581064148132,True
1.0,ff7143dca8408a73233321fc7219358e48f2336bad0cb63f4e76f8988e77ecce,ca0178be9c5fd168509f48974d2b3e1bbc91b2ba4e8e9e320299fd98dcf765e8,0c9085a7366142fd489e5640b36c75720ff4acbc,discovery,0train,PASS,1253,S05_0train_T102,5,2,feet,True,0.0,5.4619965734389976e-14,2.598322308588596e-10,4757.092527710308,True
1.0,ff7143dca8408a73233321fc7219358e48f2336bad0cb63f4e76f8988e77ecce,ca0178be9c5fd168509f48974d2b3e1bbc91b2ba4e8e9e320299fd98dcf765e8,0c9085a7366142fd489e5640b36c75720ff4acbc,discovery,0train,PASS,1254,S05_0train_T103,5,2,left_hand,True,0.0,5.004863211444871e-14,2.1479175586810274e-10,4291.660866513348,True
1.0,ff7143dca8408a73233321fc7219358e48f2336bad0cb63f4e76f8988e77ecce,ca0178be9c5fd168509f48974d2b3e1bbc91b2ba4e8e9e320299fd98dcf765e8,0c9085a7366142fd489e5640b36c75720ff4acbc,discovery,0train,PASS,1255,S05_0train_T104,5,2,feet,True,0.0,5.095701000801904e-14,2.052745949335315e-10,4028.3877507967536,True
1.0,ff7143dca8408a73233321fc7219358e48f2336bad0cb63f4e76f8988e77ecce,ca0178be9c5fd168509f48974d2b3e1bbc91b2ba4e8e9e320299fd98dcf765e8,0c9085a7366142fd489e5640b36c75720ff4acbc,discovery,0train,PASS,1256,S05_0train_T105,5,2,right_hand,True,0.0,5.3286769533093167e-14,2.733877338709306e-10,5130.499301541373,True
1.0,ff7143dca8408a73233321fc7219358e48f2336bad0cb63f4e76f8988e77ecce,ca0178be9c5fd168509f48974d2b3e1bbc91b2ba4e8e9e320299fd98dcf765e8,0c9085a7366142fd489e5640b36c75720ff4acbc,discovery,0train,PASS,1257,S05_0train_T106,5,2,tongue,True,0.0,6.57895890877614e-14,2.901951757060326e-10,4410.958933318776,True
1.0,ff7143dca8408a73233321fc7219358e48f2336bad0cb63f4e76f8988e77ecce,ca0178be9c5fd168509f48974d2b3e1bbc91b2ba4e8e9e320299fd98dcf765e8,0c9085a7366142fd489e5640b36c75720ff4acbc,discovery,0train,PASS,1258,S05_0train_T107,5,2,left_hand,True,0.0,5.215368981656459e-14,2.027211958537269e-10,3886.9962329940536,True
1.0,ff7143dca8408a73233321fc7219358e48f2336bad0cb63f4e76f8988e77ecce,ca0178be9c5fd168509f48974d2b3e1bbc91b2ba4e8e9e320299fd98dcf765e8,0c9085a7366142fd489e5640b36c75720ff4acbc,discovery,0train,PASS,1259,S05_0train_T108,5,2,feet,True,0.0,7.981451121304725e-14,3.6954588683231394e-10,4630.05888548127,True
1.0,ff7143dca8408a73233321fc7219358e48f2336bad0cb63f4e76f8988e77ecce,ca0178be9c5fd168509f48974d2b3e1bbc91b2ba4e8e9e320299fd98dcf765e8,0c9085a7366142fd489e5640b36c75720ff4acbc,discovery,0train,PASS,1260,S05_0train_T109,5,2,feet,True,0.0,6.51595114947462e-14,2.790015785771786e-10,4281.824282855074,True
1.0,ff7143dca8408a73233321fc7219358e48f2336bad0cb63f4e76f8988e77ecce,ca0178be9c5fd168509f48974d2b3e1bbc91b2ba4e8e9e320299fd98dcf765e8,0c9085a7366142fd489e5640b36c75720ff4acbc,discovery,0train,PASS,1261,S05_0train_T110,5,2,left_hand,True,0.0,5.4609501320794e-14,2.3213450172540662e-10,4250.807938380044,True
1.0,ff7143dca8408a73233321fc7219358e48f2336bad0cb63f4e76f8988e77ecce,ca0178be9c5fd168509f48974d2b3e1bbc91b2ba4e8e9e320299fd98dcf765e8,0c9085a7366142fd489e5640b36c75720ff4acbc,discovery,0train,PASS,1262,S05_0train_T111,5,2,feet,True,0.0,6.540664520408094e-14,2.769169702524281e-10,4233.77425013002,True
1.0,ff7143dca8408a73233321fc7219358e48f2336bad0cb63f4e76f8988e77ecce,ca0178be9c5fd168509f48974d2b3e1bbc91b2ba4e8e9e320299fd98dcf765e8,0c9085a7366142fd489e5640b36c75720ff4acbc,discovery,0train,PASS,1263,S05_0train_T112,5,2,right_hand,True,0.0,6.179247891623697e-14,2.830641647604199e-10,4580.883785939849,True
1.0,ff7143dca8408a73233321fc7219358e48f2336bad0cb63f4e76f8988e77ecce,ca0178be9c5fd168509f48974d2b3e1bbc91b2ba4e8e9e320299fd98dcf765e8,0c9085a7366142fd489e5640b36c75720ff4acbc,discovery,0train,PASS,1264,S05_0train_T113,5,2,tongue,True,0.0,6.06874553865354e-14,2.841292095260552e-10,4681.844175478387,True
1.0,ff7143dca8408a73233321fc7219358e48f2336bad0cb63f4e76f8988e77ecce,ca0178be9c5fd168509f48974d2b3e1bbc91b2ba4e8e9e320299fd98dcf765e8,0c9085a7366142fd489e5640b36c75720ff4acbc,discovery,0train,PASS,1265,S05_0train_T114,5,2,tongue,True,0.0,4.6843204894941905e-14,1.8908104151842005e-10,4036.4668032958793,True
1.0,ff7143dca8408a73233321fc7219358e48f2336bad0cb63f4e76f8988e77ecce,ca0178be9c5fd168509f48974d2b3e1bbc91b2ba4e8e9e320299fd98dcf765e8,0c9085a7366142fd489e5640b36c75720ff4acbc,discovery,0train,PASS,1266,S05_0train_T115,5,2,tongue,True,0.0,5.934380998977938e-14,2.5476110981092056e-10,4292.968548106321,True
1.0,ff7143dca8408a73233321fc7219358e48f2336bad0cb63f4e76f8988e77ecce,ca0178be9c5fd168509f48974d2b3e1bbc91b2ba4e8e9e320299fd98dcf765e8,0c9085a7366142fd489e5640b36c75720ff4acbc,discovery,0train,PASS,1267,S05_0train_T116,5,2,feet,True,0.0,6.928015880600748e-14,3.331274399349411e-10,4808.410455116547,True
1.0,ff7143dca8408a73233321fc7219358e48f2336bad0cb63f4e76f8988e77ecce,ca0178be9c5fd168509f48974d2b3e1bbc91b2ba4e8e9e320299fd98dcf765e8,0c9085a7366142fd489e5640b36c75720ff4acbc,discovery,0train,PASS,1268,S05_0train_T117,5,2,left_hand,True,0.0,4.692684756849435e-14,2.376265346705181e-10,5063.765136229933,True
1.0,ff7143dca8408a73233321fc7219358e48f2336bad0cb63f4e76f8988e77ecce,ca0178be9c5fd168509f48974d2b3e1bbc91b2ba4e8e9e320299fd98dcf765e8,0c9085a7366142fd489e5640b36c75720ff4acbc,discovery,0train,PASS,1269,S05_0train_T118,5,2,tongue,True,0.0,6.048837669699574e-14,2.9046029551327216e-10,4801.919168177948,True
1.0,ff7143dca8408a73233321fc7219358e48f2336bad0cb63f4e76f8988e77ecce,ca0178be9c5fd168509f48974d2b3e1bbc91b2ba4e8e9e320299fd98dcf765e8,0c9085a7366142fd489e5640b36c75720ff4acbc,discovery,0train,PASS,1270,S05_0train_T119,5,2,right_hand,True,0.0,6.270939602198625e-14,3.316010389227999e-10,5287.900377904116,True
1.0,ff7143dca8408a73233321fc7219358e48f2336bad0cb63f4e76f8988e77ecce,ca0178be9c5fd168509f48974d2b3e1bbc91b2ba4e8e9e320299fd98dcf765e8,0c9085a7366142fd489e5640b36c75720ff4acbc,discovery,0train,PASS,1271,S05_0train_T120,5,2,tongue,True,0.0,6.160087008713812e-14,2.590552191514941e-10,4205.3824691931295,True
1.0,ff7143dca8408a73233321fc7219358e48f2336bad0cb63f4e76f8988e77ecce,ca0178be9c5fd168509f48974d2b3e1bbc91b2ba4e8e9e320299fd98dcf765e8,0c9085a7366142fd489e5640b36c75720ff4acbc,discovery,0train,PASS,1272,S05_0train_T121,5,2,right_hand,True,0.0,5.367856262177266e-14,2.2058984014046196e-10,4109.458773975965,True
1.0,ff7143dca8408a73233321fc7219358e48f2336bad0cb63f4e76f8988e77ecce,ca0178be9c5fd168509f48974d2b3e1bbc91b2ba4e8e9e320299fd98dcf765e8,0c9085a7366142fd489e5640b36c75720ff4acbc,discovery,0train,PASS,1273,S05_0train_T122,5,2,left_hand,True,0.0,6.26479831714459e-14,2.857840782149783e-10,4561.744269290935,True
1.0,ff7143dca8408a73233321fc7219358e48f2336bad0cb63f4e76f8988e77ecce,ca0178be9c5fd168509f48974d2b3e1bbc91b2ba4e8e9e320299fd98dcf765e8,0c9085a7366142fd489e5640b36c75720ff4acbc,discovery,0train,PASS,1274,S05_0train_T123,5,2,feet,True,0.0,5.737620885271346e-14,2.293702250633317e-10,3997.65389958288,True
1.0,ff7143dca8408a73233321fc7219358e48f2336bad0cb63f4e76f8988e77ecce,ca0178be9c5fd168509f48974d2b3e1bbc91b2ba4e8e9e320299fd98dcf765e8,0c9085a7366142fd489e5640b36c75720ff4acbc,discovery,0train,PASS,1275,S05_0train_T124,5,2,right_hand,True,0.0,5.767649855095102e-14,2.3259011588052308e-10,4032.6670606582434,True
1.0,ff7143dca8408a73233321fc7219358e48f2336bad0cb63f4e76f8988e77ecce,ca0178be9c5fd168509f48974d2b3e1bbc91b2ba4e8e9e320299fd98dcf765e8,0c9085a7366142fd489e5640b36c75720ff4acbc,discovery,0train,PASS,1276,S05_0train_T125,5,2,left_hand,True,0.0,4.8238559889893166e-14,2.282103250248825e-10,4730.869361477282,True
1.0,ff7143dca8408a73233321fc7219358e48f2336bad0cb63f4e76f8988e77ecce,ca0178be9c5fd168509f48974d2b3e1bbc91b2ba4e8e9e320299fd98dcf765e8,0c9085a7366142fd489e5640b36c75720ff4acbc,discovery,0train,PASS,1277,S05_0train_T126,5,2,feet,True,0.0,5.846200851230506e-14,2.60951726833031e-10,4463.61207001819,True
1.0,ff7143dca8408a73233321fc7219358e48f2336bad0cb63f4e76f8988e77ecce,ca0178be9c5fd168509f48974d2b3e1bbc91b2ba4e8e9e320299fd98dcf765e8,0c9085a7366142fd489e5640b36c75720ff4acbc,discovery,0train,PASS,1278,S05_0train_T127,5,2,feet,True,0.0,8.09796149583753e-14,3.896498698580776e-10,4811.703168240097,True
1.0,ff7143dca8408a73233321fc7219358e48f2336bad0cb63f4e76f8988e77ecce,ca0178be9c5fd168509f48974d2b3e1bbc91b2ba4e8e9e320299fd98dcf765e8,0c9085a7366142fd489e5640b36c75720ff4acbc,discovery,0train,PASS,1279,S05_0train_T128,5,2,left_hand,True,0.0,5.104563810442171e-14,2.2613933961517789e-10,4430.140321736699,True
1.0,ff7143dca8408a73233321fc7219358e48f2336bad0cb63f4e76f8988e77ecce,ca0178be9c5fd168509f48974d2b3e1bbc91b2ba4e8e9e320299fd98dcf765e8,0c9085a7366142fd489e5640b36c75720ff4acbc,discovery,0train,PASS,1280,S05_0train_T129,5,2,feet,True,0.0,6.267662002626038e-14,2.7145130581444855e-10,4330.981882888952,True
1.0,ff7143dca8408a73233321fc7219358e48f2336bad0cb63f4e76f8988e77ecce,ca0178be9c5fd168509f48974d2b3e1bbc91b2ba4e8e9e320299fd98dcf765e8,0c9085a7366142fd489e5640b36c75720ff4acbc,discovery,0train,PASS,1281,S05_0train_T130,5,2,tongue,True,0.0,6.996559823973886e-14,3.1060528813762057e-10,4439.400161681228,True
1.0,ff7143dca8408a73233321fc7219358e48f2336bad0cb63f4e76f8988e77ecce,ca0178be9c5fd168509f48974d2b3e1bbc91b2ba4e8e9e320299fd98dcf765e8,0c9085a7366142fd489e5640b36c75720ff4acbc,discovery,0train,PASS,1282,S05_0train_T131,5,2,tongue,True,0.0,6.398261644998005e-14,3.158048621681796e-10,4935.791621073634,True
1.0,ff7143dca8408a73233321fc7219358e48f2336bad0cb63f4e76f8988e77ecce,ca0178be9c5fd168509f48974d2b3e1bbc91b2ba4e8e9e320299fd98dcf765e8,0c9085a7366142fd489e5640b36c75720ff4acbc,discovery,0train,PASS,1283,S05_0train_T132,5,2,right_hand,True,0.0,6.320857474156004e-14,2.948380932679535e-10,4664.526837908522,True
1.0,ff7143dca8408a73233321fc7219358e48f2336bad0cb63f4e76f8988e77ecce,ca0178be9c5fd168509f48974d2b3e1bbc91b2ba4e8e9e320299fd98dcf765e8,0c9085a7366142fd489e5640b36c75720ff4acbc,discovery,0train,PASS,1284,S05_0train_T133,5,2,left_hand,True,0.0,5.2846279125960164e-14,2.447160118415703e-10,4630.714137097237,True
1.0,ff7143dca8408a73233321fc7219358e48f2336bad0cb63f4e76f8988e77ecce,ca0178be9c5fd168509f48974d2b3e1bbc91b2ba4e8e9e320299fd98dcf765e8,0c9085a7366142fd489e5640b36c75720ff4acbc,discovery,0train,PASS,1285,S05_0train_T134,5,2,right_hand,True,0.0,6.24742074197981e-14,3.09699027875887e-10,4957.230202135277,True
1.0,ff7143dca8408a73233321fc7219358e48f2336bad0cb63f4e76f8988e77ecce,ca0178be9c5fd168509f48974d2b3e1bbc91b2ba4e8e9e320299fd98dcf765e8,0c9085a7366142fd489e5640b36c75720ff4acbc,discovery,0train,PASS,1286,S05_0train_T135,5,2,tongue,True,0.0,5.5450024163006635e-14,2.3658493800897477e-10,4266.633632358486,True
1.0,ff7143dca8408a73233321fc7219358e48f2336bad0cb63f4e76f8988e77ecce,ca0178be9c5fd168509f48974d2b3e1bbc91b2ba4e8e9e320299fd98dcf765e8,0c9085a7366142fd489e5640b36c75720ff4acbc,discovery,0train,PASS,1287,S05_0train_T136,5,2,right_hand,True,0.0,5.92975684735675e-14,2.3023887836586856e-10,3882.7709852639223,True
1.0,ff7143dca8408a73233321fc7219358e48f2336bad0cb63f4e76f8988e77ecce,ca0178be9c5fd168509f48974d2b3e1bbc91b2ba4e8e9e320299fd98dcf765e8,0c9085a7366142fd489e5640b36c75720ff4acbc,discovery,0train,PASS,1288,S05_0train_T137,5,2,tongue,True,0.0,6.035637139666113e-14,2.638504426288318e-10,4371.542498716677,True
1.0,ff7143dca8408a73233321fc7219358e48f2336bad0cb63f4e76f8988e77ecce,ca0178be9c5fd168509f48974d2b3e1bbc91b2ba4e8e9e320299fd98dcf765e8,0c9085a7366142fd489e5640b36c75720ff4acbc,discovery,0train,PASS,1289,S05_0train_T138,5,2,feet,True,0.0,6.051950779660817e-14,2.509802585659877e-10,4147.096823878233,True
1.0,ff7143dca8408a73233321fc7219358e48f2336bad0cb63f4e76f8988e77ecce,ca0178be9c5fd168509f48974d2b3e1bbc91b2ba4e8e9e320299fd98dcf765e8,0c9085a7366142fd489e5640b36c75720ff4acbc,discovery,0train,PASS,1290,S05_0train_T139,5,2,right_hand,True,0.0,5.626249050562209e-14,2.646364006527403e-10,4703.602671593363,True
1.0,ff7143dca8408a73233321fc7219358e48f2336bad0cb63f4e76f8988e77ecce,ca0178be9c5fd168509f48974d2b3e1bbc91b2ba4e8e9e320299fd98dcf765e8,0c9085a7366142fd489e5640b36c75720ff4acbc,discovery,0train,PASS,1291,S05_0train_T140,5,2,right_hand,True,0.0,6.30624226733912e-14,2.764333400274519e-10,4383.487476514143,True
1.0,ff7143dca8408a73233321fc7219358e48f2336bad0cb63f4e76f8988e77ecce,ca0178be9c5fd168509f48974d2b3e1bbc91b2ba4e8e9e320299fd98dcf765e8,0c9085a7366142fd489e5640b36c75720ff4acbc,discovery,0train,PASS,1292,S05_0train_T141,5,2,right_hand,True,0.0,6.82363734258826e-14,2.9214052288791905e-10,4281.3020127049695,True
1.0,ff7143dca8408a73233321fc7219358e48f2336bad0cb63f4e76f8988e77ecce,ca0178be9c5fd168509f48974d2b3e1bbc91b2ba4e8e9e320299fd98dcf765e8,0c9085a7366142fd489e5640b36c75720ff4acbc,discovery,0train,PASS,1293,S05_0train_T142,5,2,feet,True,0.0,5.711376176452624e-14,2.6754824012076376e-10,4684.479394367959,True
1.0,ff7143dca8408a73233321fc7219358e48f2336bad0cb63f4e76f8988e77ecce,ca0178be9c5fd168509f48974d2b3e1bbc91b2ba4e8e9e320299fd98dcf765e8,0c9085a7366142fd489e5640b36c75720ff4acbc,discovery,0train,PASS,1294,S05_0train_T143,5,2,tongue,True,0.0,5.492791658389794e-14,2.5236904954485797e-10,4594.549825303946,True
1.0,ff7143dca8408a73233321fc7219358e48f2336bad0cb63f4e76f8988e77ecce,ca0178be9c5fd168509f48974d2b3e1bbc91b2ba4e8e9e320299fd98dcf765e8,0c9085a7366142fd489e5640b36c75720ff4acbc,discovery,0train,PASS,1295,S05_0train_T144,5,2,left_hand,True,0.0,5.501846320033498e-14,3.078579784638494e-10,5595.539398162888,True
1.0,ff7143dca8408a73233321fc7219358e48f2336bad0cb63f4e76f8988e77ecce,ca0178be9c5fd168509f48974d2b3e1bbc91b2ba4e8e9e320299fd98dcf765e8,0c9085a7366142fd489e5640b36c75720ff4acbc,discovery,0train,PASS,1296,S05_0train_T145,5,3,right_hand,True,0.0,6.114976391602731e-14,2.8966422652674325e-10,4736.963938642819,True
1.0,ff7143dca8408a73233321fc7219358e48f2336bad0cb63f4e76f8988e77ecce,ca0178be9c5fd168509f48974d2b3e1bbc91b2ba4e8e9e320299fd98dcf765e8,0c9085a7366142fd489e5640b36c75720ff4acbc,discovery,0train,PASS,1297,S05_0train_T146,5,3,tongue,True,0.0,5.140997058017704e-14,2.417631931230927e-10,4702.651847389176,True
1.0,ff7143dca8408a73233321fc7219358e48f2336bad0cb63f4e76f8988e77ecce,ca0178be9c5fd168509f48974d2b3e1bbc91b2ba4e8e9e320299fd98dcf765e8,0c9085a7366142fd489e5640b36c75720ff4acbc,discovery,0train,PASS,1298,S05_0train_T147,5,3,left_hand,True,0.0,5.915691945076229e-14,3.1157880121130535e-10,5266.988276335785,True
1.0,ff7143dca8408a73233321fc7219358e48f2336bad0cb63f4e76f8988e77ecce,ca0178be9c5fd168509f48974d2b3e1bbc91b2ba4e8e9e320299fd98dcf765e8,0c9085a7366142fd489e5640b36c75720ff4acbc,discovery,0train,PASS,1299,S05_0train_T148,5,3,feet,True,0.0,5.2020409480503367e-14,2.3071955692806215e-10,4435.173794903193,True
1.0,ff7143dca8408a73233321fc7219358e48f2336bad0cb63f4e76f8988e77ecce,ca0178be9c5fd168509f48974d2b3e1bbc91b2ba4e8e9e320299fd98dcf765e8,0c9085a7366142fd489e5640b36c75720ff4acbc,discovery,0train,PASS,1300,S05_0train_T149,5,3,feet,True,0.0,5.2325277134677364e-14,2.2889605331737252e-10,4374.4833444117,True
1.0,ff7143dca8408a73233321fc7219358e48f2336bad0cb63f4e76f8988e77ecce,ca0178be9c5fd168509f48974d2b3e1bbc91b2ba4e8e9e320299fd98dcf765e8,0c9085a7366142fd489e5640b36c75720ff4acbc,discovery,0train,PASS,1301,S05_0train_T150,5,3,tongue,True,0.0,6.141242672655953e-14,2.631589122985871e-10,4285.108508580995,True
1.0,ff7143dca8408a73233321fc7219358e48f2336bad0cb63f4e76f8988e77ecce,ca0178be9c5fd168509f48974d2b3e1bbc91b2ba4e8e9e320299fd98dcf765e8,0c9085a7366142fd489e5640b36c75720ff4acbc,discovery,0train,PASS,1302,S05_0train_T151,5,3,left_hand,True,0.0,4.532231070653734e-14,1.6528044989835616e-10,3646.778977544848,True
1.0,ff7143dca8408a73233321fc7219358e48f2336bad0cb63f4e76f8988e77ecce,ca0178be9c5fd168509f48974d2b3e1bbc91b2ba4e8e9e320299fd98dcf765e8,0c9085a7366142fd489e5640b36c75720ff4acbc,discovery,0train,PASS,1303,S05_0train_T152,5,3,left_hand,True,0.0,5.033117333633372e-14,2.3648047133035444e-10,4698.489140121851,True
1.0,ff7143dca8408a73233321fc7219358e48f2336bad0cb63f4e76f8988e77ecce,ca0178be9c5fd168509f48974d2b3e1bbc91b2ba4e8e9e320299fd98dcf765e8,0c9085a7366142fd489e5640b36c75720ff4acbc,discovery,0train,PASS,1304,S05_0train_T153,5,3,feet,True,0.0,5.6692112986198785e-14,2.691752334069594e-10,4748.019066999458,True
1.0,ff7143dca8408a73233321fc7219358e48f2336bad0cb63f4e76f8988e77ecce,ca0178be9c5fd168509f48974d2b3e1bbc91b2ba4e8e9e320299fd98dcf765e8,0c9085a7366142fd489e5640b36c75720ff4acbc,discovery,0train,PASS,1305,S05_0train_T154,5,3,right_hand,True,0.0,5.1720429795842915e-14,2.0292272360855803e-10,3923.453931252291,True
1.0,ff7143dca8408a73233321fc7219358e48f2336bad0cb63f4e76f8988e77ecce,ca0178be9c5fd168509f48974d2b3e1bbc91b2ba4e8e9e320299fd98dcf765e8,0c9085a7366142fd489e5640b36c75720ff4acbc,discovery,0train,PASS,1306,S05_0train_T155,5,3,tongue,True,0.0,4.946502944453126e-14,2.1067748665582655e-10,4259.119806894577,True
1.0,ff7143dca8408a73233321fc7219358e48f2336bad0cb63f4e76f8988e77ecce,ca0178be9c5fd168509f48974d2b3e1bbc91b2ba4e8e9e320299fd98dcf765e8,0c9085a7366142fd489e5640b36c75720ff4acbc,discovery,0train,PASS,1307,S05_0train_T156,5,3,tongue,True,0.0,4.9819203721760404e-14,2.0217294016456216e-10,4058.132709099394,True
1.0,ff7143dca8408a73233321fc7219358e48f2336bad0cb63f4e76f8988e77ecce,ca0178be9c5fd168509f48974d2b3e1bbc91b2ba4e8e9e320299fd98dcf765e8,0c9085a7366142fd489e5640b36c75720ff4acbc,discovery,0train,PASS,1308,S05_0train_T157,5,3,tongue,True,0.0,6.46600055854155e-14,2.3784587107056255e-10,3678.4078336703747,True
1.0,ff7143dca8408a73233321fc7219358e48f2336bad0cb63f4e76f8988e77ecce,ca0178be9c5fd168509f48974d2b3e1bbc91b2ba4e8e9e320299fd98dcf765e8,0c9085a7366142fd489e5640b36c75720ff4acbc,discovery,0train,PASS,1309,S05_0train_T158,5,3,right_hand,True,0.0,4.6981748246779477e-14,1.9784359330467757e-10,4211.073463368605,True
1.0,ff7143dca8408a73233321fc7219358e48f2336bad0cb63f4e76f8988e77ecce,ca0178be9c5fd168509f48974d2b3e1bbc91b2ba4e8e9e320299fd98dcf765e8,0c9085a7366142fd489e5640b36c75720ff4acbc,discovery,0train,PASS,1310,S05_0train_T159,5,3,left_hand,True,0.0,5.282982453332824e-14,2.2250241082217833e-10,4211.681806397263,True
1.0,ff7143dca8408a73233321fc7219358e48f2336bad0cb63f4e76f8988e77ecce,ca0178be9c5fd168509f48974d2b3e1bbc91b2ba4e8e9e320299fd98dcf765e8,0c9085a7366142fd489e5640b36c75720ff4acbc,discovery,0train,PASS,1311,S05_0train_T160,5,3,feet,True,0.0,5.5914550464996736e-14,2.2390216144394202e-10,4004.363078696444,True
1.0,ff7143dca8408a73233321fc7219358e48f2336bad0cb63f4e76f8988e77ecce,ca0178be9c5fd168509f48974d2b3e1bbc91b2ba4e8e9e320299fd98dcf765e8,0c9085a7366142fd489e5640b36c75720ff4acbc,discovery,0train,PASS,1312,S05_0train_T161,5,3,right_hand,True,0.0,6.144124677904218e-14,2.3155452995261941e-10,3768.7147004901512,True
1.0,ff7143dca8408a73233321fc7219358e48f2336bad0cb63f4e76f8988e77ecce,ca0178be9c5fd168509f48974d2b3e1bbc91b2ba4e8e9e320299fd98dcf765e8,0c9085a7366142fd489e5640b36c75720ff4acbc,discovery,0train,PASS,1313,S05_0train_T162,5,3,tongue,True,0.0,7.764466075381044e-14,3.668863627434604e-10,4725.197575487575,True
1.0,ff7143dca8408a73233321fc7219358e48f2336bad0cb63f4e76f8988e77ecce,ca0178be9c5fd168509f48974d2b3e1bbc91b2ba4e8e9e320299fd98dcf765e8,0c9085a7366142fd489e5640b36c75720ff4acbc,discovery,0train,PASS,1314,S05_0train_T163,5,3,left_hand,True,0.0,5.211589303600233e-14,1.9364605928495662e-10,3715.681493765893,True
1.0,ff7143dca8408a73233321fc7219358e48f2336bad0cb63f4e76f8988e77ecce,ca0178be9c5fd168509f48974d2b3e1bbc91b2ba4e8e9e320299fd98dcf765e8,0c9085a7366142fd489e5640b36c75720ff4acbc,discovery,0train,PASS,1315,S05_0train_T164,5,3,tongue,True,0.0,5.31484939383512e-14,2.498980442594187e-10,4701.883830410777,True
1.0,ff7143dca8408a73233321fc7219358e48f2336bad0cb63f4e76f8988e77ecce,ca0178be9c5fd168509f48974d2b3e1bbc91b2ba4e8e9e320299fd98dcf765e8,0c9085a7366142fd489e5640b36c75720ff4acbc,discovery,0train,PASS,1316,S05_0train_T165,5,3,feet,True,0.0,6.553455642391839e-14,2.942528565914321e-10,4490.041172904584,True
1.0,ff7143dca8408a73233321fc7219358e48f2336bad0cb63f4e76f8988e77ecce,ca0178be9c5fd168509f48974d2b3e1bbc91b2ba4e8e9e320299fd98dcf765e8,0c9085a7366142fd489e5640b36c75720ff4acbc,discovery,0train,PASS,1317,S05_0train_T166,5,3,right_hand,True,0.0,6.697502819857606e-14,3.1503516263619135e-10,4703.770511333494,True
1.0,ff7143dca8408a73233321fc7219358e48f2336bad0cb63f4e76f8988e77ecce,ca0178be9c5fd168509f48974d2b3e1bbc91b2ba4e8e9e320299fd98dcf765e8,0c9085a7366142fd489e5640b36c75720ff4acbc,discovery,0train,PASS,1318,S05_0train_T167,5,3,tongue,True,0.0,5.193687415798242e-14,1.5940238157423324e-10,3069.1562431993984,True
1.0,ff7143dca8408a73233321fc7219358e48f2336bad0cb63f4e76f8988e77ecce,ca0178be9c5fd168509f48974d2b3e1bbc91b2ba4e8e9e320299fd98dcf765e8,0c9085a7366142fd489e5640b36c75720ff4acbc,discovery,0train,PASS,1319,S05_0train_T168,5,3,tongue,True,0.0,5.382468710535703e-14,2.1041667926026968e-10,3909.296840841783,True
1.0,ff7143dca8408a73233321fc7219358e48f2336bad0cb63f4e76f8988e77ecce,ca0178be9c5fd168509f48974d2b3e1bbc91b2ba4e8e9e320299fd98dcf765e8,0c9085a7366142fd489e5640b36c75720ff4acbc,discovery,0train,PASS,1320,S05_0train_T169,5,3,left_hand,True,0.0,5.053387090050735e-14,2.2570480268467365e-10,4466.406365921349,True
1.0,ff7143dca8408a73233321fc7219358e48f2336bad0cb63f4e76f8988e77ecce,ca0178be9c5fd168509f48974d2b3e1bbc91b2ba4e8e9e320299fd98dcf765e8,0c9085a7366142fd489e5640b36c75720ff4acbc,discovery,0train,PASS,1321,S05_0train_T170,5,3,right_hand,True,0.0,5.4054656564877825e-14,2.7719175764731867e-10,5127.990357586044,True
1.0,ff7143dca8408a73233321fc7219358e48f2336bad0cb63f4e76f8988e77ecce,ca0178be9c5fd168509f48974d2b3e1bbc91b2ba4e8e9e320299fd98dcf765e8,0c9085a7366142fd489e5640b36c75720ff4acbc,discovery,0train,PASS,1322,S05_0train_T171,5,3,right_hand,True,0.0,5.559477943173965e-14,2.532778485899618e-10,4555.78475495062,True
1.0,ff7143dca8408a73233321fc7219358e48f2336bad0cb63f4e76f8988e77ecce,ca0178be9c5fd168509f48974d2b3e1bbc91b2ba4e8e9e320299fd98dcf765e8,0c9085a7366142fd489e5640b36c75720ff4acbc,discovery,0train,PASS,1323,S05_0train_T172,5,3,feet,True,0.0,4.9683910571098824e-14,1.7600478218969707e-10,3542.4905199004043,True
1.0,ff7143dca8408a73233321fc7219358e48f2336bad0cb63f4e76f8988e77ecce,ca0178be9c5fd168509f48974d2b3e1bbc91b2ba4e8e9e320299fd98dcf765e8,0c9085a7366142fd489e5640b36c75720ff4acbc,discovery,0train,PASS,1324,S05_0train_T173,5,3,tongue,True,0.0,4.659558306400232e-14,2.1877674794469416e-10,4695.2250311835105,True
1.0,ff7143dca8408a73233321fc7219358e48f2336bad0cb63f4e76f8988e77ecce,ca0178be9c5fd168509f48974d2b3e1bbc91b2ba4e8e9e320299fd98dcf765e8,0c9085a7366142fd489e5640b36c75720ff4acbc,discovery,0train,PASS,1325,S05_0train_T174,5,3,right_hand,True,0.0,7.651631840932808e-14,3.386819814088904e-10,4426.271264086352,True
1.0,ff7143dca8408a73233321fc7219358e48f2336bad0cb63f4e76f8988e77ecce,ca0178be9c5fd168509f48974d2b3e1bbc91b2ba4e8e9e320299fd98dcf765e8,0c9085a7366142fd489e5640b36c75720ff4acbc,discovery,0train,PASS,1326,S05_0train_T175,5,3,left_hand,True,0.0,5.575846316075237e-14,3.017568845926996e-10,5411.857994054295,True
1.0,ff7143dca8408a73233321fc7219358e48f2336bad0cb63f4e76f8988e77ecce,ca0178be9c5fd168509f48974d2b3e1bbc91b2ba4e8e9e320299fd98dcf765e8,0c9085a7366142fd489e5640b36c75720ff4acbc,discovery,0train,PASS,1327,S05_0train_T176,5,3,left_hand,True,0.0,4.0468769381754756e-14,1.6286054123489548e-10,4024.351215095776,True
1.0,ff7143dca8408a73233321fc7219358e48f2336bad0cb63f4e76f8988e77ecce,ca0178be9c5fd168509f48974d2b3e1bbc91b2ba4e8e9e320299fd98dcf765e8,0c9085a7366142fd489e5640b36c75720ff4acbc,discovery,0train,PASS,1328,S05_0train_T177,5,3,tongue,True,0.0,5.328121206383941e-14,2.5000530808279804e-10,4692.1850761062215,True
1.0,ff7143dca8408a73233321fc7219358e48f2336bad0cb63f4e76f8988e77ecce,ca0178be9c5fd168509f48974d2b3e1bbc91b2ba4e8e9e320299fd98dcf765e8,0c9085a7366142fd489e5640b36c75720ff4acbc,discovery,0train,PASS,1329,S05_0train_T178,5,3,right_hand,True,0.0,6.094855014807461e-14,2.1332396130144834e-10,3500.0662162295475,True
1.0,ff7143dca8408a73233321fc7219358e48f2336bad0cb63f4e76f8988e77ecce,ca0178be9c5fd168509f48974d2b3e1bbc91b2ba4e8e9e320299fd98dcf765e8,0c9085a7366142fd489e5640b36c75720ff4acbc,discovery,0train,PASS,1330,S05_0train_T179,5,3,left_hand,True,0.0,5.708489798245539e-14,2.3747746996658034e-10,4160.075227594648,True
1.0,ff7143dca8408a73233321fc7219358e48f2336bad0cb63f4e76f8988e77ecce,ca0178be9c5fd168509f48974d2b3e1bbc91b2ba4e8e9e320299fd98dcf765e8,0c9085a7366142fd489e5640b36c75720ff4acbc,discovery,0train,PASS,1331,S05_0train_T180,5,3,feet,True,0.0,5.3579184689253943e-14,2.2022819590224358e-10,4110.331226193769,True
1.0,ff7143dca8408a73233321fc7219358e48f2336bad0cb63f4e76f8988e77ecce,ca0178be9c5fd168509f48974d2b3e1bbc91b2ba4e8e9e320299fd98dcf765e8,0c9085a7366142fd489e5640b36c75720ff4acbc,discovery,0train,PASS,1332,S05_0train_T181,5,3,right_hand,True,0.0,5.0970923413069e-14,2.429207603777166e-10,4765.869325322669,True
1.0,ff7143dca8408a73233321fc7219358e48f2336bad0cb63f4e76f8988e77ecce,ca0178be9c5fd168509f48974d2b3e1bbc91b2ba4e8e9e320299fd98dcf765e8,0c9085a7366142fd489e5640b36c75720ff4acbc,discovery,0train,PASS,1333,S05_0train_T182,5,3,right_hand,True,0.0,5.640596215176979e-14,2.634423299124055e-10,4670.469572056396,True
1.0,ff7143dca8408a73233321fc7219358e48f2336bad0cb63f4e76f8988e77ecce,ca0178be9c5fd168509f48974d2b3e1bbc91b2ba4e8e9e320299fd98dcf765e8,0c9085a7366142fd489e5640b36c75720ff4acbc,discovery,0train,PASS,1334,S05_0train_T183,5,3,feet,True,0.0,5.5490325716791195e-14,2.2424362918908334e-10,4041.1301662485635,True
1.0,ff7143dca8408a73233321fc7219358e48f2336bad0cb63f4e76f8988e77ecce,ca0178be9c5fd168509f48974d2b3e1bbc91b2ba4e8e9e320299fd98dcf765e8,0c9085a7366142fd489e5640b36c75720ff4acbc,discovery,0train,PASS,1335,S05_0train_T184,5,3,left_hand,True,0.0,5.391014968415962e-14,2.483896052678976e-10,4607.473856465321,True
1.0,ff7143dca8408a73233321fc7219358e48f2336bad0cb63f4e76f8988e77ecce,ca0178be9c5fd168509f48974d2b3e1bbc91b2ba4e8e9e320299fd98dcf765e8,0c9085a7366142fd489e5640b36c75720ff4acbc,discovery,0train,PASS,1336,S05_0train_T185,5,3,tongue,True,0.0,6.392779674221236e-14,2.884475721910748e-10,4512.083739632608,True
1.0,ff7143dca8408a73233321fc7219358e48f2336bad0cb63f4e76f8988e77ecce,ca0178be9c5fd168509f48974d2b3e1bbc91b2ba4e8e9e320299fd98dcf765e8,0c9085a7366142fd489e5640b36c75720ff4acbc,discovery,0train,PASS,1337,S05_0train_T186,5,3,feet,True,0.0,5.523701662115865e-14,2.089287849960137e-10,3782.405310354562,True
1.0,ff7143dca8408a73233321fc7219358e48f2336bad0cb63f4e76f8988e77ecce,ca0178be9c5fd168509f48974d2b3e1bbc91b2ba4e8e9e320299fd98dcf765e8,0c9085a7366142fd489e5640b36c75720ff4acbc,discovery,0train,PASS,1338,S05_0train_T187,5,3,feet,True,0.0,5.46137851572162e-14,2.563677879193192e-10,4694.195562188477,True
1.0,ff7143dca8408a73233321fc7219358e48f2336bad0cb63f4e76f8988e77ecce,ca0178be9c5fd168509f48974d2b3e1bbc91b2ba4e8e9e320299fd98dcf765e8,0c9085a7366142fd489e5640b36c75720ff4acbc,discovery,0train,PASS,1339,S05_0train_T188,5,3,feet,True,0.0,5.998398502489421e-14,2.2074765245097287e-10,3680.1098219693044,True
1.0,ff7143dca8408a73233321fc7219358e48f2336bad0cb63f4e76f8988e77ecce,ca0178be9c5fd168509f48974d2b3e1bbc91b2ba4e8e9e320299fd98dcf765e8,0c9085a7366142fd489e5640b36c75720ff4acbc,discovery,0train,PASS,1340,S05_0train_T189,5,3,feet,True,0.0,5.218654530339004e-14,2.102828195768791e-10,4029.4451060974734,True
1.0,ff7143dca8408a73233321fc7219358e48f2336bad0cb63f4e76f8988e77ecce,ca0178be9c5fd168509f48974d2b3e1bbc91b2ba4e8e9e320299fd98dcf765e8,0c9085a7366142fd489e5640b36c75720ff4acbc,discovery,0train,PASS,1341,S05_0train_T190,5,3,left_hand,True,0.0,5.0033268853658174e-14,2.2132329737262142e-10,4423.522636907211,True
1.0,ff7143dca8408a73233321fc7219358e48f2336bad0cb63f4e76f8988e77ecce,ca0178be9c5fd168509f48974d2b3e1bbc91b2ba4e8e9e320299fd98dcf765e8,0c9085a7366142fd489e5640b36c75720ff4acbc,discovery,0train,PASS,1342,S05_0train_T191,5,3,right_hand,True,0.0,4.382211302515468e-14,1.961506601573625e-10,4476.065771743332,True
1.0,ff7143dca8408a73233321fc7219358e48f2336bad0cb63f4e76f8988e77ecce,ca0178be9c5fd168509f48974d2b3e1bbc91b2ba4e8e9e320299fd98dcf765e8,0c9085a7366142fd489e5640b36c75720ff4acbc,discovery,0train,PASS,1343,S05_0train_T192,5,3,left_hand,True,0.0,7.195168230236953e-14,3.355657691127678e-10,4663.7654377918125,True
1.0,ff7143dca8408a73233321fc7219358e48f2336bad0cb63f4e76f8988e77ecce,ca0178be9c5fd168509f48974d2b3e1bbc91b2ba4e8e9e320299fd98dcf765e8,0c9085a7366142fd489e5640b36c75720ff4acbc,discovery,0train,PASS,1344,S05_0train_T193,5,4,right_hand,True,0.0,9.054187420561214e-14,5.769797217020457e-10,6372.517984239852,True
1.0,ff7143dca8408a73233321fc7219358e48f2336bad0cb63f4e76f8988e77ecce,ca0178be9c5fd168509f48974d2b3e1bbc91b2ba4e8e9e320299fd98dcf765e8,0c9085a7366142fd489e5640b36c75720ff4acbc,discovery,0train,PASS,1345,S05_0train_T194,5,4,left_hand,True,0.0,7.763713647604003e-14,4.975969952634507e-10,6409.265177071755,True
1.0,ff7143dca8408a73233321fc7219358e48f2336bad0cb63f4e76f8988e77ecce,ca0178be9c5fd168509f48974d2b3e1bbc91b2ba4e8e9e320299fd98dcf765e8,0c9085a7366142fd489e5640b36c75720ff4acbc,discovery,0train,PASS,1346,S05_0train_T195,5,4,left_hand,True,0.0,7.17349911548269e-14,4.1460290315550264e-10,5779.64667564617,True
1.0,ff7143dca8408a73233321fc7219358e48f2336bad0cb63f4e76f8988e77ecce,ca0178be9c5fd168509f48974d2b3e1bbc91b2ba4e8e9e320299fd98dcf765e8,0c9085a7366142fd489e5640b36c75720ff4acbc,discovery,0train,PASS,1347,S05_0train_T196,5,4,feet,True,0.0,6.616277561928065e-14,3.6742924809967725e-10,5553.4134513033305,True
1.0,ff7143dca8408a73233321fc7219358e48f2336bad0cb63f4e76f8988e77ecce,ca0178be9c5fd168509f48974d2b3e1bbc91b2ba4e8e9e320299fd98dcf765e8,0c9085a7366142fd489e5640b36c75720ff4acbc,discovery,0train,PASS,1348,S05_0train_T197,5,4,feet,True,0.0,6.26957289415584e-14,3.127057070445104e-10,4987.6716057643725,True
1.0,ff7143dca8408a73233321fc7219358e48f2336bad0cb63f4e76f8988e77ecce,ca0178be9c5fd168509f48974d2b3e1bbc91b2ba4e8e9e320299fd98dcf765e8,0c9085a7366142fd489e5640b36c75720ff4acbc,discovery,0train,PASS,1349,S05_0train_T198,5,4,right_hand,True,0.0,6.349317918124254e-14,3.3687836918807297e-10,5305.741081675041,True
1.0,ff7143dca8408a73233321fc7219358e48f2336bad0cb63f4e76f8988e77ecce,ca0178be9c5fd168509f48974d2b3e1bbc91b2ba4e8e9e320299fd98dcf765e8,0c9085a7366142fd489e5640b36c75720ff4acbc,discovery,0train,PASS,1350,S05_0train_T199,5,4,feet,True,0.0,5.434688482801078e-14,2.792606093118677e-10,5138.484205592124,True
1.0,ff7143dca8408a73233321fc7219358e48f2336bad0cb63f4e76f8988e77ecce,ca0178be9c5fd168509f48974d2b3e1bbc91b2ba4e8e9e320299fd98dcf765e8,0c9085a7366142fd489e5640b36c75720ff4acbc,discovery,0train,PASS,1351,S05_0train_T200,5,4,tongue,True,0.0,7.11646782817811e-14,3.89770237956906e-10,5477.018197336406,True
1.0,ff7143dca8408a73233321fc7219358e48f2336bad0cb63f4e76f8988e77ecce,ca0178be9c5fd168509f48974d2b3e1bbc91b2ba4e8e9e320299fd98dcf765e8,0c9085a7366142fd489e5640b36c75720ff4acbc,discovery,0train,PASS,1352,S05_0train_T201,5,4,left_hand,True,0.0,4.7990398666926994e-14,1.988934420708407e-10,4144.442380052781,True
1.0,ff7143dca8408a73233321fc7219358e48f2336bad0cb63f4e76f8988e77ecce,ca0178be9c5fd168509f48974d2b3e1bbc91b2ba4e8e9e320299fd98dcf765e8,0c9085a7366142fd489e5640b36c75720ff4acbc,discovery,0train,PASS,1353,S05_0train_T202,5,4,tongue,True,0.0,5.33622454914856e-14,2.4922451085924707e-10,4670.427725891201,True
1.0,ff7143dca8408a73233321fc7219358e48f2336bad0cb63f4e76f8988e77ecce,ca0178be9c5fd168509f48974d2b3e1bbc91b2ba4e8e9e320299fd98dcf765e8,0c9085a7366142fd489e5640b36c75720ff4acbc,discovery,0train,PASS,1354,S05_0train_T203,5,4,left_hand,True,0.0,4.5852370231665367e-14,2.1456815425263153e-10,4679.5433511625115,True
1.0,ff7143dca8408a73233321fc7219358e48f2336bad0cb63f4e76f8988e77ecce,ca0178be9c5fd168509f48974d2b3e1bbc91b2ba4e8e9e320299fd98dcf765e8,0c9085a7366142fd489e5640b36c75720ff4acbc,discovery,0train,PASS,1355,S05_0train_T204,5,4,left_hand,True,0.0,5.984212324142936e-14,2.5818466986465475e-10,4314.430302264253,True
1.0,ff7143dca8408a73233321fc7219358e48f2336bad0cb63f4e76f8988e77ecce,ca0178be9c5fd168509f48974d2b3e1bbc91b2ba4e8e9e320299fd98dcf765e8,0c9085a7366142fd489e5640b36c75720ff4acbc,discovery,0train,PASS,1356,S05_0train_T205,5,4,right_hand,True,0.0,6.635106411090436e-14,2.83145858635856e-10,4267.389866763611,True
1.0,ff7143dca8408a73233321fc7219358e48f2336bad0cb63f4e76f8988e77ecce,ca0178be9c5fd168509f48974d2b3e1bbc91b2ba4e8e9e320299fd98dcf765e8,0c9085a7366142fd489e5640b36c75720ff4acbc,discovery,0train,PASS,1357,S05_0train_T206,5,4,tongue,True,0.0,5.22497596529193e-14,2.3389622642255484e-10,4476.50339401105,True
1.0,ff7143dca8408a73233321fc7219358e48f2336bad0cb63f4e76f8988e77ecce,ca0178be9c5fd168509f48974d2b3e1bbc91b2ba4e8e9e320299fd98dcf765e8,0c9085a7366142fd489e5640b36c75720ff4acbc,discovery,0train,PASS,1358,S05_0train_T207,5,4,feet,True,0.0,6.132977852288146e-14,2.6258218790106065e-10,4281.47947416921,True
1.0,ff7143dca8408a73233321fc7219358e48f2336bad0cb63f4e76f8988e77ecce,ca0178be9c5fd168509f48974d2b3e1bbc91b2ba4e8e9e320299fd98dcf765e8,0c9085a7366142fd489e5640b36c75720ff4acbc,discovery,0train,PASS,1359,S05_0train_T208,5,4,right_hand,True,0.0,5.508163549423212e-14,2.5532493933702424e-10,4635.391397623997,True
1.0,ff7143dca8408a73233321fc7219358e48f2336bad0cb63f4e76f8988e77ecce,ca0178be9c5fd168509f48974d2b3e1bbc91b2ba4e8e9e320299fd98dcf765e8,0c9085a7366142fd489e5640b36c75720ff4acbc,discovery,0train,PASS,1360,S05_0train_T209,5,4,tongue,True,0.0,6.218227958807995e-14,2.80905448069051e-10,4517.4517552248,True
1.0,ff7143dca8408a73233321fc7219358e48f2336bad0cb63f4e76f8988e77ecce,ca0178be9c5fd168509f48974d2b3e1bbc91b2ba4e8e9e320299fd98dcf765e8,0c9085a7366142fd489e5640b36c75720ff4acbc,discovery,0train,PASS,1361,S05_0train_T210,5,4,feet,True,0.0,6.314174257795818e-14,2.9069564101361927e-10,4603.85838504078,True
1.0,ff7143dca8408a73233321fc7219358e48f2336bad0cb63f4e76f8988e77ecce,ca0178be9c5fd168509f48974d2b3e1bbc91b2ba4e8e9e320299fd98dcf765e8,0c9085a7366142fd489e5640b36c75720ff4acbc,discovery,0train,PASS,1362,S05_0train_T211,5,4,tongue,True,0.0,6.797018916348652e-14,3.2924550248303716e-10,4843.969194952709,True
1.0,ff7143dca8408a73233321fc7219358e48f2336bad0cb63f4e76f8988e77ecce,ca0178be9c5fd168509f48974d2b3e1bbc91b2ba4e8e9e320299fd98dcf765e8,0c9085a7366142fd489e5640b36c75720ff4acbc,discovery,0train,PASS,1363,S05_0train_T212,5,4,feet,True,0.0,5.2249146380611636e-14,2.4517423067535556e-10,4692.406434535237,True
1.0,ff7143dca8408a73233321fc7219358e48f2336bad0cb63f4e76f8988e77ecce,ca0178be9c5fd168509f48974d2b3e1bbc91b2ba4e8e9e320299fd98dcf765e8,0c9085a7366142fd489e5640b36c75720ff4acbc,discovery,0train,PASS,1364,S05_0train_T213,5,4,tongue,True,0.0,5.1034701167530344e-14,2.2961226695649807e-10,4499.140030285582,True
1.0,ff7143dca8408a73233321fc7219358e48f2336bad0cb63f4e76f8988e77ecce,ca0178be9c5fd168509f48974d2b3e1bbc91b2ba4e8e9e320299fd98dcf765e8,0c9085a7366142fd489e5640b36c75720ff4acbc,discovery,0train,PASS,1365,S05_0train_T214,5,4,right_hand,True,0.0,4.98190615038587e-14,2.386518951338838e-10,4790.373160991786,True
1.0,ff7143dca8408a73233321fc7219358e48f2336bad0cb63f4e76f8988e77ecce,ca0178be9c5fd168509f48974d2b3e1bbc91b2ba4e8e9e320299fd98dcf765e8,0c9085a7366142fd489e5640b36c75720ff4acbc,discovery,0train,PASS,1366,S05_0train_T215,5,4,right_hand,True,0.0,4.7425493907422607e-14,1.7355826902203686e-10,3659.5985560178447,True
1.0,ff7143dca8408a73233321fc7219358e48f2336bad0cb63f4e76f8988e77ecce,ca0178be9c5fd168509f48974d2b3e1bbc91b2ba4e8e9e320299fd98dcf765e8,0c9085a7366142fd489e5640b36c75720ff4acbc,discovery,0train,PASS,1367,S05_0train_T216,5,4,tongue,True,0.0,6.260368406300763e-14,2.679430288661244e-10,4279.988196804081,True
1.0,ff7143dca8408a73233321fc7219358e48f2336bad0cb63f4e76f8988e77ecce,ca0178be9c5fd168509f48974d2b3e1bbc91b2ba4e8e9e320299fd98dcf765e8,0c9085a7366142fd489e5640b36c75720ff4acbc,discovery,0train,PASS,1368,S05_0train_T217,5,4,left_hand,True,0.0,6.291465785466672e-14,3.378517823450862e-10,5370.001107301991,True
1.0,ff7143dca8408a73233321fc7219358e48f2336bad0cb63f4e76f8988e77ecce,ca0178be9c5fd168509f48974d2b3e1bbc91b2ba4e8e9e320299fd98dcf765e8,0c9085a7366142fd489e5640b36c75720ff4acbc,discovery,0train,PASS,1369,S05_0train_T218,5,4,right_hand,True,0.0,6.062883666998618e-14,3.1204762936968063e-10,5146.851671725334,True
1.0,ff7143dca8408a73233321fc7219358e48f2336bad0cb63f4e76f8988e77ecce,ca0178be9c5fd168509f48974d2b3e1bbc91b2ba4e8e9e320299fd98dcf765e8,0c9085a7366142fd489e5640b36c75720ff4acbc,discovery,0train,PASS,1370,S05_0train_T219,5,4,right_hand,True,0.0,4.92781661002698e-14,2.08270992560616e-10,4226.435540170714,True
1.0,ff7143dca8408a73233321fc7219358e48f2336bad0cb63f4e76f8988e77ecce,ca0178be9c5fd168509f48974d2b3e1bbc91b2ba4e8e9e320299fd98dcf765e8,0c9085a7366142fd489e5640b36c75720ff4acbc,discovery,0train,PASS,1371,S05_0train_T220,5,4,right_hand,True,0.0,5.607030876619899e-14,2.8212812468626307e-10,5031.68487733278,True
1.0,ff7143dca8408a73233321fc7219358e48f2336bad0cb63f4e76f8988e77ecce,ca0178be9c5fd168509f48974d2b3e1bbc91b2ba4e8e9e320299fd98dcf765e8,0c9085a7366142fd489e5640b36c75720ff4acbc,discovery,0train,PASS,1372,S05_0train_T221,5,4,feet,True,0.0,7.945987795850698e-14,3.772970118840281e-10,4748.270719482456,True
1.0,ff7143dca8408a73233321fc7219358e48f2336bad0cb63f4e76f8988e77ecce,ca0178be9c5fd168509f48974d2b3e1bbc91b2ba4e8e9e320299fd98dcf765e8,0c9085a7366142fd489e5640b36c75720ff4acbc,discovery,0train,PASS,1373,S05_0train_T222,5,4,tongue,True,0.0,6.573620086624895e-14,3.0094575215830465e-10,4578.082520628595,True
1.0,ff7143dca8408a73233321fc7219358e48f2336bad0cb63f4e76f8988e77ecce,ca0178be9c5fd168509f48974d2b3e1bbc91b2ba4e8e9e320299fd98dcf765e8,0c9085a7366142fd489e5640b36c75720ff4acbc,discovery,0train,PASS,1374,S05_0train_T223,5,4,left_hand,True,0.0,6.297501224183015e-14,3.017170784766345e-10,4791.060259234436,True
1.0,ff7143dca8408a73233321fc7219358e48f2336bad0cb63f4e76f8988e77ecce,ca0178be9c5fd168509f48974d2b3e1bbc91b2ba4e8e9e320299fd98dcf765e8,0c9085a7366142fd489e5640b36c75720ff4acbc,discovery,0train,PASS,1375,S05_0train_T224,5,4,tongue,True,0.0,5.164708870519752e-14,2.5743225871384095e-10,4984.448594639453,True
1.0,ff7143dca8408a73233321fc7219358e48f2336bad0cb63f4e76f8988e77ecce,ca0178be9c5fd168509f48974d2b3e1bbc91b2ba4e8e9e320299fd98dcf765e8,0c9085a7366142fd489e5640b36c75720ff4acbc,discovery,0train,PASS,1376,S05_0train_T225,5,4,left_hand,True,0.0,5.345628968299478e-14,2.6699682907462255e-10,4994.675662264643,True
1.0,ff7143dca8408a73233321fc7219358e48f2336bad0cb63f4e76f8988e77ecce,ca0178be9c5fd168509f48974d2b3e1bbc91b2ba4e8e9e320299fd98dcf765e8,0c9085a7366142fd489e5640b36c75720ff4acbc,discovery,0train,PASS,1377,S05_0train_T226,5,4,feet,True,0.0,5.1646592434275206e-14,2.378091775303531e-10,4604.54729579664,True
1.0,ff7143dca8408a73233321fc7219358e48f2336bad0cb63f4e76f8988e77ecce,ca0178be9c5fd168509f48974d2b3e1bbc91b2ba4e8e9e320299fd98dcf765e8,0c9085a7366142fd489e5640b36c75720ff4acbc,discovery,0train,PASS,1378,S05_0train_T227,5,4,left_hand,True,0.0,6.002330952263567e-14,2.602799814617738e-10,4336.31506712602,True
1.0,ff7143dca8408a73233321fc7219358e48f2336bad0cb63f4e76f8988e77ecce,ca0178be9c5fd168509f48974d2b3e1bbc91b2ba4e8e9e320299fd98dcf765e8,0c9085a7366142fd489e5640b36c75720ff4acbc,discovery,0train,PASS,1379,S05_0train_T228,5,4,tongue,True,0.0,5.638791468638332e-14,2.779011058147301e-10,4928.380617732584,True
1.0,ff7143dca8408a73233321fc7219358e48f2336bad0cb63f4e76f8988e77ecce,ca0178be9c5fd168509f48974d2b3e1bbc91b2ba4e8e9e320299fd98dcf765e8,0c9085a7366142fd489e5640b36c75720ff4acbc,discovery,0train,PASS,1380,S05_0train_T229,5,4,left_hand,True,0.0,4.861488154152887e-14,2.1316472994427092e-10,4384.7629200161,True
1.0,ff7143dca8408a73233321fc7219358e48f2336bad0cb63f4e76f8988e77ecce,ca0178be9c5fd168509f48974d2b3e1bbc91b2ba4e8e9e320299fd98dcf765e8,0c9085a7366142fd489e5640b36c75720ff4acbc,discovery,0train,PASS,1381,S05_0train_T230,5,4,feet,True,0.0,5.452342697557827e-14,2.8185345511201783e-10,5169.400948298124,True
1.0,ff7143dca8408a73233321fc7219358e48f2336bad0cb63f4e76f8988e77ecce,ca0178be9c5fd168509f48974d2b3e1bbc91b2ba4e8e9e320299fd98dcf765e8,0c9085a7366142fd489e5640b36c75720ff4acbc,discovery,0train,PASS,1382,S05_0train_T231,5,4,left_hand,True,0.0,5.017759572816499e-14,2.0988144836006077e-10,4182.7721180003255,True
1.0,ff7143dca8408a73233321fc7219358e48f2336bad0cb63f4e76f8988e77ecce,ca0178be9c5fd168509f48974d2b3e1bbc91b2ba4e8e9e320299fd98dcf765e8,0c9085a7366142fd489e5640b36c75720ff4acbc,discovery,0train,PASS,1383,S05_0train_T232,5,4,right_hand,True,0.0,4.345655779467739e-14,2.0854203037006528e-10,4798.86214999771,True
1.0,ff7143dca8408a73233321fc7219358e48f2336bad0cb63f4e76f8988e77ecce,ca0178be9c5fd168509f48974d2b3e1bbc91b2ba4e8e9e320299fd98dcf765e8,0c9085a7366142fd489e5640b36c75720ff4acbc,discovery,0train,PASS,1384,S05_0train_T233,5,4,feet,True,0.0,5.293641310207213e-14,2.440648832589007e-10,4610.529292725107,True
1.0,ff7143dca8408a73233321fc7219358e48f2336bad0cb63f4e76f8988e77ecce,ca0178be9c5fd168509f48974d2b3e1bbc91b2ba4e8e9e320299fd98dcf765e8,0c9085a7366142fd489e5640b36c75720ff4acbc,discovery,0train,PASS,1385,S05_0train_T234,5,4,feet,True,0.0,5.479709136657213e-14,1.951424714106432e-10,3561.1830216537,True
1.0,ff7143dca8408a73233321fc7219358e48f2336bad0cb63f4e76f8988e77ecce,ca0178be9c5fd168509f48974d2b3e1bbc91b2ba4e8e9e320299fd98dcf765e8,0c9085a7366142fd489e5640b36c75720ff4acbc,discovery,0train,PASS,1386,S05_0train_T235,5,4,tongue,True,0.0,5.6062025720952955e-14,2.4556511338058914e-10,4380.239747362717,True
1.0,ff7143dca8408a73233321fc7219358e48f2336bad0cb63f4e76f8988e77ecce,ca0178be9c5fd168509f48974d2b3e1bbc91b2ba4e8e9e320299fd98dcf765e8,0c9085a7366142fd489e5640b36c75720ff4acbc,discovery,0train,PASS,1387,S05_0train_T236,5,4,left_hand,True,0.0,6.304690692390355e-14,3.272368366778638e-10,5190.3709895369275,True
1.0,ff7143dca8408a73233321fc7219358e48f2336bad0cb63f4e76f8988e77ecce,ca0178be9c5fd168509f48974d2b3e1bbc91b2ba4e8e9e320299fd98dcf765e8,0c9085a7366142fd489e5640b36c75720ff4acbc,discovery,0train,PASS,1388,S05_0train_T237,5,4,right_hand,True,0.0,4.828497252307207e-14,2.2249921903769664e-10,4608.04278041951,True
1.0,ff7143dca8408a73233321fc7219358e48f2336bad0cb63f4e76f8988e77ecce,ca0178be9c5fd168509f48974d2b3e1bbc91b2ba4e8e9e320299fd98dcf765e8,0c9085a7366142fd489e5640b36c75720ff4acbc,discovery,0train,PASS,1389,S05_0train_T238,5,4,tongue,True,0.0,7.261737838057041e-14,3.520653313080812e-10,4848.22420141623,True
1.0,ff7143dca8408a73233321fc7219358e48f2336bad0cb63f4e76f8988e77ecce,ca0178be9c5fd168509f48974d2b3e1bbc91b2ba4e8e9e320299fd98dcf765e8,0c9085a7366142fd489e5640b36c75720ff4acbc,discovery,0train,PASS,1390,S05_0train_T239,5,4,right_hand,True,0.0,4.8249986246926475e-14,2.1356973874538083e-10,4426.317090587466,True
1.0,ff7143dca8408a73233321fc7219358e48f2336bad0cb63f4e76f8988e77ecce,ca0178be9c5fd168509f48974d2b3e1bbc91b2ba4e8e9e320299fd98dcf765e8,0c9085a7366142fd489e5640b36c75720ff4acbc,discovery,0train,PASS,1391,S05_0train_T240,5,4,feet,True,0.0,5.4355872343419696e-14,2.636451675213592e-10,4850.352982206825,True
1.0,ff7143dca8408a73233321fc7219358e48f2336bad0cb63f4e76f8988e77ecce,ca0178be9c5fd168509f48974d2b3e1bbc91b2ba4e8e9e320299fd98dcf765e8,0c9085a7366142fd489e5640b36c75720ff4acbc,discovery,0train,PASS,1392,S05_0train_T241,5,5,feet,True,0.0,6.40581922255089e-14,3.476747736758055e-10,5427.483380296773,True
1.0,ff7143dca8408a73233321fc7219358e48f2336bad0cb63f4e76f8988e77ecce,ca0178be9c5fd168509f48974d2b3e1bbc91b2ba4e8e9e320299fd98dcf765e8,0c9085a7366142fd489e5640b36c75720ff4acbc,discovery,0train,PASS,1393,S05_0train_T242,5,5,left_hand,True,0.0,5.914620606351939e-14,2.964836482655767e-10,5012.7247037142415,True
1.0,ff7143dca8408a73233321fc7219358e48f2336bad0cb63f4e76f8988e77ecce,ca0178be9c5fd168509f48974d2b3e1bbc91b2ba4e8e9e320299fd98dcf765e8,0c9085a7366142fd489e5640b36c75720ff4acbc,discovery,0train,PASS,1394,S05_0train_T243,5,5,tongue,True,0.0,5.406465215399643e-14,2.89829258798931e-10,5360.790225254543,True
1.0,ff7143dca8408a73233321fc7219358e48f2336bad0cb63f4e76f8988e77ecce,ca0178be9c5fd168509f48974d2b3e1bbc91b2ba4e8e9e320299fd98dcf765e8,0c9085a7366142fd489e5640b36c75720ff4acbc,discovery,0train,PASS,1395,S05_0train_T244,5,5,right_hand,True,0.0,6.381543173838539e-14,3.617114709839962e-10,5668.087814039256,True
1.0,ff7143dca8408a73233321fc7219358e48f2336bad0cb63f4e76f8988e77ecce,ca0178be9c5fd168509f48974d2b3e1bbc91b2ba4e8e9e320299fd98dcf765e8,0c9085a7366142fd489e5640b36c75720ff4acbc,discovery,0train,PASS,1396,S05_0train_T245,5,5,tongue,True,0.0,5.560682490886906e-14,2.482216878825984e-10,4463.870905943563,True
1.0,ff7143dca8408a73233321fc7219358e48f2336bad0cb63f4e76f8988e77ecce,ca0178be9c5fd168509f48974d2b3e1bbc91b2ba4e8e9e320299fd98dcf765e8,0c9085a7366142fd489e5640b36c75720ff4acbc,discovery,0train,PASS,1397,S05_0train_T246,5,5,left_hand,True,0.0,4.73392145718419e-14,2.0663791446312348e-10,4365.047378416686,True
1.0,ff7143dca8408a73233321fc7219358e48f2336bad0cb63f4e76f8988e77ecce,ca0178be9c5fd168509f48974d2b3e1bbc91b2ba4e8e9e320299fd98dcf765e8,0c9085a7366142fd489e5640b36c75720ff4acbc,discovery,0train,PASS,1398,S05_0train_T247,5,5,left_hand,True,0.0,5.4452325308081677e-14,2.7517851208323665e-10,5053.567694792188,True
1.0,ff7143dca8408a73233321fc7219358e48f2336bad0cb63f4e76f8988e77ecce,ca0178be9c5fd168509f48974d2b3e1bbc91b2ba4e8e9e320299fd98dcf765e8,0c9085a7366142fd489e5640b36c75720ff4acbc,discovery,0train,PASS,1399,S05_0train_T248,5,5,feet,True,0.0,5.808826437792174e-14,2.9627972415425906e-10,5100.509153220102,True
1.0,ff7143dca8408a73233321fc7219358e48f2336bad0cb63f4e76f8988e77ecce,ca0178be9c5fd168509f48974d2b3e1bbc91b2ba4e8e9e320299fd98dcf765e8,0c9085a7366142fd489e5640b36c75720ff4acbc,discovery,0train,PASS,1400,S05_0train_T249,5,5,feet,True,0.0,6.125065977094775e-14,2.9244059751036106e-10,4774.488937816645,True
1.0,ff7143dca8408a73233321fc7219358e48f2336bad0cb63f4e76f8988e77ecce,ca0178be9c5fd168509f48974d2b3e1bbc91b2ba4e8e9e320299fd98dcf765e8,0c9085a7366142fd489e5640b36c75720ff4acbc,discovery,0train,PASS,1401,S05_0train_T250,5,5,right_hand,True,0.0,4.8866356560749074e-14,2.5278245059350637e-10,5172.934271849292,True
1.0,ff7143dca8408a73233321fc7219358e48f2336bad0cb63f4e76f8988e77ecce,ca0178be9c5fd168509f48974d2b3e1bbc91b2ba4e8e9e320299fd98dcf765e8,0c9085a7366142fd489e5640b36c75720ff4acbc,discovery,0train,PASS,1402,S05_0train_T251,5,5,tongue,True,0.0,5.776303340207223e-14,2.4981792579528063e-10,4324.875462415007,True
1.0,ff7143dca8408a73233321fc7219358e48f2336bad0cb63f4e76f8988e77ecce,ca0178be9c5fd168509f48974d2b3e1bbc91b2ba4e8e9e320299fd98dcf765e8,0c9085a7366142fd489e5640b36c75720ff4acbc,discovery,0train,PASS,1403,S05_0train_T252,5,5,right_hand,True,0.0,5.602088959908387e-14,2.859374829230191e-10,5104.122497328124,True
1.0,ff7143dca8408a73233321fc7219358e48f2336bad0cb63f4e76f8988e77ecce,ca0178be9c5fd168509f48974d2b3e1bbc91b2ba4e8e9e320299fd98dcf765e8,0c9085a7366142fd489e5640b36c75720ff4acbc,discovery,0train,PASS,1404,S05_0train_T253,5,5,right_hand,True,0.0,5.908027230434278e-14,2.949782931721642e-10,4992.839092762297,True
1.0,ff7143dca8408a73233321fc7219358e48f2336bad0cb63f4e76f8988e77ecce,ca0178be9c5fd168509f48974d2b3e1bbc91b2ba4e8e9e320299fd98dcf765e8,0c9085a7366142fd489e5640b36c75720ff4acbc,discovery,0train,PASS,1405,S05_0train_T254,5,5,left_hand,True,0.0,4.911224137190413e-14,2.5419328599318437e-10,5175.762272145085,True
1.0,ff7143dca8408a73233321fc7219358e48f2336bad0cb63f4e76f8988e77ecce,ca0178be9c5fd168509f48974d2b3e1bbc91b2ba4e8e9e320299fd98dcf765e8,0c9085a7366142fd489e5640b36c75720ff4acbc,discovery,0train,PASS,1406,S05_0train_T255,5,5,right_hand,True,0.0,5.463555693025434e-14,2.6004920225437395e-10,4759.706258441601,True
1.0,ff7143dca8408a73233321fc7219358e48f2336bad0cb63f4e76f8988e77ecce,ca0178be9c5fd168509f48974d2b3e1bbc91b2ba4e8e9e320299fd98dcf765e8,0c9085a7366142fd489e5640b36c75720ff4acbc,discovery,0train,PASS,1407,S05_0train_T256,5,5,tongue,True,0.0,4.3863164025224105e-14,2.178791298001218e-10,4967.246085458574,True
1.0,ff7143dca8408a73233321fc7219358e48f2336bad0cb63f4e76f8988e77ecce,ca0178be9c5fd168509f48974d2b3e1bbc91b2ba4e8e9e320299fd98dcf765e8,0c9085a7366142fd489e5640b36c75720ff4acbc,discovery,0train,PASS,1408,S05_0train_T257,5,5,tongue,True,0.0,6.641920674809506e-14,2.9702675211408314e-10,4472.000896376288,True
1.0,ff7143dca8408a73233321fc7219358e48f2336bad0cb63f4e76f8988e77ecce,ca0178be9c5fd168509f48974d2b3e1bbc91b2ba4e8e9e320299fd98dcf765e8,0c9085a7366142fd489e5640b36c75720ff4acbc,discovery,0train,PASS,1409,S05_0train_T258,5,5,right_hand,True,0.0,6.892645180721865e-14,3.469064649930398e-10,5032.994676170294,True
1.0,ff7143dca8408a73233321fc7219358e48f2336bad0cb63f4e76f8988e77ecce,ca0178be9c5fd168509f48974d2b3e1bbc91b2ba4e8e9e320299fd98dcf765e8,0c9085a7366142fd489e5640b36c75720ff4acbc,discovery,0train,PASS,1410,S05_0train_T259,5,5,right_hand,True,0.0,5.987497077630335e-14,3.062955335713569e-10,5115.585520963279,True
1.0,ff7143dca8408a73233321fc7219358e48f2336bad0cb63f4e76f8988e77ecce,ca0178be9c5fd168509f48974d2b3e1bbc91b2ba4e8e9e320299fd98dcf765e8,0c9085a7366142fd489e5640b36c75720ff4acbc,discovery,0train,PASS,1411,S05_0train_T260,5,5,right_hand,True,0.0,5.992474926887629e-14,2.9669083644587e-10,4951.056784812703,True
1.0,ff7143dca8408a73233321fc7219358e48f2336bad0cb63f4e76f8988e77ecce,ca0178be9c5fd168509f48974d2b3e1bbc91b2ba4e8e9e320299fd98dcf765e8,0c9085a7366142fd489e5640b36c75720ff4acbc,discovery,0train,PASS,1412,S05_0train_T261,5,5,right_hand,True,0.0,5.972457997258237e-14,3.0251654373450126e-10,5065.1933236429095,True
1.0,ff7143dca8408a73233321fc7219358e48f2336bad0cb63f4e76f8988e77ecce,ca0178be9c5fd168509f48974d2b3e1bbc91b2ba4e8e9e320299fd98dcf765e8,0c9085a7366142fd489e5640b36c75720ff4acbc,discovery,0train,PASS,1413,S05_0train_T262,5,5,tongue,True,0.0,4.817638405168802e-14,2.024243092700893e-10,4201.733136569777,True
1.0,ff7143dca8408a73233321fc7219358e48f2336bad0cb63f4e76f8988e77ecce,ca0178be9c5fd168509f48974d2b3e1bbc91b2ba4e8e9e320299fd98dcf765e8,0c9085a7366142fd489e5640b36c75720ff4acbc,discovery,0train,PASS,1414,S05_0train_T263,5,5,tongue,True,0.0,7.474873945863361e-14,4.1459874702271865e-10,5546.5650661863,True
1.0,ff7143dca8408a73233321fc7219358e48f2336bad0cb63f4e76f8988e77ecce,ca0178be9c5fd168509f48974d2b3e1bbc91b2ba4e8e9e320299fd98dcf765e8,0c9085a7366142fd489e5640b36c75720ff4acbc,discovery,0train,PASS,1415,S05_0train_T264,5,5,feet,True,0.0,5.416367237354116e-14,2.783285386688201e-10,5138.6570827273345,True
1.0,ff7143dca8408a73233321fc7219358e48f2336bad0cb63f4e76f8988e77ecce,ca0178be9c5fd168509f48974d2b3e1bbc91b2ba4e8e9e320299fd98dcf765e8,0c9085a7366142fd489e5640b36c75720ff4acbc,discovery,0train,PASS,1416,S05_0train_T265,5,5,tongue,True,0.0,4.770757324684841e-14,2.0619158750990272e-10,4321.9885958782,True
1.0,ff7143dca8408a73233321fc7219358e48f2336bad0cb63f4e76f8988e77ecce,ca0178be9c5fd168509f48974d2b3e1bbc91b2ba4e8e9e320299fd98dcf765e8,0c9085a7366142fd489e5640b36c75720ff4acbc,discovery,0train,PASS,1417,S05_0train_T266,5,5,left_hand,True,0.0,6.394174086189031e-14,3.2328337270802313e-10,5055.905084071649,True
1.0,ff7143dca8408a73233321fc7219358e48f2336bad0cb63f4e76f8988e77ecce,ca0178be9c5fd168509f48974d2b3e1bbc91b2ba4e8e9e320299fd98dcf765e8,0c9085a7366142fd489e5640b36c75720ff4acbc,discovery,0train,PASS,1418,S05_0train_T267,5,5,right_hand,True,0.0,6.248742913738149e-14,2.7064112287976213e-10,4331.129102539091,True
1.0,ff7143dca8408a73233321fc7219358e48f2336bad0cb63f4e76f8988e77ecce,ca0178be9c5fd168509f48974d2b3e1bbc91b2ba4e8e9e320299fd98dcf765e8,0c9085a7366142fd489e5640b36c75720ff4acbc,discovery,0train,PASS,1419,S05_0train_T268,5,5,feet,True,0.0,7.321555455644671e-14,3.8002036122857853e-10,5190.432054101232,True
1.0,ff7143dca8408a73233321fc7219358e48f2336bad0cb63f4e76f8988e77ecce,ca0178be9c5fd168509f48974d2b3e1bbc91b2ba4e8e9e320299fd98dcf765e8,0c9085a7366142fd489e5640b36c75720ff4acbc,discovery,0train,PASS,1420,S05_0train_T269,5,5,right_hand,True,0.0,5.721094803824007e-14,2.570125112638821e-10,4492.365885845725,True
1.0,ff7143dca8408a73233321fc7219358e48f2336bad0cb63f4e76f8988e77ecce,ca0178be9c5fd168509f48974d2b3e1bbc91b2ba4e8e9e320299fd98dcf765e8,0c9085a7366142fd489e5640b36c75720ff4acbc,discovery,0train,PASS,1421,S05_0train_T270,5,5,left_hand,True,0.0,6.27236617811209e-14,3.380394706306876e-10,5389.345281056814,True
1.0,ff7143dca8408a73233321fc7219358e48f2336bad0cb63f4e76f8988e77ecce,ca0178be9c5fd168509f48974d2b3e1bbc91b2ba4e8e9e320299fd98dcf765e8,0c9085a7366142fd489e5640b36c75720ff4acbc,discovery,0train,PASS,1422,S05_0train_T271,5,5,tongue,True,0.0,5.594461262839204e-14,2.8121278422681443e-10,5026.628499418694,True
1.0,ff7143dca8408a73233321fc7219358e48f2336bad0cb63f4e76f8988e77ecce,ca0178be9c5fd168509f48974d2b3e1bbc91b2ba4e8e9e320299fd98dcf765e8,0c9085a7366142fd489e5640b36c75720ff4acbc,discovery,0train,PASS,1423,S05_0train_T272,5,5,left_hand,True,0.0,5.6491763870798214e-14,2.971542260021588e-10,5260.133613136552,True
1.0,ff7143dca8408a73233321fc7219358e48f2336bad0cb63f4e76f8988e77ecce,ca0178be9c5fd168509f48974d2b3e1bbc91b2ba4e8e9e320299fd98dcf765e8,0c9085a7366142fd489e5640b36c75720ff4acbc,discovery,0train,PASS,1424,S05_0train_T273,5,5,tongue,True,0.0,5.835666192913588e-14,2.814601196638131e-10,4823.101773806014,True
1.0,ff7143dca8408a73233321fc7219358e48f2336bad0cb63f4e76f8988e77ecce,ca0178be9c5fd168509f48974d2b3e1bbc91b2ba4e8e9e320299fd98dcf765e8,0c9085a7366142fd489e5640b36c75720ff4acbc,discovery,0train,PASS,1425,S05_0train_T274,5,5,left_hand,True,0.0,6.555886459677971e-14,3.1981642216861193e-10,4878.309350469158,True
1.0,ff7143dca8408a73233321fc7219358e48f2336bad0cb63f4e76f8988e77ecce,ca0178be9c5fd168509f48974d2b3e1bbc91b2ba4e8e9e320299fd98dcf765e8,0c9085a7366142fd489e5640b36c75720ff4acbc,discovery,0train,PASS,1426,S05_0train_T275,5,5,left_hand,True,0.0,5.597977194344099e-14,2.691139050209258e-10,4807.341932239815,True
1.0,ff7143dca8408a73233321fc7219358e48f2336bad0cb63f4e76f8988e77ecce,ca0178be9c5fd168509f48974d2b3e1bbc91b2ba4e8e9e320299fd98dcf765e8,0c9085a7366142fd489e5640b36c75720ff4acbc,discovery,0train,PASS,1427,S05_0train_T276,5,5,left_hand,True,0.0,5.4838021425481545e-14,2.5101567017220853e-10,4577.40202230508,True
1.0,ff7143dca8408a73233321fc7219358e48f2336bad0cb63f4e76f8988e77ecce,ca0178be9c5fd168509f48974d2b3e1bbc91b2ba4e8e9e320299fd98dcf765e8,0c9085a7366142fd489e5640b36c75720ff4acbc,discovery,0train,PASS,1428,S05_0train_T277,5,5,left_hand,True,0.0,5.0955971654868524e-14,2.344766264073027e-10,4601.55343509969,True
1.0,ff7143dca8408a73233321fc7219358e48f2336bad0cb63f4e76f8988e77ecce,ca0178be9c5fd168509f48974d2b3e1bbc91b2ba4e8e9e320299fd98dcf765e8,0c9085a7366142fd489e5640b36c75720ff4acbc,discovery,0train,PASS,1429,S05_0train_T278,5,5,feet,True,0.0,4.973731834211821e-14,2.4494254598441674e-10,4924.723610942977,True
1.0,ff7143dca8408a73233321fc7219358e48f2336bad0cb63f4e76f8988e77ecce,ca0178be9c5fd168509f48974d2b3e1bbc91b2ba4e8e9e320299fd98dcf765e8,0c9085a7366142fd489e5640b36c75720ff4acbc,discovery,0train,PASS,1430,S05_0train_T279,5,5,feet,True,0.0,6.366893344316738e-14,3.424630989851226e-10,5378.810048558682,True
1.0,ff7143dca8408a73233321fc7219358e48f2336bad0cb63f4e76f8988e77ecce,ca0178be9c5fd168509f48974d2b3e1bbc91b2ba4e8e9e320299fd98dcf765e8,0c9085a7366142fd489e5640b36c75720ff4acbc,discovery,0train,PASS,1431,S05_0train_T280,5,5,tongue,True,0.0,6.968084961176145e-14,3.3169109908248543e-10,4760.147169998042,True
1.0,ff7143dca8408a73233321fc7219358e48f2336bad0cb63f4e76f8988e77ecce,ca0178be9c5fd168509f48974d2b3e1bbc91b2ba4e8e9e320299fd98dcf765e8,0c9085a7366142fd489e5640b36c75720ff4acbc,discovery,0train,PASS,1432,S05_0train_T281,5,5,right_hand,True,0.0,7.231413942121184e-14,3.812623481029069e-10,5272.307064074272,True
1.0,ff7143dca8408a73233321fc7219358e48f2336bad0cb63f4e76f8988e77ecce,ca0178be9c5fd168509f48974d2b3e1bbc91b2ba4e8e9e320299fd98dcf765e8,0c9085a7366142fd489e5640b36c75720ff4acbc,discovery,0train,PASS,1433,S05_0train_T282,5,5,feet,True,0.0,7.56319154506345e-14,4.015276545595356e-10,5308.971115793247,True
1.0,ff7143dca8408a73233321fc7219358e48f2336bad0cb63f4e76f8988e77ecce,ca0178be9c5fd168509f48974d2b3e1bbc91b2ba4e8e9e320299fd98dcf765e8,0c9085a7366142fd489e5640b36c75720ff4acbc,discovery,0train,PASS,1434,S05_0train_T283,5,5,feet,True,0.0,6.546238876163324e-14,3.015783552849232e-10,4606.895058215089,True
1.0,ff7143dca8408a73233321fc7219358e48f2336bad0cb63f4e76f8988e77ecce,ca0178be9c5fd168509f48974d2b3e1bbc91b2ba4e8e9e320299fd98dcf765e8,0c9085a7366142fd489e5640b36c75720ff4acbc,discovery,0train,PASS,1435,S05_0train_T284,5,5,feet,True,0.0,4.7601593992848816e-14,2.1253469378284852e-10,4464.865059241033,True
1.0,ff7143dca8408a73233321fc7219358e48f2336bad0cb63f4e76f8988e77ecce,ca0178be9c5fd168509f48974d2b3e1bbc91b2ba4e8e9e320299fd98dcf765e8,0c9085a7366142fd489e5640b36c75720ff4acbc,discovery,0train,PASS,1436,S05_0train_T285,5,5,tongue,True,0.0,6.701685061100703e-14,3.9731562694681985e-10,5928.592933335541,True
1.0,ff7143dca8408a73233321fc7219358e48f2336bad0cb63f4e76f8988e77ecce,ca0178be9c5fd168509f48974d2b3e1bbc91b2ba4e8e9e320299fd98dcf765e8,0c9085a7366142fd489e5640b36c75720ff4acbc,discovery,0train,PASS,1437,S05_0train_T286,5,5,feet,True,0.0,6.316996107215611e-14,2.8354789696724353e-10,4488.650810523058,True
1.0,ff7143dca8408a73233321fc7219358e48f2336bad0cb63f4e76f8988e77ecce,ca0178be9c5fd168509f48974d2b3e1bbc91b2ba4e8e9e320299fd98dcf765e8,0c9085a7366142fd489e5640b36c75720ff4acbc,discovery,0train,PASS,1438,S05_0train_T287,5,5,left_hand,True,0.0,5.5079407418133454e-14,2.698476152901535e-10,4899.246886256681,True
1.0,ff7143dca8408a73233321fc7219358e48f2336bad0cb63f4e76f8988e77ecce,ca0178be9c5fd168509f48974d2b3e1bbc91b2ba4e8e9e320299fd98dcf765e8,0c9085a7366142fd489e5640b36c75720ff4acbc,discovery,0train,PASS,1439,S05_0train_T288,5,5,feet,True,0.0,5.0614691629473976e-14,2.2217702688216303e-10,4389.5758272838075,True
1.0,ff7143dca8408a73233321fc7219358e48f2336bad0cb63f4e76f8988e77ecce,ca0178be9c5fd168509f48974d2b3e1bbc91b2ba4e8e9e320299fd98dcf765e8,0c9085a7366142fd489e5640b36c75720ff4acbc,discovery,0train,PASS,1440,S06_0train_T001,6,0,tongue,True,0.0,1.4932408182757606e-13,3.9406771494461387e-10,2639.0097974929613,True
1.0,ff7143dca8408a73233321fc7219358e48f2336bad0cb63f4e76f8988e77ecce,ca0178be9c5fd168509f48974d2b3e1bbc91b2ba4e8e9e320299fd98dcf765e8,0c9085a7366142fd489e5640b36c75720ff4acbc,discovery,0train,PASS,1441,S06_0train_T002,6,0,right_hand,True,0.0,1.2837535079142133e-13,2.969230828694425e-10,2312.929086767367,True
1.0,ff7143dca8408a73233321fc7219358e48f2336bad0cb63f4e76f8988e77ecce,ca0178be9c5fd168509f48974d2b3e1bbc91b2ba4e8e9e320299fd98dcf765e8,0c9085a7366142fd489e5640b36c75720ff4acbc,discovery,0train,PASS,1442,S06_0train_T003,6,0,right_hand,True,0.0,1.6846735271431187e-13,4.697356899047846e-10,2788.2891393287678,True
1.0,ff7143dca8408a73233321fc7219358e48f2336bad0cb63f4e76f8988e77ecce,ca0178be9c5fd168509f48974d2b3e1bbc91b2ba4e8e9e320299fd98dcf765e8,0c9085a7366142fd489e5640b36c75720ff4acbc,discovery,0train,PASS,1443,S06_0train_T004,6,0,left_hand,True,0.0,1.5183106233840835e-13,3.404474371445915e-10,2242.277910074725,True
1.0,ff7143dca8408a73233321fc7219358e48f2336bad0cb63f4e76f8988e77ecce,ca0178be9c5fd168509f48974d2b3e1bbc91b2ba4e8e9e320299fd98dcf765e8,0c9085a7366142fd489e5640b36c75720ff4acbc,discovery,0train,PASS,1444,S06_0train_T005,6,0,tongue,True,0.0,1.6645212885747414e-13,3.6523211223576185e-10,2194.2171286285834,True
1.0,ff7143dca8408a73233321fc7219358e48f2336bad0cb63f4e76f8988e77ecce,ca0178be9c5fd168509f48974d2b3e1bbc91b2ba4e8e9e320299fd98dcf765e8,0c9085a7366142fd489e5640b36c75720ff4acbc,discovery,0train,PASS,1445,S06_0train_T006,6,0,tongue,True,0.0,2.0550768433568953e-13,4.6441881366693075e-10,2259.8610614886743,True
1.0,ff7143dca8408a73233321fc7219358e48f2336bad0cb63f4e76f8988e77ecce,ca0178be9c5fd168509f48974d2b3e1bbc91b2ba4e8e9e320299fd98dcf765e8,0c9085a7366142fd489e5640b36c75720ff4acbc,discovery,0train,PASS,1446,S06_0train_T007,6,0,feet,True,0.0,1.8813852421144177e-13,6.74335220800332e-10,3584.2484872607597,True
1.0,ff7143dca8408a73233321fc7219358e48f2336bad0cb63f4e76f8988e77ecce,ca0178be9c5fd168509f48974d2b3e1bbc91b2ba4e8e9e320299fd98dcf765e8,0c9085a7366142fd489e5640b36c75720ff4acbc,discovery,0train,PASS,1447,S06_0train_T008,6,0,right_hand,True,0.0,1.6992697294552298e-13,3.7560953281733713e-10,2210.4173711006674,True
1.0,ff7143dca8408a73233321fc7219358e48f2336bad0cb63f4e76f8988e77ecce,ca0178be9c5fd168509f48974d2b3e1bbc91b2ba4e8e9e320299fd98dcf765e8,0c9085a7366142fd489e5640b36c75720ff4acbc,discovery,0train,PASS,1448,S06_0train_T009,6,0,feet,True,0.0,2.0272293328806268e-13,5.392088578254213e-10,2659.8315695206675,True
1.0,ff7143dca8408a73233321fc7219358e48f2336bad0cb63f4e76f8988e77ecce,ca0178be9c5fd168509f48974d2b3e1bbc91b2ba4e8e9e320299fd98dcf765e8,0c9085a7366142fd489e5640b36c75720ff4acbc,discovery,0train,PASS,1449,S06_0train_T010,6,0,left_hand,True,0.0,2.328984636281211e-13,7.463114991323152e-10,3204.4500745354103,True
1.0,ff7143dca8408a73233321fc7219358e48f2336bad0cb63f4e76f8988e77ecce,ca0178be9c5fd168509f48974d2b3e1bbc91b2ba4e8e9e320299fd98dcf765e8,0c9085a7366142fd489e5640b36c75720ff4acbc,discovery,0train,PASS,1450,S06_0train_T011,6,0,left_hand,True,0.0,1.789482212958763e-13,6.017977882608103e-10,3362.9716121390593,True
1.0,ff7143dca8408a73233321fc7219358e48f2336bad0cb63f4e76f8988e77ecce,ca0178be9c5fd168509f48974d2b3e1bbc91b2ba4e8e9e320299fd98dcf765e8,0c9085a7366142fd489e5640b36c75720ff4acbc,discovery,0train,PASS,1451,S06_0train_T012,6,0,right_hand,True,0.0,2.1719056082832743e-13,6.49312719659031e-10,2989.5991666611294,True
1.0,ff7143dca8408a73233321fc7219358e48f2336bad0cb63f4e76f8988e77ecce,ca0178be9c5fd168509f48974d2b3e1bbc91b2ba4e8e9e320299fd98dcf765e8,0c9085a7366142fd489e5640b36c75720ff4acbc,discovery,0train,PASS,1452,S06_0train_T013,6,0,tongue,True,0.0,1.6214968163812218e-13,3.9561170456352314e-10,2439.793285850725,True
1.0,ff7143dca8408a73233321fc7219358e48f2336bad0cb63f4e76f8988e77ecce,ca0178be9c5fd168509f48974d2b3e1bbc91b2ba4e8e9e320299fd98dcf765e8,0c9085a7366142fd489e5640b36c75720ff4acbc,discovery,0train,PASS,1453,S06_0train_T014,6,0,tongue,True,0.0,1.78967069253895e-13,4.0520762423896277e-10,2264.1462808116244,True
1.0,ff7143dca8408a73233321fc7219358e48f2336bad0cb63f4e76f8988e77ecce,ca0178be9c5fd168509f48974d2b3e1bbc91b2ba4e8e9e320299fd98dcf765e8,0c9085a7366142fd489e5640b36c75720ff4acbc,discovery,0train,PASS,1454,S06_0train_T015,6,0,right_hand,True,0.0,1.5802897635122858e-13,3.8143245048392687e-10,2413.6867762540655,True
1.0,ff7143dca8408a73233321fc7219358e48f2336bad0cb63f4e76f8988e77ecce,ca0178be9c5fd168509f48974d2b3e1bbc91b2ba4e8e9e320299fd98dcf765e8,0c9085a7366142fd489e5640b36c75720ff4acbc,discovery,0train,PASS,1455,S06_0train_T016,6,0,tongue,True,0.0,2.4801408071585544e-13,8.015163846948004e-10,3231.7374174133324,True
1.0,ff7143dca8408a73233321fc7219358e48f2336bad0cb63f4e76f8988e77ecce,ca0178be9c5fd168509f48974d2b3e1bbc91b2ba4e8e9e320299fd98dcf765e8,0c9085a7366142fd489e5640b36c75720ff4acbc,discovery,0train,PASS,1456,S06_0train_T017,6,0,feet,True,0.0,2.092322288255984e-13,5.099032929764422e-10,2437.020796645351,True
1.0,ff7143dca8408a73233321fc7219358e48f2336bad0cb63f4e76f8988e77ecce,ca0178be9c5fd168509f48974d2b3e1bbc91b2ba4e8e9e320299fd98dcf765e8,0c9085a7366142fd489e5640b36c75720ff4acbc,discovery,0train,PASS,1457,S06_0train_T018,6,0,feet,True,0.0,1.8619349477816173e-13,4.304056798265717e-10,2311.6042820903813,True
1.0,ff7143dca8408a73233321fc7219358e48f2336bad0cb63f4e76f8988e77ecce,ca0178be9c5fd168509f48974d2b3e1bbc91b2ba4e8e9e320299fd98dcf765e8,0c9085a7366142fd489e5640b36c75720ff4acbc,discovery,0train,PASS,1458,S06_0train_T019,6,0,feet,True,0.0,2.1147306794485386e-13,6.65043978803101e-10,3144.8164310763464,True
1.0,ff7143dca8408a73233321fc7219358e48f2336bad0cb63f4e76f8988e77ecce,ca0178be9c5fd168509f48974d2b3e1bbc91b2ba4e8e9e320299fd98dcf765e8,0c9085a7366142fd489e5640b36c75720ff4acbc,discovery,0train,PASS,1459,S06_0train_T020,6,0,left_hand,True,0.0,1.8760220775043587e-13,4.1407414082839753e-10,2207.192259588083,True
1.0,ff7143dca8408a73233321fc7219358e48f2336bad0cb63f4e76f8988e77ecce,ca0178be9c5fd168509f48974d2b3e1bbc91b2ba4e8e9e320299fd98dcf765e8,0c9085a7366142fd489e5640b36c75720ff4acbc,discovery,0train,PASS,1460,S06_0train_T021,6,0,feet,True,0.0,1.797692257527696e-13,4.2584956121424007e-10,2368.867971873541,True
1.0,ff7143dca8408a73233321fc7219358e48f2336bad0cb63f4e76f8988e77ecce,ca0178be9c5fd168509f48974d2b3e1bbc91b2ba4e8e9e320299fd98dcf765e8,0c9085a7366142fd489e5640b36c75720ff4acbc,discovery,0train,PASS,1461,S06_0train_T022,6,0,left_hand,True,0.0,2.422677709803459e-13,6.211671718913258e-10,2563.9694845820754,True
1.0,ff7143dca8408a73233321fc7219358e48f2336bad0cb63f4e76f8988e77ecce,ca0178be9c5fd168509f48974d2b3e1bbc91b2ba4e8e9e320299fd98dcf765e8,0c9085a7366142fd489e5640b36c75720ff4acbc,discovery,0train,PASS,1462,S06_0train_T023,6,0,feet,True,0.0,2.473948389732941e-13,5.195339625612916e-10,2100.0194050829596,True
1.0,ff7143dca8408a73233321fc7219358e48f2336bad0cb63f4e76f8988e77ecce,ca0178be9c5fd168509f48974d2b3e1bbc91b2ba4e8e9e320299fd98dcf765e8,0c9085a7366142fd489e5640b36c75720ff4acbc,discovery,0train,PASS,1463,S06_0train_T024,6,0,feet,True,0.0,2.1627996655354885e-13,6.537606260595661e-10,3022.7516513772957,True
1.0,ff7143dca8408a73233321fc7219358e48f2336bad0cb63f4e76f8988e77ecce,ca0178be9c5fd168509f48974d2b3e1bbc91b2ba4e8e9e320299fd98dcf765e8,0c9085a7366142fd489e5640b36c75720ff4acbc,discovery,0train,PASS,1464,S06_0train_T025,6,0,left_hand,True,0.0,1.7188550988645154e-13,4.792818386385957e-10,2788.378374391255,True
1.0,ff7143dca8408a73233321fc7219358e48f2336bad0cb63f4e76f8988e77ecce,ca0178be9c5fd168509f48974d2b3e1bbc91b2ba4e8e9e320299fd98dcf765e8,0c9085a7366142fd489e5640b36c75720ff4acbc,discovery,0train,PASS,1465,S06_0train_T026,6,0,left_hand,True,0.0,1.8748289564505077e-13,3.3137522305289374e-10,1767.4957596145998,True
1.0,ff7143dca8408a73233321fc7219358e48f2336bad0cb63f4e76f8988e77ecce,ca0178be9c5fd168509f48974d2b3e1bbc91b2ba4e8e9e320299fd98dcf765e8,0c9085a7366142fd489e5640b36c75720ff4acbc,discovery,0train,PASS,1466,S06_0train_T027,6,0,right_hand,True,0.0,1.7679066107054999e-13,5.118332144409008e-10,2895.1371715084483,True
1.0,ff7143dca8408a73233321fc7219358e48f2336bad0cb63f4e76f8988e77ecce,ca0178be9c5fd168509f48974d2b3e1bbc91b2ba4e8e9e320299fd98dcf765e8,0c9085a7366142fd489e5640b36c75720ff4acbc,discovery,0train,PASS,1467,S06_0train_T028,6,0,right_hand,True,0.0,2.438328575417298e-13,8.984161838221891e-10,3684.5574992633356,True
1.0,ff7143dca8408a73233321fc7219358e48f2336bad0cb63f4e76f8988e77ecce,ca0178be9c5fd168509f48974d2b3e1bbc91b2ba4e8e9e320299fd98dcf765e8,0c9085a7366142fd489e5640b36c75720ff4acbc,discovery,0train,PASS,1468,S06_0train_T029,6,0,left_hand,True,0.0,2.341194911187663e-13,7.148658996568735e-10,3053.4232593826614,True
1.0,ff7143dca8408a73233321fc7219358e48f2336bad0cb63f4e76f8988e77ecce,ca0178be9c5fd168509f48974d2b3e1bbc91b2ba4e8e9e320299fd98dcf765e8,0c9085a7366142fd489e5640b36c75720ff4acbc,discovery,0train,PASS,1469,S06_0train_T030,6,0,feet,True,0.0,2.010880844638841e-13,5.836794289032869e-10,2902.605743445316,True
1.0,ff7143dca8408a73233321fc7219358e48f2336bad0cb63f4e76f8988e77ecce,ca0178be9c5fd168509f48974d2b3e1bbc91b2ba4e8e9e320299fd98dcf765e8,0c9085a7366142fd489e5640b36c75720ff4acbc,discovery,0train,PASS,1470,S06_0train_T031,6,0,right_hand,True,0.0,1.9929267898286597e-13,5.68171623169245e-10,2850.9407674633803,True
1.0,ff7143dca8408a73233321fc7219358e48f2336bad0cb63f4e76f8988e77ecce,ca0178be9c5fd168509f48974d2b3e1bbc91b2ba4e8e9e320299fd98dcf765e8,0c9085a7366142fd489e5640b36c75720ff4acbc,discovery,0train,PASS,1471,S06_0train_T032,6,0,tongue,True,0.0,2.250245925404511e-13,5.923412360637372e-10,2632.3400006035167,True
1.0,ff7143dca8408a73233321fc7219358e48f2336bad0cb63f4e76f8988e77ecce,ca0178be9c5fd168509f48974d2b3e1bbc91b2ba4e8e9e320299fd98dcf765e8,0c9085a7366142fd489e5640b36c75720ff4acbc,discovery,0train,PASS,1472,S06_0train_T033,6,0,tongue,True,0.0,1.4798198506069948e-13,3.249526887370717e-10,2195.893565042948,True
1.0,ff7143dca8408a73233321fc7219358e48f2336bad0cb63f4e76f8988e77ecce,ca0178be9c5fd168509f48974d2b3e1bbc91b2ba4e8e9e320299fd98dcf765e8,0c9085a7366142fd489e5640b36c75720ff4acbc,discovery,0train,PASS,1473,S06_0train_T034,6,0,left_hand,True,0.0,2.3828119498839136e-13,9.890343560366322e-10,4150.702518026302,True
1.0,ff7143dca8408a73233321fc7219358e48f2336bad0cb63f4e76f8988e77ecce,ca0178be9c5fd168509f48974d2b3e1bbc91b2ba4e8e9e320299fd98dcf765e8,0c9085a7366142fd489e5640b36c75720ff4acbc,discovery,0train,PASS,1474,S06_0train_T035,6,0,tongue,True,0.0,2.0142553725295535e-13,4.117122582950682e-10,2043.9923552395912,True
1.0,ff7143dca8408a73233321fc7219358e48f2336bad0cb63f4e76f8988e77ecce,ca0178be9c5fd168509f48974d2b3e1bbc91b2ba4e8e9e320299fd98dcf765e8,0c9085a7366142fd489e5640b36c75720ff4acbc,discovery,0train,PASS,1475,S06_0train_T036,6,0,left_hand,True,0.0,1.8095558373767634e-13,4.829115842222551e-10,2668.674678324995,True
1.0,ff7143dca8408a73233321fc7219358e48f2336bad0cb63f4e76f8988e77ecce,ca0178be9c5fd168509f48974d2b3e1bbc91b2ba4e8e9e320299fd98dcf765e8,0c9085a7366142fd489e5640b36c75720ff4acbc,discovery,0train,PASS,1476,S06_0train_T037,6,0,tongue,True,0.0,2.1232453967126774e-13,5.686522721478434e-10,2678.222088828081,True
1.0,ff7143dca8408a73233321fc7219358e48f2336bad0cb63f4e76f8988e77ecce,ca0178be9c5fd168509f48974d2b3e1bbc91b2ba4e8e9e320299fd98dcf765e8,0c9085a7366142fd489e5640b36c75720ff4acbc,discovery,0train,PASS,1477,S06_0train_T038,6,0,right_hand,True,0.0,1.7348068598884157e-13,5.092042212237726e-10,2935.221395519067,True
1.0,ff7143dca8408a73233321fc7219358e48f2336bad0cb63f4e76f8988e77ecce,ca0178be9c5fd168509f48974d2b3e1bbc91b2ba4e8e9e320299fd98dcf765e8,0c9085a7366142fd489e5640b36c75720ff4acbc,discovery,0train,PASS,1478,S06_0train_T039,6,0,feet,True,0.0,2.0314041635784145e-13,5.468401565674871e-10,2691.931848776968,True
1.0,ff7143dca8408a73233321fc7219358e48f2336bad0cb63f4e76f8988e77ecce,ca0178be9c5fd168509f48974d2b3e1bbc91b2ba4e8e9e320299fd98dcf765e8,0c9085a7366142fd489e5640b36c75720ff4acbc,discovery,0train,PASS,1479,S06_0train_T040,6,0,tongue,True,0.0,2.4544037228517836e-13,7.994684104333368e-10,3257.2816077072707,True
1.0,ff7143dca8408a73233321fc7219358e48f2336bad0cb63f4e76f8988e77ecce,ca0178be9c5fd168509f48974d2b3e1bbc91b2ba4e8e9e320299fd98dcf765e8,0c9085a7366142fd489e5640b36c75720ff4acbc,discovery,0train,PASS,1480,S06_0train_T041,6,0,right_hand,True,0.0,1.7789905561744027e-13,4.754079672494393e-10,2672.3467732834492,True
1.0,ff7143dca8408a73233321fc7219358e48f2336bad0cb63f4e76f8988e77ecce,ca0178be9c5fd168509f48974d2b3e1bbc91b2ba4e8e9e320299fd98dcf765e8,0c9085a7366142fd489e5640b36c75720ff4acbc,discovery,0train,PASS,1481,S06_0train_T042,6,0,feet,True,0.0,2.5122902785663076e-13,9.349325868497405e-10,3721.4353565197084,True
1.0,ff7143dca8408a73233321fc7219358e48f2336bad0cb63f4e76f8988e77ecce,ca0178be9c5fd168509f48974d2b3e1bbc91b2ba4e8e9e320299fd98dcf765e8,0c9085a7366142fd489e5640b36c75720ff4acbc,discovery,0train,PASS,1482,S06_0train_T043,6,0,right_hand,True,0.0,2.108070428069051e-13,5.187657257050188e-10,2460.855760783085,True
1.0,ff7143dca8408a73233321fc7219358e48f2336bad0cb63f4e76f8988e77ecce,ca0178be9c5fd168509f48974d2b3e1bbc91b2ba4e8e9e320299fd98dcf765e8,0c9085a7366142fd489e5640b36c75720ff4acbc,discovery,0train,PASS,1483,S06_0train_T044,6,0,feet,True,0.0,1.5208025210337165e-13,4.974438708151842e-10,3270.930077608385,True
1.0,ff7143dca8408a73233321fc7219358e48f2336bad0cb63f4e76f8988e77ecce,ca0178be9c5fd168509f48974d2b3e1bbc91b2ba4e8e9e320299fd98dcf765e8,0c9085a7366142fd489e5640b36c75720ff4acbc,discovery,0train,PASS,1484,S06_0train_T045,6,0,left_hand,True,0.0,1.6580564378943559e-13,4.3731773500201836e-10,2637.5322637231143,True
1.0,ff7143dca8408a73233321fc7219358e48f2336bad0cb63f4e76f8988e77ecce,ca0178be9c5fd168509f48974d2b3e1bbc91b2ba4e8e9e320299fd98dcf765e8,0c9085a7366142fd489e5640b36c75720ff4acbc,discovery,0train,PASS,1485,S06_0train_T046,6,0,right_hand,True,0.0,1.8514398141241152e-13,3.953799873818889e-10,2135.5270874356584,True
1.0,ff7143dca8408a73233321fc7219358e48f2336bad0cb63f4e76f8988e77ecce,ca0178be9c5fd168509f48974d2b3e1bbc91b2ba4e8e9e320299fd98dcf765e8,0c9085a7366142fd489e5640b36c75720ff4acbc,discovery,0train,PASS,1486,S06_0train_T047,6,0,tongue,True,0.0,2.3110099605410247e-13,7.870310839262613e-10,3405.5720112171716,True
1.0,ff7143dca8408a73233321fc7219358e48f2336bad0cb63f4e76f8988e77ecce,ca0178be9c5fd168509f48974d2b3e1bbc91b2ba4e8e9e320299fd98dcf765e8,0c9085a7366142fd489e5640b36c75720ff4acbc,discovery,0train,PASS,1487,S06_0train_T048,6,0,left_hand,True,0.0,1.5527592239244493e-13,3.7159130349594347e-10,2393.1031789769845,True
1.0,ff7143dca8408a73233321fc7219358e48f2336bad0cb63f4e76f8988e77ecce,ca0178be9c5fd168509f48974d2b3e1bbc91b2ba4e8e9e320299fd98dcf765e8,0c9085a7366142fd489e5640b36c75720ff4acbc,discovery,0train,PASS,1488,S06_0train_T049,6,1,feet,True,0.0,1.7636788901557964e-13,4.3115573544674734e-10,2444.6385215205514,True
1.0,ff7143dca8408a73233321fc7219358e48f2336bad0cb63f4e76f8988e77ecce,ca0178be9c5fd168509f48974d2b3e1bbc91b2ba4e8e9e320299fd98dcf765e8,0c9085a7366142fd489e5640b36c75720ff4acbc,discovery,0train,PASS,1489,S06_0train_T050,6,1,left_hand,True,0.0,1.3466662571818484e-13,2.8952673100513575e-10,2149.951626552407,True
1.0,ff7143dca8408a73233321fc7219358e48f2336bad0cb63f4e76f8988e77ecce,ca0178be9c5fd168509f48974d2b3e1bbc91b2ba4e8e9e320299fd98dcf765e8,0c9085a7366142fd489e5640b36c75720ff4acbc,discovery,0train,PASS,1490,S06_0train_T051,6,1,left_hand,True,0.0,2.052162557098864e-13,4.965552557967776e-10,2419.6682376797494,True
1.0,ff7143dca8408a73233321fc7219358e48f2336bad0cb63f4e76f8988e77ecce,ca0178be9c5fd168509f48974d2b3e1bbc91b2ba4e8e9e320299fd98dcf765e8,0c9085a7366142fd489e5640b36c75720ff4acbc,discovery,0train,PASS,1491,S06_0train_T052,6,1,tongue,True,0.0,2.1589664898568725e-13,4.928698473177502e-10,2282.897162291874,True
1.0,ff7143dca8408a73233321fc7219358e48f2336bad0cb63f4e76f8988e77ecce,ca0178be9c5fd168509f48974d2b3e1bbc91b2ba4e8e9e320299fd98dcf765e8,0c9085a7366142fd489e5640b36c75720ff4acbc,discovery,0train,PASS,1492,S06_0train_T053,6,1,left_hand,True,0.0,1.879081133466184e-13,4.791593036046213e-10,2549.9660183419337,True
1.0,ff7143dca8408a73233321fc7219358e48f2336bad0cb63f4e76f8988e77ecce,ca0178be9c5fd168509f48974d2b3e1bbc91b2ba4e8e9e320299fd98dcf765e8,0c9085a7366142fd489e5640b36c75720ff4acbc,discovery,0train,PASS,1493,S06_0train_T054,6,1,tongue,True,0.0,1.8807943437663716e-13,4.4664729342429026e-10,2374.780075794251,True
1.0,ff7143dca8408a73233321fc7219358e48f2336bad0cb63f4e76f8988e77ecce,ca0178be9c5fd168509f48974d2b3e1bbc91b2ba4e8e9e320299fd98dcf765e8,0c9085a7366142fd489e5640b36c75720ff4acbc,discovery,0train,PASS,1494,S06_0train_T055,6,1,tongue,True,0.0,2.8435716834280827e-13,8.323488790925795e-10,2927.1246578497958,True
1.0,ff7143dca8408a73233321fc7219358e48f2336bad0cb63f4e76f8988e77ecce,ca0178be9c5fd168509f48974d2b3e1bbc91b2ba4e8e9e320299fd98dcf765e8,0c9085a7366142fd489e5640b36c75720ff4acbc,discovery,0train,PASS,1495,S06_0train_T056,6,1,right_hand,True,0.0,1.754498674170065e-13,4.2868920604649977e-10,2443.3715018296252,True
1.0,ff7143dca8408a73233321fc7219358e48f2336bad0cb63f4e76f8988e77ecce,ca0178be9c5fd168509f48974d2b3e1bbc91b2ba4e8e9e320299fd98dcf765e8,0c9085a7366142fd489e5640b36c75720ff4acbc,discovery,0train,PASS,1496,S06_0train_T057,6,1,tongue,True,0.0,2.692279612713825e-13,9.76126688235048e-10,3625.6512274039387,True
1.0,ff7143dca8408a73233321fc7219358e48f2336bad0cb63f4e76f8988e77ecce,ca0178be9c5fd168509f48974d2b3e1bbc91b2ba4e8e9e320299fd98dcf765e8,0c9085a7366142fd489e5640b36c75720ff4acbc,discovery,0train,PASS,1497,S06_0train_T058,6,1,right_hand,True,0.0,1.665274106681155e-13,4.456790873908935e-10,2676.3106782409504,True
1.0,ff7143dca8408a73233321fc7219358e48f2336bad0cb63f4e76f8988e77ecce,ca0178be9c5fd168509f48974d2b3e1bbc91b2ba4e8e9e320299fd98dcf765e8,0c9085a7366142fd489e5640b36c75720ff4acbc,discovery,0train,PASS,1498,S06_0train_T059,6,1,tongue,True,0.0,2.2667249628353068e-13,9.27045316595195e-10,4089.8006233434294,True
1.0,ff7143dca8408a73233321fc7219358e48f2336bad0cb63f4e76f8988e77ecce,ca0178be9c5fd168509f48974d2b3e1bbc91b2ba4e8e9e320299fd98dcf765e8,0c9085a7366142fd489e5640b36c75720ff4acbc,discovery,0train,PASS,1499,S06_0train_T060,6,1,feet,True,0.0,2.6053373357365736e-13,6.041193961680792e-10,2318.7761058100537,True
1.0,ff7143dca8408a73233321fc7219358e48f2336bad0cb63f4e76f8988e77ecce,ca0178be9c5fd168509f48974d2b3e1bbc91b2ba4e8e9e320299fd98dcf765e8,0c9085a7366142fd489e5640b36c75720ff4acbc,discovery,0train,PASS,1500,S06_0train_T061,6,1,left_hand,True,0.0,1.7664754358413103e-13,3.98358122810916e-10,2255.101399817609,True
1.0,ff7143dca8408a73233321fc7219358e48f2336bad0cb63f4e76f8988e77ecce,ca0178be9c5fd168509f48974d2b3e1bbc91b2ba4e8e9e320299fd98dcf765e8,0c9085a7366142fd489e5640b36c75720ff4acbc,discovery,0train,PASS,1501,S06_0train_T062,6,1,right_hand,True,0.0,1.814882208389031e-13,5.523291861470769e-10,3043.3335210076716,True
1.0,ff7143dca8408a73233321fc7219358e48f2336bad0cb63f4e76f8988e77ecce,ca0178be9c5fd168509f48974d2b3e1bbc91b2ba4e8e9e320299fd98dcf765e8,0c9085a7366142fd489e5640b36c75720ff4acbc,discovery,0train,PASS,1502,S06_0train_T063,6,1,feet,True,0.0,1.6403029760891323e-13,3.9687616322930984e-10,2419.5296174829596,True
1.0,ff7143dca8408a73233321fc7219358e48f2336bad0cb63f4e76f8988e77ecce,ca0178be9c5fd168509f48974d2b3e1bbc91b2ba4e8e9e320299fd98dcf765e8,0c9085a7366142fd489e5640b36c75720ff4acbc,discovery,0train,PASS,1503,S06_0train_T064,6,1,left_hand,True,0.0,1.9111502495509615e-13,5.795138776136748e-10,3032.2779579985186,True
1.0,ff7143dca8408a73233321fc7219358e48f2336bad0cb63f4e76f8988e77ecce,ca0178be9c5fd168509f48974d2b3e1bbc91b2ba4e8e9e320299fd98dcf765e8,0c9085a7366142fd489e5640b36c75720ff4acbc,discovery,0train,PASS,1504,S06_0train_T065,6,1,left_hand,True,0.0,1.8143875731190578e-13,4.045024146937183e-10,2229.4157030537344,True
1.0,ff7143dca8408a73233321fc7219358e48f2336bad0cb63f4e76f8988e77ecce,ca0178be9c5fd168509f48974d2b3e1bbc91b2ba4e8e9e320299fd98dcf765e8,0c9085a7366142fd489e5640b36c75720ff4acbc,discovery,0train,PASS,1505,S06_0train_T066,6,1,tongue,True,0.0,1.959100818057878e-13,4.1722031137130495e-10,2129.652070611197,True
1.0,ff7143dca8408a73233321fc7219358e48f2336bad0cb63f4e76f8988e77ecce,ca0178be9c5fd168509f48974d2b3e1bbc91b2ba4e8e9e320299fd98dcf765e8,0c9085a7366142fd489e5640b36c75720ff4acbc,discovery,0train,PASS,1506,S06_0train_T067,6,1,tongue,True,0.0,2.578527621734599e-13,6.201492215793269e-10,2405.0516905541112,True
1.0,ff7143dca8408a73233321fc7219358e48f2336bad0cb63f4e76f8988e77ecce,ca0178be9c5fd168509f48974d2b3e1bbc91b2ba4e8e9e320299fd98dcf765e8,0c9085a7366142fd489e5640b36c75720ff4acbc,discovery,0train,PASS,1507,S06_0train_T068,6,1,right_hand,True,0.0,1.7391128920104056e-13,5.246918947997694e-10,3017.008827950371,True
1.0,ff7143dca8408a73233321fc7219358e48f2336bad0cb63f4e76f8988e77ecce,ca0178be9c5fd168509f48974d2b3e1bbc91b2ba4e8e9e320299fd98dcf765e8,0c9085a7366142fd489e5640b36c75720ff4acbc,discovery,0train,PASS,1508,S06_0train_T069,6,1,left_hand,True,0.0,1.7745439202678243e-13,5.55823715027908e-10,3132.206020260236,True
1.0,ff7143dca8408a73233321fc7219358e48f2336bad0cb63f4e76f8988e77ecce,ca0178be9c5fd168509f48974d2b3e1bbc91b2ba4e8e9e320299fd98dcf765e8,0c9085a7366142fd489e5640b36c75720ff4acbc,discovery,0train,PASS,1509,S06_0train_T070,6,1,feet,True,0.0,2.646572373337601e-13,8.996665274110842e-10,3399.3649162010706,True
1.0,ff7143dca8408a73233321fc7219358e48f2336bad0cb63f4e76f8988e77ecce,ca0178be9c5fd168509f48974d2b3e1bbc91b2ba4e8e9e320299fd98dcf765e8,0c9085a7366142fd489e5640b36c75720ff4acbc,discovery,0train,PASS,1510,S06_0train_T071,6,1,tongue,True,0.0,2.0429334106588642e-13,5.573434435092506e-10,2728.1527660243332,True
1.0,ff7143dca8408a73233321fc7219358e48f2336bad0cb63f4e76f8988e77ecce,ca0178be9c5fd168509f48974d2b3e1bbc91b2ba4e8e9e320299fd98dcf765e8,0c9085a7366142fd489e5640b36c75720ff4acbc,discovery,0train,PASS,1511,S06_0train_T072,6,1,tongue,True,0.0,2.4742374908817117e-13,5.861652784285913e-10,2369.0744344016352,True
1.0,ff7143dca8408a73233321fc7219358e48f2336bad0cb63f4e76f8988e77ecce,ca0178be9c5fd168509f48974d2b3e1bbc91b2ba4e8e9e320299fd98dcf765e8,0c9085a7366142fd489e5640b36c75720ff4acbc,discovery,0train,PASS,1512,S06_0train_T073,6,1,tongue,True,0.0,2.5453481481075335e-13,6.595310599697097e-10,2591.123184700966,True
1.0,ff7143dca8408a73233321fc7219358e48f2336bad0cb63f4e76f8988e77ecce,ca0178be9c5fd168509f48974d2b3e1bbc91b2ba4e8e9e320299fd98dcf765e8,0c9085a7366142fd489e5640b36c75720ff4acbc,discovery,0train,PASS,1513,S06_0train_T074,6,1,feet,True,0.0,2.508580929448032e-13,6.730320011274725e-10,2682.9192282648864,True
1.0,ff7143dca8408a73233321fc7219358e48f2336bad0cb63f4e76f8988e77ecce,ca0178be9c5fd168509f48974d2b3e1bbc91b2ba4e8e9e320299fd98dcf765e8,0c9085a7366142fd489e5640b36c75720ff4acbc,discovery,0train,PASS,1514,S06_0train_T075,6,1,feet,True,0.0,1.8695934291725098e-13,4.3617992483047276e-10,2333.0202065565018,True
1.0,ff7143dca8408a73233321fc7219358e48f2336bad0cb63f4e76f8988e77ecce,ca0178be9c5fd168509f48974d2b3e1bbc91b2ba4e8e9e320299fd98dcf765e8,0c9085a7366142fd489e5640b36c75720ff4acbc,discovery,0train,PASS,1515,S06_0train_T076,6,1,feet,True,0.0,2.5169807313494185e-13,7.796091819736354e-10,3097.398292579168,True
1.0,ff7143dca8408a73233321fc7219358e48f2336bad0cb63f4e76f8988e77ecce,ca0178be9c5fd168509f48974d2b3e1bbc91b2ba4e8e9e320299fd98dcf765e8,0c9085a7366142fd489e5640b36c75720ff4acbc,discovery,0train,PASS,1516,S06_0train_T077,6,1,left_hand,True,0.0,1.5241359699556388e-13,4.3812651924641905e-10,2874.589458440319,True
1.0,ff7143dca8408a73233321fc7219358e48f2336bad0cb63f4e76f8988e77ecce,ca0178be9c5fd168509f48974d2b3e1bbc91b2ba4e8e9e320299fd98dcf765e8,0c9085a7366142fd489e5640b36c75720ff4acbc,discovery,0train,PASS,1517,S06_0train_T078,6,1,right_hand,True,0.0,1.8344167744687513e-13,7.063378743366816e-10,3850.4765338358707,True
1.0,ff7143dca8408a73233321fc7219358e48f2336bad0cb63f4e76f8988e77ecce,ca0178be9c5fd168509f48974d2b3e1bbc91b2ba4e8e9e320299fd98dcf765e8,0c9085a7366142fd489e5640b36c75720ff4acbc,discovery,0train,PASS,1518,S06_0train_T079,6,1,right_hand,True,0.0,2.3112099355075514e-13,8.424055955614299e-10,3644.8683549659204,True
1.0,ff7143dca8408a73233321fc7219358e48f2336bad0cb63f4e76f8988e77ecce,ca0178be9c5fd168509f48974d2b3e1bbc91b2ba4e8e9e320299fd98dcf765e8,0c9085a7366142fd489e5640b36c75720ff4acbc,discovery,0train,PASS,1519,S06_0train_T080,6,1,right_hand,True,0.0,1.9070204732149121e-13,5.61014822270262e-10,2941.8395352855673,True
1.0,ff7143dca8408a73233321fc7219358e48f2336bad0cb63f4e76f8988e77ecce,ca0178be9c5fd168509f48974d2b3e1bbc91b2ba4e8e9e320299fd98dcf765e8,0c9085a7366142fd489e5640b36c75720ff4acbc,discovery,0train,PASS,1520,S06_0train_T081,6,1,feet,True,0.0,1.9664773251058044e-13,5.721049574963126e-10,2909.288351268078,True
1.0,ff7143dca8408a73233321fc7219358e48f2336bad0cb63f4e76f8988e77ecce,ca0178be9c5fd168509f48974d2b3e1bbc91b2ba4e8e9e320299fd98dcf765e8,0c9085a7366142fd489e5640b36c75720ff4acbc,discovery,0train,PASS,1521,S06_0train_T082,6,1,feet,True,0.0,2.720920325840935e-13,9.719803421385583e-10,3572.2484517739613,True
1.0,ff7143dca8408a73233321fc7219358e48f2336bad0cb63f4e76f8988e77ecce,ca0178be9c5fd168509f48974d2b3e1bbc91b2ba4e8e9e320299fd98dcf765e8,0c9085a7366142fd489e5640b36c75720ff4acbc,discovery,0train,PASS,1522,S06_0train_T083,6,1,right_hand,True,0.0,2.639057792476598e-13,5.799300880614291e-10,2197.489155844516,True
1.0,ff7143dca8408a73233321fc7219358e48f2336bad0cb63f4e76f8988e77ecce,ca0178be9c5fd168509f48974d2b3e1bbc91b2ba4e8e9e320299fd98dcf765e8,0c9085a7366142fd489e5640b36c75720ff4acbc,discovery,0train,PASS,1523,S06_0train_T084,6,1,feet,True,0.0,2.0448424543886325e-13,5.764373999797607e-10,2818.9819648091375,True
1.0,ff7143dca8408a73233321fc7219358e48f2336bad0cb63f4e76f8988e77ecce,ca0178be9c5fd168509f48974d2b3e1bbc91b2ba4e8e9e320299fd98dcf765e8,0c9085a7366142fd489e5640b36c75720ff4acbc,discovery,0train,PASS,1524,S06_0train_T085,6,1,left_hand,True,0.0,1.814285578852856e-13,5.612631270293515e-10,3093.5765216423606,True
1.0,ff7143dca8408a73233321fc7219358e48f2336bad0cb63f4e76f8988e77ecce,ca0178be9c5fd168509f48974d2b3e1bbc91b2ba4e8e9e320299fd98dcf765e8,0c9085a7366142fd489e5640b36c75720ff4acbc,discovery,0train,PASS,1525,S06_0train_T086,6,1,feet,True,0.0,1.6401890638433677e-13,5.784578643535916e-10,3526.775523049289,True
1.0,ff7143dca8408a73233321fc7219358e48f2336bad0cb63f4e76f8988e77ecce,ca0178be9c5fd168509f48974d2b3e1bbc91b2ba4e8e9e320299fd98dcf765e8,0c9085a7366142fd489e5640b36c75720ff4acbc,discovery,0train,PASS,1526,S06_0train_T087,6,1,feet,True,0.0,2.0840957777863998e-13,4.699263560075377e-10,2254.821304358022,True
1.0,ff7143dca8408a73233321fc7219358e48f2336bad0cb63f4e76f8988e77ecce,ca0178be9c5fd168509f48974d2b3e1bbc91b2ba4e8e9e320299fd98dcf765e8,0c9085a7366142fd489e5640b36c75720ff4acbc,discovery,0train,PASS,1527,S06_0train_T088,6,1,right_hand,True,0.0,1.875521440453156e-13,6.238498650915114e-10,3326.2742383834297,True
1.0,ff7143dca8408a73233321fc7219358e48f2336bad0cb63f4e76f8988e77ecce,ca0178be9c5fd168509f48974d2b3e1bbc91b2ba4e8e9e320299fd98dcf765e8,0c9085a7366142fd489e5640b36c75720ff4acbc,discovery,0train,PASS,1528,S06_0train_T089,6,1,right_hand,True,0.0,1.8246969472096285e-13,5.315850143010326e-10,2913.2783672047326,True
1.0,ff7143dca8408a73233321fc7219358e48f2336bad0cb63f4e76f8988e77ecce,ca0178be9c5fd168509f48974d2b3e1bbc91b2ba4e8e9e320299fd98dcf765e8,0c9085a7366142fd489e5640b36c75720ff4acbc,discovery,0train,PASS,1529,S06_0train_T090,6,1,left_hand,True,0.0,1.7598180623127295e-13,5.453411734959523e-10,3098.849734382611,True
1.0,ff7143dca8408a73233321fc7219358e48f2336bad0cb63f4e76f8988e77ecce,ca0178be9c5fd168509f48974d2b3e1bbc91b2ba4e8e9e320299fd98dcf765e8,0c9085a7366142fd489e5640b36c75720ff4acbc,discovery,0train,PASS,1530,S06_0train_T091,6,1,right_hand,True,0.0,1.5434507282968656e-13,3.460856701480549e-10,2242.2851847687175,True
1.0,ff7143dca8408a73233321fc7219358e48f2336bad0cb63f4e76f8988e77ecce,ca0178be9c5fd168509f48974d2b3e1bbc91b2ba4e8e9e320299fd98dcf765e8,0c9085a7366142fd489e5640b36c75720ff4acbc,discovery,0train,PASS,1531,S06_0train_T092,6,1,left_hand,True,0.0,1.7535903529291592e-13,8.225837956602655e-10,4690.854932488876,True
1.0,ff7143dca8408a73233321fc7219358e48f2336bad0cb63f4e76f8988e77ecce,ca0178be9c5fd168509f48974d2b3e1bbc91b2ba4e8e9e320299fd98dcf765e8,0c9085a7366142fd489e5640b36c75720ff4acbc,discovery,0train,PASS,1532,S06_0train_T093,6,1,left_hand,True,0.0,2.283231098275101e-13,7.180350585591728e-10,3144.8198962497595,True
1.0,ff7143dca8408a73233321fc7219358e48f2336bad0cb63f4e76f8988e77ecce,ca0178be9c5fd168509f48974d2b3e1bbc91b2ba4e8e9e320299fd98dcf765e8,0c9085a7366142fd489e5640b36c75720ff4acbc,discovery,0train,PASS,1533,S06_0train_T094,6,1,tongue,True,0.0,2.517179449450364e-13,1.0798428117071649e-09,4289.892053357391,True
1.0,ff7143dca8408a73233321fc7219358e48f2336bad0cb63f4e76f8988e77ecce,ca0178be9c5fd168509f48974d2b3e1bbc91b2ba4e8e9e320299fd98dcf765e8,0c9085a7366142fd489e5640b36c75720ff4acbc,discovery,0train,PASS,1534,S06_0train_T095,6,1,tongue,True,0.0,1.6529858365119829e-13,5.063062886723936e-10,3062.9801991574614,True
1.0,ff7143dca8408a73233321fc7219358e48f2336bad0cb63f4e76f8988e77ecce,ca0178be9c5fd168509f48974d2b3e1bbc91b2ba4e8e9e320299fd98dcf765e8,0c9085a7366142fd489e5640b36c75720ff4acbc,discovery,0train,PASS,1535,S06_0train_T096,6,1,right_hand,True,0.0,1.666443922566536e-13,5.303577739196795e-10,3182.5719829975496,True
1.0,ff7143dca8408a73233321fc7219358e48f2336bad0cb63f4e76f8988e77ecce,ca0178be9c5fd168509f48974d2b3e1bbc91b2ba4e8e9e320299fd98dcf765e8,0c9085a7366142fd489e5640b36c75720ff4acbc,discovery,0train,PASS,1536,S06_0train_T097,6,2,right_hand,True,0.0,1.888361858400591e-13,6.426517262149333e-10,3403.223398926559,True
1.0,ff7143dca8408a73233321fc7219358e48f2336bad0cb63f4e76f8988e77ecce,ca0178be9c5fd168509f48974d2b3e1bbc91b2ba4e8e9e320299fd98dcf765e8,0c9085a7366142fd489e5640b36c75720ff4acbc,discovery,0train,PASS,1537,S06_0train_T098,6,2,tongue,True,0.0,2.547425848863177e-13,1.2830196820310512e-09,5036.5339686084135,True
1.0,ff7143dca8408a73233321fc7219358e48f2336bad0cb63f4e76f8988e77ecce,ca0178be9c5fd168509f48974d2b3e1bbc91b2ba4e8e9e320299fd98dcf765e8,0c9085a7366142fd489e5640b36c75720ff4acbc,discovery,0train,PASS,1538,S06_0train_T099,6,2,left_hand,True,0.0,2.1260988861330155e-13,6.958033942614246e-10,3272.676538234605,True
1.0,ff7143dca8408a73233321fc7219358e48f2336bad0cb63f4e76f8988e77ecce,ca0178be9c5fd168509f48974d2b3e1bbc91b2ba4e8e9e320299fd98dcf765e8,0c9085a7366142fd489e5640b36c75720ff4acbc,discovery,0train,PASS,1539,S06_0train_T100,6,2,tongue,True,0.0,2.563149288144292e-13,8.311701514898189e-10,3242.769179830263,True
1.0,ff7143dca8408a73233321fc7219358e48f2336bad0cb63f4e76f8988e77ecce,ca0178be9c5fd168509f48974d2b3e1bbc91b2ba4e8e9e320299fd98dcf765e8,0c9085a7366142fd489e5640b36c75720ff4acbc,discovery,0train,PASS,1540,S06_0train_T101,6,2,right_hand,True,0.0,1.790461779190054e-13,6.713994448946528e-10,3749.8675073554036,True
1.0,ff7143dca8408a73233321fc7219358e48f2336bad0cb63f4e76f8988e77ecce,ca0178be9c5fd168509f48974d2b3e1bbc91b2ba4e8e9e320299fd98dcf765e8,0c9085a7366142fd489e5640b36c75720ff4acbc,discovery,0train,PASS,1541,S06_0train_T102,6,2,tongue,True,0.0,2.63631629585436e-13,6.958264092795247e-10,2639.388947273589,True
1.0,ff7143dca8408a73233321fc7219358e48f2336bad0cb63f4e76f8988e77ecce,ca0178be9c5fd168509f48974d2b3e1bbc91b2ba4e8e9e320299fd98dcf765e8,0c9085a7366142fd489e5640b36c75720ff4acbc,discovery,0train,PASS,1542,S06_0train_T103,6,2,left_hand,True,0.0,1.9027874175827124e-13,6.019792607455512e-10,3163.670598107598,True
1.0,ff7143dca8408a73233321fc7219358e48f2336bad0cb63f4e76f8988e77ecce,ca0178be9c5fd168509f48974d2b3e1bbc91b2ba4e8e9e320299fd98dcf765e8,0c9085a7366142fd489e5640b36c75720ff4acbc,discovery,0train,PASS,1543,S06_0train_T104,6,2,right_hand,True,0.0,2.541946356100293e-13,7.796826110948479e-10,3067.266188461159,True
1.0,ff7143dca8408a73233321fc7219358e48f2336bad0cb63f4e76f8988e77ecce,ca0178be9c5fd168509f48974d2b3e1bbc91b2ba4e8e9e320299fd98dcf765e8,0c9085a7366142fd489e5640b36c75720ff4acbc,discovery,0train,PASS,1544,S06_0train_T105,6,2,tongue,True,0.0,2.4364828915306083e-13,7.930074715347253e-10,3254.7221008252386,True
1.0,ff7143dca8408a73233321fc7219358e48f2336bad0cb63f4e76f8988e77ecce,ca0178be9c5fd168509f48974d2b3e1bbc91b2ba4e8e9e320299fd98dcf765e8,0c9085a7366142fd489e5640b36c75720ff4acbc,discovery,0train,PASS,1545,S06_0train_T106,6,2,tongue,True,0.0,2.521035447035999e-13,7.65680751043095e-10,3037.1677317877934,True
1.0,ff7143dca8408a73233321fc7219358e48f2336bad0cb63f4e76f8988e77ecce,ca0178be9c5fd168509f48974d2b3e1bbc91b2ba4e8e9e320299fd98dcf765e8,0c9085a7366142fd489e5640b36c75720ff4acbc,discovery,0train,PASS,1546,S06_0train_T107,6,2,right_hand,True,0.0,2.6716204180120626e-13,9.930636805529712e-10,3717.0837363636565,True
1.0,ff7143dca8408a73233321fc7219358e48f2336bad0cb63f4e76f8988e77ecce,ca0178be9c5fd168509f48974d2b3e1bbc91b2ba4e8e9e320299fd98dcf765e8,0c9085a7366142fd489e5640b36c75720ff4acbc,discovery,0train,PASS,1547,S06_0train_T108,6,2,feet,True,0.0,2.428727199355687e-13,9.271838718087565e-10,3817.571080254413,True
1.0,ff7143dca8408a73233321fc7219358e48f2336bad0cb63f4e76f8988e77ecce,ca0178be9c5fd168509f48974d2b3e1bbc91b2ba4e8e9e320299fd98dcf765e8,0c9085a7366142fd489e5640b36c75720ff4acbc,discovery,0train,PASS,1548,S06_0train_T109,6,2,right_hand,True,0.0,1.817415582112821e-13,7.564069415239909e-10,4161.992166066038,True
1.0,ff7143dca8408a73233321fc7219358e48f2336bad0cb63f4e76f8988e77ecce,ca0178be9c5fd168509f48974d2b3e1bbc91b2ba4e8e9e320299fd98dcf765e8,0c9085a7366142fd489e5640b36c75720ff4acbc,discovery,0train,PASS,1549,S06_0train_T110,6,2,left_hand,True,0.0,2.0854429872990774e-13,7.571373145566193e-10,3630.5826587818233,True
1.0,ff7143dca8408a73233321fc7219358e48f2336bad0cb63f4e76f8988e77ecce,ca0178be9c5fd168509f48974d2b3e1bbc91b2ba4e8e9e320299fd98dcf765e8,0c9085a7366142fd489e5640b36c75720ff4acbc,discovery,0train,PASS,1550,S06_0train_T111,6,2,left_hand,True,0.0,2.1383217715132429e-13,6.864553496960807e-10,3210.2528199499716,True
1.0,ff7143dca8408a73233321fc7219358e48f2336bad0cb63f4e76f8988e77ecce,ca0178be9c5fd168509f48974d2b3e1bbc91b2ba4e8e9e320299fd98dcf765e8,0c9085a7366142fd489e5640b36c75720ff4acbc,discovery,0train,PASS,1551,S06_0train_T112,6,2,right_hand,True,0.0,2.028669284627041e-13,9.191975752785173e-10,4531.037080533836,True
1.0,ff7143dca8408a73233321fc7219358e48f2336bad0cb63f4e76f8988e77ecce,ca0178be9c5fd168509f48974d2b3e1bbc91b2ba4e8e9e320299fd98dcf765e8,0c9085a7366142fd489e5640b36c75720ff4acbc,discovery,0train,PASS,1552,S06_0train_T113,6,2,tongue,True,0.0,2.029069451007806e-13,7.565812446494296e-10,3728.7104405107866,True
1.0,ff7143dca8408a73233321fc7219358e48f2336bad0cb63f4e76f8988e77ecce,ca0178be9c5fd168509f48974d2b3e1bbc91b2ba4e8e9e320299fd98dcf765e8,0c9085a7366142fd489e5640b36c75720ff4acbc,discovery,0train,PASS,1553,S06_0train_T114,6,2,left_hand,True,0.0,2.571706277008645e-13,8.682399145410641e-10,3376.123946592309,True
1.0,ff7143dca8408a73233321fc7219358e48f2336bad0cb63f4e76f8988e77ecce,ca0178be9c5fd168509f48974d2b3e1bbc91b2ba4e8e9e320299fd98dcf765e8,0c9085a7366142fd489e5640b36c75720ff4acbc,discovery,0train,PASS,1554,S06_0train_T115,6,2,tongue,True,0.0,2.0171348615731873e-13,7.615424863101282e-10,3775.3672340786984,True
1.0,ff7143dca8408a73233321fc7219358e48f2336bad0cb63f4e76f8988e77ecce,ca0178be9c5fd168509f48974d2b3e1bbc91b2ba4e8e9e320299fd98dcf765e8,0c9085a7366142fd489e5640b36c75720ff4acbc,discovery,0train,PASS,1555,S06_0train_T116,6,2,right_hand,True,0.0,2.066749492408134e-13,7.533665372146674e-10,3645.175866654552,True
1.0,ff7143dca8408a73233321fc7219358e48f2336bad0cb63f4e76f8988e77ecce,ca0178be9c5fd168509f48974d2b3e1bbc91b2ba4e8e9e320299fd98dcf765e8,0c9085a7366142fd489e5640b36c75720ff4acbc,discovery,0train,PASS,1556,S06_0train_T117,6,2,left_hand,True,0.0,1.9272947629588738e-13,7.316461862513904e-10,3796.233976831508,True
1.0,ff7143dca8408a73233321fc7219358e48f2336bad0cb63f4e76f8988e77ecce,ca0178be9c5fd168509f48974d2b3e1bbc91b2ba4e8e9e320299fd98dcf765e8,0c9085a7366142fd489e5640b36c75720ff4acbc,discovery,0train,PASS,1557,S06_0train_T118,6,2,feet,True,0.0,2.496848116160282e-13,8.807486218136408e-10,3527.441721878057,True
1.0,ff7143dca8408a73233321fc7219358e48f2336bad0cb63f4e76f8988e77ecce,ca0178be9c5fd168509f48974d2b3e1bbc91b2ba4e8e9e320299fd98dcf765e8,0c9085a7366142fd489e5640b36c75720ff4acbc,discovery,0train,PASS,1558,S06_0train_T119,6,2,feet,True,0.0,1.847924515438958e-13,6.347911707970517e-10,3435.1574725781625,True
1.0,ff7143dca8408a73233321fc7219358e48f2336bad0cb63f4e76f8988e77ecce,ca0178be9c5fd168509f48974d2b3e1bbc91b2ba4e8e9e320299fd98dcf765e8,0c9085a7366142fd489e5640b36c75720ff4acbc,discovery,0train,PASS,1559,S06_0train_T120,6,2,left_hand,True,0.0,2.4537603191791597e-13,7.768846500154347e-10,3166.0983509396747,True
1.0,ff7143dca8408a73233321fc7219358e48f2336bad0cb63f4e76f8988e77ecce,ca0178be9c5fd168509f48974d2b3e1bbc91b2ba4e8e9e320299fd98dcf765e8,0c9085a7366142fd489e5640b36c75720ff4acbc,discovery,0train,PASS,1560,S06_0train_T121,6,2,right_hand,True,0.0,2.159958432157969e-13,6.586253666462205e-10,3049.250193153957,True
1.0,ff7143dca8408a73233321fc7219358e48f2336bad0cb63f4e76f8988e77ecce,ca0178be9c5fd168509f48974d2b3e1bbc91b2ba4e8e9e320299fd98dcf765e8,0c9085a7366142fd489e5640b36c75720ff4acbc,discovery,0train,PASS,1561,S06_0train_T122,6,2,tongue,True,0.0,2.2041240713571186e-13,1.0129150140887949e-09,4595.544448934424,True
1.0,ff7143dca8408a73233321fc7219358e48f2336bad0cb63f4e76f8988e77ecce,ca0178be9c5fd168509f48974d2b3e1bbc91b2ba4e8e9e320299fd98dcf765e8,0c9085a7366142fd489e5640b36c75720ff4acbc,discovery,0train,PASS,1562,S06_0train_T123,6,2,feet,True,0.0,2.184167639273939e-13,6.78670175649984e-10,3107.2256700753405,True
1.0,ff7143dca8408a73233321fc7219358e48f2336bad0cb63f4e76f8988e77ecce,ca0178be9c5fd168509f48974d2b3e1bbc91b2ba4e8e9e320299fd98dcf765e8,0c9085a7366142fd489e5640b36c75720ff4acbc,discovery,0train,PASS,1563,S06_0train_T124,6,2,feet,True,0.0,2.1631760498365945e-13,7.215546727416295e-10,3335.6262094161752,True
1.0,ff7143dca8408a73233321fc7219358e48f2336bad0cb63f4e76f8988e77ecce,ca0178be9c5fd168509f48974d2b3e1bbc91b2ba4e8e9e320299fd98dcf765e8,0c9085a7366142fd489e5640b36c75720ff4acbc,discovery,0train,PASS,1564,S06_0train_T125,6,2,feet,True,0.0,2.0683814452560354e-13,8.974118009402625e-10,4338.715196844052,True
1.0,ff7143dca8408a73233321fc7219358e48f2336bad0cb63f4e76f8988e77ecce,ca0178be9c5fd168509f48974d2b3e1bbc91b2ba4e8e9e320299fd98dcf765e8,0c9085a7366142fd489e5640b36c75720ff4acbc,discovery,0train,PASS,1565,S06_0train_T126,6,2,feet,True,0.0,3.7081563379119975e-13,1.2713078968742817e-09,3428.409648958152,True
1.0,ff7143dca8408a73233321fc7219358e48f2336bad0cb63f4e76f8988e77ecce,ca0178be9c5fd168509f48974d2b3e1bbc91b2ba4e8e9e320299fd98dcf765e8,0c9085a7366142fd489e5640b36c75720ff4acbc,discovery,0train,PASS,1566,S06_0train_T127,6,2,left_hand,True,0.0,2.2723432820592406e-13,6.346382902566665e-10,2792.8803507256407,True
1.0,ff7143dca8408a73233321fc7219358e48f2336bad0cb63f4e76f8988e77ecce,ca0178be9c5fd168509f48974d2b3e1bbc91b2ba4e8e9e320299fd98dcf765e8,0c9085a7366142fd489e5640b36c75720ff4acbc,discovery,0train,PASS,1567,S06_0train_T128,6,2,feet,True,0.0,2.3351296481728103e-13,9.716319392408577e-10,4160.933590994141,True
1.0,ff7143dca8408a73233321fc7219358e48f2336bad0cb63f4e76f8988e77ecce,ca0178be9c5fd168509f48974d2b3e1bbc91b2ba4e8e9e320299fd98dcf765e8,0c9085a7366142fd489e5640b36c75720ff4acbc,discovery,0train,PASS,1568,S06_0train_T129,6,2,tongue,True,0.0,2.2775985854121603e-13,7.054130922642234e-10,3097.1791815394454,True
1.0,ff7143dca8408a73233321fc7219358e48f2336bad0cb63f4e76f8988e77ecce,ca0178be9c5fd168509f48974d2b3e1bbc91b2ba4e8e9e320299fd98dcf765e8,0c9085a7366142fd489e5640b36c75720ff4acbc,discovery,0train,PASS,1569,S06_0train_T130,6,2,feet,True,0.0,2.8111049185997427e-13,1.1309997346416766e-09,4023.3280770076917,True
1.0,ff7143dca8408a73233321fc7219358e48f2336bad0cb63f4e76f8988e77ecce,ca0178be9c5fd168509f48974d2b3e1bbc91b2ba4e8e9e320299fd98dcf765e8,0c9085a7366142fd489e5640b36c75720ff4acbc,discovery,0train,PASS,1570,S06_0train_T131,6,2,left_hand,True,0.0,2.3689216843797924e-13,7.545825481630207e-10,3185.341892636599,True
1.0,ff7143dca8408a73233321fc7219358e48f2336bad0cb63f4e76f8988e77ecce,ca0178be9c5fd168509f48974d2b3e1bbc91b2ba4e8e9e320299fd98dcf765e8,0c9085a7366142fd489e5640b36c75720ff4acbc,discovery,0train,PASS,1571,S06_0train_T132,6,2,feet,True,0.0,2.163899927415326e-13,6.62813283056598e-10,3063.0496108398897,True
1.0,ff7143dca8408a73233321fc7219358e48f2336bad0cb63f4e76f8988e77ecce,ca0178be9c5fd168509f48974d2b3e1bbc91b2ba4e8e9e320299fd98dcf765e8,0c9085a7366142fd489e5640b36c75720ff4acbc,discovery,0train,PASS,1572,S06_0train_T133,6,2,left_hand,True,0.0,2.113086802568894e-13,9.351215734380639e-10,4425.381732076648,True
1.0,ff7143dca8408a73233321fc7219358e48f2336bad0cb63f4e76f8988e77ecce,ca0178be9c5fd168509f48974d2b3e1bbc91b2ba4e8e9e320299fd98dcf765e8,0c9085a7366142fd489e5640b36c75720ff4acbc,discovery,0train,PASS,1573,S06_0train_T134,6,2,tongue,True,0.0,2.6439746124861e-13,1.1723096344285722e-09,4433.891418216995,True
1.0,ff7143dca8408a73233321fc7219358e48f2336bad0cb63f4e76f8988e77ecce,ca0178be9c5fd168509f48974d2b3e1bbc91b2ba4e8e9e320299fd98dcf765e8,0c9085a7366142fd489e5640b36c75720ff4acbc,discovery,0train,PASS,1574,S06_0train_T135,6,2,left_hand,True,0.0,2.1246040687937006e-13,7.837587137989523e-10,3688.963630028026,True
1.0,ff7143dca8408a73233321fc7219358e48f2336bad0cb63f4e76f8988e77ecce,ca0178be9c5fd168509f48974d2b3e1bbc91b2ba4e8e9e320299fd98dcf765e8,0c9085a7366142fd489e5640b36c75720ff4acbc,discovery,0train,PASS,1575,S06_0train_T136,6,2,right_hand,True,0.0,2.0851944887538345e-13,6.709555928037718e-10,3217.712287378776,True
1.0,ff7143dca8408a73233321fc7219358e48f2336bad0cb63f4e76f8988e77ecce,ca0178be9c5fd168509f48974d2b3e1bbc91b2ba4e8e9e320299fd98dcf765e8,0c9085a7366142fd489e5640b36c75720ff4acbc,discovery,0train,PASS,1576,S06_0train_T137,6,2,feet,True,0.0,2.966957502934335e-13,1.4944176370177208e-09,5036.869033478689,True
1.0,ff7143dca8408a73233321fc7219358e48f2336bad0cb63f4e76f8988e77ecce,ca0178be9c5fd168509f48974d2b3e1bbc91b2ba4e8e9e320299fd98dcf765e8,0c9085a7366142fd489e5640b36c75720ff4acbc,discovery,0train,PASS,1577,S06_0train_T138,6,2,right_hand,True,0.0,2.4177707643923316e-13,8.737687436797971e-10,3613.9437061122912,True
1.0,ff7143dca8408a73233321fc7219358e48f2336bad0cb63f4e76f8988e77ecce,ca0178be9c5fd168509f48974d2b3e1bbc91b2ba4e8e9e320299fd98dcf765e8,0c9085a7366142fd489e5640b36c75720ff4acbc,discovery,0train,PASS,1578,S06_0train_T139,6,2,left_hand,True,0.0,2.4580022329537907e-13,1.4364026539751096e-09,5843.780915727562,True
1.0,ff7143dca8408a73233321fc7219358e48f2336bad0cb63f4e76f8988e77ecce,ca0178be9c5fd168509f48974d2b3e1bbc91b2ba4e8e9e320299fd98dcf765e8,0c9085a7366142fd489e5640b36c75720ff4acbc,discovery,0train,PASS,1579,S06_0train_T140,6,2,right_hand,True,0.0,2.696535483122163e-13,9.873160032390108e-10,3661.424110376825,True
1.0,ff7143dca8408a73233321fc7219358e48f2336bad0cb63f4e76f8988e77ecce,ca0178be9c5fd168509f48974d2b3e1bbc91b2ba4e8e9e320299fd98dcf765e8,0c9085a7366142fd489e5640b36c75720ff4acbc,discovery,0train,PASS,1580,S06_0train_T141,6,2,right_hand,True,0.0,2.588139854647256e-13,9.668260951241202e-10,3735.6022063030723,True
1.0,ff7143dca8408a73233321fc7219358e48f2336bad0cb63f4e76f8988e77ecce,ca0178be9c5fd168509f48974d2b3e1bbc91b2ba4e8e9e320299fd98dcf765e8,0c9085a7366142fd489e5640b36c75720ff4acbc,discovery,0train,PASS,1581,S06_0train_T142,6,2,tongue,True,0.0,2.3768024792620736e-13,8.945969350270309e-10,3763.867392568425,True
1.0,ff7143dca8408a73233321fc7219358e48f2336bad0cb63f4e76f8988e77ecce,ca0178be9c5fd168509f48974d2b3e1bbc91b2ba4e8e9e320299fd98dcf765e8,0c9085a7366142fd489e5640b36c75720ff4acbc,discovery,0train,PASS,1582,S06_0train_T143,6,2,feet,True,0.0,2.422021396147102e-13,7.674612405428541e-10,3168.680680375964,True
1.0,ff7143dca8408a73233321fc7219358e48f2336bad0cb63f4e76f8988e77ecce,ca0178be9c5fd168509f48974d2b3e1bbc91b2ba4e8e9e320299fd98dcf765e8,0c9085a7366142fd489e5640b36c75720ff4acbc,discovery,0train,PASS,1583,S06_0train_T144,6,2,tongue,True,0.0,1.9249239724392726e-13,6.482227210513207e-10,3367.523758509225,True
1.0,ff7143dca8408a73233321fc7219358e48f2336bad0cb63f4e76f8988e77ecce,ca0178be9c5fd168509f48974d2b3e1bbc91b2ba4e8e9e320299fd98dcf765e8,0c9085a7366142fd489e5640b36c75720ff4acbc,discovery,0train,PASS,1584,S06_0train_T145,6,3,left_hand,True,0.0,1.488123275718826e-13,7.157509367505248e-10,4809.755672995485,True
1.0,ff7143dca8408a73233321fc7219358e48f2336bad0cb63f4e76f8988e77ecce,ca0178be9c5fd168509f48974d2b3e1bbc91b2ba4e8e9e320299fd98dcf765e8,0c9085a7366142fd489e5640b36c75720ff4acbc,discovery,0train,PASS,1585,S06_0train_T146,6,3,left_hand,True,0.0,1.9294185570025727e-13,6.041362080483869e-10,3131.182738217964,True
1.0,ff7143dca8408a73233321fc7219358e48f2336bad0cb63f4e76f8988e77ecce,ca0178be9c5fd168509f48974d2b3e1bbc91b2ba4e8e9e320299fd98dcf765e8,0c9085a7366142fd489e5640b36c75720ff4acbc,discovery,0train,PASS,1586,S06_0train_T147,6,3,right_hand,True,0.0,1.6625546171907225e-13,6.813177555580753e-10,4098.01728324163,True
1.0,ff7143dca8408a73233321fc7219358e48f2336bad0cb63f4e76f8988e77ecce,ca0178be9c5fd168509f48974d2b3e1bbc91b2ba4e8e9e320299fd98dcf765e8,0c9085a7366142fd489e5640b36c75720ff4acbc,discovery,0train,PASS,1587,S06_0train_T148,6,3,tongue,True,0.0,3.222334863917882e-13,9.531695233831586e-10,2958.0089085596946,True
1.0,ff7143dca8408a73233321fc7219358e48f2336bad0cb63f4e76f8988e77ecce,ca0178be9c5fd168509f48974d2b3e1bbc91b2ba4e8e9e320299fd98dcf765e8,0c9085a7366142fd489e5640b36c75720ff4acbc,discovery,0train,PASS,1588,S06_0train_T149,6,3,left_hand,True,0.0,2.0882720217323082e-13,5.530373580679478e-10,2648.3013338903065,True
1.0,ff7143dca8408a73233321fc7219358e48f2336bad0cb63f4e76f8988e77ecce,ca0178be9c5fd168509f48974d2b3e1bbc91b2ba4e8e9e320299fd98dcf765e8,0c9085a7366142fd489e5640b36c75720ff4acbc,discovery,0train,PASS,1589,S06_0train_T150,6,3,tongue,True,0.0,3.149305960675846e-13,1.443909173784956e-09,4584.848826422349,True
1.0,ff7143dca8408a73233321fc7219358e48f2336bad0cb63f4e76f8988e77ecce,ca0178be9c5fd168509f48974d2b3e1bbc91b2ba4e8e9e320299fd98dcf765e8,0c9085a7366142fd489e5640b36c75720ff4acbc,discovery,0train,PASS,1590,S06_0train_T151,6,3,tongue,True,0.0,2.155877048004066e-13,6.321678741802641e-10,2932.300219836432,True
1.0,ff7143dca8408a73233321fc7219358e48f2336bad0cb63f4e76f8988e77ecce,ca0178be9c5fd168509f48974d2b3e1bbc91b2ba4e8e9e320299fd98dcf765e8,0c9085a7366142fd489e5640b36c75720ff4acbc,discovery,0train,PASS,1591,S06_0train_T152,6,3,tongue,True,0.0,2.903659283578993e-13,1.0777293020691852e-09,3711.6245289660756,True
1.0,ff7143dca8408a73233321fc7219358e48f2336bad0cb63f4e76f8988e77ecce,ca0178be9c5fd168509f48974d2b3e1bbc91b2ba4e8e9e320299fd98dcf765e8,0c9085a7366142fd489e5640b36c75720ff4acbc,discovery,0train,PASS,1592,S06_0train_T153,6,3,left_hand,True,0.0,2.0441156662877108e-13,9.534575840983508e-10,4664.401334147159,True
1.0,ff7143dca8408a73233321fc7219358e48f2336bad0cb63f4e76f8988e77ecce,ca0178be9c5fd168509f48974d2b3e1bbc91b2ba4e8e9e320299fd98dcf765e8,0c9085a7366142fd489e5640b36c75720ff4acbc,discovery,0train,PASS,1593,S06_0train_T154,6,3,feet,True,0.0,2.361726936312428e-13,5.975097404109766e-10,2529.96962190693,True
1.0,ff7143dca8408a73233321fc7219358e48f2336bad0cb63f4e76f8988e77ecce,ca0178be9c5fd168509f48974d2b3e1bbc91b2ba4e8e9e320299fd98dcf765e8,0c9085a7366142fd489e5640b36c75720ff4acbc,discovery,0train,PASS,1594,S06_0train_T155,6,3,tongue,True,0.0,2.5905747267228474e-13,8.55898947126534e-10,3303.8959976625383,True
1.0,ff7143dca8408a73233321fc7219358e48f2336bad0cb63f4e76f8988e77ecce,ca0178be9c5fd168509f48974d2b3e1bbc91b2ba4e8e9e320299fd98dcf765e8,0c9085a7366142fd489e5640b36c75720ff4acbc,discovery,0train,PASS,1595,S06_0train_T156,6,3,tongue,True,0.0,4.0070075538214893e-13,1.5657647814508483e-09,3907.5663332792474,True
1.0,ff7143dca8408a73233321fc7219358e48f2336bad0cb63f4e76f8988e77ecce,ca0178be9c5fd168509f48974d2b3e1bbc91b2ba4e8e9e320299fd98dcf765e8,0c9085a7366142fd489e5640b36c75720ff4acbc,discovery,0train,PASS,1596,S06_0train_T157,6,3,right_hand,True,0.0,1.814670855684127e-13,5.781548162052321e-10,3186.003755966362,True
1.0,ff7143dca8408a73233321fc7219358e48f2336bad0cb63f4e76f8988e77ecce,ca0178be9c5fd168509f48974d2b3e1bbc91b2ba4e8e9e320299fd98dcf765e8,0c9085a7366142fd489e5640b36c75720ff4acbc,discovery,0train,PASS,1597,S06_0train_T158,6,3,right_hand,True,0.0,1.8285151484793984e-13,5.745572582854828e-10,3142.2067176380096,True
1.0,ff7143dca8408a73233321fc7219358e48f2336bad0cb63f4e76f8988e77ecce,ca0178be9c5fd168509f48974d2b3e1bbc91b2ba4e8e9e320299fd98dcf765e8,0c9085a7366142fd489e5640b36c75720ff4acbc,discovery,0train,PASS,1598,S06_0train_T159,6,3,tongue,True,0.0,2.648321801026507e-13,8.171369478155372e-10,3085.489639132259,True
1.0,ff7143dca8408a73233321fc7219358e48f2336bad0cb63f4e76f8988e77ecce,ca0178be9c5fd168509f48974d2b3e1bbc91b2ba4e8e9e320299fd98dcf765e8,0c9085a7366142fd489e5640b36c75720ff4acbc,discovery,0train,PASS,1599,S06_0train_T160,6,3,left_hand,True,0.0,2.0535462551228708e-13,7.44224609451443e-10,3624.094697623032,True
1.0,ff7143dca8408a73233321fc7219358e48f2336bad0cb63f4e76f8988e77ecce,ca0178be9c5fd168509f48974d2b3e1bbc91b2ba4e8e9e320299fd98dcf765e8,0c9085a7366142fd489e5640b36c75720ff4acbc,discovery,0train,PASS,1600,S06_0train_T161,6,3,tongue,True,0.0,2.0563923853620296e-13,5.410303597990713e-10,2630.968504115631,True
1.0,ff7143dca8408a73233321fc7219358e48f2336bad0cb63f4e76f8988e77ecce,ca0178be9c5fd168509f48974d2b3e1bbc91b2ba4e8e9e320299fd98dcf765e8,0c9085a7366142fd489e5640b36c75720ff4acbc,discovery,0train,PASS,1601,S06_0train_T162,6,3,feet,True,0.0,3.209748334353587e-13,1.0836754088727333e-09,3376.2005490407873,True
1.0,ff7143dca8408a73233321fc7219358e48f2336bad0cb63f4e76f8988e77ecce,ca0178be9c5fd168509f48974d2b3e1bbc91b2ba4e8e9e320299fd98dcf765e8,0c9085a7366142fd489e5640b36c75720ff4acbc,discovery,0train,PASS,1602,S06_0train_T163,6,3,right_hand,True,0.0,2.0337992749109702e-13,5.783590916543146e-10,2843.7373284029336,True
1.0,ff7143dca8408a73233321fc7219358e48f2336bad0cb63f4e76f8988e77ecce,ca0178be9c5fd168509f48974d2b3e1bbc91b2ba4e8e9e320299fd98dcf765e8,0c9085a7366142fd489e5640b36c75720ff4acbc,discovery,0train,PASS,1603,S06_0train_T164,6,3,feet,True,0.0,2.860783404712817e-13,8.934616173018768e-10,3123.1361865075132,True
1.0,ff7143dca8408a73233321fc7219358e48f2336bad0cb63f4e76f8988e77ecce,ca0178be9c5fd168509f48974d2b3e1bbc91b2ba4e8e9e320299fd98dcf765e8,0c9085a7366142fd489e5640b36c75720ff4acbc,discovery,0train,PASS,1604,S06_0train_T165,6,3,right_hand,True,0.0,2.4514410324711587e-13,9.51423192463895e-10,3881.077210757214,True
1.0,ff7143dca8408a73233321fc7219358e48f2336bad0cb63f4e76f8988e77ecce,ca0178be9c5fd168509f48974d2b3e1bbc91b2ba4e8e9e320299fd98dcf765e8,0c9085a7366142fd489e5640b36c75720ff4acbc,discovery,0train,PASS,1605,S06_0train_T166,6,3,tongue,True,0.0,2.611372865464068e-13,9.96716769009403e-10,3816.83053458655,True
1.0,ff7143dca8408a73233321fc7219358e48f2336bad0cb63f4e76f8988e77ecce,ca0178be9c5fd168509f48974d2b3e1bbc91b2ba4e8e9e320299fd98dcf765e8,0c9085a7366142fd489e5640b36c75720ff4acbc,discovery,0train,PASS,1606,S06_0train_T167,6,3,left_hand,True,0.0,2.0078628769265828e-13,5.357820816725864e-10,2668.4196805944393,True
1.0,ff7143dca8408a73233321fc7219358e48f2336bad0cb63f4e76f8988e77ecce,ca0178be9c5fd168509f48974d2b3e1bbc91b2ba4e8e9e320299fd98dcf765e8,0c9085a7366142fd489e5640b36c75720ff4acbc,discovery,0train,PASS,1607,S06_0train_T168,6,3,left_hand,True,0.0,2.27329841883761e-13,8.12993544305327e-10,3576.2728622361396,True
1.0,ff7143dca8408a73233321fc7219358e48f2336bad0cb63f4e76f8988e77ecce,ca0178be9c5fd168509f48974d2b3e1bbc91b2ba4e8e9e320299fd98dcf765e8,0c9085a7366142fd489e5640b36c75720ff4acbc,discovery,0train,PASS,1608,S06_0train_T169,6,3,right_hand,True,0.0,3.0749393287865015e-13,9.672504097931878e-10,3145.591851969661,True
1.0,ff7143dca8408a73233321fc7219358e48f2336bad0cb63f4e76f8988e77ecce,ca0178be9c5fd168509f48974d2b3e1bbc91b2ba4e8e9e320299fd98dcf765e8,0c9085a7366142fd489e5640b36c75720ff4acbc,discovery,0train,PASS,1609,S06_0train_T170,6,3,feet,True,0.0,2.2183714000829377e-13,7.363231274039593e-10,3319.2058253925857,True
1.0,ff7143dca8408a73233321fc7219358e48f2336bad0cb63f4e76f8988e77ecce,ca0178be9c5fd168509f48974d2b3e1bbc91b2ba4e8e9e320299fd98dcf765e8,0c9085a7366142fd489e5640b36c75720ff4acbc,discovery,0train,PASS,1610,S06_0train_T171,6,3,left_hand,True,0.0,2.0333357844167207e-13,7.999791373931672e-10,3934.3188838957453,True
1.0,ff7143dca8408a73233321fc7219358e48f2336bad0cb63f4e76f8988e77ecce,ca0178be9c5fd168509f48974d2b3e1bbc91b2ba4e8e9e320299fd98dcf765e8,0c9085a7366142fd489e5640b36c75720ff4acbc,discovery,0train,PASS,1611,S06_0train_T172,6,3,tongue,True,0.0,2.523088515350758e-13,9.668417210389332e-10,3831.977020055214,True
1.0,ff7143dca8408a73233321fc7219358e48f2336bad0cb63f4e76f8988e77ecce,ca0178be9c5fd168509f48974d2b3e1bbc91b2ba4e8e9e320299fd98dcf765e8,0c9085a7366142fd489e5640b36c75720ff4acbc,discovery,0train,PASS,1612,S06_0train_T173,6,3,left_hand,True,0.0,2.0780086364888892e-13,6.932488482184179e-10,3336.1211115549886,True
1.0,ff7143dca8408a73233321fc7219358e48f2336bad0cb63f4e76f8988e77ecce,ca0178be9c5fd168509f48974d2b3e1bbc91b2ba4e8e9e320299fd98dcf765e8,0c9085a7366142fd489e5640b36c75720ff4acbc,discovery,0train,PASS,1613,S06_0train_T174,6,3,feet,True,0.0,2.6020770145320335e-13,6.670808933978189e-10,2563.6477693485526,True
1.0,ff7143dca8408a73233321fc7219358e48f2336bad0cb63f4e76f8988e77ecce,ca0178be9c5fd168509f48974d2b3e1bbc91b2ba4e8e9e320299fd98dcf765e8,0c9085a7366142fd489e5640b36c75720ff4acbc,discovery,0train,PASS,1614,S06_0train_T175,6,3,feet,True,0.0,2.612727778744355e-13,7.661249439762063e-10,2932.280010986818,True
1.0,ff7143dca8408a73233321fc7219358e48f2336bad0cb63f4e76f8988e77ecce,ca0178be9c5fd168509f48974d2b3e1bbc91b2ba4e8e9e320299fd98dcf765e8,0c9085a7366142fd489e5640b36c75720ff4acbc,discovery,0train,PASS,1615,S06_0train_T176,6,3,feet,True,0.0,2.1077960333678033e-13,6.075483126744221e-10,2882.3866401517557,True
1.0,ff7143dca8408a73233321fc7219358e48f2336bad0cb63f4e76f8988e77ecce,ca0178be9c5fd168509f48974d2b3e1bbc91b2ba4e8e9e320299fd98dcf765e8,0c9085a7366142fd489e5640b36c75720ff4acbc,discovery,0train,PASS,1616,S06_0train_T177,6,3,right_hand,True,0.0,2.4697177272437017e-13,8.332761925694778e-10,3373.973403427952,True
1.0,ff7143dca8408a73233321fc7219358e48f2336bad0cb63f4e76f8988e77ecce,ca0178be9c5fd168509f48974d2b3e1bbc91b2ba4e8e9e320299fd98dcf765e8,0c9085a7366142fd489e5640b36c75720ff4acbc,discovery,0train,PASS,1617,S06_0train_T178,6,3,right_hand,True,0.0,2.418232954925564e-13,1.0605605943874307e-09,4385.68415101297,True
1.0,ff7143dca8408a73233321fc7219358e48f2336bad0cb63f4e76f8988e77ecce,ca0178be9c5fd168509f48974d2b3e1bbc91b2ba4e8e9e320299fd98dcf765e8,0c9085a7366142fd489e5640b36c75720ff4acbc,discovery,0train,PASS,1618,S06_0train_T179,6,3,right_hand,True,0.0,2.1791298094083542e-13,7.635995406429048e-10,3504.1489375533174,True
1.0,ff7143dca8408a73233321fc7219358e48f2336bad0cb63f4e76f8988e77ecce,ca0178be9c5fd168509f48974d2b3e1bbc91b2ba4e8e9e320299fd98dcf765e8,0c9085a7366142fd489e5640b36c75720ff4acbc,discovery,0train,PASS,1619,S06_0train_T180,6,3,feet,True,0.0,2.1608636236832287e-13,5.676244348463956e-10,2626.840623467344,True
1.0,ff7143dca8408a73233321fc7219358e48f2336bad0cb63f4e76f8988e77ecce,ca0178be9c5fd168509f48974d2b3e1bbc91b2ba4e8e9e320299fd98dcf765e8,0c9085a7366142fd489e5640b36c75720ff4acbc,discovery,0train,PASS,1620,S06_0train_T181,6,3,left_hand,True,0.0,1.660697867448474e-13,5.527266427187794e-10,3328.2793550400506,True
1.0,ff7143dca8408a73233321fc7219358e48f2336bad0cb63f4e76f8988e77ecce,ca0178be9c5fd168509f48974d2b3e1bbc91b2ba4e8e9e320299fd98dcf765e8,0c9085a7366142fd489e5640b36c75720ff4acbc,discovery,0train,PASS,1621,S06_0train_T182,6,3,right_hand,True,0.0,2.1437061910762551e-13,6.301694846227742e-10,2939.6261821980156,True
1.0,ff7143dca8408a73233321fc7219358e48f2336bad0cb63f4e76f8988e77ecce,ca0178be9c5fd168509f48974d2b3e1bbc91b2ba4e8e9e320299fd98dcf765e8,0c9085a7366142fd489e5640b36c75720ff4acbc,discovery,0train,PASS,1622,S06_0train_T183,6,3,left_hand,True,0.0,2.0451425618766836e-13,4.891876940563263e-10,2391.9491148207935,True
1.0,ff7143dca8408a73233321fc7219358e48f2336bad0cb63f4e76f8988e77ecce,ca0178be9c5fd168509f48974d2b3e1bbc91b2ba4e8e9e320299fd98dcf765e8,0c9085a7366142fd489e5640b36c75720ff4acbc,discovery,0train,PASS,1623,S06_0train_T184,6,3,tongue,True,0.0,2.7088591358755937e-13,9.827817382846587e-10,3628.0282177426357,True
1.0,ff7143dca8408a73233321fc7219358e48f2336bad0cb63f4e76f8988e77ecce,ca0178be9c5fd168509f48974d2b3e1bbc91b2ba4e8e9e320299fd98dcf765e8,0c9085a7366142fd489e5640b36c75720ff4acbc,discovery,0train,PASS,1624,S06_0train_T185,6,3,tongue,True,0.0,1.813736521729863e-13,5.197403491548057e-10,2865.5780094183688,True
1.0,ff7143dca8408a73233321fc7219358e48f2336bad0cb63f4e76f8988e77ecce,ca0178be9c5fd168509f48974d2b3e1bbc91b2ba4e8e9e320299fd98dcf765e8,0c9085a7366142fd489e5640b36c75720ff4acbc,discovery,0train,PASS,1625,S06_0train_T186,6,3,feet,True,0.0,2.966797483612514e-13,1.09588522245326e-09,3693.832250116573,True
1.0,ff7143dca8408a73233321fc7219358e48f2336bad0cb63f4e76f8988e77ecce,ca0178be9c5fd168509f48974d2b3e1bbc91b2ba4e8e9e320299fd98dcf765e8,0c9085a7366142fd489e5640b36c75720ff4acbc,discovery,0train,PASS,1626,S06_0train_T187,6,3,feet,True,0.0,2.53518216361899e-13,9.730723174045093e-10,3838.273759450255,True
1.0,ff7143dca8408a73233321fc7219358e48f2336bad0cb63f4e76f8988e77ecce,ca0178be9c5fd168509f48974d2b3e1bbc91b2ba4e8e9e320299fd98dcf765e8,0c9085a7366142fd489e5640b36c75720ff4acbc,discovery,0train,PASS,1627,S06_0train_T188,6,3,right_hand,True,0.0,2.0313457863283405e-13,7.876373955609316e-10,3877.416641036714,True
1.0,ff7143dca8408a73233321fc7219358e48f2336bad0cb63f4e76f8988e77ecce,ca0178be9c5fd168509f48974d2b3e1bbc91b2ba4e8e9e320299fd98dcf765e8,0c9085a7366142fd489e5640b36c75720ff4acbc,discovery,0train,PASS,1628,S06_0train_T189,6,3,right_hand,True,0.0,2.478878453618147e-13,8.923392141508571e-10,3599.769939701591,True
1.0,ff7143dca8408a73233321fc7219358e48f2336bad0cb63f4e76f8988e77ecce,ca0178be9c5fd168509f48974d2b3e1bbc91b2ba4e8e9e320299fd98dcf765e8,0c9085a7366142fd489e5640b36c75720ff4acbc,discovery,0train,PASS,1629,S06_0train_T190,6,3,left_hand,True,0.0,2.1007418929139104e-13,9.536582367434456e-10,4539.625929107547,True
1.0,ff7143dca8408a73233321fc7219358e48f2336bad0cb63f4e76f8988e77ecce,ca0178be9c5fd168509f48974d2b3e1bbc91b2ba4e8e9e320299fd98dcf765e8,0c9085a7366142fd489e5640b36c75720ff4acbc,discovery,0train,PASS,1630,S06_0train_T191,6,3,feet,True,0.0,1.8677263656716643e-13,6.281044095646502e-10,3362.935926316882,True
1.0,ff7143dca8408a73233321fc7219358e48f2336bad0cb63f4e76f8988e77ecce,ca0178be9c5fd168509f48974d2b3e1bbc91b2ba4e8e9e320299fd98dcf765e8,0c9085a7366142fd489e5640b36c75720ff4acbc,discovery,0train,PASS,1631,S06_0train_T192,6,3,feet,True,0.0,1.9579811416006143e-13,8.128228317311942e-10,4151.331258822678,True
1.0,ff7143dca8408a73233321fc7219358e48f2336bad0cb63f4e76f8988e77ecce,ca0178be9c5fd168509f48974d2b3e1bbc91b2ba4e8e9e320299fd98dcf765e8,0c9085a7366142fd489e5640b36c75720ff4acbc,discovery,0train,PASS,1632,S06_0train_T193,6,4,tongue,True,0.0,2.0663049073350019e-13,6.983620770512939e-10,3379.762950628618,True
1.0,ff7143dca8408a73233321fc7219358e48f2336bad0cb63f4e76f8988e77ecce,ca0178be9c5fd168509f48974d2b3e1bbc91b2ba4e8e9e320299fd98dcf765e8,0c9085a7366142fd489e5640b36c75720ff4acbc,discovery,0train,PASS,1633,S06_0train_T194,6,4,left_hand,True,0.0,1.5588670273869988e-13,4.944322046605133e-10,3171.7407320449233,True
1.0,ff7143dca8408a73233321fc7219358e48f2336bad0cb63f4e76f8988e77ecce,ca0178be9c5fd168509f48974d2b3e1bbc91b2ba4e8e9e320299fd98dcf765e8,0c9085a7366142fd489e5640b36c75720ff4acbc,discovery,0train,PASS,1634,S06_0train_T195,6,4,feet,True,0.0,1.903649093008295e-13,6.18720955280447e-10,3250.183857691419,True
1.0,ff7143dca8408a73233321fc7219358e48f2336bad0cb63f4e76f8988e77ecce,ca0178be9c5fd168509f48974d2b3e1bbc91b2ba4e8e9e320299fd98dcf765e8,0c9085a7366142fd489e5640b36c75720ff4acbc,discovery,0train,PASS,1635,S06_0train_T196,6,4,tongue,True,0.0,1.8680209431769734e-13,5.933652932149846e-10,3176.4381196167888,True
1.0,ff7143dca8408a73233321fc7219358e48f2336bad0cb63f4e76f8988e77ecce,ca0178be9c5fd168509f48974d2b3e1bbc91b2ba4e8e9e320299fd98dcf765e8,0c9085a7366142fd489e5640b36c75720ff4acbc,discovery,0train,PASS,1636,S06_0train_T197,6,4,right_hand,True,0.0,1.8527851239462754e-13,7.002195397980856e-10,3779.2808823220544,True
1.0,ff7143dca8408a73233321fc7219358e48f2336bad0cb63f4e76f8988e77ecce,ca0178be9c5fd168509f48974d2b3e1bbc91b2ba4e8e9e320299fd98dcf765e8,0c9085a7366142fd489e5640b36c75720ff4acbc,discovery,0train,PASS,1637,S06_0train_T198,6,4,right_hand,True,0.0,2.439853269603663e-13,7.462400692121835e-10,3058.5448662386366,True
1.0,ff7143dca8408a73233321fc7219358e48f2336bad0cb63f4e76f8988e77ecce,ca0178be9c5fd168509f48974d2b3e1bbc91b2ba4e8e9e320299fd98dcf765e8,0c9085a7366142fd489e5640b36c75720ff4acbc,discovery,0train,PASS,1638,S06_0train_T199,6,4,feet,True,0.0,2.2612112878285958e-13,6.526998009587269e-10,2886.50514205377,True
1.0,ff7143dca8408a73233321fc7219358e48f2336bad0cb63f4e76f8988e77ecce,ca0178be9c5fd168509f48974d2b3e1bbc91b2ba4e8e9e320299fd98dcf765e8,0c9085a7366142fd489e5640b36c75720ff4acbc,discovery,0train,PASS,1639,S06_0train_T200,6,4,feet,True,0.0,1.8136598330354069e-13,5.58109048744559e-10,3077.2531793378666,True
1.0,ff7143dca8408a73233321fc7219358e48f2336bad0cb63f4e76f8988e77ecce,ca0178be9c5fd168509f48974d2b3e1bbc91b2ba4e8e9e320299fd98dcf765e8,0c9085a7366142fd489e5640b36c75720ff4acbc,discovery,0train,PASS,1640,S06_0train_T201,6,4,left_hand,True,0.0,2.1215569419085613e-13,6.586494095658688e-10,3104.5568306705222,True
1.0,ff7143dca8408a73233321fc7219358e48f2336bad0cb63f4e76f8988e77ecce,ca0178be9c5fd168509f48974d2b3e1bbc91b2ba4e8e9e320299fd98dcf765e8,0c9085a7366142fd489e5640b36c75720ff4acbc,discovery,0train,PASS,1641,S06_0train_T202,6,4,left_hand,True,0.0,2.1170968565163873e-13,5.947757774920476e-10,2809.393323982028,True
1.0,ff7143dca8408a73233321fc7219358e48f2336bad0cb63f4e76f8988e77ecce,ca0178be9c5fd168509f48974d2b3e1bbc91b2ba4e8e9e320299fd98dcf765e8,0c9085a7366142fd489e5640b36c75720ff4acbc,discovery,0train,PASS,1642,S06_0train_T203,6,4,right_hand,True,0.0,2.8542326465884843e-13,8.143413343992997e-10,2853.1007637819557,True
1.0,ff7143dca8408a73233321fc7219358e48f2336bad0cb63f4e76f8988e77ecce,ca0178be9c5fd168509f48974d2b3e1bbc91b2ba4e8e9e320299fd98dcf765e8,0c9085a7366142fd489e5640b36c75720ff4acbc,discovery,0train,PASS,1643,S06_0train_T204,6,4,right_hand,True,0.0,2.3340135588056836e-13,5.998256202843315e-10,2569.932029834748,True
1.0,ff7143dca8408a73233321fc7219358e48f2336bad0cb63f4e76f8988e77ecce,ca0178be9c5fd168509f48974d2b3e1bbc91b2ba4e8e9e320299fd98dcf765e8,0c9085a7366142fd489e5640b36c75720ff4acbc,discovery,0train,PASS,1644,S06_0train_T205,6,4,left_hand,True,0.0,1.8588956350803578e-13,6.546681107645871e-10,3521.8120824533894,True
1.0,ff7143dca8408a73233321fc7219358e48f2336bad0cb63f4e76f8988e77ecce,ca0178be9c5fd168509f48974d2b3e1bbc91b2ba4e8e9e320299fd98dcf765e8,0c9085a7366142fd489e5640b36c75720ff4acbc,discovery,0train,PASS,1645,S06_0train_T206,6,4,tongue,True,0.0,3.12596200817514e-13,8.413207518237603e-10,2691.397878872184,True
1.0,ff7143dca8408a73233321fc7219358e48f2336bad0cb63f4e76f8988e77ecce,ca0178be9c5fd168509f48974d2b3e1bbc91b2ba4e8e9e320299fd98dcf765e8,0c9085a7366142fd489e5640b36c75720ff4acbc,discovery,0train,PASS,1646,S06_0train_T207,6,4,left_hand,True,0.0,2.0466824946712378e-13,6.248375624518568e-10,3052.9286495520914,True
1.0,ff7143dca8408a73233321fc7219358e48f2336bad0cb63f4e76f8988e77ecce,ca0178be9c5fd168509f48974d2b3e1bbc91b2ba4e8e9e320299fd98dcf765e8,0c9085a7366142fd489e5640b36c75720ff4acbc,discovery,0train,PASS,1647,S06_0train_T208,6,4,right_hand,True,0.0,2.280736089752568e-13,7.664241053449834e-10,3360.42433312892,True
1.0,ff7143dca8408a73233321fc7219358e48f2336bad0cb63f4e76f8988e77ecce,ca0178be9c5fd168509f48974d2b3e1bbc91b2ba4e8e9e320299fd98dcf765e8,0c9085a7366142fd489e5640b36c75720ff4acbc,discovery,0train,PASS,1648,S06_0train_T209,6,4,feet,True,0.0,2.68819133579184e-13,8.580212805500749e-10,3191.816256253702,True
1.0,ff7143dca8408a73233321fc7219358e48f2336bad0cb63f4e76f8988e77ecce,ca0178be9c5fd168509f48974d2b3e1bbc91b2ba4e8e9e320299fd98dcf765e8,0c9085a7366142fd489e5640b36c75720ff4acbc,discovery,0train,PASS,1649,S06_0train_T210,6,4,left_hand,True,0.0,1.5264847128952098e-13,4.5791296553638527e-10,2999.7874310046896,True
1.0,ff7143dca8408a73233321fc7219358e48f2336bad0cb63f4e76f8988e77ecce,ca0178be9c5fd168509f48974d2b3e1bbc91b2ba4e8e9e320299fd98dcf765e8,0c9085a7366142fd489e5640b36c75720ff4acbc,discovery,0train,PASS,1650,S06_0train_T211,6,4,tongue,True,0.0,2.1816616293259229e-13,7.076562558798189e-10,3243.6572489862524,True
1.0,ff7143dca8408a73233321fc7219358e48f2336bad0cb63f4e76f8988e77ecce,ca0178be9c5fd168509f48974d2b3e1bbc91b2ba4e8e9e320299fd98dcf765e8,0c9085a7366142fd489e5640b36c75720ff4acbc,discovery,0train,PASS,1651,S06_0train_T212,6,4,right_hand,True,0.0,1.936429401341684e-13,6.289502259107524e-10,3247.9894463230876,True
1.0,ff7143dca8408a73233321fc7219358e48f2336bad0cb63f4e76f8988e77ecce,ca0178be9c5fd168509f48974d2b3e1bbc91b2ba4e8e9e320299fd98dcf765e8,0c9085a7366142fd489e5640b36c75720ff4acbc,discovery,0train,PASS,1652,S06_0train_T213,6,4,right_hand,True,0.0,2.298251188758454e-13,6.512909227228576e-10,2833.8543928903337,True
1.0,ff7143dca8408a73233321fc7219358e48f2336bad0cb63f4e76f8988e77ecce,ca0178be9c5fd168509f48974d2b3e1bbc91b2ba4e8e9e320299fd98dcf765e8,0c9085a7366142fd489e5640b36c75720ff4acbc,discovery,0train,PASS,1653,S06_0train_T214,6,4,right_hand,True,0.0,1.9300028237241659e-13,6.546204090368292e-10,3391.8106284096652,True
1.0,ff7143dca8408a73233321fc7219358e48f2336bad0cb63f4e76f8988e77ecce,ca0178be9c5fd168509f48974d2b3e1bbc91b2ba4e8e9e320299fd98dcf765e8,0c9085a7366142fd489e5640b36c75720ff4acbc,discovery,0train,PASS,1654,S06_0train_T215,6,4,left_hand,True,0.0,1.6588899417446355e-13,5.59581158558082e-10,3373.2265443093643,True
1.0,ff7143dca8408a73233321fc7219358e48f2336bad0cb63f4e76f8988e77ecce,ca0178be9c5fd168509f48974d2b3e1bbc91b2ba4e8e9e320299fd98dcf765e8,0c9085a7366142fd489e5640b36c75720ff4acbc,discovery,0train,PASS,1655,S06_0train_T216,6,4,right_hand,True,0.0,2.4403229196299037e-13,9.010339351343035e-10,3692.2733786025055,True
1.0,ff7143dca8408a73233321fc7219358e48f2336bad0cb63f4e76f8988e77ecce,ca0178be9c5fd168509f48974d2b3e1bbc91b2ba4e8e9e320299fd98dcf765e8,0c9085a7366142fd489e5640b36c75720ff4acbc,discovery,0train,PASS,1656,S06_0train_T217,6,4,right_hand,True,0.0,2.27381051640988e-13,7.853729052340632e-10,3453.994515224992,True
1.0,ff7143dca8408a73233321fc7219358e48f2336bad0cb63f4e76f8988e77ecce,ca0178be9c5fd168509f48974d2b3e1bbc91b2ba4e8e9e320299fd98dcf765e8,0c9085a7366142fd489e5640b36c75720ff4acbc,discovery,0train,PASS,1657,S06_0train_T218,6,4,left_hand,True,0.0,1.835543630747272e-13,6.123666282166832e-10,3336.1594786356636,True
1.0,ff7143dca8408a73233321fc7219358e48f2336bad0cb63f4e76f8988e77ecce,ca0178be9c5fd168509f48974d2b3e1bbc91b2ba4e8e9e320299fd98dcf765e8,0c9085a7366142fd489e5640b36c75720ff4acbc,discovery,0train,PASS,1658,S06_0train_T219,6,4,tongue,True,0.0,1.9247249975251777e-13,7.325217653633107e-10,3805.8515699915124,True
1.0,ff7143dca8408a73233321fc7219358e48f2336bad0cb63f4e76f8988e77ecce,ca0178be9c5fd168509f48974d2b3e1bbc91b2ba4e8e9e320299fd98dcf765e8,0c9085a7366142fd489e5640b36c75720ff4acbc,discovery,0train,PASS,1659,S06_0train_T220,6,4,tongue,True,0.0,2.1565973641719237e-13,6.855490686378732e-10,3178.845898761941,True
1.0,ff7143dca8408a73233321fc7219358e48f2336bad0cb63f4e76f8988e77ecce,ca0178be9c5fd168509f48974d2b3e1bbc91b2ba4e8e9e320299fd98dcf765e8,0c9085a7366142fd489e5640b36c75720ff4acbc,discovery,0train,PASS,1660,S06_0train_T221,6,4,tongue,True,0.0,1.6647101416684176e-13,4.501125587875859e-10,2703.8494421405453,True
1.0,ff7143dca8408a73233321fc7219358e48f2336bad0cb63f4e76f8988e77ecce,ca0178be9c5fd168509f48974d2b3e1bbc91b2ba4e8e9e320299fd98dcf765e8,0c9085a7366142fd489e5640b36c75720ff4acbc,discovery,0train,PASS,1661,S06_0train_T222,6,4,left_hand,True,0.0,2.289554350960632e-13,6.733836990762268e-10,2941.1125304524617,True
1.0,ff7143dca8408a73233321fc7219358e48f2336bad0cb63f4e76f8988e77ecce,ca0178be9c5fd168509f48974d2b3e1bbc91b2ba4e8e9e320299fd98dcf765e8,0c9085a7366142fd489e5640b36c75720ff4acbc,discovery,0train,PASS,1662,S06_0train_T223,6,4,left_hand,True,0.0,2.4847170482034254e-13,1.110538267465537e-09,4469.475783041419,True
1.0,ff7143dca8408a73233321fc7219358e48f2336bad0cb63f4e76f8988e77ecce,ca0178be9c5fd168509f48974d2b3e1bbc91b2ba4e8e9e320299fd98dcf765e8,0c9085a7366142fd489e5640b36c75720ff4acbc,discovery,0train,PASS,1663,S06_0train_T224,6,4,feet,True,0.0,2.6388661416689537e-13,8.881422054842483e-10,3365.620527165284,True
1.0,ff7143dca8408a73233321fc7219358e48f2336bad0cb63f4e76f8988e77ecce,ca0178be9c5fd168509f48974d2b3e1bbc91b2ba4e8e9e320299fd98dcf765e8,0c9085a7366142fd489e5640b36c75720ff4acbc,discovery,0train,PASS,1664,S06_0train_T225,6,4,tongue,True,0.0,2.4402770565836483e-13,8.956133661311103e-10,3670.1298474073915,True
1.0,ff7143dca8408a73233321fc7219358e48f2336bad0cb63f4e76f8988e77ecce,ca0178be9c5fd168509f48974d2b3e1bbc91b2ba4e8e9e320299fd98dcf765e8,0c9085a7366142fd489e5640b36c75720ff4acbc,discovery,0train,PASS,1665,S06_0train_T226,6,4,tongue,True,0.0,1.9204710746658494e-13,6.472252449109433e-10,3370.1379492193428,True
1.0,ff7143dca8408a73233321fc7219358e48f2336bad0cb63f4e76f8988e77ecce,ca0178be9c5fd168509f48974d2b3e1bbc91b2ba4e8e9e320299fd98dcf765e8,0c9085a7366142fd489e5640b36c75720ff4acbc,discovery,0train,PASS,1666,S06_0train_T227,6,4,feet,True,0.0,2.381873389969761e-13,7.478870566434265e-10,3139.9110456199405,True
1.0,ff7143dca8408a73233321fc7219358e48f2336bad0cb63f4e76f8988e77ecce,ca0178be9c5fd168509f48974d2b3e1bbc91b2ba4e8e9e320299fd98dcf765e8,0c9085a7366142fd489e5640b36c75720ff4acbc,discovery,0train,PASS,1667,S06_0train_T228,6,4,right_hand,True,0.0,1.7829506045023797e-13,4.985359522380997e-10,2796.128793356228,True
1.0,ff7143dca8408a73233321fc7219358e48f2336bad0cb63f4e76f8988e77ecce,ca0178be9c5fd168509f48974d2b3e1bbc91b2ba4e8e9e320299fd98dcf765e8,0c9085a7366142fd489e5640b36c75720ff4acbc,discovery,0train,PASS,1668,S06_0train_T229,6,4,feet,True,0.0,1.818680270634225e-13,5.397194283113027e-10,2967.6432797233097,True
1.0,ff7143dca8408a73233321fc7219358e48f2336bad0cb63f4e76f8988e77ecce,ca0178be9c5fd168509f48974d2b3e1bbc91b2ba4e8e9e320299fd98dcf765e8,0c9085a7366142fd489e5640b36c75720ff4acbc,discovery,0train,PASS,1669,S06_0train_T230,6,4,tongue,True,0.0,1.898771514137043e-13,6.942959753528535e-10,3656.55356731217,True
1.0,ff7143dca8408a73233321fc7219358e48f2336bad0cb63f4e76f8988e77ecce,ca0178be9c5fd168509f48974d2b3e1bbc91b2ba4e8e9e320299fd98dcf765e8,0c9085a7366142fd489e5640b36c75720ff4acbc,discovery,0train,PASS,1670,S06_0train_T231,6,4,tongue,True,0.0,2.0251161041557128e-13,9.617487451087978e-10,4749.104227333961,True
1.0,ff7143dca8408a73233321fc7219358e48f2336bad0cb63f4e76f8988e77ecce,ca0178be9c5fd168509f48974d2b3e1bbc91b2ba4e8e9e320299fd98dcf765e8,0c9085a7366142fd489e5640b36c75720ff4acbc,discovery,0train,PASS,1671,S06_0train_T232,6,4,left_hand,True,0.0,2.3123530896680015e-13,5.650765308748201e-10,2443.7294347462807,True
1.0,ff7143dca8408a73233321fc7219358e48f2336bad0cb63f4e76f8988e77ecce,ca0178be9c5fd168509f48974d2b3e1bbc91b2ba4e8e9e320299fd98dcf765e8,0c9085a7366142fd489e5640b36c75720ff4acbc,discovery,0train,PASS,1672,S06_0train_T233,6,4,feet,True,0.0,2.0828996718365328e-13,8.610151523968858e-10,4133.73319914978,True
1.0,ff7143dca8408a73233321fc7219358e48f2336bad0cb63f4e76f8988e77ecce,ca0178be9c5fd168509f48974d2b3e1bbc91b2ba4e8e9e320299fd98dcf765e8,0c9085a7366142fd489e5640b36c75720ff4acbc,discovery,0train,PASS,1673,S06_0train_T234,6,4,feet,True,0.0,1.892920904483524e-13,4.71788166198968e-10,2492.381826844971,True
1.0,ff7143dca8408a73233321fc7219358e48f2336bad0cb63f4e76f8988e77ecce,ca0178be9c5fd168509f48974d2b3e1bbc91b2ba4e8e9e320299fd98dcf765e8,0c9085a7366142fd489e5640b36c75720ff4acbc,discovery,0train,PASS,1674,S06_0train_T235,6,4,feet,True,0.0,2.39409378851498e-13,5.896678155448246e-10,2463.0105068297535,True
1.0,ff7143dca8408a73233321fc7219358e48f2336bad0cb63f4e76f8988e77ecce,ca0178be9c5fd168509f48974d2b3e1bbc91b2ba4e8e9e320299fd98dcf765e8,0c9085a7366142fd489e5640b36c75720ff4acbc,discovery,0train,PASS,1675,S06_0train_T236,6,4,feet,True,0.0,2.503284612615009e-13,7.349040636838711e-10,2935.7591221565795,True
1.0,ff7143dca8408a73233321fc7219358e48f2336bad0cb63f4e76f8988e77ecce,ca0178be9c5fd168509f48974d2b3e1bbc91b2ba4e8e9e320299fd98dcf765e8,0c9085a7366142fd489e5640b36c75720ff4acbc,discovery,0train,PASS,1676,S06_0train_T237,6,4,left_hand,True,0.0,1.585471233746015e-13,6.342097877980404e-10,4000.134308962415,True
1.0,ff7143dca8408a73233321fc7219358e48f2336bad0cb63f4e76f8988e77ecce,ca0178be9c5fd168509f48974d2b3e1bbc91b2ba4e8e9e320299fd98dcf765e8,0c9085a7366142fd489e5640b36c75720ff4acbc,discovery,0train,PASS,1677,S06_0train_T238,6,4,feet,True,0.0,2.2944225225435e-13,7.2324190232752e-10,3152.174001176403,True
1.0,ff7143dca8408a73233321fc7219358e48f2336bad0cb63f4e76f8988e77ecce,ca0178be9c5fd168509f48974d2b3e1bbc91b2ba4e8e9e320299fd98dcf765e8,0c9085a7366142fd489e5640b36c75720ff4acbc,discovery,0train,PASS,1678,S06_0train_T239,6,4,right_hand,True,0.0,1.7213342949807688e-13,5.280959817023219e-10,3067.945507401989,True
1.0,ff7143dca8408a73233321fc7219358e48f2336bad0cb63f4e76f8988e77ecce,ca0178be9c5fd168509f48974d2b3e1bbc91b2ba4e8e9e320299fd98dcf765e8,0c9085a7366142fd489e5640b36c75720ff4acbc,discovery,0train,PASS,1679,S06_0train_T240,6,4,tongue,True,0.0,2.3985923759335374e-13,1.0312757367968434e-09,4299.503938827741,True
1.0,ff7143dca8408a73233321fc7219358e48f2336bad0cb63f4e76f8988e77ecce,ca0178be9c5fd168509f48974d2b3e1bbc91b2ba4e8e9e320299fd98dcf765e8,0c9085a7366142fd489e5640b36c75720ff4acbc,discovery,0train,PASS,1680,S06_0train_T241,6,5,left_hand,True,0.0,1.355829859890912e-13,4.249199907592613e-10,3134.0214825586577,True
1.0,ff7143dca8408a73233321fc7219358e48f2336bad0cb63f4e76f8988e77ecce,ca0178be9c5fd168509f48974d2b3e1bbc91b2ba4e8e9e320299fd98dcf765e8,0c9085a7366142fd489e5640b36c75720ff4acbc,discovery,0train,PASS,1681,S06_0train_T242,6,5,left_hand,True,0.0,1.836602686566556e-13,3.797631010012369e-10,2067.7477158175484,True
1.0,ff7143dca8408a73233321fc7219358e48f2336bad0cb63f4e76f8988e77ecce,ca0178be9c5fd168509f48974d2b3e1bbc91b2ba4e8e9e320299fd98dcf765e8,0c9085a7366142fd489e5640b36c75720ff4acbc,discovery,0train,PASS,1682,S06_0train_T243,6,5,feet,True,0.0,2.6551770551850526e-13,6.563743189630645e-10,2472.054802075406,True
1.0,ff7143dca8408a73233321fc7219358e48f2336bad0cb63f4e76f8988e77ecce,ca0178be9c5fd168509f48974d2b3e1bbc91b2ba4e8e9e320299fd98dcf765e8,0c9085a7366142fd489e5640b36c75720ff4acbc,discovery,0train,PASS,1683,S06_0train_T244,6,5,feet,True,0.0,1.6418358627859418e-13,3.3978882426657396e-10,2069.5663431909984,True
1.0,ff7143dca8408a73233321fc7219358e48f2336bad0cb63f4e76f8988e77ecce,ca0178be9c5fd168509f48974d2b3e1bbc91b2ba4e8e9e320299fd98dcf765e8,0c9085a7366142fd489e5640b36c75720ff4acbc,discovery,0train,PASS,1684,S06_0train_T245,6,5,left_hand,True,0.0,2.1238847038746987e-13,4.852767013868001e-10,2284.8542602217904,True
1.0,ff7143dca8408a73233321fc7219358e48f2336bad0cb63f4e76f8988e77ecce,ca0178be9c5fd168509f48974d2b3e1bbc91b2ba4e8e9e320299fd98dcf765e8,0c9085a7366142fd489e5640b36c75720ff4acbc,discovery,0train,PASS,1685,S06_0train_T246,6,5,feet,True,0.0,2.5660809724133107e-13,9.923365312854829e-10,3867.128675804118,True
1.0,ff7143dca8408a73233321fc7219358e48f2336bad0cb63f4e76f8988e77ecce,ca0178be9c5fd168509f48974d2b3e1bbc91b2ba4e8e9e320299fd98dcf765e8,0c9085a7366142fd489e5640b36c75720ff4acbc,discovery,0train,PASS,1686,S06_0train_T247,6,5,feet,True,0.0,2.2556720755108782e-13,7.872137034357403e-10,3489.9297286262117,True
1.0,ff7143dca8408a73233321fc7219358e48f2336bad0cb63f4e76f8988e77ecce,ca0178be9c5fd168509f48974d2b3e1bbc91b2ba4e8e9e320299fd98dcf765e8,0c9085a7366142fd489e5640b36c75720ff4acbc,discovery,0train,PASS,1687,S06_0train_T248,6,5,tongue,True,0.0,3.172332681096236e-13,1.2843814549800592e-09,4048.69723353298,True
1.0,ff7143dca8408a73233321fc7219358e48f2336bad0cb63f4e76f8988e77ecce,ca0178be9c5fd168509f48974d2b3e1bbc91b2ba4e8e9e320299fd98dcf765e8,0c9085a7366142fd489e5640b36c75720ff4acbc,discovery,0train,PASS,1688,S06_0train_T249,6,5,right_hand,True,0.0,2.460540343778085e-13,8.134490315129333e-10,3305.9772158171854,True
1.0,ff7143dca8408a73233321fc7219358e48f2336bad0cb63f4e76f8988e77ecce,ca0178be9c5fd168509f48974d2b3e1bbc91b2ba4e8e9e320299fd98dcf765e8,0c9085a7366142fd489e5640b36c75720ff4acbc,discovery,0train,PASS,1689,S06_0train_T250,6,5,right_hand,True,0.0,2.2840155252107935e-13,8.227805647979581e-10,3602.342259569462,True
1.0,ff7143dca8408a73233321fc7219358e48f2336bad0cb63f4e76f8988e77ecce,ca0178be9c5fd168509f48974d2b3e1bbc91b2ba4e8e9e320299fd98dcf765e8,0c9085a7366142fd489e5640b36c75720ff4acbc,discovery,0train,PASS,1690,S06_0train_T251,6,5,tongue,True,0.0,2.1861388280096333e-13,5.292023754330616e-10,2420.7171504971307,True
1.0,ff7143dca8408a73233321fc7219358e48f2336bad0cb63f4e76f8988e77ecce,ca0178be9c5fd168509f48974d2b3e1bbc91b2ba4e8e9e320299fd98dcf765e8,0c9085a7366142fd489e5640b36c75720ff4acbc,discovery,0train,PASS,1691,S06_0train_T252,6,5,right_hand,True,0.0,1.6087332375041123e-13,4.193627694234816e-10,2606.7887431362255,True
1.0,ff7143dca8408a73233321fc7219358e48f2336bad0cb63f4e76f8988e77ecce,ca0178be9c5fd168509f48974d2b3e1bbc91b2ba4e8e9e320299fd98dcf765e8,0c9085a7366142fd489e5640b36c75720ff4acbc,discovery,0train,PASS,1692,S06_0train_T253,6,5,feet,True,0.0,1.9460559696917176e-13,6.29674332087284e-10,3235.6434855624075,True
1.0,ff7143dca8408a73233321fc7219358e48f2336bad0cb63f4e76f8988e77ecce,ca0178be9c5fd168509f48974d2b3e1bbc91b2ba4e8e9e320299fd98dcf765e8,0c9085a7366142fd489e5640b36c75720ff4acbc,discovery,0train,PASS,1693,S06_0train_T254,6,5,tongue,True,0.0,2.3558486174798117e-13,6.474494602584459e-10,2748.264279183865,True
1.0,ff7143dca8408a73233321fc7219358e48f2336bad0cb63f4e76f8988e77ecce,ca0178be9c5fd168509f48974d2b3e1bbc91b2ba4e8e9e320299fd98dcf765e8,0c9085a7366142fd489e5640b36c75720ff4acbc,discovery,0train,PASS,1694,S06_0train_T255,6,5,feet,True,0.0,2.4167335554757824e-13,8.826581760852028e-10,3652.2775714571226,True
1.0,ff7143dca8408a73233321fc7219358e48f2336bad0cb63f4e76f8988e77ecce,ca0178be9c5fd168509f48974d2b3e1bbc91b2ba4e8e9e320299fd98dcf765e8,0c9085a7366142fd489e5640b36c75720ff4acbc,discovery,0train,PASS,1695,S06_0train_T256,6,5,right_hand,True,0.0,1.8240561067149453e-13,5.6857770285752e-10,3117.106435292205,True
1.0,ff7143dca8408a73233321fc7219358e48f2336bad0cb63f4e76f8988e77ecce,ca0178be9c5fd168509f48974d2b3e1bbc91b2ba4e8e9e320299fd98dcf765e8,0c9085a7366142fd489e5640b36c75720ff4acbc,discovery,0train,PASS,1696,S06_0train_T257,6,5,left_hand,True,0.0,1.5207851628024922e-13,4.2494311475813994e-10,2794.2350119661724,True
1.0,ff7143dca8408a73233321fc7219358e48f2336bad0cb63f4e76f8988e77ecce,ca0178be9c5fd168509f48974d2b3e1bbc91b2ba4e8e9e320299fd98dcf765e8,0c9085a7366142fd489e5640b36c75720ff4acbc,discovery,0train,PASS,1697,S06_0train_T258,6,5,right_hand,True,0.0,2.4345788227253927e-13,6.623824370857185e-10,2720.727014064032,True
1.0,ff7143dca8408a73233321fc7219358e48f2336bad0cb63f4e76f8988e77ecce,ca0178be9c5fd168509f48974d2b3e1bbc91b2ba4e8e9e320299fd98dcf765e8,0c9085a7366142fd489e5640b36c75720ff4acbc,discovery,0train,PASS,1698,S06_0train_T259,6,5,tongue,True,0.0,1.910190981375842e-13,4.698299297607698e-10,2459.5966285128625,True
1.0,ff7143dca8408a73233321fc7219358e48f2336bad0cb63f4e76f8988e77ecce,ca0178be9c5fd168509f48974d2b3e1bbc91b2ba4e8e9e320299fd98dcf765e8,0c9085a7366142fd489e5640b36c75720ff4acbc,discovery,0train,PASS,1699,S06_0train_T260,6,5,left_hand,True,0.0,1.4799590587397198e-13,3.689206184844769e-10,2492.7758393440727,True
1.0,ff7143dca8408a73233321fc7219358e48f2336bad0cb63f4e76f8988e77ecce,ca0178be9c5fd168509f48974d2b3e1bbc91b2ba4e8e9e320299fd98dcf765e8,0c9085a7366142fd489e5640b36c75720ff4acbc,discovery,0train,PASS,1700,S06_0train_T261,6,5,feet,True,0.0,2.274830003005259e-13,5.57125942920342e-10,2449.088249162916,True
1.0,ff7143dca8408a73233321fc7219358e48f2336bad0cb63f4e76f8988e77ecce,ca0178be9c5fd168509f48974d2b3e1bbc91b2ba4e8e9e320299fd98dcf765e8,0c9085a7366142fd489e5640b36c75720ff4acbc,discovery,0train,PASS,1701,S06_0train_T262,6,5,right_hand,True,0.0,1.6785089829774457e-13,4.263970559871439e-10,2540.3322848518437,True
1.0,ff7143dca8408a73233321fc7219358e48f2336bad0cb63f4e76f8988e77ecce,ca0178be9c5fd168509f48974d2b3e1bbc91b2ba4e8e9e320299fd98dcf765e8,0c9085a7366142fd489e5640b36c75720ff4acbc,discovery,0train,PASS,1702,S06_0train_T263,6,5,feet,True,0.0,2.433664347307477e-13,7.676767970933678e-10,3154.40704854266,True
1.0,ff7143dca8408a73233321fc7219358e48f2336bad0cb63f4e76f8988e77ecce,ca0178be9c5fd168509f48974d2b3e1bbc91b2ba4e8e9e320299fd98dcf765e8,0c9085a7366142fd489e5640b36c75720ff4acbc,discovery,0train,PASS,1703,S06_0train_T264,6,5,tongue,True,0.0,1.8119032080726711e-13,6.920883282921314e-10,3819.67604675919,True
1.0,ff7143dca8408a73233321fc7219358e48f2336bad0cb63f4e76f8988e77ecce,ca0178be9c5fd168509f48974d2b3e1bbc91b2ba4e8e9e320299fd98dcf765e8,0c9085a7366142fd489e5640b36c75720ff4acbc,discovery,0train,PASS,1704,S06_0train_T265,6,5,left_hand,True,0.0,2.546975309860089e-13,8.411573582797634e-10,3302.573664626416,True
1.0,ff7143dca8408a73233321fc7219358e48f2336bad0cb63f4e76f8988e77ecce,ca0178be9c5fd168509f48974d2b3e1bbc91b2ba4e8e9e320299fd98dcf765e8,0c9085a7366142fd489e5640b36c75720ff4acbc,discovery,0train,PASS,1705,S06_0train_T266,6,5,left_hand,True,0.0,3.4323110670478094e-13,1.3290184986686375e-09,3872.080568186232,True
1.0,ff7143dca8408a73233321fc7219358e48f2336bad0cb63f4e76f8988e77ecce,ca0178be9c5fd168509f48974d2b3e1bbc91b2ba4e8e9e320299fd98dcf765e8,0c9085a7366142fd489e5640b36c75720ff4acbc,discovery,0train,PASS,1706,S06_0train_T267,6,5,right_hand,True,0.0,1.6340493099246517e-13,3.93922816883383e-10,2410.7156038121475,True
1.0,ff7143dca8408a73233321fc7219358e48f2336bad0cb63f4e76f8988e77ecce,ca0178be9c5fd168509f48974d2b3e1bbc91b2ba4e8e9e320299fd98dcf765e8,0c9085a7366142fd489e5640b36c75720ff4acbc,discovery,0train,PASS,1707,S06_0train_T268,6,5,tongue,True,0.0,2.0587049094537834e-13,5.453723492693399e-10,2649.1040399473195,True
1.0,ff7143dca8408a73233321fc7219358e48f2336bad0cb63f4e76f8988e77ecce,ca0178be9c5fd168509f48974d2b3e1bbc91b2ba4e8e9e320299fd98dcf765e8,0c9085a7366142fd489e5640b36c75720ff4acbc,discovery,0train,PASS,1708,S06_0train_T269,6,5,left_hand,True,0.0,2.3876631118296614e-13,8.641751807111303e-10,3619.334639085305,True
1.0,ff7143dca8408a73233321fc7219358e48f2336bad0cb63f4e76f8988e77ecce,ca0178be9c5fd168509f48974d2b3e1bbc91b2ba4e8e9e320299fd98dcf765e8,0c9085a7366142fd489e5640b36c75720ff4acbc,discovery,0train,PASS,1709,S06_0train_T270,6,5,tongue,True,0.0,2.0621218216125138e-13,9.175117854211525e-10,4449.357820692123,True
1.0,ff7143dca8408a73233321fc7219358e48f2336bad0cb63f4e76f8988e77ecce,ca0178be9c5fd168509f48974d2b3e1bbc91b2ba4e8e9e320299fd98dcf765e8,0c9085a7366142fd489e5640b36c75720ff4acbc,discovery,0train,PASS,1710,S06_0train_T271,6,5,right_hand,True,0.0,1.661252351108456e-13,5.679951557095002e-10,3419.078114956529,True
1.0,ff7143dca8408a73233321fc7219358e48f2336bad0cb63f4e76f8988e77ecce,ca0178be9c5fd168509f48974d2b3e1bbc91b2ba4e8e9e320299fd98dcf765e8,0c9085a7366142fd489e5640b36c75720ff4acbc,discovery,0train,PASS,1711,S06_0train_T272,6,5,right_hand,True,0.0,2.1558532216451896e-13,6.129529400304993e-10,2843.203488420879,True
1.0,ff7143dca8408a73233321fc7219358e48f2336bad0cb63f4e76f8988e77ecce,ca0178be9c5fd168509f48974d2b3e1bbc91b2ba4e8e9e320299fd98dcf765e8,0c9085a7366142fd489e5640b36c75720ff4acbc,discovery,0train,PASS,1712,S06_0train_T273,6,5,feet,True,0.0,1.811126152685303e-13,6.382304493356125e-10,3523.942539228022,True
1.0,ff7143dca8408a73233321fc7219358e48f2336bad0cb63f4e76f8988e77ecce,ca0178be9c5fd168509f48974d2b3e1bbc91b2ba4e8e9e320299fd98dcf765e8,0c9085a7366142fd489e5640b36c75720ff4acbc,discovery,0train,PASS,1713,S06_0train_T274,6,5,feet,True,0.0,2.0584896618831902e-13,8.715025536650281e-10,4233.698958039664,True
1.0,ff7143dca8408a73233321fc7219358e48f2336bad0cb63f4e76f8988e77ecce,ca0178be9c5fd168509f48974d2b3e1bbc91b2ba4e8e9e320299fd98dcf765e8,0c9085a7366142fd489e5640b36c75720ff4acbc,discovery,0train,PASS,1714,S06_0train_T275,6,5,tongue,True,0.0,2.611042846006181e-13,9.254058408740727e-10,3544.200135549526,True
1.0,ff7143dca8408a73233321fc7219358e48f2336bad0cb63f4e76f8988e77ecce,ca0178be9c5fd168509f48974d2b3e1bbc91b2ba4e8e9e320299fd98dcf765e8,0c9085a7366142fd489e5640b36c75720ff4acbc,discovery,0train,PASS,1715,S06_0train_T276,6,5,tongue,True,0.0,1.947393500449012e-13,6.634175691159465e-10,3406.69499494058,True
1.0,ff7143dca8408a73233321fc7219358e48f2336bad0cb63f4e76f8988e77ecce,ca0178be9c5fd168509f48974d2b3e1bbc91b2ba4e8e9e320299fd98dcf765e8,0c9085a7366142fd489e5640b36c75720ff4acbc,discovery,0train,PASS,1716,S06_0train_T277,6,5,feet,True,0.0,1.9701638023536148e-13,4.985074904580204e-10,2530.2844863076302,True
1.0,ff7143dca8408a73233321fc7219358e48f2336bad0cb63f4e76f8988e77ecce,ca0178be9c5fd168509f48974d2b3e1bbc91b2ba4e8e9e320299fd98dcf765e8,0c9085a7366142fd489e5640b36c75720ff4acbc,discovery,0train,PASS,1717,S06_0train_T278,6,5,left_hand,True,0.0,1.7113682790382708e-13,5.378070286478296e-10,3142.555785538215,True
1.0,ff7143dca8408a73233321fc7219358e48f2336bad0cb63f4e76f8988e77ecce,ca0178be9c5fd168509f48974d2b3e1bbc91b2ba4e8e9e320299fd98dcf765e8,0c9085a7366142fd489e5640b36c75720ff4acbc,discovery,0train,PASS,1718,S06_0train_T279,6,5,left_hand,True,0.0,1.7503546167348643e-13,4.316598579808954e-10,2466.1280283084557,True
1.0,ff7143dca8408a73233321fc7219358e48f2336bad0cb63f4e76f8988e77ecce,ca0178be9c5fd168509f48974d2b3e1bbc91b2ba4e8e9e320299fd98dcf765e8,0c9085a7366142fd489e5640b36c75720ff4acbc,discovery,0train,PASS,1719,S06_0train_T280,6,5,right_hand,True,0.0,1.7378739764439487e-13,7.104061888996633e-10,4087.788864606293,True
1.0,ff7143dca8408a73233321fc7219358e48f2336bad0cb63f4e76f8988e77ecce,ca0178be9c5fd168509f48974d2b3e1bbc91b2ba4e8e9e320299fd98dcf765e8,0c9085a7366142fd489e5640b36c75720ff4acbc,discovery,0train,PASS,1720,S06_0train_T281,6,5,left_hand,True,0.0,3.4365946708098103e-13,1.672144401763878e-09,4865.7015503368875,True
1.0,ff7143dca8408a73233321fc7219358e48f2336bad0cb63f4e76f8988e77ecce,ca0178be9c5fd168509f48974d2b3e1bbc91b2ba4e8e9e320299fd98dcf765e8,0c9085a7366142fd489e5640b36c75720ff4acbc,discovery,0train,PASS,1721,S06_0train_T282,6,5,tongue,True,0.0,2.053190677897584e-13,5.991244382397109e-10,2918.0165519414854,True
1.0,ff7143dca8408a73233321fc7219358e48f2336bad0cb63f4e76f8988e77ecce,ca0178be9c5fd168509f48974d2b3e1bbc91b2ba4e8e9e320299fd98dcf765e8,0c9085a7366142fd489e5640b36c75720ff4acbc,discovery,0train,PASS,1722,S06_0train_T283,6,5,right_hand,True,0.0,1.7412411163625435e-13,5.430301979583983e-10,3118.638727603616,True
1.0,ff7143dca8408a73233321fc7219358e48f2336bad0cb63f4e76f8988e77ecce,ca0178be9c5fd168509f48974d2b3e1bbc91b2ba4e8e9e320299fd98dcf765e8,0c9085a7366142fd489e5640b36c75720ff4acbc,discovery,0train,PASS,1723,S06_0train_T284,6,5,tongue,True,0.0,1.9246967637877427e-13,6.453324231315461e-10,3352.9043913470928,True
1.0,ff7143dca8408a73233321fc7219358e48f2336bad0cb63f4e76f8988e77ecce,ca0178be9c5fd168509f48974d2b3e1bbc91b2ba4e8e9e320299fd98dcf765e8,0c9085a7366142fd489e5640b36c75720ff4acbc,discovery,0train,PASS,1724,S06_0train_T285,6,5,tongue,True,0.0,2.685818347289451e-13,1.3276469344317676e-09,4943.174715340073,True
1.0,ff7143dca8408a73233321fc7219358e48f2336bad0cb63f4e76f8988e77ecce,ca0178be9c5fd168509f48974d2b3e1bbc91b2ba4e8e9e320299fd98dcf765e8,0c9085a7366142fd489e5640b36c75720ff4acbc,discovery,0train,PASS,1725,S06_0train_T286,6,5,left_hand,True,0.0,1.7827985263699667e-13,6.499035925741979e-10,3645.4124398312956,True
1.0,ff7143dca8408a73233321fc7219358e48f2336bad0cb63f4e76f8988e77ecce,ca0178be9c5fd168509f48974d2b3e1bbc91b2ba4e8e9e320299fd98dcf765e8,0c9085a7366142fd489e5640b36c75720ff4acbc,discovery,0train,PASS,1726,S06_0train_T287,6,5,right_hand,True,0.0,2.5394938690855404e-13,6.568949185902973e-10,2586.7159066103277,True
1.0,ff7143dca8408a73233321fc7219358e48f2336bad0cb63f4e76f8988e77ecce,ca0178be9c5fd168509f48974d2b3e1bbc91b2ba4e8e9e320299fd98dcf765e8,0c9085a7366142fd489e5640b36c75720ff4acbc,discovery,0train,PASS,1727,S06_0train_T288,6,5,feet,True,0.0,3.384214319746291e-13,9.30332658755961e-10,2749.035879103858,True
1.0,ff7143dca8408a73233321fc7219358e48f2336bad0cb63f4e76f8988e77ecce,ca0178be9c5fd168509f48974d2b3e1bbc91b2ba4e8e9e320299fd98dcf765e8,0c9085a7366142fd489e5640b36c75720ff4acbc,discovery,0train,PASS,1728,S07_0train_T001,7,0,left_hand,True,0.0,6.928858316664738e-14,2.0880470591707913e-10,3013.5513871726703,True
1.0,ff7143dca8408a73233321fc7219358e48f2336bad0cb63f4e76f8988e77ecce,ca0178be9c5fd168509f48974d2b3e1bbc91b2ba4e8e9e320299fd98dcf765e8,0c9085a7366142fd489e5640b36c75720ff4acbc,discovery,0train,PASS,1729,S07_0train_T002,7,0,right_hand,True,0.0,7.216599166902822e-14,2.41168603978455e-10,3341.859488116178,True
1.0,ff7143dca8408a73233321fc7219358e48f2336bad0cb63f4e76f8988e77ecce,ca0178be9c5fd168509f48974d2b3e1bbc91b2ba4e8e9e320299fd98dcf765e8,0c9085a7366142fd489e5640b36c75720ff4acbc,discovery,0train,PASS,1730,S07_0train_T003,7,0,right_hand,True,0.0,9.284253414792895e-14,3.9186774254994334e-10,4220.778182611518,True
1.0,ff7143dca8408a73233321fc7219358e48f2336bad0cb63f4e76f8988e77ecce,ca0178be9c5fd168509f48974d2b3e1bbc91b2ba4e8e9e320299fd98dcf765e8,0c9085a7366142fd489e5640b36c75720ff4acbc,discovery,0train,PASS,1731,S07_0train_T004,7,0,left_hand,True,0.0,7.542059028053962e-14,2.628517578690094e-10,3485.145858594953,True
1.0,ff7143dca8408a73233321fc7219358e48f2336bad0cb63f4e76f8988e77ecce,ca0178be9c5fd168509f48974d2b3e1bbc91b2ba4e8e9e320299fd98dcf765e8,0c9085a7366142fd489e5640b36c75720ff4acbc,discovery,0train,PASS,1732,S07_0train_T005,7,0,right_hand,True,0.0,7.784875605173451e-14,2.659602859778988e-10,3416.371686159693,True
1.0,ff7143dca8408a73233321fc7219358e48f2336bad0cb63f4e76f8988e77ecce,ca0178be9c5fd168509f48974d2b3e1bbc91b2ba4e8e9e320299fd98dcf765e8,0c9085a7366142fd489e5640b36c75720ff4acbc,discovery,0train,PASS,1733,S07_0train_T006,7,0,left_hand,True,0.0,6.862527326342616e-14,2.1276512499733537e-10,3100.3902043582616,True
1.0,ff7143dca8408a73233321fc7219358e48f2336bad0cb63f4e76f8988e77ecce,ca0178be9c5fd168509f48974d2b3e1bbc91b2ba4e8e9e320299fd98dcf765e8,0c9085a7366142fd489e5640b36c75720ff4acbc,discovery,0train,PASS,1734,S07_0train_T007,7,0,right_hand,True,0.0,7.674523182970278e-14,2.4258860540676697e-10,3160.9599661522902,True
1.0,ff7143dca8408a73233321fc7219358e48f2336bad0cb63f4e76f8988e77ecce,ca0178be9c5fd168509f48974d2b3e1bbc91b2ba4e8e9e320299fd98dcf765e8,0c9085a7366142fd489e5640b36c75720ff4acbc,discovery,0train,PASS,1735,S07_0train_T008,7,0,feet,True,0.0,6.99392079203886e-14,2.3085693676990064e-10,3300.822866519789,True
1.0,ff7143dca8408a73233321fc7219358e48f2336bad0cb63f4e76f8988e77ecce,ca0178be9c5fd168509f48974d2b3e1bbc91b2ba4e8e9e320299fd98dcf765e8,0c9085a7366142fd489e5640b36c75720ff4acbc,discovery,0train,PASS,1736,S07_0train_T009,7,0,right_hand,True,0.0,8.306070036814801e-14,3.469399227386576e-10,4176.944345531929,True
1.0,ff7143dca8408a73233321fc7219358e48f2336bad0cb63f4e76f8988e77ecce,ca0178be9c5fd168509f48974d2b3e1bbc91b2ba4e8e9e320299fd98dcf765e8,0c9085a7366142fd489e5640b36c75720ff4acbc,discovery,0train,PASS,1737,S07_0train_T010,7,0,tongue,True,0.0,8.979139944957915e-14,2.5114572350887283e-10,2796.99085935173,True
1.0,ff7143dca8408a73233321fc7219358e48f2336bad0cb63f4e76f8988e77ecce,ca0178be9c5fd168509f48974d2b3e1bbc91b2ba4e8e9e320299fd98dcf765e8,0c9085a7366142fd489e5640b36c75720ff4acbc,discovery,0train,PASS,1738,S07_0train_T011,7,0,left_hand,True,0.0,9.331163621434721e-14,3.328151726396477e-10,3566.7059987581206,True
1.0,ff7143dca8408a73233321fc7219358e48f2336bad0cb63f4e76f8988e77ecce,ca0178be9c5fd168509f48974d2b3e1bbc91b2ba4e8e9e320299fd98dcf765e8,0c9085a7366142fd489e5640b36c75720ff4acbc,discovery,0train,PASS,1739,S07_0train_T012,7,0,feet,True,0.0,7.437979632331148e-14,2.325525826750062e-10,3126.55578759795,True
1.0,ff7143dca8408a73233321fc7219358e48f2336bad0cb63f4e76f8988e77ecce,ca0178be9c5fd168509f48974d2b3e1bbc91b2ba4e8e9e320299fd98dcf765e8,0c9085a7366142fd489e5640b36c75720ff4acbc,discovery,0train,PASS,1740,S07_0train_T013,7,0,right_hand,True,0.0,7.207281017868563e-14,2.5821785416270816e-10,3582.736034886453,True
1.0,ff7143dca8408a73233321fc7219358e48f2336bad0cb63f4e76f8988e77ecce,ca0178be9c5fd168509f48974d2b3e1bbc91b2ba4e8e9e320299fd98dcf765e8,0c9085a7366142fd489e5640b36c75720ff4acbc,discovery,0train,PASS,1741,S07_0train_T014,7,0,left_hand,True,0.0,1.0464589519446656e-13,4.708298503027971e-10,4499.2672615379715,True
1.0,ff7143dca8408a73233321fc7219358e48f2336bad0cb63f4e76f8988e77ecce,ca0178be9c5fd168509f48974d2b3e1bbc91b2ba4e8e9e320299fd98dcf765e8,0c9085a7366142fd489e5640b36c75720ff4acbc,discovery,0train,PASS,1742,S07_0train_T015,7,0,tongue,True,0.0,8.25484183414969e-14,2.573022739197613e-10,3116.9861166245514,True
1.0,ff7143dca8408a73233321fc7219358e48f2336bad0cb63f4e76f8988e77ecce,ca0178be9c5fd168509f48974d2b3e1bbc91b2ba4e8e9e320299fd98dcf765e8,0c9085a7366142fd489e5640b36c75720ff4acbc,discovery,0train,PASS,1743,S07_0train_T016,7,0,tongue,True,0.0,9.504622139939674e-14,3.822712918202028e-10,4021.9514904632397,True
1.0,ff7143dca8408a73233321fc7219358e48f2336bad0cb63f4e76f8988e77ecce,ca0178be9c5fd168509f48974d2b3e1bbc91b2ba4e8e9e320299fd98dcf765e8,0c9085a7366142fd489e5640b36c75720ff4acbc,discovery,0train,PASS,1744,S07_0train_T017,7,0,tongue,True,0.0,9.189155122222328e-14,2.930053184484823e-10,3188.5991100520364,True
1.0,ff7143dca8408a73233321fc7219358e48f2336bad0cb63f4e76f8988e77ecce,ca0178be9c5fd168509f48974d2b3e1bbc91b2ba4e8e9e320299fd98dcf765e8,0c9085a7366142fd489e5640b36c75720ff4acbc,discovery,0train,PASS,1745,S07_0train_T018,7,0,tongue,True,0.0,8.582890048310886e-14,2.781247777206045e-10,3240.4560253610553,True
1.0,ff7143dca8408a73233321fc7219358e48f2336bad0cb63f4e76f8988e77ecce,ca0178be9c5fd168509f48974d2b3e1bbc91b2ba4e8e9e320299fd98dcf765e8,0c9085a7366142fd489e5640b36c75720ff4acbc,discovery,0train,PASS,1746,S07_0train_T019,7,0,tongue,True,0.0,1.0062025472130572e-13,4.0997408872807064e-10,4074.4688021671363,True
1.0,ff7143dca8408a73233321fc7219358e48f2336bad0cb63f4e76f8988e77ecce,ca0178be9c5fd168509f48974d2b3e1bbc91b2ba4e8e9e320299fd98dcf765e8,0c9085a7366142fd489e5640b36c75720ff4acbc,discovery,0train,PASS,1747,S07_0train_T020,7,0,left_hand,True,0.0,6.605788747898705e-14,2.2726569363860824e-10,3440.402082353924,True
1.0,ff7143dca8408a73233321fc7219358e48f2336bad0cb63f4e76f8988e77ecce,ca0178be9c5fd168509f48974d2b3e1bbc91b2ba4e8e9e320299fd98dcf765e8,0c9085a7366142fd489e5640b36c75720ff4acbc,discovery,0train,PASS,1748,S07_0train_T021,7,0,feet,True,0.0,8.66986395620051e-14,3.000609234175195e-10,3460.964611825564,True
1.0,ff7143dca8408a73233321fc7219358e48f2336bad0cb63f4e76f8988e77ecce,ca0178be9c5fd168509f48974d2b3e1bbc91b2ba4e8e9e320299fd98dcf765e8,0c9085a7366142fd489e5640b36c75720ff4acbc,discovery,0train,PASS,1749,S07_0train_T022,7,0,right_hand,True,0.0,9.260258100311936e-14,3.857144520143189e-10,4165.266754296254,True
1.0,ff7143dca8408a73233321fc7219358e48f2336bad0cb63f4e76f8988e77ecce,ca0178be9c5fd168509f48974d2b3e1bbc91b2ba4e8e9e320299fd98dcf765e8,0c9085a7366142fd489e5640b36c75720ff4acbc,discovery,0train,PASS,1750,S07_0train_T023,7,0,left_hand,True,0.0,7.733067197718532e-14,2.8950228030300764e-10,3743.692805209539,True
1.0,ff7143dca8408a73233321fc7219358e48f2336bad0cb63f4e76f8988e77ecce,ca0178be9c5fd168509f48974d2b3e1bbc91b2ba4e8e9e320299fd98dcf765e8,0c9085a7366142fd489e5640b36c75720ff4acbc,discovery,0train,PASS,1751,S07_0train_T024,7,0,left_hand,True,0.0,7.660566582108e-14,3.027482166339549e-10,3952.034270429199,True
1.0,ff7143dca8408a73233321fc7219358e48f2336bad0cb63f4e76f8988e77ecce,ca0178be9c5fd168509f48974d2b3e1bbc91b2ba4e8e9e320299fd98dcf765e8,0c9085a7366142fd489e5640b36c75720ff4acbc,discovery,0train,PASS,1752,S07_0train_T025,7,0,feet,True,0.0,8.214681009817115e-14,2.5481304490036784e-10,3101.9225773447383,True
1.0,ff7143dca8408a73233321fc7219358e48f2336bad0cb63f4e76f8988e77ecce,ca0178be9c5fd168509f48974d2b3e1bbc91b2ba4e8e9e320299fd98dcf765e8,0c9085a7366142fd489e5640b36c75720ff4acbc,discovery,0train,PASS,1753,S07_0train_T026,7,0,tongue,True,0.0,9.064376151494037e-14,3.4450150142305057e-10,3800.6090619514734,True
1.0,ff7143dca8408a73233321fc7219358e48f2336bad0cb63f4e76f8988e77ecce,ca0178be9c5fd168509f48974d2b3e1bbc91b2ba4e8e9e320299fd98dcf765e8,0c9085a7366142fd489e5640b36c75720ff4acbc,discovery,0train,PASS,1754,S07_0train_T027,7,0,left_hand,True,0.0,7.757194998355924e-14,3.017141856175561e-10,3889.475328150215,True
1.0,ff7143dca8408a73233321fc7219358e48f2336bad0cb63f4e76f8988e77ecce,ca0178be9c5fd168509f48974d2b3e1bbc91b2ba4e8e9e320299fd98dcf765e8,0c9085a7366142fd489e5640b36c75720ff4acbc,discovery,0train,PASS,1755,S07_0train_T028,7,0,feet,True,0.0,7.782057889500344e-14,2.572864495269345e-10,3306.1492625757614,True
1.0,ff7143dca8408a73233321fc7219358e48f2336bad0cb63f4e76f8988e77ecce,ca0178be9c5fd168509f48974d2b3e1bbc91b2ba4e8e9e320299fd98dcf765e8,0c9085a7366142fd489e5640b36c75720ff4acbc,discovery,0train,PASS,1756,S07_0train_T029,7,0,feet,True,0.0,7.436858351959746e-14,2.69361348992819e-10,3621.9776718194107,True
1.0,ff7143dca8408a73233321fc7219358e48f2336bad0cb63f4e76f8988e77ecce,ca0178be9c5fd168509f48974d2b3e1bbc91b2ba4e8e9e320299fd98dcf765e8,0c9085a7366142fd489e5640b36c75720ff4acbc,discovery,0train,PASS,1757,S07_0train_T030,7,0,feet,True,0.0,8.22008582902284e-14,2.7250231493410195e-10,3315.0787060151115,True
1.0,ff7143dca8408a73233321fc7219358e48f2336bad0cb63f4e76f8988e77ecce,ca0178be9c5fd168509f48974d2b3e1bbc91b2ba4e8e9e320299fd98dcf765e8,0c9085a7366142fd489e5640b36c75720ff4acbc,discovery,0train,PASS,1758,S07_0train_T031,7,0,left_hand,True,0.0,7.210866439130034e-14,2.1418758470269377e-10,2970.3446390352888,True
1.0,ff7143dca8408a73233321fc7219358e48f2336bad0cb63f4e76f8988e77ecce,ca0178be9c5fd168509f48974d2b3e1bbc91b2ba4e8e9e320299fd98dcf765e8,0c9085a7366142fd489e5640b36c75720ff4acbc,discovery,0train,PASS,1759,S07_0train_T032,7,0,right_hand,True,0.0,7.79759434639351e-14,2.721377176304317e-10,3490.021480231259,True
1.0,ff7143dca8408a73233321fc7219358e48f2336bad0cb63f4e76f8988e77ecce,ca0178be9c5fd168509f48974d2b3e1bbc91b2ba4e8e9e320299fd98dcf765e8,0c9085a7366142fd489e5640b36c75720ff4acbc,discovery,0train,PASS,1760,S07_0train_T033,7,0,left_hand,True,0.0,1.015899125064857e-13,2.9621734727162066e-10,2915.814572167385,True
1.0,ff7143dca8408a73233321fc7219358e48f2336bad0cb63f4e76f8988e77ecce,ca0178be9c5fd168509f48974d2b3e1bbc91b2ba4e8e9e320299fd98dcf765e8,0c9085a7366142fd489e5640b36c75720ff4acbc,discovery,0train,PASS,1761,S07_0train_T034,7,0,right_hand,True,0.0,8.200805132135596e-14,2.777884164173197e-10,3387.3310234964697,True
1.0,ff7143dca8408a73233321fc7219358e48f2336bad0cb63f4e76f8988e77ecce,ca0178be9c5fd168509f48974d2b3e1bbc91b2ba4e8e9e320299fd98dcf765e8,0c9085a7366142fd489e5640b36c75720ff4acbc,discovery,0train,PASS,1762,S07_0train_T035,7,0,right_hand,True,0.0,9.420933484458152e-14,3.227935087768783e-10,3426.34314645566,True
1.0,ff7143dca8408a73233321fc7219358e48f2336bad0cb63f4e76f8988e77ecce,ca0178be9c5fd168509f48974d2b3e1bbc91b2ba4e8e9e320299fd98dcf765e8,0c9085a7366142fd489e5640b36c75720ff4acbc,discovery,0train,PASS,1763,S07_0train_T036,7,0,left_hand,True,0.0,6.876286496250392e-14,2.1832540872770113e-10,3175.0481723929474,True
1.0,ff7143dca8408a73233321fc7219358e48f2336bad0cb63f4e76f8988e77ecce,ca0178be9c5fd168509f48974d2b3e1bbc91b2ba4e8e9e320299fd98dcf765e8,0c9085a7366142fd489e5640b36c75720ff4acbc,discovery,0train,PASS,1764,S07_0train_T037,7,0,right_hand,True,0.0,7.805317697773572e-14,2.9181784715885087e-10,3738.705565336443,True
1.0,ff7143dca8408a73233321fc7219358e48f2336bad0cb63f4e76f8988e77ecce,ca0178be9c5fd168509f48974d2b3e1bbc91b2ba4e8e9e320299fd98dcf765e8,0c9085a7366142fd489e5640b36c75720ff4acbc,discovery,0train,PASS,1765,S07_0train_T038,7,0,feet,True,0.0,8.061807172943004e-14,2.9660827051775584e-10,3679.178429288547,True
1.0,ff7143dca8408a73233321fc7219358e48f2336bad0cb63f4e76f8988e77ecce,ca0178be9c5fd168509f48974d2b3e1bbc91b2ba4e8e9e320299fd98dcf765e8,0c9085a7366142fd489e5640b36c75720ff4acbc,discovery,0train,PASS,1766,S07_0train_T039,7,0,right_hand,True,0.0,1.0890383835938342e-13,5.532250069151429e-10,5079.940388230363,True
1.0,ff7143dca8408a73233321fc7219358e48f2336bad0cb63f4e76f8988e77ecce,ca0178be9c5fd168509f48974d2b3e1bbc91b2ba4e8e9e320299fd98dcf765e8,0c9085a7366142fd489e5640b36c75720ff4acbc,discovery,0train,PASS,1767,S07_0train_T040,7,0,feet,True,0.0,7.880517948909476e-14,2.68545361420845e-10,3407.712071235203,True
1.0,ff7143dca8408a73233321fc7219358e48f2336bad0cb63f4e76f8988e77ecce,ca0178be9c5fd168509f48974d2b3e1bbc91b2ba4e8e9e320299fd98dcf765e8,0c9085a7366142fd489e5640b36c75720ff4acbc,discovery,0train,PASS,1768,S07_0train_T041,7,0,feet,True,0.0,7.184347824036135e-14,2.2025655539727363e-10,3065.783572732625,True
1.0,ff7143dca8408a73233321fc7219358e48f2336bad0cb63f4e76f8988e77ecce,ca0178be9c5fd168509f48974d2b3e1bbc91b2ba4e8e9e320299fd98dcf765e8,0c9085a7366142fd489e5640b36c75720ff4acbc,discovery,0train,PASS,1769,S07_0train_T042,7,0,tongue,True,0.0,9.344926133980487e-14,3.346234650677713e-10,3580.803746013537,True
1.0,ff7143dca8408a73233321fc7219358e48f2336bad0cb63f4e76f8988e77ecce,ca0178be9c5fd168509f48974d2b3e1bbc91b2ba4e8e9e320299fd98dcf765e8,0c9085a7366142fd489e5640b36c75720ff4acbc,discovery,0train,PASS,1770,S07_0train_T043,7,0,feet,True,0.0,9.144289707205914e-14,3.6598939888717346e-10,4002.3819302090274,True
1.0,ff7143dca8408a73233321fc7219358e48f2336bad0cb63f4e76f8988e77ecce,ca0178be9c5fd168509f48974d2b3e1bbc91b2ba4e8e9e320299fd98dcf765e8,0c9085a7366142fd489e5640b36c75720ff4acbc,discovery,0train,PASS,1771,S07_0train_T044,7,0,feet,True,0.0,1.0269294865831657e-13,3.8906458459956647e-10,3788.6202478621512,True
1.0,ff7143dca8408a73233321fc7219358e48f2336bad0cb63f4e76f8988e77ecce,ca0178be9c5fd168509f48974d2b3e1bbc91b2ba4e8e9e320299fd98dcf765e8,0c9085a7366142fd489e5640b36c75720ff4acbc,discovery,0train,PASS,1772,S07_0train_T045,7,0,tongue,True,0.0,9.741027780938754e-14,3.06011306426906e-10,3141.468367698417,True
1.0,ff7143dca8408a73233321fc7219358e48f2336bad0cb63f4e76f8988e77ecce,ca0178be9c5fd168509f48974d2b3e1bbc91b2ba4e8e9e320299fd98dcf765e8,0c9085a7366142fd489e5640b36c75720ff4acbc,discovery,0train,PASS,1773,S07_0train_T046,7,0,tongue,True,0.0,1.0368790268119665e-13,4.009815963414882e-10,3867.1974837254033,True
1.0,ff7143dca8408a73233321fc7219358e48f2336bad0cb63f4e76f8988e77ecce,ca0178be9c5fd168509f48974d2b3e1bbc91b2ba4e8e9e320299fd98dcf765e8,0c9085a7366142fd489e5640b36c75720ff4acbc,discovery,0train,PASS,1774,S07_0train_T047,7,0,tongue,True,0.0,1.0061498789288248e-13,3.341142984792515e-10,3320.7209529753054,True
1.0,ff7143dca8408a73233321fc7219358e48f2336bad0cb63f4e76f8988e77ecce,ca0178be9c5fd168509f48974d2b3e1bbc91b2ba4e8e9e320299fd98dcf765e8,0c9085a7366142fd489e5640b36c75720ff4acbc,discovery,0train,PASS,1775,S07_0train_T048,7,0,tongue,True,0.0,9.008396201960279e-14,3.1012570338737106e-10,3442.6294807047443,True
1.0,ff7143dca8408a73233321fc7219358e48f2336bad0cb63f4e76f8988e77ecce,ca0178be9c5fd168509f48974d2b3e1bbc91b2ba4e8e9e320299fd98dcf765e8,0c9085a7366142fd489e5640b36c75720ff4acbc,discovery,0train,PASS,1776,S07_0train_T049,7,1,tongue,True,0.0,7.249020960378178e-14,2.4790646976155187e-10,3419.8614008231357,True
1.0,ff7143dca8408a73233321fc7219358e48f2336bad0cb63f4e76f8988e77ecce,ca0178be9c5fd168509f48974d2b3e1bbc91b2ba4e8e9e320299fd98dcf765e8,0c9085a7366142fd489e5640b36c75720ff4acbc,discovery,0train,PASS,1777,S07_0train_T050,7,1,feet,True,0.0,7.625047735110277e-14,2.626714507204755e-10,3444.8499189189224,True
1.0,ff7143dca8408a73233321fc7219358e48f2336bad0cb63f4e76f8988e77ecce,ca0178be9c5fd168509f48974d2b3e1bbc91b2ba4e8e9e320299fd98dcf765e8,0c9085a7366142fd489e5640b36c75720ff4acbc,discovery,0train,PASS,1778,S07_0train_T051,7,1,right_hand,True,0.0,7.840634733180047e-14,2.809227553182306e-10,3582.9083343140564,True
1.0,ff7143dca8408a73233321fc7219358e48f2336bad0cb63f4e76f8988e77ecce,ca0178be9c5fd168509f48974d2b3e1bbc91b2ba4e8e9e320299fd98dcf765e8,0c9085a7366142fd489e5640b36c75720ff4acbc,discovery,0train,PASS,1779,S07_0train_T052,7,1,left_hand,True,0.0,6.07826127689893e-14,1.9502599805763704e-10,3208.582013393432,True
1.0,ff7143dca8408a73233321fc7219358e48f2336bad0cb63f4e76f8988e77ecce,ca0178be9c5fd168509f48974d2b3e1bbc91b2ba4e8e9e320299fd98dcf765e8,0c9085a7366142fd489e5640b36c75720ff4acbc,discovery,0train,PASS,1780,S07_0train_T053,7,1,left_hand,True,0.0,8.74242648081705e-14,2.7493796317157817e-10,3144.8701773455805,True
1.0,ff7143dca8408a73233321fc7219358e48f2336bad0cb63f4e76f8988e77ecce,ca0178be9c5fd168509f48974d2b3e1bbc91b2ba4e8e9e320299fd98dcf765e8,0c9085a7366142fd489e5640b36c75720ff4acbc,discovery,0train,PASS,1781,S07_0train_T054,7,1,right_hand,True,0.0,7.992220138603321e-14,2.7775550766473e-10,3475.323537738152,True
1.0,ff7143dca8408a73233321fc7219358e48f2336bad0cb63f4e76f8988e77ecce,ca0178be9c5fd168509f48974d2b3e1bbc91b2ba4e8e9e320299fd98dcf765e8,0c9085a7366142fd489e5640b36c75720ff4acbc,discovery,0train,PASS,1782,S07_0train_T055,7,1,feet,True,0.0,8.405637763696312e-14,2.2688229147303984e-10,2699.168080415473,True
1.0,ff7143dca8408a73233321fc7219358e48f2336bad0cb63f4e76f8988e77ecce,ca0178be9c5fd168509f48974d2b3e1bbc91b2ba4e8e9e320299fd98dcf765e8,0c9085a7366142fd489e5640b36c75720ff4acbc,discovery,0train,PASS,1783,S07_0train_T056,7,1,tongue,True,0.0,1.1581932610215788e-13,4.5771543569178705e-10,3951.9780601042467,True
1.0,ff7143dca8408a73233321fc7219358e48f2336bad0cb63f4e76f8988e77ecce,ca0178be9c5fd168509f48974d2b3e1bbc91b2ba4e8e9e320299fd98dcf765e8,0c9085a7366142fd489e5640b36c75720ff4acbc,discovery,0train,PASS,1784,S07_0train_T057,7,1,right_hand,True,0.0,7.522323844497891e-14,2.3552526712589606e-10,3131.017382323523,True
1.0,ff7143dca8408a73233321fc7219358e48f2336bad0cb63f4e76f8988e77ecce,ca0178be9c5fd168509f48974d2b3e1bbc91b2ba4e8e9e320299fd98dcf765e8,0c9085a7366142fd489e5640b36c75720ff4acbc,discovery,0train,PASS,1785,S07_0train_T058,7,1,feet,True,0.0,7.349225147580031e-14,2.1907582122810795e-10,2980.9376747730435,True
1.0,ff7143dca8408a73233321fc7219358e48f2336bad0cb63f4e76f8988e77ecce,ca0178be9c5fd168509f48974d2b3e1bbc91b2ba4e8e9e320299fd98dcf765e8,0c9085a7366142fd489e5640b36c75720ff4acbc,discovery,0train,PASS,1786,S07_0train_T059,7,1,left_hand,True,0.0,9.153541209054268e-14,3.4937908004323427e-10,3816.8734052089517,True
1.0,ff7143dca8408a73233321fc7219358e48f2336bad0cb63f4e76f8988e77ecce,ca0178be9c5fd168509f48974d2b3e1bbc91b2ba4e8e9e320299fd98dcf765e8,0c9085a7366142fd489e5640b36c75720ff4acbc,discovery,0train,PASS,1787,S07_0train_T060,7,1,left_hand,True,0.0,8.388711479934017e-14,3.1825068561555117e-10,3793.7970137227135,True
1.0,ff7143dca8408a73233321fc7219358e48f2336bad0cb63f4e76f8988e77ecce,ca0178be9c5fd168509f48974d2b3e1bbc91b2ba4e8e9e320299fd98dcf765e8,0c9085a7366142fd489e5640b36c75720ff4acbc,discovery,0train,PASS,1788,S07_0train_T061,7,1,left_hand,True,0.0,8.136968873697979e-14,3.0814411476771834e-10,3786.9644034619146,True
1.0,ff7143dca8408a73233321fc7219358e48f2336bad0cb63f4e76f8988e77ecce,ca0178be9c5fd168509f48974d2b3e1bbc91b2ba4e8e9e320299fd98dcf765e8,0c9085a7366142fd489e5640b36c75720ff4acbc,discovery,0train,PASS,1789,S07_0train_T062,7,1,tongue,True,0.0,1.0811435159321644e-13,3.751897966256249e-10,3470.305200897731,True
1.0,ff7143dca8408a73233321fc7219358e48f2336bad0cb63f4e76f8988e77ecce,ca0178be9c5fd168509f48974d2b3e1bbc91b2ba4e8e9e320299fd98dcf765e8,0c9085a7366142fd489e5640b36c75720ff4acbc,discovery,0train,PASS,1790,S07_0train_T063,7,1,right_hand,True,0.0,8.618195303162757e-14,2.893135444368628e-10,3357.0084485169277,True
1.0,ff7143dca8408a73233321fc7219358e48f2336bad0cb63f4e76f8988e77ecce,ca0178be9c5fd168509f48974d2b3e1bbc91b2ba4e8e9e320299fd98dcf765e8,0c9085a7366142fd489e5640b36c75720ff4acbc,discovery,0train,PASS,1791,S07_0train_T064,7,1,right_hand,True,0.0,7.888259570263168e-14,2.7747002308024287e-10,3517.5062459435007,True
1.0,ff7143dca8408a73233321fc7219358e48f2336bad0cb63f4e76f8988e77ecce,ca0178be9c5fd168509f48974d2b3e1bbc91b2ba4e8e9e320299fd98dcf765e8,0c9085a7366142fd489e5640b36c75720ff4acbc,discovery,0train,PASS,1792,S07_0train_T065,7,1,left_hand,True,0.0,8.104202931358945e-14,3.2995062829739315e-10,4071.352002066238,True
1.0,ff7143dca8408a73233321fc7219358e48f2336bad0cb63f4e76f8988e77ecce,ca0178be9c5fd168509f48974d2b3e1bbc91b2ba4e8e9e320299fd98dcf765e8,0c9085a7366142fd489e5640b36c75720ff4acbc,discovery,0train,PASS,1793,S07_0train_T066,7,1,left_hand,True,0.0,7.587910742569082e-14,2.5502959031316415e-10,3360.9988172688672,True
1.0,ff7143dca8408a73233321fc7219358e48f2336bad0cb63f4e76f8988e77ecce,ca0178be9c5fd168509f48974d2b3e1bbc91b2ba4e8e9e320299fd98dcf765e8,0c9085a7366142fd489e5640b36c75720ff4acbc,discovery,0train,PASS,1794,S07_0train_T067,7,1,feet,True,0.0,8.634737772080551e-14,2.5878721720335417e-10,2997.0477857487854,True
1.0,ff7143dca8408a73233321fc7219358e48f2336bad0cb63f4e76f8988e77ecce,ca0178be9c5fd168509f48974d2b3e1bbc91b2ba4e8e9e320299fd98dcf765e8,0c9085a7366142fd489e5640b36c75720ff4acbc,discovery,0train,PASS,1795,S07_0train_T068,7,1,left_hand,True,0.0,6.995687898507171e-14,2.424795416730271e-10,3466.1286379681187,True
1.0,ff7143dca8408a73233321fc7219358e48f2336bad0cb63f4e76f8988e77ecce,ca0178be9c5fd168509f48974d2b3e1bbc91b2ba4e8e9e320299fd98dcf765e8,0c9085a7366142fd489e5640b36c75720ff4acbc,discovery,0train,PASS,1796,S07_0train_T069,7,1,right_hand,True,0.0,9.022661497489908e-14,2.758048607582851e-10,3056.8015971231284,True
1.0,ff7143dca8408a73233321fc7219358e48f2336bad0cb63f4e76f8988e77ecce,ca0178be9c5fd168509f48974d2b3e1bbc91b2ba4e8e9e320299fd98dcf765e8,0c9085a7366142fd489e5640b36c75720ff4acbc,discovery,0train,PASS,1797,S07_0train_T070,7,1,tongue,True,0.0,1.1816779011206618e-13,4.423808861667273e-10,3743.6672527021856,True
1.0,ff7143dca8408a73233321fc7219358e48f2336bad0cb63f4e76f8988e77ecce,ca0178be9c5fd168509f48974d2b3e1bbc91b2ba4e8e9e320299fd98dcf765e8,0c9085a7366142fd489e5640b36c75720ff4acbc,discovery,0train,PASS,1798,S07_0train_T071,7,1,tongue,True,0.0,1.1279371910971394e-13,4.3192125403090673e-10,3829.3023533586907,True
1.0,ff7143dca8408a73233321fc7219358e48f2336bad0cb63f4e76f8988e77ecce,ca0178be9c5fd168509f48974d2b3e1bbc91b2ba4e8e9e320299fd98dcf765e8,0c9085a7366142fd489e5640b36c75720ff4acbc,discovery,0train,PASS,1799,S07_0train_T072,7,1,feet,True,0.0,1.1071825500511895e-13,4.035234981300363e-10,3644.59770533215,True
1.0,ff7143dca8408a73233321fc7219358e48f2336bad0cb63f4e76f8988e77ecce,ca0178be9c5fd168509f48974d2b3e1bbc91b2ba4e8e9e320299fd98dcf765e8,0c9085a7366142fd489e5640b36c75720ff4acbc,discovery,0train,PASS,1800,S07_0train_T073,7,1,left_hand,True,0.0,8.064059634943099e-14,3.247113861303393e-10,4026.6491175648466,True
1.0,ff7143dca8408a73233321fc7219358e48f2336bad0cb63f4e76f8988e77ecce,ca0178be9c5fd168509f48974d2b3e1bbc91b2ba4e8e9e320299fd98dcf765e8,0c9085a7366142fd489e5640b36c75720ff4acbc,discovery,0train,PASS,1801,S07_0train_T074,7,1,tongue,True,0.0,1.375325673465778e-13,4.0048269162077173e-10,2911.911697333242,True
1.0,ff7143dca8408a73233321fc7219358e48f2336bad0cb63f4e76f8988e77ecce,ca0178be9c5fd168509f48974d2b3e1bbc91b2ba4e8e9e320299fd98dcf765e8,0c9085a7366142fd489e5640b36c75720ff4acbc,discovery,0train,PASS,1802,S07_0train_T075,7,1,tongue,True,0.0,9.917817642016619e-14,3.330264502474101e-10,3357.8601892875176,True
1.0,ff7143dca8408a73233321fc7219358e48f2336bad0cb63f4e76f8988e77ecce,ca0178be9c5fd168509f48974d2b3e1bbc91b2ba4e8e9e320299fd98dcf765e8,0c9085a7366142fd489e5640b36c75720ff4acbc,discovery,0train,PASS,1803,S07_0train_T076,7,1,right_hand,True,0.0,7.128228296654366e-14,1.986612445935122e-10,2786.965236323223,True
1.0,ff7143dca8408a73233321fc7219358e48f2336bad0cb63f4e76f8988e77ecce,ca0178be9c5fd168509f48974d2b3e1bbc91b2ba4e8e9e320299fd98dcf765e8,0c9085a7366142fd489e5640b36c75720ff4acbc,discovery,0train,PASS,1804,S07_0train_T077,7,1,tongue,True,0.0,1.3409785927289248e-13,5.183392878338981e-10,3865.380779711515,True
1.0,ff7143dca8408a73233321fc7219358e48f2336bad0cb63f4e76f8988e77ecce,ca0178be9c5fd168509f48974d2b3e1bbc91b2ba4e8e9e320299fd98dcf765e8,0c9085a7366142fd489e5640b36c75720ff4acbc,discovery,0train,PASS,1805,S07_0train_T078,7,1,tongue,True,0.0,1.0119543550945798e-13,4.0826311570462245e-10,4034.402477238859,True
1.0,ff7143dca8408a73233321fc7219358e48f2336bad0cb63f4e76f8988e77ecce,ca0178be9c5fd168509f48974d2b3e1bbc91b2ba4e8e9e320299fd98dcf765e8,0c9085a7366142fd489e5640b36c75720ff4acbc,discovery,0train,PASS,1806,S07_0train_T079,7,1,right_hand,True,0.0,8.208094380120582e-14,2.77554400559199e-10,3381.471846028183,True
1.0,ff7143dca8408a73233321fc7219358e48f2336bad0cb63f4e76f8988e77ecce,ca0178be9c5fd168509f48974d2b3e1bbc91b2ba4e8e9e320299fd98dcf765e8,0c9085a7366142fd489e5640b36c75720ff4acbc,discovery,0train,PASS,1807,S07_0train_T080,7,1,left_hand,True,0.0,9.163755723277117e-14,4.315267456424763e-10,4709.059895020367,True
1.0,ff7143dca8408a73233321fc7219358e48f2336bad0cb63f4e76f8988e77ecce,ca0178be9c5fd168509f48974d2b3e1bbc91b2ba4e8e9e320299fd98dcf765e8,0c9085a7366142fd489e5640b36c75720ff4acbc,discovery,0train,PASS,1808,S07_0train_T081,7,1,right_hand,True,0.0,9.850787995608364e-14,4.217317815487488e-10,4281.198435462863,True
1.0,ff7143dca8408a73233321fc7219358e48f2336bad0cb63f4e76f8988e77ecce,ca0178be9c5fd168509f48974d2b3e1bbc91b2ba4e8e9e320299fd98dcf765e8,0c9085a7366142fd489e5640b36c75720ff4acbc,discovery,0train,PASS,1809,S07_0train_T082,7,1,feet,True,0.0,9.718918282338842e-14,3.262013727123221e-10,3356.3547221617573,True
1.0,ff7143dca8408a73233321fc7219358e48f2336bad0cb63f4e76f8988e77ecce,ca0178be9c5fd168509f48974d2b3e1bbc91b2ba4e8e9e320299fd98dcf765e8,0c9085a7366142fd489e5640b36c75720ff4acbc,discovery,0train,PASS,1810,S07_0train_T083,7,1,feet,True,0.0,1.0432268769083944e-13,4.0320477949205404e-10,3864.976913621632,True
1.0,ff7143dca8408a73233321fc7219358e48f2336bad0cb63f4e76f8988e77ecce,ca0178be9c5fd168509f48974d2b3e1bbc91b2ba4e8e9e320299fd98dcf765e8,0c9085a7366142fd489e5640b36c75720ff4acbc,discovery,0train,PASS,1811,S07_0train_T084,7,1,feet,True,0.0,8.42066942465156e-14,2.43772699302189e-10,2894.9325405002,True
1.0,ff7143dca8408a73233321fc7219358e48f2336bad0cb63f4e76f8988e77ecce,ca0178be9c5fd168509f48974d2b3e1bbc91b2ba4e8e9e320299fd98dcf765e8,0c9085a7366142fd489e5640b36c75720ff4acbc,discovery,0train,PASS,1812,S07_0train_T085,7,1,tongue,True,0.0,1.1539033771855687e-13,4.750533895787841e-10,4116.925203368972,True
1.0,ff7143dca8408a73233321fc7219358e48f2336bad0cb63f4e76f8988e77ecce,ca0178be9c5fd168509f48974d2b3e1bbc91b2ba4e8e9e320299fd98dcf765e8,0c9085a7366142fd489e5640b36c75720ff4acbc,discovery,0train,PASS,1813,S07_0train_T086,7,1,feet,True,0.0,6.995601174770416e-14,2.376753458801796e-10,3397.4970834151327,True
1.0,ff7143dca8408a73233321fc7219358e48f2336bad0cb63f4e76f8988e77ecce,ca0178be9c5fd168509f48974d2b3e1bbc91b2ba4e8e9e320299fd98dcf765e8,0c9085a7366142fd489e5640b36c75720ff4acbc,discovery,0train,PASS,1814,S07_0train_T087,7,1,left_hand,True,0.0,6.914480134833047e-14,2.0960156180310596e-10,3031.342309412346,True
1.0,ff7143dca8408a73233321fc7219358e48f2336bad0cb63f4e76f8988e77ecce,ca0178be9c5fd168509f48974d2b3e1bbc91b2ba4e8e9e320299fd98dcf765e8,0c9085a7366142fd489e5640b36c75720ff4acbc,discovery,0train,PASS,1815,S07_0train_T088,7,1,tongue,True,0.0,1.0890704308818539e-13,4.365321923803367e-10,4008.3008408084597,True
1.0,ff7143dca8408a73233321fc7219358e48f2336bad0cb63f4e76f8988e77ecce,ca0178be9c5fd168509f48974d2b3e1bbc91b2ba4e8e9e320299fd98dcf765e8,0c9085a7366142fd489e5640b36c75720ff4acbc,discovery,0train,PASS,1816,S07_0train_T089,7,1,right_hand,True,0.0,9.495587090988801e-14,3.555059360545583e-10,3743.9068553426164,True
1.0,ff7143dca8408a73233321fc7219358e48f2336bad0cb63f4e76f8988e77ecce,ca0178be9c5fd168509f48974d2b3e1bbc91b2ba4e8e9e320299fd98dcf765e8,0c9085a7366142fd489e5640b36c75720ff4acbc,discovery,0train,PASS,1817,S07_0train_T090,7,1,feet,True,0.0,1.199859099577367e-13,4.985994773959147e-10,4155.483569458607,True
1.0,ff7143dca8408a73233321fc7219358e48f2336bad0cb63f4e76f8988e77ecce,ca0178be9c5fd168509f48974d2b3e1bbc91b2ba4e8e9e320299fd98dcf765e8,0c9085a7366142fd489e5640b36c75720ff4acbc,discovery,0train,PASS,1818,S07_0train_T091,7,1,right_hand,True,0.0,9.54230467006472e-14,3.8506331605642927e-10,4035.328250044416,True
1.0,ff7143dca8408a73233321fc7219358e48f2336bad0cb63f4e76f8988e77ecce,ca0178be9c5fd168509f48974d2b3e1bbc91b2ba4e8e9e320299fd98dcf765e8,0c9085a7366142fd489e5640b36c75720ff4acbc,discovery,0train,PASS,1819,S07_0train_T092,7,1,feet,True,0.0,1.0384216836975409e-13,4.3557394909372763e-10,4194.576788330976,True
1.0,ff7143dca8408a73233321fc7219358e48f2336bad0cb63f4e76f8988e77ecce,ca0178be9c5fd168509f48974d2b3e1bbc91b2ba4e8e9e320299fd98dcf765e8,0c9085a7366142fd489e5640b36c75720ff4acbc,discovery,0train,PASS,1820,S07_0train_T093,7,1,tongue,True,0.0,1.0134547555755042e-13,3.33387476717562e-10,3289.6138173257013,True
1.0,ff7143dca8408a73233321fc7219358e48f2336bad0cb63f4e76f8988e77ecce,ca0178be9c5fd168509f48974d2b3e1bbc91b2ba4e8e9e320299fd98dcf765e8,0c9085a7366142fd489e5640b36c75720ff4acbc,discovery,0train,PASS,1821,S07_0train_T094,7,1,right_hand,True,0.0,7.302236088584931e-14,2.4735263873094287e-10,3387.3547188868865,True
1.0,ff7143dca8408a73233321fc7219358e48f2336bad0cb63f4e76f8988e77ecce,ca0178be9c5fd168509f48974d2b3e1bbc91b2ba4e8e9e320299fd98dcf765e8,0c9085a7366142fd489e5640b36c75720ff4acbc,discovery,0train,PASS,1822,S07_0train_T095,7,1,feet,True,0.0,7.457530920647721e-14,2.0891878989408767e-10,2801.44718294969,True
1.0,ff7143dca8408a73233321fc7219358e48f2336bad0cb63f4e76f8988e77ecce,ca0178be9c5fd168509f48974d2b3e1bbc91b2ba4e8e9e320299fd98dcf765e8,0c9085a7366142fd489e5640b36c75720ff4acbc,discovery,0train,PASS,1823,S07_0train_T096,7,1,left_hand,True,0.0,6.577209340675206e-14,2.015351783079488e-10,3064.1441965607182,True
1.0,ff7143dca8408a73233321fc7219358e48f2336bad0cb63f4e76f8988e77ecce,ca0178be9c5fd168509f48974d2b3e1bbc91b2ba4e8e9e320299fd98dcf765e8,0c9085a7366142fd489e5640b36c75720ff4acbc,discovery,0train,PASS,1824,S07_0train_T097,7,2,left_hand,True,0.0,8.437615137994831e-14,2.8336125682071764e-10,3358.3098089498476,True
1.0,ff7143dca8408a73233321fc7219358e48f2336bad0cb63f4e76f8988e77ecce,ca0178be9c5fd168509f48974d2b3e1bbc91b2ba4e8e9e320299fd98dcf765e8,0c9085a7366142fd489e5640b36c75720ff4acbc,discovery,0train,PASS,1825,S07_0train_T098,7,2,left_hand,True,0.0,7.222878786197372e-14,2.3025240669996624e-10,3187.8204454983966,True
1.0,ff7143dca8408a73233321fc7219358e48f2336bad0cb63f4e76f8988e77ecce,ca0178be9c5fd168509f48974d2b3e1bbc91b2ba4e8e9e320299fd98dcf765e8,0c9085a7366142fd489e5640b36c75720ff4acbc,discovery,0train,PASS,1826,S07_0train_T099,7,2,tongue,True,0.0,8.626238169641911e-14,2.2581957206423061e-10,2617.822133162882,True
1.0,ff7143dca8408a73233321fc7219358e48f2336bad0cb63f4e76f8988e77ecce,ca0178be9c5fd168509f48974d2b3e1bbc91b2ba4e8e9e320299fd98dcf765e8,0c9085a7366142fd489e5640b36c75720ff4acbc,discovery,0train,PASS,1827,S07_0train_T100,7,2,right_hand,True,0.0,8.813622503809185e-14,2.879315639398578e-10,3266.8924022490846,True
1.0,ff7143dca8408a73233321fc7219358e48f2336bad0cb63f4e76f8988e77ecce,ca0178be9c5fd168509f48974d2b3e1bbc91b2ba4e8e9e320299fd98dcf765e8,0c9085a7366142fd489e5640b36c75720ff4acbc,discovery,0train,PASS,1828,S07_0train_T101,7,2,left_hand,True,0.0,8.478136348441036e-14,2.7480697195589363e-10,3241.360608766634,True
1.0,ff7143dca8408a73233321fc7219358e48f2336bad0cb63f4e76f8988e77ecce,ca0178be9c5fd168509f48974d2b3e1bbc91b2ba4e8e9e320299fd98dcf765e8,0c9085a7366142fd489e5640b36c75720ff4acbc,discovery,0train,PASS,1829,S07_0train_T102,7,2,feet,True,0.0,1.2087245446361842e-13,3.497437339130205e-10,2893.4941005793044,True
1.0,ff7143dca8408a73233321fc7219358e48f2336bad0cb63f4e76f8988e77ecce,ca0178be9c5fd168509f48974d2b3e1bbc91b2ba4e8e9e320299fd98dcf765e8,0c9085a7366142fd489e5640b36c75720ff4acbc,discovery,0train,PASS,1830,S07_0train_T103,7,2,left_hand,True,0.0,7.773706391023546e-14,2.6587008019798473e-10,3420.1199122337607,True
1.0,ff7143dca8408a73233321fc7219358e48f2336bad0cb63f4e76f8988e77ecce,ca0178be9c5fd168509f48974d2b3e1bbc91b2ba4e8e9e320299fd98dcf765e8,0c9085a7366142fd489e5640b36c75720ff4acbc,discovery,0train,PASS,1831,S07_0train_T104,7,2,feet,True,0.0,9.358269671360347e-14,2.703551053501808e-10,2888.94330730353,True
1.0,ff7143dca8408a73233321fc7219358e48f2336bad0cb63f4e76f8988e77ecce,ca0178be9c5fd168509f48974d2b3e1bbc91b2ba4e8e9e320299fd98dcf765e8,0c9085a7366142fd489e5640b36c75720ff4acbc,discovery,0train,PASS,1832,S07_0train_T105,7,2,right_hand,True,0.0,8.628233566802997e-14,3.27646424285378e-10,3797.375462180264,True
1.0,ff7143dca8408a73233321fc7219358e48f2336bad0cb63f4e76f8988e77ecce,ca0178be9c5fd168509f48974d2b3e1bbc91b2ba4e8e9e320299fd98dcf765e8,0c9085a7366142fd489e5640b36c75720ff4acbc,discovery,0train,PASS,1833,S07_0train_T106,7,2,tongue,True,0.0,1.1643846728701523e-13,4.3592161191816517e-10,3743.79380006471,True
1.0,ff7143dca8408a73233321fc7219358e48f2336bad0cb63f4e76f8988e77ecce,ca0178be9c5fd168509f48974d2b3e1bbc91b2ba4e8e9e320299fd98dcf765e8,0c9085a7366142fd489e5640b36c75720ff4acbc,discovery,0train,PASS,1834,S07_0train_T107,7,2,left_hand,True,0.0,8.017987276480338e-14,2.618624338661206e-10,3265.9372587713883,True
1.0,ff7143dca8408a73233321fc7219358e48f2336bad0cb63f4e76f8988e77ecce,ca0178be9c5fd168509f48974d2b3e1bbc91b2ba4e8e9e320299fd98dcf765e8,0c9085a7366142fd489e5640b36c75720ff4acbc,discovery,0train,PASS,1835,S07_0train_T108,7,2,feet,True,0.0,8.256055829379752e-14,2.770812317137451e-10,3356.0968753109946,True
1.0,ff7143dca8408a73233321fc7219358e48f2336bad0cb63f4e76f8988e77ecce,ca0178be9c5fd168509f48974d2b3e1bbc91b2ba4e8e9e320299fd98dcf765e8,0c9085a7366142fd489e5640b36c75720ff4acbc,discovery,0train,PASS,1836,S07_0train_T109,7,2,feet,True,0.0,9.564503601429902e-14,3.440525260122948e-10,3597.1812061512387,True
1.0,ff7143dca8408a73233321fc7219358e48f2336bad0cb63f4e76f8988e77ecce,ca0178be9c5fd168509f48974d2b3e1bbc91b2ba4e8e9e320299fd98dcf765e8,0c9085a7366142fd489e5640b36c75720ff4acbc,discovery,0train,PASS,1837,S07_0train_T110,7,2,left_hand,True,0.0,8.582564382668725e-14,3.238225784004149e-10,3773.0282461303623,True
1.0,ff7143dca8408a73233321fc7219358e48f2336bad0cb63f4e76f8988e77ecce,ca0178be9c5fd168509f48974d2b3e1bbc91b2ba4e8e9e320299fd98dcf765e8,0c9085a7366142fd489e5640b36c75720ff4acbc,discovery,0train,PASS,1838,S07_0train_T111,7,2,feet,True,0.0,1.1195592674606495e-13,4.154577479828185e-10,3710.9044608700992,True
1.0,ff7143dca8408a73233321fc7219358e48f2336bad0cb63f4e76f8988e77ecce,ca0178be9c5fd168509f48974d2b3e1bbc91b2ba4e8e9e320299fd98dcf765e8,0c9085a7366142fd489e5640b36c75720ff4acbc,discovery,0train,PASS,1839,S07_0train_T112,7,2,right_hand,True,0.0,9.854223582010555e-14,3.8710061033993573e-10,3928.2710313840444,True
1.0,ff7143dca8408a73233321fc7219358e48f2336bad0cb63f4e76f8988e77ecce,ca0178be9c5fd168509f48974d2b3e1bbc91b2ba4e8e9e320299fd98dcf765e8,0c9085a7366142fd489e5640b36c75720ff4acbc,discovery,0train,PASS,1840,S07_0train_T113,7,2,tongue,True,0.0,9.640376103093613e-14,3.0547810619022207e-10,3168.7363949648566,True
1.0,ff7143dca8408a73233321fc7219358e48f2336bad0cb63f4e76f8988e77ecce,ca0178be9c5fd168509f48974d2b3e1bbc91b2ba4e8e9e320299fd98dcf765e8,0c9085a7366142fd489e5640b36c75720ff4acbc,discovery,0train,PASS,1841,S07_0train_T114,7,2,tongue,True,0.0,8.742826314360297e-14,3.4332286290495267e-10,3926.909337556401,True
1.0,ff7143dca8408a73233321fc7219358e48f2336bad0cb63f4e76f8988e77ecce,ca0178be9c5fd168509f48974d2b3e1bbc91b2ba4e8e9e320299fd98dcf765e8,0c9085a7366142fd489e5640b36c75720ff4acbc,discovery,0train,PASS,1842,S07_0train_T115,7,2,tongue,True,0.0,1.0877729963568452e-13,3.425579997178065e-10,3149.168078864774,True
1.0,ff7143dca8408a73233321fc7219358e48f2336bad0cb63f4e76f8988e77ecce,ca0178be9c5fd168509f48974d2b3e1bbc91b2ba4e8e9e320299fd98dcf765e8,0c9085a7366142fd489e5640b36c75720ff4acbc,discovery,0train,PASS,1843,S07_0train_T116,7,2,feet,True,0.0,7.965976433558784e-14,2.1510656676253938e-10,2700.3163837686743,True
1.0,ff7143dca8408a73233321fc7219358e48f2336bad0cb63f4e76f8988e77ecce,ca0178be9c5fd168509f48974d2b3e1bbc91b2ba4e8e9e320299fd98dcf765e8,0c9085a7366142fd489e5640b36c75720ff4acbc,discovery,0train,PASS,1844,S07_0train_T117,7,2,left_hand,True,0.0,7.975914275460937e-14,2.6264201884717507e-10,3292.93933932103,True
1.0,ff7143dca8408a73233321fc7219358e48f2336bad0cb63f4e76f8988e77ecce,ca0178be9c5fd168509f48974d2b3e1bbc91b2ba4e8e9e320299fd98dcf765e8,0c9085a7366142fd489e5640b36c75720ff4acbc,discovery,0train,PASS,1845,S07_0train_T118,7,2,tongue,True,0.0,9.154645007437389e-14,2.978099068654043e-10,3253.101639915676,True
1.0,ff7143dca8408a73233321fc7219358e48f2336bad0cb63f4e76f8988e77ecce,ca0178be9c5fd168509f48974d2b3e1bbc91b2ba4e8e9e320299fd98dcf765e8,0c9085a7366142fd489e5640b36c75720ff4acbc,discovery,0train,PASS,1846,S07_0train_T119,7,2,right_hand,True,0.0,7.769153866958451e-14,2.735086321423088e-10,3520.442982929166,True
1.0,ff7143dca8408a73233321fc7219358e48f2336bad0cb63f4e76f8988e77ecce,ca0178be9c5fd168509f48974d2b3e1bbc91b2ba4e8e9e320299fd98dcf765e8,0c9085a7366142fd489e5640b36c75720ff4acbc,discovery,0train,PASS,1847,S07_0train_T120,7,2,tongue,True,0.0,1.7086452841677731e-13,5.74899595410416e-10,3364.651520929526,True
1.0,ff7143dca8408a73233321fc7219358e48f2336bad0cb63f4e76f8988e77ecce,ca0178be9c5fd168509f48974d2b3e1bbc91b2ba4e8e9e320299fd98dcf765e8,0c9085a7366142fd489e5640b36c75720ff4acbc,discovery,0train,PASS,1848,S07_0train_T121,7,2,right_hand,True,0.0,8.250399319235131e-14,2.726743381232967e-10,3304.9835234953875,True
1.0,ff7143dca8408a73233321fc7219358e48f2336bad0cb63f4e76f8988e77ecce,ca0178be9c5fd168509f48974d2b3e1bbc91b2ba4e8e9e320299fd98dcf765e8,0c9085a7366142fd489e5640b36c75720ff4acbc,discovery,0train,PASS,1849,S07_0train_T122,7,2,left_hand,True,0.0,8.469609106888342e-14,3.366213380818912e-10,3974.4613220475158,True
1.0,ff7143dca8408a73233321fc7219358e48f2336bad0cb63f4e76f8988e77ecce,ca0178be9c5fd168509f48974d2b3e1bbc91b2ba4e8e9e320299fd98dcf765e8,0c9085a7366142fd489e5640b36c75720ff4acbc,discovery,0train,PASS,1850,S07_0train_T123,7,2,feet,True,0.0,8.47446925723643e-14,2.5270170221074523e-10,2981.917740688726,True
1.0,ff7143dca8408a73233321fc7219358e48f2336bad0cb63f4e76f8988e77ecce,ca0178be9c5fd168509f48974d2b3e1bbc91b2ba4e8e9e320299fd98dcf765e8,0c9085a7366142fd489e5640b36c75720ff4acbc,discovery,0train,PASS,1851,S07_0train_T124,7,2,right_hand,True,0.0,9.716740757151934e-14,3.77667139200228e-10,3886.767678989984,True
1.0,ff7143dca8408a73233321fc7219358e48f2336bad0cb63f4e76f8988e77ecce,ca0178be9c5fd168509f48974d2b3e1bbc91b2ba4e8e9e320299fd98dcf765e8,0c9085a7366142fd489e5640b36c75720ff4acbc,discovery,0train,PASS,1852,S07_0train_T125,7,2,left_hand,True,0.0,8.781196177302006e-14,3.1568158474278014e-10,3594.9724658101454,True
1.0,ff7143dca8408a73233321fc7219358e48f2336bad0cb63f4e76f8988e77ecce,ca0178be9c5fd168509f48974d2b3e1bbc91b2ba4e8e9e320299fd98dcf765e8,0c9085a7366142fd489e5640b36c75720ff4acbc,discovery,0train,PASS,1853,S07_0train_T126,7,2,feet,True,0.0,9.437231102315547e-14,3.4336313331494784e-10,3638.388522992716,True
1.0,ff7143dca8408a73233321fc7219358e48f2336bad0cb63f4e76f8988e77ecce,ca0178be9c5fd168509f48974d2b3e1bbc91b2ba4e8e9e320299fd98dcf765e8,0c9085a7366142fd489e5640b36c75720ff4acbc,discovery,0train,PASS,1854,S07_0train_T127,7,2,feet,True,0.0,9.22677753113983e-14,3.7165335074871983e-10,4027.9864719227457,True
1.0,ff7143dca8408a73233321fc7219358e48f2336bad0cb63f4e76f8988e77ecce,ca0178be9c5fd168509f48974d2b3e1bbc91b2ba4e8e9e320299fd98dcf765e8,0c9085a7366142fd489e5640b36c75720ff4acbc,discovery,0train,PASS,1855,S07_0train_T128,7,2,left_hand,True,0.0,7.179673600997586e-14,2.4581035845969163e-10,3423.698236442633,True
1.0,ff7143dca8408a73233321fc7219358e48f2336bad0cb63f4e76f8988e77ecce,ca0178be9c5fd168509f48974d2b3e1bbc91b2ba4e8e9e320299fd98dcf765e8,0c9085a7366142fd489e5640b36c75720ff4acbc,discovery,0train,PASS,1856,S07_0train_T129,7,2,feet,True,0.0,8.855619335665187e-14,3.1801217196001053e-10,3591.077709034375,True
1.0,ff7143dca8408a73233321fc7219358e48f2336bad0cb63f4e76f8988e77ecce,ca0178be9c5fd168509f48974d2b3e1bbc91b2ba4e8e9e320299fd98dcf765e8,0c9085a7366142fd489e5640b36c75720ff4acbc,discovery,0train,PASS,1857,S07_0train_T130,7,2,tongue,True,0.0,1.1361571442191324e-13,5.170966429067109e-10,4551.277484261259,True
1.0,ff7143dca8408a73233321fc7219358e48f2336bad0cb63f4e76f8988e77ecce,ca0178be9c5fd168509f48974d2b3e1bbc91b2ba4e8e9e320299fd98dcf765e8,0c9085a7366142fd489e5640b36c75720ff4acbc,discovery,0train,PASS,1858,S07_0train_T131,7,2,tongue,True,0.0,1.2108365532688213e-13,3.774616914971305e-10,3117.362871794053,True
1.0,ff7143dca8408a73233321fc7219358e48f2336bad0cb63f4e76f8988e77ecce,ca0178be9c5fd168509f48974d2b3e1bbc91b2ba4e8e9e320299fd98dcf765e8,0c9085a7366142fd489e5640b36c75720ff4acbc,discovery,0train,PASS,1859,S07_0train_T132,7,2,right_hand,True,0.0,9.347491038550719e-14,3.884352738921403e-10,4155.503035950118,True
1.0,ff7143dca8408a73233321fc7219358e48f2336bad0cb63f4e76f8988e77ecce,ca0178be9c5fd168509f48974d2b3e1bbc91b2ba4e8e9e320299fd98dcf765e8,0c9085a7366142fd489e5640b36c75720ff4acbc,discovery,0train,PASS,1860,S07_0train_T133,7,2,left_hand,True,0.0,9.041841259374718e-14,3.35980591633384e-10,3715.8426253616676,True
1.0,ff7143dca8408a73233321fc7219358e48f2336bad0cb63f4e76f8988e77ecce,ca0178be9c5fd168509f48974d2b3e1bbc91b2ba4e8e9e320299fd98dcf765e8,0c9085a7366142fd489e5640b36c75720ff4acbc,discovery,0train,PASS,1861,S07_0train_T134,7,2,right_hand,True,0.0,9.30730739749484e-14,3.1603824074336395e-10,3395.592594571755,True
1.0,ff7143dca8408a73233321fc7219358e48f2336bad0cb63f4e76f8988e77ecce,ca0178be9c5fd168509f48974d2b3e1bbc91b2ba4e8e9e320299fd98dcf765e8,0c9085a7366142fd489e5640b36c75720ff4acbc,discovery,0train,PASS,1862,S07_0train_T135,7,2,tongue,True,0.0,1.2520631174299948e-13,4.164483402650571e-10,3326.097019133235,True
1.0,ff7143dca8408a73233321fc7219358e48f2336bad0cb63f4e76f8988e77ecce,ca0178be9c5fd168509f48974d2b3e1bbc91b2ba4e8e9e320299fd98dcf765e8,0c9085a7366142fd489e5640b36c75720ff4acbc,discovery,0train,PASS,1863,S07_0train_T136,7,2,right_hand,True,0.0,7.752057949039458e-14,2.5444081601914e-10,3282.235732650415,True
1.0,ff7143dca8408a73233321fc7219358e48f2336bad0cb63f4e76f8988e77ecce,ca0178be9c5fd168509f48974d2b3e1bbc91b2ba4e8e9e320299fd98dcf765e8,0c9085a7366142fd489e5640b36c75720ff4acbc,discovery,0train,PASS,1864,S07_0train_T137,7,2,tongue,True,0.0,1.1537002267649468e-13,4.221226387201972e-10,3658.8589386331105,True
1.0,ff7143dca8408a73233321fc7219358e48f2336bad0cb63f4e76f8988e77ecce,ca0178be9c5fd168509f48974d2b3e1bbc91b2ba4e8e9e320299fd98dcf765e8,0c9085a7366142fd489e5640b36c75720ff4acbc,discovery,0train,PASS,1865,S07_0train_T138,7,2,feet,True,0.0,9.073373333767192e-14,3.0826155821631875e-10,3397.430557266963,True
1.0,ff7143dca8408a73233321fc7219358e48f2336bad0cb63f4e76f8988e77ecce,ca0178be9c5fd168509f48974d2b3e1bbc91b2ba4e8e9e320299fd98dcf765e8,0c9085a7366142fd489e5640b36c75720ff4acbc,discovery,0train,PASS,1866,S07_0train_T139,7,2,right_hand,True,0.0,1.0554249624684363e-13,4.271335776609924e-10,4047.029327997028,True
1.0,ff7143dca8408a73233321fc7219358e48f2336bad0cb63f4e76f8988e77ecce,ca0178be9c5fd168509f48974d2b3e1bbc91b2ba4e8e9e320299fd98dcf765e8,0c9085a7366142fd489e5640b36c75720ff4acbc,discovery,0train,PASS,1867,S07_0train_T140,7,2,right_hand,True,0.0,9.501302436095625e-14,2.98961596283463e-10,3146.5327863651864,True
1.0,ff7143dca8408a73233321fc7219358e48f2336bad0cb63f4e76f8988e77ecce,ca0178be9c5fd168509f48974d2b3e1bbc91b2ba4e8e9e320299fd98dcf765e8,0c9085a7366142fd489e5640b36c75720ff4acbc,discovery,0train,PASS,1868,S07_0train_T141,7,2,right_hand,True,0.0,1.0975451475043345e-13,4.1929723676385303e-10,3820.318806176464,True
1.0,ff7143dca8408a73233321fc7219358e48f2336bad0cb63f4e76f8988e77ecce,ca0178be9c5fd168509f48974d2b3e1bbc91b2ba4e8e9e320299fd98dcf765e8,0c9085a7366142fd489e5640b36c75720ff4acbc,discovery,0train,PASS,1869,S07_0train_T142,7,2,feet,True,0.0,9.741683361144205e-14,3.091721374234692e-10,3173.7034141002455,True
1.0,ff7143dca8408a73233321fc7219358e48f2336bad0cb63f4e76f8988e77ecce,ca0178be9c5fd168509f48974d2b3e1bbc91b2ba4e8e9e320299fd98dcf765e8,0c9085a7366142fd489e5640b36c75720ff4acbc,discovery,0train,PASS,1870,S07_0train_T143,7,2,tongue,True,0.0,9.142084535166582e-14,3.017064383829387e-10,3300.1930492151287,True
1.0,ff7143dca8408a73233321fc7219358e48f2336bad0cb63f4e76f8988e77ecce,ca0178be9c5fd168509f48974d2b3e1bbc91b2ba4e8e9e320299fd98dcf765e8,0c9085a7366142fd489e5640b36c75720ff4acbc,discovery,0train,PASS,1871,S07_0train_T144,7,2,left_hand,True,0.0,8.594335196477304e-14,2.485541683702812e-10,2892.069749294396,True
1.0,ff7143dca8408a73233321fc7219358e48f2336bad0cb63f4e76f8988e77ecce,ca0178be9c5fd168509f48974d2b3e1bbc91b2ba4e8e9e320299fd98dcf765e8,0c9085a7366142fd489e5640b36c75720ff4acbc,discovery,0train,PASS,1872,S07_0train_T145,7,3,right_hand,True,0.0,7.345649505190656e-14,2.6672466365509674e-10,3631.056225410988,True
1.0,ff7143dca8408a73233321fc7219358e48f2336bad0cb63f4e76f8988e77ecce,ca0178be9c5fd168509f48974d2b3e1bbc91b2ba4e8e9e320299fd98dcf765e8,0c9085a7366142fd489e5640b36c75720ff4acbc,discovery,0train,PASS,1873,S07_0train_T146,7,3,tongue,True,0.0,9.739184876890104e-14,2.8762060783297613e-10,2953.2308038988426,True
1.0,ff7143dca8408a73233321fc7219358e48f2336bad0cb63f4e76f8988e77ecce,ca0178be9c5fd168509f48974d2b3e1bbc91b2ba4e8e9e320299fd98dcf765e8,0c9085a7366142fd489e5640b36c75720ff4acbc,discovery,0train,PASS,1874,S07_0train_T147,7,3,left_hand,True,0.0,8.39046234947629e-14,2.7968757564744625e-10,3333.398852149114,True
1.0,ff7143dca8408a73233321fc7219358e48f2336bad0cb63f4e76f8988e77ecce,ca0178be9c5fd168509f48974d2b3e1bbc91b2ba4e8e9e320299fd98dcf765e8,0c9085a7366142fd489e5640b36c75720ff4acbc,discovery,0train,PASS,1875,S07_0train_T148,7,3,feet,True,0.0,9.229439523900524e-14,4.0290800190493604e-10,4365.465539500713,True
1.0,ff7143dca8408a73233321fc7219358e48f2336bad0cb63f4e76f8988e77ecce,ca0178be9c5fd168509f48974d2b3e1bbc91b2ba4e8e9e320299fd98dcf765e8,0c9085a7366142fd489e5640b36c75720ff4acbc,discovery,0train,PASS,1876,S07_0train_T149,7,3,feet,True,0.0,7.980675883556687e-14,2.4385797545693064e-10,3055.605552900268,True
1.0,ff7143dca8408a73233321fc7219358e48f2336bad0cb63f4e76f8988e77ecce,ca0178be9c5fd168509f48974d2b3e1bbc91b2ba4e8e9e320299fd98dcf765e8,0c9085a7366142fd489e5640b36c75720ff4acbc,discovery,0train,PASS,1877,S07_0train_T150,7,3,tongue,True,0.0,9.982525788558843e-14,2.7285848559270096e-10,2733.3611890632837,True
1.0,ff7143dca8408a73233321fc7219358e48f2336bad0cb63f4e76f8988e77ecce,ca0178be9c5fd168509f48974d2b3e1bbc91b2ba4e8e9e320299fd98dcf765e8,0c9085a7366142fd489e5640b36c75720ff4acbc,discovery,0train,PASS,1878,S07_0train_T151,7,3,left_hand,True,0.0,7.966566894113326e-14,2.7974057209953547e-10,3511.4319106043286,True
1.0,ff7143dca8408a73233321fc7219358e48f2336bad0cb63f4e76f8988e77ecce,ca0178be9c5fd168509f48974d2b3e1bbc91b2ba4e8e9e320299fd98dcf765e8,0c9085a7366142fd489e5640b36c75720ff4acbc,discovery,0train,PASS,1879,S07_0train_T152,7,3,left_hand,True,0.0,9.168829809814996e-14,3.510721234223957e-10,3828.974151604189,True
1.0,ff7143dca8408a73233321fc7219358e48f2336bad0cb63f4e76f8988e77ecce,ca0178be9c5fd168509f48974d2b3e1bbc91b2ba4e8e9e320299fd98dcf765e8,0c9085a7366142fd489e5640b36c75720ff4acbc,discovery,0train,PASS,1880,S07_0train_T153,7,3,feet,True,0.0,9.523982085848188e-14,3.0580155354225766e-10,3210.8581346100204,True
1.0,ff7143dca8408a73233321fc7219358e48f2336bad0cb63f4e76f8988e77ecce,ca0178be9c5fd168509f48974d2b3e1bbc91b2ba4e8e9e320299fd98dcf765e8,0c9085a7366142fd489e5640b36c75720ff4acbc,discovery,0train,PASS,1881,S07_0train_T154,7,3,right_hand,True,0.0,8.284364700867811e-14,2.8082177162638804e-10,3389.7804088341395,True
1.0,ff7143dca8408a73233321fc7219358e48f2336bad0cb63f4e76f8988e77ecce,ca0178be9c5fd168509f48974d2b3e1bbc91b2ba4e8e9e320299fd98dcf765e8,0c9085a7366142fd489e5640b36c75720ff4acbc,discovery,0train,PASS,1882,S07_0train_T155,7,3,tongue,True,0.0,1.1213704001859743e-13,3.593864158262643e-10,3204.8858768401738,True
1.0,ff7143dca8408a73233321fc7219358e48f2336bad0cb63f4e76f8988e77ecce,ca0178be9c5fd168509f48974d2b3e1bbc91b2ba4e8e9e320299fd98dcf765e8,0c9085a7366142fd489e5640b36c75720ff4acbc,discovery,0train,PASS,1883,S07_0train_T156,7,3,tongue,True,0.0,8.816733770911346e-14,2.591729178413767e-10,2939.5570352419422,True
1.0,ff7143dca8408a73233321fc7219358e48f2336bad0cb63f4e76f8988e77ecce,ca0178be9c5fd168509f48974d2b3e1bbc91b2ba4e8e9e320299fd98dcf765e8,0c9085a7366142fd489e5640b36c75720ff4acbc,discovery,0train,PASS,1884,S07_0train_T157,7,3,tongue,True,0.0,1.0261487058775471e-13,3.969769310693627e-10,3868.610161427567,True
1.0,ff7143dca8408a73233321fc7219358e48f2336bad0cb63f4e76f8988e77ecce,ca0178be9c5fd168509f48974d2b3e1bbc91b2ba4e8e9e320299fd98dcf765e8,0c9085a7366142fd489e5640b36c75720ff4acbc,discovery,0train,PASS,1885,S07_0train_T158,7,3,right_hand,True,0.0,1.2178011972301687e-13,4.829767428265554e-10,3965.9736246364614,True
1.0,ff7143dca8408a73233321fc7219358e48f2336bad0cb63f4e76f8988e77ecce,ca0178be9c5fd168509f48974d2b3e1bbc91b2ba4e8e9e320299fd98dcf765e8,0c9085a7366142fd489e5640b36c75720ff4acbc,discovery,0train,PASS,1886,S07_0train_T159,7,3,left_hand,True,0.0,1.0653452481333244e-13,3.3908806765505107e-10,3182.8936980682465,True
1.0,ff7143dca8408a73233321fc7219358e48f2336bad0cb63f4e76f8988e77ecce,ca0178be9c5fd168509f48974d2b3e1bbc91b2ba4e8e9e320299fd98dcf765e8,0c9085a7366142fd489e5640b36c75720ff4acbc,discovery,0train,PASS,1887,S07_0train_T160,7,3,feet,True,0.0,8.521519037796025e-14,2.927289133908037e-10,3435.17290863806,True
1.0,ff7143dca8408a73233321fc7219358e48f2336bad0cb63f4e76f8988e77ecce,ca0178be9c5fd168509f48974d2b3e1bbc91b2ba4e8e9e320299fd98dcf765e8,0c9085a7366142fd489e5640b36c75720ff4acbc,discovery,0train,PASS,1888,S07_0train_T161,7,3,right_hand,True,0.0,7.999386967961439e-14,2.7005544524951983e-10,3375.951761442798,True
1.0,ff7143dca8408a73233321fc7219358e48f2336bad0cb63f4e76f8988e77ecce,ca0178be9c5fd168509f48974d2b3e1bbc91b2ba4e8e9e320299fd98dcf765e8,0c9085a7366142fd489e5640b36c75720ff4acbc,discovery,0train,PASS,1889,S07_0train_T162,7,3,tongue,True,0.0,1.0918380988166442e-13,4.311503660647625e-10,3948.848886405886,True
1.0,ff7143dca8408a73233321fc7219358e48f2336bad0cb63f4e76f8988e77ecce,ca0178be9c5fd168509f48974d2b3e1bbc91b2ba4e8e9e320299fd98dcf765e8,0c9085a7366142fd489e5640b36c75720ff4acbc,discovery,0train,PASS,1890,S07_0train_T163,7,3,left_hand,True,0.0,9.767178656896221e-14,3.201448259440911e-10,3277.761543944416,True
1.0,ff7143dca8408a73233321fc7219358e48f2336bad0cb63f4e76f8988e77ecce,ca0178be9c5fd168509f48974d2b3e1bbc91b2ba4e8e9e320299fd98dcf765e8,0c9085a7366142fd489e5640b36c75720ff4acbc,discovery,0train,PASS,1891,S07_0train_T164,7,3,tongue,True,0.0,1.4446804840650862e-13,6.796509052309512e-10,4704.506724687861,True
1.0,ff7143dca8408a73233321fc7219358e48f2336bad0cb63f4e76f8988e77ecce,ca0178be9c5fd168509f48974d2b3e1bbc91b2ba4e8e9e320299fd98dcf765e8,0c9085a7366142fd489e5640b36c75720ff4acbc,discovery,0train,PASS,1892,S07_0train_T165,7,3,feet,True,0.0,9.437238220346944e-14,2.997870604833057e-10,3176.6397486603296,True
1.0,ff7143dca8408a73233321fc7219358e48f2336bad0cb63f4e76f8988e77ecce,ca0178be9c5fd168509f48974d2b3e1bbc91b2ba4e8e9e320299fd98dcf765e8,0c9085a7366142fd489e5640b36c75720ff4acbc,discovery,0train,PASS,1893,S07_0train_T166,7,3,right_hand,True,0.0,9.352630543555001e-14,3.26247870889065e-10,3488.3006376626945,True
1.0,ff7143dca8408a73233321fc7219358e48f2336bad0cb63f4e76f8988e77ecce,ca0178be9c5fd168509f48974d2b3e1bbc91b2ba4e8e9e320299fd98dcf765e8,0c9085a7366142fd489e5640b36c75720ff4acbc,discovery,0train,PASS,1894,S07_0train_T167,7,3,tongue,True,0.0,1.1860460917514736e-13,3.7330104995646193e-10,3147.44133935972,True
1.0,ff7143dca8408a73233321fc7219358e48f2336bad0cb63f4e76f8988e77ecce,ca0178be9c5fd168509f48974d2b3e1bbc91b2ba4e8e9e320299fd98dcf765e8,0c9085a7366142fd489e5640b36c75720ff4acbc,discovery,0train,PASS,1895,S07_0train_T168,7,3,tongue,True,0.0,9.331055801771348e-14,3.41688478663435e-10,3661.841552791604,True
1.0,ff7143dca8408a73233321fc7219358e48f2336bad0cb63f4e76f8988e77ecce,ca0178be9c5fd168509f48974d2b3e1bbc91b2ba4e8e9e320299fd98dcf765e8,0c9085a7366142fd489e5640b36c75720ff4acbc,discovery,0train,PASS,1896,S07_0train_T169,7,3,left_hand,True,0.0,7.801632822603698e-14,2.6562003612006656e-10,3404.672357182521,True
1.0,ff7143dca8408a73233321fc7219358e48f2336bad0cb63f4e76f8988e77ecce,ca0178be9c5fd168509f48974d2b3e1bbc91b2ba4e8e9e320299fd98dcf765e8,0c9085a7366142fd489e5640b36c75720ff4acbc,discovery,0train,PASS,1897,S07_0train_T170,7,3,right_hand,True,0.0,7.4256974910725e-14,2.64193096710271e-10,3557.821969288347,True
1.0,ff7143dca8408a73233321fc7219358e48f2336bad0cb63f4e76f8988e77ecce,ca0178be9c5fd168509f48974d2b3e1bbc91b2ba4e8e9e320299fd98dcf765e8,0c9085a7366142fd489e5640b36c75720ff4acbc,discovery,0train,PASS,1898,S07_0train_T171,7,3,right_hand,True,0.0,8.846319879292903e-14,2.7226103529696064e-10,3077.6756777047813,True
1.0,ff7143dca8408a73233321fc7219358e48f2336bad0cb63f4e76f8988e77ecce,ca0178be9c5fd168509f48974d2b3e1bbc91b2ba4e8e9e320299fd98dcf765e8,0c9085a7366142fd489e5640b36c75720ff4acbc,discovery,0train,PASS,1899,S07_0train_T172,7,3,feet,True,0.0,8.73476499028647e-14,2.3787199746574364e-10,2723.2787342334927,True
1.0,ff7143dca8408a73233321fc7219358e48f2336bad0cb63f4e76f8988e77ecce,ca0178be9c5fd168509f48974d2b3e1bbc91b2ba4e8e9e320299fd98dcf765e8,0c9085a7366142fd489e5640b36c75720ff4acbc,discovery,0train,PASS,1900,S07_0train_T173,7,3,tongue,True,0.0,8.375973978474896e-14,2.535609947298007e-10,3027.241910987518,True
1.0,ff7143dca8408a73233321fc7219358e48f2336bad0cb63f4e76f8988e77ecce,ca0178be9c5fd168509f48974d2b3e1bbc91b2ba4e8e9e320299fd98dcf765e8,0c9085a7366142fd489e5640b36c75720ff4acbc,discovery,0train,PASS,1901,S07_0train_T174,7,3,right_hand,True,0.0,8.499425935676646e-14,2.75828895740139e-10,3245.265007632307,True
1.0,ff7143dca8408a73233321fc7219358e48f2336bad0cb63f4e76f8988e77ecce,ca0178be9c5fd168509f48974d2b3e1bbc91b2ba4e8e9e320299fd98dcf765e8,0c9085a7366142fd489e5640b36c75720ff4acbc,discovery,0train,PASS,1902,S07_0train_T175,7,3,left_hand,True,0.0,8.430819190385864e-14,3.259918585435876e-10,3866.6688394329985,True
1.0,ff7143dca8408a73233321fc7219358e48f2336bad0cb63f4e76f8988e77ecce,ca0178be9c5fd168509f48974d2b3e1bbc91b2ba4e8e9e320299fd98dcf765e8,0c9085a7366142fd489e5640b36c75720ff4acbc,discovery,0train,PASS,1903,S07_0train_T176,7,3,left_hand,True,0.0,1.1711978152096512e-13,5.299236869969837e-10,4524.630084817263,True
1.0,ff7143dca8408a73233321fc7219358e48f2336bad0cb63f4e76f8988e77ecce,ca0178be9c5fd168509f48974d2b3e1bbc91b2ba4e8e9e320299fd98dcf765e8,0c9085a7366142fd489e5640b36c75720ff4acbc,discovery,0train,PASS,1904,S07_0train_T177,7,3,tongue,True,0.0,1.1068245176751941e-13,4.416979504795439e-10,3990.6773244172336,True
1.0,ff7143dca8408a73233321fc7219358e48f2336bad0cb63f4e76f8988e77ecce,ca0178be9c5fd168509f48974d2b3e1bbc91b2ba4e8e9e320299fd98dcf765e8,0c9085a7366142fd489e5640b36c75720ff4acbc,discovery,0train,PASS,1905,S07_0train_T178,7,3,right_hand,True,0.0,9.676505836627292e-14,3.24311483582854e-10,3351.5350381464914,True
1.0,ff7143dca8408a73233321fc7219358e48f2336bad0cb63f4e76f8988e77ecce,ca0178be9c5fd168509f48974d2b3e1bbc91b2ba4e8e9e320299fd98dcf765e8,0c9085a7366142fd489e5640b36c75720ff4acbc,discovery,0train,PASS,1906,S07_0train_T179,7,3,left_hand,True,0.0,6.948402988322804e-14,2.2683493128066814e-10,3264.5621110617426,True
1.0,ff7143dca8408a73233321fc7219358e48f2336bad0cb63f4e76f8988e77ecce,ca0178be9c5fd168509f48974d2b3e1bbc91b2ba4e8e9e320299fd98dcf765e8,0c9085a7366142fd489e5640b36c75720ff4acbc,discovery,0train,PASS,1907,S07_0train_T180,7,3,feet,True,0.0,8.22423574760589e-14,2.986739257728797e-10,3631.631375107711,True
1.0,ff7143dca8408a73233321fc7219358e48f2336bad0cb63f4e76f8988e77ecce,ca0178be9c5fd168509f48974d2b3e1bbc91b2ba4e8e9e320299fd98dcf765e8,0c9085a7366142fd489e5640b36c75720ff4acbc,discovery,0train,PASS,1908,S07_0train_T181,7,3,right_hand,True,0.0,8.565916598566762e-14,3.28083430665209e-10,3830.1030238854237,True
1.0,ff7143dca8408a73233321fc7219358e48f2336bad0cb63f4e76f8988e77ecce,ca0178be9c5fd168509f48974d2b3e1bbc91b2ba4e8e9e320299fd98dcf765e8,0c9085a7366142fd489e5640b36c75720ff4acbc,discovery,0train,PASS,1909,S07_0train_T182,7,3,right_hand,True,0.0,1.0868368632757887e-13,4.3010516523784963e-10,3957.403174028234,True
1.0,ff7143dca8408a73233321fc7219358e48f2336bad0cb63f4e76f8988e77ecce,ca0178be9c5fd168509f48974d2b3e1bbc91b2ba4e8e9e320299fd98dcf765e8,0c9085a7366142fd489e5640b36c75720ff4acbc,discovery,0train,PASS,1910,S07_0train_T183,7,3,feet,True,0.0,8.817793614553898e-14,2.7175113376160025e-10,3081.8495605643457,True
1.0,ff7143dca8408a73233321fc7219358e48f2336bad0cb63f4e76f8988e77ecce,ca0178be9c5fd168509f48974d2b3e1bbc91b2ba4e8e9e320299fd98dcf765e8,0c9085a7366142fd489e5640b36c75720ff4acbc,discovery,0train,PASS,1911,S07_0train_T184,7,3,left_hand,True,0.0,7.663665652265435e-14,2.6360168901443165e-10,3439.629297195515,True
1.0,ff7143dca8408a73233321fc7219358e48f2336bad0cb63f4e76f8988e77ecce,ca0178be9c5fd168509f48974d2b3e1bbc91b2ba4e8e9e320299fd98dcf765e8,0c9085a7366142fd489e5640b36c75720ff4acbc,discovery,0train,PASS,1912,S07_0train_T185,7,3,tongue,True,0.0,8.565127717607298e-14,2.705898616542331e-10,3159.2040489715364,True
1.0,ff7143dca8408a73233321fc7219358e48f2336bad0cb63f4e76f8988e77ecce,ca0178be9c5fd168509f48974d2b3e1bbc91b2ba4e8e9e320299fd98dcf765e8,0c9085a7366142fd489e5640b36c75720ff4acbc,discovery,0train,PASS,1913,S07_0train_T186,7,3,feet,True,0.0,8.425876018306422e-14,2.6448371233100265e-10,3138.9461672160132,True
1.0,ff7143dca8408a73233321fc7219358e48f2336bad0cb63f4e76f8988e77ecce,ca0178be9c5fd168509f48974d2b3e1bbc91b2ba4e8e9e320299fd98dcf765e8,0c9085a7366142fd489e5640b36c75720ff4acbc,discovery,0train,PASS,1914,S07_0train_T187,7,3,feet,True,0.0,7.248813780575803e-14,2.064972256102404e-10,2848.7036894723137,True
1.0,ff7143dca8408a73233321fc7219358e48f2336bad0cb63f4e76f8988e77ecce,ca0178be9c5fd168509f48974d2b3e1bbc91b2ba4e8e9e320299fd98dcf765e8,0c9085a7366142fd489e5640b36c75720ff4acbc,discovery,0train,PASS,1915,S07_0train_T188,7,3,feet,True,0.0,9.07681152053039e-14,3.5557395296036367e-10,3917.3883048701473,True
1.0,ff7143dca8408a73233321fc7219358e48f2336bad0cb63f4e76f8988e77ecce,ca0178be9c5fd168509f48974d2b3e1bbc91b2ba4e8e9e320299fd98dcf765e8,0c9085a7366142fd489e5640b36c75720ff4acbc,discovery,0train,PASS,1916,S07_0train_T189,7,3,feet,True,0.0,7.811064966901406e-14,2.3209540039207693e-10,2971.3669182826875,True
1.0,ff7143dca8408a73233321fc7219358e48f2336bad0cb63f4e76f8988e77ecce,ca0178be9c5fd168509f48974d2b3e1bbc91b2ba4e8e9e320299fd98dcf765e8,0c9085a7366142fd489e5640b36c75720ff4acbc,discovery,0train,PASS,1917,S07_0train_T190,7,3,left_hand,True,0.0,7.981313206370663e-14,2.897120588395832e-10,3629.879586837111,True
1.0,ff7143dca8408a73233321fc7219358e48f2336bad0cb63f4e76f8988e77ecce,ca0178be9c5fd168509f48974d2b3e1bbc91b2ba4e8e9e320299fd98dcf765e8,0c9085a7366142fd489e5640b36c75720ff4acbc,discovery,0train,PASS,1918,S07_0train_T191,7,3,right_hand,True,0.0,7.909635900588217e-14,2.7459707812958404e-10,3471.6778569941894,True
1.0,ff7143dca8408a73233321fc7219358e48f2336bad0cb63f4e76f8988e77ecce,ca0178be9c5fd168509f48974d2b3e1bbc91b2ba4e8e9e320299fd98dcf765e8,0c9085a7366142fd489e5640b36c75720ff4acbc,discovery,0train,PASS,1919,S07_0train_T192,7,3,left_hand,True,0.0,8.159816137733612e-14,3.157818515898925e-10,3869.9628307752637,True
1.0,ff7143dca8408a73233321fc7219358e48f2336bad0cb63f4e76f8988e77ecce,ca0178be9c5fd168509f48974d2b3e1bbc91b2ba4e8e9e320299fd98dcf765e8,0c9085a7366142fd489e5640b36c75720ff4acbc,discovery,0train,PASS,1920,S07_0train_T193,7,4,right_hand,True,0.0,6.881824451392058e-14,2.293541192291067e-10,3332.75166853047,True
1.0,ff7143dca8408a73233321fc7219358e48f2336bad0cb63f4e76f8988e77ecce,ca0178be9c5fd168509f48974d2b3e1bbc91b2ba4e8e9e320299fd98dcf765e8,0c9085a7366142fd489e5640b36c75720ff4acbc,discovery,0train,PASS,1921,S07_0train_T194,7,4,left_hand,True,0.0,7.688509088126201e-14,2.947190552075754e-10,3833.2406430100564,True
1.0,ff7143dca8408a73233321fc7219358e48f2336bad0cb63f4e76f8988e77ecce,ca0178be9c5fd168509f48974d2b3e1bbc91b2ba4e8e9e320299fd98dcf765e8,0c9085a7366142fd489e5640b36c75720ff4acbc,discovery,0train,PASS,1922,S07_0train_T195,7,4,left_hand,True,0.0,8.536526855761855e-14,3.4165677778138927e-10,4002.2925430238993,True
1.0,ff7143dca8408a73233321fc7219358e48f2336bad0cb63f4e76f8988e77ecce,ca0178be9c5fd168509f48974d2b3e1bbc91b2ba4e8e9e320299fd98dcf765e8,0c9085a7366142fd489e5640b36c75720ff4acbc,discovery,0train,PASS,1923,S07_0train_T196,7,4,feet,True,0.0,8.012093746262454e-14,2.505126377996806e-10,3126.6813111933666,True
1.0,ff7143dca8408a73233321fc7219358e48f2336bad0cb63f4e76f8988e77ecce,ca0178be9c5fd168509f48974d2b3e1bbc91b2ba4e8e9e320299fd98dcf765e8,0c9085a7366142fd489e5640b36c75720ff4acbc,discovery,0train,PASS,1924,S07_0train_T197,7,4,feet,True,0.0,9.108877700440237e-14,3.136814097047182e-10,3443.6888936334913,True
1.0,ff7143dca8408a73233321fc7219358e48f2336bad0cb63f4e76f8988e77ecce,ca0178be9c5fd168509f48974d2b3e1bbc91b2ba4e8e9e320299fd98dcf765e8,0c9085a7366142fd489e5640b36c75720ff4acbc,discovery,0train,PASS,1925,S07_0train_T198,7,4,right_hand,True,0.0,7.030611066390084e-14,1.7606309739909198e-10,2504.2360576702017,True
1.0,ff7143dca8408a73233321fc7219358e48f2336bad0cb63f4e76f8988e77ecce,ca0178be9c5fd168509f48974d2b3e1bbc91b2ba4e8e9e320299fd98dcf765e8,0c9085a7366142fd489e5640b36c75720ff4acbc,discovery,0train,PASS,1926,S07_0train_T199,7,4,feet,True,0.0,8.487818371460488e-14,2.5418494555139017e-10,2994.7029310389553,True
1.0,ff7143dca8408a73233321fc7219358e48f2336bad0cb63f4e76f8988e77ecce,ca0178be9c5fd168509f48974d2b3e1bbc91b2ba4e8e9e320299fd98dcf765e8,0c9085a7366142fd489e5640b36c75720ff4acbc,discovery,0train,PASS,1927,S07_0train_T200,7,4,tongue,True,0.0,9.998810637376921e-14,3.2651016826345205e-10,3265.49006781779,True
1.0,ff7143dca8408a73233321fc7219358e48f2336bad0cb63f4e76f8988e77ecce,ca0178be9c5fd168509f48974d2b3e1bbc91b2ba4e8e9e320299fd98dcf765e8,0c9085a7366142fd489e5640b36c75720ff4acbc,discovery,0train,PASS,1928,S07_0train_T201,7,4,left_hand,True,0.0,8.507489199796574e-14,2.9789357676043896e-10,3501.545165259358,True
1.0,ff7143dca8408a73233321fc7219358e48f2336bad0cb63f4e76f8988e77ecce,ca0178be9c5fd168509f48974d2b3e1bbc91b2ba4e8e9e320299fd98dcf765e8,0c9085a7366142fd489e5640b36c75720ff4acbc,discovery,0train,PASS,1929,S07_0train_T202,7,4,tongue,True,0.0,1.2017943465814167e-13,4.4370407120270765e-10,3692.013300485671,True
1.0,ff7143dca8408a73233321fc7219358e48f2336bad0cb63f4e76f8988e77ecce,ca0178be9c5fd168509f48974d2b3e1bbc91b2ba4e8e9e320299fd98dcf765e8,0c9085a7366142fd489e5640b36c75720ff4acbc,discovery,0train,PASS,1930,S07_0train_T203,7,4,left_hand,True,0.0,7.93970025624832e-14,2.991169301034412e-10,3767.3579662915436,True
1.0,ff7143dca8408a73233321fc7219358e48f2336bad0cb63f4e76f8988e77ecce,ca0178be9c5fd168509f48974d2b3e1bbc91b2ba4e8e9e320299fd98dcf765e8,0c9085a7366142fd489e5640b36c75720ff4acbc,discovery,0train,PASS,1931,S07_0train_T204,7,4,left_hand,True,0.0,7.660292082769876e-14,2.734652876808518e-10,3569.9067963211373,True
1.0,ff7143dca8408a73233321fc7219358e48f2336bad0cb63f4e76f8988e77ecce,ca0178be9c5fd168509f48974d2b3e1bbc91b2ba4e8e9e320299fd98dcf765e8,0c9085a7366142fd489e5640b36c75720ff4acbc,discovery,0train,PASS,1932,S07_0train_T205,7,4,right_hand,True,0.0,7.360963904133209e-14,2.569985259304196e-10,3491.3705498014187,True
1.0,ff7143dca8408a73233321fc7219358e48f2336bad0cb63f4e76f8988e77ecce,ca0178be9c5fd168509f48974d2b3e1bbc91b2ba4e8e9e320299fd98dcf765e8,0c9085a7366142fd489e5640b36c75720ff4acbc,discovery,0train,PASS,1933,S07_0train_T206,7,4,tongue,True,0.0,7.330763756273983e-14,2.7061521644155715e-10,3691.5009873282715,True
1.0,ff7143dca8408a73233321fc7219358e48f2336bad0cb63f4e76f8988e77ecce,ca0178be9c5fd168509f48974d2b3e1bbc91b2ba4e8e9e320299fd98dcf765e8,0c9085a7366142fd489e5640b36c75720ff4acbc,discovery,0train,PASS,1934,S07_0train_T207,7,4,feet,True,0.0,7.17164615012202e-14,2.33608770172612e-10,3257.3939829510036,True
1.0,ff7143dca8408a73233321fc7219358e48f2336bad0cb63f4e76f8988e77ecce,ca0178be9c5fd168509f48974d2b3e1bbc91b2ba4e8e9e320299fd98dcf765e8,0c9085a7366142fd489e5640b36c75720ff4acbc,discovery,0train,PASS,1935,S07_0train_T208,7,4,right_hand,True,0.0,7.739921235939937e-14,2.6087888698279146e-10,3370.5625552287715,True
1.0,ff7143dca8408a73233321fc7219358e48f2336bad0cb63f4e76f8988e77ecce,ca0178be9c5fd168509f48974d2b3e1bbc91b2ba4e8e9e320299fd98dcf765e8,0c9085a7366142fd489e5640b36c75720ff4acbc,discovery,0train,PASS,1936,S07_0train_T209,7,4,tongue,True,0.0,8.052514026968219e-14,2.4877850450811033e-10,3089.4513648152656,True
1.0,ff7143dca8408a73233321fc7219358e48f2336bad0cb63f4e76f8988e77ecce,ca0178be9c5fd168509f48974d2b3e1bbc91b2ba4e8e9e320299fd98dcf765e8,0c9085a7366142fd489e5640b36c75720ff4acbc,discovery,0train,PASS,1937,S07_0train_T210,7,4,feet,True,0.0,8.924739175274271e-14,3.346626659064959e-10,3749.83133214323,True
1.0,ff7143dca8408a73233321fc7219358e48f2336bad0cb63f4e76f8988e77ecce,ca0178be9c5fd168509f48974d2b3e1bbc91b2ba4e8e9e320299fd98dcf765e8,0c9085a7366142fd489e5640b36c75720ff4acbc,discovery,0train,PASS,1938,S07_0train_T211,7,4,tongue,True,0.0,8.708662313199529e-14,2.804755374118803e-10,3220.6500530715225,True
1.0,ff7143dca8408a73233321fc7219358e48f2336bad0cb63f4e76f8988e77ecce,ca0178be9c5fd168509f48974d2b3e1bbc91b2ba4e8e9e320299fd98dcf765e8,0c9085a7366142fd489e5640b36c75720ff4acbc,discovery,0train,PASS,1939,S07_0train_T212,7,4,feet,True,0.0,8.44775582590054e-14,2.8366210832304126e-10,3357.8398117680276,True
1.0,ff7143dca8408a73233321fc7219358e48f2336bad0cb63f4e76f8988e77ecce,ca0178be9c5fd168509f48974d2b3e1bbc91b2ba4e8e9e320299fd98dcf765e8,0c9085a7366142fd489e5640b36c75720ff4acbc,discovery,0train,PASS,1940,S07_0train_T213,7,4,tongue,True,0.0,9.050843264780753e-14,2.935437246274282e-10,3243.274864450312,True
1.0,ff7143dca8408a73233321fc7219358e48f2336bad0cb63f4e76f8988e77ecce,ca0178be9c5fd168509f48974d2b3e1bbc91b2ba4e8e9e320299fd98dcf765e8,0c9085a7366142fd489e5640b36c75720ff4acbc,discovery,0train,PASS,1941,S07_0train_T214,7,4,right_hand,True,0.0,8.514438762738607e-14,3.194268192933089e-10,3751.5898369156585,True
1.0,ff7143dca8408a73233321fc7219358e48f2336bad0cb63f4e76f8988e77ecce,ca0178be9c5fd168509f48974d2b3e1bbc91b2ba4e8e9e320299fd98dcf765e8,0c9085a7366142fd489e5640b36c75720ff4acbc,discovery,0train,PASS,1942,S07_0train_T215,7,4,right_hand,True,0.0,1.077415636228665e-13,4.681460328529105e-10,4345.082966231926,True
1.0,ff7143dca8408a73233321fc7219358e48f2336bad0cb63f4e76f8988e77ecce,ca0178be9c5fd168509f48974d2b3e1bbc91b2ba4e8e9e320299fd98dcf765e8,0c9085a7366142fd489e5640b36c75720ff4acbc,discovery,0train,PASS,1943,S07_0train_T216,7,4,tongue,True,0.0,7.910747459311642e-14,1.9539056631538976e-10,2469.938110404447,True
1.0,ff7143dca8408a73233321fc7219358e48f2336bad0cb63f4e76f8988e77ecce,ca0178be9c5fd168509f48974d2b3e1bbc91b2ba4e8e9e320299fd98dcf765e8,0c9085a7366142fd489e5640b36c75720ff4acbc,discovery,0train,PASS,1944,S07_0train_T217,7,4,left_hand,True,0.0,8.493167169080623e-14,2.6874974061313637e-10,3164.3053205348397,True
1.0,ff7143dca8408a73233321fc7219358e48f2336bad0cb63f4e76f8988e77ecce,ca0178be9c5fd168509f48974d2b3e1bbc91b2ba4e8e9e320299fd98dcf765e8,0c9085a7366142fd489e5640b36c75720ff4acbc,discovery,0train,PASS,1945,S07_0train_T218,7,4,right_hand,True,0.0,8.87619893754379e-14,3.0061196831514677e-10,3386.719590563072,True
1.0,ff7143dca8408a73233321fc7219358e48f2336bad0cb63f4e76f8988e77ecce,ca0178be9c5fd168509f48974d2b3e1bbc91b2ba4e8e9e320299fd98dcf765e8,0c9085a7366142fd489e5640b36c75720ff4acbc,discovery,0train,PASS,1946,S07_0train_T219,7,4,right_hand,True,0.0,8.736191765978497e-14,2.9604737415788383e-10,3388.746287722143,True
1.0,ff7143dca8408a73233321fc7219358e48f2336bad0cb63f4e76f8988e77ecce,ca0178be9c5fd168509f48974d2b3e1bbc91b2ba4e8e9e320299fd98dcf765e8,0c9085a7366142fd489e5640b36c75720ff4acbc,discovery,0train,PASS,1947,S07_0train_T220,7,4,right_hand,True,0.0,7.938308201689442e-14,2.4739346749329606e-10,3116.45077525014,True
1.0,ff7143dca8408a73233321fc7219358e48f2336bad0cb63f4e76f8988e77ecce,ca0178be9c5fd168509f48974d2b3e1bbc91b2ba4e8e9e320299fd98dcf765e8,0c9085a7366142fd489e5640b36c75720ff4acbc,discovery,0train,PASS,1948,S07_0train_T221,7,4,feet,True,0.0,9.746538050359792e-14,3.676219055904156e-10,3771.8203498609937,True
1.0,ff7143dca8408a73233321fc7219358e48f2336bad0cb63f4e76f8988e77ecce,ca0178be9c5fd168509f48974d2b3e1bbc91b2ba4e8e9e320299fd98dcf765e8,0c9085a7366142fd489e5640b36c75720ff4acbc,discovery,0train,PASS,1949,S07_0train_T222,7,4,tongue,True,0.0,1.0022404583509198e-13,3.202019831771935e-10,3194.8618768000233,True
1.0,ff7143dca8408a73233321fc7219358e48f2336bad0cb63f4e76f8988e77ecce,ca0178be9c5fd168509f48974d2b3e1bbc91b2ba4e8e9e320299fd98dcf765e8,0c9085a7366142fd489e5640b36c75720ff4acbc,discovery,0train,PASS,1950,S07_0train_T223,7,4,left_hand,True,0.0,8.149714533289681e-14,2.803081120569986e-10,3439.4838115127277,True
1.0,ff7143dca8408a73233321fc7219358e48f2336bad0cb63f4e76f8988e77ecce,ca0178be9c5fd168509f48974d2b3e1bbc91b2ba4e8e9e320299fd98dcf765e8,0c9085a7366142fd489e5640b36c75720ff4acbc,discovery,0train,PASS,1951,S07_0train_T224,7,4,tongue,True,0.0,8.056508041714967e-14,1.9323075071897453e-10,2398.442969565286,True
1.0,ff7143dca8408a73233321fc7219358e48f2336bad0cb63f4e76f8988e77ecce,ca0178be9c5fd168509f48974d2b3e1bbc91b2ba4e8e9e320299fd98dcf765e8,0c9085a7366142fd489e5640b36c75720ff4acbc,discovery,0train,PASS,1952,S07_0train_T225,7,4,left_hand,True,0.0,8.632126761593358e-14,2.72435739234681e-10,3156.0674067811483,True
1.0,ff7143dca8408a73233321fc7219358e48f2336bad0cb63f4e76f8988e77ecce,ca0178be9c5fd168509f48974d2b3e1bbc91b2ba4e8e9e320299fd98dcf765e8,0c9085a7366142fd489e5640b36c75720ff4acbc,discovery,0train,PASS,1953,S07_0train_T226,7,4,feet,True,0.0,9.405024148051025e-14,3.24961022867313e-10,3455.185417409627,True
1.0,ff7143dca8408a73233321fc7219358e48f2336bad0cb63f4e76f8988e77ecce,ca0178be9c5fd168509f48974d2b3e1bbc91b2ba4e8e9e320299fd98dcf765e8,0c9085a7366142fd489e5640b36c75720ff4acbc,discovery,0train,PASS,1954,S07_0train_T227,7,4,left_hand,True,0.0,8.234085386504803e-14,2.713801779800047e-10,3295.8144741221818,True
1.0,ff7143dca8408a73233321fc7219358e48f2336bad0cb63f4e76f8988e77ecce,ca0178be9c5fd168509f48974d2b3e1bbc91b2ba4e8e9e320299fd98dcf765e8,0c9085a7366142fd489e5640b36c75720ff4acbc,discovery,0train,PASS,1955,S07_0train_T228,7,4,tongue,True,0.0,9.63017375974385e-14,3.044002856377088e-10,3160.901279997314,True
1.0,ff7143dca8408a73233321fc7219358e48f2336bad0cb63f4e76f8988e77ecce,ca0178be9c5fd168509f48974d2b3e1bbc91b2ba4e8e9e320299fd98dcf765e8,0c9085a7366142fd489e5640b36c75720ff4acbc,discovery,0train,PASS,1956,S07_0train_T229,7,4,left_hand,True,0.0,9.031819924253125e-14,2.9957501962924385e-10,3316.884328315667,True
1.0,ff7143dca8408a73233321fc7219358e48f2336bad0cb63f4e76f8988e77ecce,ca0178be9c5fd168509f48974d2b3e1bbc91b2ba4e8e9e320299fd98dcf765e8,0c9085a7366142fd489e5640b36c75720ff4acbc,discovery,0train,PASS,1957,S07_0train_T230,7,4,feet,True,0.0,9.619982332396777e-14,3.813207938191634e-10,3963.840895372611,True
1.0,ff7143dca8408a73233321fc7219358e48f2336bad0cb63f4e76f8988e77ecce,ca0178be9c5fd168509f48974d2b3e1bbc91b2ba4e8e9e320299fd98dcf765e8,0c9085a7366142fd489e5640b36c75720ff4acbc,discovery,0train,PASS,1958,S07_0train_T231,7,4,left_hand,True,0.0,8.425643424315141e-14,2.923083468556875e-10,3469.270323167599,True
1.0,ff7143dca8408a73233321fc7219358e48f2336bad0cb63f4e76f8988e77ecce,ca0178be9c5fd168509f48974d2b3e1bbc91b2ba4e8e9e320299fd98dcf765e8,0c9085a7366142fd489e5640b36c75720ff4acbc,discovery,0train,PASS,1959,S07_0train_T232,7,4,right_hand,True,0.0,9.134160569920219e-14,3.0907792649732284e-10,3383.758410325629,True
1.0,ff7143dca8408a73233321fc7219358e48f2336bad0cb63f4e76f8988e77ecce,ca0178be9c5fd168509f48974d2b3e1bbc91b2ba4e8e9e320299fd98dcf765e8,0c9085a7366142fd489e5640b36c75720ff4acbc,discovery,0train,PASS,1960,S07_0train_T233,7,4,feet,True,0.0,8.846614150830225e-14,3.228630176058264e-10,3649.5659480698246,True
1.0,ff7143dca8408a73233321fc7219358e48f2336bad0cb63f4e76f8988e77ecce,ca0178be9c5fd168509f48974d2b3e1bbc91b2ba4e8e9e320299fd98dcf765e8,0c9085a7366142fd489e5640b36c75720ff4acbc,discovery,0train,PASS,1961,S07_0train_T234,7,4,feet,True,0.0,9.311375058290638e-14,2.7059043968266497e-10,2906.0201956072788,True
1.0,ff7143dca8408a73233321fc7219358e48f2336bad0cb63f4e76f8988e77ecce,ca0178be9c5fd168509f48974d2b3e1bbc91b2ba4e8e9e320299fd98dcf765e8,0c9085a7366142fd489e5640b36c75720ff4acbc,discovery,0train,PASS,1962,S07_0train_T235,7,4,tongue,True,0.0,9.63616199707895e-14,3.5538055332652683e-10,3687.9885729842945,True
1.0,ff7143dca8408a73233321fc7219358e48f2336bad0cb63f4e76f8988e77ecce,ca0178be9c5fd168509f48974d2b3e1bbc91b2ba4e8e9e320299fd98dcf765e8,0c9085a7366142fd489e5640b36c75720ff4acbc,discovery,0train,PASS,1963,S07_0train_T236,7,4,left_hand,True,0.0,1.3594936956314165e-13,6.847331517674612e-10,5036.67765409855,True
1.0,ff7143dca8408a73233321fc7219358e48f2336bad0cb63f4e76f8988e77ecce,ca0178be9c5fd168509f48974d2b3e1bbc91b2ba4e8e9e320299fd98dcf765e8,0c9085a7366142fd489e5640b36c75720ff4acbc,discovery,0train,PASS,1964,S07_0train_T237,7,4,right_hand,True,0.0,7.666285561422951e-14,2.42060858173573e-10,3157.4724973934276,True
1.0,ff7143dca8408a73233321fc7219358e48f2336bad0cb63f4e76f8988e77ecce,ca0178be9c5fd168509f48974d2b3e1bbc91b2ba4e8e9e320299fd98dcf765e8,0c9085a7366142fd489e5640b36c75720ff4acbc,discovery,0train,PASS,1965,S07_0train_T238,7,4,tongue,True,0.0,1.176598344103919e-13,3.911634731352609e-10,3324.5285028270678,True
1.0,ff7143dca8408a73233321fc7219358e48f2336bad0cb63f4e76f8988e77ecce,ca0178be9c5fd168509f48974d2b3e1bbc91b2ba4e8e9e320299fd98dcf765e8,0c9085a7366142fd489e5640b36c75720ff4acbc,discovery,0train,PASS,1966,S07_0train_T239,7,4,right_hand,True,0.0,7.859752629514396e-14,2.3601875302796235e-10,3002.877624184776,True
1.0,ff7143dca8408a73233321fc7219358e48f2336bad0cb63f4e76f8988e77ecce,ca0178be9c5fd168509f48974d2b3e1bbc91b2ba4e8e9e320299fd98dcf765e8,0c9085a7366142fd489e5640b36c75720ff4acbc,discovery,0train,PASS,1967,S07_0train_T240,7,4,feet,True,0.0,1.0343806073208035e-13,4.548995118726865e-10,4397.796214015869,True
1.0,ff7143dca8408a73233321fc7219358e48f2336bad0cb63f4e76f8988e77ecce,ca0178be9c5fd168509f48974d2b3e1bbc91b2ba4e8e9e320299fd98dcf765e8,0c9085a7366142fd489e5640b36c75720ff4acbc,discovery,0train,PASS,1968,S07_0train_T241,7,5,feet,True,0.0,9.801336168731676e-14,3.2133960402606457e-10,3278.5285444162755,True
1.0,ff7143dca8408a73233321fc7219358e48f2336bad0cb63f4e76f8988e77ecce,ca0178be9c5fd168509f48974d2b3e1bbc91b2ba4e8e9e320299fd98dcf765e8,0c9085a7366142fd489e5640b36c75720ff4acbc,discovery,0train,PASS,1969,S07_0train_T242,7,5,left_hand,True,0.0,8.670775980184535e-14,3.1850355495306443e-10,3673.29931808809,True
1.0,ff7143dca8408a73233321fc7219358e48f2336bad0cb63f4e76f8988e77ecce,ca0178be9c5fd168509f48974d2b3e1bbc91b2ba4e8e9e320299fd98dcf765e8,0c9085a7366142fd489e5640b36c75720ff4acbc,discovery,0train,PASS,1970,S07_0train_T243,7,5,tongue,True,0.0,9.864579051588834e-14,2.8947964880314737e-10,2934.5362563293816,True
1.0,ff7143dca8408a73233321fc7219358e48f2336bad0cb63f4e76f8988e77ecce,ca0178be9c5fd168509f48974d2b3e1bbc91b2ba4e8e9e320299fd98dcf765e8,0c9085a7366142fd489e5640b36c75720ff4acbc,discovery,0train,PASS,1971,S07_0train_T244,7,5,right_hand,True,0.0,7.391752814941973e-14,2.687560508706173e-10,3635.890668953966,True
1.0,ff7143dca8408a73233321fc7219358e48f2336bad0cb63f4e76f8988e77ecce,ca0178be9c5fd168509f48974d2b3e1bbc91b2ba4e8e9e320299fd98dcf765e8,0c9085a7366142fd489e5640b36c75720ff4acbc,discovery,0train,PASS,1972,S07_0train_T245,7,5,tongue,True,0.0,1.403291494871778e-13,4.721229871941542e-10,3364.397125753928,True
1.0,ff7143dca8408a73233321fc7219358e48f2336bad0cb63f4e76f8988e77ecce,ca0178be9c5fd168509f48974d2b3e1bbc91b2ba4e8e9e320299fd98dcf765e8,0c9085a7366142fd489e5640b36c75720ff4acbc,discovery,0train,PASS,1973,S07_0train_T246,7,5,left_hand,True,0.0,8.280945500736742e-14,3.3834708160101805e-10,4085.8508436134,True
1.0,ff7143dca8408a73233321fc7219358e48f2336bad0cb63f4e76f8988e77ecce,ca0178be9c5fd168509f48974d2b3e1bbc91b2ba4e8e9e320299fd98dcf765e8,0c9085a7366142fd489e5640b36c75720ff4acbc,discovery,0train,PASS,1974,S07_0train_T247,7,5,left_hand,True,0.0,1.0270534754918018e-13,3.454063939683725e-10,3363.08091263676,True
1.0,ff7143dca8408a73233321fc7219358e48f2336bad0cb63f4e76f8988e77ecce,ca0178be9c5fd168509f48974d2b3e1bbc91b2ba4e8e9e320299fd98dcf765e8,0c9085a7366142fd489e5640b36c75720ff4acbc,discovery,0train,PASS,1975,S07_0train_T248,7,5,feet,True,0.0,9.318269239808971e-14,3.6133350786795826e-10,3877.6890704583866,True
1.0,ff7143dca8408a73233321fc7219358e48f2336bad0cb63f4e76f8988e77ecce,ca0178be9c5fd168509f48974d2b3e1bbc91b2ba4e8e9e320299fd98dcf765e8,0c9085a7366142fd489e5640b36c75720ff4acbc,discovery,0train,PASS,1976,S07_0train_T249,7,5,feet,True,0.0,1.1439169631507448e-13,4.044515263411938e-10,3535.672075595363,True
1.0,ff7143dca8408a73233321fc7219358e48f2336bad0cb63f4e76f8988e77ecce,ca0178be9c5fd168509f48974d2b3e1bbc91b2ba4e8e9e320299fd98dcf765e8,0c9085a7366142fd489e5640b36c75720ff4acbc,discovery,0train,PASS,1977,S07_0train_T250,7,5,right_hand,True,0.0,9.547557383465784e-14,4.1521206292161953e-10,4348.88261201418,True
1.0,ff7143dca8408a73233321fc7219358e48f2336bad0cb63f4e76f8988e77ecce,ca0178be9c5fd168509f48974d2b3e1bbc91b2ba4e8e9e320299fd98dcf765e8,0c9085a7366142fd489e5640b36c75720ff4acbc,discovery,0train,PASS,1978,S07_0train_T251,7,5,tongue,True,0.0,1.184647164684492e-13,4.302547553598367e-10,3631.9232273216708,True
1.0,ff7143dca8408a73233321fc7219358e48f2336bad0cb63f4e76f8988e77ecce,ca0178be9c5fd168509f48974d2b3e1bbc91b2ba4e8e9e320299fd98dcf765e8,0c9085a7366142fd489e5640b36c75720ff4acbc,discovery,0train,PASS,1979,S07_0train_T252,7,5,right_hand,True,0.0,8.526677850644252e-14,3.0575597910000926e-10,3585.8746449170376,True
1.0,ff7143dca8408a73233321fc7219358e48f2336bad0cb63f4e76f8988e77ecce,ca0178be9c5fd168509f48974d2b3e1bbc91b2ba4e8e9e320299fd98dcf765e8,0c9085a7366142fd489e5640b36c75720ff4acbc,discovery,0train,PASS,1980,S07_0train_T253,7,5,right_hand,True,0.0,8.66381483679481e-14,2.785526141691485e-10,3215.1265858793377,True
1.0,ff7143dca8408a73233321fc7219358e48f2336bad0cb63f4e76f8988e77ecce,ca0178be9c5fd168509f48974d2b3e1bbc91b2ba4e8e9e320299fd98dcf765e8,0c9085a7366142fd489e5640b36c75720ff4acbc,discovery,0train,PASS,1981,S07_0train_T254,7,5,left_hand,True,0.0,9.297301718612606e-14,3.403937721719349e-10,3661.2103433245393,True
1.0,ff7143dca8408a73233321fc7219358e48f2336bad0cb63f4e76f8988e77ecce,ca0178be9c5fd168509f48974d2b3e1bbc91b2ba4e8e9e320299fd98dcf765e8,0c9085a7366142fd489e5640b36c75720ff4acbc,discovery,0train,PASS,1982,S07_0train_T255,7,5,right_hand,True,0.0,1.0114039303599419e-13,3.6314259872656904e-10,3590.4803988385984,True
1.0,ff7143dca8408a73233321fc7219358e48f2336bad0cb63f4e76f8988e77ecce,ca0178be9c5fd168509f48974d2b3e1bbc91b2ba4e8e9e320299fd98dcf765e8,0c9085a7366142fd489e5640b36c75720ff4acbc,discovery,0train,PASS,1983,S07_0train_T256,7,5,tongue,True,0.0,1.0420044817952762e-13,3.341976713307014e-10,3207.2575230666002,True
1.0,ff7143dca8408a73233321fc7219358e48f2336bad0cb63f4e76f8988e77ecce,ca0178be9c5fd168509f48974d2b3e1bbc91b2ba4e8e9e320299fd98dcf765e8,0c9085a7366142fd489e5640b36c75720ff4acbc,discovery,0train,PASS,1984,S07_0train_T257,7,5,tongue,True,0.0,1.0868294645898905e-13,4.2695689034859536e-10,3928.462599325142,True
1.0,ff7143dca8408a73233321fc7219358e48f2336bad0cb63f4e76f8988e77ecce,ca0178be9c5fd168509f48974d2b3e1bbc91b2ba4e8e9e320299fd98dcf765e8,0c9085a7366142fd489e5640b36c75720ff4acbc,discovery,0train,PASS,1985,S07_0train_T258,7,5,right_hand,True,0.0,8.69044338758448e-14,3.717489649690828e-10,4277.675469357277,True
1.0,ff7143dca8408a73233321fc7219358e48f2336bad0cb63f4e76f8988e77ecce,ca0178be9c5fd168509f48974d2b3e1bbc91b2ba4e8e9e320299fd98dcf765e8,0c9085a7366142fd489e5640b36c75720ff4acbc,discovery,0train,PASS,1986,S07_0train_T259,7,5,right_hand,True,0.0,1.3297780904009626e-13,5.722135770218357e-10,4303.075687232134,True
1.0,ff7143dca8408a73233321fc7219358e48f2336bad0cb63f4e76f8988e77ecce,ca0178be9c5fd168509f48974d2b3e1bbc91b2ba4e8e9e320299fd98dcf765e8,0c9085a7366142fd489e5640b36c75720ff4acbc,discovery,0train,PASS,1987,S07_0train_T260,7,5,right_hand,True,0.0,1.1733833469159707e-13,5.026965221556647e-10,4284.16274593391,True
1.0,ff7143dca8408a73233321fc7219358e48f2336bad0cb63f4e76f8988e77ecce,ca0178be9c5fd168509f48974d2b3e1bbc91b2ba4e8e9e320299fd98dcf765e8,0c9085a7366142fd489e5640b36c75720ff4acbc,discovery,0train,PASS,1988,S07_0train_T261,7,5,right_hand,True,0.0,9.643243929066929e-14,3.58427340911197e-10,3716.8751879314755,True
1.0,ff7143dca8408a73233321fc7219358e48f2336bad0cb63f4e76f8988e77ecce,ca0178be9c5fd168509f48974d2b3e1bbc91b2ba4e8e9e320299fd98dcf765e8,0c9085a7366142fd489e5640b36c75720ff4acbc,discovery,0train,PASS,1989,S07_0train_T262,7,5,tongue,True,0.0,1.0793723780513086e-13,3.5215979990029567e-10,3262.634907668126,True
1.0,ff7143dca8408a73233321fc7219358e48f2336bad0cb63f4e76f8988e77ecce,ca0178be9c5fd168509f48974d2b3e1bbc91b2ba4e8e9e320299fd98dcf765e8,0c9085a7366142fd489e5640b36c75720ff4acbc,discovery,0train,PASS,1990,S07_0train_T263,7,5,tongue,True,0.0,1.0390168612575792e-13,3.522647819653645e-10,3390.366365556369,True
1.0,ff7143dca8408a73233321fc7219358e48f2336bad0cb63f4e76f8988e77ecce,ca0178be9c5fd168509f48974d2b3e1bbc91b2ba4e8e9e320299fd98dcf765e8,0c9085a7366142fd489e5640b36c75720ff4acbc,discovery,0train,PASS,1991,S07_0train_T264,7,5,feet,True,0.0,7.490916246984694e-14,2.702498729208916e-10,3607.70116779339,True
1.0,ff7143dca8408a73233321fc7219358e48f2336bad0cb63f4e76f8988e77ecce,ca0178be9c5fd168509f48974d2b3e1bbc91b2ba4e8e9e320299fd98dcf765e8,0c9085a7366142fd489e5640b36c75720ff4acbc,discovery,0train,PASS,1992,S07_0train_T265,7,5,tongue,True,0.0,1.2024944880510858e-13,4.235450197990712e-10,3522.2200517985048,True
1.0,ff7143dca8408a73233321fc7219358e48f2336bad0cb63f4e76f8988e77ecce,ca0178be9c5fd168509f48974d2b3e1bbc91b2ba4e8e9e320299fd98dcf765e8,0c9085a7366142fd489e5640b36c75720ff4acbc,discovery,0train,PASS,1993,S07_0train_T266,7,5,left_hand,True,0.0,8.484014278508859e-14,3.3771036496906907e-10,3980.549229207859,True
1.0,ff7143dca8408a73233321fc7219358e48f2336bad0cb63f4e76f8988e77ecce,ca0178be9c5fd168509f48974d2b3e1bbc91b2ba4e8e9e320299fd98dcf765e8,0c9085a7366142fd489e5640b36c75720ff4acbc,discovery,0train,PASS,1994,S07_0train_T267,7,5,right_hand,True,0.0,7.159611571706082e-14,2.0625324549349194e-10,2880.7882023737125,True
1.0,ff7143dca8408a73233321fc7219358e48f2336bad0cb63f4e76f8988e77ecce,ca0178be9c5fd168509f48974d2b3e1bbc91b2ba4e8e9e320299fd98dcf765e8,0c9085a7366142fd489e5640b36c75720ff4acbc,discovery,0train,PASS,1995,S07_0train_T268,7,5,feet,True,0.0,1.0081554331743203e-13,3.592180432537352e-10,3563.1216321741804,True
1.0,ff7143dca8408a73233321fc7219358e48f2336bad0cb63f4e76f8988e77ecce,ca0178be9c5fd168509f48974d2b3e1bbc91b2ba4e8e9e320299fd98dcf765e8,0c9085a7366142fd489e5640b36c75720ff4acbc,discovery,0train,PASS,1996,S07_0train_T269,7,5,right_hand,True,0.0,8.438305620037926e-14,2.79738681777e-10,3315.104884477302,True
1.0,ff7143dca8408a73233321fc7219358e48f2336bad0cb63f4e76f8988e77ecce,ca0178be9c5fd168509f48974d2b3e1bbc91b2ba4e8e9e320299fd98dcf765e8,0c9085a7366142fd489e5640b36c75720ff4acbc,discovery,0train,PASS,1997,S07_0train_T270,7,5,left_hand,True,0.0,1.022716265197519e-13,4.123753385373322e-10,4032.157819037809,True
1.0,ff7143dca8408a73233321fc7219358e48f2336bad0cb63f4e76f8988e77ecce,ca0178be9c5fd168509f48974d2b3e1bbc91b2ba4e8e9e320299fd98dcf765e8,0c9085a7366142fd489e5640b36c75720ff4acbc,discovery,0train,PASS,1998,S07_0train_T271,7,5,tongue,True,0.0,1.1661852236120756e-13,3.6472036862751923e-10,3127.46518514319,True
1.0,ff7143dca8408a73233321fc7219358e48f2336bad0cb63f4e76f8988e77ecce,ca0178be9c5fd168509f48974d2b3e1bbc91b2ba4e8e9e320299fd98dcf765e8,0c9085a7366142fd489e5640b36c75720ff4acbc,discovery,0train,PASS,1999,S07_0train_T272,7,5,left_hand,True,0.0,9.174895673123931e-14,3.5471188791173876e-10,3866.113583730419,True
1.0,ff7143dca8408a73233321fc7219358e48f2336bad0cb63f4e76f8988e77ecce,ca0178be9c5fd168509f48974d2b3e1bbc91b2ba4e8e9e320299fd98dcf765e8,0c9085a7366142fd489e5640b36c75720ff4acbc,discovery,0train,PASS,2000,S07_0train_T273,7,5,tongue,True,0.0,1.0457012997208796e-13,3.8301643373880995e-10,3662.7709446382573,True
1.0,ff7143dca8408a73233321fc7219358e48f2336bad0cb63f4e76f8988e77ecce,ca0178be9c5fd168509f48974d2b3e1bbc91b2ba4e8e9e320299fd98dcf765e8,0c9085a7366142fd489e5640b36c75720ff4acbc,discovery,0train,PASS,2001,S07_0train_T274,7,5,left_hand,True,0.0,8.18065739445668e-14,2.2598040604210615e-10,2762.3746496856525,True
1.0,ff7143dca8408a73233321fc7219358e48f2336bad0cb63f4e76f8988e77ecce,ca0178be9c5fd168509f48974d2b3e1bbc91b2ba4e8e9e320299fd98dcf765e8,0c9085a7366142fd489e5640b36c75720ff4acbc,discovery,0train,PASS,2002,S07_0train_T275,7,5,left_hand,True,0.0,1.0507029907784394e-13,4.525169777979047e-10,4306.802034156639,True
1.0,ff7143dca8408a73233321fc7219358e48f2336bad0cb63f4e76f8988e77ecce,ca0178be9c5fd168509f48974d2b3e1bbc91b2ba4e8e9e320299fd98dcf765e8,0c9085a7366142fd489e5640b36c75720ff4acbc,discovery,0train,PASS,2003,S07_0train_T276,7,5,left_hand,True,0.0,1.0071013697611894e-13,3.7058345255610063e-10,3679.703589758555,True
1.0,ff7143dca8408a73233321fc7219358e48f2336bad0cb63f4e76f8988e77ecce,ca0178be9c5fd168509f48974d2b3e1bbc91b2ba4e8e9e320299fd98dcf765e8,0c9085a7366142fd489e5640b36c75720ff4acbc,discovery,0train,PASS,2004,S07_0train_T277,7,5,left_hand,True,0.0,9.206159666052577e-14,2.953798666532802e-10,3208.5025392562343,True
1.0,ff7143dca8408a73233321fc7219358e48f2336bad0cb63f4e76f8988e77ecce,ca0178be9c5fd168509f48974d2b3e1bbc91b2ba4e8e9e320299fd98dcf765e8,0c9085a7366142fd489e5640b36c75720ff4acbc,discovery,0train,PASS,2005,S07_0train_T278,7,5,feet,True,0.0,9.853358496168839e-14,3.7698393828722385e-10,3825.9435951082255,True
1.0,ff7143dca8408a73233321fc7219358e48f2336bad0cb63f4e76f8988e77ecce,ca0178be9c5fd168509f48974d2b3e1bbc91b2ba4e8e9e320299fd98dcf765e8,0c9085a7366142fd489e5640b36c75720ff4acbc,discovery,0train,PASS,2006,S07_0train_T279,7,5,feet,True,0.0,8.185447887629656e-14,2.810848961233785e-10,3433.958654213302,True
1.0,ff7143dca8408a73233321fc7219358e48f2336bad0cb63f4e76f8988e77ecce,ca0178be9c5fd168509f48974d2b3e1bbc91b2ba4e8e9e320299fd98dcf765e8,0c9085a7366142fd489e5640b36c75720ff4acbc,discovery,0train,PASS,2007,S07_0train_T280,7,5,tongue,True,0.0,9.197545702177115e-14,3.1524526798918436e-10,3427.4933574351676,True
1.0,ff7143dca8408a73233321fc7219358e48f2336bad0cb63f4e76f8988e77ecce,ca0178be9c5fd168509f48974d2b3e1bbc91b2ba4e8e9e320299fd98dcf765e8,0c9085a7366142fd489e5640b36c75720ff4acbc,discovery,0train,PASS,2008,S07_0train_T281,7,5,right_hand,True,0.0,1.1236030228944363e-13,5.281630367580716e-10,4700.619578234199,True
1.0,ff7143dca8408a73233321fc7219358e48f2336bad0cb63f4e76f8988e77ecce,ca0178be9c5fd168509f48974d2b3e1bbc91b2ba4e8e9e320299fd98dcf765e8,0c9085a7366142fd489e5640b36c75720ff4acbc,discovery,0train,PASS,2009,S07_0train_T282,7,5,feet,True,0.0,9.728532339073127e-14,3.776695283585559e-10,3882.081234820029,True
1.0,ff7143dca8408a73233321fc7219358e48f2336bad0cb63f4e76f8988e77ecce,ca0178be9c5fd168509f48974d2b3e1bbc91b2ba4e8e9e320299fd98dcf765e8,0c9085a7366142fd489e5640b36c75720ff4acbc,discovery,0train,PASS,2010,S07_0train_T283,7,5,feet,True,0.0,1.4138202612800277e-13,5.555389680674084e-10,3929.34648966228,True
1.0,ff7143dca8408a73233321fc7219358e48f2336bad0cb63f4e76f8988e77ecce,ca0178be9c5fd168509f48974d2b3e1bbc91b2ba4e8e9e320299fd98dcf765e8,0c9085a7366142fd489e5640b36c75720ff4acbc,discovery,0train,PASS,2011,S07_0train_T284,7,5,feet,True,0.0,9.860335211823242e-14,3.590390646437749e-10,3641.2460320138157,True
1.0,ff7143dca8408a73233321fc7219358e48f2336bad0cb63f4e76f8988e77ecce,ca0178be9c5fd168509f48974d2b3e1bbc91b2ba4e8e9e320299fd98dcf765e8,0c9085a7366142fd489e5640b36c75720ff4acbc,discovery,0train,PASS,2012,S07_0train_T285,7,5,tongue,True,0.0,1.0810410721422177e-13,3.7663403577329016e-10,3483.993767479554,True
1.0,ff7143dca8408a73233321fc7219358e48f2336bad0cb63f4e76f8988e77ecce,ca0178be9c5fd168509f48974d2b3e1bbc91b2ba4e8e9e320299fd98dcf765e8,0c9085a7366142fd489e5640b36c75720ff4acbc,discovery,0train,PASS,2013,S07_0train_T286,7,5,feet,True,0.0,1.223302087335172e-13,5.423124543903129e-10,4433.185065282448,True
1.0,ff7143dca8408a73233321fc7219358e48f2336bad0cb63f4e76f8988e77ecce,ca0178be9c5fd168509f48974d2b3e1bbc91b2ba4e8e9e320299fd98dcf765e8,0c9085a7366142fd489e5640b36c75720ff4acbc,discovery,0train,PASS,2014,S07_0train_T287,7,5,left_hand,True,0.0,9.662496186102654e-14,3.577095252137641e-10,3702.0405320133477,True
1.0,ff7143dca8408a73233321fc7219358e48f2336bad0cb63f4e76f8988e77ecce,ca0178be9c5fd168509f48974d2b3e1bbc91b2ba4e8e9e320299fd98dcf765e8,0c9085a7366142fd489e5640b36c75720ff4acbc,discovery,0train,PASS,2015,S07_0train_T288,7,5,feet,True,0.0,9.684604255917558e-14,2.7801188553193816e-10,2870.6581929980807,True
1.0,ff7143dca8408a73233321fc7219358e48f2336bad0cb63f4e76f8988e77ecce,ca0178be9c5fd168509f48974d2b3e1bbc91b2ba4e8e9e320299fd98dcf765e8,0c9085a7366142fd489e5640b36c75720ff4acbc,discovery,0train,PASS,2016,S08_0train_T001,8,0,left_hand,True,0.0,1.7318610971209306e-13,9.39858933962927e-10,5426.872487206748,True
1.0,ff7143dca8408a73233321fc7219358e48f2336bad0cb63f4e76f8988e77ecce,ca0178be9c5fd168509f48974d2b3e1bbc91b2ba4e8e9e320299fd98dcf765e8,0c9085a7366142fd489e5640b36c75720ff4acbc,discovery,0train,PASS,2017,S08_0train_T002,8,0,right_hand,True,0.0,1.513523964014237e-13,7.513515989136332e-10,4964.25307281468,True
1.0,ff7143dca8408a73233321fc7219358e48f2336bad0cb63f4e76f8988e77ecce,ca0178be9c5fd168509f48974d2b3e1bbc91b2ba4e8e9e320299fd98dcf765e8,0c9085a7366142fd489e5640b36c75720ff4acbc,discovery,0train,PASS,2018,S08_0train_T003,8,0,right_hand,True,0.0,2.008369305759045e-13,9.667358370055206e-10,4813.536206878802,True
1.0,ff7143dca8408a73233321fc7219358e48f2336bad0cb63f4e76f8988e77ecce,ca0178be9c5fd168509f48974d2b3e1bbc91b2ba4e8e9e320299fd98dcf765e8,0c9085a7366142fd489e5640b36c75720ff4acbc,discovery,0train,PASS,2019,S08_0train_T004,8,0,left_hand,True,0.0,1.836159773311366e-13,1.0034887097951227e-09,5465.149190069727,True
1.0,ff7143dca8408a73233321fc7219358e48f2336bad0cb63f4e76f8988e77ecce,ca0178be9c5fd168509f48974d2b3e1bbc91b2ba4e8e9e320299fd98dcf765e8,0c9085a7366142fd489e5640b36c75720ff4acbc,discovery,0train,PASS,2020,S08_0train_T005,8,0,right_hand,True,0.0,1.839856836345039e-13,8.645343358634314e-10,4698.921779049228,True
1.0,ff7143dca8408a73233321fc7219358e48f2336bad0cb63f4e76f8988e77ecce,ca0178be9c5fd168509f48974d2b3e1bbc91b2ba4e8e9e320299fd98dcf765e8,0c9085a7366142fd489e5640b36c75720ff4acbc,discovery,0train,PASS,2021,S08_0train_T006,8,0,left_hand,True,0.0,1.890460671895087e-13,8.403318338943045e-10,4445.116718836136,True
1.0,ff7143dca8408a73233321fc7219358e48f2336bad0cb63f4e76f8988e77ecce,ca0178be9c5fd168509f48974d2b3e1bbc91b2ba4e8e9e320299fd98dcf765e8,0c9085a7366142fd489e5640b36c75720ff4acbc,discovery,0train,PASS,2022,S08_0train_T007,8,0,right_hand,True,0.0,2.0960136985629434e-13,1.0184652216981814e-09,4859.058041445319,True
1.0,ff7143dca8408a73233321fc7219358e48f2336bad0cb63f4e76f8988e77ecce,ca0178be9c5fd168509f48974d2b3e1bbc91b2ba4e8e9e320299fd98dcf765e8,0c9085a7366142fd489e5640b36c75720ff4acbc,discovery,0train,PASS,2023,S08_0train_T008,8,0,feet,True,0.0,1.3685555881282035e-13,7.101675933886474e-10,5189.17608863777,True
1.0,ff7143dca8408a73233321fc7219358e48f2336bad0cb63f4e76f8988e77ecce,ca0178be9c5fd168509f48974d2b3e1bbc91b2ba4e8e9e320299fd98dcf765e8,0c9085a7366142fd489e5640b36c75720ff4acbc,discovery,0train,PASS,2024,S08_0train_T009,8,0,right_hand,True,0.0,2.308953333414877e-13,1.1723728114421115e-09,5077.507606912978,True
1.0,ff7143dca8408a73233321fc7219358e48f2336bad0cb63f4e76f8988e77ecce,ca0178be9c5fd168509f48974d2b3e1bbc91b2ba4e8e9e320299fd98dcf765e8,0c9085a7366142fd489e5640b36c75720ff4acbc,discovery,0train,PASS,2025,S08_0train_T010,8,0,tongue,True,0.0,2.190091337844658e-13,9.752655688033182e-10,4453.081713765919,True
1.0,ff7143dca8408a73233321fc7219358e48f2336bad0cb63f4e76f8988e77ecce,ca0178be9c5fd168509f48974d2b3e1bbc91b2ba4e8e9e320299fd98dcf765e8,0c9085a7366142fd489e5640b36c75720ff4acbc,discovery,0train,PASS,2026,S08_0train_T011,8,0,left_hand,True,0.0,2.1688069945440623e-13,9.782155709847336e-10,4510.385541201093,True
1.0,ff7143dca8408a73233321fc7219358e48f2336bad0cb63f4e76f8988e77ecce,ca0178be9c5fd168509f48974d2b3e1bbc91b2ba4e8e9e320299fd98dcf765e8,0c9085a7366142fd489e5640b36c75720ff4acbc,discovery,0train,PASS,2027,S08_0train_T012,8,0,feet,True,0.0,1.8587571640166568e-13,9.425151234116084e-10,5070.673790302401,True
1.0,ff7143dca8408a73233321fc7219358e48f2336bad0cb63f4e76f8988e77ecce,ca0178be9c5fd168509f48974d2b3e1bbc91b2ba4e8e9e320299fd98dcf765e8,0c9085a7366142fd489e5640b36c75720ff4acbc,discovery,0train,PASS,2028,S08_0train_T013,8,0,right_hand,True,0.0,1.9704282539567956e-13,8.204903266003654e-10,4164.020308543321,True
1.0,ff7143dca8408a73233321fc7219358e48f2336bad0cb63f4e76f8988e77ecce,ca0178be9c5fd168509f48974d2b3e1bbc91b2ba4e8e9e320299fd98dcf765e8,0c9085a7366142fd489e5640b36c75720ff4acbc,discovery,0train,PASS,2029,S08_0train_T014,8,0,left_hand,True,0.0,1.835896466634223e-13,9.648471232554107e-10,5255.454982296903,True
1.0,ff7143dca8408a73233321fc7219358e48f2336bad0cb63f4e76f8988e77ecce,ca0178be9c5fd168509f48974d2b3e1bbc91b2ba4e8e9e320299fd98dcf765e8,0c9085a7366142fd489e5640b36c75720ff4acbc,discovery,0train,PASS,2030,S08_0train_T015,8,0,tongue,True,0.0,3.098434834277207e-13,1.2057205112180018e-09,3891.38573411136,True
1.0,ff7143dca8408a73233321fc7219358e48f2336bad0cb63f4e76f8988e77ecce,ca0178be9c5fd168509f48974d2b3e1bbc91b2ba4e8e9e320299fd98dcf765e8,0c9085a7366142fd489e5640b36c75720ff4acbc,discovery,0train,PASS,2031,S08_0train_T016,8,0,tongue,True,0.0,2.5958388506684445e-13,1.2896585350732126e-09,4968.176413343677,True
1.0,ff7143dca8408a73233321fc7219358e48f2336bad0cb63f4e76f8988e77ecce,ca0178be9c5fd168509f48974d2b3e1bbc91b2ba4e8e9e320299fd98dcf765e8,0c9085a7366142fd489e5640b36c75720ff4acbc,discovery,0train,PASS,2032,S08_0train_T017,8,0,tongue,True,0.0,2.6136215826055304e-13,9.819511628843917e-10,3757.0517836996146,True
1.0,ff7143dca8408a73233321fc7219358e48f2336bad0cb63f4e76f8988e77ecce,ca0178be9c5fd168509f48974d2b3e1bbc91b2ba4e8e9e320299fd98dcf765e8,0c9085a7366142fd489e5640b36c75720ff4acbc,discovery,0train,PASS,2033,S08_0train_T018,8,0,tongue,True,0.0,3.2112719117926837e-13,1.6803215711196833e-09,5232.573314483508,True
1.0,ff7143dca8408a73233321fc7219358e48f2336bad0cb63f4e76f8988e77ecce,ca0178be9c5fd168509f48974d2b3e1bbc91b2ba4e8e9e320299fd98dcf765e8,0c9085a7366142fd489e5640b36c75720ff4acbc,discovery,0train,PASS,2034,S08_0train_T019,8,0,tongue,True,0.0,3.905940360779221e-13,1.6626324616451517e-09,4256.6765185156655,True
1.0,ff7143dca8408a73233321fc7219358e48f2336bad0cb63f4e76f8988e77ecce,ca0178be9c5fd168509f48974d2b3e1bbc91b2ba4e8e9e320299fd98dcf765e8,0c9085a7366142fd489e5640b36c75720ff4acbc,discovery,0train,PASS,2035,S08_0train_T020,8,0,left_hand,True,0.0,2.361659436739625e-13,1.2840433189431588e-09,5437.038461040078,True
1.0,ff7143dca8408a73233321fc7219358e48f2336bad0cb63f4e76f8988e77ecce,ca0178be9c5fd168509f48974d2b3e1bbc91b2ba4e8e9e320299fd98dcf765e8,0c9085a7366142fd489e5640b36c75720ff4acbc,discovery,0train,PASS,2036,S08_0train_T021,8,0,feet,True,0.0,1.9109301851586712e-13,9.40248736441979e-10,4920.371993411716,True
1.0,ff7143dca8408a73233321fc7219358e48f2336bad0cb63f4e76f8988e77ecce,ca0178be9c5fd168509f48974d2b3e1bbc91b2ba4e8e9e320299fd98dcf765e8,0c9085a7366142fd489e5640b36c75720ff4acbc,discovery,0train,PASS,2037,S08_0train_T022,8,0,right_hand,True,0.0,2.1486534212000507e-13,1.0429832184253628e-09,4854.124951630604,True
1.0,ff7143dca8408a73233321fc7219358e48f2336bad0cb63f4e76f8988e77ecce,ca0178be9c5fd168509f48974d2b3e1bbc91b2ba4e8e9e320299fd98dcf765e8,0c9085a7366142fd489e5640b36c75720ff4acbc,discovery,0train,PASS,2038,S08_0train_T023,8,0,left_hand,True,0.0,1.9991436177667084e-13,1.1141036632922221e-09,5572.9045846981935,True
1.0,ff7143dca8408a73233321fc7219358e48f2336bad0cb63f4e76f8988e77ecce,ca0178be9c5fd168509f48974d2b3e1bbc91b2ba4e8e9e320299fd98dcf765e8,0c9085a7366142fd489e5640b36c75720ff4acbc,discovery,0train,PASS,2039,S08_0train_T024,8,0,left_hand,True,0.0,2.2375346265964246e-13,9.821650140072079e-10,4389.49637843686,True
1.0,ff7143dca8408a73233321fc7219358e48f2336bad0cb63f4e76f8988e77ecce,ca0178be9c5fd168509f48974d2b3e1bbc91b2ba4e8e9e320299fd98dcf765e8,0c9085a7366142fd489e5640b36c75720ff4acbc,discovery,0train,PASS,2040,S08_0train_T025,8,0,feet,True,0.0,1.928233637084957e-13,9.087489889312533e-10,4712.857256784875,True
1.0,ff7143dca8408a73233321fc7219358e48f2336bad0cb63f4e76f8988e77ecce,ca0178be9c5fd168509f48974d2b3e1bbc91b2ba4e8e9e320299fd98dcf765e8,0c9085a7366142fd489e5640b36c75720ff4acbc,discovery,0train,PASS,2041,S08_0train_T026,8,0,tongue,True,0.0,2.448245801400961e-13,1.1563626184492882e-09,4723.229251685359,True
1.0,ff7143dca8408a73233321fc7219358e48f2336bad0cb63f4e76f8988e77ecce,ca0178be9c5fd168509f48974d2b3e1bbc91b2ba4e8e9e320299fd98dcf765e8,0c9085a7366142fd489e5640b36c75720ff4acbc,discovery,0train,PASS,2042,S08_0train_T027,8,0,left_hand,True,0.0,2.1270298614465364e-13,1.1665902331393196e-09,5484.597345266947,True
1.0,ff7143dca8408a73233321fc7219358e48f2336bad0cb63f4e76f8988e77ecce,ca0178be9c5fd168509f48974d2b3e1bbc91b2ba4e8e9e320299fd98dcf765e8,0c9085a7366142fd489e5640b36c75720ff4acbc,discovery,0train,PASS,2043,S08_0train_T028,8,0,feet,True,0.0,1.8451887635952772e-13,8.574878969777104e-10,4647.155423312513,True
1.0,ff7143dca8408a73233321fc7219358e48f2336bad0cb63f4e76f8988e77ecce,ca0178be9c5fd168509f48974d2b3e1bbc91b2ba4e8e9e320299fd98dcf765e8,0c9085a7366142fd489e5640b36c75720ff4acbc,discovery,0train,PASS,2044,S08_0train_T029,8,0,feet,True,0.0,2.8318943630821303e-13,1.2693324811928417e-09,4482.273412950851,True
1.0,ff7143dca8408a73233321fc7219358e48f2336bad0cb63f4e76f8988e77ecce,ca0178be9c5fd168509f48974d2b3e1bbc91b2ba4e8e9e320299fd98dcf765e8,0c9085a7366142fd489e5640b36c75720ff4acbc,discovery,0train,PASS,2045,S08_0train_T030,8,0,feet,True,0.0,3.260381009928169e-13,1.1481214280616374e-09,3521.433306615082,True
1.0,ff7143dca8408a73233321fc7219358e48f2336bad0cb63f4e76f8988e77ecce,ca0178be9c5fd168509f48974d2b3e1bbc91b2ba4e8e9e320299fd98dcf765e8,0c9085a7366142fd489e5640b36c75720ff4acbc,discovery,0train,PASS,2046,S08_0train_T031,8,0,left_hand,True,0.0,2.0185513447281194e-13,1.1831649164865467e-09,5861.455640336502,True
1.0,ff7143dca8408a73233321fc7219358e48f2336bad0cb63f4e76f8988e77ecce,ca0178be9c5fd168509f48974d2b3e1bbc91b2ba4e8e9e320299fd98dcf765e8,0c9085a7366142fd489e5640b36c75720ff4acbc,discovery,0train,PASS,2047,S08_0train_T032,8,0,right_hand,True,0.0,2.471741057964023e-13,1.2497005357445022e-09,5055.952490322277,True
1.0,ff7143dca8408a73233321fc7219358e48f2336bad0cb63f4e76f8988e77ecce,ca0178be9c5fd168509f48974d2b3e1bbc91b2ba4e8e9e320299fd98dcf765e8,0c9085a7366142fd489e5640b36c75720ff4acbc,discovery,0train,PASS,2048,S08_0train_T033,8,0,left_hand,True,0.0,1.8778328339684808e-13,1.086199765899646e-09,5784.3261990693145,True
1.0,ff7143dca8408a73233321fc7219358e48f2336bad0cb63f4e76f8988e77ecce,ca0178be9c5fd168509f48974d2b3e1bbc91b2ba4e8e9e320299fd98dcf765e8,0c9085a7366142fd489e5640b36c75720ff4acbc,discovery,0train,PASS,2049,S08_0train_T034,8,0,right_hand,True,0.0,2.273859241929656e-13,1.2645771700162187e-09,5561.369616454648,True
1.0,ff7143dca8408a73233321fc7219358e48f2336bad0cb63f4e76f8988e77ecce,ca0178be9c5fd168509f48974d2b3e1bbc91b2ba4e8e9e320299fd98dcf765e8,0c9085a7366142fd489e5640b36c75720ff4acbc,discovery,0train,PASS,2050,S08_0train_T035,8,0,right_hand,True,0.0,2.240659087764878e-13,1.020040335582772e-09,4552.412016413847,True
1.0,ff7143dca8408a73233321fc7219358e48f2336bad0cb63f4e76f8988e77ecce,ca0178be9c5fd168509f48974d2b3e1bbc91b2ba4e8e9e320299fd98dcf765e8,0c9085a7366142fd489e5640b36c75720ff4acbc,discovery,0train,PASS,2051,S08_0train_T036,8,0,left_hand,True,0.0,1.9257382291569342e-13,1.0630611713219077e-09,5520.278692225493,True
1.0,ff7143dca8408a73233321fc7219358e48f2336bad0cb63f4e76f8988e77ecce,ca0178be9c5fd168509f48974d2b3e1bbc91b2ba4e8e9e320299fd98dcf765e8,0c9085a7366142fd489e5640b36c75720ff4acbc,discovery,0train,PASS,2052,S08_0train_T037,8,0,right_hand,True,0.0,2.481628196528207e-13,1.2840570639812124e-09,5174.2523951718695,True
1.0,ff7143dca8408a73233321fc7219358e48f2336bad0cb63f4e76f8988e77ecce,ca0178be9c5fd168509f48974d2b3e1bbc91b2ba4e8e9e320299fd98dcf765e8,0c9085a7366142fd489e5640b36c75720ff4acbc,discovery,0train,PASS,2053,S08_0train_T038,8,0,feet,True,0.0,2.454188357616479e-13,1.235753248107425e-09,5035.28282282129,True
1.0,ff7143dca8408a73233321fc7219358e48f2336bad0cb63f4e76f8988e77ecce,ca0178be9c5fd168509f48974d2b3e1bbc91b2ba4e8e9e320299fd98dcf765e8,0c9085a7366142fd489e5640b36c75720ff4acbc,discovery,0train,PASS,2054,S08_0train_T039,8,0,right_hand,True,0.0,2.2942425216925735e-13,8.705700487138337e-10,3794.585971109855,True
1.0,ff7143dca8408a73233321fc7219358e48f2336bad0cb63f4e76f8988e77ecce,ca0178be9c5fd168509f48974d2b3e1bbc91b2ba4e8e9e320299fd98dcf765e8,0c9085a7366142fd489e5640b36c75720ff4acbc,discovery,0train,PASS,2055,S08_0train_T040,8,0,feet,True,0.0,1.9074522898819159e-13,8.284560815100757e-10,4343.259781146939,True
1.0,ff7143dca8408a73233321fc7219358e48f2336bad0cb63f4e76f8988e77ecce,ca0178be9c5fd168509f48974d2b3e1bbc91b2ba4e8e9e320299fd98dcf765e8,0c9085a7366142fd489e5640b36c75720ff4acbc,discovery,0train,PASS,2056,S08_0train_T041,8,0,feet,True,0.0,2.4992436136038655e-13,1.1178954199756097e-09,4472.934986772354,True
1.0,ff7143dca8408a73233321fc7219358e48f2336bad0cb63f4e76f8988e77ecce,ca0178be9c5fd168509f48974d2b3e1bbc91b2ba4e8e9e320299fd98dcf765e8,0c9085a7366142fd489e5640b36c75720ff4acbc,discovery,0train,PASS,2057,S08_0train_T042,8,0,tongue,True,0.0,2.89288143322806e-13,1.4526304200592822e-09,5021.396326078754,True
1.0,ff7143dca8408a73233321fc7219358e48f2336bad0cb63f4e76f8988e77ecce,ca0178be9c5fd168509f48974d2b3e1bbc91b2ba4e8e9e320299fd98dcf765e8,0c9085a7366142fd489e5640b36c75720ff4acbc,discovery,0train,PASS,2058,S08_0train_T043,8,0,feet,True,0.0,2.2746105699906675e-13,9.668060135239132e-10,4250.424341991341,True
1.0,ff7143dca8408a73233321fc7219358e48f2336bad0cb63f4e76f8988e77ecce,ca0178be9c5fd168509f48974d2b3e1bbc91b2ba4e8e9e320299fd98dcf765e8,0c9085a7366142fd489e5640b36c75720ff4acbc,discovery,0train,PASS,2059,S08_0train_T044,8,0,feet,True,0.0,2.2616848874666993e-13,1.1328019348768052e-09,5008.663855669347,True
1.0,ff7143dca8408a73233321fc7219358e48f2336bad0cb63f4e76f8988e77ecce,ca0178be9c5fd168509f48974d2b3e1bbc91b2ba4e8e9e320299fd98dcf765e8,0c9085a7366142fd489e5640b36c75720ff4acbc,discovery,0train,PASS,2060,S08_0train_T045,8,0,tongue,True,0.0,2.51726084694634e-13,1.2006066414247983e-09,4769.496347115716,True
1.0,ff7143dca8408a73233321fc7219358e48f2336bad0cb63f4e76f8988e77ecce,ca0178be9c5fd168509f48974d2b3e1bbc91b2ba4e8e9e320299fd98dcf765e8,0c9085a7366142fd489e5640b36c75720ff4acbc,discovery,0train,PASS,2061,S08_0train_T046,8,0,tongue,True,0.0,2.2233360772636523e-13,9.479065782189279e-10,4263.442616311763,True
1.0,ff7143dca8408a73233321fc7219358e48f2336bad0cb63f4e76f8988e77ecce,ca0178be9c5fd168509f48974d2b3e1bbc91b2ba4e8e9e320299fd98dcf765e8,0c9085a7366142fd489e5640b36c75720ff4acbc,discovery,0train,PASS,2062,S08_0train_T047,8,0,tongue,True,0.0,4.024565745951162e-13,2.092775400116514e-09,5200.003012056421,True
1.0,ff7143dca8408a73233321fc7219358e48f2336bad0cb63f4e76f8988e77ecce,ca0178be9c5fd168509f48974d2b3e1bbc91b2ba4e8e9e320299fd98dcf765e8,0c9085a7366142fd489e5640b36c75720ff4acbc,discovery,0train,PASS,2063,S08_0train_T048,8,0,tongue,True,0.0,2.5908299104200157e-13,1.0885393354318628e-09,4201.508292975484,True
1.0,ff7143dca8408a73233321fc7219358e48f2336bad0cb63f4e76f8988e77ecce,ca0178be9c5fd168509f48974d2b3e1bbc91b2ba4e8e9e320299fd98dcf765e8,0c9085a7366142fd489e5640b36c75720ff4acbc,discovery,0train,PASS,2064,S08_0train_T049,8,1,tongue,True,0.0,2.6763537589280164e-13,1.449064160736611e-09,5414.322213207784,True
1.0,ff7143dca8408a73233321fc7219358e48f2336bad0cb63f4e76f8988e77ecce,ca0178be9c5fd168509f48974d2b3e1bbc91b2ba4e8e9e320299fd98dcf765e8,0c9085a7366142fd489e5640b36c75720ff4acbc,discovery,0train,PASS,2065,S08_0train_T050,8,1,feet,True,0.0,2.630507602736103e-13,1.8974331241242518e-09,7213.182437300887,True
1.0,ff7143dca8408a73233321fc7219358e48f2336bad0cb63f4e76f8988e77ecce,ca0178be9c5fd168509f48974d2b3e1bbc91b2ba4e8e9e320299fd98dcf765e8,0c9085a7366142fd489e5640b36c75720ff4acbc,discovery,0train,PASS,2066,S08_0train_T051,8,1,right_hand,True,0.0,3.444202957462259e-13,2.257425614454392e-09,6554.275814563777,True
1.0,ff7143dca8408a73233321fc7219358e48f2336bad0cb63f4e76f8988e77ecce,ca0178be9c5fd168509f48974d2b3e1bbc91b2ba4e8e9e320299fd98dcf765e8,0c9085a7366142fd489e5640b36c75720ff4acbc,discovery,0train,PASS,2067,S08_0train_T052,8,1,left_hand,True,0.0,3.0335835947876143e-13,2.157020321813464e-09,7110.469365405703,True
1.0,ff7143dca8408a73233321fc7219358e48f2336bad0cb63f4e76f8988e77ecce,ca0178be9c5fd168509f48974d2b3e1bbc91b2ba4e8e9e320299fd98dcf765e8,0c9085a7366142fd489e5640b36c75720ff4acbc,discovery,0train,PASS,2068,S08_0train_T053,8,1,left_hand,True,0.0,2.7474206721759105e-13,1.911567060155771e-09,6957.678813131453,True
1.0,ff7143dca8408a73233321fc7219358e48f2336bad0cb63f4e76f8988e77ecce,ca0178be9c5fd168509f48974d2b3e1bbc91b2ba4e8e9e320299fd98dcf765e8,0c9085a7366142fd489e5640b36c75720ff4acbc,discovery,0train,PASS,2069,S08_0train_T054,8,1,right_hand,True,0.0,3.0155435893213465e-13,1.9107867516228874e-09,6336.458734635347,True
1.0,ff7143dca8408a73233321fc7219358e48f2336bad0cb63f4e76f8988e77ecce,ca0178be9c5fd168509f48974d2b3e1bbc91b2ba4e8e9e320299fd98dcf765e8,0c9085a7366142fd489e5640b36c75720ff4acbc,discovery,0train,PASS,2070,S08_0train_T055,8,1,feet,True,0.0,2.795693722814275e-13,1.7462863999232392e-09,6246.34374528461,True
1.0,ff7143dca8408a73233321fc7219358e48f2336bad0cb63f4e76f8988e77ecce,ca0178be9c5fd168509f48974d2b3e1bbc91b2ba4e8e9e320299fd98dcf765e8,0c9085a7366142fd489e5640b36c75720ff4acbc,discovery,0train,PASS,2071,S08_0train_T056,8,1,tongue,True,0.0,3.5585494475382474e-13,2.087556255595744e-09,5866.312345441441,True
1.0,ff7143dca8408a73233321fc7219358e48f2336bad0cb63f4e76f8988e77ecce,ca0178be9c5fd168509f48974d2b3e1bbc91b2ba4e8e9e320299fd98dcf765e8,0c9085a7366142fd489e5640b36c75720ff4acbc,discovery,0train,PASS,2072,S08_0train_T057,8,1,right_hand,True,0.0,3.1856988228718084e-13,2.2236622616346854e-09,6980.13963426123,True
1.0,ff7143dca8408a73233321fc7219358e48f2336bad0cb63f4e76f8988e77ecce,ca0178be9c5fd168509f48974d2b3e1bbc91b2ba4e8e9e320299fd98dcf765e8,0c9085a7366142fd489e5640b36c75720ff4acbc,discovery,0train,PASS,2073,S08_0train_T058,8,1,feet,True,0.0,2.8360676444016847e-13,1.872364523943678e-09,6601.9741371108385,True
1.0,ff7143dca8408a73233321fc7219358e48f2336bad0cb63f4e76f8988e77ecce,ca0178be9c5fd168509f48974d2b3e1bbc91b2ba4e8e9e320299fd98dcf765e8,0c9085a7366142fd489e5640b36c75720ff4acbc,discovery,0train,PASS,2074,S08_0train_T059,8,1,left_hand,True,0.0,3.1697924823523117e-13,2.3072925193672137e-09,7279.00180284031,True
1.0,ff7143dca8408a73233321fc7219358e48f2336bad0cb63f4e76f8988e77ecce,ca0178be9c5fd168509f48974d2b3e1bbc91b2ba4e8e9e320299fd98dcf765e8,0c9085a7366142fd489e5640b36c75720ff4acbc,discovery,0train,PASS,2075,S08_0train_T060,8,1,left_hand,True,0.0,3.090158957004586e-13,1.9608104925393228e-09,6345.338604975889,True
1.0,ff7143dca8408a73233321fc7219358e48f2336bad0cb63f4e76f8988e77ecce,ca0178be9c5fd168509f48974d2b3e1bbc91b2ba4e8e9e320299fd98dcf765e8,0c9085a7366142fd489e5640b36c75720ff4acbc,discovery,0train,PASS,2076,S08_0train_T061,8,1,left_hand,True,0.0,3.3448073411054856e-13,2.406861524895535e-09,7195.815123091807,True
1.0,ff7143dca8408a73233321fc7219358e48f2336bad0cb63f4e76f8988e77ecce,ca0178be9c5fd168509f48974d2b3e1bbc91b2ba4e8e9e320299fd98dcf765e8,0c9085a7366142fd489e5640b36c75720ff4acbc,discovery,0train,PASS,2077,S08_0train_T062,8,1,tongue,True,0.0,3.868879698116772e-13,1.985257455908486e-09,5131.349669194512,True
1.0,ff7143dca8408a73233321fc7219358e48f2336bad0cb63f4e76f8988e77ecce,ca0178be9c5fd168509f48974d2b3e1bbc91b2ba4e8e9e320299fd98dcf765e8,0c9085a7366142fd489e5640b36c75720ff4acbc,discovery,0train,PASS,2078,S08_0train_T063,8,1,right_hand,True,0.0,4.400575473740337e-13,3.2464986284681337e-09,7377.441082060847,True
1.0,ff7143dca8408a73233321fc7219358e48f2336bad0cb63f4e76f8988e77ecce,ca0178be9c5fd168509f48974d2b3e1bbc91b2ba4e8e9e320299fd98dcf765e8,0c9085a7366142fd489e5640b36c75720ff4acbc,discovery,0train,PASS,2079,S08_0train_T064,8,1,right_hand,True,0.0,2.482095069116639e-13,1.5349471060079342e-09,6184.078624168943,True
1.0,ff7143dca8408a73233321fc7219358e48f2336bad0cb63f4e76f8988e77ecce,ca0178be9c5fd168509f48974d2b3e1bbc91b2ba4e8e9e320299fd98dcf765e8,0c9085a7366142fd489e5640b36c75720ff4acbc,discovery,0train,PASS,2080,S08_0train_T065,8,1,left_hand,True,0.0,2.558169711642859e-13,1.5104598622532586e-09,5904.45526494503,True
1.0,ff7143dca8408a73233321fc7219358e48f2336bad0cb63f4e76f8988e77ecce,ca0178be9c5fd168509f48974d2b3e1bbc91b2ba4e8e9e320299fd98dcf765e8,0c9085a7366142fd489e5640b36c75720ff4acbc,discovery,0train,PASS,2081,S08_0train_T066,8,1,left_hand,True,0.0,2.9817716803468817e-13,2.017680148806507e-09,6766.715782114417,True
1.0,ff7143dca8408a73233321fc7219358e48f2336bad0cb63f4e76f8988e77ecce,ca0178be9c5fd168509f48974d2b3e1bbc91b2ba4e8e9e320299fd98dcf765e8,0c9085a7366142fd489e5640b36c75720ff4acbc,discovery,0train,PASS,2082,S08_0train_T067,8,1,feet,True,0.0,2.1157011530013536e-13,1.3434451810801548e-09,6349.8815944507605,True
1.0,ff7143dca8408a73233321fc7219358e48f2336bad0cb63f4e76f8988e77ecce,ca0178be9c5fd168509f48974d2b3e1bbc91b2ba4e8e9e320299fd98dcf765e8,0c9085a7366142fd489e5640b36c75720ff4acbc,discovery,0train,PASS,2083,S08_0train_T068,8,1,left_hand,True,0.0,3.1975940847617184e-13,1.906213745615966e-09,5961.400024787747,True
1.0,ff7143dca8408a73233321fc7219358e48f2336bad0cb63f4e76f8988e77ecce,ca0178be9c5fd168509f48974d2b3e1bbc91b2ba4e8e9e320299fd98dcf765e8,0c9085a7366142fd489e5640b36c75720ff4acbc,discovery,0train,PASS,2084,S08_0train_T069,8,1,right_hand,True,0.0,2.915126049157215e-13,1.8577789786700842e-09,6372.894164240967,True
1.0,ff7143dca8408a73233321fc7219358e48f2336bad0cb63f4e76f8988e77ecce,ca0178be9c5fd168509f48974d2b3e1bbc91b2ba4e8e9e320299fd98dcf765e8,0c9085a7366142fd489e5640b36c75720ff4acbc,discovery,0train,PASS,2085,S08_0train_T070,8,1,tongue,True,0.0,4.543878462074502e-13,2.0775115102507177e-09,4572.110648624683,True
1.0,ff7143dca8408a73233321fc7219358e48f2336bad0cb63f4e76f8988e77ecce,ca0178be9c5fd168509f48974d2b3e1bbc91b2ba4e8e9e320299fd98dcf765e8,0c9085a7366142fd489e5640b36c75720ff4acbc,discovery,0train,PASS,2086,S08_0train_T071,8,1,tongue,True,0.0,3.323934225195097e-13,1.938417577493316e-09,5831.696556448982,True
1.0,ff7143dca8408a73233321fc7219358e48f2336bad0cb63f4e76f8988e77ecce,ca0178be9c5fd168509f48974d2b3e1bbc91b2ba4e8e9e320299fd98dcf765e8,0c9085a7366142fd489e5640b36c75720ff4acbc,discovery,0train,PASS,2087,S08_0train_T072,8,1,feet,True,0.0,2.741987371304856e-13,1.5988973752107759e-09,5831.162433289739,True
1.0,ff7143dca8408a73233321fc7219358e48f2336bad0cb63f4e76f8988e77ecce,ca0178be9c5fd168509f48974d2b3e1bbc91b2ba4e8e9e320299fd98dcf765e8,0c9085a7366142fd489e5640b36c75720ff4acbc,discovery,0train,PASS,2088,S08_0train_T073,8,1,left_hand,True,0.0,2.75956460151784e-13,1.5835631549500209e-09,5738.452921446433,True
1.0,ff7143dca8408a73233321fc7219358e48f2336bad0cb63f4e76f8988e77ecce,ca0178be9c5fd168509f48974d2b3e1bbc91b2ba4e8e9e320299fd98dcf765e8,0c9085a7366142fd489e5640b36c75720ff4acbc,discovery,0train,PASS,2089,S08_0train_T074,8,1,tongue,True,0.0,5.033479978374541e-13,3.108039963872631e-09,6174.733936015991,True
1.0,ff7143dca8408a73233321fc7219358e48f2336bad0cb63f4e76f8988e77ecce,ca0178be9c5fd168509f48974d2b3e1bbc91b2ba4e8e9e320299fd98dcf765e8,0c9085a7366142fd489e5640b36c75720ff4acbc,discovery,0train,PASS,2090,S08_0train_T075,8,1,tongue,True,0.0,3.7400269032969476e-13,2.480536786577152e-09,6632.4035915102195,True
1.0,ff7143dca8408a73233321fc7219358e48f2336bad0cb63f4e76f8988e77ecce,ca0178be9c5fd168509f48974d2b3e1bbc91b2ba4e8e9e320299fd98dcf765e8,0c9085a7366142fd489e5640b36c75720ff4acbc,discovery,0train,PASS,2091,S08_0train_T076,8,1,right_hand,True,0.0,2.957825971134427e-13,1.807641710558029e-09,6111.386295877092,True
1.0,ff7143dca8408a73233321fc7219358e48f2336bad0cb63f4e76f8988e77ecce,ca0178be9c5fd168509f48974d2b3e1bbc91b2ba4e8e9e320299fd98dcf765e8,0c9085a7366142fd489e5640b36c75720ff4acbc,discovery,0train,PASS,2092,S08_0train_T077,8,1,tongue,True,0.0,3.1937499163846027e-13,1.902974545881667e-09,5958.433176370545,True
1.0,ff7143dca8408a73233321fc7219358e48f2336bad0cb63f4e76f8988e77ecce,ca0178be9c5fd168509f48974d2b3e1bbc91b2ba4e8e9e320299fd98dcf765e8,0c9085a7366142fd489e5640b36c75720ff4acbc,discovery,0train,PASS,2093,S08_0train_T078,8,1,tongue,True,0.0,3.065306252236467e-13,1.5245812032548297e-09,4973.666830655127,True
1.0,ff7143dca8408a73233321fc7219358e48f2336bad0cb63f4e76f8988e77ecce,ca0178be9c5fd168509f48974d2b3e1bbc91b2ba4e8e9e320299fd98dcf765e8,0c9085a7366142fd489e5640b36c75720ff4acbc,discovery,0train,PASS,2094,S08_0train_T079,8,1,right_hand,True,0.0,3.1507208176398045e-13,2.0235007901614784e-09,6422.342401245429,True
1.0,ff7143dca8408a73233321fc7219358e48f2336bad0cb63f4e76f8988e77ecce,ca0178be9c5fd168509f48974d2b3e1bbc91b2ba4e8e9e320299fd98dcf765e8,0c9085a7366142fd489e5640b36c75720ff4acbc,discovery,0train,PASS,2095,S08_0train_T080,8,1,left_hand,True,0.0,3.2462180350324183e-13,2.078031650059948e-09,6401.392721112142,True
1.0,ff7143dca8408a73233321fc7219358e48f2336bad0cb63f4e76f8988e77ecce,ca0178be9c5fd168509f48974d2b3e1bbc91b2ba4e8e9e320299fd98dcf765e8,0c9085a7366142fd489e5640b36c75720ff4acbc,discovery,0train,PASS,2096,S08_0train_T081,8,1,right_hand,True,0.0,2.8006560972881255e-13,1.8726487036433895e-09,6686.4643090477075,True
1.0,ff7143dca8408a73233321fc7219358e48f2336bad0cb63f4e76f8988e77ecce,ca0178be9c5fd168509f48974d2b3e1bbc91b2ba4e8e9e320299fd98dcf765e8,0c9085a7366142fd489e5640b36c75720ff4acbc,discovery,0train,PASS,2097,S08_0train_T082,8,1,feet,True,0.0,3.4510885609491144e-13,2.047694749940253e-09,5933.474942112463,True
1.0,ff7143dca8408a73233321fc7219358e48f2336bad0cb63f4e76f8988e77ecce,ca0178be9c5fd168509f48974d2b3e1bbc91b2ba4e8e9e320299fd98dcf765e8,0c9085a7366142fd489e5640b36c75720ff4acbc,discovery,0train,PASS,2098,S08_0train_T083,8,1,feet,True,0.0,2.940111817590516e-13,1.5666559440947921e-09,5328.55905248767,True
1.0,ff7143dca8408a73233321fc7219358e48f2336bad0cb63f4e76f8988e77ecce,ca0178be9c5fd168509f48974d2b3e1bbc91b2ba4e8e9e320299fd98dcf765e8,0c9085a7366142fd489e5640b36c75720ff4acbc,discovery,0train,PASS,2099,S08_0train_T084,8,1,feet,True,0.0,2.2149276214653678e-13,1.2017620699509921e-09,5425.739686951584,True
1.0,ff7143dca8408a73233321fc7219358e48f2336bad0cb63f4e76f8988e77ecce,ca0178be9c5fd168509f48974d2b3e1bbc91b2ba4e8e9e320299fd98dcf765e8,0c9085a7366142fd489e5640b36c75720ff4acbc,discovery,0train,PASS,2100,S08_0train_T085,8,1,tongue,True,0.0,4.568150943786992e-13,2.3050892341542074e-09,5046.000586493954,True
1.0,ff7143dca8408a73233321fc7219358e48f2336bad0cb63f4e76f8988e77ecce,ca0178be9c5fd168509f48974d2b3e1bbc91b2ba4e8e9e320299fd98dcf765e8,0c9085a7366142fd489e5640b36c75720ff4acbc,discovery,0train,PASS,2101,S08_0train_T086,8,1,feet,True,0.0,2.702996375296748e-13,1.5952542496846047e-09,5901.799441035025,True
1.0,ff7143dca8408a73233321fc7219358e48f2336bad0cb63f4e76f8988e77ecce,ca0178be9c5fd168509f48974d2b3e1bbc91b2ba4e8e9e320299fd98dcf765e8,0c9085a7366142fd489e5640b36c75720ff4acbc,discovery,0train,PASS,2102,S08_0train_T087,8,1,left_hand,True,0.0,2.876517321214628e-13,1.7573801531333416e-09,6109.402297606456,True
1.0,ff7143dca8408a73233321fc7219358e48f2336bad0cb63f4e76f8988e77ecce,ca0178be9c5fd168509f48974d2b3e1bbc91b2ba4e8e9e320299fd98dcf765e8,0c9085a7366142fd489e5640b36c75720ff4acbc,discovery,0train,PASS,2103,S08_0train_T088,8,1,tongue,True,0.0,3.408572200464167e-13,1.995234422936175e-09,5853.578289069163,True
1.0,ff7143dca8408a73233321fc7219358e48f2336bad0cb63f4e76f8988e77ecce,ca0178be9c5fd168509f48974d2b3e1bbc91b2ba4e8e9e320299fd98dcf765e8,0c9085a7366142fd489e5640b36c75720ff4acbc,discovery,0train,PASS,2104,S08_0train_T089,8,1,right_hand,True,0.0,2.1844090326193075e-13,8.663727094722036e-10,3966.1652031961385,True
1.0,ff7143dca8408a73233321fc7219358e48f2336bad0cb63f4e76f8988e77ecce,ca0178be9c5fd168509f48974d2b3e1bbc91b2ba4e8e9e320299fd98dcf765e8,0c9085a7366142fd489e5640b36c75720ff4acbc,discovery,0train,PASS,2105,S08_0train_T090,8,1,feet,True,0.0,3.144315262891323e-13,1.592820271012458e-09,5065.7142742989345,True
1.0,ff7143dca8408a73233321fc7219358e48f2336bad0cb63f4e76f8988e77ecce,ca0178be9c5fd168509f48974d2b3e1bbc91b2ba4e8e9e320299fd98dcf765e8,0c9085a7366142fd489e5640b36c75720ff4acbc,discovery,0train,PASS,2106,S08_0train_T091,8,1,right_hand,True,0.0,2.3653072339569993e-13,1.1224902502218846e-09,4745.642486130794,True
1.0,ff7143dca8408a73233321fc7219358e48f2336bad0cb63f4e76f8988e77ecce,ca0178be9c5fd168509f48974d2b3e1bbc91b2ba4e8e9e320299fd98dcf765e8,0c9085a7366142fd489e5640b36c75720ff4acbc,discovery,0train,PASS,2107,S08_0train_T092,8,1,feet,True,0.0,2.385487593631258e-13,1.3528496431112343e-09,5671.166124372449,True
1.0,ff7143dca8408a73233321fc7219358e48f2336bad0cb63f4e76f8988e77ecce,ca0178be9c5fd168509f48974d2b3e1bbc91b2ba4e8e9e320299fd98dcf765e8,0c9085a7366142fd489e5640b36c75720ff4acbc,discovery,0train,PASS,2108,S08_0train_T093,8,1,tongue,True,0.0,2.9532432946731463e-13,1.1895833633460763e-09,4028.0574427842216,True
1.0,ff7143dca8408a73233321fc7219358e48f2336bad0cb63f4e76f8988e77ecce,ca0178be9c5fd168509f48974d2b3e1bbc91b2ba4e8e9e320299fd98dcf765e8,0c9085a7366142fd489e5640b36c75720ff4acbc,discovery,0train,PASS,2109,S08_0train_T094,8,1,right_hand,True,0.0,2.4688413989626455e-13,1.174085022440616e-09,4755.6113686927865,True
1.0,ff7143dca8408a73233321fc7219358e48f2336bad0cb63f4e76f8988e77ecce,ca0178be9c5fd168509f48974d2b3e1bbc91b2ba4e8e9e320299fd98dcf765e8,0c9085a7366142fd489e5640b36c75720ff4acbc,discovery,0train,PASS,2110,S08_0train_T095,8,1,feet,True,0.0,1.8444760896609123e-13,8.635407327817857e-10,4681.767021119469,True
1.0,ff7143dca8408a73233321fc7219358e48f2336bad0cb63f4e76f8988e77ecce,ca0178be9c5fd168509f48974d2b3e1bbc91b2ba4e8e9e320299fd98dcf765e8,0c9085a7366142fd489e5640b36c75720ff4acbc,discovery,0train,PASS,2111,S08_0train_T096,8,1,left_hand,True,0.0,1.9085548774882395e-13,8.096838130424173e-10,4242.392097774022,True
1.0,ff7143dca8408a73233321fc7219358e48f2336bad0cb63f4e76f8988e77ecce,ca0178be9c5fd168509f48974d2b3e1bbc91b2ba4e8e9e320299fd98dcf765e8,0c9085a7366142fd489e5640b36c75720ff4acbc,discovery,0train,PASS,2112,S08_0train_T097,8,2,left_hand,True,0.0,1.9397204053404416e-13,1.2331865813407976e-09,6357.548118510204,True
1.0,ff7143dca8408a73233321fc7219358e48f2336bad0cb63f4e76f8988e77ecce,ca0178be9c5fd168509f48974d2b3e1bbc91b2ba4e8e9e320299fd98dcf765e8,0c9085a7366142fd489e5640b36c75720ff4acbc,discovery,0train,PASS,2113,S08_0train_T098,8,2,left_hand,True,0.0,2.3250628509696996e-13,1.375443967336148e-09,5915.728113597016,True
1.0,ff7143dca8408a73233321fc7219358e48f2336bad0cb63f4e76f8988e77ecce,ca0178be9c5fd168509f48974d2b3e1bbc91b2ba4e8e9e320299fd98dcf765e8,0c9085a7366142fd489e5640b36c75720ff4acbc,discovery,0train,PASS,2114,S08_0train_T099,8,2,tongue,True,0.0,2.729803579588015e-13,1.2929494080266174e-09,4736.419197683633,True
1.0,ff7143dca8408a73233321fc7219358e48f2336bad0cb63f4e76f8988e77ecce,ca0178be9c5fd168509f48974d2b3e1bbc91b2ba4e8e9e320299fd98dcf765e8,0c9085a7366142fd489e5640b36c75720ff4acbc,discovery,0train,PASS,2115,S08_0train_T100,8,2,right_hand,True,0.0,1.74154820250417e-13,9.463289332646291e-10,5433.837156524889,True
1.0,ff7143dca8408a73233321fc7219358e48f2336bad0cb63f4e76f8988e77ecce,ca0178be9c5fd168509f48974d2b3e1bbc91b2ba4e8e9e320299fd98dcf765e8,0c9085a7366142fd489e5640b36c75720ff4acbc,discovery,0train,PASS,2116,S08_0train_T101,8,2,left_hand,True,0.0,2.2522333008988437e-13,1.280663718476656e-09,5686.194755958701,True
1.0,ff7143dca8408a73233321fc7219358e48f2336bad0cb63f4e76f8988e77ecce,ca0178be9c5fd168509f48974d2b3e1bbc91b2ba4e8e9e320299fd98dcf765e8,0c9085a7366142fd489e5640b36c75720ff4acbc,discovery,0train,PASS,2117,S08_0train_T102,8,2,feet,True,0.0,2.1805433438286773e-13,1.0942512610935483e-09,5018.250447488112,True
1.0,ff7143dca8408a73233321fc7219358e48f2336bad0cb63f4e76f8988e77ecce,ca0178be9c5fd168509f48974d2b3e1bbc91b2ba4e8e9e320299fd98dcf765e8,0c9085a7366142fd489e5640b36c75720ff4acbc,discovery,0train,PASS,2118,S08_0train_T103,8,2,left_hand,True,0.0,2.7897339725143283e-13,1.5216199316134103e-09,5454.354955006718,True
1.0,ff7143dca8408a73233321fc7219358e48f2336bad0cb63f4e76f8988e77ecce,ca0178be9c5fd168509f48974d2b3e1bbc91b2ba4e8e9e320299fd98dcf765e8,0c9085a7366142fd489e5640b36c75720ff4acbc,discovery,0train,PASS,2119,S08_0train_T104,8,2,feet,True,0.0,2.2721821526296583e-13,1.0116168227241698e-09,4452.181888469629,True
1.0,ff7143dca8408a73233321fc7219358e48f2336bad0cb63f4e76f8988e77ecce,ca0178be9c5fd168509f48974d2b3e1bbc91b2ba4e8e9e320299fd98dcf765e8,0c9085a7366142fd489e5640b36c75720ff4acbc,discovery,0train,PASS,2120,S08_0train_T105,8,2,right_hand,True,0.0,2.494728027572029e-13,1.3045436624748254e-09,5229.201933264287,True
1.0,ff7143dca8408a73233321fc7219358e48f2336bad0cb63f4e76f8988e77ecce,ca0178be9c5fd168509f48974d2b3e1bbc91b2ba4e8e9e320299fd98dcf765e8,0c9085a7366142fd489e5640b36c75720ff4acbc,discovery,0train,PASS,2121,S08_0train_T106,8,2,tongue,True,0.0,4.331777945746732e-13,1.697362526263046e-09,3918.3968973516876,True
1.0,ff7143dca8408a73233321fc7219358e48f2336bad0cb63f4e76f8988e77ecce,ca0178be9c5fd168509f48974d2b3e1bbc91b2ba4e8e9e320299fd98dcf765e8,0c9085a7366142fd489e5640b36c75720ff4acbc,discovery,0train,PASS,2122,S08_0train_T107,8,2,left_hand,True,0.0,1.898474820376887e-13,8.659973742405054e-10,4561.542586425175,True
1.0,ff7143dca8408a73233321fc7219358e48f2336bad0cb63f4e76f8988e77ecce,ca0178be9c5fd168509f48974d2b3e1bbc91b2ba4e8e9e320299fd98dcf765e8,0c9085a7366142fd489e5640b36c75720ff4acbc,discovery,0train,PASS,2123,S08_0train_T108,8,2,feet,True,0.0,2.1835151319695522e-13,8.881429562760057e-10,4067.491648088063,True
1.0,ff7143dca8408a73233321fc7219358e48f2336bad0cb63f4e76f8988e77ecce,ca0178be9c5fd168509f48974d2b3e1bbc91b2ba4e8e9e320299fd98dcf765e8,0c9085a7366142fd489e5640b36c75720ff4acbc,discovery,0train,PASS,2124,S08_0train_T109,8,2,feet,True,0.0,2.432435050485417e-13,1.1723862450834344e-09,4819.80493106886,True
1.0,ff7143dca8408a73233321fc7219358e48f2336bad0cb63f4e76f8988e77ecce,ca0178be9c5fd168509f48974d2b3e1bbc91b2ba4e8e9e320299fd98dcf765e8,0c9085a7366142fd489e5640b36c75720ff4acbc,discovery,0train,PASS,2125,S08_0train_T110,8,2,left_hand,True,0.0,2.2435917904401093e-13,1.2765775861857705e-09,5689.8834789164275,True
1.0,ff7143dca8408a73233321fc7219358e48f2336bad0cb63f4e76f8988e77ecce,ca0178be9c5fd168509f48974d2b3e1bbc91b2ba4e8e9e320299fd98dcf765e8,0c9085a7366142fd489e5640b36c75720ff4acbc,discovery,0train,PASS,2126,S08_0train_T111,8,2,feet,True,0.0,2.6464522449857684e-13,1.2543267802145376e-09,4739.653937043867,True
1.0,ff7143dca8408a73233321fc7219358e48f2336bad0cb63f4e76f8988e77ecce,ca0178be9c5fd168509f48974d2b3e1bbc91b2ba4e8e9e320299fd98dcf765e8,0c9085a7366142fd489e5640b36c75720ff4acbc,discovery,0train,PASS,2127,S08_0train_T112,8,2,right_hand,True,0.0,2.4156885844757957e-13,1.2852631184028214e-09,5320.483470685951,True
1.0,ff7143dca8408a73233321fc7219358e48f2336bad0cb63f4e76f8988e77ecce,ca0178be9c5fd168509f48974d2b3e1bbc91b2ba4e8e9e320299fd98dcf765e8,0c9085a7366142fd489e5640b36c75720ff4acbc,discovery,0train,PASS,2128,S08_0train_T113,8,2,tongue,True,0.0,3.9295821737410547e-13,1.6702871677396095e-09,4250.546480236744,True
1.0,ff7143dca8408a73233321fc7219358e48f2336bad0cb63f4e76f8988e77ecce,ca0178be9c5fd168509f48974d2b3e1bbc91b2ba4e8e9e320299fd98dcf765e8,0c9085a7366142fd489e5640b36c75720ff4acbc,discovery,0train,PASS,2129,S08_0train_T114,8,2,tongue,True,0.0,2.782553278337493e-13,1.4165463246594341e-09,5090.814740861981,True
1.0,ff7143dca8408a73233321fc7219358e48f2336bad0cb63f4e76f8988e77ecce,ca0178be9c5fd168509f48974d2b3e1bbc91b2ba4e8e9e320299fd98dcf765e8,0c9085a7366142fd489e5640b36c75720ff4acbc,discovery,0train,PASS,2130,S08_0train_T115,8,2,tongue,True,0.0,3.612214594513615e-13,1.6761323929008308e-09,4640.179449600286,True
1.0,ff7143dca8408a73233321fc7219358e48f2336bad0cb63f4e76f8988e77ecce,ca0178be9c5fd168509f48974d2b3e1bbc91b2ba4e8e9e320299fd98dcf765e8,0c9085a7366142fd489e5640b36c75720ff4acbc,discovery,0train,PASS,2131,S08_0train_T116,8,2,feet,True,0.0,2.3015210360718216e-13,1.2945759019070507e-09,5624.871037966267,True
1.0,ff7143dca8408a73233321fc7219358e48f2336bad0cb63f4e76f8988e77ecce,ca0178be9c5fd168509f48974d2b3e1bbc91b2ba4e8e9e320299fd98dcf765e8,0c9085a7366142fd489e5640b36c75720ff4acbc,discovery,0train,PASS,2132,S08_0train_T117,8,2,left_hand,True,0.0,2.7535158330896476e-13,1.3994310113637877e-09,5082.342344091492,True
1.0,ff7143dca8408a73233321fc7219358e48f2336bad0cb63f4e76f8988e77ecce,ca0178be9c5fd168509f48974d2b3e1bbc91b2ba4e8e9e320299fd98dcf765e8,0c9085a7366142fd489e5640b36c75720ff4acbc,discovery,0train,PASS,2133,S08_0train_T118,8,2,tongue,True,0.0,3.088543998123807e-13,1.5640326196235126e-09,5063.980375780992,True
1.0,ff7143dca8408a73233321fc7219358e48f2336bad0cb63f4e76f8988e77ecce,ca0178be9c5fd168509f48974d2b3e1bbc91b2ba4e8e9e320299fd98dcf765e8,0c9085a7366142fd489e5640b36c75720ff4acbc,discovery,0train,PASS,2134,S08_0train_T119,8,2,right_hand,True,0.0,2.6238719474255504e-13,1.4353305745930325e-09,5470.276764082667,True
1.0,ff7143dca8408a73233321fc7219358e48f2336bad0cb63f4e76f8988e77ecce,ca0178be9c5fd168509f48974d2b3e1bbc91b2ba4e8e9e320299fd98dcf765e8,0c9085a7366142fd489e5640b36c75720ff4acbc,discovery,0train,PASS,2135,S08_0train_T120,8,2,tongue,True,0.0,3.0676661676554613e-13,1.6552343461209117e-09,5395.7446986024715,True
1.0,ff7143dca8408a73233321fc7219358e48f2336bad0cb63f4e76f8988e77ecce,ca0178be9c5fd168509f48974d2b3e1bbc91b2ba4e8e9e320299fd98dcf765e8,0c9085a7366142fd489e5640b36c75720ff4acbc,discovery,0train,PASS,2136,S08_0train_T121,8,2,right_hand,True,0.0,2.8163051293139703e-13,1.5940874493037392e-09,5660.208592852459,True
1.0,ff7143dca8408a73233321fc7219358e48f2336bad0cb63f4e76f8988e77ecce,ca0178be9c5fd168509f48974d2b3e1bbc91b2ba4e8e9e320299fd98dcf765e8,0c9085a7366142fd489e5640b36c75720ff4acbc,discovery,0train,PASS,2137,S08_0train_T122,8,2,left_hand,True,0.0,2.591956513457518e-13,1.6037988690283497e-09,6187.5994473725805,True
1.0,ff7143dca8408a73233321fc7219358e48f2336bad0cb63f4e76f8988e77ecce,ca0178be9c5fd168509f48974d2b3e1bbc91b2ba4e8e9e320299fd98dcf765e8,0c9085a7366142fd489e5640b36c75720ff4acbc,discovery,0train,PASS,2138,S08_0train_T123,8,2,feet,True,0.0,2.454336637037814e-13,1.0335000969995994e-09,4210.914189208171,True
1.0,ff7143dca8408a73233321fc7219358e48f2336bad0cb63f4e76f8988e77ecce,ca0178be9c5fd168509f48974d2b3e1bbc91b2ba4e8e9e320299fd98dcf765e8,0c9085a7366142fd489e5640b36c75720ff4acbc,discovery,0train,PASS,2139,S08_0train_T124,8,2,right_hand,True,0.0,2.717885519724742e-13,1.128501216763957e-09,4152.1293247047715,True
1.0,ff7143dca8408a73233321fc7219358e48f2336bad0cb63f4e76f8988e77ecce,ca0178be9c5fd168509f48974d2b3e1bbc91b2ba4e8e9e320299fd98dcf765e8,0c9085a7366142fd489e5640b36c75720ff4acbc,discovery,0train,PASS,2140,S08_0train_T125,8,2,left_hand,True,0.0,2.099739591617729e-13,1.195283500425287e-09,5692.532089202497,True
1.0,ff7143dca8408a73233321fc7219358e48f2336bad0cb63f4e76f8988e77ecce,ca0178be9c5fd168509f48974d2b3e1bbc91b2ba4e8e9e320299fd98dcf765e8,0c9085a7366142fd489e5640b36c75720ff4acbc,discovery,0train,PASS,2141,S08_0train_T126,8,2,feet,True,0.0,3.1018444292325503e-13,1.5316182443991696e-09,4937.766156048381,True
1.0,ff7143dca8408a73233321fc7219358e48f2336bad0cb63f4e76f8988e77ecce,ca0178be9c5fd168509f48974d2b3e1bbc91b2ba4e8e9e320299fd98dcf765e8,0c9085a7366142fd489e5640b36c75720ff4acbc,discovery,0train,PASS,2142,S08_0train_T127,8,2,feet,True,0.0,2.4207477522351585e-13,1.0624150179123052e-09,4388.7886167872775,True
1.0,ff7143dca8408a73233321fc7219358e48f2336bad0cb63f4e76f8988e77ecce,ca0178be9c5fd168509f48974d2b3e1bbc91b2ba4e8e9e320299fd98dcf765e8,0c9085a7366142fd489e5640b36c75720ff4acbc,discovery,0train,PASS,2143,S08_0train_T128,8,2,left_hand,True,0.0,2.8722796723968313e-13,1.6124056442886468e-09,5613.679126667852,True
1.0,ff7143dca8408a73233321fc7219358e48f2336bad0cb63f4e76f8988e77ecce,ca0178be9c5fd168509f48974d2b3e1bbc91b2ba4e8e9e320299fd98dcf765e8,0c9085a7366142fd489e5640b36c75720ff4acbc,discovery,0train,PASS,2144,S08_0train_T129,8,2,feet,True,0.0,2.7562085883345563e-13,1.4428398558724436e-09,5234.871779948563,True
1.0,ff7143dca8408a73233321fc7219358e48f2336bad0cb63f4e76f8988e77ecce,ca0178be9c5fd168509f48974d2b3e1bbc91b2ba4e8e9e320299fd98dcf765e8,0c9085a7366142fd489e5640b36c75720ff4acbc,discovery,0train,PASS,2145,S08_0train_T130,8,2,tongue,True,0.0,3.3482196727381325e-13,2.037124793192901e-09,6084.202926646583,True
1.0,ff7143dca8408a73233321fc7219358e48f2336bad0cb63f4e76f8988e77ecce,ca0178be9c5fd168509f48974d2b3e1bbc91b2ba4e8e9e320299fd98dcf765e8,0c9085a7366142fd489e5640b36c75720ff4acbc,discovery,0train,PASS,2146,S08_0train_T131,8,2,tongue,True,0.0,2.5047406084917157e-13,1.3279359628083572e-09,5301.690555526238,True
1.0,ff7143dca8408a73233321fc7219358e48f2336bad0cb63f4e76f8988e77ecce,ca0178be9c5fd168509f48974d2b3e1bbc91b2ba4e8e9e320299fd98dcf765e8,0c9085a7366142fd489e5640b36c75720ff4acbc,discovery,0train,PASS,2147,S08_0train_T132,8,2,right_hand,True,0.0,2.487555198284156e-13,1.442567618612829e-09,5799.138124082113,True
1.0,ff7143dca8408a73233321fc7219358e48f2336bad0cb63f4e76f8988e77ecce,ca0178be9c5fd168509f48974d2b3e1bbc91b2ba4e8e9e320299fd98dcf765e8,0c9085a7366142fd489e5640b36c75720ff4acbc,discovery,0train,PASS,2148,S08_0train_T133,8,2,left_hand,True,0.0,1.947850331155125e-13,1.080185687571862e-09,5545.527139815123,True
1.0,ff7143dca8408a73233321fc7219358e48f2336bad0cb63f4e76f8988e77ecce,ca0178be9c5fd168509f48974d2b3e1bbc91b2ba4e8e9e320299fd98dcf765e8,0c9085a7366142fd489e5640b36c75720ff4acbc,discovery,0train,PASS,2149,S08_0train_T134,8,2,right_hand,True,0.0,2.4984199155061325e-13,1.1615879854665133e-09,4649.290450565423,True
1.0,ff7143dca8408a73233321fc7219358e48f2336bad0cb63f4e76f8988e77ecce,ca0178be9c5fd168509f48974d2b3e1bbc91b2ba4e8e9e320299fd98dcf765e8,0c9085a7366142fd489e5640b36c75720ff4acbc,discovery,0train,PASS,2150,S08_0train_T135,8,2,tongue,True,0.0,3.536008355535325e-13,2.160410016225655e-09,6109.742395952527,True
1.0,ff7143dca8408a73233321fc7219358e48f2336bad0cb63f4e76f8988e77ecce,ca0178be9c5fd168509f48974d2b3e1bbc91b2ba4e8e9e320299fd98dcf765e8,0c9085a7366142fd489e5640b36c75720ff4acbc,discovery,0train,PASS,2151,S08_0train_T136,8,2,right_hand,True,0.0,2.4704175497905913e-13,1.2759618792999553e-09,5164.9644385343445,True
1.0,ff7143dca8408a73233321fc7219358e48f2336bad0cb63f4e76f8988e77ecce,ca0178be9c5fd168509f48974d2b3e1bbc91b2ba4e8e9e320299fd98dcf765e8,0c9085a7366142fd489e5640b36c75720ff4acbc,discovery,0train,PASS,2152,S08_0train_T137,8,2,tongue,True,0.0,4.3956570678701744e-13,1.850418012975666e-09,4209.650535527896,True
1.0,ff7143dca8408a73233321fc7219358e48f2336bad0cb63f4e76f8988e77ecce,ca0178be9c5fd168509f48974d2b3e1bbc91b2ba4e8e9e320299fd98dcf765e8,0c9085a7366142fd489e5640b36c75720ff4acbc,discovery,0train,PASS,2153,S08_0train_T138,8,2,feet,True,0.0,2.486155581768669e-13,1.233424081684676e-09,4961.170132430768,True
1.0,ff7143dca8408a73233321fc7219358e48f2336bad0cb63f4e76f8988e77ecce,ca0178be9c5fd168509f48974d2b3e1bbc91b2ba4e8e9e320299fd98dcf765e8,0c9085a7366142fd489e5640b36c75720ff4acbc,discovery,0train,PASS,2154,S08_0train_T139,8,2,right_hand,True,0.0,2.70378109633697e-13,1.604698983482849e-09,5935.018133150143,True
1.0,ff7143dca8408a73233321fc7219358e48f2336bad0cb63f4e76f8988e77ecce,ca0178be9c5fd168509f48974d2b3e1bbc91b2ba4e8e9e320299fd98dcf765e8,0c9085a7366142fd489e5640b36c75720ff4acbc,discovery,0train,PASS,2155,S08_0train_T140,8,2,right_hand,True,0.0,2.7786850871995096e-13,1.5004949997694263e-09,5400.018183714716,True
1.0,ff7143dca8408a73233321fc7219358e48f2336bad0cb63f4e76f8988e77ecce,ca0178be9c5fd168509f48974d2b3e1bbc91b2ba4e8e9e320299fd98dcf765e8,0c9085a7366142fd489e5640b36c75720ff4acbc,discovery,0train,PASS,2156,S08_0train_T141,8,2,right_hand,True,0.0,1.781459473430257e-13,8.026424578976663e-10,4505.533074811703,True
1.0,ff7143dca8408a73233321fc7219358e48f2336bad0cb63f4e76f8988e77ecce,ca0178be9c5fd168509f48974d2b3e1bbc91b2ba4e8e9e320299fd98dcf765e8,0c9085a7366142fd489e5640b36c75720ff4acbc,discovery,0train,PASS,2157,S08_0train_T142,8,2,feet,True,0.0,2.2096508391408284e-13,1.2161507584385232e-09,5503.814163288329,True
1.0,ff7143dca8408a73233321fc7219358e48f2336bad0cb63f4e76f8988e77ecce,ca0178be9c5fd168509f48974d2b3e1bbc91b2ba4e8e9e320299fd98dcf765e8,0c9085a7366142fd489e5640b36c75720ff4acbc,discovery,0train,PASS,2158,S08_0train_T143,8,2,tongue,True,0.0,3.073104247190285e-13,1.2600040203389578e-09,4100.1017830454975,True
1.0,ff7143dca8408a73233321fc7219358e48f2336bad0cb63f4e76f8988e77ecce,ca0178be9c5fd168509f48974d2b3e1bbc91b2ba4e8e9e320299fd98dcf765e8,0c9085a7366142fd489e5640b36c75720ff4acbc,discovery,0train,PASS,2159,S08_0train_T144,8,2,left_hand,True,0.0,2.547212978573219e-13,1.3173989410216006e-09,5171.923008022363,True
1.0,ff7143dca8408a73233321fc7219358e48f2336bad0cb63f4e76f8988e77ecce,ca0178be9c5fd168509f48974d2b3e1bbc91b2ba4e8e9e320299fd98dcf765e8,0c9085a7366142fd489e5640b36c75720ff4acbc,discovery,0train,PASS,2160,S08_0train_T145,8,3,right_hand,True,0.0,2.1751901235731884e-13,1.4636801255076826e-09,6728.975594571443,True
1.0,ff7143dca8408a73233321fc7219358e48f2336bad0cb63f4e76f8988e77ecce,ca0178be9c5fd168509f48974d2b3e1bbc91b2ba4e8e9e320299fd98dcf765e8,0c9085a7366142fd489e5640b36c75720ff4acbc,discovery,0train,PASS,2161,S08_0train_T146,8,3,tongue,True,0.0,2.989709231629077e-13,1.2689221638146541e-09,4244.299580676028,True
1.0,ff7143dca8408a73233321fc7219358e48f2336bad0cb63f4e76f8988e77ecce,ca0178be9c5fd168509f48974d2b3e1bbc91b2ba4e8e9e320299fd98dcf765e8,0c9085a7366142fd489e5640b36c75720ff4acbc,discovery,0train,PASS,2162,S08_0train_T147,8,3,left_hand,True,0.0,2.792899926234609e-13,1.960841697653463e-09,7020.8090137231375,True
1.0,ff7143dca8408a73233321fc7219358e48f2336bad0cb63f4e76f8988e77ecce,ca0178be9c5fd168509f48974d2b3e1bbc91b2ba4e8e9e320299fd98dcf765e8,0c9085a7366142fd489e5640b36c75720ff4acbc,discovery,0train,PASS,2163,S08_0train_T148,8,3,feet,True,0.0,2.570906428050739e-13,1.321983513030601e-09,5142.091126330602,True
1.0,ff7143dca8408a73233321fc7219358e48f2336bad0cb63f4e76f8988e77ecce,ca0178be9c5fd168509f48974d2b3e1bbc91b2ba4e8e9e320299fd98dcf765e8,0c9085a7366142fd489e5640b36c75720ff4acbc,discovery,0train,PASS,2164,S08_0train_T149,8,3,feet,True,0.0,2.2545953143264146e-13,9.074796774014194e-10,4025.0224580660015,True
1.0,ff7143dca8408a73233321fc7219358e48f2336bad0cb63f4e76f8988e77ecce,ca0178be9c5fd168509f48974d2b3e1bbc91b2ba4e8e9e320299fd98dcf765e8,0c9085a7366142fd489e5640b36c75720ff4acbc,discovery,0train,PASS,2165,S08_0train_T150,8,3,tongue,True,0.0,1.9732839579878265e-13,7.532421521503115e-10,3817.201012055044,True
1.0,ff7143dca8408a73233321fc7219358e48f2336bad0cb63f4e76f8988e77ecce,ca0178be9c5fd168509f48974d2b3e1bbc91b2ba4e8e9e320299fd98dcf765e8,0c9085a7366142fd489e5640b36c75720ff4acbc,discovery,0train,PASS,2166,S08_0train_T151,8,3,left_hand,True,0.0,1.6678388045542445e-13,8.22415728632263e-10,4931.026466026291,True
1.0,ff7143dca8408a73233321fc7219358e48f2336bad0cb63f4e76f8988e77ecce,ca0178be9c5fd168509f48974d2b3e1bbc91b2ba4e8e9e320299fd98dcf765e8,0c9085a7366142fd489e5640b36c75720ff4acbc,discovery,0train,PASS,2167,S08_0train_T152,8,3,left_hand,True,0.0,2.4862984313331013e-13,1.1464717903027692e-09,4611.159207014642,True
1.0,ff7143dca8408a73233321fc7219358e48f2336bad0cb63f4e76f8988e77ecce,ca0178be9c5fd168509f48974d2b3e1bbc91b2ba4e8e9e320299fd98dcf765e8,0c9085a7366142fd489e5640b36c75720ff4acbc,discovery,0train,PASS,2168,S08_0train_T153,8,3,feet,True,0.0,2.310214603269042e-13,1.1452334355858555e-09,4957.259961759858,True
1.0,ff7143dca8408a73233321fc7219358e48f2336bad0cb63f4e76f8988e77ecce,ca0178be9c5fd168509f48974d2b3e1bbc91b2ba4e8e9e320299fd98dcf765e8,0c9085a7366142fd489e5640b36c75720ff4acbc,discovery,0train,PASS,2169,S08_0train_T154,8,3,right_hand,True,0.0,2.2203339468888645e-13,1.1530559621026203e-09,5193.164585526804,True
1.0,ff7143dca8408a73233321fc7219358e48f2336bad0cb63f4e76f8988e77ecce,ca0178be9c5fd168509f48974d2b3e1bbc91b2ba4e8e9e320299fd98dcf765e8,0c9085a7366142fd489e5640b36c75720ff4acbc,discovery,0train,PASS,2170,S08_0train_T155,8,3,tongue,True,0.0,2.99815674959085e-13,1.2538749359502739e-09,4182.152704728953,True
1.0,ff7143dca8408a73233321fc7219358e48f2336bad0cb63f4e76f8988e77ecce,ca0178be9c5fd168509f48974d2b3e1bbc91b2ba4e8e9e320299fd98dcf765e8,0c9085a7366142fd489e5640b36c75720ff4acbc,discovery,0train,PASS,2171,S08_0train_T156,8,3,tongue,True,0.0,3.4249568480750735e-13,1.3112294576595184e-09,3828.455410749096,True
1.0,ff7143dca8408a73233321fc7219358e48f2336bad0cb63f4e76f8988e77ecce,ca0178be9c5fd168509f48974d2b3e1bbc91b2ba4e8e9e320299fd98dcf765e8,0c9085a7366142fd489e5640b36c75720ff4acbc,discovery,0train,PASS,2172,S08_0train_T157,8,3,tongue,True,0.0,2.408653197723218e-13,8.226114084419063e-10,3415.233912542829,True
1.0,ff7143dca8408a73233321fc7219358e48f2336bad0cb63f4e76f8988e77ecce,ca0178be9c5fd168509f48974d2b3e1bbc91b2ba4e8e9e320299fd98dcf765e8,0c9085a7366142fd489e5640b36c75720ff4acbc,discovery,0train,PASS,2173,S08_0train_T158,8,3,right_hand,True,0.0,2.702141938527154e-13,1.0837968950300348e-09,4010.8807001484743,True
1.0,ff7143dca8408a73233321fc7219358e48f2336bad0cb63f4e76f8988e77ecce,ca0178be9c5fd168509f48974d2b3e1bbc91b2ba4e8e9e320299fd98dcf765e8,0c9085a7366142fd489e5640b36c75720ff4acbc,discovery,0train,PASS,2174,S08_0train_T159,8,3,left_hand,True,0.0,2.383900457267992e-13,1.0037907141314516e-09,4210.707334994265,True
1.0,ff7143dca8408a73233321fc7219358e48f2336bad0cb63f4e76f8988e77ecce,ca0178be9c5fd168509f48974d2b3e1bbc91b2ba4e8e9e320299fd98dcf765e8,0c9085a7366142fd489e5640b36c75720ff4acbc,discovery,0train,PASS,2175,S08_0train_T160,8,3,feet,True,0.0,2.0215117818989624e-13,8.726674034322845e-10,4316.904859255979,True
1.0,ff7143dca8408a73233321fc7219358e48f2336bad0cb63f4e76f8988e77ecce,ca0178be9c5fd168509f48974d2b3e1bbc91b2ba4e8e9e320299fd98dcf765e8,0c9085a7366142fd489e5640b36c75720ff4acbc,discovery,0train,PASS,2176,S08_0train_T161,8,3,right_hand,True,0.0,2.6336647925685607e-13,1.187580449242178e-09,4509.231594670613,True
1.0,ff7143dca8408a73233321fc7219358e48f2336bad0cb63f4e76f8988e77ecce,ca0178be9c5fd168509f48974d2b3e1bbc91b2ba4e8e9e320299fd98dcf765e8,0c9085a7366142fd489e5640b36c75720ff4acbc,discovery,0train,PASS,2177,S08_0train_T162,8,3,tongue,True,0.0,2.7393177847541226e-13,1.1720159362026127e-09,4278.495699643009,True
1.0,ff7143dca8408a73233321fc7219358e48f2336bad0cb63f4e76f8988e77ecce,ca0178be9c5fd168509f48974d2b3e1bbc91b2ba4e8e9e320299fd98dcf765e8,0c9085a7366142fd489e5640b36c75720ff4acbc,discovery,0train,PASS,2178,S08_0train_T163,8,3,left_hand,True,0.0,2.0440736500544841e-13,9.04494994899108e-10,4424.962842581524,True
1.0,ff7143dca8408a73233321fc7219358e48f2336bad0cb63f4e76f8988e77ecce,ca0178be9c5fd168509f48974d2b3e1bbc91b2ba4e8e9e320299fd98dcf765e8,0c9085a7366142fd489e5640b36c75720ff4acbc,discovery,0train,PASS,2179,S08_0train_T164,8,3,tongue,True,0.0,4.528372721170092e-13,2.5448098282268535e-09,5619.7004639876395,True
1.0,ff7143dca8408a73233321fc7219358e48f2336bad0cb63f4e76f8988e77ecce,ca0178be9c5fd168509f48974d2b3e1bbc91b2ba4e8e9e320299fd98dcf765e8,0c9085a7366142fd489e5640b36c75720ff4acbc,discovery,0train,PASS,2180,S08_0train_T165,8,3,feet,True,0.0,2.814794460948204e-13,1.3008761775630863e-09,4621.567207166051,True
1.0,ff7143dca8408a73233321fc7219358e48f2336bad0cb63f4e76f8988e77ecce,ca0178be9c5fd168509f48974d2b3e1bbc91b2ba4e8e9e320299fd98dcf765e8,0c9085a7366142fd489e5640b36c75720ff4acbc,discovery,0train,PASS,2181,S08_0train_T166,8,3,right_hand,True,0.0,2.217144156719431e-13,1.0347605338797264e-09,4667.087301219045,True
1.0,ff7143dca8408a73233321fc7219358e48f2336bad0cb63f4e76f8988e77ecce,ca0178be9c5fd168509f48974d2b3e1bbc91b2ba4e8e9e320299fd98dcf765e8,0c9085a7366142fd489e5640b36c75720ff4acbc,discovery,0train,PASS,2182,S08_0train_T167,8,3,tongue,True,0.0,3.287086812413442e-13,1.9080298990024144e-09,5804.6227796506,True
1.0,ff7143dca8408a73233321fc7219358e48f2336bad0cb63f4e76f8988e77ecce,ca0178be9c5fd168509f48974d2b3e1bbc91b2ba4e8e9e320299fd98dcf765e8,0c9085a7366142fd489e5640b36c75720ff4acbc,discovery,0train,PASS,2183,S08_0train_T168,8,3,tongue,True,0.0,2.771991652794173e-13,1.320161996030885e-09,4762.50350429504,True
1.0,ff7143dca8408a73233321fc7219358e48f2336bad0cb63f4e76f8988e77ecce,ca0178be9c5fd168509f48974d2b3e1bbc91b2ba4e8e9e320299fd98dcf765e8,0c9085a7366142fd489e5640b36c75720ff4acbc,discovery,0train,PASS,2184,S08_0train_T169,8,3,left_hand,True,0.0,2.109850780970746e-13,1.0973327712655267e-09,5200.997061795251,True
1.0,ff7143dca8408a73233321fc7219358e48f2336bad0cb63f4e76f8988e77ecce,ca0178be9c5fd168509f48974d2b3e1bbc91b2ba4e8e9e320299fd98dcf765e8,0c9085a7366142fd489e5640b36c75720ff4acbc,discovery,0train,PASS,2185,S08_0train_T170,8,3,right_hand,True,0.0,2.0347512389625417e-13,8.815143505567475e-10,4332.295435810645,True
1.0,ff7143dca8408a73233321fc7219358e48f2336bad0cb63f4e76f8988e77ecce,ca0178be9c5fd168509f48974d2b3e1bbc91b2ba4e8e9e320299fd98dcf765e8,0c9085a7366142fd489e5640b36c75720ff4acbc,discovery,0train,PASS,2186,S08_0train_T171,8,3,right_hand,True,0.0,1.9857961967420804e-13,7.947676954532256e-10,4002.262149344079,True
1.0,ff7143dca8408a73233321fc7219358e48f2336bad0cb63f4e76f8988e77ecce,ca0178be9c5fd168509f48974d2b3e1bbc91b2ba4e8e9e320299fd98dcf765e8,0c9085a7366142fd489e5640b36c75720ff4acbc,discovery,0train,PASS,2187,S08_0train_T172,8,3,feet,True,0.0,2.1724674103864314e-13,1.0934888727417011e-09,5033.395978755764,True
1.0,ff7143dca8408a73233321fc7219358e48f2336bad0cb63f4e76f8988e77ecce,ca0178be9c5fd168509f48974d2b3e1bbc91b2ba4e8e9e320299fd98dcf765e8,0c9085a7366142fd489e5640b36c75720ff4acbc,discovery,0train,PASS,2188,S08_0train_T173,8,3,tongue,True,0.0,3.513028856119706e-13,1.631064275761919e-09,4642.900307865677,True
1.0,ff7143dca8408a73233321fc7219358e48f2336bad0cb63f4e76f8988e77ecce,ca0178be9c5fd168509f48974d2b3e1bbc91b2ba4e8e9e320299fd98dcf765e8,0c9085a7366142fd489e5640b36c75720ff4acbc,discovery,0train,PASS,2189,S08_0train_T174,8,3,right_hand,True,0.0,2.608361158500366e-13,1.1872113374017097e-09,4551.560406168129,True
1.0,ff7143dca8408a73233321fc7219358e48f2336bad0cb63f4e76f8988e77ecce,ca0178be9c5fd168509f48974d2b3e1bbc91b2ba4e8e9e320299fd98dcf765e8,0c9085a7366142fd489e5640b36c75720ff4acbc,discovery,0train,PASS,2190,S08_0train_T175,8,3,left_hand,True,0.0,2.2681979108828914e-13,1.2253058751876241e-09,5402.111823260944,True
1.0,ff7143dca8408a73233321fc7219358e48f2336bad0cb63f4e76f8988e77ecce,ca0178be9c5fd168509f48974d2b3e1bbc91b2ba4e8e9e320299fd98dcf765e8,0c9085a7366142fd489e5640b36c75720ff4acbc,discovery,0train,PASS,2191,S08_0train_T176,8,3,left_hand,True,0.0,2.412283112615684e-13,1.3965310294729587e-09,5789.250118153312,True
1.0,ff7143dca8408a73233321fc7219358e48f2336bad0cb63f4e76f8988e77ecce,ca0178be9c5fd168509f48974d2b3e1bbc91b2ba4e8e9e320299fd98dcf765e8,0c9085a7366142fd489e5640b36c75720ff4acbc,discovery,0train,PASS,2192,S08_0train_T177,8,3,tongue,True,0.0,3.018580649472308e-13,1.3985062294377752e-09,4632.992759965697,True
1.0,ff7143dca8408a73233321fc7219358e48f2336bad0cb63f4e76f8988e77ecce,ca0178be9c5fd168509f48974d2b3e1bbc91b2ba4e8e9e320299fd98dcf765e8,0c9085a7366142fd489e5640b36c75720ff4acbc,discovery,0train,PASS,2193,S08_0train_T178,8,3,right_hand,True,0.0,2.844057591679631e-13,1.3639119566295953e-09,4795.655195660444,True
1.0,ff7143dca8408a73233321fc7219358e48f2336bad0cb63f4e76f8988e77ecce,ca0178be9c5fd168509f48974d2b3e1bbc91b2ba4e8e9e320299fd98dcf765e8,0c9085a7366142fd489e5640b36c75720ff4acbc,discovery,0train,PASS,2194,S08_0train_T179,8,3,left_hand,True,0.0,2.358804290332065e-13,1.1499150479382814e-09,4874.9913362943735,True
1.0,ff7143dca8408a73233321fc7219358e48f2336bad0cb63f4e76f8988e77ecce,ca0178be9c5fd168509f48974d2b3e1bbc91b2ba4e8e9e320299fd98dcf765e8,0c9085a7366142fd489e5640b36c75720ff4acbc,discovery,0train,PASS,2195,S08_0train_T180,8,3,feet,True,0.0,2.3414891510492907e-13,1.172190486240947e-09,5006.17517580918,True
1.0,ff7143dca8408a73233321fc7219358e48f2336bad0cb63f4e76f8988e77ecce,ca0178be9c5fd168509f48974d2b3e1bbc91b2ba4e8e9e320299fd98dcf765e8,0c9085a7366142fd489e5640b36c75720ff4acbc,discovery,0train,PASS,2196,S08_0train_T181,8,3,right_hand,True,0.0,2.3526929539014735e-13,8.583935878495066e-10,3648.557651460772,True
1.0,ff7143dca8408a73233321fc7219358e48f2336bad0cb63f4e76f8988e77ecce,ca0178be9c5fd168509f48974d2b3e1bbc91b2ba4e8e9e320299fd98dcf765e8,0c9085a7366142fd489e5640b36c75720ff4acbc,discovery,0train,PASS,2197,S08_0train_T182,8,3,right_hand,True,0.0,2.334025387131586e-13,8.227955825497572e-10,3525.221221183616,True
1.0,ff7143dca8408a73233321fc7219358e48f2336bad0cb63f4e76f8988e77ecce,ca0178be9c5fd168509f48974d2b3e1bbc91b2ba4e8e9e320299fd98dcf765e8,0c9085a7366142fd489e5640b36c75720ff4acbc,discovery,0train,PASS,2198,S08_0train_T183,8,3,feet,True,0.0,2.2457745444570558e-13,1.2419323880518217e-09,5530.084892613628,True
1.0,ff7143dca8408a73233321fc7219358e48f2336bad0cb63f4e76f8988e77ecce,ca0178be9c5fd168509f48974d2b3e1bbc91b2ba4e8e9e320299fd98dcf765e8,0c9085a7366142fd489e5640b36c75720ff4acbc,discovery,0train,PASS,2199,S08_0train_T184,8,3,left_hand,True,0.0,2.4543087465633594e-13,1.1874542364281931e-09,4838.243102425167,True
1.0,ff7143dca8408a73233321fc7219358e48f2336bad0cb63f4e76f8988e77ecce,ca0178be9c5fd168509f48974d2b3e1bbc91b2ba4e8e9e320299fd98dcf765e8,0c9085a7366142fd489e5640b36c75720ff4acbc,discovery,0train,PASS,2200,S08_0train_T185,8,3,tongue,True,0.0,3.197268483047816e-13,1.4392992165093386e-09,4501.652658012998,True
1.0,ff7143dca8408a73233321fc7219358e48f2336bad0cb63f4e76f8988e77ecce,ca0178be9c5fd168509f48974d2b3e1bbc91b2ba4e8e9e320299fd98dcf765e8,0c9085a7366142fd489e5640b36c75720ff4acbc,discovery,0train,PASS,2201,S08_0train_T186,8,3,feet,True,0.0,2.477988341343576e-13,1.268885757890517e-09,5120.6284417081715,True
1.0,ff7143dca8408a73233321fc7219358e48f2336bad0cb63f4e76f8988e77ecce,ca0178be9c5fd168509f48974d2b3e1bbc91b2ba4e8e9e320299fd98dcf765e8,0c9085a7366142fd489e5640b36c75720ff4acbc,discovery,0train,PASS,2202,S08_0train_T187,8,3,feet,True,0.0,2.1556227643573118e-13,9.954367854375737e-10,4617.861723752756,True
1.0,ff7143dca8408a73233321fc7219358e48f2336bad0cb63f4e76f8988e77ecce,ca0178be9c5fd168509f48974d2b3e1bbc91b2ba4e8e9e320299fd98dcf765e8,0c9085a7366142fd489e5640b36c75720ff4acbc,discovery,0train,PASS,2203,S08_0train_T188,8,3,feet,True,0.0,2.86301519032223e-13,1.2305235514626562e-09,4297.998682026419,True
1.0,ff7143dca8408a73233321fc7219358e48f2336bad0cb63f4e76f8988e77ecce,ca0178be9c5fd168509f48974d2b3e1bbc91b2ba4e8e9e320299fd98dcf765e8,0c9085a7366142fd489e5640b36c75720ff4acbc,discovery,0train,PASS,2204,S08_0train_T189,8,3,feet,True,0.0,2.8401425928800356e-13,1.232034906881401e-09,4337.933278314948,True
1.0,ff7143dca8408a73233321fc7219358e48f2336bad0cb63f4e76f8988e77ecce,ca0178be9c5fd168509f48974d2b3e1bbc91b2ba4e8e9e320299fd98dcf765e8,0c9085a7366142fd489e5640b36c75720ff4acbc,discovery,0train,PASS,2205,S08_0train_T190,8,3,left_hand,True,0.0,2.2522618393434627e-13,1.0055217163499103e-09,4464.497416708091,True
1.0,ff7143dca8408a73233321fc7219358e48f2336bad0cb63f4e76f8988e77ecce,ca0178be9c5fd168509f48974d2b3e1bbc91b2ba4e8e9e320299fd98dcf765e8,0c9085a7366142fd489e5640b36c75720ff4acbc,discovery,0train,PASS,2206,S08_0train_T191,8,3,right_hand,True,0.0,1.813228612621961e-13,8.725495674186241e-10,4812.132134606578,True
1.0,ff7143dca8408a73233321fc7219358e48f2336bad0cb63f4e76f8988e77ecce,ca0178be9c5fd168509f48974d2b3e1bbc91b2ba4e8e9e320299fd98dcf765e8,0c9085a7366142fd489e5640b36c75720ff4acbc,discovery,0train,PASS,2207,S08_0train_T192,8,3,left_hand,True,0.0,2.618790511864633e-13,1.3762562012188486e-09,5255.312309188586,True
1.0,ff7143dca8408a73233321fc7219358e48f2336bad0cb63f4e76f8988e77ecce,ca0178be9c5fd168509f48974d2b3e1bbc91b2ba4e8e9e320299fd98dcf765e8,0c9085a7366142fd489e5640b36c75720ff4acbc,discovery,0train,PASS,2208,S08_0train_T193,8,4,right_hand,True,0.0,2.1927582489946642e-13,8.745068909562803e-10,3988.1591660057566,True
1.0,ff7143dca8408a73233321fc7219358e48f2336bad0cb63f4e76f8988e77ecce,ca0178be9c5fd168509f48974d2b3e1bbc91b2ba4e8e9e320299fd98dcf765e8,0c9085a7366142fd489e5640b36c75720ff4acbc,discovery,0train,PASS,2209,S08_0train_T194,8,4,left_hand,True,0.0,2.1869712140214352e-13,1.2920753077921569e-09,5908.0581377030085,True
1.0,ff7143dca8408a73233321fc7219358e48f2336bad0cb63f4e76f8988e77ecce,ca0178be9c5fd168509f48974d2b3e1bbc91b2ba4e8e9e320299fd98dcf765e8,0c9085a7366142fd489e5640b36c75720ff4acbc,discovery,0train,PASS,2210,S08_0train_T195,8,4,left_hand,True,0.0,2.379738498955736e-13,1.1508896122845017e-09,4836.202014589119,True
1.0,ff7143dca8408a73233321fc7219358e48f2336bad0cb63f4e76f8988e77ecce,ca0178be9c5fd168509f48974d2b3e1bbc91b2ba4e8e9e320299fd98dcf765e8,0c9085a7366142fd489e5640b36c75720ff4acbc,discovery,0train,PASS,2211,S08_0train_T196,8,4,feet,True,0.0,2.54464066442859e-13,8.720561302950374e-10,3427.0305528221265,True
1.0,ff7143dca8408a73233321fc7219358e48f2336bad0cb63f4e76f8988e77ecce,ca0178be9c5fd168509f48974d2b3e1bbc91b2ba4e8e9e320299fd98dcf765e8,0c9085a7366142fd489e5640b36c75720ff4acbc,discovery,0train,PASS,2212,S08_0train_T197,8,4,feet,True,0.0,2.47277066802551e-13,9.107543931390362e-10,3683.133276027846,True
1.0,ff7143dca8408a73233321fc7219358e48f2336bad0cb63f4e76f8988e77ecce,ca0178be9c5fd168509f48974d2b3e1bbc91b2ba4e8e9e320299fd98dcf765e8,0c9085a7366142fd489e5640b36c75720ff4acbc,discovery,0train,PASS,2213,S08_0train_T198,8,4,right_hand,True,0.0,2.109896322371031e-13,8.690220565676585e-10,4118.7903280056935,True
1.0,ff7143dca8408a73233321fc7219358e48f2336bad0cb63f4e76f8988e77ecce,ca0178be9c5fd168509f48974d2b3e1bbc91b2ba4e8e9e320299fd98dcf765e8,0c9085a7366142fd489e5640b36c75720ff4acbc,discovery,0train,PASS,2214,S08_0train_T199,8,4,feet,True,0.0,2.689381487107261e-13,1.1701888236481376e-09,4351.14478647955,True
1.0,ff7143dca8408a73233321fc7219358e48f2336bad0cb63f4e76f8988e77ecce,ca0178be9c5fd168509f48974d2b3e1bbc91b2ba4e8e9e320299fd98dcf765e8,0c9085a7366142fd489e5640b36c75720ff4acbc,discovery,0train,PASS,2215,S08_0train_T200,8,4,tongue,True,0.0,3.383820923215242e-13,1.4714011364037448e-09,4348.342213705705,True
1.0,ff7143dca8408a73233321fc7219358e48f2336bad0cb63f4e76f8988e77ecce,ca0178be9c5fd168509f48974d2b3e1bbc91b2ba4e8e9e320299fd98dcf765e8,0c9085a7366142fd489e5640b36c75720ff4acbc,discovery,0train,PASS,2216,S08_0train_T201,8,4,left_hand,True,0.0,2.0787672361693326e-13,1.0510212918503126e-09,5055.983534679389,True
1.0,ff7143dca8408a73233321fc7219358e48f2336bad0cb63f4e76f8988e77ecce,ca0178be9c5fd168509f48974d2b3e1bbc91b2ba4e8e9e320299fd98dcf765e8,0c9085a7366142fd489e5640b36c75720ff4acbc,discovery,0train,PASS,2217,S08_0train_T202,8,4,tongue,True,0.0,3.693922922865918e-13,1.6227876201590504e-09,4393.127994397933,True
1.0,ff7143dca8408a73233321fc7219358e48f2336bad0cb63f4e76f8988e77ecce,ca0178be9c5fd168509f48974d2b3e1bbc91b2ba4e8e9e320299fd98dcf765e8,0c9085a7366142fd489e5640b36c75720ff4acbc,discovery,0train,PASS,2218,S08_0train_T203,8,4,left_hand,True,0.0,2.527871112685127e-13,1.0848712374464454e-09,4291.639838765694,True
1.0,ff7143dca8408a73233321fc7219358e48f2336bad0cb63f4e76f8988e77ecce,ca0178be9c5fd168509f48974d2b3e1bbc91b2ba4e8e9e320299fd98dcf765e8,0c9085a7366142fd489e5640b36c75720ff4acbc,discovery,0train,PASS,2219,S08_0train_T204,8,4,left_hand,True,0.0,3.595545398676694e-13,2.152257102787683e-09,5985.898839101853,True
1.0,ff7143dca8408a73233321fc7219358e48f2336bad0cb63f4e76f8988e77ecce,ca0178be9c5fd168509f48974d2b3e1bbc91b2ba4e8e9e320299fd98dcf765e8,0c9085a7366142fd489e5640b36c75720ff4acbc,discovery,0train,PASS,2220,S08_0train_T205,8,4,right_hand,True,0.0,2.2061492416942468e-13,9.991164670531773e-10,4528.780048832463,True
1.0,ff7143dca8408a73233321fc7219358e48f2336bad0cb63f4e76f8988e77ecce,ca0178be9c5fd168509f48974d2b3e1bbc91b2ba4e8e9e320299fd98dcf765e8,0c9085a7366142fd489e5640b36c75720ff4acbc,discovery,0train,PASS,2221,S08_0train_T206,8,4,tongue,True,0.0,3.5590349408656146e-13,1.5071944642223501e-09,4234.840312794951,True
1.0,ff7143dca8408a73233321fc7219358e48f2336bad0cb63f4e76f8988e77ecce,ca0178be9c5fd168509f48974d2b3e1bbc91b2ba4e8e9e320299fd98dcf765e8,0c9085a7366142fd489e5640b36c75720ff4acbc,discovery,0train,PASS,2222,S08_0train_T207,8,4,feet,True,0.0,2.3046946186255255e-13,7.730732082213128e-10,3354.341186783169,True
1.0,ff7143dca8408a73233321fc7219358e48f2336bad0cb63f4e76f8988e77ecce,ca0178be9c5fd168509f48974d2b3e1bbc91b2ba4e8e9e320299fd98dcf765e8,0c9085a7366142fd489e5640b36c75720ff4acbc,discovery,0train,PASS,2223,S08_0train_T208,8,4,right_hand,True,0.0,2.0690391119076552e-13,1.0275898436188503e-09,4966.50758173156,True
1.0,ff7143dca8408a73233321fc7219358e48f2336bad0cb63f4e76f8988e77ecce,ca0178be9c5fd168509f48974d2b3e1bbc91b2ba4e8e9e320299fd98dcf765e8,0c9085a7366142fd489e5640b36c75720ff4acbc,discovery,0train,PASS,2224,S08_0train_T209,8,4,tongue,True,0.0,2.8601920185288156e-13,1.6732438781038704e-09,5850.11029771536,True
1.0,ff7143dca8408a73233321fc7219358e48f2336bad0cb63f4e76f8988e77ecce,ca0178be9c5fd168509f48974d2b3e1bbc91b2ba4e8e9e320299fd98dcf765e8,0c9085a7366142fd489e5640b36c75720ff4acbc,discovery,0train,PASS,2225,S08_0train_T210,8,4,feet,True,0.0,1.9962843298935603e-13,9.6225941434975e-10,4820.252305447173,True
1.0,ff7143dca8408a73233321fc7219358e48f2336bad0cb63f4e76f8988e77ecce,ca0178be9c5fd168509f48974d2b3e1bbc91b2ba4e8e9e320299fd98dcf765e8,0c9085a7366142fd489e5640b36c75720ff4acbc,discovery,0train,PASS,2226,S08_0train_T211,8,4,tongue,True,0.0,3.8918529139222076e-13,2.0534636892024376e-09,5276.313711282984,True
1.0,ff7143dca8408a73233321fc7219358e48f2336bad0cb63f4e76f8988e77ecce,ca0178be9c5fd168509f48974d2b3e1bbc91b2ba4e8e9e320299fd98dcf765e8,0c9085a7366142fd489e5640b36c75720ff4acbc,discovery,0train,PASS,2227,S08_0train_T212,8,4,feet,True,0.0,2.123245289211188e-13,9.31459404999802e-10,4386.960892991553,True
1.0,ff7143dca8408a73233321fc7219358e48f2336bad0cb63f4e76f8988e77ecce,ca0178be9c5fd168509f48974d2b3e1bbc91b2ba4e8e9e320299fd98dcf765e8,0c9085a7366142fd489e5640b36c75720ff4acbc,discovery,0train,PASS,2228,S08_0train_T213,8,4,tongue,True,0.0,2.7343285123054557e-13,9.171733112770464e-10,3354.2908511155065,True
1.0,ff7143dca8408a73233321fc7219358e48f2336bad0cb63f4e76f8988e77ecce,ca0178be9c5fd168509f48974d2b3e1bbc91b2ba4e8e9e320299fd98dcf765e8,0c9085a7366142fd489e5640b36c75720ff4acbc,discovery,0train,PASS,2229,S08_0train_T214,8,4,right_hand,True,0.0,2.5977494065239313e-13,1.3545404337816417e-09,5214.28445091693,True
1.0,ff7143dca8408a73233321fc7219358e48f2336bad0cb63f4e76f8988e77ecce,ca0178be9c5fd168509f48974d2b3e1bbc91b2ba4e8e9e320299fd98dcf765e8,0c9085a7366142fd489e5640b36c75720ff4acbc,discovery,0train,PASS,2230,S08_0train_T215,8,4,right_hand,True,0.0,2.453356695278349e-13,1.3249741759334199e-09,5400.6585283070435,True
1.0,ff7143dca8408a73233321fc7219358e48f2336bad0cb63f4e76f8988e77ecce,ca0178be9c5fd168509f48974d2b3e1bbc91b2ba4e8e9e320299fd98dcf765e8,0c9085a7366142fd489e5640b36c75720ff4acbc,discovery,0train,PASS,2231,S08_0train_T216,8,4,tongue,True,0.0,4.831267713419378e-13,2.8285546130228176e-09,5854.68407218709,True
1.0,ff7143dca8408a73233321fc7219358e48f2336bad0cb63f4e76f8988e77ecce,ca0178be9c5fd168509f48974d2b3e1bbc91b2ba4e8e9e320299fd98dcf765e8,0c9085a7366142fd489e5640b36c75720ff4acbc,discovery,0train,PASS,2232,S08_0train_T217,8,4,left_hand,True,0.0,2.56095584236075e-13,1.2053905562824935e-09,4706.79945489156,True
1.0,ff7143dca8408a73233321fc7219358e48f2336bad0cb63f4e76f8988e77ecce,ca0178be9c5fd168509f48974d2b3e1bbc91b2ba4e8e9e320299fd98dcf765e8,0c9085a7366142fd489e5640b36c75720ff4acbc,discovery,0train,PASS,2233,S08_0train_T218,8,4,right_hand,True,0.0,2.9255225589774287e-13,1.350659986152133e-09,4616.816171891818,True
1.0,ff7143dca8408a73233321fc7219358e48f2336bad0cb63f4e76f8988e77ecce,ca0178be9c5fd168509f48974d2b3e1bbc91b2ba4e8e9e320299fd98dcf765e8,0c9085a7366142fd489e5640b36c75720ff4acbc,discovery,0train,PASS,2234,S08_0train_T219,8,4,right_hand,True,0.0,2.405872791478641e-13,1.0773680111775088e-09,4478.075544947504,True
1.0,ff7143dca8408a73233321fc7219358e48f2336bad0cb63f4e76f8988e77ecce,ca0178be9c5fd168509f48974d2b3e1bbc91b2ba4e8e9e320299fd98dcf765e8,0c9085a7366142fd489e5640b36c75720ff4acbc,discovery,0train,PASS,2235,S08_0train_T220,8,4,right_hand,True,0.0,1.8394879665649462e-13,7.620843837083264e-10,4142.915841583026,True
1.0,ff7143dca8408a73233321fc7219358e48f2336bad0cb63f4e76f8988e77ecce,ca0178be9c5fd168509f48974d2b3e1bbc91b2ba4e8e9e320299fd98dcf765e8,0c9085a7366142fd489e5640b36c75720ff4acbc,discovery,0train,PASS,2236,S08_0train_T221,8,4,feet,True,0.0,2.915273165104918e-13,1.2599437840674927e-09,4321.872128995324,True
1.0,ff7143dca8408a73233321fc7219358e48f2336bad0cb63f4e76f8988e77ecce,ca0178be9c5fd168509f48974d2b3e1bbc91b2ba4e8e9e320299fd98dcf765e8,0c9085a7366142fd489e5640b36c75720ff4acbc,discovery,0train,PASS,2237,S08_0train_T222,8,4,tongue,True,0.0,3.097812760830939e-13,1.0261813658250052e-09,3312.599711642186,True
1.0,ff7143dca8408a73233321fc7219358e48f2336bad0cb63f4e76f8988e77ecce,ca0178be9c5fd168509f48974d2b3e1bbc91b2ba4e8e9e320299fd98dcf765e8,0c9085a7366142fd489e5640b36c75720ff4acbc,discovery,0train,PASS,2238,S08_0train_T223,8,4,left_hand,True,0.0,2.813497450815753e-13,1.3415646680364018e-09,4768.3166289965,True
1.0,ff7143dca8408a73233321fc7219358e48f2336bad0cb63f4e76f8988e77ecce,ca0178be9c5fd168509f48974d2b3e1bbc91b2ba4e8e9e320299fd98dcf765e8,0c9085a7366142fd489e5640b36c75720ff4acbc,discovery,0train,PASS,2239,S08_0train_T224,8,4,tongue,True,0.0,2.755739766586326e-13,1.235594604096888e-09,4483.712936463087,True
1.0,ff7143dca8408a73233321fc7219358e48f2336bad0cb63f4e76f8988e77ecce,ca0178be9c5fd168509f48974d2b3e1bbc91b2ba4e8e9e320299fd98dcf765e8,0c9085a7366142fd489e5640b36c75720ff4acbc,discovery,0train,PASS,2240,S08_0train_T225,8,4,left_hand,True,0.0,2.1901796825507485e-13,9.59417854484485e-10,4380.54403539676,True
1.0,ff7143dca8408a73233321fc7219358e48f2336bad0cb63f4e76f8988e77ecce,ca0178be9c5fd168509f48974d2b3e1bbc91b2ba4e8e9e320299fd98dcf765e8,0c9085a7366142fd489e5640b36c75720ff4acbc,discovery,0train,PASS,2241,S08_0train_T226,8,4,feet,True,0.0,1.9970317982614874e-13,1.0750954721720589e-09,5383.466968868404,True
1.0,ff7143dca8408a73233321fc7219358e48f2336bad0cb63f4e76f8988e77ecce,ca0178be9c5fd168509f48974d2b3e1bbc91b2ba4e8e9e320299fd98dcf765e8,0c9085a7366142fd489e5640b36c75720ff4acbc,discovery,0train,PASS,2242,S08_0train_T227,8,4,left_hand,True,0.0,3.6724504636297726e-13,1.4953960162008795e-09,4071.9297129003658,True
1.0,ff7143dca8408a73233321fc7219358e48f2336bad0cb63f4e76f8988e77ecce,ca0178be9c5fd168509f48974d2b3e1bbc91b2ba4e8e9e320299fd98dcf765e8,0c9085a7366142fd489e5640b36c75720ff4acbc,discovery,0train,PASS,2243,S08_0train_T228,8,4,tongue,True,0.0,3.9765763528574145e-13,1.2743383782649223e-09,3204.6118700807338,True
1.0,ff7143dca8408a73233321fc7219358e48f2336bad0cb63f4e76f8988e77ecce,ca0178be9c5fd168509f48974d2b3e1bbc91b2ba4e8e9e320299fd98dcf765e8,0c9085a7366142fd489e5640b36c75720ff4acbc,discovery,0train,PASS,2244,S08_0train_T229,8,4,left_hand,True,0.0,1.8549528143236023e-13,8.669080872498074e-10,4673.477840275525,True
1.0,ff7143dca8408a73233321fc7219358e48f2336bad0cb63f4e76f8988e77ecce,ca0178be9c5fd168509f48974d2b3e1bbc91b2ba4e8e9e320299fd98dcf765e8,0c9085a7366142fd489e5640b36c75720ff4acbc,discovery,0train,PASS,2245,S08_0train_T230,8,4,feet,True,0.0,1.9996247128601658e-13,7.638995057511085e-10,3820.2143674172935,True
1.0,ff7143dca8408a73233321fc7219358e48f2336bad0cb63f4e76f8988e77ecce,ca0178be9c5fd168509f48974d2b3e1bbc91b2ba4e8e9e320299fd98dcf765e8,0c9085a7366142fd489e5640b36c75720ff4acbc,discovery,0train,PASS,2246,S08_0train_T231,8,4,left_hand,True,0.0,2.7104208734629255e-13,1.307567676817004e-09,4824.223756609471,True
1.0,ff7143dca8408a73233321fc7219358e48f2336bad0cb63f4e76f8988e77ecce,ca0178be9c5fd168509f48974d2b3e1bbc91b2ba4e8e9e320299fd98dcf765e8,0c9085a7366142fd489e5640b36c75720ff4acbc,discovery,0train,PASS,2247,S08_0train_T232,8,4,right_hand,True,0.0,2.6445564268432e-13,1.3016643848140074e-09,4922.0518480968885,True
1.0,ff7143dca8408a73233321fc7219358e48f2336bad0cb63f4e76f8988e77ecce,ca0178be9c5fd168509f48974d2b3e1bbc91b2ba4e8e9e320299fd98dcf765e8,0c9085a7366142fd489e5640b36c75720ff4acbc,discovery,0train,PASS,2248,S08_0train_T233,8,4,feet,True,0.0,2.2170753737142735e-13,1.1540584529370168e-09,5205.318982924875,True
1.0,ff7143dca8408a73233321fc7219358e48f2336bad0cb63f4e76f8988e77ecce,ca0178be9c5fd168509f48974d2b3e1bbc91b2ba4e8e9e320299fd98dcf765e8,0c9085a7366142fd489e5640b36c75720ff4acbc,discovery,0train,PASS,2249,S08_0train_T234,8,4,feet,True,0.0,2.6141177041897083e-13,1.2392182981106319e-09,4740.483935074948,True
1.0,ff7143dca8408a73233321fc7219358e48f2336bad0cb63f4e76f8988e77ecce,ca0178be9c5fd168509f48974d2b3e1bbc91b2ba4e8e9e320299fd98dcf765e8,0c9085a7366142fd489e5640b36c75720ff4acbc,discovery,0train,PASS,2250,S08_0train_T235,8,4,tongue,True,0.0,2.7883508378681773e-13,1.3324183381803556e-09,4778.51753834195,True
1.0,ff7143dca8408a73233321fc7219358e48f2336bad0cb63f4e76f8988e77ecce,ca0178be9c5fd168509f48974d2b3e1bbc91b2ba4e8e9e320299fd98dcf765e8,0c9085a7366142fd489e5640b36c75720ff4acbc,discovery,0train,PASS,2251,S08_0train_T236,8,4,left_hand,True,0.0,2.2367893486239732e-13,1.1812851369833761e-09,5281.16399387398,True
1.0,ff7143dca8408a73233321fc7219358e48f2336bad0cb63f4e76f8988e77ecce,ca0178be9c5fd168509f48974d2b3e1bbc91b2ba4e8e9e320299fd98dcf765e8,0c9085a7366142fd489e5640b36c75720ff4acbc,discovery,0train,PASS,2252,S08_0train_T237,8,4,right_hand,True,0.0,2.2949124610093815e-13,9.839217323080065e-10,4287.404199614846,True
1.0,ff7143dca8408a73233321fc7219358e48f2336bad0cb63f4e76f8988e77ecce,ca0178be9c5fd168509f48974d2b3e1bbc91b2ba4e8e9e320299fd98dcf765e8,0c9085a7366142fd489e5640b36c75720ff4acbc,discovery,0train,PASS,2253,S08_0train_T238,8,4,tongue,True,0.0,2.8130039918946504e-13,1.0891130879033528e-09,3871.7082913551058,True
1.0,ff7143dca8408a73233321fc7219358e48f2336bad0cb63f4e76f8988e77ecce,ca0178be9c5fd168509f48974d2b3e1bbc91b2ba4e8e9e320299fd98dcf765e8,0c9085a7366142fd489e5640b36c75720ff4acbc,discovery,0train,PASS,2254,S08_0train_T239,8,4,right_hand,True,0.0,2.4167616699458713e-13,9.974876035333377e-10,4127.372657129566,True
1.0,ff7143dca8408a73233321fc7219358e48f2336bad0cb63f4e76f8988e77ecce,ca0178be9c5fd168509f48974d2b3e1bbc91b2ba4e8e9e320299fd98dcf765e8,0c9085a7366142fd489e5640b36c75720ff4acbc,discovery,0train,PASS,2255,S08_0train_T240,8,4,feet,True,0.0,1.9887228423075523e-13,9.867748324062867e-10,4961.851955505844,True
1.0,ff7143dca8408a73233321fc7219358e48f2336bad0cb63f4e76f8988e77ecce,ca0178be9c5fd168509f48974d2b3e1bbc91b2ba4e8e9e320299fd98dcf765e8,0c9085a7366142fd489e5640b36c75720ff4acbc,discovery,0train,PASS,2256,S08_0train_T241,8,5,feet,True,0.0,2.3608344279649563e-13,1.3889852291966114e-09,5883.450413733246,True
1.0,ff7143dca8408a73233321fc7219358e48f2336bad0cb63f4e76f8988e77ecce,ca0178be9c5fd168509f48974d2b3e1bbc91b2ba4e8e9e320299fd98dcf765e8,0c9085a7366142fd489e5640b36c75720ff4acbc,discovery,0train,PASS,2257,S08_0train_T242,8,5,left_hand,True,0.0,1.937432794018464e-13,8.851602655176597e-10,4568.727587612126,True
1.0,ff7143dca8408a73233321fc7219358e48f2336bad0cb63f4e76f8988e77ecce,ca0178be9c5fd168509f48974d2b3e1bbc91b2ba4e8e9e320299fd98dcf765e8,0c9085a7366142fd489e5640b36c75720ff4acbc,discovery,0train,PASS,2258,S08_0train_T243,8,5,tongue,True,0.0,3.607843914859402e-13,1.7524058441727898e-09,4857.210803813505,True
1.0,ff7143dca8408a73233321fc7219358e48f2336bad0cb63f4e76f8988e77ecce,ca0178be9c5fd168509f48974d2b3e1bbc91b2ba4e8e9e320299fd98dcf765e8,0c9085a7366142fd489e5640b36c75720ff4acbc,discovery,0train,PASS,2259,S08_0train_T244,8,5,right_hand,True,0.0,2.2728919326678897e-13,1.2206987685563474e-09,5370.685473477429,True
1.0,ff7143dca8408a73233321fc7219358e48f2336bad0cb63f4e76f8988e77ecce,ca0178be9c5fd168509f48974d2b3e1bbc91b2ba4e8e9e320299fd98dcf765e8,0c9085a7366142fd489e5640b36c75720ff4acbc,discovery,0train,PASS,2260,S08_0train_T245,8,5,tongue,True,0.0,2.612391726006236e-13,1.334948573203297e-09,5110.062782368919,True
1.0,ff7143dca8408a73233321fc7219358e48f2336bad0cb63f4e76f8988e77ecce,ca0178be9c5fd168509f48974d2b3e1bbc91b2ba4e8e9e320299fd98dcf765e8,0c9085a7366142fd489e5640b36c75720ff4acbc,discovery,0train,PASS,2261,S08_0train_T246,8,5,left_hand,True,0.0,2.7332688597783755e-13,1.7888618781293865e-09,6544.771004614726,True
1.0,ff7143dca8408a73233321fc7219358e48f2336bad0cb63f4e76f8988e77ecce,ca0178be9c5fd168509f48974d2b3e1bbc91b2ba4e8e9e320299fd98dcf765e8,0c9085a7366142fd489e5640b36c75720ff4acbc,discovery,0train,PASS,2262,S08_0train_T247,8,5,left_hand,True,0.0,2.5553207016234794e-13,1.3298279337882505e-09,5204.152781853827,True
1.0,ff7143dca8408a73233321fc7219358e48f2336bad0cb63f4e76f8988e77ecce,ca0178be9c5fd168509f48974d2b3e1bbc91b2ba4e8e9e320299fd98dcf765e8,0c9085a7366142fd489e5640b36c75720ff4acbc,discovery,0train,PASS,2263,S08_0train_T248,8,5,feet,True,0.0,2.998545808816746e-13,1.3843662276885308e-09,4616.791991698185,True
1.0,ff7143dca8408a73233321fc7219358e48f2336bad0cb63f4e76f8988e77ecce,ca0178be9c5fd168509f48974d2b3e1bbc91b2ba4e8e9e320299fd98dcf765e8,0c9085a7366142fd489e5640b36c75720ff4acbc,discovery,0train,PASS,2264,S08_0train_T249,8,5,feet,True,0.0,2.929564091262573e-13,1.5672926362169904e-09,5349.9175556235205,True
1.0,ff7143dca8408a73233321fc7219358e48f2336bad0cb63f4e76f8988e77ecce,ca0178be9c5fd168509f48974d2b3e1bbc91b2ba4e8e9e320299fd98dcf765e8,0c9085a7366142fd489e5640b36c75720ff4acbc,discovery,0train,PASS,2265,S08_0train_T250,8,5,right_hand,True,0.0,2.71865011543231e-13,1.6609857506182716e-09,6109.597337258486,True
1.0,ff7143dca8408a73233321fc7219358e48f2336bad0cb63f4e76f8988e77ecce,ca0178be9c5fd168509f48974d2b3e1bbc91b2ba4e8e9e320299fd98dcf765e8,0c9085a7366142fd489e5640b36c75720ff4acbc,discovery,0train,PASS,2266,S08_0train_T251,8,5,tongue,True,0.0,2.576196818387751e-13,1.470298019803436e-09,5707.242588412114,True
1.0,ff7143dca8408a73233321fc7219358e48f2336bad0cb63f4e76f8988e77ecce,ca0178be9c5fd168509f48974d2b3e1bbc91b2ba4e8e9e320299fd98dcf765e8,0c9085a7366142fd489e5640b36c75720ff4acbc,discovery,0train,PASS,2267,S08_0train_T252,8,5,right_hand,True,0.0,2.3997974932470897e-13,1.4018100782468797e-09,5841.368207907139,True
1.0,ff7143dca8408a73233321fc7219358e48f2336bad0cb63f4e76f8988e77ecce,ca0178be9c5fd168509f48974d2b3e1bbc91b2ba4e8e9e320299fd98dcf765e8,0c9085a7366142fd489e5640b36c75720ff4acbc,discovery,0train,PASS,2268,S08_0train_T253,8,5,right_hand,True,0.0,2.590802501189314e-13,1.4375428785744014e-09,5548.639380711165,True
1.0,ff7143dca8408a73233321fc7219358e48f2336bad0cb63f4e76f8988e77ecce,ca0178be9c5fd168509f48974d2b3e1bbc91b2ba4e8e9e320299fd98dcf765e8,0c9085a7366142fd489e5640b36c75720ff4acbc,discovery,0train,PASS,2269,S08_0train_T254,8,5,left_hand,True,0.0,2.2188528530303887e-13,9.506964901962816e-10,4284.630631985677,True
1.0,ff7143dca8408a73233321fc7219358e48f2336bad0cb63f4e76f8988e77ecce,ca0178be9c5fd168509f48974d2b3e1bbc91b2ba4e8e9e320299fd98dcf765e8,0c9085a7366142fd489e5640b36c75720ff4acbc,discovery,0train,PASS,2270,S08_0train_T255,8,5,right_hand,True,0.0,2.342088378439979e-13,1.1403386119722244e-09,4868.8965901952115,True
1.0,ff7143dca8408a73233321fc7219358e48f2336bad0cb63f4e76f8988e77ecce,ca0178be9c5fd168509f48974d2b3e1bbc91b2ba4e8e9e320299fd98dcf765e8,0c9085a7366142fd489e5640b36c75720ff4acbc,discovery,0train,PASS,2271,S08_0train_T256,8,5,tongue,True,0.0,3.9650811634332656e-13,2.130653339640159e-09,5373.542814935165,True
1.0,ff7143dca8408a73233321fc7219358e48f2336bad0cb63f4e76f8988e77ecce,ca0178be9c5fd168509f48974d2b3e1bbc91b2ba4e8e9e320299fd98dcf765e8,0c9085a7366142fd489e5640b36c75720ff4acbc,discovery,0train,PASS,2272,S08_0train_T257,8,5,tongue,True,0.0,3.5332236468047344e-13,1.5590323162592413e-09,4412.492590637872,True
1.0,ff7143dca8408a73233321fc7219358e48f2336bad0cb63f4e76f8988e77ecce,ca0178be9c5fd168509f48974d2b3e1bbc91b2ba4e8e9e320299fd98dcf765e8,0c9085a7366142fd489e5640b36c75720ff4acbc,discovery,0train,PASS,2273,S08_0train_T258,8,5,right_hand,True,0.0,2.57394681226072e-13,1.4539122839673516e-09,5648.57159068632,True
1.0,ff7143dca8408a73233321fc7219358e48f2336bad0cb63f4e76f8988e77ecce,ca0178be9c5fd168509f48974d2b3e1bbc91b2ba4e8e9e320299fd98dcf765e8,0c9085a7366142fd489e5640b36c75720ff4acbc,discovery,0train,PASS,2274,S08_0train_T259,8,5,right_hand,True,0.0,3.116464093708416e-13,1.3636948299418758e-09,4375.775843831899,True
1.0,ff7143dca8408a73233321fc7219358e48f2336bad0cb63f4e76f8988e77ecce,ca0178be9c5fd168509f48974d2b3e1bbc91b2ba4e8e9e320299fd98dcf765e8,0c9085a7366142fd489e5640b36c75720ff4acbc,discovery,0train,PASS,2275,S08_0train_T260,8,5,right_hand,True,0.0,2.789824618824495e-13,1.250421409155208e-09,4482.07891176356,True
1.0,ff7143dca8408a73233321fc7219358e48f2336bad0cb63f4e76f8988e77ecce,ca0178be9c5fd168509f48974d2b3e1bbc91b2ba4e8e9e320299fd98dcf765e8,0c9085a7366142fd489e5640b36c75720ff4acbc,discovery,0train,PASS,2276,S08_0train_T261,8,5,right_hand,True,0.0,2.829418207974617e-13,1.8354102972920417e-09,6486.882328384689,True
1.0,ff7143dca8408a73233321fc7219358e48f2336bad0cb63f4e76f8988e77ecce,ca0178be9c5fd168509f48974d2b3e1bbc91b2ba4e8e9e320299fd98dcf765e8,0c9085a7366142fd489e5640b36c75720ff4acbc,discovery,0train,PASS,2277,S08_0train_T262,8,5,tongue,True,0.0,3.0874750528250705e-13,1.534275895623871e-09,4969.354794365037,True
1.0,ff7143dca8408a73233321fc7219358e48f2336bad0cb63f4e76f8988e77ecce,ca0178be9c5fd168509f48974d2b3e1bbc91b2ba4e8e9e320299fd98dcf765e8,0c9085a7366142fd489e5640b36c75720ff4acbc,discovery,0train,PASS,2278,S08_0train_T263,8,5,tongue,True,0.0,3.264466900511274e-13,1.4114296731190006e-09,4323.614593543422,True
1.0,ff7143dca8408a73233321fc7219358e48f2336bad0cb63f4e76f8988e77ecce,ca0178be9c5fd168509f48974d2b3e1bbc91b2ba4e8e9e320299fd98dcf765e8,0c9085a7366142fd489e5640b36c75720ff4acbc,discovery,0train,PASS,2279,S08_0train_T264,8,5,feet,True,0.0,2.330485717005419e-13,1.3065246582658967e-09,5606.233278892301,True
1.0,ff7143dca8408a73233321fc7219358e48f2336bad0cb63f4e76f8988e77ecce,ca0178be9c5fd168509f48974d2b3e1bbc91b2ba4e8e9e320299fd98dcf765e8,0c9085a7366142fd489e5640b36c75720ff4acbc,discovery,0train,PASS,2280,S08_0train_T265,8,5,tongue,True,0.0,3.8363865645219916e-13,2.1001790533418814e-09,5474.367658264283,True
1.0,ff7143dca8408a73233321fc7219358e48f2336bad0cb63f4e76f8988e77ecce,ca0178be9c5fd168509f48974d2b3e1bbc91b2ba4e8e9e320299fd98dcf765e8,0c9085a7366142fd489e5640b36c75720ff4acbc,discovery,0train,PASS,2281,S08_0train_T266,8,5,left_hand,True,0.0,3.942006983206376e-13,2.1643983693484642e-09,5490.600038430098,True
1.0,ff7143dca8408a73233321fc7219358e48f2336bad0cb63f4e76f8988e77ecce,ca0178be9c5fd168509f48974d2b3e1bbc91b2ba4e8e9e320299fd98dcf765e8,0c9085a7366142fd489e5640b36c75720ff4acbc,discovery,0train,PASS,2282,S08_0train_T267,8,5,right_hand,True,0.0,2.896320262975829e-13,1.7968098995116103e-09,6203.7680103286475,True
1.0,ff7143dca8408a73233321fc7219358e48f2336bad0cb63f4e76f8988e77ecce,ca0178be9c5fd168509f48974d2b3e1bbc91b2ba4e8e9e320299fd98dcf765e8,0c9085a7366142fd489e5640b36c75720ff4acbc,discovery,0train,PASS,2283,S08_0train_T268,8,5,feet,True,0.0,2.327085287580997e-13,1.105636167977964e-09,4751.163070294135,True
1.0,ff7143dca8408a73233321fc7219358e48f2336bad0cb63f4e76f8988e77ecce,ca0178be9c5fd168509f48974d2b3e1bbc91b2ba4e8e9e320299fd98dcf765e8,0c9085a7366142fd489e5640b36c75720ff4acbc,discovery,0train,PASS,2284,S08_0train_T269,8,5,right_hand,True,0.0,2.809717077089473e-13,1.594353264481643e-09,5674.426359443991,True
1.0,ff7143dca8408a73233321fc7219358e48f2336bad0cb63f4e76f8988e77ecce,ca0178be9c5fd168509f48974d2b3e1bbc91b2ba4e8e9e320299fd98dcf765e8,0c9085a7366142fd489e5640b36c75720ff4acbc,discovery,0train,PASS,2285,S08_0train_T270,8,5,left_hand,True,0.0,2.146953299387201e-13,1.0292724613567817e-09,4794.107359720233,True
1.0,ff7143dca8408a73233321fc7219358e48f2336bad0cb63f4e76f8988e77ecce,ca0178be9c5fd168509f48974d2b3e1bbc91b2ba4e8e9e320299fd98dcf765e8,0c9085a7366142fd489e5640b36c75720ff4acbc,discovery,0train,PASS,2286,S08_0train_T271,8,5,tongue,True,0.0,3.103272538874647e-13,1.369826254044084e-09,4414.13455274808,True
1.0,ff7143dca8408a73233321fc7219358e48f2336bad0cb63f4e76f8988e77ecce,ca0178be9c5fd168509f48974d2b3e1bbc91b2ba4e8e9e320299fd98dcf765e8,0c9085a7366142fd489e5640b36c75720ff4acbc,discovery,0train,PASS,2287,S08_0train_T272,8,5,left_hand,True,0.0,2.6975370554042813e-13,1.3677583345188716e-09,5070.396833951499,True
1.0,ff7143dca8408a73233321fc7219358e48f2336bad0cb63f4e76f8988e77ecce,ca0178be9c5fd168509f48974d2b3e1bbc91b2ba4e8e9e320299fd98dcf765e8,0c9085a7366142fd489e5640b36c75720ff4acbc,discovery,0train,PASS,2288,S08_0train_T273,8,5,tongue,True,0.0,3.585090108109298e-13,1.6060724581175059e-09,4479.866362311644,True
1.0,ff7143dca8408a73233321fc7219358e48f2336bad0cb63f4e76f8988e77ecce,ca0178be9c5fd168509f48974d2b3e1bbc91b2ba4e8e9e320299fd98dcf765e8,0c9085a7366142fd489e5640b36c75720ff4acbc,discovery,0train,PASS,2289,S08_0train_T274,8,5,left_hand,True,0.0,2.8685295866909437e-13,1.5290259251901055e-09,5330.347409642539,True
1.0,ff7143dca8408a73233321fc7219358e48f2336bad0cb63f4e76f8988e77ecce,ca0178be9c5fd168509f48974d2b3e1bbc91b2ba4e8e9e320299fd98dcf765e8,0c9085a7366142fd489e5640b36c75720ff4acbc,discovery,0train,PASS,2290,S08_0train_T275,8,5,left_hand,True,0.0,2.310740244608102e-13,9.695522918935156e-10,4195.851498911987,True
1.0,ff7143dca8408a73233321fc7219358e48f2336bad0cb63f4e76f8988e77ecce,ca0178be9c5fd168509f48974d2b3e1bbc91b2ba4e8e9e320299fd98dcf765e8,0c9085a7366142fd489e5640b36c75720ff4acbc,discovery,0train,PASS,2291,S08_0train_T276,8,5,left_hand,True,0.0,2.712083239383726e-13,1.369214173398341e-09,5048.569872469959,True
1.0,ff7143dca8408a73233321fc7219358e48f2336bad0cb63f4e76f8988e77ecce,ca0178be9c5fd168509f48974d2b3e1bbc91b2ba4e8e9e320299fd98dcf765e8,0c9085a7366142fd489e5640b36c75720ff4acbc,discovery,0train,PASS,2292,S08_0train_T277,8,5,left_hand,True,0.0,3.1830383331173365e-13,2.0810095448711778e-09,6537.808618952832,True
1.0,ff7143dca8408a73233321fc7219358e48f2336bad0cb63f4e76f8988e77ecce,ca0178be9c5fd168509f48974d2b3e1bbc91b2ba4e8e9e320299fd98dcf765e8,0c9085a7366142fd489e5640b36c75720ff4acbc,discovery,0train,PASS,2293,S08_0train_T278,8,5,feet,True,0.0,2.541797461805398e-13,1.2949691955382493e-09,5094.698594192683,True
1.0,ff7143dca8408a73233321fc7219358e48f2336bad0cb63f4e76f8988e77ecce,ca0178be9c5fd168509f48974d2b3e1bbc91b2ba4e8e9e320299fd98dcf765e8,0c9085a7366142fd489e5640b36c75720ff4acbc,discovery,0train,PASS,2294,S08_0train_T279,8,5,feet,True,0.0,2.2496502090414477e-13,1.1665933616673846e-09,5185.665562489636,True
1.0,ff7143dca8408a73233321fc7219358e48f2336bad0cb63f4e76f8988e77ecce,ca0178be9c5fd168509f48974d2b3e1bbc91b2ba4e8e9e320299fd98dcf765e8,0c9085a7366142fd489e5640b36c75720ff4acbc,discovery,0train,PASS,2295,S08_0train_T280,8,5,tongue,True,0.0,3.9949398243170205e-13,1.5371332524450572e-09,3847.700641417915,True
1.0,ff7143dca8408a73233321fc7219358e48f2336bad0cb63f4e76f8988e77ecce,ca0178be9c5fd168509f48974d2b3e1bbc91b2ba4e8e9e320299fd98dcf765e8,0c9085a7366142fd489e5640b36c75720ff4acbc,discovery,0train,PASS,2296,S08_0train_T281,8,5,right_hand,True,0.0,2.739003829401537e-13,1.6267883972272743e-09,5939.343274239679,True
1.0,ff7143dca8408a73233321fc7219358e48f2336bad0cb63f4e76f8988e77ecce,ca0178be9c5fd168509f48974d2b3e1bbc91b2ba4e8e9e320299fd98dcf765e8,0c9085a7366142fd489e5640b36c75720ff4acbc,discovery,0train,PASS,2297,S08_0train_T282,8,5,feet,True,0.0,2.8173470810847243e-13,1.409173680512644e-09,5001.775216030853,True
1.0,ff7143dca8408a73233321fc7219358e48f2336bad0cb63f4e76f8988e77ecce,ca0178be9c5fd168509f48974d2b3e1bbc91b2ba4e8e9e320299fd98dcf765e8,0c9085a7366142fd489e5640b36c75720ff4acbc,discovery,0train,PASS,2298,S08_0train_T283,8,5,feet,True,0.0,2.991827638847999e-13,1.7244173111797607e-09,5763.758876977774,True
1.0,ff7143dca8408a73233321fc7219358e48f2336bad0cb63f4e76f8988e77ecce,ca0178be9c5fd168509f48974d2b3e1bbc91b2ba4e8e9e320299fd98dcf765e8,0c9085a7366142fd489e5640b36c75720ff4acbc,discovery,0train,PASS,2299,S08_0train_T284,8,5,feet,True,0.0,3.520477597211994e-13,1.4823094234400472e-09,4210.53502687802,True
1.0,ff7143dca8408a73233321fc7219358e48f2336bad0cb63f4e76f8988e77ecce,ca0178be9c5fd168509f48974d2b3e1bbc91b2ba4e8e9e320299fd98dcf765e8,0c9085a7366142fd489e5640b36c75720ff4acbc,discovery,0train,PASS,2300,S08_0train_T285,8,5,tongue,True,0.0,2.77027126280883e-13,1.6048831761346905e-09,5793.234755312263,True
1.0,ff7143dca8408a73233321fc7219358e48f2336bad0cb63f4e76f8988e77ecce,ca0178be9c5fd168509f48974d2b3e1bbc91b2ba4e8e9e320299fd98dcf765e8,0c9085a7366142fd489e5640b36c75720ff4acbc,discovery,0train,PASS,2301,S08_0train_T286,8,5,feet,True,0.0,2.553546610554587e-13,9.144189288458589e-10,3580.97606312055,True
1.0,ff7143dca8408a73233321fc7219358e48f2336bad0cb63f4e76f8988e77ecce,ca0178be9c5fd168509f48974d2b3e1bbc91b2ba4e8e9e320299fd98dcf765e8,0c9085a7366142fd489e5640b36c75720ff4acbc,discovery,0train,PASS,2302,S08_0train_T287,8,5,left_hand,True,0.0,3.326506800503985e-13,1.9957585668992123e-09,5999.562563938975,True
1.0,ff7143dca8408a73233321fc7219358e48f2336bad0cb63f4e76f8988e77ecce,ca0178be9c5fd168509f48974d2b3e1bbc91b2ba4e8e9e320299fd98dcf765e8,0c9085a7366142fd489e5640b36c75720ff4acbc,discovery,0train,PASS,2303,S08_0train_T288,8,5,feet,True,0.0,3.0903051125278177e-13,1.584960823850684e-09,5128.816625340313,True
1.0,ff7143dca8408a73233321fc7219358e48f2336bad0cb63f4e76f8988e77ecce,ca0178be9c5fd168509f48974d2b3e1bbc91b2ba4e8e9e320299fd98dcf765e8,0c9085a7366142fd489e5640b36c75720ff4acbc,discovery,0train,PASS,2304,S09_0train_T001,9,0,tongue,True,0.0,3.2510470289025866e-13,1.215522780814346e-09,3738.8655716390977,True
1.0,ff7143dca8408a73233321fc7219358e48f2336bad0cb63f4e76f8988e77ecce,ca0178be9c5fd168509f48974d2b3e1bbc91b2ba4e8e9e320299fd98dcf765e8,0c9085a7366142fd489e5640b36c75720ff4acbc,discovery,0train,PASS,2305,S09_0train_T002,9,0,right_hand,True,0.0,1.3204668188546127e-13,6.730509013463115e-10,5097.067883387809,True
1.0,ff7143dca8408a73233321fc7219358e48f2336bad0cb63f4e76f8988e77ecce,ca0178be9c5fd168509f48974d2b3e1bbc91b2ba4e8e9e320299fd98dcf765e8,0c9085a7366142fd489e5640b36c75720ff4acbc,discovery,0train,PASS,2306,S09_0train_T003,9,0,right_hand,True,0.0,1.7385457002976892e-13,8.272720384597884e-10,4758.414106216107,True
1.0,ff7143dca8408a73233321fc7219358e48f2336bad0cb63f4e76f8988e77ecce,ca0178be9c5fd168509f48974d2b3e1bbc91b2ba4e8e9e320299fd98dcf765e8,0c9085a7366142fd489e5640b36c75720ff4acbc,discovery,0train,PASS,2307,S09_0train_T004,9,0,left_hand,True,0.0,1.432755125707676e-13,5.472822858618258e-10,3819.789411617065,True
1.0,ff7143dca8408a73233321fc7219358e48f2336bad0cb63f4e76f8988e77ecce,ca0178be9c5fd168509f48974d2b3e1bbc91b2ba4e8e9e320299fd98dcf765e8,0c9085a7366142fd489e5640b36c75720ff4acbc,discovery,0train,PASS,2308,S09_0train_T005,9,0,tongue,True,0.0,3.641970738120128e-13,1.425464888134785e-09,3913.993248805084,True
1.0,ff7143dca8408a73233321fc7219358e48f2336bad0cb63f4e76f8988e77ecce,ca0178be9c5fd168509f48974d2b3e1bbc91b2ba4e8e9e320299fd98dcf765e8,0c9085a7366142fd489e5640b36c75720ff4acbc,discovery,0train,PASS,2309,S09_0train_T006,9,0,tongue,True,0.0,3.181189510850103e-13,9.5243104661747e-10,2993.9462687432087,True
1.0,ff7143dca8408a73233321fc7219358e48f2336bad0cb63f4e76f8988e77ecce,ca0178be9c5fd168509f48974d2b3e1bbc91b2ba4e8e9e320299fd98dcf765e8,0c9085a7366142fd489e5640b36c75720ff4acbc,discovery,0train,PASS,2310,S09_0train_T007,9,0,feet,True,0.0,1.9854862151349368e-13,1.3318658372614295e-09,6708.008482299706,True
1.0,ff7143dca8408a73233321fc7219358e48f2336bad0cb63f4e76f8988e77ecce,ca0178be9c5fd168509f48974d2b3e1bbc91b2ba4e8e9e320299fd98dcf765e8,0c9085a7366142fd489e5640b36c75720ff4acbc,discovery,0train,PASS,2311,S09_0train_T008,9,0,right_hand,True,0.0,1.5967248144221285e-13,7.637791703697612e-10,4783.411414860368,True
1.0,ff7143dca8408a73233321fc7219358e48f2336bad0cb63f4e76f8988e77ecce,ca0178be9c5fd168509f48974d2b3e1bbc91b2ba4e8e9e320299fd98dcf765e8,0c9085a7366142fd489e5640b36c75720ff4acbc,discovery,0train,PASS,2312,S09_0train_T009,9,0,feet,True,0.0,1.657372666592976e-13,7.24076757903297e-10,4368.8228513612785,True
1.0,ff7143dca8408a73233321fc7219358e48f2336bad0cb63f4e76f8988e77ecce,ca0178be9c5fd168509f48974d2b3e1bbc91b2ba4e8e9e320299fd98dcf765e8,0c9085a7366142fd489e5640b36c75720ff4acbc,discovery,0train,PASS,2313,S09_0train_T010,9,0,left_hand,True,0.0,1.8235655428358484e-13,7.957813353794695e-10,4363.875696740466,True
1.0,ff7143dca8408a73233321fc7219358e48f2336bad0cb63f4e76f8988e77ecce,ca0178be9c5fd168509f48974d2b3e1bbc91b2ba4e8e9e320299fd98dcf765e8,0c9085a7366142fd489e5640b36c75720ff4acbc,discovery,0train,PASS,2314,S09_0train_T011,9,0,left_hand,True,0.0,2.0885648215682203e-13,8.835044438796758e-10,4230.198817656459,True
1.0,ff7143dca8408a73233321fc7219358e48f2336bad0cb63f4e76f8988e77ecce,ca0178be9c5fd168509f48974d2b3e1bbc91b2ba4e8e9e320299fd98dcf765e8,0c9085a7366142fd489e5640b36c75720ff4acbc,discovery,0train,PASS,2315,S09_0train_T012,9,0,right_hand,True,0.0,2.1493137195815584e-13,9.58381861792991e-10,4459.013372787546,True
1.0,ff7143dca8408a73233321fc7219358e48f2336bad0cb63f4e76f8988e77ecce,ca0178be9c5fd168509f48974d2b3e1bbc91b2ba4e8e9e320299fd98dcf765e8,0c9085a7366142fd489e5640b36c75720ff4acbc,discovery,0train,PASS,2316,S09_0train_T013,9,0,tongue,True,0.0,4.1713070392910974e-13,1.1839148100406253e-09,2838.2346321881605,True
1.0,ff7143dca8408a73233321fc7219358e48f2336bad0cb63f4e76f8988e77ecce,ca0178be9c5fd168509f48974d2b3e1bbc91b2ba4e8e9e320299fd98dcf765e8,0c9085a7366142fd489e5640b36c75720ff4acbc,discovery,0train,PASS,2317,S09_0train_T014,9,0,tongue,True,0.0,3.5977123987359275e-13,1.5217538767727796e-09,4229.7818950382325,True
1.0,ff7143dca8408a73233321fc7219358e48f2336bad0cb63f4e76f8988e77ecce,ca0178be9c5fd168509f48974d2b3e1bbc91b2ba4e8e9e320299fd98dcf765e8,0c9085a7366142fd489e5640b36c75720ff4acbc,discovery,0train,PASS,2318,S09_0train_T015,9,0,right_hand,True,0.0,1.592882454636349e-13,5.762066626133963e-10,3617.3834480771075,True
1.0,ff7143dca8408a73233321fc7219358e48f2336bad0cb63f4e76f8988e77ecce,ca0178be9c5fd168509f48974d2b3e1bbc91b2ba4e8e9e320299fd98dcf765e8,0c9085a7366142fd489e5640b36c75720ff4acbc,discovery,0train,PASS,2319,S09_0train_T016,9,0,tongue,True,0.0,3.701165247061155e-13,1.3345003719291205e-09,3605.6222374528047,True
1.0,ff7143dca8408a73233321fc7219358e48f2336bad0cb63f4e76f8988e77ecce,ca0178be9c5fd168509f48974d2b3e1bbc91b2ba4e8e9e320299fd98dcf765e8,0c9085a7366142fd489e5640b36c75720ff4acbc,discovery,0train,PASS,2320,S09_0train_T017,9,0,feet,True,0.0,1.7047448373459544e-13,7.446576044058976e-10,4368.146998264114,True
1.0,ff7143dca8408a73233321fc7219358e48f2336bad0cb63f4e76f8988e77ecce,ca0178be9c5fd168509f48974d2b3e1bbc91b2ba4e8e9e320299fd98dcf765e8,0c9085a7366142fd489e5640b36c75720ff4acbc,discovery,0train,PASS,2321,S09_0train_T018,9,0,feet,True,0.0,2.202907920428703e-13,8.088351995195445e-10,3671.670486173289,True
1.0,ff7143dca8408a73233321fc7219358e48f2336bad0cb63f4e76f8988e77ecce,ca0178be9c5fd168509f48974d2b3e1bbc91b2ba4e8e9e320299fd98dcf765e8,0c9085a7366142fd489e5640b36c75720ff4acbc,discovery,0train,PASS,2322,S09_0train_T019,9,0,feet,True,0.0,4.048472968258228e-13,2.1541087860099933e-09,5320.793303794132,True
1.0,ff7143dca8408a73233321fc7219358e48f2336bad0cb63f4e76f8988e77ecce,ca0178be9c5fd168509f48974d2b3e1bbc91b2ba4e8e9e320299fd98dcf765e8,0c9085a7366142fd489e5640b36c75720ff4acbc,discovery,0train,PASS,2323,S09_0train_T020,9,0,left_hand,True,0.0,2.538933382838084e-13,1.052175155602401e-09,4144.162122230449,True
1.0,ff7143dca8408a73233321fc7219358e48f2336bad0cb63f4e76f8988e77ecce,ca0178be9c5fd168509f48974d2b3e1bbc91b2ba4e8e9e320299fd98dcf765e8,0c9085a7366142fd489e5640b36c75720ff4acbc,discovery,0train,PASS,2324,S09_0train_T021,9,0,feet,True,0.0,2.9250385631268904e-13,1.419651536808679e-09,4853.445539846352,True
1.0,ff7143dca8408a73233321fc7219358e48f2336bad0cb63f4e76f8988e77ecce,ca0178be9c5fd168509f48974d2b3e1bbc91b2ba4e8e9e320299fd98dcf765e8,0c9085a7366142fd489e5640b36c75720ff4acbc,discovery,0train,PASS,2325,S09_0train_T022,9,0,left_hand,True,0.0,2.45902238048752e-13,6.917722497589125e-10,2813.2002996319347,True
1.0,ff7143dca8408a73233321fc7219358e48f2336bad0cb63f4e76f8988e77ecce,ca0178be9c5fd168509f48974d2b3e1bbc91b2ba4e8e9e320299fd98dcf765e8,0c9085a7366142fd489e5640b36c75720ff4acbc,discovery,0train,PASS,2326,S09_0train_T023,9,0,feet,True,0.0,3.512651510501453e-13,1.2863533695447567e-09,3662.0580370670523,True
1.0,ff7143dca8408a73233321fc7219358e48f2336bad0cb63f4e76f8988e77ecce,ca0178be9c5fd168509f48974d2b3e1bbc91b2ba4e8e9e320299fd98dcf765e8,0c9085a7366142fd489e5640b36c75720ff4acbc,discovery,0train,PASS,2327,S09_0train_T024,9,0,feet,True,0.0,2.806650947495747e-13,7.559220120572568e-10,2693.3239159352293,True
1.0,ff7143dca8408a73233321fc7219358e48f2336bad0cb63f4e76f8988e77ecce,ca0178be9c5fd168509f48974d2b3e1bbc91b2ba4e8e9e320299fd98dcf765e8,0c9085a7366142fd489e5640b36c75720ff4acbc,discovery,0train,PASS,2328,S09_0train_T025,9,0,left_hand,True,0.0,2.6106164520644745e-13,1.3973288595136365e-09,5352.486223737039,True
1.0,ff7143dca8408a73233321fc7219358e48f2336bad0cb63f4e76f8988e77ecce,ca0178be9c5fd168509f48974d2b3e1bbc91b2ba4e8e9e320299fd98dcf765e8,0c9085a7366142fd489e5640b36c75720ff4acbc,discovery,0train,PASS,2329,S09_0train_T026,9,0,left_hand,True,0.0,2.4661840689735814e-13,1.064184849668001e-09,4315.107144905496,True
1.0,ff7143dca8408a73233321fc7219358e48f2336bad0cb63f4e76f8988e77ecce,ca0178be9c5fd168509f48974d2b3e1bbc91b2ba4e8e9e320299fd98dcf765e8,0c9085a7366142fd489e5640b36c75720ff4acbc,discovery,0train,PASS,2330,S09_0train_T027,9,0,right_hand,True,0.0,1.7889236093593223e-13,6.874048869157123e-10,3842.561433698651,True
1.0,ff7143dca8408a73233321fc7219358e48f2336bad0cb63f4e76f8988e77ecce,ca0178be9c5fd168509f48974d2b3e1bbc91b2ba4e8e9e320299fd98dcf765e8,0c9085a7366142fd489e5640b36c75720ff4acbc,discovery,0train,PASS,2331,S09_0train_T028,9,0,right_hand,True,0.0,2.737759976433608e-13,1.012128213648259e-09,3696.9209220697494,True
1.0,ff7143dca8408a73233321fc7219358e48f2336bad0cb63f4e76f8988e77ecce,ca0178be9c5fd168509f48974d2b3e1bbc91b2ba4e8e9e320299fd98dcf765e8,0c9085a7366142fd489e5640b36c75720ff4acbc,discovery,0train,PASS,2332,S09_0train_T029,9,0,left_hand,True,0.0,1.8669497025626512e-13,1.0822263020987284e-09,5796.761962109747,True
1.0,ff7143dca8408a73233321fc7219358e48f2336bad0cb63f4e76f8988e77ecce,ca0178be9c5fd168509f48974d2b3e1bbc91b2ba4e8e9e320299fd98dcf765e8,0c9085a7366142fd489e5640b36c75720ff4acbc,discovery,0train,PASS,2333,S09_0train_T030,9,0,feet,True,0.0,3.0046920974546365e-13,1.172327492109806e-09,3901.655990319006,True
1.0,ff7143dca8408a73233321fc7219358e48f2336bad0cb63f4e76f8988e77ecce,ca0178be9c5fd168509f48974d2b3e1bbc91b2ba4e8e9e320299fd98dcf765e8,0c9085a7366142fd489e5640b36c75720ff4acbc,discovery,0train,PASS,2334,S09_0train_T031,9,0,right_hand,True,0.0,2.463318499852691e-13,9.200092436805837e-10,3734.836740501081,True
1.0,ff7143dca8408a73233321fc7219358e48f2336bad0cb63f4e76f8988e77ecce,ca0178be9c5fd168509f48974d2b3e1bbc91b2ba4e8e9e320299fd98dcf765e8,0c9085a7366142fd489e5640b36c75720ff4acbc,discovery,0train,PASS,2335,S09_0train_T032,9,0,tongue,True,0.0,3.75296812996811e-13,9.939660748622343e-10,2648.479924263786,True
1.0,ff7143dca8408a73233321fc7219358e48f2336bad0cb63f4e76f8988e77ecce,ca0178be9c5fd168509f48974d2b3e1bbc91b2ba4e8e9e320299fd98dcf765e8,0c9085a7366142fd489e5640b36c75720ff4acbc,discovery,0train,PASS,2336,S09_0train_T033,9,0,tongue,True,0.0,3.714117409316341e-13,1.236895430877437e-09,3330.253986518732,True
1.0,ff7143dca8408a73233321fc7219358e48f2336bad0cb63f4e76f8988e77ecce,ca0178be9c5fd168509f48974d2b3e1bbc91b2ba4e8e9e320299fd98dcf765e8,0c9085a7366142fd489e5640b36c75720ff4acbc,discovery,0train,PASS,2337,S09_0train_T034,9,0,left_hand,True,0.0,1.987135295914216e-13,7.86339180073188e-10,3957.149680195374,True
1.0,ff7143dca8408a73233321fc7219358e48f2336bad0cb63f4e76f8988e77ecce,ca0178be9c5fd168509f48974d2b3e1bbc91b2ba4e8e9e320299fd98dcf765e8,0c9085a7366142fd489e5640b36c75720ff4acbc,discovery,0train,PASS,2338,S09_0train_T035,9,0,tongue,True,0.0,4.413454440015475e-13,2.382263356778691e-09,5397.729577039291,True
1.0,ff7143dca8408a73233321fc7219358e48f2336bad0cb63f4e76f8988e77ecce,ca0178be9c5fd168509f48974d2b3e1bbc91b2ba4e8e9e320299fd98dcf765e8,0c9085a7366142fd489e5640b36c75720ff4acbc,discovery,0train,PASS,2339,S09_0train_T036,9,0,left_hand,True,0.0,3.4146849485937405e-13,1.5316774668748528e-09,4485.560131998822,True
1.0,ff7143dca8408a73233321fc7219358e48f2336bad0cb63f4e76f8988e77ecce,ca0178be9c5fd168509f48974d2b3e1bbc91b2ba4e8e9e320299fd98dcf765e8,0c9085a7366142fd489e5640b36c75720ff4acbc,discovery,0train,PASS,2340,S09_0train_T037,9,0,tongue,True,0.0,2.917269901013e-13,8.294127046142047e-10,2843.112679859335,True
1.0,ff7143dca8408a73233321fc7219358e48f2336bad0cb63f4e76f8988e77ecce,ca0178be9c5fd168509f48974d2b3e1bbc91b2ba4e8e9e320299fd98dcf765e8,0c9085a7366142fd489e5640b36c75720ff4acbc,discovery,0train,PASS,2341,S09_0train_T038,9,0,right_hand,True,0.0,2.0024363114084537e-13,7.067600628515375e-10,3529.5008326852785,True
1.0,ff7143dca8408a73233321fc7219358e48f2336bad0cb63f4e76f8988e77ecce,ca0178be9c5fd168509f48974d2b3e1bbc91b2ba4e8e9e320299fd98dcf765e8,0c9085a7366142fd489e5640b36c75720ff4acbc,discovery,0train,PASS,2342,S09_0train_T039,9,0,feet,True,0.0,1.900093412236639e-13,4.6692697181609e-10,2457.389562055587,True
1.0,ff7143dca8408a73233321fc7219358e48f2336bad0cb63f4e76f8988e77ecce,ca0178be9c5fd168509f48974d2b3e1bbc91b2ba4e8e9e320299fd98dcf765e8,0c9085a7366142fd489e5640b36c75720ff4acbc,discovery,0train,PASS,2343,S09_0train_T040,9,0,tongue,True,0.0,4.281632287834706e-13,1.1397176239984629e-09,2661.8764699544936,True
1.0,ff7143dca8408a73233321fc7219358e48f2336bad0cb63f4e76f8988e77ecce,ca0178be9c5fd168509f48974d2b3e1bbc91b2ba4e8e9e320299fd98dcf765e8,0c9085a7366142fd489e5640b36c75720ff4acbc,discovery,0train,PASS,2344,S09_0train_T041,9,0,right_hand,True,0.0,2.1690452340367097e-13,9.405242226842765e-10,4336.120832915552,True
1.0,ff7143dca8408a73233321fc7219358e48f2336bad0cb63f4e76f8988e77ecce,ca0178be9c5fd168509f48974d2b3e1bbc91b2ba4e8e9e320299fd98dcf765e8,0c9085a7366142fd489e5640b36c75720ff4acbc,discovery,0train,PASS,2345,S09_0train_T042,9,0,feet,True,0.0,3.343770951145283e-13,1.2035622117008277e-09,3599.415837046472,True
1.0,ff7143dca8408a73233321fc7219358e48f2336bad0cb63f4e76f8988e77ecce,ca0178be9c5fd168509f48974d2b3e1bbc91b2ba4e8e9e320299fd98dcf765e8,0c9085a7366142fd489e5640b36c75720ff4acbc,discovery,0train,PASS,2346,S09_0train_T043,9,0,right_hand,True,0.0,2.2980378952240233e-13,1.1334648990827364e-09,4932.3159615357035,True
1.0,ff7143dca8408a73233321fc7219358e48f2336bad0cb63f4e76f8988e77ecce,ca0178be9c5fd168509f48974d2b3e1bbc91b2ba4e8e9e320299fd98dcf765e8,0c9085a7366142fd489e5640b36c75720ff4acbc,discovery,0train,PASS,2347,S09_0train_T044,9,0,feet,True,0.0,2.753008433653871e-13,1.226768989394056e-09,4456.103273776947,True
1.0,ff7143dca8408a73233321fc7219358e48f2336bad0cb63f4e76f8988e77ecce,ca0178be9c5fd168509f48974d2b3e1bbc91b2ba4e8e9e320299fd98dcf765e8,0c9085a7366142fd489e5640b36c75720ff4acbc,discovery,0train,PASS,2348,S09_0train_T045,9,0,left_hand,True,0.0,2.0116222762515216e-13,8.845543957922546e-10,4397.219131220513,True
1.0,ff7143dca8408a73233321fc7219358e48f2336bad0cb63f4e76f8988e77ecce,ca0178be9c5fd168509f48974d2b3e1bbc91b2ba4e8e9e320299fd98dcf765e8,0c9085a7366142fd489e5640b36c75720ff4acbc,discovery,0train,PASS,2349,S09_0train_T046,9,0,right_hand,True,0.0,2.9793897938654445e-13,7.562794111904087e-10,2538.370147966493,True
1.0,ff7143dca8408a73233321fc7219358e48f2336bad0cb63f4e76f8988e77ecce,ca0178be9c5fd168509f48974d2b3e1bbc91b2ba4e8e9e320299fd98dcf765e8,0c9085a7366142fd489e5640b36c75720ff4acbc,discovery,0train,PASS,2350,S09_0train_T047,9,0,tongue,True,0.0,3.2502227085114287e-13,1.3165872462507905e-09,4050.76009961722,True
1.0,ff7143dca8408a73233321fc7219358e48f2336bad0cb63f4e76f8988e77ecce,ca0178be9c5fd168509f48974d2b3e1bbc91b2ba4e8e9e320299fd98dcf765e8,0c9085a7366142fd489e5640b36c75720ff4acbc,discovery,0train,PASS,2351,S09_0train_T048,9,0,left_hand,True,0.0,2.603269493986829e-13,1.0759014625057438e-09,4132.885454198724,True
1.0,ff7143dca8408a73233321fc7219358e48f2336bad0cb63f4e76f8988e77ecce,ca0178be9c5fd168509f48974d2b3e1bbc91b2ba4e8e9e320299fd98dcf765e8,0c9085a7366142fd489e5640b36c75720ff4acbc,discovery,0train,PASS,2352,S09_0train_T049,9,1,feet,True,0.0,1.968041967422e-13,6.883636352360083e-10,3497.70811106085,True
1.0,ff7143dca8408a73233321fc7219358e48f2336bad0cb63f4e76f8988e77ecce,ca0178be9c5fd168509f48974d2b3e1bbc91b2ba4e8e9e320299fd98dcf765e8,0c9085a7366142fd489e5640b36c75720ff4acbc,discovery,0train,PASS,2353,S09_0train_T050,9,1,left_hand,True,0.0,2.143316796420705e-13,6.676906951951719e-10,3115.2216802957064,True
1.0,ff7143dca8408a73233321fc7219358e48f2336bad0cb63f4e76f8988e77ecce,ca0178be9c5fd168509f48974d2b3e1bbc91b2ba4e8e9e320299fd98dcf765e8,0c9085a7366142fd489e5640b36c75720ff4acbc,discovery,0train,PASS,2354,S09_0train_T051,9,1,left_hand,True,0.0,1.213852274989172e-13,4.642664178028232e-10,3824.735739008807,True
1.0,ff7143dca8408a73233321fc7219358e48f2336bad0cb63f4e76f8988e77ecce,ca0178be9c5fd168509f48974d2b3e1bbc91b2ba4e8e9e320299fd98dcf765e8,0c9085a7366142fd489e5640b36c75720ff4acbc,discovery,0train,PASS,2355,S09_0train_T052,9,1,tongue,True,0.0,3.1751454850609856e-13,1.024556555036155e-09,3226.801920909385,True
1.0,ff7143dca8408a73233321fc7219358e48f2336bad0cb63f4e76f8988e77ecce,ca0178be9c5fd168509f48974d2b3e1bbc91b2ba4e8e9e320299fd98dcf765e8,0c9085a7366142fd489e5640b36c75720ff4acbc,discovery,0train,PASS,2356,S09_0train_T053,9,1,left_hand,True,0.0,1.92979340276805e-13,8.567403617924059e-10,4439.544464000746,True
1.0,ff7143dca8408a73233321fc7219358e48f2336bad0cb63f4e76f8988e77ecce,ca0178be9c5fd168509f48974d2b3e1bbc91b2ba4e8e9e320299fd98dcf765e8,0c9085a7366142fd489e5640b36c75720ff4acbc,discovery,0train,PASS,2357,S09_0train_T054,9,1,tongue,True,0.0,3.5001877127826795e-13,1.1121457643733327e-09,3177.3889163480526,True
1.0,ff7143dca8408a73233321fc7219358e48f2336bad0cb63f4e76f8988e77ecce,ca0178be9c5fd168509f48974d2b3e1bbc91b2ba4e8e9e320299fd98dcf765e8,0c9085a7366142fd489e5640b36c75720ff4acbc,discovery,0train,PASS,2358,S09_0train_T055,9,1,tongue,True,0.0,3.365747689980778e-13,1.3839535295714048e-09,4111.8754495210205,True
1.0,ff7143dca8408a73233321fc7219358e48f2336bad0cb63f4e76f8988e77ecce,ca0178be9c5fd168509f48974d2b3e1bbc91b2ba4e8e9e320299fd98dcf765e8,0c9085a7366142fd489e5640b36c75720ff4acbc,discovery,0train,PASS,2359,S09_0train_T056,9,1,right_hand,True,0.0,2.345594897846023e-13,1.103044258509462e-09,4702.620471771983,True
1.0,ff7143dca8408a73233321fc7219358e48f2336bad0cb63f4e76f8988e77ecce,ca0178be9c5fd168509f48974d2b3e1bbc91b2ba4e8e9e320299fd98dcf765e8,0c9085a7366142fd489e5640b36c75720ff4acbc,discovery,0train,PASS,2360,S09_0train_T057,9,1,tongue,True,0.0,3.378737348022916e-13,1.4070735229823655e-09,4164.495129536249,True
1.0,ff7143dca8408a73233321fc7219358e48f2336bad0cb63f4e76f8988e77ecce,ca0178be9c5fd168509f48974d2b3e1bbc91b2ba4e8e9e320299fd98dcf765e8,0c9085a7366142fd489e5640b36c75720ff4acbc,discovery,0train,PASS,2361,S09_0train_T058,9,1,right_hand,True,0.0,2.6960021096487906e-13,1.3492770301395846e-09,5004.73284242109,True
1.0,ff7143dca8408a73233321fc7219358e48f2336bad0cb63f4e76f8988e77ecce,ca0178be9c5fd168509f48974d2b3e1bbc91b2ba4e8e9e320299fd98dcf765e8,0c9085a7366142fd489e5640b36c75720ff4acbc,discovery,0train,PASS,2362,S09_0train_T059,9,1,tongue,True,0.0,2.7952960798032365e-13,1.052430274062858e-09,3765.004650730736,True
1.0,ff7143dca8408a73233321fc7219358e48f2336bad0cb63f4e76f8988e77ecce,ca0178be9c5fd168509f48974d2b3e1bbc91b2ba4e8e9e320299fd98dcf765e8,0c9085a7366142fd489e5640b36c75720ff4acbc,discovery,0train,PASS,2363,S09_0train_T060,9,1,feet,True,0.0,2.1519842099380746e-13,1.0974881307600117e-09,5099.889328609865,True
1.0,ff7143dca8408a73233321fc7219358e48f2336bad0cb63f4e76f8988e77ecce,ca0178be9c5fd168509f48974d2b3e1bbc91b2ba4e8e9e320299fd98dcf765e8,0c9085a7366142fd489e5640b36c75720ff4acbc,discovery,0train,PASS,2364,S09_0train_T061,9,1,left_hand,True,0.0,2.394446133888098e-13,1.0955879911936149e-09,4575.5382661901895,True
1.0,ff7143dca8408a73233321fc7219358e48f2336bad0cb63f4e76f8988e77ecce,ca0178be9c5fd168509f48974d2b3e1bbc91b2ba4e8e9e320299fd98dcf765e8,0c9085a7366142fd489e5640b36c75720ff4acbc,discovery,0train,PASS,2365,S09_0train_T062,9,1,right_hand,True,0.0,2.2771690389832703e-13,1.0674049537497687e-09,4687.420808366307,True
1.0,ff7143dca8408a73233321fc7219358e48f2336bad0cb63f4e76f8988e77ecce,ca0178be9c5fd168509f48974d2b3e1bbc91b2ba4e8e9e320299fd98dcf765e8,0c9085a7366142fd489e5640b36c75720ff4acbc,discovery,0train,PASS,2366,S09_0train_T063,9,1,feet,True,0.0,3.528832049855287e-13,1.5323928603520065e-09,4342.493036512882,True
1.0,ff7143dca8408a73233321fc7219358e48f2336bad0cb63f4e76f8988e77ecce,ca0178be9c5fd168509f48974d2b3e1bbc91b2ba4e8e9e320299fd98dcf765e8,0c9085a7366142fd489e5640b36c75720ff4acbc,discovery,0train,PASS,2367,S09_0train_T064,9,1,left_hand,True,0.0,2.4051034708436136e-13,8.53453245235759e-10,3548.5094740493714,True
1.0,ff7143dca8408a73233321fc7219358e48f2336bad0cb63f4e76f8988e77ecce,ca0178be9c5fd168509f48974d2b3e1bbc91b2ba4e8e9e320299fd98dcf765e8,0c9085a7366142fd489e5640b36c75720ff4acbc,discovery,0train,PASS,2368,S09_0train_T065,9,1,left_hand,True,0.0,4.033155519687446e-13,1.6741278318044649e-09,4150.913158772026,True
1.0,ff7143dca8408a73233321fc7219358e48f2336bad0cb63f4e76f8988e77ecce,ca0178be9c5fd168509f48974d2b3e1bbc91b2ba4e8e9e320299fd98dcf765e8,0c9085a7366142fd489e5640b36c75720ff4acbc,discovery,0train,PASS,2369,S09_0train_T066,9,1,tongue,True,0.0,3.2730235456436093e-13,1.28977787935951e-09,3940.6312278938626,True
1.0,ff7143dca8408a73233321fc7219358e48f2336bad0cb63f4e76f8988e77ecce,ca0178be9c5fd168509f48974d2b3e1bbc91b2ba4e8e9e320299fd98dcf765e8,0c9085a7366142fd489e5640b36c75720ff4acbc,discovery,0train,PASS,2370,S09_0train_T067,9,1,tongue,True,0.0,4.847457611382869e-13,2.0945256601824817e-09,4320.874627689547,True
1.0,ff7143dca8408a73233321fc7219358e48f2336bad0cb63f4e76f8988e77ecce,ca0178be9c5fd168509f48974d2b3e1bbc91b2ba4e8e9e320299fd98dcf765e8,0c9085a7366142fd489e5640b36c75720ff4acbc,discovery,0train,PASS,2371,S09_0train_T068,9,1,right_hand,True,0.0,1.831221962064521e-13,7.686587559854755e-10,4197.518225037499,True
1.0,ff7143dca8408a73233321fc7219358e48f2336bad0cb63f4e76f8988e77ecce,ca0178be9c5fd168509f48974d2b3e1bbc91b2ba4e8e9e320299fd98dcf765e8,0c9085a7366142fd489e5640b36c75720ff4acbc,discovery,0train,PASS,2372,S09_0train_T069,9,1,left_hand,True,0.0,2.292408480201676e-13,6.576482837551337e-10,2868.809330600961,True
1.0,ff7143dca8408a73233321fc7219358e48f2336bad0cb63f4e76f8988e77ecce,ca0178be9c5fd168509f48974d2b3e1bbc91b2ba4e8e9e320299fd98dcf765e8,0c9085a7366142fd489e5640b36c75720ff4acbc,discovery,0train,PASS,2373,S09_0train_T070,9,1,feet,True,0.0,3.0155667065542243e-13,1.4138034008234261e-09,4688.350610021579,True
1.0,ff7143dca8408a73233321fc7219358e48f2336bad0cb63f4e76f8988e77ecce,ca0178be9c5fd168509f48974d2b3e1bbc91b2ba4e8e9e320299fd98dcf765e8,0c9085a7366142fd489e5640b36c75720ff4acbc,discovery,0train,PASS,2374,S09_0train_T071,9,1,tongue,True,0.0,3.5751223060566425e-13,1.6100943231555402e-09,4503.606269435501,True
1.0,ff7143dca8408a73233321fc7219358e48f2336bad0cb63f4e76f8988e77ecce,ca0178be9c5fd168509f48974d2b3e1bbc91b2ba4e8e9e320299fd98dcf765e8,0c9085a7366142fd489e5640b36c75720ff4acbc,discovery,0train,PASS,2375,S09_0train_T072,9,1,tongue,True,0.0,3.918416447492553e-13,1.2270992453418732e-09,3131.6202904546053,True
1.0,ff7143dca8408a73233321fc7219358e48f2336bad0cb63f4e76f8988e77ecce,ca0178be9c5fd168509f48974d2b3e1bbc91b2ba4e8e9e320299fd98dcf765e8,0c9085a7366142fd489e5640b36c75720ff4acbc,discovery,0train,PASS,2376,S09_0train_T073,9,1,tongue,True,0.0,4.265889107725881e-13,1.2042704259815877e-09,2823.0232797204067,True
1.0,ff7143dca8408a73233321fc7219358e48f2336bad0cb63f4e76f8988e77ecce,ca0178be9c5fd168509f48974d2b3e1bbc91b2ba4e8e9e320299fd98dcf765e8,0c9085a7366142fd489e5640b36c75720ff4acbc,discovery,0train,PASS,2377,S09_0train_T074,9,1,feet,True,0.0,2.932851942292084e-13,1.0214679079603353e-09,3482.848531256021,True
1.0,ff7143dca8408a73233321fc7219358e48f2336bad0cb63f4e76f8988e77ecce,ca0178be9c5fd168509f48974d2b3e1bbc91b2ba4e8e9e320299fd98dcf765e8,0c9085a7366142fd489e5640b36c75720ff4acbc,discovery,0train,PASS,2378,S09_0train_T075,9,1,feet,True,0.0,3.3830333977008253e-13,1.5369605793733968e-09,4543.143382557041,True
1.0,ff7143dca8408a73233321fc7219358e48f2336bad0cb63f4e76f8988e77ecce,ca0178be9c5fd168509f48974d2b3e1bbc91b2ba4e8e9e320299fd98dcf765e8,0c9085a7366142fd489e5640b36c75720ff4acbc,discovery,0train,PASS,2379,S09_0train_T076,9,1,feet,True,0.0,3.1140378812359703e-13,1.1075733590972926e-09,3556.7112583026565,True
1.0,ff7143dca8408a73233321fc7219358e48f2336bad0cb63f4e76f8988e77ecce,ca0178be9c5fd168509f48974d2b3e1bbc91b2ba4e8e9e320299fd98dcf765e8,0c9085a7366142fd489e5640b36c75720ff4acbc,discovery,0train,PASS,2380,S09_0train_T077,9,1,left_hand,True,0.0,2.6484569902935436e-13,1.1549113864735122e-09,4360.695267871829,True
1.0,ff7143dca8408a73233321fc7219358e48f2336bad0cb63f4e76f8988e77ecce,ca0178be9c5fd168509f48974d2b3e1bbc91b2ba4e8e9e320299fd98dcf765e8,0c9085a7366142fd489e5640b36c75720ff4acbc,discovery,0train,PASS,2381,S09_0train_T078,9,1,right_hand,True,0.0,3.171968932125391e-13,7.396046628969822e-10,2331.6894923097716,True
1.0,ff7143dca8408a73233321fc7219358e48f2336bad0cb63f4e76f8988e77ecce,ca0178be9c5fd168509f48974d2b3e1bbc91b2ba4e8e9e320299fd98dcf765e8,0c9085a7366142fd489e5640b36c75720ff4acbc,discovery,0train,PASS,2382,S09_0train_T079,9,1,right_hand,True,0.0,3.152971750804896e-13,1.0051502697355058e-09,3187.9456879970758,True
1.0,ff7143dca8408a73233321fc7219358e48f2336bad0cb63f4e76f8988e77ecce,ca0178be9c5fd168509f48974d2b3e1bbc91b2ba4e8e9e320299fd98dcf765e8,0c9085a7366142fd489e5640b36c75720ff4acbc,discovery,0train,PASS,2383,S09_0train_T080,9,1,right_hand,True,0.0,2.4555414417421205e-13,1.2173077554033964e-09,4957.390393459453,True
1.0,ff7143dca8408a73233321fc7219358e48f2336bad0cb63f4e76f8988e77ecce,ca0178be9c5fd168509f48974d2b3e1bbc91b2ba4e8e9e320299fd98dcf765e8,0c9085a7366142fd489e5640b36c75720ff4acbc,discovery,0train,PASS,2384,S09_0train_T081,9,1,feet,True,0.0,2.8384193175583163e-13,1.3124544313594135e-09,4623.8919783297615,True
1.0,ff7143dca8408a73233321fc7219358e48f2336bad0cb63f4e76f8988e77ecce,ca0178be9c5fd168509f48974d2b3e1bbc91b2ba4e8e9e320299fd98dcf765e8,0c9085a7366142fd489e5640b36c75720ff4acbc,discovery,0train,PASS,2385,S09_0train_T082,9,1,feet,True,0.0,3.3275258634405634e-13,1.0508479140787043e-09,3158.0458190403324,True
1.0,ff7143dca8408a73233321fc7219358e48f2336bad0cb63f4e76f8988e77ecce,ca0178be9c5fd168509f48974d2b3e1bbc91b2ba4e8e9e320299fd98dcf765e8,0c9085a7366142fd489e5640b36c75720ff4acbc,discovery,0train,PASS,2386,S09_0train_T083,9,1,right_hand,True,0.0,3.003591304809126e-13,1.0683533144958486e-09,3556.919720686636,True
1.0,ff7143dca8408a73233321fc7219358e48f2336bad0cb63f4e76f8988e77ecce,ca0178be9c5fd168509f48974d2b3e1bbc91b2ba4e8e9e320299fd98dcf765e8,0c9085a7366142fd489e5640b36c75720ff4acbc,discovery,0train,PASS,2387,S09_0train_T084,9,1,feet,True,0.0,3.955181454865311e-13,1.3225567921926937e-09,3343.8587010105502,True
1.0,ff7143dca8408a73233321fc7219358e48f2336bad0cb63f4e76f8988e77ecce,ca0178be9c5fd168509f48974d2b3e1bbc91b2ba4e8e9e320299fd98dcf765e8,0c9085a7366142fd489e5640b36c75720ff4acbc,discovery,0train,PASS,2388,S09_0train_T085,9,1,left_hand,True,0.0,2.2979001583039755e-13,7.885878910514954e-10,3431.7761291836678,True
1.0,ff7143dca8408a73233321fc7219358e48f2336bad0cb63f4e76f8988e77ecce,ca0178be9c5fd168509f48974d2b3e1bbc91b2ba4e8e9e320299fd98dcf765e8,0c9085a7366142fd489e5640b36c75720ff4acbc,discovery,0train,PASS,2389,S09_0train_T086,9,1,feet,True,0.0,3.3508229949686016e-13,1.7005688566438403e-09,5075.0781500464645,True
1.0,ff7143dca8408a73233321fc7219358e48f2336bad0cb63f4e76f8988e77ecce,ca0178be9c5fd168509f48974d2b3e1bbc91b2ba4e8e9e320299fd98dcf765e8,0c9085a7366142fd489e5640b36c75720ff4acbc,discovery,0train,PASS,2390,S09_0train_T087,9,1,feet,True,0.0,3.172351366615134e-13,1.2887815997939827e-09,4062.5436808694344,True
1.0,ff7143dca8408a73233321fc7219358e48f2336bad0cb63f4e76f8988e77ecce,ca0178be9c5fd168509f48974d2b3e1bbc91b2ba4e8e9e320299fd98dcf765e8,0c9085a7366142fd489e5640b36c75720ff4acbc,discovery,0train,PASS,2391,S09_0train_T088,9,1,right_hand,True,0.0,2.800659162804842e-13,1.1880475901974808e-09,4242.028469496655,True
1.0,ff7143dca8408a73233321fc7219358e48f2336bad0cb63f4e76f8988e77ecce,ca0178be9c5fd168509f48974d2b3e1bbc91b2ba4e8e9e320299fd98dcf765e8,0c9085a7366142fd489e5640b36c75720ff4acbc,discovery,0train,PASS,2392,S09_0train_T089,9,1,right_hand,True,0.0,3.370508266421095e-13,1.6371642239621016e-09,4857.321491457105,True
1.0,ff7143dca8408a73233321fc7219358e48f2336bad0cb63f4e76f8988e77ecce,ca0178be9c5fd168509f48974d2b3e1bbc91b2ba4e8e9e320299fd98dcf765e8,0c9085a7366142fd489e5640b36c75720ff4acbc,discovery,0train,PASS,2393,S09_0train_T090,9,1,left_hand,True,0.0,2.6391270325202693e-13,9.172961907576266e-10,3475.7561097073926,True
1.0,ff7143dca8408a73233321fc7219358e48f2336bad0cb63f4e76f8988e77ecce,ca0178be9c5fd168509f48974d2b3e1bbc91b2ba4e8e9e320299fd98dcf765e8,0c9085a7366142fd489e5640b36c75720ff4acbc,discovery,0train,PASS,2394,S09_0train_T091,9,1,right_hand,True,0.0,3.115673639830489e-13,1.298165569897687e-09,4166.564666151346,True
1.0,ff7143dca8408a73233321fc7219358e48f2336bad0cb63f4e76f8988e77ecce,ca0178be9c5fd168509f48974d2b3e1bbc91b2ba4e8e9e320299fd98dcf765e8,0c9085a7366142fd489e5640b36c75720ff4acbc,discovery,0train,PASS,2395,S09_0train_T092,9,1,left_hand,True,0.0,3.1586688360809984e-13,1.0208674927740645e-09,3231.954806761788,True
1.0,ff7143dca8408a73233321fc7219358e48f2336bad0cb63f4e76f8988e77ecce,ca0178be9c5fd168509f48974d2b3e1bbc91b2ba4e8e9e320299fd98dcf765e8,0c9085a7366142fd489e5640b36c75720ff4acbc,discovery,0train,PASS,2396,S09_0train_T093,9,1,left_hand,True,0.0,3.3287807870261627e-13,1.545228568674054e-09,4642.025616996297,True
1.0,ff7143dca8408a73233321fc7219358e48f2336bad0cb63f4e76f8988e77ecce,ca0178be9c5fd168509f48974d2b3e1bbc91b2ba4e8e9e320299fd98dcf765e8,0c9085a7366142fd489e5640b36c75720ff4acbc,discovery,0train,PASS,2397,S09_0train_T094,9,1,tongue,True,0.0,2.924690826977251e-13,1.5227311522477323e-09,5206.46879390502,True
1.0,ff7143dca8408a73233321fc7219358e48f2336bad0cb63f4e76f8988e77ecce,ca0178be9c5fd168509f48974d2b3e1bbc91b2ba4e8e9e320299fd98dcf765e8,0c9085a7366142fd489e5640b36c75720ff4acbc,discovery,0train,PASS,2398,S09_0train_T095,9,1,tongue,True,0.0,4.3339219746736854e-13,1.4135258059465295e-09,3261.539580561919,True
1.0,ff7143dca8408a73233321fc7219358e48f2336bad0cb63f4e76f8988e77ecce,ca0178be9c5fd168509f48974d2b3e1bbc91b2ba4e8e9e320299fd98dcf765e8,0c9085a7366142fd489e5640b36c75720ff4acbc,discovery,0train,PASS,2399,S09_0train_T096,9,1,right_hand,True,0.0,2.906161571137346e-13,1.1647654427000017e-09,4007.9170210903408,True
1.0,ff7143dca8408a73233321fc7219358e48f2336bad0cb63f4e76f8988e77ecce,ca0178be9c5fd168509f48974d2b3e1bbc91b2ba4e8e9e320299fd98dcf765e8,0c9085a7366142fd489e5640b36c75720ff4acbc,discovery,0train,PASS,2400,S09_0train_T097,9,2,right_hand,True,0.0,1.5519506332814086e-13,7.728525670288979e-10,4979.878550613406,True
1.0,ff7143dca8408a73233321fc7219358e48f2336bad0cb63f4e76f8988e77ecce,ca0178be9c5fd168509f48974d2b3e1bbc91b2ba4e8e9e320299fd98dcf765e8,0c9085a7366142fd489e5640b36c75720ff4acbc,discovery,0train,PASS,2401,S09_0train_T098,9,2,tongue,True,0.0,3.7205739430891176e-13,1.426139733709621e-09,3833.1175660643526,True
1.0,ff7143dca8408a73233321fc7219358e48f2336bad0cb63f4e76f8988e77ecce,ca0178be9c5fd168509f48974d2b3e1bbc91b2ba4e8e9e320299fd98dcf765e8,0c9085a7366142fd489e5640b36c75720ff4acbc,discovery,0train,PASS,2402,S09_0train_T099,9,2,left_hand,True,0.0,2.3573902089506987e-13,1.118651901401116e-09,4745.297987383433,True
1.0,ff7143dca8408a73233321fc7219358e48f2336bad0cb63f4e76f8988e77ecce,ca0178be9c5fd168509f48974d2b3e1bbc91b2ba4e8e9e320299fd98dcf765e8,0c9085a7366142fd489e5640b36c75720ff4acbc,discovery,0train,PASS,2403,S09_0train_T100,9,2,tongue,True,0.0,3.5214954676149673e-13,1.3164456260375275e-09,3738.3141285969837,True
1.0,ff7143dca8408a73233321fc7219358e48f2336bad0cb63f4e76f8988e77ecce,ca0178be9c5fd168509f48974d2b3e1bbc91b2ba4e8e9e320299fd98dcf765e8,0c9085a7366142fd489e5640b36c75720ff4acbc,discovery,0train,PASS,2404,S09_0train_T101,9,2,right_hand,True,0.0,2.317361283186102e-13,9.617928321879174e-10,4150.379309287347,True
1.0,ff7143dca8408a73233321fc7219358e48f2336bad0cb63f4e76f8988e77ecce,ca0178be9c5fd168509f48974d2b3e1bbc91b2ba4e8e9e320299fd98dcf765e8,0c9085a7366142fd489e5640b36c75720ff4acbc,discovery,0train,PASS,2405,S09_0train_T102,9,2,tongue,True,0.0,2.9863216505598875e-13,7.482197965694804e-10,2505.489642849427,True
1.0,ff7143dca8408a73233321fc7219358e48f2336bad0cb63f4e76f8988e77ecce,ca0178be9c5fd168509f48974d2b3e1bbc91b2ba4e8e9e320299fd98dcf765e8,0c9085a7366142fd489e5640b36c75720ff4acbc,discovery,0train,PASS,2406,S09_0train_T103,9,2,left_hand,True,0.0,2.5094778274111477e-13,1.3462476047488177e-09,5364.652319473358,True
1.0,ff7143dca8408a73233321fc7219358e48f2336bad0cb63f4e76f8988e77ecce,ca0178be9c5fd168509f48974d2b3e1bbc91b2ba4e8e9e320299fd98dcf765e8,0c9085a7366142fd489e5640b36c75720ff4acbc,discovery,0train,PASS,2407,S09_0train_T104,9,2,right_hand,True,0.0,3.2974303544719506e-13,7.681445585424272e-10,2329.5247388642347,True
1.0,ff7143dca8408a73233321fc7219358e48f2336bad0cb63f4e76f8988e77ecce,ca0178be9c5fd168509f48974d2b3e1bbc91b2ba4e8e9e320299fd98dcf765e8,0c9085a7366142fd489e5640b36c75720ff4acbc,discovery,0train,PASS,2408,S09_0train_T105,9,2,tongue,True,0.0,4.281145461398225e-13,1.9848161500346326e-09,4636.180124994842,True
1.0,ff7143dca8408a73233321fc7219358e48f2336bad0cb63f4e76f8988e77ecce,ca0178be9c5fd168509f48974d2b3e1bbc91b2ba4e8e9e320299fd98dcf765e8,0c9085a7366142fd489e5640b36c75720ff4acbc,discovery,0train,PASS,2409,S09_0train_T106,9,2,tongue,True,0.0,5.179856737223666e-13,2.062142436647819e-09,3981.0800592780483,True
1.0,ff7143dca8408a73233321fc7219358e48f2336bad0cb63f4e76f8988e77ecce,ca0178be9c5fd168509f48974d2b3e1bbc91b2ba4e8e9e320299fd98dcf765e8,0c9085a7366142fd489e5640b36c75720ff4acbc,discovery,0train,PASS,2410,S09_0train_T107,9,2,right_hand,True,0.0,2.634920615837078e-13,9.212771393857986e-10,3496.4132651606337,True
1.0,ff7143dca8408a73233321fc7219358e48f2336bad0cb63f4e76f8988e77ecce,ca0178be9c5fd168509f48974d2b3e1bbc91b2ba4e8e9e320299fd98dcf765e8,0c9085a7366142fd489e5640b36c75720ff4acbc,discovery,0train,PASS,2411,S09_0train_T108,9,2,feet,True,0.0,2.3630883549853944e-13,1.0705340488789545e-09,4530.2328481305185,True
1.0,ff7143dca8408a73233321fc7219358e48f2336bad0cb63f4e76f8988e77ecce,ca0178be9c5fd168509f48974d2b3e1bbc91b2ba4e8e9e320299fd98dcf765e8,0c9085a7366142fd489e5640b36c75720ff4acbc,discovery,0train,PASS,2412,S09_0train_T109,9,2,right_hand,True,0.0,2.5032540018274126e-13,1.193069402150515e-09,4766.074083091675,True
1.0,ff7143dca8408a73233321fc7219358e48f2336bad0cb63f4e76f8988e77ecce,ca0178be9c5fd168509f48974d2b3e1bbc91b2ba4e8e9e320299fd98dcf765e8,0c9085a7366142fd489e5640b36c75720ff4acbc,discovery,0train,PASS,2413,S09_0train_T110,9,2,left_hand,True,0.0,2.573473272441685e-13,9.504405116199049e-10,3693.2208381481914,True
1.0,ff7143dca8408a73233321fc7219358e48f2336bad0cb63f4e76f8988e77ecce,ca0178be9c5fd168509f48974d2b3e1bbc91b2ba4e8e9e320299fd98dcf765e8,0c9085a7366142fd489e5640b36c75720ff4acbc,discovery,0train,PASS,2414,S09_0train_T111,9,2,left_hand,True,0.0,2.7502316940409447e-13,7.590917315179765e-10,2760.101024080029,True
1.0,ff7143dca8408a73233321fc7219358e48f2336bad0cb63f4e76f8988e77ecce,ca0178be9c5fd168509f48974d2b3e1bbc91b2ba4e8e9e320299fd98dcf765e8,0c9085a7366142fd489e5640b36c75720ff4acbc,discovery,0train,PASS,2415,S09_0train_T112,9,2,right_hand,True,0.0,2.6765745333666174e-13,7.088463579912885e-10,2648.3340895412903,True
1.0,ff7143dca8408a73233321fc7219358e48f2336bad0cb63f4e76f8988e77ecce,ca0178be9c5fd168509f48974d2b3e1bbc91b2ba4e8e9e320299fd98dcf765e8,0c9085a7366142fd489e5640b36c75720ff4acbc,discovery,0train,PASS,2416,S09_0train_T113,9,2,tongue,True,0.0,3.882100822400583e-13,1.878422357433286e-09,4838.674839649635,True
1.0,ff7143dca8408a73233321fc7219358e48f2336bad0cb63f4e76f8988e77ecce,ca0178be9c5fd168509f48974d2b3e1bbc91b2ba4e8e9e320299fd98dcf765e8,0c9085a7366142fd489e5640b36c75720ff4acbc,discovery,0train,PASS,2417,S09_0train_T114,9,2,left_hand,True,0.0,2.209323383194198e-13,8.19703137460482e-10,3710.1998905898995,True
1.0,ff7143dca8408a73233321fc7219358e48f2336bad0cb63f4e76f8988e77ecce,ca0178be9c5fd168509f48974d2b3e1bbc91b2ba4e8e9e320299fd98dcf765e8,0c9085a7366142fd489e5640b36c75720ff4acbc,discovery,0train,PASS,2418,S09_0train_T115,9,2,tongue,True,0.0,4.484104491146246e-13,2.2683611370067356e-09,5058.6714504212805,True
1.0,ff7143dca8408a73233321fc7219358e48f2336bad0cb63f4e76f8988e77ecce,ca0178be9c5fd168509f48974d2b3e1bbc91b2ba4e8e9e320299fd98dcf765e8,0c9085a7366142fd489e5640b36c75720ff4acbc,discovery,0train,PASS,2419,S09_0train_T116,9,2,right_hand,True,0.0,2.8068700725711716e-13,1.1525099627405867e-09,4106.032459439261,True
1.0,ff7143dca8408a73233321fc7219358e48f2336bad0cb63f4e76f8988e77ecce,ca0178be9c5fd168509f48974d2b3e1bbc91b2ba4e8e9e320299fd98dcf765e8,0c9085a7366142fd489e5640b36c75720ff4acbc,discovery,0train,PASS,2420,S09_0train_T117,9,2,left_hand,True,0.0,2.7633952214974234e-13,1.4954579971827543e-09,5411.668897554213,True
1.0,ff7143dca8408a73233321fc7219358e48f2336bad0cb63f4e76f8988e77ecce,ca0178be9c5fd168509f48974d2b3e1bbc91b2ba4e8e9e320299fd98dcf765e8,0c9085a7366142fd489e5640b36c75720ff4acbc,discovery,0train,PASS,2421,S09_0train_T118,9,2,feet,True,0.0,3.04063995242969e-13,9.107980800447789e-10,2995.4157489675345,True
1.0,ff7143dca8408a73233321fc7219358e48f2336bad0cb63f4e76f8988e77ecce,ca0178be9c5fd168509f48974d2b3e1bbc91b2ba4e8e9e320299fd98dcf765e8,0c9085a7366142fd489e5640b36c75720ff4acbc,discovery,0train,PASS,2422,S09_0train_T119,9,2,feet,True,0.0,3.125600415666689e-13,1.2524359197959233e-09,4007.0250615473487,True
1.0,ff7143dca8408a73233321fc7219358e48f2336bad0cb63f4e76f8988e77ecce,ca0178be9c5fd168509f48974d2b3e1bbc91b2ba4e8e9e320299fd98dcf765e8,0c9085a7366142fd489e5640b36c75720ff4acbc,discovery,0train,PASS,2423,S09_0train_T120,9,2,left_hand,True,0.0,2.3817168795318365e-13,1.082335451026535e-09,4544.349751760944,True
1.0,ff7143dca8408a73233321fc7219358e48f2336bad0cb63f4e76f8988e77ecce,ca0178be9c5fd168509f48974d2b3e1bbc91b2ba4e8e9e320299fd98dcf765e8,0c9085a7366142fd489e5640b36c75720ff4acbc,discovery,0train,PASS,2424,S09_0train_T121,9,2,right_hand,True,0.0,3.4524516145827255e-13,1.8443286554558484e-09,5342.084006813112,True
1.0,ff7143dca8408a73233321fc7219358e48f2336bad0cb63f4e76f8988e77ecce,ca0178be9c5fd168509f48974d2b3e1bbc91b2ba4e8e9e320299fd98dcf765e8,0c9085a7366142fd489e5640b36c75720ff4acbc,discovery,0train,PASS,2425,S09_0train_T122,9,2,tongue,True,0.0,3.7885650467136055e-13,2.015165355680178e-09,5319.072870157622,True
1.0,ff7143dca8408a73233321fc7219358e48f2336bad0cb63f4e76f8988e77ecce,ca0178be9c5fd168509f48974d2b3e1bbc91b2ba4e8e9e320299fd98dcf765e8,0c9085a7366142fd489e5640b36c75720ff4acbc,discovery,0train,PASS,2426,S09_0train_T123,9,2,feet,True,0.0,2.167819889578595e-13,8.373638900074958e-10,3862.7004671050963,True
1.0,ff7143dca8408a73233321fc7219358e48f2336bad0cb63f4e76f8988e77ecce,ca0178be9c5fd168509f48974d2b3e1bbc91b2ba4e8e9e320299fd98dcf765e8,0c9085a7366142fd489e5640b36c75720ff4acbc,discovery,0train,PASS,2427,S09_0train_T124,9,2,feet,True,0.0,2.936053134309622e-13,1.1882148082350407e-09,4046.979921275966,True
1.0,ff7143dca8408a73233321fc7219358e48f2336bad0cb63f4e76f8988e77ecce,ca0178be9c5fd168509f48974d2b3e1bbc91b2ba4e8e9e320299fd98dcf765e8,0c9085a7366142fd489e5640b36c75720ff4acbc,discovery,0train,PASS,2428,S09_0train_T125,9,2,feet,True,0.0,2.554767805288026e-13,1.1874502979838876e-09,4647.977383799909,True
1.0,ff7143dca8408a73233321fc7219358e48f2336bad0cb63f4e76f8988e77ecce,ca0178be9c5fd168509f48974d2b3e1bbc91b2ba4e8e9e320299fd98dcf765e8,0c9085a7366142fd489e5640b36c75720ff4acbc,discovery,0train,PASS,2429,S09_0train_T126,9,2,feet,True,0.0,3.5975768026894435e-13,2.10380434697011e-09,5847.8372036348665,True
1.0,ff7143dca8408a73233321fc7219358e48f2336bad0cb63f4e76f8988e77ecce,ca0178be9c5fd168509f48974d2b3e1bbc91b2ba4e8e9e320299fd98dcf765e8,0c9085a7366142fd489e5640b36c75720ff4acbc,discovery,0train,PASS,2430,S09_0train_T127,9,2,left_hand,True,0.0,2.7610751608214805e-13,1.0875070658065778e-09,3938.7086640662856,True
1.0,ff7143dca8408a73233321fc7219358e48f2336bad0cb63f4e76f8988e77ecce,ca0178be9c5fd168509f48974d2b3e1bbc91b2ba4e8e9e320299fd98dcf765e8,0c9085a7366142fd489e5640b36c75720ff4acbc,discovery,0train,PASS,2431,S09_0train_T128,9,2,feet,True,0.0,2.856577084983541e-13,1.0705954271877411e-09,3747.8261406480115,True
1.0,ff7143dca8408a73233321fc7219358e48f2336bad0cb63f4e76f8988e77ecce,ca0178be9c5fd168509f48974d2b3e1bbc91b2ba4e8e9e320299fd98dcf765e8,0c9085a7366142fd489e5640b36c75720ff4acbc,discovery,0train,PASS,2432,S09_0train_T129,9,2,tongue,True,0.0,2.5779775000997306e-13,1.1031934102703829e-09,4279.298055268928,True
1.0,ff7143dca8408a73233321fc7219358e48f2336bad0cb63f4e76f8988e77ecce,ca0178be9c5fd168509f48974d2b3e1bbc91b2ba4e8e9e320299fd98dcf765e8,0c9085a7366142fd489e5640b36c75720ff4acbc,discovery,0train,PASS,2433,S09_0train_T130,9,2,feet,True,0.0,2.780687108665441e-13,8.161835297589447e-10,2935.186512770445,True
1.0,ff7143dca8408a73233321fc7219358e48f2336bad0cb63f4e76f8988e77ecce,ca0178be9c5fd168509f48974d2b3e1bbc91b2ba4e8e9e320299fd98dcf765e8,0c9085a7366142fd489e5640b36c75720ff4acbc,discovery,0train,PASS,2434,S09_0train_T131,9,2,left_hand,True,0.0,2.300185316310754e-13,1.1586107408481856e-09,5037.032158376138,True
1.0,ff7143dca8408a73233321fc7219358e48f2336bad0cb63f4e76f8988e77ecce,ca0178be9c5fd168509f48974d2b3e1bbc91b2ba4e8e9e320299fd98dcf765e8,0c9085a7366142fd489e5640b36c75720ff4acbc,discovery,0train,PASS,2435,S09_0train_T132,9,2,feet,True,0.0,2.290757467189593e-13,1.0173148247781894e-09,4440.95387376944,True
1.0,ff7143dca8408a73233321fc7219358e48f2336bad0cb63f4e76f8988e77ecce,ca0178be9c5fd168509f48974d2b3e1bbc91b2ba4e8e9e320299fd98dcf765e8,0c9085a7366142fd489e5640b36c75720ff4acbc,discovery,0train,PASS,2436,S09_0train_T133,9,2,left_hand,True,0.0,4.1686124892099476e-13,1.8994459435279644e-09,4556.542370979547,True
1.0,ff7143dca8408a73233321fc7219358e48f2336bad0cb63f4e76f8988e77ecce,ca0178be9c5fd168509f48974d2b3e1bbc91b2ba4e8e9e320299fd98dcf765e8,0c9085a7366142fd489e5640b36c75720ff4acbc,discovery,0train,PASS,2437,S09_0train_T134,9,2,tongue,True,0.0,4.932760326180817e-13,2.0873783198192696e-09,4231.663778068494,True
1.0,ff7143dca8408a73233321fc7219358e48f2336bad0cb63f4e76f8988e77ecce,ca0178be9c5fd168509f48974d2b3e1bbc91b2ba4e8e9e320299fd98dcf765e8,0c9085a7366142fd489e5640b36c75720ff4acbc,discovery,0train,PASS,2438,S09_0train_T135,9,2,left_hand,True,0.0,2.2014824605754143e-13,8.771189991868205e-10,3984.2197923192302,True
1.0,ff7143dca8408a73233321fc7219358e48f2336bad0cb63f4e76f8988e77ecce,ca0178be9c5fd168509f48974d2b3e1bbc91b2ba4e8e9e320299fd98dcf765e8,0c9085a7366142fd489e5640b36c75720ff4acbc,discovery,0train,PASS,2439,S09_0train_T136,9,2,right_hand,True,0.0,2.1143757649010695e-13,8.11330740558595e-10,3837.2116916339924,True
1.0,ff7143dca8408a73233321fc7219358e48f2336bad0cb63f4e76f8988e77ecce,ca0178be9c5fd168509f48974d2b3e1bbc91b2ba4e8e9e320299fd98dcf765e8,0c9085a7366142fd489e5640b36c75720ff4acbc,discovery,0train,PASS,2440,S09_0train_T137,9,2,feet,True,0.0,2.3173596840706394e-13,9.651373538193342e-10,4164.814639926713,True
1.0,ff7143dca8408a73233321fc7219358e48f2336bad0cb63f4e76f8988e77ecce,ca0178be9c5fd168509f48974d2b3e1bbc91b2ba4e8e9e320299fd98dcf765e8,0c9085a7366142fd489e5640b36c75720ff4acbc,discovery,0train,PASS,2441,S09_0train_T138,9,2,right_hand,True,0.0,2.643637977673387e-13,9.196726052200939e-10,3478.814470767587,True
1.0,ff7143dca8408a73233321fc7219358e48f2336bad0cb63f4e76f8988e77ecce,ca0178be9c5fd168509f48974d2b3e1bbc91b2ba4e8e9e320299fd98dcf765e8,0c9085a7366142fd489e5640b36c75720ff4acbc,discovery,0train,PASS,2442,S09_0train_T139,9,2,left_hand,True,0.0,2.9846037582218884e-13,1.5230108423418225e-09,5102.891256992766,True
1.0,ff7143dca8408a73233321fc7219358e48f2336bad0cb63f4e76f8988e77ecce,ca0178be9c5fd168509f48974d2b3e1bbc91b2ba4e8e9e320299fd98dcf765e8,0c9085a7366142fd489e5640b36c75720ff4acbc,discovery,0train,PASS,2443,S09_0train_T140,9,2,right_hand,True,0.0,3.0633132999184903e-13,1.5608641521357539e-09,5095.346114866167,True
1.0,ff7143dca8408a73233321fc7219358e48f2336bad0cb63f4e76f8988e77ecce,ca0178be9c5fd168509f48974d2b3e1bbc91b2ba4e8e9e320299fd98dcf765e8,0c9085a7366142fd489e5640b36c75720ff4acbc,discovery,0train,PASS,2444,S09_0train_T141,9,2,right_hand,True,0.0,2.2719667480344492e-13,1.1809874696163344e-09,5198.084305758631,True
1.0,ff7143dca8408a73233321fc7219358e48f2336bad0cb63f4e76f8988e77ecce,ca0178be9c5fd168509f48974d2b3e1bbc91b2ba4e8e9e320299fd98dcf765e8,0c9085a7366142fd489e5640b36c75720ff4acbc,discovery,0train,PASS,2445,S09_0train_T142,9,2,tongue,True,0.0,2.8981100658804175e-13,1.4822763178567292e-09,5114.63085997884,True
1.0,ff7143dca8408a73233321fc7219358e48f2336bad0cb63f4e76f8988e77ecce,ca0178be9c5fd168509f48974d2b3e1bbc91b2ba4e8e9e320299fd98dcf765e8,0c9085a7366142fd489e5640b36c75720ff4acbc,discovery,0train,PASS,2446,S09_0train_T143,9,2,feet,True,0.0,3.143042764023893e-13,9.034396351526345e-10,2874.4108909164265,True
1.0,ff7143dca8408a73233321fc7219358e48f2336bad0cb63f4e76f8988e77ecce,ca0178be9c5fd168509f48974d2b3e1bbc91b2ba4e8e9e320299fd98dcf765e8,0c9085a7366142fd489e5640b36c75720ff4acbc,discovery,0train,PASS,2447,S09_0train_T144,9,2,tongue,True,0.0,3.021921743861859e-13,1.2968811009611294e-09,4291.5773831515,True
1.0,ff7143dca8408a73233321fc7219358e48f2336bad0cb63f4e76f8988e77ecce,ca0178be9c5fd168509f48974d2b3e1bbc91b2ba4e8e9e320299fd98dcf765e8,0c9085a7366142fd489e5640b36c75720ff4acbc,discovery,0train,PASS,2448,S09_0train_T145,9,3,left_hand,True,0.0,1.5297256049411346e-13,9.253777824128931e-10,6049.305701779781,True
1.0,ff7143dca8408a73233321fc7219358e48f2336bad0cb63f4e76f8988e77ecce,ca0178be9c5fd168509f48974d2b3e1bbc91b2ba4e8e9e320299fd98dcf765e8,0c9085a7366142fd489e5640b36c75720ff4acbc,discovery,0train,PASS,2449,S09_0train_T146,9,3,left_hand,True,0.0,1.279177149875087e-13,5.876493956683661e-10,4593.964141133624,True
1.0,ff7143dca8408a73233321fc7219358e48f2336bad0cb63f4e76f8988e77ecce,ca0178be9c5fd168509f48974d2b3e1bbc91b2ba4e8e9e320299fd98dcf765e8,0c9085a7366142fd489e5640b36c75720ff4acbc,discovery,0train,PASS,2450,S09_0train_T147,9,3,right_hand,True,0.0,2.2086377598820354e-13,7.258667869680378e-10,3286.490886612419,True
1.0,ff7143dca8408a73233321fc7219358e48f2336bad0cb63f4e76f8988e77ecce,ca0178be9c5fd168509f48974d2b3e1bbc91b2ba4e8e9e320299fd98dcf765e8,0c9085a7366142fd489e5640b36c75720ff4acbc,discovery,0train,PASS,2451,S09_0train_T148,9,3,tongue,True,0.0,3.946212317626096e-13,1.0011532083004828e-09,2536.997829105003,True
1.0,ff7143dca8408a73233321fc7219358e48f2336bad0cb63f4e76f8988e77ecce,ca0178be9c5fd168509f48974d2b3e1bbc91b2ba4e8e9e320299fd98dcf765e8,0c9085a7366142fd489e5640b36c75720ff4acbc,discovery,0train,PASS,2452,S09_0train_T149,9,3,left_hand,True,0.0,2.825387518842803e-13,1.579791834988226e-09,5591.416485180988,True
1.0,ff7143dca8408a73233321fc7219358e48f2336bad0cb63f4e76f8988e77ecce,ca0178be9c5fd168509f48974d2b3e1bbc91b2ba4e8e9e320299fd98dcf765e8,0c9085a7366142fd489e5640b36c75720ff4acbc,discovery,0train,PASS,2453,S09_0train_T150,9,3,tongue,True,0.0,4.669430845683814e-13,1.8283883022268492e-09,3915.6555962637694,True
1.0,ff7143dca8408a73233321fc7219358e48f2336bad0cb63f4e76f8988e77ecce,ca0178be9c5fd168509f48974d2b3e1bbc91b2ba4e8e9e320299fd98dcf765e8,0c9085a7366142fd489e5640b36c75720ff4acbc,discovery,0train,PASS,2454,S09_0train_T151,9,3,tongue,True,0.0,3.9863701033455955e-13,1.332160083860633e-09,3341.7872634119103,True
1.0,ff7143dca8408a73233321fc7219358e48f2336bad0cb63f4e76f8988e77ecce,ca0178be9c5fd168509f48974d2b3e1bbc91b2ba4e8e9e320299fd98dcf765e8,0c9085a7366142fd489e5640b36c75720ff4acbc,discovery,0train,PASS,2455,S09_0train_T152,9,3,tongue,True,0.0,3.4842442022232224e-13,1.7640115938624357e-09,5062.824220922453,True
1.0,ff7143dca8408a73233321fc7219358e48f2336bad0cb63f4e76f8988e77ecce,ca0178be9c5fd168509f48974d2b3e1bbc91b2ba4e8e9e320299fd98dcf765e8,0c9085a7366142fd489e5640b36c75720ff4acbc,discovery,0train,PASS,2456,S09_0train_T153,9,3,left_hand,True,0.0,1.9593029684457786e-13,5.84551858396948e-10,2983.4684467438183,True
1.0,ff7143dca8408a73233321fc7219358e48f2336bad0cb63f4e76f8988e77ecce,ca0178be9c5fd168509f48974d2b3e1bbc91b2ba4e8e9e320299fd98dcf765e8,0c9085a7366142fd489e5640b36c75720ff4acbc,discovery,0train,PASS,2457,S09_0train_T154,9,3,feet,True,0.0,2.5800079925332613e-13,8.921578346912558e-10,3457.965391088819,True
1.0,ff7143dca8408a73233321fc7219358e48f2336bad0cb63f4e76f8988e77ecce,ca0178be9c5fd168509f48974d2b3e1bbc91b2ba4e8e9e320299fd98dcf765e8,0c9085a7366142fd489e5640b36c75720ff4acbc,discovery,0train,PASS,2458,S09_0train_T155,9,3,tongue,True,0.0,4.233931830345204e-13,1.9515880827023656e-09,4609.398924930842,True
1.0,ff7143dca8408a73233321fc7219358e48f2336bad0cb63f4e76f8988e77ecce,ca0178be9c5fd168509f48974d2b3e1bbc91b2ba4e8e9e320299fd98dcf765e8,0c9085a7366142fd489e5640b36c75720ff4acbc,discovery,0train,PASS,2459,S09_0train_T156,9,3,tongue,True,0.0,5.074785889287812e-13,2.2966712900052198e-09,4525.651604047341,True
1.0,ff7143dca8408a73233321fc7219358e48f2336bad0cb63f4e76f8988e77ecce,ca0178be9c5fd168509f48974d2b3e1bbc91b2ba4e8e9e320299fd98dcf765e8,0c9085a7366142fd489e5640b36c75720ff4acbc,discovery,0train,PASS,2460,S09_0train_T157,9,3,right_hand,True,0.0,2.144361390536815e-13,5.007656188630575e-10,2335.2669054431017,True
1.0,ff7143dca8408a73233321fc7219358e48f2336bad0cb63f4e76f8988e77ecce,ca0178be9c5fd168509f48974d2b3e1bbc91b2ba4e8e9e320299fd98dcf765e8,0c9085a7366142fd489e5640b36c75720ff4acbc,discovery,0train,PASS,2461,S09_0train_T158,9,3,right_hand,True,0.0,2.358007504073128e-13,8.134131814296695e-10,3449.57842595756,True
1.0,ff7143dca8408a73233321fc7219358e48f2336bad0cb63f4e76f8988e77ecce,ca0178be9c5fd168509f48974d2b3e1bbc91b2ba4e8e9e320299fd98dcf765e8,0c9085a7366142fd489e5640b36c75720ff4acbc,discovery,0train,PASS,2462,S09_0train_T159,9,3,tongue,True,0.0,3.648088871441726e-13,7.291580764809809e-10,1998.7398941649615,True
1.0,ff7143dca8408a73233321fc7219358e48f2336bad0cb63f4e76f8988e77ecce,ca0178be9c5fd168509f48974d2b3e1bbc91b2ba4e8e9e320299fd98dcf765e8,0c9085a7366142fd489e5640b36c75720ff4acbc,discovery,0train,PASS,2463,S09_0train_T160,9,3,left_hand,True,0.0,1.704218124838224e-13,6.166872166647851e-10,3618.593228629846,True
1.0,ff7143dca8408a73233321fc7219358e48f2336bad0cb63f4e76f8988e77ecce,ca0178be9c5fd168509f48974d2b3e1bbc91b2ba4e8e9e320299fd98dcf765e8,0c9085a7366142fd489e5640b36c75720ff4acbc,discovery,0train,PASS,2464,S09_0train_T161,9,3,tongue,True,0.0,3.4200626517170966e-13,1.168587166596433e-09,3416.8589455802085,True
1.0,ff7143dca8408a73233321fc7219358e48f2336bad0cb63f4e76f8988e77ecce,ca0178be9c5fd168509f48974d2b3e1bbc91b2ba4e8e9e320299fd98dcf765e8,0c9085a7366142fd489e5640b36c75720ff4acbc,discovery,0train,PASS,2465,S09_0train_T162,9,3,feet,True,0.0,2.2087911504996928e-13,8.710790253990346e-10,3943.6912140922477,True
1.0,ff7143dca8408a73233321fc7219358e48f2336bad0cb63f4e76f8988e77ecce,ca0178be9c5fd168509f48974d2b3e1bbc91b2ba4e8e9e320299fd98dcf765e8,0c9085a7366142fd489e5640b36c75720ff4acbc,discovery,0train,PASS,2466,S09_0train_T163,9,3,right_hand,True,0.0,3.128435431335855e-13,1.2357710475399434e-09,3950.124829689274,True
1.0,ff7143dca8408a73233321fc7219358e48f2336bad0cb63f4e76f8988e77ecce,ca0178be9c5fd168509f48974d2b3e1bbc91b2ba4e8e9e320299fd98dcf765e8,0c9085a7366142fd489e5640b36c75720ff4acbc,discovery,0train,PASS,2467,S09_0train_T164,9,3,feet,True,0.0,2.5649575753456574e-13,7.782470957431993e-10,3034.151922135872,True
1.0,ff7143dca8408a73233321fc7219358e48f2336bad0cb63f4e76f8988e77ecce,ca0178be9c5fd168509f48974d2b3e1bbc91b2ba4e8e9e320299fd98dcf765e8,0c9085a7366142fd489e5640b36c75720ff4acbc,discovery,0train,PASS,2468,S09_0train_T165,9,3,right_hand,True,0.0,3.424612654064904e-13,1.0862521923368449e-09,3171.897969387863,True
1.0,ff7143dca8408a73233321fc7219358e48f2336bad0cb63f4e76f8988e77ecce,ca0178be9c5fd168509f48974d2b3e1bbc91b2ba4e8e9e320299fd98dcf765e8,0c9085a7366142fd489e5640b36c75720ff4acbc,discovery,0train,PASS,2469,S09_0train_T166,9,3,tongue,True,0.0,5.373251352405288e-13,1.6101864003614327e-09,2996.670534760387,True
1.0,ff7143dca8408a73233321fc7219358e48f2336bad0cb63f4e76f8988e77ecce,ca0178be9c5fd168509f48974d2b3e1bbc91b2ba4e8e9e320299fd98dcf765e8,0c9085a7366142fd489e5640b36c75720ff4acbc,discovery,0train,PASS,2470,S09_0train_T167,9,3,left_hand,True,0.0,3.0108272144352305e-13,1.6962352586131774e-09,5633.784796685373,True
1.0,ff7143dca8408a73233321fc7219358e48f2336bad0cb63f4e76f8988e77ecce,ca0178be9c5fd168509f48974d2b3e1bbc91b2ba4e8e9e320299fd98dcf765e8,0c9085a7366142fd489e5640b36c75720ff4acbc,discovery,0train,PASS,2471,S09_0train_T168,9,3,left_hand,True,0.0,2.3883020705914063e-13,7.638477930890478e-10,3198.288032718989,True
1.0,ff7143dca8408a73233321fc7219358e48f2336bad0cb63f4e76f8988e77ecce,ca0178be9c5fd168509f48974d2b3e1bbc91b2ba4e8e9e320299fd98dcf765e8,0c9085a7366142fd489e5640b36c75720ff4acbc,discovery,0train,PASS,2472,S09_0train_T169,9,3,right_hand,True,0.0,3.0499814092654883e-13,9.359913516707086e-10,3068.842809425906,True
1.0,ff7143dca8408a73233321fc7219358e48f2336bad0cb63f4e76f8988e77ecce,ca0178be9c5fd168509f48974d2b3e1bbc91b2ba4e8e9e320299fd98dcf765e8,0c9085a7366142fd489e5640b36c75720ff4acbc,discovery,0train,PASS,2473,S09_0train_T170,9,3,feet,True,0.0,2.922754348064605e-13,1.2768265906783058e-09,4368.573060284034,True
1.0,ff7143dca8408a73233321fc7219358e48f2336bad0cb63f4e76f8988e77ecce,ca0178be9c5fd168509f48974d2b3e1bbc91b2ba4e8e9e320299fd98dcf765e8,0c9085a7366142fd489e5640b36c75720ff4acbc,discovery,0train,PASS,2474,S09_0train_T171,9,3,left_hand,True,0.0,2.6177828271897557e-13,1.211930888340732e-09,4629.608215597338,True
1.0,ff7143dca8408a73233321fc7219358e48f2336bad0cb63f4e76f8988e77ecce,ca0178be9c5fd168509f48974d2b3e1bbc91b2ba4e8e9e320299fd98dcf765e8,0c9085a7366142fd489e5640b36c75720ff4acbc,discovery,0train,PASS,2475,S09_0train_T172,9,3,tongue,True,0.0,2.6582822588960006e-13,1.1263276673162989e-09,4237.0506877026255,True
1.0,ff7143dca8408a73233321fc7219358e48f2336bad0cb63f4e76f8988e77ecce,ca0178be9c5fd168509f48974d2b3e1bbc91b2ba4e8e9e320299fd98dcf765e8,0c9085a7366142fd489e5640b36c75720ff4acbc,discovery,0train,PASS,2476,S09_0train_T173,9,3,left_hand,True,0.0,2.462831594527547e-13,1.001309312682197e-09,4065.6832359432246,True
1.0,ff7143dca8408a73233321fc7219358e48f2336bad0cb63f4e76f8988e77ecce,ca0178be9c5fd168509f48974d2b3e1bbc91b2ba4e8e9e320299fd98dcf765e8,0c9085a7366142fd489e5640b36c75720ff4acbc,discovery,0train,PASS,2477,S09_0train_T174,9,3,feet,True,0.0,2.4586160101306026e-13,1.0048977553943945e-09,4087.249701676733,True
1.0,ff7143dca8408a73233321fc7219358e48f2336bad0cb63f4e76f8988e77ecce,ca0178be9c5fd168509f48974d2b3e1bbc91b2ba4e8e9e320299fd98dcf765e8,0c9085a7366142fd489e5640b36c75720ff4acbc,discovery,0train,PASS,2478,S09_0train_T175,9,3,feet,True,0.0,3.1160820375778206e-13,9.433519724663982e-10,3027.365650487432,True
1.0,ff7143dca8408a73233321fc7219358e48f2336bad0cb63f4e76f8988e77ecce,ca0178be9c5fd168509f48974d2b3e1bbc91b2ba4e8e9e320299fd98dcf765e8,0c9085a7366142fd489e5640b36c75720ff4acbc,discovery,0train,PASS,2479,S09_0train_T176,9,3,feet,True,0.0,2.234422959469313e-13,8.138935732703112e-10,3642.5224231656443,True
1.0,ff7143dca8408a73233321fc7219358e48f2336bad0cb63f4e76f8988e77ecce,ca0178be9c5fd168509f48974d2b3e1bbc91b2ba4e8e9e320299fd98dcf765e8,0c9085a7366142fd489e5640b36c75720ff4acbc,discovery,0train,PASS,2480,S09_0train_T177,9,3,right_hand,True,0.0,4.565409918445057e-13,1.3325449388207148e-09,2918.784868445218,True
1.0,ff7143dca8408a73233321fc7219358e48f2336bad0cb63f4e76f8988e77ecce,ca0178be9c5fd168509f48974d2b3e1bbc91b2ba4e8e9e320299fd98dcf765e8,0c9085a7366142fd489e5640b36c75720ff4acbc,discovery,0train,PASS,2481,S09_0train_T178,9,3,right_hand,True,0.0,4.3506573833489236e-13,9.764402354961739e-10,2244.351024360732,True
1.0,ff7143dca8408a73233321fc7219358e48f2336bad0cb63f4e76f8988e77ecce,ca0178be9c5fd168509f48974d2b3e1bbc91b2ba4e8e9e320299fd98dcf765e8,0c9085a7366142fd489e5640b36c75720ff4acbc,discovery,0train,PASS,2482,S09_0train_T179,9,3,right_hand,True,0.0,2.5427101121336646e-13,7.882154595658584e-10,3099.9029571028964,True
1.0,ff7143dca8408a73233321fc7219358e48f2336bad0cb63f4e76f8988e77ecce,ca0178be9c5fd168509f48974d2b3e1bbc91b2ba4e8e9e320299fd98dcf765e8,0c9085a7366142fd489e5640b36c75720ff4acbc,discovery,0train,PASS,2483,S09_0train_T180,9,3,feet,True,0.0,4.165530737667525e-13,1.8550100665019854e-09,4453.2382145874935,True
1.0,ff7143dca8408a73233321fc7219358e48f2336bad0cb63f4e76f8988e77ecce,ca0178be9c5fd168509f48974d2b3e1bbc91b2ba4e8e9e320299fd98dcf765e8,0c9085a7366142fd489e5640b36c75720ff4acbc,discovery,0train,PASS,2484,S09_0train_T181,9,3,left_hand,True,0.0,4.1662801745656e-13,1.8939268873666117e-09,4545.84619375504,True
1.0,ff7143dca8408a73233321fc7219358e48f2336bad0cb63f4e76f8988e77ecce,ca0178be9c5fd168509f48974d2b3e1bbc91b2ba4e8e9e320299fd98dcf765e8,0c9085a7366142fd489e5640b36c75720ff4acbc,discovery,0train,PASS,2485,S09_0train_T182,9,3,right_hand,True,0.0,3.8499478588933884e-13,1.46419124267352e-09,3803.145643365623,True
1.0,ff7143dca8408a73233321fc7219358e48f2336bad0cb63f4e76f8988e77ecce,ca0178be9c5fd168509f48974d2b3e1bbc91b2ba4e8e9e320299fd98dcf765e8,0c9085a7366142fd489e5640b36c75720ff4acbc,discovery,0train,PASS,2486,S09_0train_T183,9,3,left_hand,True,0.0,3.0657470795255264e-13,1.2611902207127997e-09,4113.810395957351,True
1.0,ff7143dca8408a73233321fc7219358e48f2336bad0cb63f4e76f8988e77ecce,ca0178be9c5fd168509f48974d2b3e1bbc91b2ba4e8e9e320299fd98dcf765e8,0c9085a7366142fd489e5640b36c75720ff4acbc,discovery,0train,PASS,2487,S09_0train_T184,9,3,tongue,True,0.0,3.883555462427162e-13,1.504116688758453e-09,3873.040319136844,True
1.0,ff7143dca8408a73233321fc7219358e48f2336bad0cb63f4e76f8988e77ecce,ca0178be9c5fd168509f48974d2b3e1bbc91b2ba4e8e9e320299fd98dcf765e8,0c9085a7366142fd489e5640b36c75720ff4acbc,discovery,0train,PASS,2488,S09_0train_T185,9,3,tongue,True,0.0,3.099004707422226e-13,1.4498322236654603e-09,4678.380191527495,True
1.0,ff7143dca8408a73233321fc7219358e48f2336bad0cb63f4e76f8988e77ecce,ca0178be9c5fd168509f48974d2b3e1bbc91b2ba4e8e9e320299fd98dcf765e8,0c9085a7366142fd489e5640b36c75720ff4acbc,discovery,0train,PASS,2489,S09_0train_T186,9,3,feet,True,0.0,2.175412781260786e-13,7.973506530592077e-10,3665.2843999431398,True
1.0,ff7143dca8408a73233321fc7219358e48f2336bad0cb63f4e76f8988e77ecce,ca0178be9c5fd168509f48974d2b3e1bbc91b2ba4e8e9e320299fd98dcf765e8,0c9085a7366142fd489e5640b36c75720ff4acbc,discovery,0train,PASS,2490,S09_0train_T187,9,3,feet,True,0.0,4.08191576266013e-13,1.4145772173631359e-09,3465.4738108590336,True
1.0,ff7143dca8408a73233321fc7219358e48f2336bad0cb63f4e76f8988e77ecce,ca0178be9c5fd168509f48974d2b3e1bbc91b2ba4e8e9e320299fd98dcf765e8,0c9085a7366142fd489e5640b36c75720ff4acbc,discovery,0train,PASS,2491,S09_0train_T188,9,3,right_hand,True,0.0,3.510328332887963e-13,1.173678885722208e-09,3343.5017309523782,True
1.0,ff7143dca8408a73233321fc7219358e48f2336bad0cb63f4e76f8988e77ecce,ca0178be9c5fd168509f48974d2b3e1bbc91b2ba4e8e9e320299fd98dcf765e8,0c9085a7366142fd489e5640b36c75720ff4acbc,discovery,0train,PASS,2492,S09_0train_T189,9,3,right_hand,True,0.0,2.1906879822211816e-13,7.470721265632407e-10,3410.2169392729747,True
1.0,ff7143dca8408a73233321fc7219358e48f2336bad0cb63f4e76f8988e77ecce,ca0178be9c5fd168509f48974d2b3e1bbc91b2ba4e8e9e320299fd98dcf765e8,0c9085a7366142fd489e5640b36c75720ff4acbc,discovery,0train,PASS,2493,S09_0train_T190,9,3,left_hand,True,0.0,3.553427842522904e-13,1.629806808840422e-09,4586.576345625954,True
1.0,ff7143dca8408a73233321fc7219358e48f2336bad0cb63f4e76f8988e77ecce,ca0178be9c5fd168509f48974d2b3e1bbc91b2ba4e8e9e320299fd98dcf765e8,0c9085a7366142fd489e5640b36c75720ff4acbc,discovery,0train,PASS,2494,S09_0train_T191,9,3,feet,True,0.0,3.845528102702694e-13,1.1009946639049853e-09,2863.051925511063,True
1.0,ff7143dca8408a73233321fc7219358e48f2336bad0cb63f4e76f8988e77ecce,ca0178be9c5fd168509f48974d2b3e1bbc91b2ba4e8e9e320299fd98dcf765e8,0c9085a7366142fd489e5640b36c75720ff4acbc,discovery,0train,PASS,2495,S09_0train_T192,9,3,feet,True,0.0,2.731854751924662e-13,1.1295742403947026e-09,4134.82539508694,True
1.0,ff7143dca8408a73233321fc7219358e48f2336bad0cb63f4e76f8988e77ecce,ca0178be9c5fd168509f48974d2b3e1bbc91b2ba4e8e9e320299fd98dcf765e8,0c9085a7366142fd489e5640b36c75720ff4acbc,discovery,0train,PASS,2496,S09_0train_T193,9,4,tongue,True,0.0,4.2155993675761796e-13,2.276456778481206e-09,5400.078565317008,True
1.0,ff7143dca8408a73233321fc7219358e48f2336bad0cb63f4e76f8988e77ecce,ca0178be9c5fd168509f48974d2b3e1bbc91b2ba4e8e9e320299fd98dcf765e8,0c9085a7366142fd489e5640b36c75720ff4acbc,discovery,0train,PASS,2497,S09_0train_T194,9,4,left_hand,True,0.0,2.405604517398208e-13,1.2226163911942866e-09,5082.366541764782,True
1.0,ff7143dca8408a73233321fc7219358e48f2336bad0cb63f4e76f8988e77ecce,ca0178be9c5fd168509f48974d2b3e1bbc91b2ba4e8e9e320299fd98dcf765e8,0c9085a7366142fd489e5640b36c75720ff4acbc,discovery,0train,PASS,2498,S09_0train_T195,9,4,feet,True,0.0,2.1817049313679164e-13,7.235297274815987e-10,3316.350057603572,True
1.0,ff7143dca8408a73233321fc7219358e48f2336bad0cb63f4e76f8988e77ecce,ca0178be9c5fd168509f48974d2b3e1bbc91b2ba4e8e9e320299fd98dcf765e8,0c9085a7366142fd489e5640b36c75720ff4acbc,discovery,0train,PASS,2499,S09_0train_T196,9,4,tongue,True,0.0,2.8348066593883346e-13,7.889387643443026e-10,2783.042581516059,True
1.0,ff7143dca8408a73233321fc7219358e48f2336bad0cb63f4e76f8988e77ecce,ca0178be9c5fd168509f48974d2b3e1bbc91b2ba4e8e9e320299fd98dcf765e8,0c9085a7366142fd489e5640b36c75720ff4acbc,discovery,0train,PASS,2500,S09_0train_T197,9,4,right_hand,True,0.0,3.1475140702977343e-13,1.001241360381061e-09,3181.054438579047,True
1.0,ff7143dca8408a73233321fc7219358e48f2336bad0cb63f4e76f8988e77ecce,ca0178be9c5fd168509f48974d2b3e1bbc91b2ba4e8e9e320299fd98dcf765e8,0c9085a7366142fd489e5640b36c75720ff4acbc,discovery,0train,PASS,2501,S09_0train_T198,9,4,right_hand,True,0.0,2.3765785477805597e-13,1.374744811404689e-09,5784.554491954564,True
1.0,ff7143dca8408a73233321fc7219358e48f2336bad0cb63f4e76f8988e77ecce,ca0178be9c5fd168509f48974d2b3e1bbc91b2ba4e8e9e320299fd98dcf765e8,0c9085a7366142fd489e5640b36c75720ff4acbc,discovery,0train,PASS,2502,S09_0train_T199,9,4,feet,True,0.0,3.308848532162201e-13,1.3634832664690631e-09,4120.718289809661,True
1.0,ff7143dca8408a73233321fc7219358e48f2336bad0cb63f4e76f8988e77ecce,ca0178be9c5fd168509f48974d2b3e1bbc91b2ba4e8e9e320299fd98dcf765e8,0c9085a7366142fd489e5640b36c75720ff4acbc,discovery,0train,PASS,2503,S09_0train_T200,9,4,feet,True,0.0,3.493167247668809e-13,1.0261230770415834e-09,2937.51488058974,True
1.0,ff7143dca8408a73233321fc7219358e48f2336bad0cb63f4e76f8988e77ecce,ca0178be9c5fd168509f48974d2b3e1bbc91b2ba4e8e9e320299fd98dcf765e8,0c9085a7366142fd489e5640b36c75720ff4acbc,discovery,0train,PASS,2504,S09_0train_T201,9,4,left_hand,True,0.0,3.09468044655231e-13,1.181235056513573e-09,3816.985556067836,True
1.0,ff7143dca8408a73233321fc7219358e48f2336bad0cb63f4e76f8988e77ecce,ca0178be9c5fd168509f48974d2b3e1bbc91b2ba4e8e9e320299fd98dcf765e8,0c9085a7366142fd489e5640b36c75720ff4acbc,discovery,0train,PASS,2505,S09_0train_T202,9,4,left_hand,True,0.0,2.8276943212674687e-13,1.4960081953277716e-09,5290.558403276101,True
1.0,ff7143dca8408a73233321fc7219358e48f2336bad0cb63f4e76f8988e77ecce,ca0178be9c5fd168509f48974d2b3e1bbc91b2ba4e8e9e320299fd98dcf765e8,0c9085a7366142fd489e5640b36c75720ff4acbc,discovery,0train,PASS,2506,S09_0train_T203,9,4,right_hand,True,0.0,3.324065685065179e-13,1.666458381777225e-09,5013.313633555796,True
1.0,ff7143dca8408a73233321fc7219358e48f2336bad0cb63f4e76f8988e77ecce,ca0178be9c5fd168509f48974d2b3e1bbc91b2ba4e8e9e320299fd98dcf765e8,0c9085a7366142fd489e5640b36c75720ff4acbc,discovery,0train,PASS,2507,S09_0train_T204,9,4,right_hand,True,0.0,2.9100516616611135e-13,1.5983982828063248e-09,5492.680091782042,True
1.0,ff7143dca8408a73233321fc7219358e48f2336bad0cb63f4e76f8988e77ecce,ca0178be9c5fd168509f48974d2b3e1bbc91b2ba4e8e9e320299fd98dcf765e8,0c9085a7366142fd489e5640b36c75720ff4acbc,discovery,0train,PASS,2508,S09_0train_T205,9,4,left_hand,True,0.0,3.324327511358671e-13,2.1019793107511795e-09,6323.02113305343,True
1.0,ff7143dca8408a73233321fc7219358e48f2336bad0cb63f4e76f8988e77ecce,ca0178be9c5fd168509f48974d2b3e1bbc91b2ba4e8e9e320299fd98dcf765e8,0c9085a7366142fd489e5640b36c75720ff4acbc,discovery,0train,PASS,2509,S09_0train_T206,9,4,tongue,True,0.0,4.101439963368433e-13,1.9308366624071542e-09,4707.704317635301,True
1.0,ff7143dca8408a73233321fc7219358e48f2336bad0cb63f4e76f8988e77ecce,ca0178be9c5fd168509f48974d2b3e1bbc91b2ba4e8e9e320299fd98dcf765e8,0c9085a7366142fd489e5640b36c75720ff4acbc,discovery,0train,PASS,2510,S09_0train_T207,9,4,left_hand,True,0.0,2.9511082462983225e-13,1.2976081330458186e-09,4397.019779513183,True
1.0,ff7143dca8408a73233321fc7219358e48f2336bad0cb63f4e76f8988e77ecce,ca0178be9c5fd168509f48974d2b3e1bbc91b2ba4e8e9e320299fd98dcf765e8,0c9085a7366142fd489e5640b36c75720ff4acbc,discovery,0train,PASS,2511,S09_0train_T208,9,4,right_hand,True,0.0,2.619984640547368e-13,1.5067859274365005e-09,5751.12504141132,True
1.0,ff7143dca8408a73233321fc7219358e48f2336bad0cb63f4e76f8988e77ecce,ca0178be9c5fd168509f48974d2b3e1bbc91b2ba4e8e9e320299fd98dcf765e8,0c9085a7366142fd489e5640b36c75720ff4acbc,discovery,0train,PASS,2512,S09_0train_T209,9,4,feet,True,0.0,2.626419166103439e-13,9.553335192929411e-10,3637.399283490137,True
1.0,ff7143dca8408a73233321fc7219358e48f2336bad0cb63f4e76f8988e77ecce,ca0178be9c5fd168509f48974d2b3e1bbc91b2ba4e8e9e320299fd98dcf765e8,0c9085a7366142fd489e5640b36c75720ff4acbc,discovery,0train,PASS,2513,S09_0train_T210,9,4,left_hand,True,0.0,3.218377870197212e-13,1.7998886057096845e-09,5592.533500733378,True
1.0,ff7143dca8408a73233321fc7219358e48f2336bad0cb63f4e76f8988e77ecce,ca0178be9c5fd168509f48974d2b3e1bbc91b2ba4e8e9e320299fd98dcf765e8,0c9085a7366142fd489e5640b36c75720ff4acbc,discovery,0train,PASS,2514,S09_0train_T211,9,4,tongue,True,0.0,3.192129113764212e-13,1.3130733723104993e-09,4113.471997885766,True
1.0,ff7143dca8408a73233321fc7219358e48f2336bad0cb63f4e76f8988e77ecce,ca0178be9c5fd168509f48974d2b3e1bbc91b2ba4e8e9e320299fd98dcf765e8,0c9085a7366142fd489e5640b36c75720ff4acbc,discovery,0train,PASS,2515,S09_0train_T212,9,4,right_hand,True,0.0,3.016623524562495e-13,1.3545538712809972e-09,4490.298044325733,True
1.0,ff7143dca8408a73233321fc7219358e48f2336bad0cb63f4e76f8988e77ecce,ca0178be9c5fd168509f48974d2b3e1bbc91b2ba4e8e9e320299fd98dcf765e8,0c9085a7366142fd489e5640b36c75720ff4acbc,discovery,0train,PASS,2516,S09_0train_T213,9,4,right_hand,True,0.0,2.4752654691735487e-13,1.1843532077616306e-09,4784.752272074748,True
1.0,ff7143dca8408a73233321fc7219358e48f2336bad0cb63f4e76f8988e77ecce,ca0178be9c5fd168509f48974d2b3e1bbc91b2ba4e8e9e320299fd98dcf765e8,0c9085a7366142fd489e5640b36c75720ff4acbc,discovery,0train,PASS,2517,S09_0train_T214,9,4,right_hand,True,0.0,1.841217397735559e-13,9.60831966163617e-10,5218.460173933326,True
1.0,ff7143dca8408a73233321fc7219358e48f2336bad0cb63f4e76f8988e77ecce,ca0178be9c5fd168509f48974d2b3e1bbc91b2ba4e8e9e320299fd98dcf765e8,0c9085a7366142fd489e5640b36c75720ff4acbc,discovery,0train,PASS,2518,S09_0train_T215,9,4,left_hand,True,0.0,2.636031480399984e-13,1.0000388389128154e-09,3793.728740906661,True
1.0,ff7143dca8408a73233321fc7219358e48f2336bad0cb63f4e76f8988e77ecce,ca0178be9c5fd168509f48974d2b3e1bbc91b2ba4e8e9e320299fd98dcf765e8,0c9085a7366142fd489e5640b36c75720ff4acbc,discovery,0train,PASS,2519,S09_0train_T216,9,4,right_hand,True,0.0,3.153072611734027e-13,1.0408555009857613e-09,3301.083194571103,True
1.0,ff7143dca8408a73233321fc7219358e48f2336bad0cb63f4e76f8988e77ecce,ca0178be9c5fd168509f48974d2b3e1bbc91b2ba4e8e9e320299fd98dcf765e8,0c9085a7366142fd489e5640b36c75720ff4acbc,discovery,0train,PASS,2520,S09_0train_T217,9,4,right_hand,True,0.0,2.4775488697782156e-13,8.460214983943521e-10,3414.7520104016594,True
1.0,ff7143dca8408a73233321fc7219358e48f2336bad0cb63f4e76f8988e77ecce,ca0178be9c5fd168509f48974d2b3e1bbc91b2ba4e8e9e320299fd98dcf765e8,0c9085a7366142fd489e5640b36c75720ff4acbc,discovery,0train,PASS,2521,S09_0train_T218,9,4,left_hand,True,0.0,2.427321558096631e-13,1.2050310233485825e-09,4964.4474145959475,True
1.0,ff7143dca8408a73233321fc7219358e48f2336bad0cb63f4e76f8988e77ecce,ca0178be9c5fd168509f48974d2b3e1bbc91b2ba4e8e9e320299fd98dcf765e8,0c9085a7366142fd489e5640b36c75720ff4acbc,discovery,0train,PASS,2522,S09_0train_T219,9,4,tongue,True,0.0,3.6170459010230095e-13,1.6204868153433718e-09,4480.138930183466,True
1.0,ff7143dca8408a73233321fc7219358e48f2336bad0cb63f4e76f8988e77ecce,ca0178be9c5fd168509f48974d2b3e1bbc91b2ba4e8e9e320299fd98dcf765e8,0c9085a7366142fd489e5640b36c75720ff4acbc,discovery,0train,PASS,2523,S09_0train_T220,9,4,tongue,True,0.0,3.816174879855429e-13,1.2372610765880568e-09,3242.1498373128247,True
1.0,ff7143dca8408a73233321fc7219358e48f2336bad0cb63f4e76f8988e77ecce,ca0178be9c5fd168509f48974d2b3e1bbc91b2ba4e8e9e320299fd98dcf765e8,0c9085a7366142fd489e5640b36c75720ff4acbc,discovery,0train,PASS,2524,S09_0train_T221,9,4,tongue,True,0.0,4.50136685399158e-13,1.5395377098946885e-09,3420.1560544426766,True
1.0,ff7143dca8408a73233321fc7219358e48f2336bad0cb63f4e76f8988e77ecce,ca0178be9c5fd168509f48974d2b3e1bbc91b2ba4e8e9e320299fd98dcf765e8,0c9085a7366142fd489e5640b36c75720ff4acbc,discovery,0train,PASS,2525,S09_0train_T222,9,4,left_hand,True,0.0,2.6148567582436844e-13,1.416454329296181e-09,5416.948078821602,True
1.0,ff7143dca8408a73233321fc7219358e48f2336bad0cb63f4e76f8988e77ecce,ca0178be9c5fd168509f48974d2b3e1bbc91b2ba4e8e9e320299fd98dcf765e8,0c9085a7366142fd489e5640b36c75720ff4acbc,discovery,0train,PASS,2526,S09_0train_T223,9,4,left_hand,True,0.0,2.5603845042403796e-13,1.4465270930004108e-09,5649.647897043376,True
1.0,ff7143dca8408a73233321fc7219358e48f2336bad0cb63f4e76f8988e77ecce,ca0178be9c5fd168509f48974d2b3e1bbc91b2ba4e8e9e320299fd98dcf765e8,0c9085a7366142fd489e5640b36c75720ff4acbc,discovery,0train,PASS,2527,S09_0train_T224,9,4,feet,True,0.0,2.551130183280228e-13,7.98766228963171e-10,3131.0288835833617,True
1.0,ff7143dca8408a73233321fc7219358e48f2336bad0cb63f4e76f8988e77ecce,ca0178be9c5fd168509f48974d2b3e1bbc91b2ba4e8e9e320299fd98dcf765e8,0c9085a7366142fd489e5640b36c75720ff4acbc,discovery,0train,PASS,2528,S09_0train_T225,9,4,tongue,True,0.0,3.108224390969526e-13,1.5866859111944767e-09,5104.798468876158,True
1.0,ff7143dca8408a73233321fc7219358e48f2336bad0cb63f4e76f8988e77ecce,ca0178be9c5fd168509f48974d2b3e1bbc91b2ba4e8e9e320299fd98dcf765e8,0c9085a7366142fd489e5640b36c75720ff4acbc,discovery,0train,PASS,2529,S09_0train_T226,9,4,tongue,True,0.0,4.014671818940857e-13,1.2324073738426683e-09,3069.758698651985,True
1.0,ff7143dca8408a73233321fc7219358e48f2336bad0cb63f4e76f8988e77ecce,ca0178be9c5fd168509f48974d2b3e1bbc91b2ba4e8e9e320299fd98dcf765e8,0c9085a7366142fd489e5640b36c75720ff4acbc,discovery,0train,PASS,2530,S09_0train_T227,9,4,feet,True,0.0,2.5695724185472027e-13,1.254097392554114e-09,4880.568391464762,True
1.0,ff7143dca8408a73233321fc7219358e48f2336bad0cb63f4e76f8988e77ecce,ca0178be9c5fd168509f48974d2b3e1bbc91b2ba4e8e9e320299fd98dcf765e8,0c9085a7366142fd489e5640b36c75720ff4acbc,discovery,0train,PASS,2531,S09_0train_T228,9,4,right_hand,True,0.0,2.710620493970326e-13,1.0040822448224627e-09,3704.2523918638044,True
1.0,ff7143dca8408a73233321fc7219358e48f2336bad0cb63f4e76f8988e77ecce,ca0178be9c5fd168509f48974d2b3e1bbc91b2ba4e8e9e320299fd98dcf765e8,0c9085a7366142fd489e5640b36c75720ff4acbc,discovery,0train,PASS,2532,S09_0train_T229,9,4,feet,True,0.0,2.5812767035941246e-13,8.111104431816431e-10,3142.2839792892682,True
1.0,ff7143dca8408a73233321fc7219358e48f2336bad0cb63f4e76f8988e77ecce,ca0178be9c5fd168509f48974d2b3e1bbc91b2ba4e8e9e320299fd98dcf765e8,0c9085a7366142fd489e5640b36c75720ff4acbc,discovery,0train,PASS,2533,S09_0train_T230,9,4,tongue,True,0.0,4.2231919536469573e-13,2.131731699251937e-09,5047.678918338225,True
1.0,ff7143dca8408a73233321fc7219358e48f2336bad0cb63f4e76f8988e77ecce,ca0178be9c5fd168509f48974d2b3e1bbc91b2ba4e8e9e320299fd98dcf765e8,0c9085a7366142fd489e5640b36c75720ff4acbc,discovery,0train,PASS,2534,S09_0train_T231,9,4,tongue,True,0.0,3.5407589482620004e-13,1.8502018450393055e-09,5225.43859120228,True
1.0,ff7143dca8408a73233321fc7219358e48f2336bad0cb63f4e76f8988e77ecce,ca0178be9c5fd168509f48974d2b3e1bbc91b2ba4e8e9e320299fd98dcf765e8,0c9085a7366142fd489e5640b36c75720ff4acbc,discovery,0train,PASS,2535,S09_0train_T232,9,4,left_hand,True,0.0,2.438145700048289e-13,7.255049863163409e-10,2975.6424577168286,True
1.0,ff7143dca8408a73233321fc7219358e48f2336bad0cb63f4e76f8988e77ecce,ca0178be9c5fd168509f48974d2b3e1bbc91b2ba4e8e9e320299fd98dcf765e8,0c9085a7366142fd489e5640b36c75720ff4acbc,discovery,0train,PASS,2536,S09_0train_T233,9,4,feet,True,0.0,2.280309765133e-13,9.604067155364712e-10,4211.737941140883,True
1.0,ff7143dca8408a73233321fc7219358e48f2336bad0cb63f4e76f8988e77ecce,ca0178be9c5fd168509f48974d2b3e1bbc91b2ba4e8e9e320299fd98dcf765e8,0c9085a7366142fd489e5640b36c75720ff4acbc,discovery,0train,PASS,2537,S09_0train_T234,9,4,feet,True,0.0,2.7440946649842885e-13,1.1822726913400637e-09,4308.425312094081,True
1.0,ff7143dca8408a73233321fc7219358e48f2336bad0cb63f4e76f8988e77ecce,ca0178be9c5fd168509f48974d2b3e1bbc91b2ba4e8e9e320299fd98dcf765e8,0c9085a7366142fd489e5640b36c75720ff4acbc,discovery,0train,PASS,2538,S09_0train_T235,9,4,feet,True,0.0,3.1365162882989083e-13,1.528682146536572e-09,4873.821801083819,True
1.0,ff7143dca8408a73233321fc7219358e48f2336bad0cb63f4e76f8988e77ecce,ca0178be9c5fd168509f48974d2b3e1bbc91b2ba4e8e9e320299fd98dcf765e8,0c9085a7366142fd489e5640b36c75720ff4acbc,discovery,0train,PASS,2539,S09_0train_T236,9,4,feet,True,0.0,2.24539060478399e-13,1.0536880765877712e-09,4692.671619551636,True
1.0,ff7143dca8408a73233321fc7219358e48f2336bad0cb63f4e76f8988e77ecce,ca0178be9c5fd168509f48974d2b3e1bbc91b2ba4e8e9e320299fd98dcf765e8,0c9085a7366142fd489e5640b36c75720ff4acbc,discovery,0train,PASS,2540,S09_0train_T237,9,4,left_hand,True,0.0,1.9729954706650543e-13,9.091048634068414e-10,4607.739231658762,True
1.0,ff7143dca8408a73233321fc7219358e48f2336bad0cb63f4e76f8988e77ecce,ca0178be9c5fd168509f48974d2b3e1bbc91b2ba4e8e9e320299fd98dcf765e8,0c9085a7366142fd489e5640b36c75720ff4acbc,discovery,0train,PASS,2541,S09_0train_T238,9,4,feet,True,0.0,4.3182801540234675e-13,2.759528580654461e-09,6390.341715285257,True
1.0,ff7143dca8408a73233321fc7219358e48f2336bad0cb63f4e76f8988e77ecce,ca0178be9c5fd168509f48974d2b3e1bbc91b2ba4e8e9e320299fd98dcf765e8,0c9085a7366142fd489e5640b36c75720ff4acbc,discovery,0train,PASS,2542,S09_0train_T239,9,4,right_hand,True,0.0,2.9545948753905797e-13,1.4303181726768321e-09,4840.995916530697,True
1.0,ff7143dca8408a73233321fc7219358e48f2336bad0cb63f4e76f8988e77ecce,ca0178be9c5fd168509f48974d2b3e1bbc91b2ba4e8e9e320299fd98dcf765e8,0c9085a7366142fd489e5640b36c75720ff4acbc,discovery,0train,PASS,2543,S09_0train_T240,9,4,tongue,True,0.0,2.502192470632193e-13,9.579012795471472e-10,3828.247789847789,True
1.0,ff7143dca8408a73233321fc7219358e48f2336bad0cb63f4e76f8988e77ecce,ca0178be9c5fd168509f48974d2b3e1bbc91b2ba4e8e9e320299fd98dcf765e8,0c9085a7366142fd489e5640b36c75720ff4acbc,discovery,0train,PASS,2544,S09_0train_T241,9,5,left_hand,True,0.0,1.8805611912591e-13,9.420680729126263e-10,5009.505020583135,True
1.0,ff7143dca8408a73233321fc7219358e48f2336bad0cb63f4e76f8988e77ecce,ca0178be9c5fd168509f48974d2b3e1bbc91b2ba4e8e9e320299fd98dcf765e8,0c9085a7366142fd489e5640b36c75720ff4acbc,discovery,0train,PASS,2545,S09_0train_T242,9,5,left_hand,True,0.0,2.170886248478104e-13,1.1723847474269467e-09,5400.489077900073,True
1.0,ff7143dca8408a73233321fc7219358e48f2336bad0cb63f4e76f8988e77ecce,ca0178be9c5fd168509f48974d2b3e1bbc91b2ba4e8e9e320299fd98dcf765e8,0c9085a7366142fd489e5640b36c75720ff4acbc,discovery,0train,PASS,2546,S09_0train_T243,9,5,feet,True,0.0,2.1179604024021743e-13,8.754436970008139e-10,4133.42806601999,True
1.0,ff7143dca8408a73233321fc7219358e48f2336bad0cb63f4e76f8988e77ecce,ca0178be9c5fd168509f48974d2b3e1bbc91b2ba4e8e9e320299fd98dcf765e8,0c9085a7366142fd489e5640b36c75720ff4acbc,discovery,0train,PASS,2547,S09_0train_T244,9,5,feet,True,0.0,3.037943911883922e-13,1.3639054080489913e-09,4489.567443011782,True
1.0,ff7143dca8408a73233321fc7219358e48f2336bad0cb63f4e76f8988e77ecce,ca0178be9c5fd168509f48974d2b3e1bbc91b2ba4e8e9e320299fd98dcf765e8,0c9085a7366142fd489e5640b36c75720ff4acbc,discovery,0train,PASS,2548,S09_0train_T245,9,5,left_hand,True,0.0,3.3781083816219073e-13,2.048573070582628e-09,6064.260938836607,True
1.0,ff7143dca8408a73233321fc7219358e48f2336bad0cb63f4e76f8988e77ecce,ca0178be9c5fd168509f48974d2b3e1bbc91b2ba4e8e9e320299fd98dcf765e8,0c9085a7366142fd489e5640b36c75720ff4acbc,discovery,0train,PASS,2549,S09_0train_T246,9,5,feet,True,0.0,2.638240296447715e-13,1.0682213816726004e-09,4048.991985722141,True
1.0,ff7143dca8408a73233321fc7219358e48f2336bad0cb63f4e76f8988e77ecce,ca0178be9c5fd168509f48974d2b3e1bbc91b2ba4e8e9e320299fd98dcf765e8,0c9085a7366142fd489e5640b36c75720ff4acbc,discovery,0train,PASS,2550,S09_0train_T247,9,5,feet,True,0.0,2.732720383006706e-13,9.884065280625502e-10,3616.9325416859697,True
1.0,ff7143dca8408a73233321fc7219358e48f2336bad0cb63f4e76f8988e77ecce,ca0178be9c5fd168509f48974d2b3e1bbc91b2ba4e8e9e320299fd98dcf765e8,0c9085a7366142fd489e5640b36c75720ff4acbc,discovery,0train,PASS,2551,S09_0train_T248,9,5,tongue,True,0.0,3.199143192295847e-13,1.0951414129102438e-09,3423.2334943542237,True
1.0,ff7143dca8408a73233321fc7219358e48f2336bad0cb63f4e76f8988e77ecce,ca0178be9c5fd168509f48974d2b3e1bbc91b2ba4e8e9e320299fd98dcf765e8,0c9085a7366142fd489e5640b36c75720ff4acbc,discovery,0train,PASS,2552,S09_0train_T249,9,5,right_hand,True,0.0,2.1563633291769904e-13,7.657187449124777e-10,3550.972763039548,True
1.0,ff7143dca8408a73233321fc7219358e48f2336bad0cb63f4e76f8988e77ecce,ca0178be9c5fd168509f48974d2b3e1bbc91b2ba4e8e9e320299fd98dcf765e8,0c9085a7366142fd489e5640b36c75720ff4acbc,discovery,0train,PASS,2553,S09_0train_T250,9,5,right_hand,True,0.0,1.5634116053093748e-13,5.802996779010275e-10,3711.75240052152,True
1.0,ff7143dca8408a73233321fc7219358e48f2336bad0cb63f4e76f8988e77ecce,ca0178be9c5fd168509f48974d2b3e1bbc91b2ba4e8e9e320299fd98dcf765e8,0c9085a7366142fd489e5640b36c75720ff4acbc,discovery,0train,PASS,2554,S09_0train_T251,9,5,tongue,True,0.0,4.409025841949227e-13,1.6289341170229073e-09,3694.5442721713707,True
1.0,ff7143dca8408a73233321fc7219358e48f2336bad0cb63f4e76f8988e77ecce,ca0178be9c5fd168509f48974d2b3e1bbc91b2ba4e8e9e320299fd98dcf765e8,0c9085a7366142fd489e5640b36c75720ff4acbc,discovery,0train,PASS,2555,S09_0train_T252,9,5,right_hand,True,0.0,3.117014002127824e-13,1.2877992584712115e-09,4131.515795540532,True
1.0,ff7143dca8408a73233321fc7219358e48f2336bad0cb63f4e76f8988e77ecce,ca0178be9c5fd168509f48974d2b3e1bbc91b2ba4e8e9e320299fd98dcf765e8,0c9085a7366142fd489e5640b36c75720ff4acbc,discovery,0train,PASS,2556,S09_0train_T253,9,5,feet,True,0.0,2.5233617077780765e-13,1.1147477570419687e-09,4417.7089380640155,True
1.0,ff7143dca8408a73233321fc7219358e48f2336bad0cb63f4e76f8988e77ecce,ca0178be9c5fd168509f48974d2b3e1bbc91b2ba4e8e9e320299fd98dcf765e8,0c9085a7366142fd489e5640b36c75720ff4acbc,discovery,0train,PASS,2557,S09_0train_T254,9,5,tongue,True,0.0,3.632617036336437e-13,1.8182988866794522e-09,5005.479158665294,True
1.0,ff7143dca8408a73233321fc7219358e48f2336bad0cb63f4e76f8988e77ecce,ca0178be9c5fd168509f48974d2b3e1bbc91b2ba4e8e9e320299fd98dcf765e8,0c9085a7366142fd489e5640b36c75720ff4acbc,discovery,0train,PASS,2558,S09_0train_T255,9,5,feet,True,0.0,2.543195517599062e-13,8.769936488623225e-10,3448.3925549312867,True
1.0,ff7143dca8408a73233321fc7219358e48f2336bad0cb63f4e76f8988e77ecce,ca0178be9c5fd168509f48974d2b3e1bbc91b2ba4e8e9e320299fd98dcf765e8,0c9085a7366142fd489e5640b36c75720ff4acbc,discovery,0train,PASS,2559,S09_0train_T256,9,5,right_hand,True,0.0,2.4833101502100855e-13,9.060788559394995e-10,3648.6737504892258,True
1.0,ff7143dca8408a73233321fc7219358e48f2336bad0cb63f4e76f8988e77ecce,ca0178be9c5fd168509f48974d2b3e1bbc91b2ba4e8e9e320299fd98dcf765e8,0c9085a7366142fd489e5640b36c75720ff4acbc,discovery,0train,PASS,2560,S09_0train_T257,9,5,left_hand,True,0.0,3.694771017195341e-13,1.7588316985376815e-09,4760.326662605443,True
1.0,ff7143dca8408a73233321fc7219358e48f2336bad0cb63f4e76f8988e77ecce,ca0178be9c5fd168509f48974d2b3e1bbc91b2ba4e8e9e320299fd98dcf765e8,0c9085a7366142fd489e5640b36c75720ff4acbc,discovery,0train,PASS,2561,S09_0train_T258,9,5,right_hand,True,0.0,1.770501639653169e-13,9.989759670164818e-10,5642.332910870251,True
1.0,ff7143dca8408a73233321fc7219358e48f2336bad0cb63f4e76f8988e77ecce,ca0178be9c5fd168509f48974d2b3e1bbc91b2ba4e8e9e320299fd98dcf765e8,0c9085a7366142fd489e5640b36c75720ff4acbc,discovery,0train,PASS,2562,S09_0train_T259,9,5,tongue,True,0.0,3.9644821024306104e-13,1.434422385515893e-09,3618.1835318072276,True
1.0,ff7143dca8408a73233321fc7219358e48f2336bad0cb63f4e76f8988e77ecce,ca0178be9c5fd168509f48974d2b3e1bbc91b2ba4e8e9e320299fd98dcf765e8,0c9085a7366142fd489e5640b36c75720ff4acbc,discovery,0train,PASS,2563,S09_0train_T260,9,5,left_hand,True,0.0,2.7041386970328685e-13,1.279925102126522e-09,4733.208039701984,True
1.0,ff7143dca8408a73233321fc7219358e48f2336bad0cb63f4e76f8988e77ecce,ca0178be9c5fd168509f48974d2b3e1bbc91b2ba4e8e9e320299fd98dcf765e8,0c9085a7366142fd489e5640b36c75720ff4acbc,discovery,0train,PASS,2564,S09_0train_T261,9,5,feet,True,0.0,3.5955408625150416e-13,1.2454291830681907e-09,3463.8159617438655,True
1.0,ff7143dca8408a73233321fc7219358e48f2336bad0cb63f4e76f8988e77ecce,ca0178be9c5fd168509f48974d2b3e1bbc91b2ba4e8e9e320299fd98dcf765e8,0c9085a7366142fd489e5640b36c75720ff4acbc,discovery,0train,PASS,2565,S09_0train_T262,9,5,right_hand,True,0.0,2.806534873873951e-13,1.0932525313328304e-09,3895.381958406875,True
1.0,ff7143dca8408a73233321fc7219358e48f2336bad0cb63f4e76f8988e77ecce,ca0178be9c5fd168509f48974d2b3e1bbc91b2ba4e8e9e320299fd98dcf765e8,0c9085a7366142fd489e5640b36c75720ff4acbc,discovery,0train,PASS,2566,S09_0train_T263,9,5,feet,True,0.0,4.0289938373686876e-13,1.317636238478004e-09,3270.3853410174106,True
1.0,ff7143dca8408a73233321fc7219358e48f2336bad0cb63f4e76f8988e77ecce,ca0178be9c5fd168509f48974d2b3e1bbc91b2ba4e8e9e320299fd98dcf765e8,0c9085a7366142fd489e5640b36c75720ff4acbc,discovery,0train,PASS,2567,S09_0train_T264,9,5,tongue,True,0.0,3.013501636266703e-13,1.3210738079591706e-09,4383.849645410486,True
1.0,ff7143dca8408a73233321fc7219358e48f2336bad0cb63f4e76f8988e77ecce,ca0178be9c5fd168509f48974d2b3e1bbc91b2ba4e8e9e320299fd98dcf765e8,0c9085a7366142fd489e5640b36c75720ff4acbc,discovery,0train,PASS,2568,S09_0train_T265,9,5,left_hand,True,0.0,2.5846904916695724e-13,1.0418798350640741e-09,4030.9655582439786,True
1.0,ff7143dca8408a73233321fc7219358e48f2336bad0cb63f4e76f8988e77ecce,ca0178be9c5fd168509f48974d2b3e1bbc91b2ba4e8e9e320299fd98dcf765e8,0c9085a7366142fd489e5640b36c75720ff4acbc,discovery,0train,PASS,2569,S09_0train_T266,9,5,left_hand,True,0.0,2.2786055360562654e-13,1.4805473357311133e-09,6497.602644701704,True
1.0,ff7143dca8408a73233321fc7219358e48f2336bad0cb63f4e76f8988e77ecce,ca0178be9c5fd168509f48974d2b3e1bbc91b2ba4e8e9e320299fd98dcf765e8,0c9085a7366142fd489e5640b36c75720ff4acbc,discovery,0train,PASS,2570,S09_0train_T267,9,5,right_hand,True,0.0,3.585922725082691e-13,1.6907048101232823e-09,4714.838940329632,True
1.0,ff7143dca8408a73233321fc7219358e48f2336bad0cb63f4e76f8988e77ecce,ca0178be9c5fd168509f48974d2b3e1bbc91b2ba4e8e9e320299fd98dcf765e8,0c9085a7366142fd489e5640b36c75720ff4acbc,discovery,0train,PASS,2571,S09_0train_T268,9,5,tongue,True,0.0,5.17000671389783e-13,2.085766628485109e-09,4034.3596128767576,True
1.0,ff7143dca8408a73233321fc7219358e48f2336bad0cb63f4e76f8988e77ecce,ca0178be9c5fd168509f48974d2b3e1bbc91b2ba4e8e9e320299fd98dcf765e8,0c9085a7366142fd489e5640b36c75720ff4acbc,discovery,0train,PASS,2572,S09_0train_T269,9,5,left_hand,True,0.0,2.776997949629899e-13,7.86385485973595e-10,2831.782738904793,True
1.0,ff7143dca8408a73233321fc7219358e48f2336bad0cb63f4e76f8988e77ecce,ca0178be9c5fd168509f48974d2b3e1bbc91b2ba4e8e9e320299fd98dcf765e8,0c9085a7366142fd489e5640b36c75720ff4acbc,discovery,0train,PASS,2573,S09_0train_T270,9,5,tongue,True,0.0,3.5295436360134945e-13,1.2711022079064811e-09,3601.3216976179674,True
1.0,ff7143dca8408a73233321fc7219358e48f2336bad0cb63f4e76f8988e77ecce,ca0178be9c5fd168509f48974d2b3e1bbc91b2ba4e8e9e320299fd98dcf765e8,0c9085a7366142fd489e5640b36c75720ff4acbc,discovery,0train,PASS,2574,S09_0train_T271,9,5,right_hand,True,0.0,2.569321876745334e-13,1.0973397246950261e-09,4270.931309256867,True
1.0,ff7143dca8408a73233321fc7219358e48f2336bad0cb63f4e76f8988e77ecce,ca0178be9c5fd168509f48974d2b3e1bbc91b2ba4e8e9e320299fd98dcf765e8,0c9085a7366142fd489e5640b36c75720ff4acbc,discovery,0train,PASS,2575,S09_0train_T272,9,5,right_hand,True,0.0,2.0954775364152683e-13,9.331069858739945e-10,4452.956281603762,True
1.0,ff7143dca8408a73233321fc7219358e48f2336bad0cb63f4e76f8988e77ecce,ca0178be9c5fd168509f48974d2b3e1bbc91b2ba4e8e9e320299fd98dcf765e8,0c9085a7366142fd489e5640b36c75720ff4acbc,discovery,0train,PASS,2576,S09_0train_T273,9,5,feet,True,0.0,5.37815335748526e-13,1.9437226608004683e-09,3614.107913258395,True
1.0,ff7143dca8408a73233321fc7219358e48f2336bad0cb63f4e76f8988e77ecce,ca0178be9c5fd168509f48974d2b3e1bbc91b2ba4e8e9e320299fd98dcf765e8,0c9085a7366142fd489e5640b36c75720ff4acbc,discovery,0train,PASS,2577,S09_0train_T274,9,5,feet,True,0.0,2.9295451915949304e-13,1.5258431110176247e-09,5208.464151348049,True
1.0,ff7143dca8408a73233321fc7219358e48f2336bad0cb63f4e76f8988e77ecce,ca0178be9c5fd168509f48974d2b3e1bbc91b2ba4e8e9e320299fd98dcf765e8,0c9085a7366142fd489e5640b36c75720ff4acbc,discovery,0train,PASS,2578,S09_0train_T275,9,5,tongue,True,0.0,3.3473793352515993e-13,1.2975249613108232e-09,3876.2411766316804,True
1.0,ff7143dca8408a73233321fc7219358e48f2336bad0cb63f4e76f8988e77ecce,ca0178be9c5fd168509f48974d2b3e1bbc91b2ba4e8e9e320299fd98dcf765e8,0c9085a7366142fd489e5640b36c75720ff4acbc,discovery,0train,PASS,2579,S09_0train_T276,9,5,tongue,True,0.0,3.3152036471760447e-13,1.146321101248506e-09,3457.769788064045,True
1.0,ff7143dca8408a73233321fc7219358e48f2336bad0cb63f4e76f8988e77ecce,ca0178be9c5fd168509f48974d2b3e1bbc91b2ba4e8e9e320299fd98dcf765e8,0c9085a7366142fd489e5640b36c75720ff4acbc,discovery,0train,PASS,2580,S09_0train_T277,9,5,feet,True,0.0,3.509012903416909e-13,1.6978011407630156e-09,4838.400962019199,True
1.0,ff7143dca8408a73233321fc7219358e48f2336bad0cb63f4e76f8988e77ecce,ca0178be9c5fd168509f48974d2b3e1bbc91b2ba4e8e9e320299fd98dcf765e8,0c9085a7366142fd489e5640b36c75720ff4acbc,discovery,0train,PASS,2581,S09_0train_T278,9,5,left_hand,True,0.0,2.1239294235981077e-13,7.754347970186667e-10,3650.9442752811324,True
1.0,ff7143dca8408a73233321fc7219358e48f2336bad0cb63f4e76f8988e77ecce,ca0178be9c5fd168509f48974d2b3e1bbc91b2ba4e8e9e320299fd98dcf765e8,0c9085a7366142fd489e5640b36c75720ff4acbc,discovery,0train,PASS,2582,S09_0train_T279,9,5,left_hand,True,0.0,2.1083855647687583e-13,9.315364026447148e-10,4418.245022213871,True
1.0,ff7143dca8408a73233321fc7219358e48f2336bad0cb63f4e76f8988e77ecce,ca0178be9c5fd168509f48974d2b3e1bbc91b2ba4e8e9e320299fd98dcf765e8,0c9085a7366142fd489e5640b36c75720ff4acbc,discovery,0train,PASS,2583,S09_0train_T280,9,5,right_hand,True,0.0,3.489360167774183e-13,1.291145319722966e-09,3700.2351653098926,True
1.0,ff7143dca8408a73233321fc7219358e48f2336bad0cb63f4e76f8988e77ecce,ca0178be9c5fd168509f48974d2b3e1bbc91b2ba4e8e9e320299fd98dcf765e8,0c9085a7366142fd489e5640b36c75720ff4acbc,discovery,0train,PASS,2584,S09_0train_T281,9,5,left_hand,True,0.0,2.409624481641089e-13,1.0296535929250954e-09,4273.087365977639,True
1.0,ff7143dca8408a73233321fc7219358e48f2336bad0cb63f4e76f8988e77ecce,ca0178be9c5fd168509f48974d2b3e1bbc91b2ba4e8e9e320299fd98dcf765e8,0c9085a7366142fd489e5640b36c75720ff4acbc,discovery,0train,PASS,2585,S09_0train_T282,9,5,tongue,True,0.0,3.9600427569000674e-13,1.2167982894763647e-09,3072.6897767863443,True
1.0,ff7143dca8408a73233321fc7219358e48f2336bad0cb63f4e76f8988e77ecce,ca0178be9c5fd168509f48974d2b3e1bbc91b2ba4e8e9e320299fd98dcf765e8,0c9085a7366142fd489e5640b36c75720ff4acbc,discovery,0train,PASS,2586,S09_0train_T283,9,5,right_hand,True,0.0,3.235878285240076e-13,9.342320519439454e-10,2887.105044109015,True
1.0,ff7143dca8408a73233321fc7219358e48f2336bad0cb63f4e76f8988e77ecce,ca0178be9c5fd168509f48974d2b3e1bbc91b2ba4e8e9e320299fd98dcf765e8,0c9085a7366142fd489e5640b36c75720ff4acbc,discovery,0train,PASS,2587,S09_0train_T284,9,5,tongue,True,0.0,4.448221982792862e-13,2.0790560157974577e-09,4673.9034693859885,True
1.0,ff7143dca8408a73233321fc7219358e48f2336bad0cb63f4e76f8988e77ecce,ca0178be9c5fd168509f48974d2b3e1bbc91b2ba4e8e9e320299fd98dcf765e8,0c9085a7366142fd489e5640b36c75720ff4acbc,discovery,0train,PASS,2588,S09_0train_T285,9,5,tongue,True,0.0,4.501603149265454e-13,1.9138359820926354e-09,4251.4542455945375,True
1.0,ff7143dca8408a73233321fc7219358e48f2336bad0cb63f4e76f8988e77ecce,ca0178be9c5fd168509f48974d2b3e1bbc91b2ba4e8e9e320299fd98dcf765e8,0c9085a7366142fd489e5640b36c75720ff4acbc,discovery,0train,PASS,2589,S09_0train_T286,9,5,left_hand,True,0.0,2.701507660805493e-13,1.767924565745842e-09,6544.214519157463,True
1.0,ff7143dca8408a73233321fc7219358e48f2336bad0cb63f4e76f8988e77ecce,ca0178be9c5fd168509f48974d2b3e1bbc91b2ba4e8e9e320299fd98dcf765e8,0c9085a7366142fd489e5640b36c75720ff4acbc,discovery,0train,PASS,2590,S09_0train_T287,9,5,right_hand,True,0.0,2.8786736733226934e-13,9.260835959942036e-10,3217.049589803893,True
1.0,ff7143dca8408a73233321fc7219358e48f2336bad0cb63f4e76f8988e77ecce,ca0178be9c5fd168509f48974d2b3e1bbc91b2ba4e8e9e320299fd98dcf765e8,0c9085a7366142fd489e5640b36c75720ff4acbc,discovery,0train,PASS,2591,S09_0train_T288,9,5,feet,True,0.0,2.564633242168155e-13,1.0013285229668226e-09,3904.3731731414896,True
